{
    "57": [
        [191.79054314666664, 399.8355613748965],
        [186.77159541333333, 345.1664564781419],
        [181.08291008, 311.6065739482843],
        [173.10255082666666, 268.4162543573661],
        [154.30974485333334, 210.97505421761912],
        [138.15242837333335, 184.36584737728484],
        [124.13092181333332, 168.25356391803317],
        [86.08760277333334, 140.06850694001562],
        [65.07316256, 132.05073649180238],
        [25.719922986666663, 121.49956699153608],
        [0.0, 114.98924599967292]
    ],
    "58": [
        [189.3833576533333, 357.34527874163376],
        [179.90129781333334, 296.2006954937471],
        [169.53980416, 248.5143634174008],
        [162.24297344, 230.29470160544028],
        [146.90871274666665, 195.6168465433715],
        [127.31144384, 170.50699217700392],
        [83.09860565333334, 138.3471004706014],
        [62.87869994666666, 130.953206807956],
        [27.182291626666665, 122.2502050220121],
        [0.0, 114.9868770309766]
    ],
    "59": [
        [189.15133312, 347.6583273799013],
        [172.97474688, 261.5738756903071],
        [153.60866069333335, 205.22273379369656],
        [136.89676885333333, 180.7296153138964],
        [130.03994752, 171.98720283853854],
        [87.568016, 140.27827572819714],
        [66.31215104, 132.03325891763876],
        [26.24913589333333, 121.72047396302509],
        [0.0, 115.03858321802493]
    ],
    "60": [
        [194.00380085333333, 379.856955483491],
        [189.001579264, 343.26996006965527],
        [183.18184512, 303.2626914616283],
        [175.09298944, 258.29560061296],
        [166.65992842666665, 232.33268028923143],
        [154.28639104, 206.76672124746503],
        [138.08915349333333, 181.6387972715997],
        [118.38561578666668, 160.3415820316336],
        [81.10070101333334, 136.88824343102826],
        [61.62255317333333, 130.29777823044898],
        [25.25626112, 121.36630888331956],
        [0.0, 115.1037979392983]
    ],
    "61": [
        [192.68839488, 357.40380353515087],
        [185.58914912, 311.5551541397128],
        [178.98636938666664, 273.6206083340607],
        [167.96486282666666, 231.68229730967724],
        [148.98759776, 194.16999719010187],
        [133.69201461333333, 173.85916204673129],
        [120.90632202666666, 161.3106715691013],
        [82.69264832, 137.33285655461273],
        [62.79868277333333, 130.63962406611552],
        [25.660428906666667, 121.59373000258562],
        [0.0, 115.02633248918852]
    ],
    "62": [
        [191.9171189333333, 340.38939237309546],
        [186.36343530666667, 307.15608245745244],
        [155.80298645333332, 201.2119624203121],
        [139.2889444266667, 178.16813505343907],
        [121.17557610666668, 159.99093271462752],
        [62.13822165333334, 130.20157984478314],
        [26.11421418666667, 121.54161322734517],
        [0.0, 115.07206771979104]
    ],
    "63": [
        [192.72457792, 349.51577366560576],
        [187.62909098666668, 302.03165980812634],
        [179.2942523733333, 267.6831932657193],
        [166.58280821333332, 222.0649786818321],
        [144.86840085333336, 184.2635229113297],
        [132.55139786666666, 170.05045981197745],
        [122.76447232, 160.71849384050188],
        [83.47805077333334, 136.81972378390273],
        [63.28390528, 130.19569806376606],
        [24.899489408, 121.21733772021362],
        [0.0, 115.1939594831604]
    ],
    "64": [
        [194.0591228444445, 343.7448229392023],
        [188.92261621333333, 304.7167612510472],
        [183.5050440533333, 274.82632355457173],
        [174.6914899911111, 243.42211440754895],
        [157.66215715555555, 201.22873083042944],
        [142.79856314666668, 180.65613993712265],
        [125.15265528888888, 161.8103113605226],
        [113.31003754666666, 152.55752879205454],
        [58.53390556444444, 128.7853109421026],
        [24.104023296, 120.97001401596788],
        [0.0, 115.10711300929434]
    ],
    "65": [
        [192.66013888, 325.9535737095792],
        [185.62082446222223, 282.04867891042954],
        [173.68435242666666, 233.53892068353284],
        [165.1740964266667, 211.3379941021548],
        [145.22410645333332, 180.9318254848478],
        [128.70285887999998, 163.2863410961205],
        [104.5179392, 145.6966960477475],
        [71.23525248, 131.86163972617837],
        [36.37174528, 123.38679870204848],
        [0.0, 115.17623268115304]
    ],
    "66": [
        [194.25422421333332, 320.92361610386973],
        [187.55941546666668, 285.79649709620713],
        [182.2247008711111, 261.52207331549533],
        [172.0575177386667, 229.50264256025048],
        [163.59186888533333, 210.0536726652225],
        [144.67266423466666, 180.33508223912776],
        [128.25894634666668, 162.88291922693546],
        [104.386605696, 145.50885000118154],
        [71.80715126857142, 131.8835919077963],
        [37.34370288, 123.71692458693911],
        [0.0, 115.15443085459916]
    ],
    "67": [
        [196.22993408, 327.2900453187688],
        [190.4793220266667, 288.49683871540384],
        [177.62616576000002, 241.2588865571715],
        [159.83818496, 199.6571128412969],
        [148.71766186666665, 183.50870079939972],
        [129.62801728, 163.19835618170646],
        [114.69162581333336, 151.4980549654367],
        [93.17345386666666, 139.41866732549582],
        [63.517234377142856, 129.66985277509937],
        [32.471355377777776, 122.56331829801434],
        [0.0, 115.15443085459916]
    ],
    "68": [
        [194.29211712000003, 304.4876843200905],
        [183.53366592, 251.7731526768432],
        [163.05140672, 199.63499657027117],
        [151.57284266666667, 183.39774987970105],
        [132.14618474666668, 163.17141920175106],
        [117.04807914666668, 151.51028335591602],
        [95.07957568, 139.32903968438487],
        [64.70116672, 129.54902529306585],
        [32.98841184, 122.5309937092884],
        [0.0, 115.07925414342624]
    ],
    "70": [
        [198.75350378666667, 318.52601814432046],
        [192.42097472, 280.09939532520616],
        [177.60308309333334, 223.801294384842],
        [154.15875776, 183.53433538834335],
        [143.43411072, 171.5556232734998],
        [125.31176554666666, 155.64315182250638],
        [110.92234901333332, 146.10990945425513],
        [90.22875477333334, 136.60091665197024],
        [61.38443093333333, 128.47280823734658],
        [31.29422997333333, 122.167116990102],
        [0.0, 115.31803366298745]
    ],
    "72": [
        [197.86334250666667, 295.02172521904544],
        [191.88186688000005, 270.08478877113834],
        [186.2731377066667, 242.9152791337557],
        [164.94089685333333, 194.7151939749382],
        [153.9069809066667, 180.00028531323355],
        [134.63092053333335, 161.23228278056504],
        [119.4680896, 149.7458690132593],
        [96.95727317333336, 138.22820935931995],
        [66.08700565333334, 129.01762777325473],
        [33.71043413333333, 122.2922269630804],
        [0.0, 114.89392055531864]
    ],
    "73": [
        [198.8391189333333, 295.04391721893575],
        [192.2699831466667, 257.0741789424389],
        [176.71284288, 214.80973608989044],
        [155.38794325333333, 179.31305010700146],
        [144.78835178666665, 167.9899957133417],
        [126.53574464, 153.16180889840828],
        [112.26745984, 144.20248384359303],
        [91.35281706666667, 135.34533363664414],
        [62.23322581333333, 127.64254440816876],
        [31.75514133333333, 121.47843595647016],
        [0.0, 114.70460303772929]
    ],