read_pct_rounded,pause,bandwidth_mean,bandwidth_std,rd_percentage_actual_mean,latency_mean,latency_std,bandwidth_smooth,latency_smooth
50,5000,24.690865280000004,0.04875574795386235,0.5029781413509917,122.03224337207149,0.060405974249912196,24.690865280000004,122.03224337207149
50,3000,40.941592746666664,0.0745403847718065,0.5016681208185866,126.38671906672778,0.10136843641859791,40.941592746666664,126.38671906672778
50,2000,60.91726613333333,0.01820669352453669,0.5006172512561434,132.22829847121173,0.066424728439646,60.91726613333333,132.22829847121173
50,1500,80.70375231999999,0.03382317064792407,0.5001084479774761,140.07014356445174,0.02393869766610978,80.70375231999999,140.07014356445174
50,1000,119.21165866666666,0.07941000078871119,0.4997094326420317,169.44532530850253,0.09344826247755184,119.21165866666666,169.44532530850253
50,900,132.07938133333334,0.01839648861752768,0.49941417182765685,185.60543452610548,0.050834144602649324,132.07938133333334,185.60543452610548
50,800,147.1010762666667,0.018458116967346425,0.49789101254735707,213.0854178450182,0.04250336143487635,147.1010762666667,213.0854178450182
50,700,167.85349077333333,0.05177298585374813,0.4962316476648126,287.50223997024386,0.19338594693300185,167.85349077333333,287.50223997024386
50,450,185.55444437333333,0.054049278819039315,0.5004750783193305,398.29770392723964,0.20877320845714592,185.55444437333333,398.29770392723964
50,380,186.59531231999998,0.20978317307127356,0.5012667214103425,411.2417835469169,3.9497647601708827,186.59531231999998,411.2417835469169
50,340,186.95531850666666,0.13354722394335936,0.5000476319273067,413.9529432836755,3.5270835547368833,186.95531850666666,413.9529432836755
50,300,187.21398581333332,0.13840992450397285,0.49922222130336297,415.6993908549595,3.2559092744552505,187.21398581333332,415.6993908549595
50,260,187.26777045333333,0.2409855991531026,0.4980238059839499,417.9366269625828,4.552519955259837,187.26777045333333,417.9366269625828
50,220,187.28426378666666,0.2734624805750929,0.49673995367155177,418.63278139216146,3.722430139308801,187.28426378666666,418.63278139216146
50,200,187.27743104,0.2729050044380293,0.4953440208286856,419.6082757972019,4.053129994917342,187.27743104,419.6082757972019
50,80,188.06272639999997,0.11579374781028252,0.5041849340249532,415.4427243613807,0.3343589069353152,188.06272639999997,415.4427243613807
50,70,186.2165584,3.8719966911495938,0.500986032875819,416.3385720151102,0.3866730074511457,186.2165584,416.3385720151102
50,65,187.87185216,0.04127126197873329,0.5021810094408604,415.8993870690127,0.10992259843475201,187.87185216,415.8993870690127
50,60,188.52379296,0.756192068733428,0.5031621977094822,418.84926199179455,3.017060386123548,188.52379296,418.84926199179455
50,55,188.39382005333334,0.6649982336884754,0.5006268448740229,420.88994227120315,4.465992524434206,188.39382005333334,420.88994227120315
50,50,188.33418602666666,0.7049241742307064,0.5003185092908787,421.146380222927,4.714928927483648,188.33418602666666,421.146380222927
50,45,188.43188437333333,0.6864616643506488,0.5007016444844138,419.8527630365464,3.6246942811555347,188.43188437333333,419.8527630365464
50,40,188.27431413333332,0.7054245379531823,0.5014914105564482,418.9289144325101,3.0467937497428945,188.27431413333332,418.9289144325101
50,35,188.23363925333334,0.6550369013990227,0.5001016553864582,419.7386485534806,3.268466481366127,188.23363925333334,419.7386485534806
50,30,188.14666197333335,0.6892123309641415,0.5001195379261055,419.38623738417846,2.9958891240537935,188.14666197333335,419.38623738417846
50,25,188.10964373333331,0.6454160482704194,0.5005596714000813,418.22223569333875,2.9713086146445087,188.10964373333331,418.22223569333875
50,20,188.08074474666668,0.6266856149991921,0.4997383711002655,419.3887665523342,3.555017699042012,188.08074474666668,419.3887665523342
50,15,188.04704288000002,0.5896453273002302,0.4998499935433185,418.06431612732376,2.321846376513542,188.04704288000002,418.06431612732376
50,10,188.00700842666666,0.7238772279839636,0.5004633367845922,417.2953415426918,3.036538630000439,188.00700842666666,417.2953415426918
50,5,187.9701005866667,0.6161042984667726,0.5002174589533578,417.756774232185,2.3814687762432674,187.9701005866667,417.756774232185
50,0,187.9301115733333,0.5622239917585434,0.5003755793954844,416.9842517432219,1.8847792415452096,187.9301115733333,416.9842517432219
52,40000,3.2269220266666667,0.030389551439488804,0.5220709049965863,115.6902432045329,0.28838125079487,3.2269220266666667,115.6902432045329
52,5000,25.00879786666667,0.004760033132881553,0.518595591806891,121.79610062459675,0.0653474502378881,25.00879786666667,121.79610062459675
52,3000,41.45533397333333,0.014652817349919188,0.5177370524263903,126.04553780283538,0.1129672063103845,41.45533397333333,126.04553780283538
52,2000,61.67548032,0.01461042463470501,0.5166065453196967,132.099235724363,0.1743760500598202,61.67548032,132.099235724363
52,1500,81.64298304,0.0074832390471474145,0.5161320987683101,139.74429134520764,0.04860561376681232,81.64298304,139.74429134520764
52,1000,120.76483818666668,0.04151882938937633,0.5168182187722866,169.31426127741005,0.03788766435878919,120.76483818666668,169.31426127741005
52,900,133.76304704000003,0.08457625812326365,0.5171509926566896,185.61276664738747,0.060812219230878296,133.76304704000003,185.61276664738747
52,800,148.68330688,0.11322555603943361,0.5153453730417932,214.8848344747557,0.6128306177954043,148.68330688,214.8848344747557
52,700,168.75553813333332,0.018091200182049197,0.5209028322197907,282.8936789820468,0.144307185428557,168.75553813333332,282.8936789820468
52,600,178.9506651733333,2.172496499348651,0.519773944796372,336.72110497698503,15.504031966325822,178.9506651733333,336.72110497698503
52,450,187.27433344,0.02872921728057877,0.5229884001181498,393.0581021722066,0.33096995706040044,187.27433344,393.0581021722066
52,380,188.31415530666666,0.15498903576322445,0.5208429945370038,403.24059980028096,0.09630214846068458,188.31415530666666,403.24059980028096
52,340,188.63857109333333,0.18072644602773985,0.5195007943547979,405.6755158895309,0.19532367404547465,188.63857109333333,405.6755158895309
52,300,188.8390397866667,0.2578429223718547,0.5185266574400104,407.70231204894526,0.22178906739943927,188.8390397866667,407.70231204894526
52,260,188.70014826666667,0.07114862785646271,0.5176936267962168,408.9819587247884,0.1592151908858807,188.70014826666667,408.9819587247884
52,220,188.62233216,0.049776122634629626,0.5165815932134858,410.13262765214637,0.20786155321904337,188.62233216,410.13262765214637
52,200,189.0001608,0.6510671191695057,0.5176415656105645,412.38684030304125,0.8883544344565919,189.0001608,412.38684030304125
52,140,189.80281749333335,0.04883644670850702,0.5179062234076922,415.8546978080706,0.5580422972102171,189.80281749333335,415.8546978080706
52,120,189.63427925333335,0.07239841521347687,0.5156149652109724,416.9741863070194,0.17545168937977632,189.63427925333335,416.9741863070194
52,100,189.72291957333334,0.3588152725315196,0.523003686415331,413.1019194280086,2.0327455809951007,189.72291957333334,413.1019194280086
52,90,189.68758378666666,0.307201040092803,0.5226715507665409,413.12858761360195,2.4812451849256205,189.68758378666666,413.12858761360195
52,80,189.61458986666665,0.2951606211753289,0.52161116638409,413.5363117743775,2.151645960635911,189.61458986666665,413.5363117743775
52,70,189.55989728,0.36430318055784483,0.5209379185275776,413.21995241159243,2.2238474604805103,189.55989728,413.21995241159243
52,65,189.46926208,0.2580998352715856,0.520505654434522,413.1701484057071,2.390679211510841,189.46926208,413.1701484057071
52,60,189.44047669333335,0.36462186405594404,0.5200567962188115,413.147575360169,2.3933316477162463,189.44047669333335,413.147575360169
52,55,189.53767509333332,0.45590723072377404,0.5184608046092058,414.6828112395715,1.9886115784856833,189.53767509333332,414.6828112395715
52,50,189.48666368,0.6026028250842848,0.517821243287213,415.02118138551003,0.8969136508013461,189.48666368,415.02118138551003
52,45,189.33719456000003,0.4469482659958808,0.5177637604441524,414.7626844138833,1.5236527138375555,189.33719456000003,414.7626844138833
52,40,189.353302528,0.40825879854652924,0.5183301158244581,415.05580844799994,0.22181672943185096,189.353302528,415.05580844799994
52,35,189.67540309333333,0.0399387743258502,0.5192701969200979,415.60867346767094,0.06796826173366757,189.67540309333333,415.60867346767094
52,30,189.43058367999998,0.40233868455442096,0.5179943915644929,416.16064398420366,0.020873033012296465,189.43058367999998,416.16064398420366
52,25,189.222546816,0.43924805426340774,0.5175943615421775,413.2666378314916,1.697599671822042,189.222546816,413.2666378314916
52,20,189.29604902399998,0.5854785600388948,0.5172794722313407,413.85860609173534,2.2815856480127055,189.29604902399998,413.85860609173534
52,15,189.31841936,0.5514043819976553,0.517879406206406,416.3124395102058,0.06112558880393202,189.31841936,416.3124395102058
52,10,189.3124904,0.49678039555735826,0.5177600896065647,413.69573591655745,2.110601876023739,189.3124904,413.69573591655745
52,5,189.08722346666664,0.5466449530101338,0.5173114470501442,412.987266685318,3.4290929524600045,189.08722346666664,412.987266685318
52,0,189.12440714666664,0.5412367447086359,0.5172510424715412,412.4578604220706,3.140336535185331,189.12440714666664,412.4578604220706
54,5000,27.398111999999998,0.0851321480630606,0.5424369071664633,122.37519003466548,0.07265367023683977,27.398111999999998,122.37519003466548
54,3000,45.34208405333333,0.03421985480696715,0.5410309525762377,127.00207540476713,0.07599605871732863,45.34208405333333,127.00207540476713
54,2000,67.44133994666667,0.008671570465135513,0.539918202159697,133.60741444715447,0.12699985661154906,67.44133994666667,133.60741444715447
54,1500,89.20655978666666,0.02526847682555138,0.5392449621247845,143.06086010092963,0.06190174432082619,89.20655978666666,143.06086010092963
54,1000,132.64516074666665,0.059134420208613085,0.5434875706899339,181.30691253696696,0.035605363557186735,132.64516074666665,181.30691253696696
54,550,186.39461824,0.08773941353324355,0.5365083769682721,372.63922565310196,0.6912964131247977,186.39461824,372.63922565310196
54,380,188.93158570666665,0.05776378264251323,0.5442744766596866,391.21718285744737,0.507362788219207,188.93158570666665,391.21718285744737
54,340,188.29692,1.217740186948018,0.5429472413204154,384.3568688205525,12.9374844838233,188.29692,384.3568688205525
54,300,188.90977066666665,0.9026749981441357,0.5407295631936564,389.99889312082536,11.148094173777503,188.90977066666665,389.99889312082536
54,260,189.32298965333334,0.7697938416942807,0.5387830247323776,394.87755076078037,9.244814561820142,189.32298965333334,394.87755076078037
54,220,189.47240896000002,0.6758495728376499,0.5367063327454115,398.84265462943176,6.927411849601727,189.47240896000002,398.84265462943176
54,200,190.02558016,1.1685452509882757,0.5399492490743282,400.4419448092705,7.114475027193882,190.02558016,400.4419448092705
54,180,190.96317824000002,0.06695585386753344,0.5425192179374693,406.96353402846995,0.08782606110621206,190.96317824000002,406.96353402846995
54,160,191.03820821333332,0.05762794163997202,0.5394723802347202,410.08674552072995,0.1894434369499885,191.03820821333332,410.08674552072995
54,140,191.37923861333334,0.06976072606545645,0.5439921769332359,407.65506136823564,0.3024922108229482,191.37923861333334,407.65506136823564
54,120,191.35514581333334,0.04477957379522186,0.5425982655570744,409.03068023483866,0.13376433409995678,191.35514581333334,409.03068023483866
54,100,191.09824992000003,0.2817422660305147,0.5407601579125846,409.1073571356983,2.984636849754545,191.09824992000003,409.1073571356983
54,90,191.00699797333334,0.31273054966815605,0.539772151247259,409.29981283472557,2.970078197840062,191.00699797333334,409.29981283472557
54,80,190.88087498666664,0.29478192328172026,0.5388483476019591,409.5142120014825,2.4984794026687918,190.88087498666664,409.5142120014825
54,70,190.8690029866667,0.2582828808775787,0.5376401359338071,409.591112319627,2.088605104031293,190.8690029866667,409.591112319627
54,65,190.72430752,0.2951772712856356,0.5371237819848161,409.40183999279884,2.5710712131833673,190.72430752,409.40183999279884
54,60,190.76629663999998,0.32423359843839533,0.5366687033509102,409.5058730149799,2.2020737212097163,190.76629663999998,409.5058730149799
54,55,190.99354261333335,0.08722094371097498,0.5366726883901457,410.3137033321277,0.8622621925215915,190.99354261333335,410.3137033321277
54,50,190.98778048,0.03317687912180306,0.5366839642293231,412.27380967105137,0.09550164081309473,190.98778048,412.27380967105137
54,45,190.92245354666667,0.04682734433526086,0.5370303524251892,410.90766159455626,0.1101776340831519,190.92245354666667,410.90766159455626
54,40,191.06046421333335,0.008290616824473513,0.5377734682928433,410.70411966324554,0.13831076579226192,191.06046421333335,410.70411966324554
54,35,190.88334634666668,0.0590475768097444,0.5375850441837436,408.88483882011246,0.668748195548865,190.88334634666668,408.88483882011246
54,30,190.82852202666666,0.035078590734510195,0.5373054158333108,408.08054315407975,0.428766021563034,190.82852202666666,408.08054315407975
54,25,190.97415274666665,0.050247597413153794,0.5378224656040792,408.94905587190624,0.15249527941001695,190.97415274666665,408.94905587190624
54,20,191.07530624,0.23697034505307787,0.5377429240133319,408.64811731602435,0.32402172716973754,191.07530624,408.64811731602435
54,15,190.48903658666666,0.05194090865215494,0.536518354476625,405.7610083718376,0.16557893554230102,190.48903658666666,405.7610083718376
54,10,190.6861256533333,0.03345353515524537,0.5369756542319134,408.01889545534397,0.14631331891116314,190.6861256533333,408.01889545534397
54,5,190.59547477333334,0.06854644340691689,0.5379654900245702,405.5767730748594,0.11587583150672533,190.59547477333334,405.5767730748594
54,0,190.41987498666666,0.050964933931412895,0.5372354477931575,404.1901525395553,0.5570665984464113,190.41987498666666,404.1901525395553
55,200000,0.6982474666666666,0.04113771857610647,0.551534763078399,115.23661153123396,0.14972998660381967,0.6982474666666666,115.23661153123396
55,100000,1.3040049599999999,0.042953207720675166,0.5502104326066732,115.4805477796801,0.11579087164803832,1.3040049599999999,115.4805477796801
55,40000,3.481907413333333,0.0718761992015195,0.548430356740322,115.83963706568981,0.26020260914973903,3.481907413333333,115.83963706568981
55,5000,25.76098816,0.011300367128618725,0.5515106736852088,121.72335946864725,0.061076797591250176,25.76098816,121.72335946864725
55,3000,42.74732842666666,0.006658586277023234,0.5505441910326523,126.03370768267928,0.0621476300209198,42.74732842666666,126.03370768267928
55,2000,63.52585429333333,0.023210369013774317,0.549708826208742,131.91067560065025,0.1078789367302538,63.52585429333333,131.91067560065025
55,1500,84.05721621333333,0.014671665065171416,0.5490820937302542,139.74992564049026,0.49675287569571314,84.05721621333333,139.74992564049026
55,1000,124.59070506666666,0.01906708823015695,0.550683231113639,170.29432300217323,0.08310714662014103,124.59070506666666,170.29432300217323
55,900,142.82080821333332,5.1591439614209085,0.548661148603557,195.57780288450476,9.317926060712676,142.82080821333332,195.57780288450476
55,800,156.9779312,3.777765056033532,0.5522934862821526,225.76201439049066,12.167867427703868,156.9779312,225.76201439049066
55,700,169.53893013333334,2.1172420089853805,0.5522870945401858,267.21060142451626,12.144065935445804,169.53893013333334,267.21060142451626
55,600,180.6758269866667,2.4759425300330418,0.5453201379395899,325.68262911169035,16.42040866685138,180.6758269866667,325.68262911169035
55,450,186.65144848,2.4270270358275883,0.5507405705617185,373.9536678929012,0.8210267045125528,186.65144848,373.9536678929012
55,380,188.28516693333333,2.4441550900110727,0.5499541115248557,378.7320169376673,19.79680830584305,188.28516693333333,378.7320169376673
55,340,190.8131496533333,0.03746720910698203,0.5505860192535076,400.23918690060236,0.2580362609143542,190.8131496533333,400.23918690060236
55,300,190.99340885333334,0.0690254653569878,0.5491546679447511,402.3603718066045,0.034358928189132394,190.99340885333334,402.3603718066045
55,260,191.20253888,0.029970949704686754,0.5476620976085642,404.21758335461146,0.20413025958771108,191.20253888,404.21758335461146
55,220,191.08875904,0.16061774814871407,0.5461479133298511,405.5401612301241,0.26643607498922967,191.08875904,405.5401612301241
55,200,190.67712917333336,0.04605966418088102,0.554829303067644,389.6816594359216,0.6581997113651865,190.67712917333336,389.6816594359216
55,180,190.27917248000003,0.02809527913061613,0.5535715376287365,386.85082910316993,0.8503184046588136,190.27917248000003,386.85082910316993
55,160,190.49673109333332,0.07326470315894933,0.5487138671916526,393.7684143473686,0.24347003352573818,190.49673109333332,393.7684143473686
55,140,190.92121792,0.036219749138561096,0.5494067490779381,398.86856114094775,0.22418734053569747,190.92121792,398.86856114094775
55,120,190.84441770666663,0.09959629125242801,0.545934146591912,401.6228210937232,0.04444727248850529,190.84441770666663,401.6228210937232
55,100,191.92016234666667,0.3654885188534125,0.554840316495082,403.0831606073106,0.22644825356169568,191.92016234666667,403.0831606073106
55,90,191.71526314666667,0.04402664587603145,0.5539321454260384,403.53084714354674,0.27691265592498177,191.71526314666667,403.53084714354674
55,80,191.63290709333333,0.020269304782680374,0.5532827405119493,403.9958938440254,0.5036507302838755,191.63290709333333,403.9958938440254
55,70,191.60270976,0.03552413959011925,0.5521001612688774,387.4903962394072,29.976205053527675,191.60270976,387.4903962394072
55,65,191.56687530666667,0.04252190774762945,0.5516773180472226,404.3925588633272,0.2418280700223153,191.56687530666667,404.3925588633272
55,60,191.50790080000002,0.012543833419315803,0.5511192154516501,404.48582201111617,0.17359440291890899,191.50790080000002,404.48582201111617
55,55,191.72001781333333,0.2953758811053536,0.5520200312100568,406.169054525642,0.8233593238674995,191.72001781333333,406.169054525642
55,50,191.6948304,0.27478623702654886,0.551530446836757,405.97042738849206,0.9460510244081131,191.6948304,405.97042738849206
55,45,191.69589599999998,0.24990928543797244,0.5512375615034605,406.2556480479869,0.43114346837025935,191.69589599999998,406.2556480479869
55,40,191.59948864,0.2341968768272206,0.5509508103190989,405.7258024322057,0.7250415971601505,191.59948864,405.7258024322057
55,35,191.59293770666667,0.1672406983262893,0.5504407316333193,406.39476714414087,0.3374930034734087,191.59293770666667,406.39476714414087
55,30,191.52097333333333,0.1776795515477831,0.5498885079505874,406.34775856105034,0.3869416992412432,191.52097333333333,406.34775856105034
55,25,191.51829141333334,0.27088577554449433,0.549495758273337,406.16038516707937,0.703284342086344,191.51829141333334,406.16038516707937
55,20,191.61190549333332,0.1922090859071008,0.5496269176546771,406.1307765248586,0.9427440512201634,191.61190549333332,406.1307765248586
55,15,191.49496789333332,0.20408179843600033,0.5494851824220456,405.74854257951006,0.7622412119072979,191.49496789333332,405.74854257951006
55,10,191.29510538666668,0.20093260247927497,0.5490262123309715,405.9087758522417,1.070502735303991,191.29510538666668,405.9087758522417
55,5,191.40886698666668,0.16558043624483842,0.5498162452358065,405.8063430312158,0.6506978172135293,191.40886698666668,405.8063430312158
55,0,191.36705493333332,0.15955896512670611,0.5499185085247583,405.0765250333491,0.607931963964778,191.36705493333332,405.0765250333491
56,100000,1.4284603733333334,0.005767366394788295,0.5580435814429779,115.44455549693448,0.04508388820187038,1.4284603733333334,115.44455549693448
56,40000,3.3439033599999997,0.0006951142501774207,0.5561226430159704,115.91341340796653,0.04079781951600249,3.3439033599999997,115.91341340796653
56,5000,27.2986848,0.008779520186617915,0.5593255277869087,122.28982091092809,0.010699132293061742,27.2986848,122.28982091092809
56,3000,45.234117546666674,0.08251717367210344,0.5584259929661233,126.82529634071561,0.1640702143035061,45.234117546666674,126.82529634071561
56,2000,67.20852458666667,0.0554336185439705,0.5575789383287798,133.07183620531154,0.026017615116300043,67.20852458666667,133.07183620531154
56,1500,88.96355733333333,0.08602316626656657,0.5574908135672401,142.23468827024416,0.1500960235445823,88.96355733333333,142.23468827024416
56,1000,131.83646720000002,0.05155800565489158,0.5599220143894647,178.09682072761439,0.07043869110150709,131.83646720000002,178.09682072761439
56,900,146.33185877333332,0.028199271542306524,0.5615392915559457,199.05200590961945,0.15230830912854065,146.33185877333332,199.05200590961945
56,550,182.17024576000003,0.2922354641262299,0.5642319176363936,319.970203009862,0.9821932684935454,182.17024576000003,319.970203009862
56,450,187.072516736,3.7461999748054495,0.5559704395302008,358.90687858115353,29.156007993342136,187.072516736,358.90687858115353
56,340,189.00372074666666,0.16154286810036678,0.5619483238352764,369.25376634217173,0.7242081583687384,189.00372074666666,369.25376634217173
56,300,189.92581888000004,0.02620255735622459,0.5593199445465836,377.98281879352527,0.7996940127241251,189.92581888000004,377.98281879352527
56,260,190.89478133333333,0.518261235593604,0.560963593773975,389.2469996867723,4.0899786791822255,190.89478133333333,389.2469996867723
56,220,191.00501194666666,0.3364614830553834,0.5594764883003446,392.567236444201,2.867216395092509,191.00501194666666,392.567236444201
56,200,191.51761493333333,0.02238959731322497,0.5625984894982369,396.22246579301583,0.0987656231559537,191.51761493333333,396.22246579301583
56,180,191.07530346666667,0.0779665132192672,0.5609970937075451,393.02376130486067,0.19682142215482396,191.07530346666667,393.02376130486067
56,160,191.73667157333333,0.41006355183228066,0.5607541309121807,395.99213490311354,0.8021579673963506,191.73667157333333,395.99213490311354
56,140,191.75419349333333,0.018178299813184084,0.5595789565989797,397.80544986183236,0.3099917843524603,191.75419349333333,397.80544986183236
56,120,191.74095808,0.0557853969016119,0.5578240882017097,400.15085396020373,0.30814987486815426,191.74095808,400.15085396020373
56,100,192.43630656000002,0.08943189031253614,0.5609911644875475,402.5269076706681,0.35338516268322057,192.43630656000002,402.5269076706681
56,90,192.3261952,0.12134402354935812,0.559506881637719,404.4816477120491,0.13136540744080516,192.3261952,404.4816477120491
56,80,192.1852174933333,0.05623629217235352,0.5585150823317372,403.76418501848667,0.21604566914876622,192.1852174933333,403.76418501848667
56,70,192.18837717333335,0.05103875393622578,0.5570930398855527,404.4408714282935,0.2754436909150287,192.18837717333335,404.4408714282935
56,65,192.11951743999998,0.13083675085673221,0.5564579546564858,404.72998247391985,0.13933058269094498,192.11951743999998,404.72998247391985
56,60,191.96635647999997,0.00867057572950052,0.5557764374855014,404.4746525541568,0.08703621754340127,191.96635647999997,404.4746525541568
56,15,191.60174016,0.019020985151173998,0.5647492593914826,398.8377930045555,0.2678636209426524,191.60174016,398.8377930045555
57,400000,0.40786832,0.06208333690853074,0.5718829348750432,115.06907242680995,0.10870209781952021,0.40786832,115.06907242680995
57,100000,1.39283232,0.04482209845071213,0.5688276476145959,114.98924599967292,0.3366101170738011,1.39283232,114.98924599967292
57,40000,3.4448833066666666,0.1012158529487473,0.5698945605257745,115.84154321971035,0.3579216141281029,3.4448833066666666,115.84154321971035
57,5000,25.719922986666663,0.026518162629239096,0.569049867902839,121.4995669915361,0.02058214500606095,25.719922986666663,121.4995669915361
57,3000,42.546138453333334,0.013715884038312446,0.5679080438408215,125.74923902641972,0.044080109230169154,42.546138453333334,125.74923902641972
57,2000,65.07316256,1.9696069156695062,0.571014065071648,132.05073649180238,0.6389128719421033,65.07316256,132.05073649180238
57,1500,86.08760277333334,2.5880792201315423,0.5706099426998706,140.0685069400156,1.3368514080051987,86.08760277333334,140.0685069400156
57,1000,124.13092181333333,0.01341004482482267,0.568670430887801,168.25356391803317,0.14836617987066117,124.13092181333333,168.25356391803317
57,900,138.15242837333335,0.08339203724652848,0.5711855393238935,184.36584737728484,0.03211627175747498,138.15242837333335,184.36584737728484
57,800,154.30974485333334,0.032632966598024976,0.5719519257372727,210.97505421761912,0.11817778573410262,154.30974485333334,210.97505421761912
57,700,173.10255082666666,0.02559437226407752,0.574449609440023,268.41625435736603,0.15258142045799708,173.10255082666666,268.41625435736603
57,550,181.08291008,5.805158202554798,0.5724412639708751,311.6065739482843,33.03492851122634,181.08291008,311.6065739482843
57,450,186.77159541333333,2.7063292330728883,0.5747361315084474,345.1664564781419,21.541974090786514,186.77159541333333,345.1664564781419
57,380,189.169456,1.4427825459057124,0.5675300930733495,368.87634872029474,13.055725277969918,189.169456,368.87634872029474
57,340,190.68844629333333,0.03798436535540322,0.5673941311617497,386.1316786302452,0.6037907377810914,190.68844629333333,386.1316786302452
57,300,191.35248586666668,0.44234599567927735,0.5699223366203924,387.2622707139335,2.6618650716322487,191.35248586666668,387.2622707139335
57,260,191.91921877333334,0.050623341153083215,0.5728086433364168,387.48840146291917,0.6122177430896354,191.91921877333334,387.48840146291917
57,220,192.084384,0.13172482298553173,0.5719123766225641,389.68268568425646,0.11446641634537669,192.084384,389.68268568425646
57,200,192.28628032000003,0.16015632951637332,0.5709059949887564,390.4995899683368,0.5049819152659145,192.28628032000003,390.4995899683368
57,180,191.90181802666666,0.0606271917114743,0.5662782841269013,392.1545883853133,0.11224534962345235,191.90181802666666,392.1545883853133
57,140,192.44704959999999,0.05121344693418342,0.5675364578221584,395.27278260020313,0.22848616022404747,192.44704959999999,395.27278260020313
57,120,192.33028352,0.08218409698426463,0.5658090097088747,396.2657276378707,0.38284813699179343,192.33028352,396.2657276378707
57,100,192.53797215999998,0.322165743401875,0.5722255587933137,397.3397412992305,0.6121175182225425,192.53797215999998,397.3397412992305
57,90,192.57235296,0.42125742254845466,0.571303725561993,397.96791876764115,0.7524563972576008,192.57235296,397.96791876764115
57,80,192.42390624000004,0.37386716302562245,0.5707741272176373,398.009911895558,0.18481153192861277,192.42390624000004,398.009911895558
57,70,192.603201024,0.3188306591442174,0.569675251177863,390.1599600859974,19.963619974326594,192.603201024,390.1599600859974
57,65,192.42335871999998,0.37289924856850776,0.5695797558928555,398.03590951936457,0.5251978522933978,192.42335871999998,398.03590951936457
57,60,192.45539136000002,0.433971768158202,0.5695126821627866,397.9057913039873,0.500431535430847,192.45539136000002,397.9057913039873
57,55,192.33965514666667,0.38123124433498073,0.5671805437396824,400.8201247045374,0.8788499036826711,192.33965514666667,400.8201247045374
57,50,192.33261461333333,0.38728902210637733,0.5669880931225532,401.162295589779,0.26493464121657195,192.33261461333333,401.162295589779
57,45,192.26743317333333,0.41690758298935165,0.5669741914498054,400.66603177927306,0.411811415867115,192.26743317333333,400.66603177927306
57,40,191.79054314666666,0.9713037971622498,0.5664964648592479,399.83556137489654,0.47327584823561214,191.79054314666666,399.83556137489654
57,35,192.14901632,0.4687107325789774,0.5663527773680872,400.7301129417547,0.8386954895545393,192.14901632,400.7301129417547
57,30,192.242203776,0.45806692776956087,0.5664213311038839,400.34409493305617,0.6060639755397341,192.242203776,400.34409493305617
57,25,191.97330898285713,0.6712041644380093,0.5676862698836358,399.86325825395585,1.0891433417933742,191.97330898285713,399.86325825395585
57,20,192.15238709333335,0.541009973032977,0.5664701428131064,400.16520886654456,1.0149547856965506,192.15238709333335,400.16520886654456
57,15,192.64969813333335,0.0239286988679515,0.5675606070711049,401.0869089534137,0.09582453492605875,192.64969813333335,401.0869089534137
57,10,192.04074229333332,0.5610348909495849,0.5664116995680922,399.9938336376399,1.306530812806443,192.04074229333332,399.9938336376399
57,5,192.11319989333333,0.5334781459296304,0.5668025447076163,399.44739509595,1.8713868323636693,192.11319989333333,399.44739509595
57,0,191.99133024000002,0.5887426981647275,0.5669188746384622,398.4459916526932,2.6282956493865552,191.99133024000002,398.4459916526932
58,400000,0.39676207999999996,0.023418525153265618,0.5787811667593935,114.98946317823936,0.08571062751350902,0.39676207999999996,114.98946317823936
58,200000,0.7937160533333333,0.07067061301737608,0.5776013933301917,115.20919420932108,0.16224372639799026,0.7937160533333333,115.20919420932108
58,40000,3.5355894400000003,0.02094619991502042,0.5823065199734976,116.22694507565366,0.03675645069336385,3.5355894400000003,116.22694507565366
58,5000,27.182291626666665,0.005207516215521958,0.5765837771568354,122.2502050220121,0.03098821610954774,27.182291626666665,122.2502050220121
58,3000,43.650726506666665,1.4963070358211996,0.5801366081724009,126.07657998058227,0.635035781102222,43.650726506666665,126.07657998058227
58,2000,62.878699946666664,0.008454650578171114,0.5837214351310157,130.953206807956,0.05434279688433237,62.878699946666664,130.953206807956
58,1500,83.09860565333334,0.025017168044034716,0.5831072064148278,138.34710047060142,0.05503735578784045,83.09860565333334,138.34710047060142
58,1000,127.31144384,4.771908236138348,0.5811951814372981,170.50699217700392,5.663232032121123,127.31144384,170.50699217700392
58,900,146.90871274666665,0.021786482241418045,0.5819341329869695,195.6168465433715,0.05993638916800139,146.90871274666665,195.6168465433715
58,800,162.24297344,0.06418252189884456,0.5783797326559212,230.29470160544028,0.2902205572621201,162.24297344,230.29470160544028
58,700,169.53980416,0.10586088557722619,0.5804083476119365,248.5143634174008,0.27124778215388295,169.53980416,248.5143634174008
58,600,179.90129781333334,2.386613349035345,0.5808738882091167,296.2006954937471,9.243588949463753,179.90129781333334,296.2006954937471
58,450,189.38335765333332,0.17852510175536823,0.5835031182249834,357.34527874163376,0.06176484438578439,189.38335765333332,357.34527874163376
58,380,190.58831744,0.04703301508739758,0.5773456608464981,373.6690703302409,0.49163523135985865,190.58831744,373.6690703302409
58,340,191.18358912,0.019502505387885713,0.5751473605531251,380.3927979430487,0.2618400726023136,191.18358912,380.3927979430487
58,260,191.10378538666666,0.09012093599404394,0.584326009638877,377.71157772940023,1.0210812237077733,191.10378538666666,377.71157772940023
58,220,191.55988181333336,0.0552285264792749,0.5819964019350924,382.05610738156156,0.9145462863572372,191.55988181333336,382.05610738156156
58,200,191.70836736,0.26941619415365714,0.581087425682404,383.3228120314731,0.7357605427975531,191.70836736,383.3228120314731
58,180,190.96712405333332,0.05420095559173291,0.5819607563946031,373.32675385669944,0.9974182345900745,190.96712405333332,373.32675385669944
58,160,191.16679232,0.02259671867323779,0.578424737027203,379.31880426966,0.6452358088937596,191.16679232,379.31880426966
58,140,192.47436405333335,0.25830625740155994,0.5803527242194763,385.6078080664113,4.5167376626558395,192.47436405333335,385.6078080664113
58,120,192.46474239999998,0.30989130518002234,0.5793069712225651,386.4498422763345,4.130311689719995,192.46474239999998,386.4498422763345
58,80,192.71743274666667,0.05600374801566978,0.5847755153493603,384.9672728932856,0.1723448119165872,192.71743274666667,384.9672728932856
58,70,191.82296688,1.930500509201927,0.5821265653690856,386.9307563286193,0.6658064445588988,191.82296688,386.9307563286193
58,65,192.61818389333334,0.10146326826907512,0.5832387032412544,386.396462317269,0.6727473423447827,192.61818389333334,386.396462317269
58,60,192.59336554666666,0.04339966569378546,0.5825955781665598,385.92402648249725,0.47720451475892167,192.59336554666666,385.92402648249725
58,55,192.69011605333333,0.05744837247713795,0.5808424607855278,390.0627186217866,0.6258777813627318,192.69011605333333,390.0627186217866
58,50,192.5644450133333,0.04279107683502208,0.5803468272526862,389.649657651302,0.5763403480068623,192.5644450133333,389.649657651302
58,45,192.53697173333333,0.06241166342962797,0.5800140715333613,389.3533974281667,0.7958518740852656,192.53697173333333,389.3533974281667
58,40,192.48430506666668,0.07437111151997912,0.5796469974469348,389.505920810321,0.5530473212843416,192.48430506666668,389.505920810321
58,35,192.51827349333334,0.041086094492044214,0.5793437469155394,390.0667887172149,0.7326709729734127,192.51827349333334,390.0667887172149
58,30,192.49032426666668,0.03230461023745738,0.5788499770032076,392.03131298520196,2.4367891340635883,192.49032426666668,392.03131298520196
58,25,192.8724544,0.04566755808198085,0.5786348392790858,390.90553893636866,0.545410743625679,192.8724544,390.90553893636866
58,20,192.50549098666667,0.052669134784117104,0.5793058446762145,390.36849878856054,0.6532774083067843,192.50549098666667,390.36849878856054
58,15,192.43223786666667,0.03346393614428964,0.57852567386047,389.8975157641973,0.026903459284176975,192.43223786666667,389.8975157641973
58,10,192.62702997333335,0.08301853917939889,0.5791543116309606,390.6349425437572,0.904225963265148,192.62702997333335,390.6349425437572
58,5,192.5852416,0.1299893225781851,0.5797198526931325,390.2084146770135,0.3999966679577001,192.5852416,390.2084146770135
58,0,192.53484394666665,0.11462970635905956,0.579800887410133,389.80510293754827,0.42096398131830687,192.53484394666665,389.80510293754827
59,200000,0.7714539520000001,0.059605487554770666,0.5901971078822285,115.18562074195677,0.23083159364011258,0.7714539520000001,115.18562074195677
59,100000,1.40741888,0.04972545504736184,0.5900937917587299,115.30581908562245,0.319345966670022,1.40741888,115.30581908562245
59,40000,3.3908842239999997,0.09303220611191192,0.590511648311818,115.69556426037305,0.27235526204805366,3.3908842239999997,115.69556426037305
59,5000,26.249135893333335,0.7665898825596328,0.5886866590430281,121.72047396302509,0.20531779557779453,26.249135893333335,121.72047396302509
59,3000,44.56409834666667,0.011726372686367295,0.5907471500803475,126.14954522703032,0.11117087545345143,44.56409834666667,126.14954522703032
59,2000,66.31215104,0.1746007225363708,0.5903000897518152,132.03325891763873,0.08709953366076739,66.31215104,132.03325891763873
59,1500,87.568016,0.0255690286972049,0.589488494572647,140.27827572819714,0.015834786170224432,87.568016,140.27827572819714
59,1000,130.03994752,0.014349223801052706,0.5923590228267795,171.98720283853854,0.04061278033003351,130.03994752,171.98720283853854
59,900,136.89676885333333,0.055104638693011646,0.5871537686892739,180.72961531389637,0.026466951061323636,136.89676885333333,180.72961531389637
59,800,153.60866069333335,0.030159301467267762,0.5896592405020112,205.22273379369656,0.140613963636675,153.60866069333335,205.22273379369656
59,600,172.97474688,0.06744516101760219,0.5856919893865569,261.5738756903071,0.01865299221541869,172.97474688,261.5738756903071
59,550,177.61657088,0.2637133799042413,0.5938969939863962,276.2640969725544,0.22940927885419873,177.61657088,276.2640969725544
59,340,190.07243648,0.04875617178553191,0.590175317955702,360.98613761741876,0.7937841275207127,190.07243648,360.98613761741876
59,300,190.5282862933333,0.029131847579041057,0.5870806257545215,370.0614099514692,0.8166488891181659,190.5282862933333,370.0614099514692
59,260,191.66571968000002,0.057851437728097484,0.5924669817986574,367.97015490752375,0.6981583165447398,191.66571968000002,367.97015490752375
59,220,192.1916036266667,0.15141796159367588,0.5902187318495898,373.37997286486603,0.7609693266757681,192.1916036266667,373.37997286486603
59,200,192.10568981333336,0.09938304765006216,0.590013842025924,374.1715865702395,0.10011926441334999,192.10568981333336,374.1715865702395
59,180,191.31584405333334,0.15530747658046778,0.5939835765691143,358.5905047135488,0.4470602932809188,191.31584405333334,358.5905047135488
59,160,191.74057653333332,0.26023049905664114,0.5922852609138082,366.4879542824203,1.3498062579035226,191.74057653333332,366.4879542824203
59,140,192.55364416,0.03159998473073008,0.5930420028355075,374.76648805829,0.5495171522746196,192.55364416,374.76648805829
59,120,192.61103168,0.0750712800401819,0.5919349752831314,375.1305580749288,0.5966691215497929,192.61103168,375.1305580749288
59,100,192.78033834666667,0.03771518870703431,0.5859283175766405,384.91506773527635,0.8613576625037254,192.78033834666667,384.91506773527635
59,90,192.70218261333332,0.021897555306876402,0.5853295232513562,385.18428984700705,0.29410653428024935,192.70218261333332,385.18428984700705
59,35,193.91191904,0.047489065150330835,0.5949598887390415,382.66126738670204,0.3064125893490866,193.91191904,382.66126738670204
59,30,193.9111758933333,0.059670066106722514,0.5949374682811072,383.31814683002926,0.7534500345479699,193.9111758933333,383.31814683002926
59,15,193.64502122666667,0.11068956919030469,0.5947468799883785,388.63069429051257,0.5643928519620489,193.64502122666667,388.63069429051257
60,400000,0.41285328,0.011789143984847525,0.6008490595136328,115.13014097740722,0.06874798573783963,0.41285328,115.13014097740722
60,200000,0.7245403733333333,0.01005698358828002,0.601658440418451,115.09896768302514,0.10647142357172877,0.7245403733333333,115.09896768302514
60,100000,1.4658373120000001,0.08948706536328663,0.5996741543967973,115.21099161161084,0.2537558521684673,1.4658373120000001,115.21099161161084
60,40000,3.4142530559999997,0.13214680278251023,0.6011385197566959,115.70306656595277,0.2863936855907674,3.4142530559999997,115.70306656595277
60,5000,25.25626112,0.10200192923590462,0.6017261395948048,121.36630888331956,0.01103684376237668,25.25626112,121.36630888331956
60,3000,41.62390826666667,0.08289795885202872,0.5995309158054846,125.17618235885571,0.08082869936554474,41.62390826666667,125.17618235885571
60,2000,61.62255317333333,0.11483897154429445,0.5988673169980467,130.29777823044898,0.03839410639593236,61.62255317333333,130.29777823044898
60,1500,81.10070101333334,0.03180413517177609,0.5986409323227292,136.88824343102826,0.18379965291934341,81.10070101333334,136.88824343102826
60,1000,118.38561578666668,0.15286719583255345,0.5985951857966599,160.3415820316336,0.33210501053389196,118.38561578666668,160.3415820316336
60,900,138.08915349333333,7.643513108893655,0.5980777679440535,181.63879727159974,9.422941174969715,138.08915349333333,181.63879727159974
60,800,154.28639104,7.931808145573923,0.5988348847573567,206.76672124746503,15.06620524805727,154.28639104,206.76672124746503
60,700,166.65992842666665,2.6948921842028684,0.6018022361243656,232.33268028923146,7.263364526591249,166.65992842666665,232.33268028923146
60,600,175.09298944,0.22857426784862817,0.6042565429542656,258.29560061295996,0.11059036214689996,175.09298944,258.29560061295996
60,550,183.18184512000002,0.5598536174521697,0.5990461080189355,303.26269146162826,1.1768322410590346,183.18184512000002,303.26269146162826
60,380,189.001579264,0.1558368206569312,0.5999268936466551,343.26996006965527,4.822815809898921,189.001579264,343.26996006965527
60,340,190.35705482666665,0.17872367696347669,0.6012244766629086,351.4978672277084,0.6294728119043981,190.35705482666665,351.4978672277084
60,300,191.15591370666667,0.19800002338108677,0.598138279423109,360.3166153390446,1.2012172745025809,191.15591370666667,360.3166153390446
60,260,191.91389461333333,0.09894390760427799,0.5988337863606331,365.5430275321448,0.6904219375177884,191.91389461333333,365.5430275321448
60,220,192.38753386666667,0.23185020963498976,0.5972572434391735,369.9672552941331,0.46269579061443694,192.38753386666667,369.9672552941331
60,200,192.3904260266667,0.04020618008880362,0.5969239309984921,369.82914135969366,0.1479174556915313,192.3904260266667,369.82914135969366
60,180,191.64347349333332,0.05782592912449158,0.5979226766272375,361.56579658316724,0.6028680675486818,191.64347349333332,361.56579658316724
60,100,194.00380085333333,0.033859474809752155,0.6019215300973221,379.856955483491,3.4758448153655306,194.00380085333333,379.856955483491
60,90,193.91249290666667,0.08853633674962147,0.6011135555532684,380.05941036614036,3.9831507131424173,193.91249290666667,380.05941036614036
60,80,193.9566432,0.04864911730802859,0.6003677113784287,380.1226291588088,3.5015641745133776,193.9566432,380.1226291588088
60,70,193.88660448,0.08062298176513422,0.5995108907450977,380.8826851268273,3.9535097397525942,193.88660448,380.8826851268273
60,65,193.86281194666665,0.0752352426581172,0.5992736029292501,381.71219387159823,3.776719837850321,193.86281194666665,381.71219387159823
60,60,193.91424753777775,0.10194142129010934,0.6008630711310636,377.197795512362,6.794706979596033,193.91424753777775,377.197795512362
60,55,194.02008369777778,0.10511314458877556,0.5979121813733986,382.1002074648018,5.6711225352927075,194.02008369777778,382.1002074648018
60,50,193.97590079999998,0.15723906526705286,0.5975328071449972,382.4585720410635,5.036893177456326,193.97590079999998,382.4585720410635
60,45,194.01134428444445,0.16908665644405801,0.5973726435404162,382.5588232857353,5.500399716720485,194.01134428444445,382.5588232857353
60,40,193.89720497777776,0.1035220103247291,0.5971476896685969,381.8770935923259,5.24272265921436,193.89720497777776,381.8770935923259
60,35,194.00381330285714,0.20685065018359494,0.5968014949142012,384.3282259775474,6.108886835436507,194.00381330285714,384.3282259775474
60,30,193.93584330666667,0.20326377331833595,0.5969448435538885,383.79884303331755,5.608114404232525,193.93584330666667,383.79884303331755
60,25,193.9505604,0.12475160433019292,0.5965094525723975,384.0200096836357,5.154557395994602,193.9505604,384.0200096836357
60,20,193.93549653333332,0.15348536384049852,0.5963570279264617,383.93372755460655,4.496993864396157,193.93549653333332,383.93372755460655
60,15,194.01075626666668,0.13838562751000252,0.5970992157905113,381.23738451107096,2.1206571263747205,194.01075626666668,381.23738451107096
60,10,193.97280945777777,0.11677114713206768,0.5966599004159279,383.6867357164282,5.082528898286113,193.97280945777777,383.6867357164282
60,5,193.9555719822222,0.16599978133507728,0.5972144306115255,383.8053680904644,3.571186279343464,193.9555719822222,383.8053680904644
60,0,193.9953652622222,0.32495685746533787,0.5973000130092528,382.6733840206103,3.8422712527617358,193.9953652622222,382.6733840206103
61,400000,0.41527597714285713,0.018328921185621492,0.6094722876828321,115.06600847000492,0.12537881430957223,0.41527597714285713,115.06600847000492
61,200000,0.747086464,0.025211936397850854,0.6116103613510454,115.4099839726049,0.059812665937505005,0.747086464,115.4099839726049
61,100000,1.4245839359999999,0.09587946748872395,0.610321349402563,115.41642120694239,0.08225555556434587,1.4245839359999999,115.41642120694239
61,40000,3.3598016,0.1405795320602181,0.6110426332703606,115.94100660247382,0.28263902582897,3.3598016,115.94100660247382
61,5000,25.660428906666667,1.0319313432365633,0.6102858169305055,121.59373000258562,0.19658092096474974,25.660428906666667,121.59373000258562
61,3000,42.36545984,1.740953968144512,0.6095123362439517,125.47336910141439,0.4434111181017598,42.36545984,125.47336910141439
61,2000,62.79868277333333,2.58463227546777,0.6088447183727281,130.63962406611554,0.8439822693421332,62.79868277333333,130.63962406611554
61,1500,82.69264832,3.5233166099490036,0.6082945542673038,137.33285655461273,1.4565492647991305,82.69264832,137.33285655461273
61,1000,120.90632202666666,5.102426074135406,0.6084859064851041,161.3106715691013,4.592243499180564,120.90632202666666,161.3106715691013
61,900,133.69201461333333,5.503448435877087,0.609339593714134,173.85916204673129,6.137316993781684,133.69201461333333,173.85916204673129
61,800,148.98759776,5.465968710921162,0.6101080818736453,194.16999719010187,7.9359385941394205,148.98759776,194.16999719010187
61,700,167.96486282666666,5.121252228799214,0.6140721571444551,231.68229730967724,13.895457028350554,167.96486282666666,231.68229730967724
61,600,178.98636938666664,1.1032843970009003,0.6125480927545487,273.6206083340607,3.3602295906804778,178.98636938666664,273.6206083340607
61,450,185.58914912,0.45076355780597693,0.6090527547032167,311.5551541397128,1.381160252904773,185.58914912,311.5551541397128
61,380,189.55460032,0.15204981257858724,0.6082383495682775,339.04582270634006,0.5783318446118778,189.55460032,339.04582270634006
61,180,193.33955008,0.08922372552375013,0.6121773684122279,365.7704873449358,0.7425495252504308,193.33955008,365.7704873449358
61,160,192.68839488,0.6349665898087962,0.6117158159755504,357.40380353515087,12.551526305134292,192.68839488,357.40380353515087
61,140,193.6782866133333,0.49258435092833686,0.6114831320431415,363.7557200407546,6.311177916374712,193.6782866133333,363.7557200407546
61,120,193.63169077333336,0.27672005811161465,0.6104667294954546,364.8910665249139,5.8326342811683585,193.63169077333336,364.8910665249139
61,100,194.1931780266667,0.011270575850239082,0.6083338921360575,366.4930403869293,0.922724334886723,194.1931780266667,366.4930403869293
61,90,194.02394517333332,0.03347319206952848,0.6071766364168268,367.00352350491494,0.6244441875948901,194.02394517333332,367.00352350491494
61,80,194.117428864,0.15975902467585504,0.609693182682322,367.1444923429718,0.7485707171679699,194.117428864,367.1444923429718
61,70,194.167546112,0.3001927668577761,0.6087624458931145,360.0334435631609,19.649531002826212,194.167546112,360.0334435631609
61,65,194.26711157333332,0.27995716295312045,0.6093394106240838,367.9915635305074,0.9115334052635455,194.26711157333332,367.9915635305074
61,60,194.50804373333332,0.069145741412152,0.6130964564650779,368.05615527228383,1.0073018502080986,194.50804373333332,368.05615527228383
61,55,194.76402592,0.14419914666498534,0.6120090079854773,373.70075458903676,1.0050848706702735,194.76402592,373.70075458903676
61,50,194.77759573333333,0.1052587450337365,0.6120138371618606,373.43946705950293,0.9524134933550172,194.77759573333333,373.43946705950293
61,45,194.82146986666666,0.0380253303775204,0.6117191962297348,373.8315561372922,1.2591002545160501,194.82146986666666,373.8315561372922
61,40,194.82539893333333,0.0779485499173922,0.6115397906889958,373.4928864440253,1.0547022924557206,194.82539893333333,373.4928864440253
61,35,194.89422570666667,0.1763917099136562,0.6111384841806555,374.38344840768013,2.0869568229849675,194.89422570666667,374.38344840768013
61,30,194.73288917333332,0.10390818933437936,0.610964238192328,373.52900412396366,2.389835351565219,194.73288917333332,373.52900412396366
61,25,194.69691232,0.07956906363324953,0.6108161043808394,373.8824303136037,2.4297050280546664,194.69691232,373.8824303136037
61,20,194.61083232,0.09485996739248882,0.6109936500709647,373.6235859099734,1.4790927195962698,194.61083232,373.6235859099734
61,15,194.78374805333337,0.23956742973847048,0.6110241797247598,373.7879266966407,2.3590120655500364,194.78374805333337,373.7879266966407
61,10,194.71891989333335,0.10586133660932842,0.6113844074736065,374.4620906972212,3.1502091361419535,194.71891989333335,374.4620906972212
61,5,194.72728213333335,0.11134042612978173,0.6121222670357392,373.6332963029093,3.9549496071986407,194.72728213333335,373.6332963029093
61,0,194.67565397333337,0.06258750936682045,0.6124148288902741,372.1872168289565,2.995946622635455,194.67565397333337,372.1872168289565
62,400000,0.4042190628571429,0.011075983158452518,0.6210813569504771,114.86762856592298,0.08746258086522592,0.4042190628571429,114.86762856592298
62,200000,0.7659964444444445,0.049343166106687764,0.620654387883779,115.09104235031776,0.07617991316283805,0.7659964444444445,115.09104235031776
62,100000,1.40272512,0.0464263786424916,0.6207435803214991,115.48360145059083,0.07328903174220888,1.40272512,115.48360145059083
62,40000,3.4281089279999994,0.22033594656429242,0.6196046344473254,115.79905480967028,0.2687138579577882,3.4281089279999994,115.79905480967028
62,5000,26.11421418666667,0.0135759786553345,0.6183977168072318,121.54161322734517,0.08959250086160662,26.11421418666667,121.54161322734517
62,3000,41.76247264,1.6225668582788084,0.6213626115599958,125.09981261524814,0.36679904873358227,41.76247264,125.09981261524814
62,2000,62.13822165333334,2.4518484646236405,0.6209146254270336,130.20157984478314,0.6317297027466493,62.13822165333334,130.20157984478314
62,1500,82.06733898666667,3.2094159137576326,0.6203917023580773,136.64871219830968,1.2183191384202516,82.06733898666667,136.64871219830968
62,1000,121.17557610666667,4.950437540556625,0.620983297825174,159.99093271462752,4.191196126261552,121.17557610666667,159.99093271462752
62,900,139.2889444266667,0.05533333360557852,0.6191573536523044,178.1681350534391,0.11471296690325047,139.2889444266667,178.1681350534391
62,800,155.80298645333332,0.14506511025061933,0.6207641399089171,201.21196242031212,0.3508546277267188,155.80298645333332,201.21196242031212
62,450,186.36343530666667,0.13201150399803827,0.6190949948957948,307.1560824574525,0.2864328205752713,186.36343530666667,307.1560824574525
62,300,190.6735648,0.047613058141377694,0.6234768275431163,330.5511539739664,0.8993352279748978,190.6735648,330.5511539739664
62,260,192.45541162666666,0.7618410822878864,0.6214987387320403,348.20274078948904,8.14061558170342,192.45541162666666,348.20274078948904
62,220,193.05313557333332,0.4957738296148691,0.6184199656913257,354.4320001117887,6.291595259004702,193.05313557333332,354.4320001117887
62,200,193.08515893333333,0.3504989934245548,0.6175555883168885,356.13282792891135,5.655008367185142,193.08515893333333,356.13282792891135
62,180,191.9171189333333,0.04358048463394454,0.6174600605060353,340.3893923730955,0.5941492747951121,191.9171189333333,340.3893923730955
62,160,191.17412266666668,0.09326396215849789,0.6237850802850441,326.50855509786993,0.8491705860043814,191.17412266666668,326.50855509786993
62,140,192.49330474666667,0.011304699785645364,0.622479008571237,335.67291100589364,0.8666985936919746,192.49330474666667,335.67291100589364
62,120,193.43607093333333,0.8595402688938666,0.6225146395677918,347.0985649407416,8.848962496180162,193.43607093333333,347.0985649407416
62,100,194.65751445333333,0.3495334276627037,0.6169156958919954,367.15371328600713,1.5810615474186287,194.65751445333333,367.15371328600713
62,90,194.71797020444444,0.358598075581594,0.6191108840650111,366.76356691804904,2.5609361164967153,194.71797020444444,366.76356691804904
62,80,195.12875861333333,0.46582312138856086,0.6208651442829354,366.5654119451934,3.353006513065355,195.12875861333333,366.5654119451934
62,70,195.23746318222223,0.22409170539864273,0.6213623256889266,367.14217908230773,2.4709789104007966,195.23746318222223,367.14217908230773
62,65,195.24410531555557,0.22020375487789434,0.6211899024351016,366.6813982352439,2.5242131279169953,195.24410531555557,366.6813982352439
62,60,195.24334449777777,0.47422342011004676,0.620935937446169,366.8330056584343,3.1605195789479863,195.24334449777777,366.8330056584343
62,55,195.41413632,0.13900071446041948,0.6223110707435872,367.4705755677483,1.2882508779954163,195.41413632,367.4705755677483
62,50,195.31253205333334,0.12676367766285804,0.6220180485644168,368.1182682217587,1.3862218022674433,195.31253205333334,368.1182682217587
62,45,195.3237024,0.1266918961404685,0.621938483432424,368.4035742280059,1.077007374865949,195.3237024,368.4035742280059
62,40,195.33470016,0.1461582290048216,0.621876558245605,367.6809887733841,1.2239297698410017,195.33470016,367.6809887733841
62,35,195.41922624000003,0.19549484477959925,0.6213779109724094,368.59877821696614,1.506721007826666,195.41922624000003,368.59877821696614
62,30,195.30293088,0.1043623057062852,0.6213418868332539,368.0275288436576,1.3571670950511396,195.30293088,368.0275288436576
62,25,195.4047008,0.24053026506551772,0.6212476292918071,367.8664726134125,1.83913443635139,195.4047008,367.8664726134125
62,20,195.16273205333331,0.1162978512217402,0.6212367408577301,366.74446474515463,1.3049689960705961,195.16273205333331,366.74446474515463
62,15,195.16923776,0.15818082408874948,0.6215305316361456,367.41879258831733,1.3491039146878685,195.16923776,367.41879258831733
62,10,195.19387210666665,0.21037678833243031,0.6215566985918923,367.7462677280585,1.3093742471568977,195.19387210666665,367.7462677280585
62,5,195.30136362666667,0.17888459768702183,0.6218767093015208,367.18534467326873,1.12220705043127,195.30136362666667,367.18534467326873
62,0,195.11284469333336,0.18680444822536676,0.6223631973577489,366.39001553383406,0.6581235555508628,195.11284469333336,366.39001553383406
63,400000,0.4023746742857143,0.015089990397017996,0.6300027040077278,115.18215148410673,0.10635361525177518,0.4023746742857143,115.18215148410673
63,200000,0.71897888,0.021121784493500256,0.631666091461533,115.10315731692468,0.24755546610450688,0.71897888,115.10315731692468
63,100000,1.3415744,0.047859452992466814,0.6298962070377102,115.35283681711269,0.28556028168950326,1.3415744,115.35283681711269
63,40000,3.24096,0.10067960884354693,0.629511885797565,115.71870381262973,0.2379413734277236,3.24096,115.71870381262973
63,5000,24.899489408,0.7744980550521896,0.6287099752589247,121.07208374491817,0.013172786843808654,24.899489408,121.07208374491817
63,3000,42.56164885333333,0.021980623711228598,0.6328908057804927,125.09753352337783,0.001465046106192335,42.56164885333333,125.09753352337783
63,2000,63.28390528,0.03139900740056146,0.632740717113066,130.19569806376606,0.021350237488653275,63.28390528,130.19569806376606
63,1500,83.47805077333334,0.029510541923456375,0.6323214439617626,136.81972378390273,0.08670051538660362,83.47805077333334,136.81972378390273
63,1000,122.76447232,0.09768229404336677,0.6325969523953626,160.71849384050188,0.07492430575151666,122.76447232,160.71849384050188
63,900,132.55139786666666,3.374398695044959,0.6297324922911146,170.05045981197745,3.1558086832984413,132.55139786666666,170.05045981197745
63,800,144.86840085333336,0.056346562311943967,0.6267347454556756,184.2635229113298,0.05229404220253592,144.86840085333336,184.2635229113298
63,700,166.58280821333332,3.5845846340834915,0.6299151788212644,222.06497868183214,7.911715969398615,166.58280821333332,222.06497868183214
63,550,179.2942523733333,0.9590194593297591,0.6276665933490629,267.68319326571935,2.357120097473045,179.2942523733333,267.68319326571935
63,380,187.62909098666668,0.08571338206229696,0.632931249868573,302.0316598081264,0.6571096058957704,187.62909098666668,302.0316598081264
63,340,190.8411393066667,1.507868289704694,0.6293831853684727,330.159254804745,13.843341048851629,190.8411393066667,330.159254804745
63,300,192.72457792,0.0563676548240206,0.6266324331068867,349.51577366560576,0.3829077577969708,192.72457792,349.51577366560576
63,260,193.03745194666666,0.11656901056942177,0.6331953059464636,340.20366065801136,0.7394137075845848,193.03745194666666,340.20366065801136
63,220,191.82902727111113,1.4369933194369229,0.6325497379215292,329.92260120355013,12.867621994149074,191.82902727111113,329.92260120355013
63,200,191.99802467555554,1.1651572936917782,0.6320343022218671,331.1290549052213,10.606907369555403,191.99802467555554,331.1290549052213
63,180,191.6831950222222,0.7786735121322973,0.6302684763550631,328.5431123183894,5.076236944926934,191.6831950222222,328.5431123183894
63,160,192.21727861333332,0.587001437420959,0.6297209807840237,334.23133634114816,2.506083798469699,192.21727861333332,334.23133634114816
63,140,194.1796768,0.6994756689877878,0.6288702718572837,350.69207818932176,4.624495704243867,194.1796768,350.69207818932176
63,120,194.27503623111113,0.8293479557237452,0.6294053150163871,350.8219681298249,4.417822803106633,194.27503623111113,350.8219681298249
63,100,195.30154609777776,0.30741125997771623,0.6274980750605771,364.0022374114811,2.0753776610322237,195.30154609777776,364.0022374114811
63,90,195.49315520000002,0.10200199594881341,0.6281913372738211,364.00524220164766,2.5679227425973417,195.49315520000002,364.00524220164766
63,80,195.38938864,0.09019877652892347,0.6291764322400495,364.4761532922552,3.0365102129307995,195.38938864,364.4761532922552
63,70,194.29703984,2.164572456456691,0.6306955611961145,363.138007835735,0.8350777748231154,194.29703984,363.138007835735
63,65,195.35584767999998,0.0168995133195825,0.6298111488095909,362.48337187666056,0.6308862557676654,195.35584767999998,362.48337187666056
63,60,195.48150805333333,0.178632921144857,0.6297316082433104,362.30609216642233,0.845421789574446,195.48150805333333,362.30609216642233
63,55,195.53152874666668,0.02715255115873533,0.6293330257215416,364.59154662078026,0.6323077361860067,195.53152874666668,364.59154662078026
63,50,195.48444863999998,0.025589042462904662,0.6292753815395882,363.49152651567596,0.2015609717211288,195.48444863999998,363.49152651567596
63,45,195.4140324266667,0.05812636407261521,0.6288109822655693,364.8447875031686,0.14425835411565877,195.4140324266667,364.8447875031686
63,40,195.61373247999998,0.18669764818182444,0.6286547088243618,363.4908934905563,0.0753568660890105,195.61373247999998,363.4908934905563
63,35,195.57871701333332,0.16469058347729548,0.6279464559589711,365.18637568447167,0.582468574511305,195.57871701333332,365.18637568447167
63,30,195.67499797333335,0.03366144054960149,0.6279504443822451,364.4693740496735,0.04455251755484959,195.67499797333335,364.4693740496735
63,25,195.54909098666667,0.06164129623377561,0.6281746466331594,363.90129605291236,0.513347048547506,195.54909098666667,363.90129605291236
63,20,195.39935210666667,0.06420401075857537,0.6273351360078147,361.46956648715513,0.24694990183829885,195.39935210666667,361.46956648715513
63,15,195.6535857066667,0.3220865706945942,0.627793158762695,363.71651858912395,0.2994162422124791,195.6535857066667,363.71651858912395
63,10,195.71597674666668,0.08186695764366178,0.6285385513126811,364.37900556386467,0.7126375698753066,195.71597674666668,364.37900556386467
63,5,195.46292266666669,0.03186684401882901,0.6286430173434495,361.89703506464724,0.5754578211038944,195.46292266666669,361.89703506464724
63,0,195.25295487999998,0.044915640095877465,0.6284151442679725,360.60313988097965,0.2818068134779823,195.25295487999998,360.60313988097965
64,400000,0.4047568,0.015498507167245342,0.6395269679577977,115.06862949548439,0.2503938233410769,0.4047568,115.06862949548439
64,200000,0.70492464,0.02007164049737836,0.6400847223654083,115.1440480494084,0.23722171037472192,0.70492464,115.1440480494084
64,100000,1.3266934400000001,0.038993641534119904,0.6417647625715992,115.35201652263123,0.2781800310064659,1.3266934400000001,115.35201652263123
64,40000,3.1402267733333336,0.120141767308273,0.6404448316347096,115.67073269445531,0.28295428374151704,3.1402267733333336,115.67073269445531
64,5000,24.104023296,1.0684586812654644,0.6412355110565432,120.97001401596788,0.27323967223689377,24.104023296,120.97001401596788
64,3000,39.443527182222226,1.362620966761915,0.6412325273735537,124.27060803688371,0.14822770817584294,39.443527182222226,124.27060803688371
64,2000,58.53390556444444,1.9734044423269095,0.6407802581174924,128.7853109421026,0.26842593221924127,58.53390556444444,128.7853109421026
64,1500,77.21507420444445,2.5544315783401133,0.6403209066049987,134.2078121881602,0.6456517192368979,77.21507420444445,134.2078121881602
64,1000,113.31003754666666,3.5571016207515873,0.6404889762901296,152.55752879205454,2.252090094916912,113.31003754666666,152.55752879205454
64,900,125.15265528888888,3.8539998161610525,0.6410142777620655,161.8103113605226,3.2239649418658725,125.15265528888888,161.8103113605226
64,800,142.79856314666668,6.534384278300825,0.6403280154187652,180.65613993712262,8.546979819011455,142.79856314666668,180.65613993712262
64,700,157.66215715555555,4.2405942302975665,0.6427349304797063,201.2287308304294,7.1430697261758,157.66215715555555,201.2287308304294
64,600,174.6914899911111,2.3148331500043065,0.6385309996850602,243.42211440754895,9.051273493695026,174.6914899911111,243.42211440754895
64,550,178.52502421333335,0.09977864900925265,0.6378166165964828,257.85843621864933,0.13772163074265825,178.52502421333335,257.85843621864933
64,450,183.50504405333334,0.02398298345295885,0.6423336780965889,274.8263235545718,0.2893604610964808,183.50504405333334,274.8263235545718
64,380,191.63679018666667,0.07093511545077237,0.6359260747843013,331.0323810760145,0.6624428117637181,191.63679018666667,331.0323810760145
64,340,188.92261621333333,2.7739282517783304,0.6415791017492507,304.7167612510472,18.82003928968225,188.92261621333333,304.7167612510472
64,300,190.85148561066666,2.0897313153494794,0.6413373163359829,318.3665743013774,14.500488718494369,190.85148561066666,318.3665743013774
64,260,192.14791172266666,1.9037036473853928,0.6400564496075712,327.3428740718275,13.020159989968299,192.14791172266666,327.3428740718275
64,220,194.05912284444446,0.3397885913196378,0.6393293737126293,343.7448229392023,1.9417226568018469,194.05912284444446,343.7448229392023
64,200,194.0706586311111,0.39419754813561003,0.6389908884296954,344.43169518161545,2.2843911246098023,194.0706586311111,344.43169518161545
64,180,193.5012984888889,0.36104421616371796,0.639098312521877,337.37328989074695,1.9561254266908568,193.5012984888889,337.37328989074695
64,160,193.50381688888888,0.32574357831275325,0.6370810704736733,340.04420560698924,1.8645055420302343,193.50381688888888,340.04420560698924
64,140,194.80234282666666,0.0509669324076761,0.6355856389200055,351.72760124094503,0.6103545606555084,194.80234282666666,351.72760124094503
64,120,195.12831466666663,0.03738613785432932,0.6352447565782576,352.8634397496184,0.6739832518647882,195.12831466666663,352.8634397496184
64,100,196.4422698666667,0.0268709580703197,0.6437040169357994,355.21751465673714,0.08687931524149313,196.4422698666667,355.21751465673714
64,90,196.35934464,0.05992707773931309,0.6432076002666507,355.82561270249374,0.672366129170019,196.35934464,355.82561270249374
64,80,196.38436565333336,0.047211843444634825,0.6428695202402144,355.79867933041595,0.6269093433807772,196.38436565333336,355.79867933041595
64,70,196.42851754666665,0.24317828601535096,0.6424793787781552,356.65009069318904,0.5184759354272443,196.42851754666665,356.65009069318904
64,65,196.28254719999998,0.03361438087372975,0.6422639574930162,357.10481891034624,0.2879635477635763,196.28254719999998,357.10481891034624
64,60,196.37541909333333,0.026247923013274915,0.6419554661574347,356.3737273276543,1.1743601785948194,196.37541909333333,356.3737273276543
64,55,196.29805930666666,0.04882574847461332,0.641213737340932,358.31034876356097,0.7866489196395413,196.29805930666666,358.31034876356097
64,50,196.25219733333333,0.016273236208173288,0.6412701179966253,356.74891269252606,0.046119544351653344,196.25219733333333,356.74891269252606
64,45,196.22465984,0.0514443340845265,0.6411090773017345,357.28960655318224,0.6539553136197122,196.22465984,357.28960655318224
64,40,196.22260714666666,0.05717463102687443,0.6409414739965253,357.7319094144318,0.7571674580196814,196.22260714666666,357.7319094144318
64,35,196.16296512,0.03632114567215469,0.6406074277626005,356.1322093974679,0.7115730787177977,196.16296512,356.1322093974679
64,30,196.03727957333334,0.07362170753921457,0.6405507558872353,356.2203630525778,0.6263578621875658,196.03727957333334,356.2203630525778
64,25,196.06921216,0.02526429343362205,0.6404183930606402,356.3661453337041,0.2122193557620302,196.06921216,356.3661453337041
64,20,195.85094741333333,0.035965048490034214,0.6403020806120234,353.7665976791727,0.6894001854568413,195.85094741333333,353.7665976791727
64,15,195.98890432,0.01813312487912048,0.6406080272251718,354.7156814679301,0.6520870198217424,195.98890432,354.7156814679301
64,10,196.23057664,0.03769464860871354,0.6414755679977677,356.30873726035094,0.6653488277136558,196.23057664,356.30873726035094
64,5,195.83607445333337,0.051844243568860325,0.6414609929199689,353.1386009689768,0.5480671999172744,195.83607445333337,353.1386009689768
64,0,195.87415381333335,0.02701630732777502,0.641474749721373,353.0632754106459,0.9342275653985919,195.87415381333335,353.0632754106459
65,200000,0.6813600581818182,0.03148449783900317,0.6498176148126574,115.31870476602201,0.13746718694080773,0.6813600581818182,115.31870476602201
65,100000,1.2874497599999999,0.04607945594160298,0.649554269971839,115.09556266460773,0.12857581987447322,1.2874497599999999,115.09556266460773
65,40000,2.89989088,0.04330227208021322,0.6505268004152359,115.8575163957572,0.23443931956454936,2.89989088,115.8575163957572
65,5000,21.961341226666665,0.014105943115004802,0.6532954542730841,120.28979609914408,0.011568640829959637,21.961341226666665,120.28979609914408
65,3000,36.37174528,0.04664523259237265,0.6527262243672335,123.38679870204847,0.06137153299385165,36.37174528,123.38679870204847
65,2000,54.00288981333333,0.064684722652632,0.652839802034454,127.4432031828561,0.05348937577928006,54.00288981333333,127.4432031828561
65,1500,71.23525248,0.024101051543801655,0.6526391961538488,131.86163972617837,0.03262706491122814,71.23525248,131.86163972617837
65,1000,104.5179392,0.032118726285474734,0.6524234740104785,145.6966960477475,0.04642807046959032,104.5179392,145.6966960477475
65,900,115.44677098666666,0.018617529997346054,0.6526160815138281,152.85872421985297,0.05558699496613298,115.44677098666666,152.85872421985297
65,800,128.70285887999998,0.09501149915982196,0.6529344581156351,163.28634109612048,0.12049902840692954,128.70285887999998,163.28634109612048
65,700,145.22410645333332,0.04211746286432232,0.6533450014373966,180.9318254848478,0.060313516198207774,145.22410645333332,180.9318254848478
65,600,165.17409642666667,0.0316083624804613,0.6532285089910524,211.3379941021548,0.10604855212083407,165.17409642666667,211.3379941021548
65,550,173.68435242666666,0.058596248769029524,0.6518106073596902,233.53892068353284,0.02899640783920839,173.68435242666666,233.53892068353284
65,450,185.62082446222223,3.4436599549822144,0.6506794324069786,282.04867891042954,19.85848301856319,185.62082446222223,282.04867891042954
65,380,187.54951249066664,2.171419399871822,0.6500403265466265,292.0629709016653,12.339964213235927,187.54951249066664,292.0629709016653
65,340,190.03764624,1.634479452313996,0.6495820903980966,307.8539627991148,9.159611426735683,190.03764624,307.8539627991148
65,300,192.66013888,0.04957558273827502,0.6490460948473484,325.9535737095792,0.1579466874494882,192.66013888,325.9535737095792
65,160,195.3786464,0.09412419750075439,0.6538528580495064,331.7692109449231,0.7125398341670555,195.3786464,331.7692109449231
65,140,196.1620273066667,0.019637103639997835,0.6491748914440824,345.61796429628436,0.3780412045031047,196.1620273066667,345.61796429628436
65,120,196.2061216,0.023341674933981347,0.6487772982015855,345.81446961678716,0.1742860211356101,196.2061216,345.81446961678716
66,200000,0.6474400914285715,0.037887536524063584,0.6631072048771902,115.18461553659061,0.10203731193718171,0.6474400914285715,115.18461553659061
66,100000,1.2072430933333334,0.06394017800563274,0.6619543411337077,115.37836571754276,0.09789940696653888,1.2072430933333334,115.37836571754276
66,40000,2.831042514285714,0.2778567614418994,0.6608598540628302,115.68666386005621,0.2868583316716121,2.831042514285714,115.68666386005621
66,5000,22.41314024727273,1.4233215185152193,0.6611428218727116,120.50771412714245,0.27755616555351426,22.41314024727273,120.50771412714245
66,3000,37.34370288,2.527292179956579,0.6608931061217774,123.71692458693911,0.4931284943057984,37.34370288,123.71692458693911
66,2000,55.3731904,3.7258076165163527,0.6606249641221721,127.8016957287448,0.8513916897586092,55.3731904,127.8016957287448
66,1500,71.80715126857142,5.483170235056798,0.6610175934039868,131.8835919077963,1.5947082075423733,71.80715126857142,131.8835919077963
66,1000,104.386605696,7.875800234205521,0.6611296286517849,145.50885000118157,4.6486889519341235,104.386605696,145.50885000118157
66,900,115.19923456,8.71394642134156,0.6612112138669531,152.47598027416186,6.453023465233676,115.19923456,152.47598027416186
66,800,128.25894634666668,9.755660326950432,0.661445180790436,162.88291922693546,8.951053717710229,128.25894634666668,162.88291922693546
66,700,144.67266423466666,10.929182066517475,0.6617276808501388,180.33508223912776,14.316875179681078,144.67266423466666,180.33508223912776
66,600,163.59186888533333,10.17992414514733,0.6614366169039153,210.05367266522248,22.774437292952573,163.59186888533333,210.05367266522248
66,550,172.0575177386667,7.951111075726277,0.6604239590669586,229.50264256025048,24.050100944261743,172.0575177386667,229.50264256025048
66,450,182.2247008711111,1.403784858893062,0.6601910212359794,261.52207331549533,5.1987095086018895,182.2247008711111,261.52207331549533
66,380,187.55941546666668,0.06984892567556392,0.6601955796907161,285.79649709620713,0.19746848099851047,187.55941546666668,285.79649709620713
66,300,194.25422421333334,0.03425818946140337,0.662704940519983,320.92361610386973,0.6162678001368073,194.25422421333334,320.92361610386973
66,260,195.01871232,0.13864689287017543,0.6584745425958745,331.59926254906503,0.3991719852755922,195.01871232,331.59926254906503
66,220,195.66919168,0.05033457741817322,0.6556632694615232,338.3263610000882,0.04894057924285802,195.66919168,338.3263610000882
66,200,195.83552853333333,0.05148002189659392,0.6551483725354504,338.8120915238671,0.25405936644156846,195.83552853333333,338.8120915238671
66,180,194.84454058666665,0.21044959902888846,0.6560853446353008,327.73121442524916,0.7735342156406341,194.84454058666665,327.73121442524916
66,100,196.57988885333336,0.06810308348819803,0.6601321303017481,340.78935287020084,0.7402222143225683,196.57988885333336,340.78935287020084
66,90,196.55769514666667,0.05196472625091406,0.6596525557490581,343.0764855058889,2.9816855482591875,196.55769514666667,343.0764855058889
66,80,196.5915319466667,0.031949819293557634,0.659261698291599,340.9772118381513,0.556682447940131,196.5915319466667,340.9772118381513
66,70,196.58413354666666,0.07439982821646444,0.6588500890737756,341.47597163231853,0.540468210799988,196.58413354666666,341.47597163231853
66,65,196.53347264,0.0473074014381946,0.6587348386412446,341.8485062504712,0.6195480170981584,196.53347264,341.8485062504712
66,60,196.48088234666668,0.022715218717947745,0.6585574896930474,343.23356534109126,2.803799241850596,196.48088234666668,343.23356534109126
66,55,196.46539498666667,0.08806749624765928,0.6568550604897252,344.15528806880525,0.6449377896800476,196.46539498666667,344.15528806880525
66,50,196.49997312000002,0.10370571311572298,0.6566559554935975,344.64351203988446,0.6195499398180044,196.49997312000002,344.64351203988446
66,45,196.42640362666668,0.06987260825479243,0.6566279815264374,344.3090461072201,0.568364176313511,196.42640362666668,344.3090461072201
66,40,196.49981248000003,0.0038311193844098924,0.6566671161552168,343.16767575878265,0.9448654704829782,196.49981248000003,343.16767575878265
66,35,196.43509312,0.024673748540898818,0.6561624286479806,343.5175664035234,0.10232562655365694,196.43509312,343.5175664035234
66,30,196.4240512,0.04986005651482086,0.6561722662655639,343.07643483099264,0.17440639739348193,196.4240512,343.07643483099264
66,25,196.30184832,0.012162669062844878,0.6561213929617798,342.5245658454043,0.7875319822567818,196.30184832,342.5245658454043
66,20,196.44171242666667,0.2625313550805175,0.6561988677590799,342.5704245369075,0.09888740947185447,196.44171242666667,342.5704245369075
66,15,196.3077984,0.044111986647519336,0.6564245435613515,342.80453672697075,0.6594424684338073,196.3077984,342.80453672697075
66,10,196.37297898666668,0.0652751295730785,0.6568210395214481,341.16622840479727,0.2094631767065529,196.37297898666668,341.16622840479727
66,5,196.3157824,0.06704301826064636,0.657177706353553,341.5498663757566,0.9638693768592339,196.3157824,341.5498663757566
66,0,196.28591509333333,0.03396482366282868,0.6573824302326723,341.0534110975868,0.13753033472644133,196.28591509333333,341.0534110975868
67,400000,0.38967808000000004,,0.6669332799011943,115.15443085459917,0.039338774077262426,0.38967808000000004,115.15443085459917
67,200000,0.6220435200000001,0.04548478917435549,0.6708940069327619,115.19231900603172,0.1454529916527418,0.6220435200000001,115.19231900603172
67,100000,1.13006336,0.10561086413157313,0.6697962785562018,115.32051528268373,0.24145412161968355,1.13006336,115.32051528268373
67,40000,2.7649381485714284,0.34351918146822347,0.6656897384047495,115.67620478292099,0.1659153181655926,2.7649381485714284,115.67620478292099
67,5000,20.15921088,1.8387231433206195,0.6669474456251291,119.75098779262447,0.2304787815434819,20.15921088,119.75098779262447
67,3000,32.471355377777776,1.3850950508825524,0.6665968050428216,122.56331829801434,0.29892129879213053,32.471355377777776,122.56331829801434
67,2000,48.307505066666664,2.1062507444092535,0.6662635750405397,126.00376120756644,0.46126290325260927,48.307505066666664,126.00376120756644
67,1500,63.517234377142856,3.032987307669057,0.6664237446979221,129.53605402651752,0.8485773646609764,63.517234377142856,129.53605402651752
67,1000,93.17345386666666,4.767030447437132,0.6663400456346228,139.41866732549582,2.066531713520169,93.17345386666666,139.41866732549582
67,900,102.96852618666667,5.280374315598084,0.6662965707615564,144.253877149775,2.8589628387701325,102.96852618666667,144.253877149775
67,800,114.69162581333335,5.851338475853207,0.6662566368270189,151.4980549654367,3.8254476802939705,114.69162581333335,151.4980549654367
67,700,129.62801728,6.491197951362012,0.6662034964450887,163.19835618170646,5.872616218974871,129.62801728,163.19835618170646
67,600,148.71766186666665,7.126138160519161,0.6662497685018146,183.50870079939975,9.186739319689126,148.71766186666665,183.50870079939975
67,550,159.83818496,7.128066890161332,0.6661976879675984,199.65711284129694,12.120326885711483,159.83818496,199.65711284129694
67,450,177.62616576000002,0.028185863548279025,0.6658197511270543,241.25888655717154,0.30883304814827744,177.62616576000002,241.25888655717154
67,380,190.47932202666667,0.06435825969541534,0.6732924524991947,288.49683871540384,0.1284340407032707,190.47932202666667,288.49683871540384
67,340,192.71861632,0.021149659503804864,0.6674988975156699,306.8825704151203,0.6926116429745288,192.71861632,306.8825704151203
67,180,194.64150165333334,0.012318761002971176,0.6743701657845286,309.1787841118699,0.13143416423179813,194.64150165333334,309.1787841118699
67,160,194.87075263999998,0.015864664524273035,0.672006652937105,312.6029395250125,0.17943086115558549,194.87075263999998,312.6029395250125
67,140,196.22993408000002,0.07837138474814002,0.6680942969979778,327.29004531876876,0.94569543183767,196.22993408000002,327.29004531876876
67,120,196.24785770666668,0.03773598827774506,0.667196688149128,329.04226727719976,0.5727273775580644,196.24785770666668,329.04226727719976
67,100,197.36967850666667,0.06787748876729678,0.671009903550793,336.1930609813848,0.19034194252901207,197.36967850666667,336.1930609813848
67,90,197.31276031999997,0.06632977009318641,0.6704158134626335,335.9885199793746,0.591193781743715,197.31276031999997,335.9885199793746
67,80,197.21052415999998,0.08942059947071149,0.669830652101835,334.97534652981886,0.41524341863803205,197.21052415999998,334.97534652981886
67,70,197.20183936,0.06115231668699135,0.6695232785601072,336.9234034961242,0.13779206886851597,197.20183936,336.9234034961242
67,65,197.15728789333335,0.08457562620898432,0.6691937025014257,336.13910687750007,0.6531314029473003,197.15728789333335,336.13910687750007
67,60,197.25893141333333,0.03337878332760329,0.6690551257484652,336.42568348901835,0.1207898527790081,197.25893141333333,336.42568348901835
67,55,197.13952597333332,0.17627630880743067,0.6669884656315412,339.2201439215111,0.6636138119595704,197.13952597333332,339.2201439215111
67,50,197.22367722666664,0.03033616470053176,0.6669902904224264,338.97866735822464,0.6562071102669815,197.22367722666664,338.97866735822464
67,45,197.11343594666667,0.025918764544031785,0.6666812518668123,339.2735901679468,0.35099952419288577,197.11343594666667,339.2735901679468
67,40,196.97580437333332,0.03506220909951972,0.6664713485038455,338.3765864657398,0.6576256610154898,196.97580437333332,338.3765864657398
67,35,197.13239381333332,0.1896041586110394,0.6660854214184532,339.2966897172424,0.11548528439673854,197.13239381333332,339.2966897172424
67,30,196.97380522666666,0.06961252502166698,0.6659758468244913,339.2501030393844,0.1522547772337208,196.97380522666666,339.2501030393844
67,25,197.04484906666667,0.0839408272553684,0.6660894648673806,338.8115878593513,0.7628576636184254,197.04484906666667,338.8115878593513
67,20,197.27777536,0.1705000267428422,0.6660966570730085,338.9092758209338,0.7784482573631495,197.27777536,338.9092758209338
67,15,197.0333634133333,0.03672890535163396,0.6663013756290589,338.5055992037212,0.5406827619056659,197.0333634133333,338.5055992037212
67,10,197.01022762666665,0.02227145189517535,0.6666493664767027,338.5140155472107,0.8712111967750263,197.01022762666665,338.5140155472107
67,5,196.92608704,0.06332801090164472,0.6665594740802323,337.3822649769497,0.5301171224140473,196.92608704,337.3822649769497
67,0,196.92235733333337,0.04263398921668123,0.6668670530057447,337.7891539336629,0.5264715178292552,196.92235733333337,337.7891539336629
68,200000,0.5620487999999999,0.033063345522161926,0.6801698370114762,115.18367053905752,0.1031542713151189,0.5620487999999999,115.18367053905752
68,100000,1.11521168,0.12946076779473845,0.6824629101383726,114.93050006914586,0.39885778624914414,1.11521168,114.93050006914586
68,40000,2.622268586666667,0.018195650924650458,0.6814323797744853,115.73406229574772,0.056910369620067056,2.622268586666667,115.73406229574772
68,3000,32.98841184,0.00197356331055911,0.6847539789919518,122.53099370928841,0.051150903332338356,32.98841184,122.53099370928841
68,2000,49.00962901333333,0.03207014704722991,0.6846308594464047,125.91169309275521,0.060762755117920446,49.00962901333333,125.91169309275521
68,1500,64.70116672,0.01280024172571553,0.6843478978000643,129.54902529306585,0.03965981384214364,64.70116672,129.54902529306585
68,1000,95.07957568,0.036418821362759896,0.6840400910427381,139.32903968438487,0.07203721227727394,95.07957568,139.32903968438487
68,900,105.09134357333333,0.03535712403194087,0.6839616135594914,144.16494598882952,0.13850373855284429,105.09134357333333,144.16494598882952
68,800,117.04807914666668,0.042287057629250474,0.6839616329374453,151.51028335591602,0.012044580148003654,117.04807914666668,151.51028335591602
68,700,132.14618474666668,0.023216629488008733,0.6838616344381934,163.17141920175104,0.07991976050610088,132.14618474666668,163.17141920175104
68,600,151.57284266666667,0.022493345384947003,0.6838094401951801,183.397749879701,0.08315107177987384,151.57284266666667,183.397749879701
68,550,163.05140672,0.03309483534196285,0.6837673538744861,199.63499657027114,0.06507155551053828,163.05140672,199.63499657027114
68,450,183.53366592,0.07061132022395572,0.6812868783701512,251.7731526768432,0.06755754503641422,183.53366592,251.7731526768432
68,260,194.29211712000003,0.07024423934576333,0.6805263889679173,304.4876843200906,0.2618118469201541,194.29211712000003,304.4876843200906
68,220,195.43237248,0.011359664617028895,0.6766774462304084,314.2820906377456,0.06856866647901834,195.43237248,314.2820906377456
68,200,195.53727338666667,0.01263792989764485,0.6761781722953534,314.9995130431598,0.600963641797638,195.53727338666667,314.9995130431598
68,160,195.63461461333335,0.0975147744764802,0.6837335150357607,310.89620787064445,0.06400234628474943,195.63461461333335,310.89620787064445
68,140,196.87362410666665,0.057547820427008664,0.680897406162063,319.7162890348449,0.9256941055627957,196.87362410666665,319.7162890348449
68,120,196.85878826666666,0.07811582333706396,0.679557113517285,321.15428626602585,0.7677484729090853,196.85878826666666,321.15428626602585
68,70,197.29058432,0.09963793810624808,0.6848926678383996,323.18949672776233,0.6850671481527041,197.29058432,323.18949672776233
68,65,197.34847082666667,0.09937668197187993,0.6845987506996609,323.85329088462476,0.3666276332817223,197.34847082666667,323.85329088462476
68,60,197.35451477333334,0.026444588423806654,0.6843313595564043,322.69857612208926,0.27607414170816935,197.35451477333334,322.69857612208926
68,55,197.36953877333335,0.08520646871659611,0.681980514589899,327.02804441045413,0.19353493780887845,197.36953877333335,327.02804441045413
68,50,197.52025621333337,0.20764175282878003,0.6819584772147588,325.69078160794817,0.13841916496563636,197.52025621333337,325.69078160794817
68,45,197.38835050666668,0.017963666390542317,0.6816646410884758,327.3780996023812,0.2931141088742001,197.38835050666668,327.3780996023812
68,40,197.33621696,0.01642685120036516,0.6814922330921555,326.8183182460431,0.5993716310973511,197.33621696,326.8183182460431
68,35,197.34261311999998,0.05732766841365498,0.681143695178697,329.01974109841467,2.493416890848509,197.34261311999998,329.01974109841467
68,30,197.35905920000002,0.04682902322972726,0.6809870819176712,326.662574944595,0.9767940053383387,197.35905920000002,326.662574944595
68,25,197.27721898666667,0.028113796090314603,0.6810665422517103,326.76916439337106,0.2998189500269986,197.27721898666667,326.76916439337106
68,20,197.28010581333334,0.03587952087487082,0.6811074984223658,326.7554142569617,0.6585370905807819,197.28010581333334,326.7554142569617
68,15,197.26245269333333,0.06730460571610544,0.6812324324075446,326.51229424205286,0.5922209288775028,197.26245269333333,326.51229424205286
68,10,197.18989866666666,0.016258422576455944,0.6815223779491045,326.4839077290644,0.2247250016835401,197.18989866666666,326.4839077290644
68,5,197.34725226666663,0.025053430888118813,0.6820472996983765,326.73858382561866,0.59386689260171,197.34725226666663,326.73858382561866
68,0,197.35908608,0.22006956957024013,0.6821258013516892,325.60878221500053,0.7085000430070509,197.35908608,325.60878221500053
70,200000,0.54891872,0.0007607337594716922,0.7021817787207736,115.31803366298745,0.06285342785971995,0.54891872,115.31803366298745
70,100000,1.02748928,0.008161075204456702,0.7000605916243581,115.45312488818438,0.013127534467594707,1.02748928,115.45312488818438
70,40000,2.47265216,,0.6991359431647677,115.65299436135791,0.32923475531417845,2.47265216,115.65299436135791
70,5000,18.95999146666667,0.004416743929609,0.7007931357454441,119.5453202276128,0.021384600793385156,18.95999146666667,119.5453202276128
70,3000,31.29422997333333,0.017733022356693436,0.7007469535624621,122.167116990102,0.17198893198626447,31.29422997333333,122.167116990102
70,2000,46.51484672,0.01048179227667266,0.7005049510194192,125.23510203560168,0.059516541644578654,46.51484672,125.23510203560168
70,1500,61.38443093333333,0.03693284978529362,0.700414328918295,128.47280823734658,0.06868336261766549,61.38443093333333,128.47280823734658
70,1000,90.22875477333334,0.11339870272379662,0.7000646768708071,136.60091665197024,0.07475614873491099,90.22875477333334,136.60091665197024
70,900,99.60130090666667,0.006731087761996446,0.7000127408791488,140.45293070528044,0.0437591539407533,99.60130090666667,140.45293070528044
70,800,110.92234901333332,0.03113975095242237,0.7000053062245558,146.10990945425513,0.15315950428144745,110.92234901333332,146.10990945425513
70,700,125.31176554666666,0.034495408359049844,0.6999076089409142,155.64315182250638,0.048383762316090914,125.31176554666666,155.64315182250638
70,600,143.43411072,0.03503576975378331,0.6998793193383527,171.5556232734998,0.13849293338807722,143.43411072,171.5556232734998
70,550,154.15875776000001,0.021560916572133815,0.6998609964516013,183.53433538834338,0.13727768263687049,154.15875776000001,183.53433538834338
70,450,177.60308309333334,0.06367986255206544,0.6991471031013456,223.80129438484198,0.19928508752254065,177.60308309333334,223.80129438484198
70,340,192.42097472,0.060296776047415825,0.7012847246434241,280.09939532520616,0.11313027036116576,192.42097472,280.09939532520616
70,300,193.95699861333333,0.050053600801041445,0.6969568716859434,291.8379086034451,0.6153883116245144,193.95699861333333,291.8379086034451
70,180,194.95978858666663,0.05082466128435303,0.7007709756151769,293.93510562876355,0.009520542511135939,194.95978858666663,293.93510562876355
70,160,195.2739127466667,0.05525124536019275,0.6986408177768851,298.3251666015381,0.17605688457334795,195.2739127466667,298.3251666015381
70,140,196.31310997333333,0.03888280011950898,0.6964344380632803,305.223680451588,0.20004916598114836,196.31310997333333,305.223680451588
70,100,198.75350378666667,0.061737281446620725,0.6958173163701127,318.5260181443205,0.7815326567111694,198.75350378666667,318.5260181443205
70,90,198.77496448,0.07966503752591382,0.6952255274602958,319.34201531479243,0.09470666755943856,198.77496448,319.34201531479243
72,100000,1.0919348800000002,0.024549702660238815,0.7194033145514498,114.98060537503441,0.08282982518238573,1.0919348800000002,114.98060537503441
72,40000,2.51280416,0.003253370015968127,0.7242447071919371,115.34685435420458,0.03193059793968894,2.51280416,115.34685435420458
72,5000,20.389463466666665,0.011802548791940213,0.7170151310698358,119.54116837049965,0.095293241777277,20.389463466666665,119.54116837049965
72,3000,33.71043413333333,0.06252489051947707,0.7166899250065341,122.2922269630804,0.024003298640081435,33.71043413333333,122.2922269630804
72,2000,50.159178239999996,0.22345420100252383,0.7168725887293318,125.51597589439842,0.04750171039567181,50.159178239999996,125.51597589439842
72,1500,66.08700565333334,0.02406057953846687,0.7164996686215407,129.01762777325473,0.04319491991234448,66.08700565333334,129.01762777325473
72,1000,96.95727317333335,0.018744599018226817,0.7162295731969781,138.22820935931998,0.09309089358361684,96.95727317333335,138.22820935931998
72,900,107.23159487999999,0.05560156326134636,0.7163270330546577,142.93255372114493,0.34292474708573234,107.23159487999999,142.93255372114493
72,800,119.4680896,0.022082172952783478,0.7162304964411522,149.7458690132593,0.08676476880332565,119.4680896,149.7458690132593
72,700,134.63092053333335,0.06935343227137158,0.7162186221263007,161.23228278056504,0.120169676178375,134.63092053333335,161.23228278056504
72,600,153.9069809066667,0.10432291992639545,0.716123622891847,180.00028531323355,0.2100326453705105,153.9069809066667,180.00028531323355
72,550,164.94089685333333,0.033993619407434957,0.7158997008139054,194.7151939749382,0.061790709316505064,164.94089685333333,194.7151939749382
72,380,186.2731377066667,0.2328626095233703,0.7243748656177026,242.9152791337556,0.22939467114989529,186.2731377066667,242.9152791337556
72,340,189.47888490666665,0.06976680861403964,0.7200656919912559,257.4598119256251,0.23982524595180418,189.47888490666665,257.4598119256251
72,300,191.88186688000005,0.0645229245067698,0.715427017658509,270.08478877113834,0.23491331188743997,191.88186688000005,270.08478877113834
72,260,195.50771712000002,0.0797533899344872,0.72197936695955,278.0807348569967,0.3875120664533407,195.50771712000002,278.0807348569967
72,220,196.40460693333333,0.05665834886638535,0.717513203592758,286.1572605225208,0.21154797499173714,196.40460693333333,286.1572605225208
72,200,196.79032085333333,0.4813452799307975,0.7164893435293416,287.7197810128763,0.13927339990745194,196.79032085333333,287.7197810128763
72,160,196.17122368000003,0.06982997370742997,0.7242969239562612,282.98708738575027,0.09727712478047315,196.17122368000003,282.98708738575027
72,140,197.86334250666667,0.0029015667043313063,0.7206417670028816,295.02172521904544,0.7113948033911514,197.86334250666667,295.02172521904544
72,120,198.02864064000002,0.03280161689985276,0.7197582867191906,296.24670420663386,0.2444212804278629,198.02864064000002,296.24670420663386
72,100,199.70576874666668,0.081337262405058,0.7188408165251635,315.52591154866974,0.9287238554786563,199.70576874666668,315.52591154866974
72,90,199.74800469333334,0.15292108754424422,0.7181624326548368,316.07598971481735,0.7054404143747699,199.74800469333334,316.07598971481735
72,80,199.70233962666669,0.09807020059331358,0.7177481592884513,315.81983564651387,0.8713147212772956,199.70233962666669,315.81983564651387
72,70,199.70888917333332,0.12260759951508551,0.7172379744297719,316.8701016561623,0.7335925576184829,199.70888917333332,316.8701016561623
72,65,199.82173120000002,0.06314514839507328,0.7171366244248717,317.8490054160853,0.19237843746013378,199.82173120000002,317.8490054160853
72,60,199.69198037333334,0.05391886322773603,0.7167844806330231,317.94426473531445,0.1947686763266468,199.69198037333334,317.94426473531445
72,10,200.08222080000002,0.00025885765046120034,0.7151128750592598,322.03348960615403,0.2963437894950992,200.08222080000002,322.03348960615403
72,5,200.01304256,0.0988186902203937,0.7156238144392214,319.8102477277119,0.08589845186087824,200.01304256,319.8102477277119
72,0,199.95149824,0.07781219911580929,0.7156582863754736,320.85033905502456,0.39901506785470703,199.95149824,320.85033905502456
73,200000,0.6030670933333333,0.01260739585692985,0.7301920253583177,114.70460303772929,0.042366284027460704,0.6030670933333333,114.70460303772929
73,100000,1.1111196799999998,0.03171051472929422,0.7284545788310897,114.7336109543029,0.36620087324573464,1.1111196799999998,114.7336109543029
73,5000,19.25025472,0.021880299847888796,0.7303294631508811,119.10642061633534,0.031420651814324546,19.25025472,119.10642061633534
73,3000,31.75514133333333,0.01187355788089364,0.7300221291020875,121.47843595647015,0.09581217043588859,31.75514133333333,121.47843595647015
73,2000,47.13221482666666,0.008583960039175937,0.7301686675028255,124.49419012379678,0.016834875232262833,47.13221482666666,124.49419012379678
73,1500,62.23322581333333,0.03318052271283282,0.7300915739324526,127.64254440816876,0.04761588109064429,62.23322581333333,127.64254440816876
73,1000,91.35281706666667,0.00870030939011562,0.7298449528718253,135.34533363664414,0.19715773673198023,91.35281706666667,135.34533363664414
73,900,100.87091093333333,0.010572402594627685,0.7298521082882653,138.87190632681106,0.02471700785076305,100.87091093333333,138.87190632681106
73,800,112.26745984,0.026794581330648704,0.7298028601551593,144.202483843593,0.060271660993567566,112.26745984,144.202483843593
73,700,126.53574464,0.019560215339840724,0.7297325488609777,153.16180889840828,0.019515871654189554,126.53574464,153.16180889840828
73,600,144.78835178666665,0.03631952357374824,0.7296769218030321,167.98999571334173,0.1513230232565377,144.78835178666665,167.98999571334173
73,550,155.38794325333333,0.025975878804443922,0.7296333072011908,179.3130501070015,0.04092185000102324,155.38794325333333,179.3130501070015
73,450,176.71284288,0.18481806633019143,0.728601391867242,214.80973608989044,0.7242434859150504,176.71284288,214.80973608989044
73,340,192.2699831466667,0.07627651651110219,0.7313536172848916,257.0741789424389,0.3159485980971241,192.2699831466667,257.0741789424389
73,300,194.19129685333334,0.03199634036246897,0.7266464708019763,268.10742751251604,0.20678449417754946,194.19129685333334,268.10742751251604
73,220,196.44880831999998,0.06042938135538013,0.7318808035986928,279.79173237323226,0.1617734231104717,196.44880831999998,279.79173237323226
73,200,196.49006698666665,0.05061857598991481,0.7307176137778558,280.41569585948963,0.06253862007776692,196.49006698666665,280.41569585948963
73,180,195.93941546666667,0.02826495577092005,0.726343974001697,280.0011859504472,0.24470962327811766,195.93941546666667,280.0011859504472
73,140,198.94070336000001,0.03735610049441174,0.7327063263381438,294.28877583546677,0.3119492990119535,198.94070336000001,294.28877583546677
73,120,198.83911893333334,0.013732524879760273,0.7312887277134541,295.04391721893575,0.8125696050461659,198.83911893333334,295.04391721893575
73,65,199.98021418666667,0.03316635023059821,0.7348742967493661,305.19328700484783,0.09415653219261909,199.98021418666667,305.19328700484783
73,60,199.94550506666664,0.055719193658791424,0.7345734668391577,304.9472269853208,0.8498104620728615,199.94550506666664,304.9472269853208
73,55,199.9274030933333,0.027881212363816313,0.7319059493966936,307.55364316353024,0.7114562581941798,199.9274030933333,307.55364316353024
73,50,200.08749930666667,0.23537559415613726,0.7318159509572014,308.3306253563678,0.38861706583789024,200.08749930666667,308.3306253563678
73,45,199.95368021333334,0.011582125272984993,0.7316409756938755,308.5491503344568,0.2908959051970938,199.95368021333334,308.5491503344568
73,40,199.9217056,0.028736479333223736,0.7315439111667313,308.40099125849883,0.29874655444139614,199.9217056,308.40099125849883
73,35,199.89169088000003,0.03794417234353022,0.7309075378449615,308.21521174247573,0.10334043537202972,199.89169088000003,308.21521174247573
73,30,199.89458368,0.01221896640236732,0.730876328773222,308.0079118265832,0.8750877216084578,199.89458368,308.0079118265832
73,25,199.79424533333335,0.021031578146754184,0.7306112273624191,307.3755381278326,0.7863056793887216,199.79424533333335,307.3755381278326
73,20,199.78587968,0.06303878217869588,0.7306913594722716,306.8156163388572,0.7328717657787283,199.78587968,306.8156163388572
73,15,199.74979690666666,0.08253040130841663,0.7308890210151322,306.5840482255303,0.8801448264977508,199.74979690666666,306.5840482255303
73,10,199.75447381333333,0.06035854804039953,0.7308782872496112,305.7788852828289,0.713324992187041,199.75447381333333,305.7788852828289
73,5,199.83399274666667,0.19316313300435656,0.7310172170656962,305.6045511300453,0.5376059954177417,199.83399274666667,305.6045511300453
73,0,199.78762154666666,0.01960164305757318,0.7312104576276847,306.5503804763288,0.051293414656509564,199.78762154666666,306.5503804763288
74,200000,0.59707888,0.04969299169018767,0.7394203768589735,114.96277619958028,0.07804815402083198,0.59707888,114.96277619958028
74,40000,2.70282688,0.027949385475891767,0.7387973555959355,114.93263222488649,0.32030020865993764,2.70282688,114.93263222488649
74,5000,20.48532437333333,0.0037593058127981167,0.7440598052746856,118.95639457791516,0.018444472300415203,20.48532437333333,118.95639457791516
74,3000,33.83281152,0.04409349976307548,0.7439331445258682,121.52590544861222,0.04248248657939408,33.83281152,121.52590544861222
74,2000,50.19415829333334,0.012645037114144263,0.743924773759788,124.82405363510388,0.08131760795368166,50.19415829333334,124.82405363510388
74,1500,66.25841877333333,0.06012224945387171,0.7438262579742109,128.08746828126883,0.029698527642827766,66.25841877333333,128.08746828126883
74,1000,97.18420800000001,0.06358903219141535,0.7438357032273589,136.5078662585386,0.045952550910835034,97.18420800000001,136.5078662585386
74,900,107.21794581333332,0.04995917472249054,0.7438129379253619,140.7296906310181,0.11554911458551556,107.21794581333332,140.7296906310181
74,800,119.27381482666665,0.028062525438717238,0.7437340328028981,146.44691850196145,0.47092619716048495,119.27381482666665,146.44691850196145
74,700,134.32634879999998,0.02775823818456178,0.7437935135659975,156.83771532676232,0.022329040598916345,134.32634879999998,156.83771532676232
74,600,153.23703765333335,0.03784849756032339,0.7436405334316553,173.73390762409724,0.004697783822536993,153.23703765333335,173.73390762409724
74,550,163.83125610666664,0.07684139569527608,0.7435540649230598,185.82498086424994,0.05792010156905717,163.83125610666664,185.82498086424994
74,450,182.61418688,0.14219778046306636,0.7413139831020247,221.25052244768975,0.2230774693707542,182.61418688,221.25052244768975
74,380,189.70070101333332,0.05391785221722806,0.7359195409111603,244.5873193823155,0.17235829587413487,189.70070101333332,244.5873193823155
74,300,193.58583893333332,0.06428611170893066,0.7414477980622901,260.0932887833119,0.1089314121157653,193.58583893333332,260.0932887833119
74,260,195.24601301333334,0.058430826630339446,0.7363924329159545,270.8051949367072,0.22704749468391575,195.24601301333334,270.8051949367072
74,220,197.80783786666666,0.11112296988531176,0.7417128060095074,284.15215355226513,0.07560900575066462,197.80783786666666,284.15215355226513
74,200,198.31554218666668,0.07648462540078375,0.7424006430406681,286.60096853163225,0.38661782065430517,198.31554218666668,286.60096853163225
74,180,197.77252095999998,0.04377839581282281,0.737877228735179,284.5213445658591,0.06851741154523296,197.77252095999998,284.5213445658591
74,160,198.24236885333335,0.07613968711791402,0.7361663116868687,288.4158829458349,0.20861757930282077,198.24236885333335,288.4158829458349
74,100,199.95059519999998,0.06646851572602609,0.7366638109287477,303.4826866323471,0.09762009263379938,199.95059519999998,303.4826866323471
74,90,199.94981503999998,0.03122622475127774,0.7362401535279398,303.5853663705296,0.7947130587785364,199.94981503999998,303.5853663705296
74,80,199.93962624000002,0.04280442649441042,0.735456905114988,303.3685287174911,0.8504746381390732,199.93962624000002,303.3685287174911
74,70,199.94484864,0.012296110839822025,0.735049004057037,304.15303477632534,0.6534912667267255,199.94484864,304.15303477632534
74,55,201.07914688000002,0.0645957663305979,0.7423926890676146,301.58118320391395,0.6134241234852966,201.07914688000002,301.58118320391395
74,50,201.04519722666666,0.009463451457769697,0.7423200335918528,302.9515675292464,0.05877410380863032,201.04519722666666,302.9515675292464
74,45,201.0989636266667,0.05024608606125803,0.7420431975937928,302.7112777112129,0.7889128152655792,201.0989636266667,302.7112777112129
74,40,201.01263445333336,0.02490146620370015,0.742020397272953,303.153619038308,0.8330418622569334,201.01263445333336,303.153619038308
74,35,200.86724416,0.08062610839840711,0.7412046673084532,302.7648541022542,0.664213342423117,200.86724416,302.7648541022542
74,30,200.87198762666665,0.037714549255317746,0.7410892221966502,303.1227523920609,0.09263483220799369,200.87198762666665,303.1227523920609
74,25,200.83042794666667,0.07726914181962566,0.7409174792528601,302.5002773058371,0.6885948909372523,200.83042794666667,302.5002773058371
74,20,200.82658538666666,0.01956913513066087,0.7409433801323161,302.5252908798887,0.07897182221074485,200.82658538666666,302.5252908798887
74,15,200.84045717333333,0.04423448942731013,0.740934088421203,301.9581162882752,0.6002461476663774,200.84045717333333,301.9581162882752
74,10,200.84550272,0.0438043211732178,0.7410689960183926,301.36663877737453,0.7384640026445632,200.84550272,301.36663877737453
74,5,200.80823594666666,0.0636082940180554,0.7409545726785728,301.684140690047,0.006292712870245715,200.80823594666666,301.684140690047
74,0,200.85908181333335,0.03958180832647872,0.7410655744278717,300.9706395966013,0.8238870310148426,200.85908181333335,300.9706395966013
76,100000,1.11803136,0.05557999895329259,0.7601747073665778,115.45969418863389,0.07588437005142715,1.11803136,115.45969418863389
76,5000,19.314020906666666,0.004672662805953972,0.7569349629711853,118.83385855653658,0.01775272708200058,19.314020906666666,118.83385855653658
76,3000,31.90345408,0.009403882483995412,0.7568920445939309,121.26851721677976,0.08380168107329583,31.90345408,121.26851721677976
76,2000,47.39365589333334,0.06657519308548598,0.7568302664211819,124.21120521972882,0.026870863466575606,47.39365589333334,124.21120521972882
76,1500,62.571737600000006,0.07842990310897525,0.7567904172507021,127.18537101766917,0.09807633540111511,62.571737600000006,127.18537101766917
76,1000,91.82390421333332,0.04075026124012832,0.7566631399298395,134.42278992878093,0.04248175918956218,91.82390421333332,134.42278992878093
76,900,101.34950271999999,0.022139496725909376,0.7567789856743926,137.74691962966915,0.08760829046584924,101.34950271999999,137.74691962966915
76,800,112.95348501333335,0.12283312650041626,0.756755708720212,142.7182033083391,0.048367763372913174,112.95348501333335,142.7182033083391
76,700,127.46408362666666,0.04650593226919361,0.7566995601086671,151.30201285007882,0.04043344964977402,127.46408362666666,151.30201285007882
76,600,145.72487424,0.0357592187962898,0.7566434443395863,165.14038270978702,0.12013371674765021,145.72487424,165.14038270978702
76,550,156.39362005333334,0.04090425654033688,0.7565896638540095,175.6423413531837,0.1223712567377096,156.39362005333334,175.6423413531837
76,340,196.129264,0.18068925772115088,0.7592216598539322,262.1512657086515,0.228077859062382,196.129264,262.1512657086515
76,260,197.11641621333334,0.07636082922651981,0.7620762258622985,266.40702621204883,0.09088096300802474,197.11641621333334,266.40702621204883
76,220,197.92142207999999,0.030231232090167218,0.7574466176373812,274.07140377808076,0.2726992250183042,197.92142207999999,274.07140377808076
76,200,198.04021610666666,0.14081200781137268,0.7566749385399034,274.6415115749476,0.06521626757247721,198.04021610666666,274.6415115749476
76,180,198.00341333333333,0.10854765111281212,0.7643789851768626,265.84003091595724,0.12368516409752382,198.00341333333333,265.84003091595724
76,160,198.52559829333336,0.32541012270944947,0.7626514531800682,268.905527449653,0.18476673618099496,198.52559829333336,268.905527449653
76,140,200.1944586666667,0.03976281926014418,0.7598624961321745,278.76884663245687,0.2843568831501716,200.1944586666667,278.76884663245687
76,120,200.29089621333335,0.03649408747687663,0.7585799947820213,280.39953367436345,0.22999996075982374,200.29089621333335,280.39953367436345
76,100,201.11286784,0.037169686927868206,0.7609203175730156,293.12610245428465,0.6507251605253597,201.11286784,293.12610245428465
76,90,201.03580565333334,0.16953142587390152,0.7600428356259079,294.4813519208826,0.43696778420627774,201.03580565333334,294.4813519208826
76,80,201.30728639999998,0.3676194811952377,0.7597283713876433,294.04822672340265,0.25513912546494477,201.30728639999998,294.04822672340265
76,70,201.01875349333332,0.12110014188656647,0.7594179734907511,294.25544848078147,0.5608414136028383,201.01875349333332,294.25544848078147
76,65,201.5163844266667,0.4196942341454029,0.7588538596768485,295.8790315691017,0.16550767037656208,201.5163844266667,295.8790315691017
76,60,201.40827221333333,0.164154744392225,0.7586356681339268,295.4229581413351,0.6777157414986839,201.40827221333333,295.4229581413351
76,55,201.6164612266667,0.09244815719161481,0.7562864583987836,298.3072425615033,0.5155051878988517,201.6164612266667,298.3072425615033
76,50,201.71008384,0.09060353305378219,0.756152906645506,299.16432049584836,0.27572499427084596,201.71008384,299.16432049584836
76,45,201.68185941333334,0.10107579988188027,0.75599670773157,299.35741275411567,0.060488843746579264,201.68185941333334,299.35741275411567
76,40,201.75197973333334,0.18698887283139176,0.7559881137547197,299.2587319144434,0.6923176262358849,201.75197973333334,299.2587319144434
76,35,201.67466986666668,0.12914662007320146,0.7557416755747289,298.94248964112114,0.0766577567500771,201.67466986666668,298.94248964112114
76,30,201.48885546666668,0.2864806815699645,0.7556794211809666,298.49618026901805,0.6926736075133302,201.48885546666668,298.49618026901805
76,25,201.605808,0.10421384893471515,0.7558409359539057,298.24207333653555,0.17026702246210873,201.605808,298.24207333653555
76,20,201.50647893333334,0.13215003303019052,0.756090816614587,297.80635344937076,0.10910903328202139,201.50647893333334,297.80635344937076
76,15,201.45621141333334,0.22147543126608105,0.7560724099003474,296.74988731641133,0.4933652349198738,201.45621141333334,296.74988731641133
76,10,201.47617301333335,0.19923993137090984,0.7561213629671967,296.1549290896981,0.7886099209440841,201.47617301333335,296.1549290896981
76,5,201.63343424,0.23179927390491567,0.7562055549423418,297.1120153427521,0.8572043648669252,201.63343424,297.1120153427521
76,0,201.81807466666666,0.1964477385582483,0.7560493902439642,298.218731557183,0.13250667682470207,201.81807466666666,298.218731557183
78,200000,0.5795442133333334,0.020445206370083596,0.781238246358433,115.25058807118585,0.09195251230332457,0.5795442133333334,115.25058807118585
78,100000,1.07769984,0.03326423786427699,0.779561020237862,115.32847040559643,0.037789646389333555,1.07769984,115.32847040559643
78,40000,2.6756668799999996,0.014205039842985337,0.7834179154210551,115.5623018681916,0.3133868022235344,2.6756668799999996,115.5623018681916
78,5000,20.339248746666666,1.1814337334150888,0.7797428536039889,119.3143810098263,0.2030823638840094,20.339248746666666,119.3143810098263
78,3000,33.59741632,1.9569685016609915,0.7799136632061664,121.73682342199457,0.33146416261583517,33.59741632,121.73682342199457
78,2000,49.958851626666664,3.0096154995548736,0.7800343160922368,124.76822061976252,0.5224969872976197,49.958851626666664,124.76822061976252
78,1500,65.90068096,3.9565737434150816,0.7800996803860217,127.91496460639907,0.8344024120738422,65.90068096,127.91496460639907
78,1000,96.84418101333334,5.887561282168848,0.7800431012987553,135.61244814615293,2.0503180533100815,96.84418101333334,135.61244814615293
78,900,106.92670261333335,6.488832147082655,0.7799912606343679,139.28524384588167,2.711846565199157,106.92670261333335,139.28524384588167
78,800,119.31417482666666,7.327572124857473,0.7800111352274798,145.03324727024997,3.8432231234043357,119.31417482666666,145.03324727024997
78,700,134.74500661333335,8.180970046632988,0.7799708878628225,154.46124816648296,5.568868723516077,134.74500661333335,154.46124816648296
78,600,154.14004416,9.456010389608943,0.7800620288436705,170.54821147077578,8.857056106164892,154.14004416,170.54821147077578
78,550,165.41776768,9.957353657390462,0.7800377856889131,182.89150014953944,11.92781097103439,165.41776768,182.89150014953944
78,450,185.58549738666667,7.049544539775672,0.7777022332980613,219.37837406959412,17.74371563568075,185.58549738666667,219.37837406959412
78,380,190.20457322666667,0.057513923546912274,0.7755055528792109,231.14236781678036,0.21204259729385072,190.20457322666667,231.14236781678036
78,340,194.57454869333333,0.11432924334441906,0.7815927980769106,242.02287473661758,0.15238050112250615,194.57454869333333,242.02287473661758
78,300,196.20004138666664,0.0907988779041068,0.7772051248837418,250.78988400618246,0.14316918306343576,196.20004138666664,250.78988400618246
78,220,197.04694805333335,0.2512453674063953,0.7810853690242258,258.29845307060486,0.2849465782222366,197.04694805333335,258.29845307060486
78,200,197.48019328,0.24731856356775545,0.779925160765019,259.8767078264259,0.12961903810992986,197.48019328,259.8767078264259
78,180,196.63593258666666,0.1156777369384474,0.7767856800297098,256.47522973702206,0.10630476800492729,196.63593258666666,256.47522973702206
78,160,197.1076027733333,0.017955570882877067,0.7751836340951656,259.5430787642561,0.28861500360042275,197.1076027733333,259.5430787642561
78,140,201.43891071999997,0.05748000343736857,0.7802379330411897,276.14488959351115,0.21856504351460093,201.43891071999997,276.14488959351115
78,120,201.6684928,0.10208047791636266,0.7787714398290726,277.7127626637196,0.3475435432209523,201.6684928,277.7127626637196
78,55,202.81470272,0.06031648631806603,0.7831978331838262,284.7613767626405,0.1843247190538237,202.81470272,284.7613767626405
78,50,202.90467797333335,0.02078836274908526,0.7831796550027147,284.71566654696596,0.16814470754214145,202.90467797333335,284.71566654696596
78,45,203.10027114666664,0.03207016292922708,0.7830488593258814,284.9921952313269,0.046869932219209404,203.10027114666664,284.9921952313269
78,40,203.11154496000003,0.1344076708409076,0.7829495647407447,285.2380887962358,0.3196193316969399,203.11154496000003,285.2380887962358
78,35,203.0682427733333,0.11152260842462379,0.7827663704401177,284.8892124566985,0.1031580687669978,203.0682427733333,284.8892124566985
78,30,203.18243776,0.16950896652056668,0.7827407874574169,285.08226503337966,0.08279244980500115,203.18243776,285.08226503337966
78,25,202.9654660266667,0.09775597923481448,0.7828086908301733,284.0580777459366,0.05039801090418881,202.9654660266667,284.0580777459366
78,20,203.001072,0.2074590142902381,0.7830731441220715,283.6232655896692,0.2310720021049978,203.001072,283.6232655896692
78,15,202.99953194666668,0.09656638143293221,0.783087817002917,283.3045410565989,0.3079699432969084,202.99953194666668,283.3045410565989
78,10,203.08432042666666,0.068829341542599,0.7831941124653589,283.4440735666445,0.204356912346166,203.08432042666666,283.4440735666445
78,5,203.34381311999996,0.28030495466983757,0.7830957796692951,284.4474841541458,0.21852466156551212,203.34381311999996,284.4474841541458
78,0,203.61617472,0.03825601369938073,0.7827062000326978,284.43010474628585,0.39140596331261857,203.61617472,284.43010474628585
79,200000,0.57213952,0.018395791574379185,0.788293609701262,115.2800421307466,0.3404011490075408,0.57213952,115.2800421307466
79,100000,1.1046008,0.007906480433467216,0.7924835931680121,115.34099649170686,0.11218042138984712,1.1046008,115.34099649170686
79,5000,20.405206613333334,0.11085237871505695,0.7917923428976392,119.19478508463759,0.03271192941784514,20.405206613333334,119.19478508463759
79,3000,33.56122794666667,0.025649209226814535,0.7929247064499191,121.53672596895916,0.023147803807707153,33.56122794666667,121.53672596895916
79,2000,49.747422719999996,0.02960812099797199,0.7928379767566747,124.48719676160367,0.055167029339427895,49.747422719999996,124.48719676160367
79,1500,65.60069077333333,0.05688983812331904,0.7929378387668837,127.45814076268185,0.052809405466700786,65.60069077333333,127.45814076268185
79,1000,95.94476757333335,0.06544550979666522,0.7928615176373275,134.55184181633447,0.06379094059616326,95.94476757333335,134.55184181633447
79,900,105.86578986666666,0.06296965507007614,0.7927866704789798,137.70997701326863,0.16710672450200525,105.86578986666666,137.70997701326863
79,800,117.83517909333334,0.02848198568778579,0.7928641057333095,142.81385386041518,0.052904362625544196,117.83517909333334,142.81385386041518
79,700,132.66205994666666,0.06817525932127189,0.7929722978068331,151.09959244596067,0.03245737327287887,132.66205994666666,151.09959244596067
79,600,151.47524266666667,0.16407361269605583,0.7929771820990449,165.25520789592954,0.06961518027732506,151.47524266666667,165.25520789592954
79,550,161.96983765333334,0.02527711608730445,0.7929775595755183,175.06910391441772,0.00889082293907278,161.96983765333334,175.06910391441772
79,450,183.85742762666666,0.41393192447267657,0.7910878747257124,206.80395684930616,0.13552657159926204,183.85742762666666,206.80395684930616
79,380,191.91112341333337,0.24397546142490115,0.7857176275207708,230.49570470141524,0.11970361721669338,191.91112341333337,230.49570470141524
79,300,193.9487432533333,0.2951991336713539,0.789662078488357,240.64293532250704,0.3711292360642141,193.9487432533333,240.64293532250704
79,260,197.414570112,1.5967414286232853,0.7902370407182238,251.04260457545513,1.1367819219241564,197.414570112,251.04260457545513
79,220,199.95833215999997,0.09506241151081804,0.7892219196055729,260.60006664247936,0.14555697634487705,199.95833215999997,260.60006664247936
79,200,200.2726784,0.1346552603918741,0.7883235654869137,262.2275521395576,0.6810845690308186,200.2726784,262.2275521395576
79,180,199.8425751466667,0.008744460274547035,0.7887152313328709,259.0491556209806,0.08285221120132943,199.8425751466667,259.0491556209806
79,160,200.01907818666666,0.06144591243663208,0.7873397854417528,261.55450787733685,0.06435099661805367,200.01907818666666,261.55450787733685
79,100,201.99100202666668,0.14092229252797497,0.7885713891029008,276.5403310485098,0.16669321104665402,201.99100202666668,276.5403310485098
79,90,201.99433962666663,0.05224151271203488,0.7880255718743684,277.67839593047614,0.09832943770012724,201.99433962666663,277.67839593047614
79,80,202.1192074666667,0.023820901642629067,0.7871335227830327,278.5484457840021,0.09110509191061775,202.1192074666667,278.5484457840021
79,70,202.1392657066667,0.13216709229640355,0.7869771773267299,278.36591129793965,0.4941760477088806,202.1392657066667,278.36591129793965
79,65,202.2907677866667,0.06931615611203877,0.7863524211582126,280.02865040144417,0.17867182505790993,202.2907677866667,280.02865040144417
79,60,202.32813610666668,0.047041258590346864,0.7860169548699782,280.190607519271,0.09669717295631537,202.32813610666668,280.190607519271
79,30,204.92013536000002,0.21181389287297495,0.7949578403765112,284.4948943713505,0.15043864781323577,204.92013536000002,284.4948943713505
80,200000,0.561274752,0.013227942601339054,0.7979407280590218,114.8860464718739,0.2002998203512464,0.561274752,114.8860464718739
80,40000,2.5255059199999996,0.07153667920029459,0.7973086299083171,115.62823008637076,0.09996625169677599,2.5255059199999996,115.62823008637076
80,5000,19.046715306666666,0.004176757991999079,0.8042065699986433,118.83140479421006,0.05627976117656533,19.046715306666666,118.83140479421006
80,3000,31.439198293333334,0.00468341357991378,0.8045690140628702,120.97009363595384,0.02174905380774779,31.439198293333334,120.97009363595384
80,2000,46.70479168,0.01989941819418778,0.8047008419792304,123.70586382437996,0.07439491855188865,46.70479168,123.70586382437996
80,1500,61.640290773333334,0.021655951997191957,0.804742901366616,126.46623513349215,0.09226584508043047,61.640290773333334,126.46623513349215
80,1000,90.51548010666666,0.022640289190702448,0.8047503781267649,132.6403146360709,0.02414197351581121,90.51548010666666,132.6403146360709
80,900,100.03934805333334,0.03320257244331317,0.8047930157752212,135.23597180228845,0.08428085561456675,100.03934805333334,135.23597180228845
80,800,111.46437482666666,0.03867816581093997,0.8048218868064557,139.24403742384888,0.04260464817743257,111.46437482666666,139.24403742384888
80,700,125.56684053333333,0.055908380418962116,0.8047261629307488,145.73493539701602,0.09576510165454617,125.56684053333333,145.73493539701602
80,600,143.73114944,0.038598637348982,0.8047481479187545,157.56626754272912,0.06381509645259165,143.73114944,157.56626754272912
80,550,154.17656725333333,0.0404009634474548,0.8046154788122277,165.99608292817808,0.06876648746832752,154.17656725333333,165.99608292817808
80,450,176.73429333333334,0.02418818748654862,0.8029413801950308,193.65517253165328,0.8827506701570104,176.73429333333334,193.65517253165328
80,380,187.9189390933333,0.04720661446083591,0.7982261024663994,219.30920912299632,0.14014390391535134,187.9189390933333,219.30920912299632
80,340,194.36942752,0.8812156090031638,0.8002230638034038,231.82378198482525,1.2012246277792995,194.36942752,231.82378198482525
80,300,196.87805226666669,0.38483394850148933,0.79733603912782,242.49431111092852,0.4165840249760012,196.87805226666669,242.49431111092852
80,180,196.56463466666665,0.09339412779173677,0.8037314088676815,239.14713988774983,0.16261448470152698,196.56463466666665,239.14713988774983
80,160,197.18897386666666,0.06804000697140442,0.8021722119050599,242.22833700430934,0.11015060626798223,197.18897386666666,242.22833700430934
80,140,199.6194293333333,0.12317993275377091,0.7982009156283407,255.4297332369517,0.15662559450220545,199.6194293333333,255.4297332369517
80,120,199.818752,0.12005619830344576,0.7970203610153536,257.5707173754431,0.07109431021138583,199.818752,257.5707173754431
80,100,203.07574698666667,0.019294802073159863,0.8001298541352467,276.7649102567287,0.15061027129929042,203.07574698666667,276.7649102567287
80,90,203.17759018666666,0.11517678064724551,0.7994677362420539,277.9185630665424,0.20233493498670635,203.17759018666666,277.9185630665424
80,80,203.41023552000001,0.13022416374050108,0.7990592710606158,278.68199380514807,0.1747398733857542,203.41023552000001,278.68199380514807
80,70,203.70093482666667,0.10098667514953065,0.7985447766821583,279.70639977735374,0.4101468124505019,203.70093482666667,279.70639977735374
80,65,203.6479537066667,0.10360247912641005,0.7983327000150601,280.112515325814,0.1655477794466408,203.6479537066667,280.112515325814
80,60,203.82443114666668,0.21944969425420355,0.7981144065126485,280.43507143210013,0.14633311750882327,203.82443114666668,280.43507143210013
80,55,204.1137636266667,0.11942803743715993,0.7956182075635246,284.5813086700119,0.33389122405458316,204.1137636266667,284.5813086700119
80,50,204.30096533333335,0.07066266861380963,0.7955316878388649,284.7599504539869,0.13388978113269123,204.30096533333335,284.7599504539869
80,45,204.38347199999998,0.08370731580534022,0.7953430176300623,284.73303609825416,0.13784868184822346,204.38347199999998,284.73303609825416
80,40,204.42601344000002,0.10695252150945475,0.7953226519083137,284.9745475541008,0.20943838623096206,204.42601344000002,284.9745475541008
80,35,204.76800512,0.055830400814356196,0.7950562299686718,284.47147781696145,0.13879921701942916,204.76800512,284.47147781696145
80,25,204.79770986666668,0.02185762974029729,0.7951898904088704,283.71096579511374,0.40323279144121826,204.79770986666668,283.71096579511374
80,20,204.89906815999998,0.05620863457471326,0.7954134994459854,283.6042619014568,0.10432563796169089,204.89906815999998,283.6042619014568
80,15,204.92667391999998,0.06435246428316634,0.7954942133182663,283.69417916447657,0.1542154067686637,204.92667391999998,283.69417916447657
80,10,204.9642304,0.018134205186905835,0.7957351174495834,284.1930491891087,0.09280448359692581,204.9642304,284.1930491891087
80,5,205.01268287999997,0.07557340410064552,0.7956910342163512,284.7653968047496,0.1705167974891986,205.01268287999997,284.7653968047496
80,0,204.95307413333333,0.10240073232604086,0.7956882178830739,285.11156864962396,0.11664074586102059,204.95307413333333,285.11156864962396
82,100000,1.040898304,0.052129239684903156,0.8179715095873787,115.168615287289,0.21241593926509214,1.040898304,115.168615287289
82,5000,20.059942720000002,0.004275224167599469,0.8152482356506753,118.94927712728395,0.033179740420766456,20.059942720000002,118.94927712728395
82,3000,33.12991829333333,0.02551088674163409,0.8160042373009454,121.25338672738485,0.06564953744743351,33.12991829333333,121.25338672738485
82,2000,49.15394560000001,0.0036928452544856298,0.8160486731550584,124.01313973470953,0.0188329701763905,49.15394560000001,124.01313973470953
82,1500,64.94262464,0.07172194031026215,0.8160785523045865,126.94630975634806,0.08287964053492435,64.94262464,126.94630975634806
82,1000,95.27829802666668,0.10240357507025408,0.8158885942886664,133.4390768738788,0.037107081430523756,95.27829802666668,133.4390768738788
82,900,105.1542496,0.07756566403874797,0.8161042702042232,136.37320057755002,0.032591539049722056,105.1542496,136.37320057755002
82,800,117.08839765333333,0.05883787025058417,0.8160150467391979,140.8486566976941,0.0704286243287309,117.08839765333333,140.8486566976941
82,700,132.03690496000002,0.13632184255806243,0.8159527204718483,148.11690359416903,0.08037223401547032,132.03690496000002,148.11690359416903
82,600,150.69002432000002,0.06311094516586557,0.8156691158378523,161.29562810333445,0.07842849222153316,150.69002432000002,161.29562810333445
82,550,161.46652074666667,0.12973826208936196,0.815234890287234,170.83447875243266,0.03038287378439188,161.46652074666667,170.83447875243266
82,380,186.8348258133333,0.19551871381188934,0.8224529957852043,207.21840366687044,0.2353374688346766,186.8348258133333,207.21840366687044
82,340,190.92162538666665,0.11665824251057637,0.8190411778596715,218.04289519357198,0.1794290434110764,190.92162538666665,218.04289519357198
82,300,194.28475423999998,1.0087191786818355,0.8198007736860089,227.87835960517546,1.406799784778141,194.28475423999998,227.87835960517546
82,260,197.09682218666669,0.12484701132416749,0.8207131287188879,236.57649456654346,0.14661147202122626,197.09682218666669,236.57649456654346
82,220,198.54193536000002,0.2052376432964151,0.8172245908579515,243.18740475800442,0.3160268259043929,198.54193536000002,243.18740475800442
82,200,198.88757482666665,0.06514146413933264,0.8164520100052494,244.33038777301462,0.012212885697061993,198.88757482666665,244.33038777301462
82,180,198.2769634133333,0.0407243843113359,0.8151676189739504,239.055661116607,0.11665194630086773,198.2769634133333,239.055661116607
82,100,202.08068629333332,0.03691291701861907,0.8177942584212122,257.63134328836895,0.0913041158701616,202.08068629333332,257.63134328836895
82,90,202.3096853333333,0.014745458337282876,0.8171427114383506,258.9929353453274,0.25493876145634053,202.3096853333333,258.9929353453274
82,80,201.01260309333335,2.4451170380117393,0.8191397336173036,250.1573096502233,17.64543561614214,201.01260309333335,250.1573096502233
82,70,202.74811754666666,0.09401706278899974,0.8162216369603378,261.22702566220386,0.10552079166720009,202.74811754666666,261.22702566220386
82,65,202.72773738666663,0.03125965478802672,0.8156247058499941,262.0405391161914,0.10632429375119601,202.72773738666663,262.0405391161914
82,60,202.8276987733333,0.09168459672739367,0.8152989293198143,262.8329518663221,0.12226131175872582,202.8276987733333,262.8329518663221
82,55,206.30304810666667,0.1051796600335212,0.8248485699910836,271.6225778208363,0.16949393545607472,206.30304810666667,271.6225778208363
82,50,206.36667370666666,0.10027618040536795,0.8247087934295974,271.71987286768626,0.1709240502539875,206.36667370666666,271.71987286768626
82,45,206.63962623999998,0.21400295303009015,0.8247181453667402,272.13544265196015,0.2733691541543828,206.63962623999998,272.13544265196015
82,40,205.61008064,1.4561773114250884,0.8242809647450601,272.4060412274325,0.10611167177334563,205.61008064,272.4060412274325
82,35,206.73639765333334,0.07586248974986505,0.8242769970232536,272.763986188037,0.09536733347543287,206.73639765333334,272.763986188037
82,30,206.77813632000002,0.02978613597798411,0.8242845397759965,272.99473996520703,0.05035839162799929,206.77813632000002,272.99473996520703
82,25,206.93555114666665,0.028564230408171434,0.8244014556927932,273.17748401865055,0.3624717509006039,206.93555114666665,273.17748401865055
82,20,206.98839957333334,0.050776314483653925,0.8246015333425878,272.8937554819613,0.13924170775577577,206.98839957333334,272.8937554819613
82,15,206.99886144,0.041416749923144064,0.8246465893195297,273.1185613462593,0.1482513282136246,206.99886144,273.1185613462593
82,10,207.10258944,0.010393288586483087,0.8249188850999288,273.992200410447,0.20190377431133857,207.10258944,273.992200410447
82,5,207.13731093333334,0.036179458502986074,0.824963687319014,274.52646947498596,0.21423422018301336,207.13731093333334,274.52646947498596
82,0,207.02499392000001,0.12823822976933696,0.8249256985446204,274.1897470091983,0.18174956953241692,207.02499392000001,274.1897470091983
83,200000,0.54218112,0.016067364428555164,0.8273888492781328,114.79438760059911,0.016918414657383918,0.54218112,114.79438760059911
83,100000,1.0146472533333333,0.03635546278906286,0.8322607934772023,114.82396105913176,0.11467874343350777,1.0146472533333333,114.82396105913176
83,40000,2.5639613866666666,0.005707517069596121,0.8271502252426352,115.285073062173,0.2761631001066372,2.5639613866666666,115.285073062173
83,5000,18.57321472,0.0072891825833057925,0.8256442854928766,118.67851626495447,0.04789309243451428,18.57321472,118.67851626495447
83,3000,30.67624512,0.04874183842953999,0.8260823368003826,120.70915789540418,0.04595104205022738,30.67624512,120.70915789540418
83,2000,45.44523968000001,0.030234796433572256,0.8263649123148191,123.17985791594784,0.06403945352647084,45.44523968000001,123.17985791594784
83,1500,59.94735637333333,0.056284576337343066,0.826514841521556,125.71613660048382,0.00662736091222718,59.94735637333333,125.71613660048382
83,1000,88.00696832,0.06199414988947013,0.8266799851098944,131.22894946287553,0.10483043225934173,88.00696832,131.22894946287553
83,900,97.18516672,0.14459578426899167,0.8267211128039199,133.4490329152209,0.045347706079042656,97.18516672,133.4490329152209
83,800,108.20116181333333,0.14392990260070185,0.8267488448639796,136.7874785978665,0.12342184310693388,108.20116181333333,136.7874785978665
83,700,121.88955391999998,0.06574350605957636,0.8268071516566091,142.13324969303068,0.1504538469645178,121.88955391999998,142.13324969303068
83,600,140.13639146666665,0.11161639672835004,0.8268865864709971,152.34541026576713,0.11950053244678768,140.13639146666665,152.34541026576713
83,550,150.54399594666668,0.041514456363420146,0.8268622953136674,159.67886643444822,0.06978386209512008,150.54399594666668,159.67886643444822
83,450,173.49236096000004,0.09423648682999082,0.825599778483829,183.1298823943654,0.30920166207156974,173.49236096000004,183.1298823943654
83,380,189.65312938666668,0.3369717007049369,0.831678014461291,210.8345294162649,0.2270233690648245,189.65312938666668,210.8345294162649
83,340,193.01607018666667,0.11911565387168044,0.8279979078543054,220.97871377496213,0.20492192159171704,193.01607018666667,220.97871377496213
83,220,194.76185088,0.06834049740518536,0.8339242931491754,223.82429634523578,0.3823268770676979,194.76185088,223.82429634523578
83,200,194.9257226666667,0.03980657371249493,0.8331273867333134,224.37717853693917,0.18025962967533823,194.9257226666667,224.37717853693917
83,180,195.3410551466667,0.06993345455269098,0.8301812938568602,224.87193385969053,0.10033779246937193,195.3410551466667,224.87193385969053
83,160,196.10603776000002,0.05219684531673539,0.828684539113253,227.60419164783391,0.14830562318250642,196.10603776000002,227.60419164783391
83,140,198.21754218666663,0.08749130113997033,0.8266835604700503,235.88438990449595,0.15842991292369468,198.21754218666663,235.88438990449595
83,120,198.56007402666668,0.04116752301608594,0.8254512027787295,237.29948422650656,0.18936147893175942,198.56007402666668,237.29948422650656
83,100,204.6292753066667,0.08087499382288385,0.8307308713620699,259.67774728062017,0.09865070306094938,204.6292753066667,259.67774728062017
83,90,204.81669930666666,0.02516134044444506,0.8300387399312689,260.7847595454884,0.16976742147991836,204.81669930666666,260.7847595454884
83,80,204.93582912,0.04929921332260254,0.8293932572059172,262.1498368664029,0.16446401398573177,204.93582912,262.1498368664029
83,70,205.11515221333332,0.03220221312557069,0.828829447757148,263.45027557697483,0.1729960618931027,205.11515221333332,263.45027557697483
83,65,205.30531690666666,0.036163085916236584,0.8285387160055292,264.2313942980807,0.12534436134919233,205.30531690666666,264.2313942980807
83,60,205.37695061333332,0.028000315846135937,0.8282446816082937,264.7262319835473,0.12858373356144906,205.37695061333332,264.7262319835473
84,200000,0.53232448,0.02202304147859688,0.8387788906319418,115.04004208061384,0.08114999479440108,0.53232448,115.04004208061384
84,40000,2.396773973333333,0.022484373916027433,0.8363617623864013,115.44124188444327,0.2984081825442089,2.396773973333333,115.44124188444327
84,5000,19.59284565333333,0.008794680954425026,0.8377143678965223,118.4948219474882,0.06760706130228689,19.59284565333333,118.4948219474882
84,3000,32.37205888,0.006224387048115796,0.8383918856877646,120.71291341581191,0.07030010304044002,32.37205888,120.71291341581191
84,2000,48.056598613333335,0.016340122425454535,0.8385022132928982,123.37511307918528,0.04928676991405627,48.056598613333335,123.37511307918528
84,1500,63.38660714666667,0.0010242962238263004,0.8387724156470174,126.05042771715347,0.06964885495272677,63.38660714666667,126.05042771715347
84,1000,93.07169962666667,0.03612740603278645,0.8388615712690409,131.96572292492192,0.03827739539834241,93.07169962666667,131.96572292492192
84,900,102.68722048,0.01479448564600027,0.8388236297876791,134.42186194565406,0.09572560294434204,102.68722048,134.42186194565406
84,800,114.23858837333334,0.019587369355464228,0.8387842465029639,138.0057580704556,0.0847030702718122,114.23858837333334,138.0057580704556
84,700,128.74499754666667,0.05378501159252644,0.8385984973755157,144.01007798985384,0.01793739444356836,128.74499754666667,144.01007798985384
84,600,147.0210327466667,0.04698398150977225,0.8384703166867155,155.1518760608851,0.05808847514623718,147.0210327466667,155.1518760608851
84,550,157.62685354666667,0.1261369449153811,0.838260341097297,163.22439393006854,0.12007602687649398,157.62685354666667,163.22439393006854
84,450,179.26338816,0.07868137417503884,0.8361934119889339,188.5714583466896,0.23606994524605263,179.26338816,188.5714583466896
84,340,188.15960938666663,0.07251724311729918,0.8439126787286368,205.47151368323645,0.33043217520873597,188.15960938666663,205.47151368323645
84,300,191.08337749333336,0.12705791704763275,0.8407812731942729,212.5079586664864,0.18216625484652801,191.08337749333336,212.5079586664864
84,260,193.06602368000003,0.08607876855505091,0.8373059802387847,218.65323455006515,0.14690058429579367,193.06602368000003,218.65323455006515
84,220,197.45936789333334,0.04767210750390943,0.8446180287422033,226.40822060610415,0.13444060601125576,197.45936789333334,226.40822060610415
84,200,197.92051392,0.02467799328297723,0.843892446117863,227.98135380382578,0.020455136859453174,197.92051392,227.98135380382578
84,180,197.83075221333334,0.17730779556747506,0.8429751053644314,223.77258807453632,0.22426828423434808,197.83075221333334,223.77258807453632
84,160,198.82275072000002,0.3732636282423757,0.8418550666875335,226.55282483214603,0.14039769656757056,198.82275072000002,226.55282483214603
84,140,201.23613610666666,0.07022308577054634,0.8389160002874988,237.72299109466758,0.10137686189299275,201.23613610666666,237.72299109466758
84,120,201.72688768,0.03805490686779655,0.8376965636310906,239.7302093024996,0.04363599351745809,201.72688768,239.7302093024996
84,65,204.67784288,0.07155377567599595,0.8449637718995879,251.92844518669207,0.23458573934672583,204.67784288,251.92844518669207
84,60,204.75988629333335,0.043286201471962785,0.8447667961994867,252.4158010010576,0.19582248886025902,204.75988629333335,252.4158010010576
84,55,205.84197930666664,0.14004488388310427,0.8419238505018672,260.3480313989118,0.198533137675313,205.84197930666664,260.3480313989118
84,50,206.00913791999997,0.08842449577829355,0.842000633888925,260.760323978871,0.06411084264236395,206.00913791999997,260.760323978871
84,45,206.11602026666665,0.1607909128249464,0.8419577996241765,260.9550155977376,0.0669788728656588,206.11602026666665,260.9550155977376
84,40,206.1183394133333,0.07474399881654473,0.8418399364616946,261.4525150294779,0.2557421538467568,206.1183394133333,261.4525150294779
84,35,206.27161088000003,0.088551040339986,0.8415728975988713,261.13323647307215,0.17593762128444537,206.27161088000003,261.13323647307215
84,30,206.30087637333335,0.015321959432133036,0.8415138971409045,261.18476838436885,0.08040347137907802,206.30087637333335,261.18476838436885
84,25,206.4025728,0.052331591429356866,0.8415354112246071,261.5516910092982,0.023268770736184215,206.4025728,261.5516910092982
84,20,206.31731136,0.13018202851095265,0.8416124521801659,261.4505465100176,0.14471103681237762,206.31731136,261.4505465100176
84,15,206.3564096,0.0553837389509193,0.8416513308827988,261.2660602671443,0.05177510924756056,206.3564096,261.2660602671443
84,10,206.66049343999998,0.0631559574595632,0.8417180584397693,263.1145615922411,0.2391048557653421,206.66049343999998,263.1145615922411
84,5,206.93409983999996,0.20895707856480694,0.8417500389888314,263.7050127932168,0.15711823699719582,206.93409983999996,263.7050127932168
84,0,206.9306801066667,0.1062830635890301,0.8417095798916526,263.009956085178,0.06622699922129059,206.9306801066667,263.009956085178
85,200000,0.48765696000000003,0.025860092755946036,0.8505711476304353,114.909665933993,0.08950446110070484,0.48765696000000003,114.909665933993
85,100000,1.04665696,0.08034298968559907,0.8496934512789512,114.75231078380624,0.27505524225953093,1.04665696,114.75231078380624
85,40000,2.4663035199999994,0.07314362634675053,0.8492468305162488,115.6286560838206,0.03232950140849483,2.4663035199999994,115.6286560838206
85,5000,18.237911466666667,0.003255477899498362,0.8490753517053022,118.37373423117066,0.11126468609831977,18.237911466666667,118.37373423117066
85,3000,30.189568426666668,0.13034756057635594,0.849627551806364,120.3518769358455,0.07301205386300298,30.189568426666668,120.3518769358455
85,2000,44.693173333333334,0.043829458588222084,0.8500469258047998,122.69581770971963,0.03696897120395663,44.693173333333334,122.69581770971963
85,1500,58.89999722666666,0.021745178974558393,0.8503926776857332,125.10242356709341,0.04218718687225798,58.89999722666666,125.10242356709341
85,1000,86.41035072,0.014585069469948161,0.8505761050597522,130.29763908611505,0.10573963224174199,86.41035072,130.29763908611505
85,900,95.37686592,0.04713305309674798,0.8505947131602888,132.20016206486898,0.07554415241058854,95.37686592,132.20016206486898
85,800,106.38528192000001,0.21920338543277135,0.8502454738163626,134.94696542698816,0.03972545776407341,106.38528192000001,134.94696542698816
85,700,119.73552639999998,0.06693906174673062,0.8504795821465246,139.39280123883273,0.03903614457438186,119.73552639999998,139.39280123883273
85,600,136.93128213333333,0.04984162894424982,0.8504923900881417,147.65117562923396,0.021575431251610426,136.93128213333333,147.65117562923396
85,550,146.39464448,0.11495211280411124,0.8502237478322295,153.82405351721292,0.0543896288258456,146.39464448,153.82405351721292
85,450,169.29596800000002,0.12694247383365556,0.8492628589952883,174.4165342970866,0.3018623633962095,169.29596800000002,174.4165342970866
85,380,183.44648127999997,0.10015485560308043,0.8467516901809203,195.49545252800408,0.35399711491322616,183.44648127999997,195.49545252800408
85,340,191.72534400000004,0.35899209725420095,0.8531810732800245,207.63064690736556,0.1713362603301046,191.72534400000004,207.63064690736556
85,300,194.08373546666667,0.24070632042811677,0.8503494974582902,214.74891229366463,0.1303723678488317,194.08373546666667,214.74891229366463
85,260,195.95675541333333,0.16763425784926522,0.8473747490889852,220.92023093824835,0.14325173613528513,195.95675541333333,220.92023093824835
85,140,198.99166762666667,0.0797960417647555,0.8531688906490907,225.54887022585035,0.17309977308453856,198.99166762666667,225.54887022585035
85,120,199.58785002666664,0.08616691104618035,0.8523262692637185,227.3570383133889,0.1976001592435562,199.58785002666664,227.3570383133889
85,100,203.70540117333334,0.2853433655691495,0.8466170650942079,246.838396713597,0.1481735513762293,203.70540117333334,246.838396713597
85,90,203.7953265066667,0.06147058031413054,0.8460839123273987,248.13758217809388,0.1948224624443445,203.7953265066667,248.13758217809388
85,80,204.1481514666667,0.1019395061880462,0.8455974242425479,249.86871045326401,0.1119975452075752,204.1481514666667,249.86871045326401
85,70,204.35011626666667,0.05994432937943818,0.8453506244934957,251.07194311856702,0.6935900074896698,204.35011626666667,251.07194311856702
86,200000,0.48805970285714284,0.04002601835784224,0.8588203997268111,115.09331528073858,0.1005763687367758,0.48805970285714284,115.09331528073858
86,40000,2.33954112,0.005013330510069872,0.8580791232728624,115.0934616217911,0.36534534655806883,2.33954112,115.0934616217911
86,5000,19.129909546666667,0.008760123465556033,0.8607557189088667,118.51488663885601,0.012277991247288495,19.129909546666667,118.51488663885601
86,3000,31.658738986666666,0.06303877713439959,0.8613028233588818,120.5812422255309,0.08214757570033263,31.658738986666666,120.5812422255309
86,2000,47.003012266666666,0.05538606485345133,0.8614914355473232,123.02893327099166,0.07984662248775957,47.003012266666666,123.02893327099166
86,1500,62.063064319999995,0.02707376588850686,0.8620770503071312,125.44299276600395,0.054949586204725766,62.063064319999995,125.44299276600395
86,1000,91.27175402666667,0.03993790186411546,0.8621587135188419,130.8870542466321,0.09117882142444422,91.27175402666667,130.8870542466321
86,900,100.88054634666666,0.11753872923347292,0.8620888654359522,133.15913944649625,0.08220108479440609,100.88054634666666,133.15913944649625
86,800,112.43829098666667,0.05959111458906818,0.8620117688910053,136.41464316685298,0.2253735179735155,112.43829098666667,136.41464316685298
86,700,126.90238357333334,0.016201509761808956,0.8620690019457179,141.5861448437938,0.1290459875369207,126.90238357333334,141.5861448437938
86,600,145.15972309333333,0.03189347783530874,0.8619434140510108,151.04342323336036,0.1014625197789052,145.15972309333333,151.04342323336036
86,550,155.80958890666668,0.12223812021226231,0.8617623428413207,158.38275350076208,0.018496213011029286,155.80958890666668,158.38275350076208
86,450,178.82396757333333,0.1631787681377489,0.8601500414559188,180.4218501193162,0.043531963345341915,178.82396757333333,180.4218501193162
86,380,188.17224853333335,0.06301672180110235,0.8560366190989123,198.77621625380382,0.11669544788109025,188.17224853333335,198.77621625380382
86,260,191.07140522666668,0.04119089728640234,0.8626373291298153,205.97693703776997,0.10600161382308025,191.07140522666668,205.97693703776997
86,220,194.52334698666667,0.04402789413569563,0.8600259270709842,212.05617538497995,0.1988906125520014,194.52334698666667,212.05617538497995
86,200,195.0305437866667,0.1142412128676572,0.8589733602828497,213.30803962692892,0.2039785462056479,195.0305437866667,213.30803962692892
86,180,195.05881322666664,0.0489265358947111,0.8564798228775311,213.07068710090826,0.18112905269928772,195.05881322666664,213.07068710090826
86,160,196.13960341333333,0.08982994917487801,0.855354201753599,216.23138219948805,0.24561155605023627,196.13960341333333,216.23138219948805
86,100,204.08912768000002,0.07454907330338761,0.8609545097641003,245.57849524142367,0.04663707998451973,204.08912768000002,245.57849524142367
86,90,204.36908053333332,0.06497382952795976,0.8604804197589825,247.07363979621027,0.133427420134687,204.36908053333332,247.07363979621027
86,80,204.74293717333333,0.0692461006950666,0.8601198229686888,248.60877069622111,0.14113267114512243,204.74293717333333,248.60877069622111
86,70,205.03113578666662,0.04629441624147554,0.8596586554163718,249.9324972470414,0.05938177799475966,205.03113578666662,249.9324972470414
86,65,205.20829930666665,0.022086511293443956,0.8594867336218225,250.74247989260326,0.05019199636091866,205.20829930666665,250.74247989260326
86,60,205.3528733866667,0.056777508594690794,0.8592613681954315,251.20663513228143,0.0878574136676655,205.3528733866667,251.20663513228143
86,55,206.86832554666668,0.06706182128057643,0.8566303805400834,258.8125444226179,0.1272933254394448,206.86832554666668,258.8125444226179
86,50,207.00999466666667,0.22438059636833135,0.8565995890521232,258.8601816593254,0.08379237300331184,207.00999466666667,258.8601816593254
86,45,207.11849962666668,0.07988232105197056,0.8564622282050088,259.33571476065595,0.10314544225318598,207.11849962666668,259.33571476065595
86,40,207.26015424000002,0.017577821394566505,0.8564130996457511,259.5592188929845,0.177842312737203,207.26015424000002,259.5592188929845
86,35,207.55707882666664,0.08946027024761188,0.8559926863162403,260.1005381043954,0.025180010916541772,207.55707882666664,260.1005381043954
86,30,207.64358485333332,0.04149212135251013,0.8560185621103832,260.24941077094735,0.03134505240604207,207.64358485333332,260.24941077094735
86,25,207.82572266666668,0.057990997060679936,0.8560277640618802,260.36139386740854,0.07842747918761446,207.82572266666668,260.36139386740854
86,20,207.94803136,0.0478315312284783,0.8560936399587445,260.7028272747524,0.16733978931126414,207.94803136,260.7028272747524
86,15,207.96677802666667,0.00698057333639719,0.8561111551086746,260.7509114629202,0.083590831217283,207.96677802666667,260.7509114629202
86,10,208.07123605333334,0.055281938072509175,0.8562227190001371,261.5589585072653,0.35091775381956236,208.07123605333334,261.5589585072653
86,5,208.12212693333333,0.04864543909097758,0.8561548097340911,262.42942684821656,0.2260869830455256,208.12212693333333,262.42942684821656
86,0,208.28593877333333,0.05271907003326357,0.8561617848080655,262.02660568307374,0.3742378455753231,208.28593877333333,262.02660568307374
87,200000,0.44495584,0.04015452864721489,0.8693447419838051,114.9155035262267,0.0960587748831109,0.44495584,114.9155035262267
87,100000,0.963024,0.03737161062445128,0.8706241707302325,115.03788547715033,0.2700063206174427,0.963024,115.03788547715033
87,40000,2.434161066666667,0.003642095675697297,0.870715063666875,114.93840365982551,0.29844302388898925,2.434161066666667,114.93840365982551
87,5000,17.790533333333332,0.055444738602528534,0.8720665340307688,117.8292341538535,0.03959929639125793,17.790533333333332,117.8292341538535
87,3000,29.305406719999997,0.005326024436144154,0.8733291773211072,119.57869951711068,0.01870622851298053,29.305406719999997,119.57869951711068
87,2000,43.45616682666667,0.006199256402034487,0.8737868744143545,122.12338697829085,0.48074047050443314,43.45616682666667,122.12338697829085
87,1500,57.31887594666667,0.031985621712690794,0.8740024164228376,123.95197408632497,0.21943462628761248,57.31887594666667,123.95197408632497
87,1000,84.06563648,0.007689038388155301,0.8742565882756987,128.57328456590054,0.060737659368188375,84.06563648,128.57328456590054
87,900,92.75683114666667,0.0651330329965933,0.8742269303935579,130.23202693336933,0.17429223127112747,92.75683114666667,130.23202693336933
87,800,103.17237440000001,0.08590517206813837,0.8741825632545291,132.67435782815994,0.24826650894123758,103.17237440000001,132.67435782815994
87,700,116.24287488,0.017206888973520934,0.874075911088711,136.2742331035467,0.13125524547709122,116.24287488,136.2742331035467
87,600,132.79723157333333,0.02931201746956973,0.8738570402163184,142.51497608977039,0.10639523821673201,132.79723157333333,142.51497608977039
87,550,142.0857152,0.09851731716195593,0.8735834644764126,147.42054968425302,0.052649585993099934,142.0857152,147.42054968425302
87,450,163.77752085333333,0.03603926670218244,0.872305502375335,165.49566063456982,0.6315090247965912,163.77752085333333,165.49566063456982
87,380,177.9698056533333,0.0576945526530218,0.8700721042237068,182.47796422810055,0.2212014192832891,177.9698056533333,182.47796422810055
87,340,184.19254357333332,0.0731824542180719,0.8679186755051601,191.5334728169464,0.3474567450543997,184.19254357333332,191.5334728169464
87,300,188.18397696,0.16364106547184712,0.8654236885760792,199.4478894761364,0.20577635814794812,188.18397696,199.4478894761364
87,260,191.47662805333334,0.09076268168525929,0.874324563998854,205.09962059730412,0.11760805781153799,191.47662805333334,205.09962059730412
87,220,194.51026496,1.235051154002468,0.872381268010762,210.2910748962005,0.4131242204721665,194.51026496,210.2910748962005
87,200,194.65846506666665,0.17220078966758057,0.8713472061771429,211.62184582385927,0.13353978759441382,194.65846506666665,211.62184582385927
87,180,194.94396096,0.17397379542513736,0.8695923408111584,209.2968156498617,0.1192919792630328,194.94396096,209.2968156498617
87,160,196.29869248,0.06043287626327501,0.8688430109485817,213.06906998794952,0.03708715103193402,196.29869248,213.06906998794952
87,140,198.97382208,0.022006891027240086,0.8664860358050469,223.7378306780801,0.19118143572246263,198.97382208,223.7378306780801
87,120,199.76754197333335,0.03615109393380609,0.866038538461971,225.99303642478526,0.16142870689421832,199.76754197333335,225.99303642478526
87,55,208.1733373866667,0.06692675255090683,0.8724721019506356,251.69174456339374,0.2925162598652528,208.1733373866667,251.69174456339374
87,50,208.22406463999997,0.08108370191227429,0.872286720957591,252.35462532275702,0.11285508840050786,208.22406463999997,252.35462532275702
87,45,208.36382272000003,0.0587772355633113,0.872129050567318,253.00328442396406,0.16323548065161358,208.36382272000003,253.00328442396406
87,40,208.480368,0.054076545559733256,0.8719292947855104,253.98953471035017,0.0761042850935593,208.480368,253.98953471035017
87,35,209.60519957333335,0.0989718948442181,0.8705164986984016,260.31260118817426,0.07536466932110719,209.60519957333335,260.31260118817426
87,30,209.68752597333332,0.0877954827727363,0.8704727952729598,260.52046702150096,0.25616853140840523,209.68752597333332,260.52046702150096
87,25,210.02727466666667,0.001375195647072033,0.8702027067702889,262.9376626347096,0.13129941702699405,210.02727466666667,262.9376626347096
87,20,210.29665429333332,0.10275109830028202,0.8700705477463592,264.43615021309444,0.18278814037810331,210.29665429333332,264.43615021309444
87,15,210.42925119999998,0.008795466631575996,0.8699613044028238,265.409133494526,0.08118850105125269,210.42925119999998,265.409133494526
87,10,210.62174293333337,0.22567888535391994,0.8699973870923,266.6407141767788,0.1958140163589471,210.62174293333337,266.6407141767788
87,5,210.76786133333334,0.024247778594750406,0.8699769001625387,267.5083482270516,0.21339544034471492,210.76786133333334,267.5083482270516
87,0,210.63023936,0.0889704291026349,0.8700111319698657,267.01088412762095,0.11238133846962327,210.63023936,267.01088412762095
89,100000,0.917757824,0.046884952437605015,0.8910041569062184,115.08901587309693,0.11830276503484143,0.917757824,115.08901587309693
89,40000,2.3361766399999997,0.005344139188606195,0.8923185410489379,115.50024463020206,0.03486358634089451,2.3361766399999997,115.50024463020206
89,3000,30.58926442666667,0.005119346251593032,0.8854742718043869,119.6231215365973,0.12141266405292306,30.58926442666667,119.6231215365973
89,2000,45.359078186666665,0.00586441447776088,0.8858231106991504,121.82250317024692,0.052709509526633766,45.359078186666665,121.82250317024692
89,1500,59.89452010666667,0.14658216452046097,0.8859003018186904,124.18164437416851,0.06395764641754226,59.89452010666667,124.18164437416851
89,1000,87.62431360000001,0.028894370916648166,0.8862017142929265,129.16207504101413,0.043237670420195606,87.62431360000001,129.16207504101413
89,900,96.76616149333331,0.04638238368962182,0.8861729371670971,130.92769691921296,0.04153994019169828,96.76616149333331,130.92769691921296
89,800,107.59427413333333,0.14705035000590402,0.8858498792985191,133.35510819787928,0.23767019892887747,107.59427413333333,133.35510819787928
89,700,121.018784,0.04523723670796802,0.8859895105394946,137.15993656292633,0.07892968345040749,121.018784,137.15993656292633
89,600,137.24362496,0.0910686967035499,0.8855522876650394,143.81239257331663,0.15825285321084218,137.24362496,143.81239257331663
89,550,146.9495712,0.14016402427975136,0.8851276408370001,150.1956779047252,0.3430845638208684,146.9495712,150.1956779047252
89,380,172.72932351999998,0.06804969387968335,0.8948385806549656,170.96777084892324,0.43654761206601506,172.72932351999998,170.96777084892324
89,340,179.80019392,0.008402115463924461,0.8930660625540793,179.89996642275324,0.46087154942350445,179.80019392,179.89996642275324
89,300,184.8280512,0.58542319182683,0.8914106715772379,187.23404631979818,0.1707805456964445,184.8280512,187.23404631979818
89,260,188.17460351999998,0.07143517041538162,0.8892604143313841,193.53368377836077,0.1129029587321151,188.17460351999998,193.53368377836077
89,220,191.40004650666665,0.4056090868996324,0.8873461850603674,198.97621189502172,0.12709718516339538,191.40004650666665,198.97621189502172
89,200,192.11792,0.043966878434609176,0.8866111695663269,200.1704108119052,0.08439392047512866,192.11792,200.1704108119052
89,100,205.72176085333334,0.030377059580708878,0.892368168466192,231.6689569098397,0.11724440277957746,205.72176085333334,231.6689569098397
89,90,206.15937856000002,0.04427343800830787,0.8920288999740614,233.46199945724592,0.1198016602567123,206.15937856000002,233.46199945724592
89,80,206.73770389333333,0.11249745684455574,0.8916554928910325,235.28176726290587,0.0910844961336724,206.73770389333333,235.28176726290587
89,70,207.13656917333333,0.09637176983833684,0.891511613670282,237.22647630674825,0.20959922835531652,207.13656917333333,237.22647630674825
89,65,207.39681130666668,0.11479010787532683,0.8911836477200135,237.94260334915103,0.13110995954994614,207.39681130666668,237.94260334915103
89,60,207.5907325866667,0.11451575743201135,0.890965299026537,238.69396900740477,0.07508915581725498,207.5907325866667,238.69396900740477
89,55,210.43760128,0.028999652507037267,0.8883303511978545,253.33350702574967,0.041559513692701895,210.43760128,253.33350702574967
89,50,210.6759008,0.2596051200591893,0.8881789917608173,254.48728484233473,0.14968154205487563,210.6759008,254.48728484233473
89,45,210.73395413333333,0.035017548862744864,0.8879810514961027,255.267940595181,0.02943126946934348,210.73395413333333,255.267940595181
89,40,210.86701930666666,0.056660007784881616,0.8878276980085134,256.47621102514506,0.18849697129057957,210.86701930666666,256.47621102514506
89,35,212.47147370666667,0.05533157470959107,0.8858806455851617,266.7815910246256,0.1093388414306575,212.47147370666667,266.7815910246256
89,30,212.60678421333333,0.04457754533814468,0.8858005031907729,267.24010811927093,0.1741028296951687,212.60678421333333,267.24010811927093
89,25,213.26794368,0.09072445667671239,0.8851219549537251,272.61972349579815,0.07388020608854315,213.26794368,272.61972349579815
90,100000,0.88195648,0.07424026694296844,0.9021114533710209,115.09152319010089,0.07601234896948891,0.88195648,115.09152319010089
90,40000,2.20494768,0.10012778101623045,0.8998900306971276,115.2894501828492,0.031953772746170846,2.20494768,115.2894501828492
90,5000,17.20517248,0.15492087321829517,0.8958567362311479,117.51176171268263,0.06602285631437917,17.20517248,117.51176171268263
90,3000,28.22435477333333,0.008496265380915493,0.8971762629193414,119.29707518525557,0.06478673577301734,28.22435477333333,119.29707518525557
90,2000,41.84237632,0.013422425553437036,0.8977250607601732,121.24617474997756,0.07693129061811967,41.84237632,121.24617474997756
90,1500,55.233876053333326,0.007504058277528193,0.8979606373741693,123.23791477910413,0.058627736369583294,55.233876053333326,123.23791477910413
90,1000,81.02601152,0.01894639495131045,0.8982407292721808,127.602992665108,0.11567289141488532,81.02601152,127.602992665108
90,900,89.50210794666667,0.15864822120738972,0.8980378998781243,129.12413727623291,0.0541288638324665,89.50210794666667,129.12413727623291
90,800,99.53063808,0.01647947685693808,0.8981990021411996,131.11000047134615,0.12595270402771996,99.53063808,131.11000047134615
90,700,112.17030186666666,0.015383091846584849,0.8981158466567254,134.15125096531926,0.039936177608174916,112.17030186666666,134.15125096531926
90,600,128.20685546666667,0.01636846619029501,0.897928319984547,139.22363355038365,0.12812229025163654,128.20685546666667,139.22363355038365
90,550,137.56974229333335,0.07759326419020454,0.8975645117310557,142.94754148501013,0.0440512068553176,137.56974229333335,142.94754148501013
90,450,158.61340479999998,0.20201984564157952,0.8966967077221346,156.51601846241786,0.09392848112678778,158.61340479999998,156.51601846241786
90,340,180.2104010666667,0.18426367609695193,0.9047649135793941,178.05738620470927,0.2504413582305708,180.2104010666667,178.05738620470927
90,300,184.78314111999998,0.31543546971343334,0.9031514308181802,184.73262638104347,0.16065727055369816,184.78314111999998,184.73262638104347
90,260,188.51676885333328,0.12406968896332907,0.9014859759202526,190.7862088641375,0.08343160300948163,188.51676885333328,190.7862088641375
90,220,191.40425472,0.04374246194574355,0.8998617192351727,196.46829420723256,0.1253138517991944,191.40425472,196.46829420723256
90,200,193.17507392000002,0.1481868697618384,0.8998478586704266,197.2893059194,0.14980403160012565,193.17507392000002,197.2893059194
90,180,196.00590506666666,0.0054717672870685545,0.8988621848456111,196.6517261062304,0.15009952140427218,196.00590506666666,196.6517261062304
90,160,197.71194346666667,0.2324346495208835,0.8981972813777385,200.2479830368558,0.2817734644985926,197.71194346666667,200.2479830368558
90,140,199.63992618666666,0.2416676053157556,0.8962047507558756,209.5133716603914,0.018870849434402814,199.63992618666666,209.5133716603914
90,120,200.4308128,0.12316992831039733,0.895591216604945,211.25136105528836,0.1314503159879612,200.4308128,211.25136105528836
90,35,213.81136661333335,0.16449585807734624,0.903843359564561,261.54012833763323,0.21152035626765356,213.81136661333335,261.54012833763323
90,30,213.74171711999998,0.013743294745118729,0.9037121780633246,262.79519081325645,0.11317181340471068,213.74171711999998,262.79519081325645
90,25,215.18228053333334,0.05071445880072698,0.9022736168554416,273.82177326339564,0.11293725228464487,215.18228053333334,273.82177326339564
90,20,216.16994005333333,0.04632122785226627,0.9016701016924641,282.087015811926,0.13533720332903437,216.16994005333333,282.087015811926
90,15,216.59517909333331,0.021670595829796233,0.9012195129867973,285.60319232035283,0.11181452131618662,216.59517909333331,285.60319232035283
90,10,217.24266623999998,0.045381782270804326,0.9008229026896725,291.88576295109664,0.10615600189484246,217.24266623999998,291.88576295109664
90,5,217.4468128,0.0508799223425611,0.9003150758755538,296.25041338461983,1.7255214382488642,217.4468128,296.25041338461983
90,0,217.49054997333334,0.07865924615552906,0.900459014707577,296.4625691631174,0.822177953310879,217.49054997333334,296.4625691631174
91,100000,0.8064199999999999,0.07642686812876914,0.907681542843143,115.01698623399996,0.1057395471070816,0.8064199999999999,115.01698623399996
91,40000,2.3261523200000003,0.15253322817667261,0.9119365119027526,115.42772271992628,0.046149426176932316,2.3261523200000003,115.42772271992628
91,5000,17.7452,0.04002961931338137,0.9082335363136066,117.79137126550012,0.06623502332996872,17.7452,117.79137126550012
91,3000,29.247773440000003,0.011619404213023139,0.9095649412181209,119.4581784460557,0.07185023682420871,29.247773440000003,119.4581784460557
91,2000,43.38319210666666,0.02188503293417699,0.9100542714856564,121.6457952434286,0.22309743376481656,43.38319210666666,121.6457952434286
91,1500,57.14162624,0.017202489568672517,0.9103115473930868,123.63720630750811,0.037826439212727186,57.14162624,123.63720630750811
91,1000,83.78594517333333,0.052447186230499925,0.9105090184600283,128.0761647276415,0.0833224120469616,83.78594517333333,128.0761647276415
91,900,92.41690175999999,0.021772032278070386,0.9104799760763509,129.65868511435136,0.14806158970587546,92.41690175999999,129.65868511435136
91,800,102.65685845333333,0.02674260183498419,0.9104572709872549,131.6521903502697,0.049801985269183544,102.65685845333333,131.6521903502697
91,700,115.70461824,0.03812508036022728,0.9103990517758495,134.65156738242433,0.07133818294135603,115.70461824,134.65156738242433
91,600,132.1522816,0.01867984870998041,0.9101722740695247,139.77252925198226,0.07968624858417139,132.1522816,139.77252925198226
91,550,141.4854272,0.06446765850407817,0.9099196315086927,143.69991397643722,0.035780236139744084,141.4854272,143.69991397643722
91,450,162.71518976000002,0.272025877976903,0.9086432032404015,157.22014296035073,0.04012143497443301,162.71518976000002,157.22014296035073
91,380,174.09961664000002,0.03853189104072942,0.906443335675403,170.475270200007,0.03935905716459965,174.09961664000002,170.475270200007
91,180,194.88768896,0.039891201863617935,0.9143783316287788,189.0071548592803,0.10458488448496368,194.88768896,189.0071548592803
91,160,196.34455594666667,0.04290188383110714,0.913909170005229,191.29644148182447,0.47662791832665724,196.34455594666667,191.29644148182447
91,140,198.06572991999997,0.05799267575889683,0.912205350574376,201.14870237254502,0.40989779593376047,198.06572991999997,201.14870237254502
91,120,199.1202752,0.09181056631953585,0.9117276054067337,202.9812132502877,0.19784224925712077,199.1202752,202.9812132502877
91,100,205.04978645333335,0.08208270598102702,0.9091446184758644,221.21765162464143,0.3312264982588621,205.04978645333335,221.21765162464143
91,90,205.85570645333334,0.15097098251784166,0.9089455445021252,222.16544918216655,0.1505374103952503,205.85570645333334,222.16544918216655
91,80,206.39568255999998,0.05456652509861405,0.9086535987002636,224.3718991495637,0.08789532050777231,206.39568255999998,224.3718991495637
91,70,207.43601535999997,0.08352543877094881,0.9085336000806024,225.9185281947692,0.7383028617917341,207.43601535999997,225.9185281947692
91,65,207.9432014933333,0.05540918264871906,0.9082370248538657,227.95713834363804,0.16601951117803593,207.9432014933333,227.95713834363804
91,60,207.77648213333336,0.06171482911790592,0.9081204123963901,229.08530936034035,0.12247901583647852,207.77648213333336,229.08530936034035
91,55,211.07728576,0.06167809400904136,0.9060780009837391,243.98110557415598,0.2820464299632809,211.07728576,243.98110557415598
91,50,211.26112533333333,0.07328559618199286,0.9059482136659169,245.12271742455755,0.11354545573350644,211.26112533333333,245.12271742455755
91,45,211.42277994666665,0.06116053800310052,0.9057990360495395,246.3491814481672,0.1431319838798481,211.42277994666665,246.3491814481672
91,40,211.5825284266667,0.026767144546422712,0.9056587129668033,247.59582642248196,0.047160299776039576,211.5825284266667,247.59582642248196
92,5000,16.21660032,0.009435056083012422,0.9200473616581636,117.44015963157422,0.13445561979649964,16.21660032,117.44015963157422
92,3000,26.769973546666666,0.02734166273794747,0.9219124770068389,118.8262076739615,0.05186602590212851,26.769973546666666,118.8262076739615
92,2000,39.75376917333333,0.05199478124638685,0.9223103560989435,120.7334127020335,0.014328263718606307,39.75376917333333,120.7334127020335
92,1500,52.400798720000004,0.015993430472095487,0.9228242820425508,122.6443208162638,0.0626157504306721,52.400798720000004,122.6443208162638
92,1000,76.87974314666667,0.023096650330893958,0.9231134047380035,126.43710757990209,0.0776514528067872,76.87974314666667,126.43710757990209
92,900,84.89500693333333,0.05441530067114482,0.9230344707488921,127.86135569622941,0.11688314120379771,84.89500693333333,127.86135569622941
92,800,94.54849322666666,0.0777834764425228,0.9230582374990512,129.56306405513922,0.02994346709880601,94.54849322666666,129.56306405513922
92,700,106.56746325333332,0.07566589433117009,0.9230121869687388,131.92653535789069,0.00367187168011686,106.56746325333332,131.92653535789069
92,600,121.80360554666667,0.09139246874352432,0.9228789414504387,135.75447444931322,0.15858819192301202,121.80360554666667,135.75447444931322
92,550,131.03443285333333,0.34825023408937095,0.9227618645301656,138.7208322265616,0.5138011946546844,131.03443285333333,138.7208322265616
92,450,152.41872618666665,0.1492750448310649,0.9220101799862942,148.02700710432188,0.009497060967499955,152.41872618666665,148.02700710432188
92,380,167.8907008,0.29441470271740433,0.9208621078386025,158.96771992039282,0.24352084813136265,167.8907008,158.96771992039282
92,340,174.51716928,0.23205252577745014,0.9195378619505323,166.9952622014812,0.05979082035842279,174.51716928,166.9952622014812
92,300,179.88943722666667,0.23036867705333433,0.918204069270277,173.87556453522384,0.13919211641565338,179.88943722666667,173.87556453522384
92,260,184.96901845333332,0.2058440438064576,0.9167827676761598,180.6459836222376,0.16696114693787836,184.96901845333332,180.6459836222376
92,220,189.56928917333335,0.2787887493224932,0.915528689764506,186.5724671852463,0.12816012628557816,189.56928917333335,186.5724671852463
92,200,190.65801376000002,0.14298762604187787,0.9150488023716314,188.26855566235122,0.16855452283545372,190.65801376000002,188.26855566235122
92,65,207.92567168000002,0.05706982779111377,0.9248966741864559,220.84288464252361,0.05906279691701346,207.92567168000002,220.84288464252361
92,60,208.2195816533333,0.05352937416436752,0.9248425499912569,221.81678351329273,0.24889164930918242,208.2195816533333,221.81678351329273
92,55,211.97571775999998,0.04036797517620779,0.9233660608780211,238.48565049130013,0.10148469517868906,211.97571775999998,238.48565049130013
92,50,212.27234432,0.04350076540589235,0.9233476330301644,239.77282971895752,0.019378703128822408,212.27234432,239.77282971895752
92,45,212.52981610666666,0.13877221817320423,0.9232640097523409,240.860146233564,0.12792188359657555,212.52981610666666,240.860146233564
92,40,212.40160938666668,0.03493275298172745,0.9231685920276891,241.98742461963477,0.22628438311955215,212.40160938666668,241.98742461963477
92,35,214.98571541333334,0.08250242334735397,0.9219765165996278,258.746857535438,0.09214573348231485,214.98571541333334,258.746857535438
92,30,215.16696874666664,0.2004526647184712,0.9219148057299525,259.85084852431675,0.06273180291365046,215.16696874666664,259.85084852431675
92,25,217.14432789333333,0.12209643975717945,0.9210553864316436,273.9199781731252,0.13687375737731466,217.14432789333333,273.9199781731252
92,20,218.11364074666668,0.037419841926948985,0.9203581279230173,284.8253419378759,0.27610122770998907,218.11364074666668,284.8253419378759
92,15,219.38205781333332,0.06431983188144534,0.92014575407426,293.4991412059053,0.02377037461844489,219.38205781333332,293.4991412059053
92,10,220.02314325333336,0.04215692242440228,0.9196749832234851,308.04908091792265,0.4658163011654505,220.02314325333336,308.04908091792265
92,5,220.03976832,0.08407254784101677,0.9195182245557249,316.5211843195447,0.7868573847278373,220.03976832,316.5211843195447
92,0,220.0927332266667,0.07789447575337909,0.9195064615898095,317.55182150696737,0.19048026798866044,220.0927332266667,317.55182150696737
94,40000,2.1240797866666665,0.01741003019141946,0.9409845474070884,115.24274408579025,0.04345671869298065,2.1240797866666665,115.24274408579025
94,3000,27.502495573333334,0.008862110119589438,0.9351743122027728,119.10587306228877,0.04971518268587038,27.502495573333334,119.10587306228877
94,2000,40.73812501333333,0.021930308324961418,0.9358310758231045,120.8724124153055,0.09008844833441923,40.73812501333333,120.8724124153055
94,1500,53.66332607999999,0.02103286575441148,0.9360947080112694,122.67346302272124,0.07335340016343896,53.66332607999999,122.67346302272124
94,1000,78.56517994666666,0.045020460121067286,0.9361009409697237,126.5199806747517,0.1163755317998224,78.56517994666666,126.5199806747517
94,900,86.641008,0.12023585466685441,0.9364143556049355,127.7927335743675,0.05748783768066584,86.641008,127.7927335743675
94,800,96.23792639999999,0.026582749636329686,0.9363958656885266,129.56492638356926,0.05212776634578007,96.23792639999999,129.56492638356926
94,700,108.25087765333332,0.12628339211919043,0.9362306752107972,131.994527126284,0.07866371495914527,108.25087765333332,131.994527126284
94,600,123.15589952,0.027261518918106232,0.9360555339370643,135.4295381047464,0.019962730544652963,123.15589952,135.4295381047464
94,550,131.85251498666665,0.005937587861651685,0.9358177669026437,138.02118194597492,0.05639619953548233,131.85251498666665,138.02118194597492
94,450,152.40926816,0.07574437330402485,0.9351459244382856,146.47572750668482,0.12333895711242387,152.40926816,146.47572750668482
94,160,191.60471231999998,0.649359802814378,0.9449060388953678,178.06549427088262,0.08012676961832665,191.60471231999998,178.06549427088262
94,140,193.43897557333332,0.1752110795288134,0.9442303387900829,183.7373860600745,0.12174100430551159,193.43897557333332,183.7373860600745
94,120,195.7943127466667,0.23361045459067084,0.9439986478107149,186.00512214228942,0.15488548694975146,195.7943127466667,186.00512214228942
94,100,204.4681544533333,0.46913588039362114,0.9425240289739664,206.6064253475478,0.17337806469799677,204.4681544533333,206.6064253475478
94,90,205.15843349333332,0.25246981236231386,0.9428301483001654,208.4723010933543,0.08024620508323432,205.15843349333332,208.4723010933543
94,80,206.26448213333333,0.17908671894943778,0.9427016199425902,210.26939117720164,0.11548641569040995,206.26448213333333,210.26939117720164
94,70,206.987072,0.14352633081743585,0.942645214891033,211.42418766183064,0.04124452330665819,206.987072,211.42418766183064
94,65,207.61124202666667,0.10216102907339454,0.9425738462216081,213.24075882733067,0.19337288138836867,207.61124202666667,213.24075882733067
94,60,208.02383552,0.06313241592096874,0.9424993627590728,214.3669097741846,0.10379968784232331,208.02383552,214.3669097741846
94,55,213.23872576,0.07559837639263277,0.941753805124334,232.55837493282286,0.3940079712266156,213.23872576,232.55837493282286
94,50,213.48328874666666,0.052643489935943005,0.9416986619137319,233.84902183342254,0.09104732305621097,213.48328874666666,233.84902183342254
94,45,213.89377834666666,0.06721207439054032,0.9416563215069299,235.20062747773423,0.12455210792351595,213.89377834666666,235.20062747773423
94,40,214.2106912,0.05538059681401115,0.9415953572105549,236.67989572771458,0.06433296006619224,214.2106912,236.67989572771458
94,35,216.98144853333335,0.09478056879100236,0.940960748140636,252.0973287006218,0.08347386188505217,216.98144853333335,252.0973287006218
94,30,217.0964802133333,0.10681707567454421,0.9409119964780599,253.61032002110542,0.067820123445014,217.0964802133333,253.61032002110542
94,25,219.23650495999996,0.1214243690928015,0.9404294277522821,266.4020531953209,0.08206101677998386,219.23650495999996,266.4020531953209
94,20,220.50522602666663,0.06832705726873556,0.9400741529811848,276.07255533998796,0.31932365540273966,220.50522602666663,276.07255533998796
94,15,222.08166954666663,0.03991206714842694,0.9399566609977467,285.38436308613404,0.08157732987432277,222.08166954666663,285.38436308613404
94,10,222.89265152,0.11034035898766244,0.9396298249415977,300.0094952370446,0.17821457546274833,222.89265152,300.0094952370446
94,5,222.57386048,0.28811679241534327,0.9394731289832303,311.4349253969738,0.13303429995471394,222.57386048,311.4349253969738
94,0,222.32142485333335,0.008186909776869705,0.9394516488932524,311.720066010588,0.6000679335470976,222.32142485333335,311.720066010588
95,40000,1.792024106666667,0.0016697012893729386,0.9483482322608885,115.22328562242127,0.015012537313973052,1.792024106666667,115.22328562242127
95,5000,15.104123946666666,0.015535749894863527,0.9470180966438475,116.93156739013972,0.04049751060994218,15.104123946666666,116.93156739013972
95,3000,25.031746773333335,0.13389085417582236,0.9481994122178374,118.27577291939203,0.0979043597184639,25.031746773333335,118.27577291939203
95,2000,37.02208533333334,0.011136464364265049,0.9494344088983544,119.86956645070039,0.09373385373276905,37.02208533333334,119.86956645070039
95,1500,48.85368789333333,0.023797006539989476,0.9497777168110989,121.52826707853643,0.07745997898302992,48.85368789333333,121.52826707853643
95,1000,71.70052565333333,0.04325861369705179,0.9501696872429376,124.84400724982724,0.038999935560563546,71.70052565333333,124.84400724982724
95,900,79.13910357333334,0.02874047467937766,0.9502509407776712,126.05006766362573,0.03951101097286154,79.13910357333334,126.05006766362573
95,800,88.08739711999999,0.041983455747688636,0.950251510715157,127.62728369763458,0.0509080035370989,88.08739711999999,127.62728369763458
95,700,99.33711594666666,0.029971497464826642,0.950213436098896,129.60613549985118,0.010797839934891047,99.33711594666666,129.60613549985118
95,600,113.60964544,0.043285768057473716,0.9501599674896656,132.455290694866,0.06814282266466655,113.60964544,132.455290694866
95,550,122.22682410666665,0.056238577395232116,0.9500852216142657,134.4483408237416,0.0776664352456457,122.22682410666665,134.4483408237416
95,450,142.64953770666668,0.07298397737751676,0.9495926564315987,140.56344159842183,0.36956042031531283,142.64953770666668,140.56344159842183
95,380,156.24508096,0.6233484545877656,0.9487426481862856,149.48378101188462,0.04400849557772354,156.24508096,149.48378101188462
95,340,162.48177877333333,0.5138992435058566,0.9479335657523444,155.57279314129877,0.2791381492393481,162.48177877333333,155.57279314129877
95,300,167.84794752000002,0.09608708688228852,0.9471254199784491,161.64223105831638,0.058946117712220414,167.84794752000002,161.64223105831638
95,260,174.3886353066667,0.20007827137359493,0.9464038039798996,167.2027177638628,0.05480103434872853,174.3886353066667,167.2027177638628
95,220,179.92846399999996,0.3194186805458898,0.9456753316841394,172.66028378973502,0.14722007196068979,179.92846399999996,172.66028378973502
95,200,182.08161471999998,0.3419430061969988,0.9454368549567502,173.93911958850865,0.010582664652086841,182.08161471999998,173.93911958850865
95,180,189.3720699733333,0.4074337071066546,0.9453320660479284,175.12193860781144,0.2233739807726489,189.3720699733333,175.12193860781144
97,2000,38.96820053333334,0.015923179734180337,0.9653975905445696,120.10804176692643,0.08111255629062789,38.96820053333334,120.10804176692643
97,1500,51.46987498666667,0.0555114517835086,0.9655541950916587,121.68407194166825,0.028579306324457033,51.46987498666667,121.68407194166825
97,1000,75.56760085333333,0.059656031893008415,0.9659974778692056,125.29486062140582,0.053898093336833666,75.56760085333333,125.29486062140582
97,900,83.34967594666666,0.050839306833820666,0.9660138327959222,126.45226932620034,0.07604191365766895,83.34967594666666,126.45226932620034
97,800,92.58819114666666,0.0644959483437919,0.9660236300889445,128.13560471018235,0.04623977313965735,92.58819114666666,128.13560471018235
97,700,104.25397866666668,0.04881653148168888,0.9660824984949467,130.39877086672436,0.06324851592856577,104.25397866666668,130.39877086672436
97,600,118.87548096,0.056789284779944514,0.9659063923996499,133.30249413750823,0.05919603737924629,118.87548096,133.30249413750823
97,550,127.12484095999999,0.028612185408382323,0.965736943375893,135.150098316325,0.03365450821037204,127.12484095999999,135.150098316325
97,450,146.97569088,,0.9650099634217825,140.59942584379112,0.2932670629165593,146.97569088,140.59942584379112
98,5000,13.356731946666665,0.021113133752556777,0.9758678388321799,116.62052039281207,0.06811658254267013,13.356731946666665,116.62052039281207
98,3000,22.014162346666666,0.01156757363234663,0.9781401510495473,117.6398493771366,0.05513154367850183,22.014162346666666,117.6398493771366
98,2000,32.671038933333335,0.005478454217803004,0.9793428278186482,119.04038654145977,0.09937614361535044,32.671038933333335,119.04038654145977
98,1500,43.149911040000006,0.011767267788504678,0.9797815224496408,120.35860331313997,0.05566741334467493,43.149911040000006,120.35860331313997
98,1000,63.65977813333333,0.029938847056208865,0.980335673807749,122.9850699281374,0.10334497260714286,63.65977813333333,122.9850699281374
98,900,70.44891221333334,0.034124703329694056,0.9803139541043144,124.03817152875615,0.050760001474252005,70.44891221333334,124.03817152875615
98,800,78.53676928,0.023731187055005126,0.9803866410203871,125.19884911459583,0.20614500905819597,78.53676928,125.19884911459583
98,700,88.90769173333332,0.02156919745359828,0.9806063722584987,126.9992058466572,0.05105957072437618,88.90769173333332,126.9992058466572
98,600,102.54488896,0.11333404088240613,0.980454102648345,129.3811705262454,0.07142511040019629,102.54488896,129.3811705262454
98,550,110.53820586666666,0.03220467300663941,0.9807281182988765,130.76407052806096,0.17760754131020404,110.53820586666666,130.76407052806096
98,450,130.89289898666667,0.05908705815558609,0.9806635411580699,135.3215222289676,0.15572528804563243,130.89289898666667,135.3215222289676
98,380,149.01976533333334,0.06951494546694797,0.9805386760253018,140.57052351999863,0.0187074769681195,149.01976533333334,140.57052351999863
98,340,160.91522474666667,0.189515245278328,0.9803927269785048,145.1607131432585,0.03294989732611566,160.91522474666667,145.1607131432585
98,300,170.93096512,0.7244303298679158,0.9802522171314374,151.48209697290568,0.09127611429797458,170.93096512,151.48209697290568
98,260,181.38360085333338,0.1581483580943328,0.9801471132186171,160.50220907624555,0.23904040202151078,181.38360085333338,160.50220907624555
98,220,191.94752746666668,0.25718404386460286,0.980027160345499,169.9085883818344,0.3037731136264161,191.94752746666668,169.9085883818344
98,200,193.36105088,0.3198260840437536,0.9800805698379834,173.3634663421074,0.24917424428053872,193.36105088,173.3634663421074
98,180,193.54940245333333,0.39377166945881,0.9801113488142102,174.36602273649967,0.08777609680729262,193.54940245333333,174.36602273649967
98,160,196.91368853333333,0.3584275979279212,0.980111273947211,179.53957340196476,0.0542902587242568,196.91368853333333,179.53957340196476
98,140,212.29672810666668,0.1951219705134038,0.9799758115057288,195.2951077957167,0.1686571760506199,212.29672810666668,195.2951077957167
98,120,212.82778538666665,0.1604770246887758,0.9799799376705894,197.95634617813076,0.15717365279090875,212.82778538666665,197.95634617813076
98,100,216.56324031999998,0.17309506220800838,0.9799177002595464,213.78546757726497,0.16028222554926558,216.56324031999998,213.78546757726497
98,90,217.72402176,0.815388735766673,0.9799239737922577,215.30124897852463,0.29228978377034415,217.72402176,215.30124897852463
98,80,218.26420074666666,0.6774659262728042,0.9798260545484364,216.98227060033705,0.06265021545176946,218.26420074666666,216.98227060033705
98,70,218.56804266666666,0.5189398212482133,0.9799084402155795,217.9475726102987,0.19521752073593746,218.56804266666666,217.9475726102987
98,65,219.81684864,0.16787113912949053,0.9799139552903644,219.44782530733036,0.2372997752438819,219.81684864,219.44782530733036
98,60,220.10390592,0.41699940791135715,0.9798927617080365,220.23435843923608,0.09702838875429569,220.10390592,220.23435843923608
98,55,222.72829333333334,0.04843183415506904,0.9798741377791109,229.45429511091496,0.030909430900377108,222.72829333333334,229.45429511091496
98,50,223.0020411733333,0.046196182015963275,0.9798062611442311,230.59466564203217,0.1546974366930703,223.0020411733333,230.59466564203217
98,45,223.33399424,0.08436082525729031,0.9798511789972153,231.5223986072385,0.024029257446809706,223.33399424,231.5223986072385
98,40,223.67965866666668,0.04898584660228946,0.9798397141008751,232.67402365137104,0.22091591046168765,223.67965866666668,232.67402365137104
98,35,225.91962560000002,0.0761656780323842,0.9797692428918229,243.95574991294336,0.19001576060579953,225.91962560000002,243.95574991294336
98,30,226.13922474666666,0.10102286262285341,0.9797841454708749,245.19924811811634,0.2061505503765683,226.13922474666666,245.19924811811634
98,25,227.60949418666667,0.03584146305777571,0.979751038587125,254.1900941076035,0.07768156122111876,227.60949418666667,254.1900941076035
98,20,230.07231296,0.0670115327924315,0.9797242506545375,264.2332653080107,0.18252075247279026,230.07231296,264.2332653080107
98,15,230.89308650666666,0.01598205722031956,0.979630719520248,268.97970604082394,0.07602028438235636,230.89308650666666,268.97970604082394
98,10,230.94467413333336,0.18084322071075867,0.9795260100471452,279.31366051519905,0.14117745330740308,230.94467413333336,279.31366051519905
98,5,230.64675434666665,0.1526398845937763,0.9795864635315742,290.7918722655712,0.24384889365987075,230.64675434666665,290.7918722655712
98,0,230.4825122133333,0.05513566742311338,0.9795566300122127,291.6173041451544,0.1271896426470446,230.4825122133333,291.6173041451544
100,3000,20.379290026666666,0.06065092869653813,0.996174510856902,117.2229375920387,0.025367057494873033,20.379290026666666,117.2229375920387
100,2000,30.06585941333333,0.006532551333662457,0.9977747089960226,118.28251527787864,0.019962122069605636,30.06585941333333,118.28251527787864
100,1500,39.51287125333334,0.018064487054788612,0.9982194070355025,119.46026296741947,0.027972756843479354,39.51287125333334,119.46026296741947
100,1000,57.62657194666667,0.008065388079475516,0.998847011205152,121.39605771095701,0.5793431509773623,57.62657194666667,121.39605771095701
100,900,63.446619733333335,0.009327742049717596,0.998985705999964,122.45996455024414,0.07884327808700291,63.446619733333335,122.45996455024414
100,800,70.52438293333334,0.014724327159917729,0.9990601748263482,123.50904751677892,0.06114132417574199,70.52438293333334,123.50904751677892
100,700,79.28192362666667,0.05403535598729602,0.9991351177845263,124.82618150595779,0.0956502686615333,79.28192362666667,124.82618150595779
100,600,90.53337173333334,0.05282162915760502,0.9992074006260306,126.51598877989682,0.07020782072826265,90.53337173333334,126.51598877989682
100,550,97.20562495999998,0.07708310623037411,0.99920762617126,127.6229316326001,0.028525553145588783,97.20562495999998,127.6229316326001
100,450,114.17551744000001,0.136737617086057,0.9993691000081465,130.62255237540103,0.07222216672111453,114.17551744000001,130.62255237540103
100,380,128.94794538666665,0.03718484363564578,0.9994789599946275,133.86858413389552,0.04424231280453682,128.94794538666665,133.86858413389552
100,340,138.59596778666665,0.04348350688470163,0.9995204336977713,136.04147810899147,0.052630822911888794,138.59596778666665,136.04147810899147
100,300,147.77401002666667,0.6063130696730075,0.9995437719500965,138.52674706931182,0.02871552310562405,147.77401002666667,138.52674706931182
100,260,155.41228245333335,1.6155934213431444,0.9995625803157435,141.16024986849638,0.021760932378129188,155.41228245333335,141.16024986849638
100,220,161.79533845333333,0.6244558660897376,0.9995732231444047,143.8663182728889,0.06655503760981307,161.79533845333333,143.8663182728889
100,200,164.39664341333335,0.3930630894011817,0.9995873931707514,144.82849181421636,0.06549791396459842,164.39664341333335,144.82849181421636
100,180,181.22197866666667,0.12762470535977086,0.9996334210060335,152.64538552470844,0.5458822224275707,181.22197866666667,152.64538552470844
100,160,184.97705535999998,0.11665208791661529,0.9996249140266852,154.64600151802483,0.5478720681289413,184.97705535999998,154.64600151802483
100,140,180.618592,0.21757809394389918,0.9996175337958643,151.1283289092815,0.07610712200516574,180.618592,151.1283289092815
100,120,182.93500437333333,0.19571177358504196,0.9996024924809886,152.16370214581627,0.042480414508427544,182.93500437333333,152.16370214581627
100,100,204.92826986666668,0.5007010730593531,0.9996548284455836,167.0712033420887,0.3237206595177839,204.92826986666668,167.0712033420887
100,90,207.03695978666664,0.4817404895606558,0.999538849759919,168.73040180608834,0.2508501979982886,207.03695978666664,168.73040180608834
100,80,209.10909461333335,0.25812887712286087,0.9996773233100562,170.33679098828603,0.1451219879881842,209.10909461333335,170.33679098828603
100,70,210.89971712000002,0.12612877395353114,0.9996867460362283,171.99788152709655,0.11683796349057057,210.89971712000002,171.99788152709655
100,65,212.01024234666667,0.10797925466952032,0.9996948902729152,173.14754852719815,0.2940714729480569,212.01024234666667,173.14754852719815
100,60,213.22878677333333,0.03960883896420996,0.999690332473708,174.29842741338652,0.059492008795279036,213.22878677333333,174.29842741338652
100,55,225.02130133333333,0.07987355039606228,0.999706197270314,192.93553431786054,0.07533324241568776,225.02130133333333,192.93553431786054
100,50,225.88799936,0.07863053359716998,0.9997032250963479,194.67739065744715,0.0703468261502913,225.88799936,194.67739065744715
100,45,226.8096864,0.16636772603816,0.999647486094104,196.4554939150913,0.13924003777382743,226.8096864,196.4554939150913
100,40,227.81875839999998,0.19973783222927624,0.9997022003522044,198.27308713058417,0.1771364162154946,227.81875839999998,198.27308713058417
100,35,235.4904004266667,0.05307649985371273,0.9997172231033714,222.78112422789536,0.2175231589078442,235.4904004266667,222.78112422789536
100,30,236.00560853333332,0.11982449166893493,0.9996047679064365,225.12308292544267,0.27862846964059046,236.00560853333332,225.12308292544267
100,25,239.51889728,0.08606567940598313,0.999652516721287,244.25571487758353,0.2266882635871591,239.51889728,244.25571487758353
100,20,240.6021437866667,0.08818049775867094,0.9997170885433295,253.6381021887245,0.1335971598860469,240.6021437866667,253.6381021887245
100,15,240.15105152,0.09329175328658874,0.9996918994060352,257.8444269534671,0.022185411163881365,240.15105152,257.8444269534671
100,10,238.81554368000002,0.07747672542184653,0.9997127628929278,269.9624335326067,0.06282148588487048,238.81554368000002,269.9624335326067
100,5,237.71141077333334,0.04938812166886645,0.9996862959366984,277.9635899414983,0.06837184096930918,237.71141077333334,277.9635899414983
100,0,238.24489322666668,0.05921043180851999,0.9996999723759045,279.0830064582669,0.0438545634009516,238.24489322666668,279.0830064582669
