read_pct_rounded,pause,bandwidth_mean,bandwidth_std,rd_percentage_actual_mean,latency_mean,latency_std,bandwidth_smooth,latency_smooth
51,40000,4.531796713913272,0.09581846247029553,0.5118691244069361,117.412388190547,0.664634418060084,4.531796713913272,117.412388190547
51,2000,73.8241573010744,0.014367920821663847,0.5085601382276435,123.65544775171854,0.05201219427857248,73.8241573010744,123.65544775171854
51,1500,97.85110079025226,0.1452969025198075,0.5072079463913873,126.12243900133929,0.1750449820566502,97.85110079025226,126.12243900133929
51,1000,142.89721256802488,0.21109622013925003,0.5102277777748863,131.9113197644319,0.5580743600139141,142.89721256802488,131.9113197644319
51,900,157.67573478729915,0.06087767641432025,0.510146416309131,134.20185218607625,0.5111316396975849,157.67573478729915,134.20185218607625
51,800,176.1024939021476,0.7867339247746653,0.5097101395365927,137.81238032285083,0.04976150962742831,176.1024939021476,137.81238032285083
51,700,199.94342642544532,0.2736378595731827,0.5093296394637618,142.42631551938874,1.2118047281176865,199.94342642544532,142.42631551938874
51,600,230.95626811832878,0.18565500150552794,0.5079693056012614,149.5921142541392,0.6167150884080934,230.95626811832878,149.5921142541392
51,550,250.12368054168653,0.4566907712273439,0.5080020098263223,155.04789637442238,0.16600699383681689,250.12368054168653,155.04789637442238
51,450,303.0388523132347,1.213992295500458,0.5090844431944814,172.62901535432545,0.18973830752134696,303.0388523132347,172.62901535432545
51,300,440.77418343239896,1.2772962537452048,0.5135362105433924,347.1088793275424,0.39580551735306124,440.77418343239896,347.1088793275424
51,260,461.17288400038996,1.8818707744679657,0.5106709890356899,437.3620480511193,5.431614194065019,461.17288400038996,437.3620480511193
51,220,464.4670782701557,0.43384177104090565,0.5100689162784963,496.1910838207877,0.5275736214386841,464.4670782701557,496.1910838207877
51,200,463.88838812758917,0.6849825669235263,0.5065598674779331,509.11387497093256,0.8302100629226904,463.88838812758917,509.11387497093256
51,160,466.41381850902036,0.5693245323732916,0.5142597148003589,511.7534509258988,0.41347064015324925,466.41381850902036,511.7534509258988
51,140,465.80434194484866,1.0170957256144615,0.5120524313360882,515.9808633792198,0.25877843164822173,465.80434194484866,515.9808633792198
51,120,464.87038513631484,1.6358742841088492,0.5098413705189645,516.4761298459249,0.21435404157878984,464.87038513631484,516.4761298459249
51,100,464.7743836331196,0.6755878174855087,0.5077804477171775,514.1518921719288,0.2750289765399006,464.7743836331196,514.1518921719288
51,90,463.9342448097223,0.19264343348065008,0.5067626786056686,512.3994537306675,0.38384583372851294,463.9342448097223,512.3994537306675
51,80,464.0332222939576,0.5802678806525408,0.5101020555661087,510.7495872155809,0.816604236026409,464.0332222939576,510.7495872155809
51,70,463.3485592216152,0.9377002705895092,0.5134746737010251,508.2197614832389,1.0534873086842729,463.3485592216152,508.2197614832389
51,65,459.64943684675944,6.792359365155974,0.5131137344137361,507.0463526118968,0.5022287459941115,459.64943684675944,507.0463526118968
51,60,465.33198358978865,2.0158391761590333,0.5126701498122886,505.2297253897063,0.451139409568927,465.33198358978865,505.2297253897063
51,55,463.96837801603516,0.19484338349726038,0.5120435716553852,503.315605587927,0.7946200007052604,463.96837801603516,503.315605587927
51,50,467.22493206245554,5.615337404656703,0.5116170680448558,503.0973565119532,0.9246423445575116,467.22493206245554,503.0973565119532
51,45,462.51745028842197,0.5499742024835244,0.5109664772529119,500.989300689764,0.7553539164648184,462.51745028842197,500.989300689764
51,40,462.12524749370385,0.26495145858824765,0.5102243424119131,499.5318176175826,0.44558716190639686,462.12524749370385,499.5318176175826
51,35,461.1510267749998,0.6573959578978531,0.5083481483372343,492.56514799840835,0.3952493653526227,461.1510267749998,492.56514799840835
51,30,459.6902444672548,1.4627242840272945,0.506650538047559,488.66855714321224,0.42721337654992775,459.6902444672548,488.66855714321224
51,25,460.16088156705905,0.3489931051768239,0.5063498015855051,486.0403902470905,0.21915505038798921,460.16088156705905,486.0403902470905
51,20,458.4685331881035,1.232506043715493,0.5056972556096602,483.59962151950555,0.6751224486251455,458.4685331881035,483.59962151950555
51,15,459.58763775050335,1.0328477460388494,0.5058370693156385,481.2045547355547,0.7098956589324197,459.58763775050335,481.2045547355547
51,10,459.6285350802629,0.20081728028921356,0.5061645726102421,481.2920146944125,0.8313623153037135,459.6285350802629,481.2920146944125
51,5,460.03315542337106,0.7783013850340644,0.5054329853251802,485.97689085946314,2.1275491493040724,460.03315542337106,485.97689085946314
51,0,459.6931395805271,0.18792660702248223,0.5057375406954229,483.71105929277365,0.9048506931335034,459.6931395805271,483.71105929277365
52,200000,1.5306102197731954,0.09062136764721922,0.5230841823479084,122.56695617128018,0.7555740754602094,1.5306102197731954,122.56695617128018
52,100000,2.2172518779230916,0.02601704760223764,0.5190717834372481,124.09524452430436,0.8366555786631726,2.2172518779230916,124.09524452430436
52,40000,4.51629466792571,0.026263673125798324,0.5218959965465496,123.73902031501001,0.43357828177658203,4.51629466792571,123.73902031501001
52,3000,48.43456495632941,1.356646543283042,0.5215401060072282,121.44353699686819,0.04812700871533412,48.43456495632941,121.44353699686819
52,2000,73.87413646944606,1.0980079590969452,0.5157266863378782,123.62158274162066,0.11347163880431047,73.87413646944606,123.62158274162066
52,1500,96.4102715294343,0.2068993732178218,0.5228393091204437,126.18494455101678,0.01679535235282472,96.4102715294343,126.18494455101678
52,1000,142.8727334012746,0.18870587353976878,0.5217439126689493,131.73668574037296,1.1599937617725007,142.8727334012746,131.73668574037296
52,900,158.42167348441814,0.4324736501525248,0.5208774992496942,135.37420136815226,4.439711586366428,158.42167348441814,135.37420136815226
52,800,176.85487292645166,0.2270363291252,0.5207522216456703,137.71280769977952,0.0573358115687377,176.85487292645166,137.71280769977952
52,700,200.63069875672082,0.8066847410926256,0.5205917449357319,142.81020526464758,0.40294922052659626,200.63069875672082,142.81020526464758
52,600,231.83979177428319,0.4462289898851658,0.5196520584729215,149.90106377010423,0.08689140720954734,231.83979177428319,149.90106377010423
52,550,251.58312492796483,0.743230366099776,0.5192676620889966,154.27353848394557,1.1242728869270775,251.58312492796483,154.27353848394557
52,450,303.9841943621694,0.9593242786622846,0.5211737489419338,172.7469654589,0.004754654877260079,303.9841943621694,172.7469654589
52,380,361.7298113505726,0.21456145987327413,0.5211833844973305,214.26850676126583,0.26710965307208856,361.7298113505726,214.26850676126583
52,300,446.8996194602196,7.970986219866079,0.5240832375706117,366.71539377994105,25.35478401442586,446.8996194602196,366.71539377994105
52,260,458.51249375453204,0.6226223917519098,0.5237394985907678,415.0807357395615,0.3555146187397623,458.51249375453204,415.0807357395615
52,220,464.96985583399413,1.3458685848465861,0.5189592431459094,471.5923130363203,0.10863923575232781,464.96985583399413,471.5923130363203
52,200,465.51058877716804,1.1657559553200332,0.5186730916809571,495.33064956772233,0.24264449507839284,465.51058877716804,495.33064956772233
52,180,466.96865451703394,1.2383019873792536,0.5204126794341205,512.134334969628,6.970153521228396,466.96865451703394,512.134334969628
52,160,467.79626419460664,0.9477662977316117,0.5226081643447643,522.5663927713717,0.5136915744218158,467.79626419460664,522.5663927713717
52,140,466.1971935902368,1.38469794734919,0.5204551641779686,523.0639036007971,0.3472484111080627,466.1971935902368,523.0639036007971
52,120,466.5800458487199,0.3216905939079622,0.5183499466950597,521.462924066042,0.30927537251997084,466.5800458487199,521.462924066042
52,100,465.4098781570098,1.5963178144038697,0.5198692331162594,515.2529177157602,2.115769504893101,465.4098781570098,515.2529177157602
52,90,464.0626245353976,1.4364411724193575,0.5188494465345712,512.4007580204715,2.3543997186417704,464.0626245353976,512.4007580204715
52,80,462.8473092895483,2.4752844481895853,0.5214970834387759,509.07456565308365,2.0201967697687273,462.8473092895483,509.07456565308365
52,70,463.6826966897532,0.23703222862399126,0.5204894989948734,507.85517028948533,1.6378065424466677,463.6826966897532,507.85517028948533
52,65,464.6779076426001,2.646922819701864,0.5213873585517638,520.5855655846825,15.777461783028963,464.6779076426001,520.5855655846825
52,60,465.84864277638354,3.4336180783321235,0.5220374974001541,520.7448978989817,17.07566942571575,465.84864277638354,520.7448978989817
52,55,465.9227160395364,3.483898744754731,0.5216460242034447,519.5989559750839,17.573898377572153,465.9227160395364,519.5989559750839
52,50,464.9563003355435,3.844204905819579,0.5213289024493617,517.8106092128675,18.867955368117293,464.9563003355435,517.8106092128675
52,45,464.2462132732882,3.130390155663129,0.520896668067002,517.6025268365634,17.61508517808367,464.2462132732882,517.6025268365634
52,40,465.7456249321892,4.495525192078457,0.5204121913414357,514.1598976281201,20.113028447291555,465.7456249321892,514.1598976281201
52,35,463.6339209588111,4.420629164503713,0.5197308321341696,512.1046602376884,21.488645137814398,463.6339209588111,512.1046602376884
52,30,462.9079943806926,6.179875144005286,0.5194991485957888,510.2321654738389,24.589851078439757,462.9079943806926,510.2321654738389
52,25,463.76375413527586,3.9084564706116605,0.5194000728959035,508.2663119776405,26.378617397024538,463.76375413527586,508.2663119776405
52,20,463.28088701138336,4.97727545874333,0.5190557584231669,503.36875284885997,28.207435722458744,463.28088701138336,503.36875284885997
52,15,462.4692396951402,3.863320005374466,0.5185531797126964,499.66339612048336,28.82813585107543,462.4692396951402,499.66339612048336
52,10,463.97414771103695,3.8310447667158747,0.5182145143707889,497.5148662174376,30.37288568014472,463.97414771103695,497.5148662174376
52,5,462.72790963866964,4.678105615491456,0.5178533404191908,500.90741454850917,30.964144289021004,462.72790963866964,500.90741454850917
52,0,462.90276683587757,3.8413388376014845,0.5178700848740818,500.04012678578965,29.242858378538074,462.90276683587757,500.04012678578965
53,1600000,0.803947662349117,0.02803549820732598,0.532176770126712,122.76716699859172,0.7194162993140956,0.803947662349117,122.76716699859172
53,800000,0.9251381619721438,0.056424826941380714,0.5319097443783611,122.48356331360115,0.5147620703458535,0.9251381619721438,122.48356331360115
53,400000,1.0731819050758156,0.006663838642389233,0.5297630667235865,122.85892152470926,0.8718079622679166,1.0731819050758156,122.85892152470926
53,200000,1.4683193908539032,0.011294582644919336,0.5297328834304221,122.97964213793483,0.4406420032134375,1.4683193908539032,122.97964213793483
53,40000,4.78027925021782,0.20011770507817683,0.5317219560066242,122.18322445979204,3.833103987752578,4.78027925021782,122.18322445979204
53,3000,48.39791036190745,0.30002257182961295,0.5305002717285883,123.3920074928741,3.3132590670037714,48.39791036190745,123.3920074928741
53,1500,104.83866080859566,0.20439200349403383,0.5340120394202503,126.91646946986681,0.03783913083466837,104.83866080859566,126.91646946986681
53,1000,153.98059833999133,0.34922053873552644,0.5347958164349518,133.50100647094618,0.052974297988913996,153.98059833999133,133.50100647094618
53,900,169.90257405113155,0.2860994637131665,0.534938197506996,136.20517626932698,0.013848389792157618,169.90257405113155,136.20517626932698
53,800,190.14329736256255,0.8900306952634807,0.5344109059830265,139.9338376177199,0.04298570124758396,190.14329736256255,139.9338376177199
53,700,215.7567186490643,0.30286099527861,0.5340134748172591,145.9382955760951,0.11368398120542446,215.7567186490643,145.9382955760951
53,600,248.97894336911313,0.5837835074761505,0.5336601453545072,153.84607049009358,0.2678797052473669,248.97894336911313,153.84607049009358
53,380,364.83236951922777,0.8855168881732093,0.5345713569886349,216.4471211640351,0.44027197538236607,364.83236951922777,216.4471211640351
53,340,405.7672020873124,0.7386979148034306,0.5277283647592742,275.99630534761144,0.6894207145776855,405.7672020873124,275.99630534761144
53,260,462.0632179700544,2.3076516596033683,0.5284231317751348,444.12525308529854,0.40973260307216586,462.0632179700544,444.12525308529854
53,220,467.15571253330427,0.4429810835187748,0.5276227180742854,498.0711357770554,1.155046001849486,467.15571253330427,498.0711357770554
53,200,467.6456554746923,0.7836002042240581,0.5262143170916848,511.2298225212907,0.47862959946387446,467.6456554746923,511.2298225212907
53,160,468.66224972179015,2.2396804313011804,0.533159065720117,522.9594274181744,4.776232889207373,468.66224972179015,522.9594274181744
53,140,467.9100440548241,2.0666140052863162,0.5299612732424008,524.0507873922841,9.021212507427201,467.9100440548241,524.0507873922841
53,120,467.58267345932944,1.9071861399687224,0.5274148088259246,525.2688870487333,10.388498015128214,467.58267345932944,525.2688870487333
53,100,467.0021774549319,4.825310938787909,0.5284329652652074,538.0304401308127,0.3864870244262333,467.0021774549319,538.0304401308127
53,90,470.8224753370694,3.1090507231793474,0.5275119344214585,537.0268763986368,0.5875940428438269,470.8224753370694,537.0268763986368
53,80,469.29378511806595,0.34847053694351754,0.5265242575422621,536.3834028182108,0.3505758048566435,469.29378511806595,536.3834028182108
53,70,469.4433975960092,1.4805089156984437,0.5255981646453526,535.3704401064065,0.5324286678944822,469.4433975960092,535.3704401064065
53,35,466.9480842360458,1.656182794395569,0.5343029276252281,509.7213213456154,0.3673348369192644,466.9480842360458,509.7213213456154
53,30,466.39453318286195,0.8796417160814951,0.5348629127076672,511.4728073546824,0.2627721785291846,466.39453318286195,511.4728073546824
53,25,467.2915223569068,1.127386574362933,0.5346864368048374,508.73735609452825,0.38856968188767516,467.2915223569068,508.73735609452825
53,20,465.95445057247207,1.1599331739668493,0.5339929604256483,502.29135082350814,1.0970491018604396,465.95445057247207,502.29135082350814
53,15,466.9555317403938,0.2780571413623616,0.5344203302624501,503.250197007341,0.34112126777471535,466.9555317403938,503.250197007341
53,10,466.94056872037555,1.710286305189349,0.5343352498980221,495.63235726967724,2.194942098880497,466.94056872037555,495.63235726967724
53,5,465.65366194653546,1.477133398144398,0.5315818394617496,495.68253436272926,10.617004665977179,465.65366194653546,495.68253436272926
53,0,466.35573511761277,2.18133592374631,0.5324385166084536,499.03765670475786,8.933810378023495,466.35573511761277,499.03765670475786
54,1600000,0.8112314189910781,0.03740247172826566,0.5386136605743671,122.46132761855905,0.9099351677950204,0.8112314189910781,122.46132761855905
54,800000,0.913270623646983,0.03498219703109133,0.5410929644233045,122.33867752795105,0.47151219662131066,0.913270623646983,122.33867752795105
54,400000,1.122420939426044,0.05351391272185099,0.5394799834524817,122.73381412162163,0.858888161368881,1.122420939426044,122.73381412162163
54,200000,1.5393404421612915,0.08439738119745813,0.5409064201864476,123.1712575542064,0.8786909126356192,1.5393404421612915,123.1712575542064
54,100000,2.3115152666829295,0.05993323006938317,0.5400118257267077,124.2226473578451,0.7584311459645852,2.3115152666829295,124.2226473578451
54,40000,4.63316426744338,0.1283631132322598,0.5401801132291227,121.96146142734135,4.692691870803059,4.63316426744338,121.96146142734135
54,5000,32.20628533704763,0.2534505835072362,0.5406123901218738,119.92135376118078,0.046865384456404736,32.20628533704763,119.92135376118078
54,3000,51.41904512747235,1.1874030475816957,0.5389977395677148,122.5535247582633,2.581822153123896,51.41904512747235,122.5535247582633
54,2000,75.90443446156665,2.329817949310416,0.540590800268897,123.64387073430562,0.9005320335326965,75.90443446156665,123.64387073430562
54,1500,97.08851622634647,0.26020708424926803,0.5421787748270789,126.02146445254802,0.11401215024509657,97.08851622634647,126.02146445254802
54,1000,146.55965575385665,4.98137985566407,0.5392931534917582,132.23631266019808,0.03815922525872158,146.55965575385665,132.23631266019808
54,900,158.5909184423566,0.3351542730093221,0.541281257508471,134.1880351766049,0.4062353705189089,158.5909184423566,134.1880351766049
54,800,177.39149267730502,0.6349140638292657,0.5405456230045842,137.71155988881753,0.048931703941415015,177.39149267730502,137.71155988881753
54,700,201.29306226528396,0.13638113145977018,0.5401122648129871,141.73062232596496,1.185006923401276,201.29306226528396,141.73062232596496
54,600,233.3546842826092,0.8901989362196916,0.5394567761306762,149.72345606684112,0.025574276987994353,233.3546842826092,149.72345606684112
54,550,257.2941294175417,9.009447866201503,0.5384278928619044,157.29085115091826,2.6458598582766584,257.2941294175417,157.29085115091826
54,340,408.0728115188317,1.0415379206423916,0.5397121829126154,276.3269875219709,0.5448934357721209,408.0728115188317,276.3269875219709
54,300,448.9317611682184,8.19410006368976,0.5416845446568279,359.3266547161673,25.79200312312919,448.9317611682184,359.3266547161673
54,260,459.49728491176694,4.019232970432496,0.54172735871965,416.31018196225926,16.8676055025978,459.49728491176694,416.31018196225926
54,220,466.9040196083365,3.3799601031146898,0.5387583823241918,482.3730626086535,16.01884718412569,466.9040196083365,482.3730626086535
54,200,468.91672987747387,2.520422051351156,0.5397360368225231,510.1394915733554,12.812144709366521,468.91672987747387,510.1394915733554
54,180,468.65844161984177,1.8073954995065442,0.5368409118547619,520.493477814547,8.117665292985706,468.65844161984177,520.493477814547
54,140,470.0457707106786,0.8192826429480196,0.5442880435267944,516.8932066350136,1.431574090513476,470.0457707106786,516.8932066350136
54,120,470.07104290877805,0.4232040025481301,0.5427789934328957,523.0398122413736,0.4054821639192001,470.07104290877805,523.0398122413736
54,100,468.82029449273347,1.4383167676653146,0.5413540148579864,525.0487315905306,0.33328550131851775,468.82029449273347,525.0487315905306
54,90,468.83472821218174,0.2921756432604855,0.5405219027986586,523.8635561996056,0.759736196525434,468.83472821218174,523.8635561996056
54,80,469.8277534708336,0.6378243254259157,0.5398063021611098,523.7867018298336,0.7418632090815656,469.8277534708336,523.7867018298336
54,70,471.9081209460988,6.002988993035292,0.5418219183776238,524.0407754593724,2.0339311289749515,471.9081209460988,524.0407754593724
54,65,469.54414133271797,1.9990122353289672,0.5412616148358954,524.0421780581065,2.1604245563854803,469.54414133271797,524.0421780581065
54,60,470.3422141788071,0.8065913468664989,0.5406719525798006,523.7084216737795,4.336300058208562,470.3422141788071,523.7084216737795
54,55,469.2945330486614,1.1682938493083204,0.5402716496358618,522.2501145725245,4.326066451531672,469.2945330486614,522.2501145725245
54,50,471.17289279669853,5.298763801007306,0.5400049813698268,522.8214532336409,4.900390365199984,471.17289279669853,522.8214532336409
54,45,467.769529623034,1.658651491038256,0.5396084695487228,521.744738187005,4.100930167716514,467.769529623034,521.744738187005
54,40,468.85906693435203,1.679069128176283,0.5389375537794046,520.5200840643139,4.222237894797975,468.85906693435203,520.5200840643139
54,35,469.87878290243634,1.3451337036865958,0.5400136931895189,517.5442059769504,0.8880357911238231,469.87878290243634,517.5442059769504
54,30,468.94036700212047,1.119840180484567,0.5428893310770764,515.6316442519536,12.87715458102542,468.94036700212047,515.6316442519536
54,25,468.70532116398505,1.839653881178974,0.5421893815953246,511.2620319889889,14.235712184531288,468.70532116398505,511.2620319889889
54,20,469.48101233438547,1.5043647823519808,0.5409462319832423,504.57692358636444,16.214822935533732,469.48101233438547,504.57692358636444
54,15,468.30619631911424,2.4465619774582175,0.5395466284164065,498.23056258040697,15.909459808483298,468.30619631911424,498.23056258040697
54,10,465.67546534346474,0.7092092736262446,0.5370986039952899,482.01454643786013,0.6626698158356016,465.67546534346474,482.01454643786013
54,5,466.18659575261654,0.20110905410045202,0.5355369842877451,485.3918564854771,1.1860122818015046,466.18659575261654,485.3918564854771
54,0,466.1998806620754,,0.5352035317215683,482.63293302187884,1.3749327996161014,466.1998806620754,482.63293302187884
55,1600000,0.8631958675355418,0.03743408377532551,0.5493549543403596,123.07595461402462,0.5503001318783063,0.8631958675355418,123.07595461402462
55,800000,0.9011229969282287,0.04477890313194064,0.5483657050592741,122.7374965148195,0.7379951592733213,0.9011229969282287,122.7374965148195
55,400000,1.1032398557707785,0.01873340261853933,0.5505633666005664,122.52568557071487,0.7468700168895532,1.1032398557707785,122.52568557071487
55,200000,1.5359895349824535,0.04507661902164195,0.5493422836452904,124.54968852127256,1.140929777477964,1.5359895349824535,124.54968852127256
55,100000,2.2950989636206347,0.058455463061128005,0.5490774911076866,123.56020941787183,1.0737637464740342,2.2950989636206347,123.56020941787183
55,40000,4.6850360702723295,0.1400086809345659,0.5487595526171308,124.6127106280182,0.4943424419735238,4.6850360702723295,124.6127106280182
55,5000,29.59316759732231,1.1782337031686125,0.5456482171333635,119.94895688682998,0.05457252745807341,29.59316759732231,119.94895688682998
55,3000,50.39052573447678,0.06716705431513625,0.5549333764240296,121.45606723205383,0.03337379095791889,50.39052573447678,121.45606723205383
55,2000,77.63483335406906,3.6941011777200425,0.5468933881856378,123.8362688867593,0.3173153929443831,77.63483335406906,123.8362688867593
55,1500,102.89972728372987,0.32470548185138753,0.552727859370998,126.84095900083706,0.024740779113728798,102.89972728372987,126.84095900083706
55,1000,153.44070588328927,1.4906687485710468,0.550808656729956,132.8816894139063,0.8475845893957168,153.44070588328927,132.8816894139063
55,900,168.96380604219212,0.3960698819140588,0.5501838042618844,136.0527610986304,0.021285168259790155,168.96380604219212,136.0527610986304
55,800,188.70074837382697,1.0666952515724093,0.5495757900402303,139.3253506873906,0.8833456154518848,188.70074837382697,139.3253506873906
55,700,214.14146417499015,0.7492805870532868,0.5489611095580647,145.56595533341894,0.059575024328978994,214.14146417499015,145.56595533341894
55,600,247.15941051881725,0.33916960343460634,0.5487798577499526,153.00320990183704,0.0653444010947378,247.15941051881725,153.00320990183704
55,550,269.79425722013,1.1708016172415068,0.5504375849015406,157.96388728355453,0.7152426214466595,269.79425722013,157.96388728355453
55,450,324.1646340971135,13.050351836459845,0.5483054170704671,181.95512124713005,7.882360927805695,324.1646340971135,181.95512124713005
55,340,434.8746634056847,0.3057840235000232,0.5485364669516105,325.11997253252724,0.5328624369567463,434.8746634056847,325.11997253252724
55,260,457.00473903388485,,0.5546364900818578,387.0933339855059,0.41793816838038933,457.00473903388485,387.0933339855059
55,220,467.38200769769736,0.5759362950841002,0.5492492976083173,457.4373258254859,0.24117529114325323,467.38200769769736,457.4373258254859
55,200,472.04360905045655,2.0206696732821214,0.5520841788355723,495.66512677400925,0.344240762022997,472.04360905045655,495.66512677400925
55,180,471.66675795474066,1.6363277556944664,0.5506645059118503,506.55593083114246,1.7731176336353947,471.66675795474066,506.55593083114246
55,160,470.96950205488685,0.4197314825346306,0.5484110218006198,512.9044782824604,2.9012908941379716,470.96950205488685,512.9044782824604
55,140,470.7701604272119,0.47877481012443457,0.5501694786205632,521.5979760322997,0.18230137573037736,470.7701604272119,521.5979760322997
55,120,470.6416131199792,1.123314916264196,0.5484676697253752,526.4706960841868,0.23446085821430684,470.6416131199792,526.4706960841868
55,100,471.55972085208344,0.11462813708158158,0.5466753436088146,528.4605384738038,0.9902764054155918,471.55972085208344,528.4605384738038
55,90,470.93769555277595,1.2019054958386959,0.5503963385086162,514.2540063845705,11.066749190558806,470.93769555277595,514.2540063845705
55,80,469.3521263781075,2.8989617039748743,0.5500687091696504,514.3622481308095,10.90041377787823,469.3521263781075,514.3622481308095
55,70,470.87301659325857,0.8658052433361784,0.5519069472527054,507.1295103509915,5.1435530974167,470.87301659325857,507.1295103509915
55,65,470.7377117477522,0.8639896110708198,0.551180381475095,506.4853915205806,4.419082098933224,470.7377117477522,506.4853915205806
55,60,469.55909274002505,2.7001197266487633,0.550479810907707,509.4299918889451,5.700946109803136,469.55909274002505,509.4299918889451
55,55,469.69089087944644,0.9383717092123192,0.5503702912414389,509.3187272344546,5.264123934062027,469.69089087944644,509.3187272344546
55,50,470.89460463135464,0.5197125122456,0.5503122930732319,510.0818448018454,2.3389054891362173,470.89460463135464,510.0818448018454
55,45,470.1751950154838,0.5507494874920402,0.5499306754812633,509.71234150703907,2.889778587766964,470.1751950154838,509.71234150703907
55,40,469.8713337276181,0.7590475858522057,0.5496643453682813,509.3325208339965,2.936713989594031,469.8713337276181,509.3325208339965
55,35,469.4083758748647,0.8604421091785551,0.5484448365517406,507.6455185534471,1.6029504026799053,469.4083758748647,507.6455185534471
55,30,470.667401395813,1.1963235485087613,0.5536327750772427,517.1497281381506,0.9476480771550432,470.667401395813,517.1497281381506
55,20,471.7484744022951,0.8288416222681828,0.5547896599751079,521.3912885425985,2.1825635278420235,471.7484744022951,521.3912885425985
55,15,469.7670430269092,0.8808234021199611,0.5530048542721282,514.9041422949425,1.2666068224207605,469.7670430269092,514.9041422949425
55,10,469.3330565522563,5.123060112306359,0.5535602900938732,522.2706822163428,0.8230341686320379,469.3330565522563,522.2706822163428
55,0,469.2812556972145,0.7263806142791374,0.5491015862989205,512.7053149575119,1.3163984529157704,469.2812556972145,512.7053149575119
56,800000,0.8810186090673694,0.028410627664087276,0.5604913779298,122.72367343473277,0.6474265256459144,0.8810186090673694,122.72367343473277
56,400000,1.1035929955717525,0.021651396007125203,0.5595296930413199,122.58273028511631,0.753624847563014,1.1035929955717525,122.58273028511631
56,200000,1.4937447616618538,0.043176488237733464,0.5597432304962828,122.82726495641947,0.6150016705199898,1.4937447616618538,122.82726495641947
56,100000,2.3687175479313027,0.01714655296025976,0.5594955580810532,124.13865947971208,0.5335858364488617,2.3687175479313027,124.13865947971208
56,40000,4.7248876878310355,0.18304522020776112,0.5605892038274367,119.88334138650409,3.076352597033607,4.7248876878310355,119.88334138650409
56,5000,31.2792444168304,0.7856254306620338,0.5585935823586099,119.90978874184434,0.04369225854995123,31.2792444168304,119.90978874184434
56,3000,52.02133970791626,1.1810832243068474,0.5609163650313109,121.61974153377969,0.07916612040198102,52.02133970791626,121.61974153377969
56,2000,73.9754127693207,0.20637906599139322,0.5587255115379305,123.43801859656895,0.09642002969917567,73.9754127693207,123.43801859656895
56,1500,97.76787741108221,0.20465271080219907,0.5583945457972838,126.14101302563903,0.05045668301463929,97.76787741108221,126.14101302563903
56,1000,143.8427505065536,0.2800179944282665,0.5599766585372934,132.21981779251573,0.08307069243286283,143.8427505065536,132.21981779251573
56,900,159.23610442275424,0.09226056480299316,0.5590744123649821,133.8619161087936,1.4650871345177345,159.23610442275424,133.8619161087936
56,800,177.68357496435192,0.38654765100318256,0.5589632652072853,137.63603964783485,0.021384847929063786,177.68357496435192,137.63603964783485
56,700,201.77880806314056,0.45758043167027984,0.5583907181051115,142.72039760657518,0.4295504316361686,201.77880806314056,142.72039760657518
56,600,232.5332731786539,0.7738327051033531,0.55823304626122,149.1953868427582,0.8137619753751808,232.5332731786539,149.1953868427582
56,550,252.6343015149331,0.38404127791792825,0.5585874829183496,153.8623812455709,0.6211075158532601,252.6343015149331,153.8623812455709
56,380,403.0501863280113,2.1139786563829928,0.5594325013528124,261.8525867970534,0.9419662026407463,403.0501863280113,261.8525867970534
56,300,446.1350513705556,6.941794891106192,0.5598846329852509,347.7517555527276,17.998494591538886,446.1350513705556,347.7517555527276
56,260,459.8203554587534,2.8367114766693287,0.5559044426393867,404.21757739314324,0.425039026467793,459.8203554587534,404.21757739314324
56,220,468.63348033874166,1.2717171038904718,0.5607011470955259,465.62153987556417,14.110898585023024,468.63348033874166,465.62153987556417
56,200,471.4827030497663,0.900992789508288,0.557268133800861,504.07262704836694,0.45634412256596757,471.4827030497663,504.07262704836694
56,180,471.9779531563113,0.3909924847168208,0.5626228105578173,502.7679238025114,0.5655171926013846,471.9779531563113,502.7679238025114
56,160,473.5226767062862,0.8345002874762589,0.5611392115714472,515.0204870115745,0.29607321804427067,473.5226767062862,515.0204870115745
56,140,472.8565736821287,0.8833302403074381,0.5602507903370727,524.2412030701452,0.6696690283976547,472.8565736821287,524.2412030701452
56,120,472.5045296476767,0.6590547165522203,0.5596097051618719,520.7396413883504,12.441476884049806,472.5045296476767,520.7396413883504
56,100,471.5084612937905,0.5432717070676826,0.5560896992537019,514.6745664046235,11.115709181218802,471.5084612937905,514.6745664046235
56,25,471.94562042023443,1.0984808039842808,0.5559976218898627,525.6007215843304,1.6888065458799326,471.94562042023443,525.6007215843304
56,5,472.46650171812166,0.6946809090602818,0.5557000699537837,528.2525429790422,0.271370244145463,472.46650171812166,528.2525429790422
57,800000,0.8904514163683727,0.046160244460081934,0.5678544244086496,122.43785250254184,1.111248962171007,0.8904514163683727,122.43785250254184
57,400000,1.0623246560116504,0.040868450513479065,0.5708484135720133,122.8732119810366,0.8539988058453696,1.0623246560116504,122.8732119810366
57,200000,1.5183037995401778,0.05382930812574916,0.5705426581760359,123.58507305771256,0.9858195448578276,1.5183037995401778,123.58507305771256
57,100000,2.283186755630116,0.06889366491823869,0.5691870825762283,123.68820513003642,0.6881279448966464,2.283186755630116,123.68820513003642
57,40000,4.600822846137367,0.14577642372166028,0.5708195793366788,122.7042614424819,4.267374045607523,4.600822846137367,122.7042614424819
57,5000,30.94182285215056,0.8149708171110487,0.5692195399408251,120.70494250785868,2.377697507467831,30.94182285215056,120.70494250785868
57,3000,50.91807096649399,1.4581969079564425,0.5712814526842633,121.45366905035644,0.14554757357962303,50.91807096649399,121.45366905035644
57,2000,75.56348981889604,2.1846796392898074,0.56841322900885,123.63731561083142,0.3667778200872666,75.56348981889604,123.63731561083142
57,1500,101.50580995201923,3.4446234347016045,0.5682893805687008,128.71976419230978,3.3137084903740477,101.50580995201923,128.71976419230978
57,1000,147.4395283595117,5.775129305541152,0.5695466447630939,132.6334731676336,0.8496056567771302,147.4395283595117,132.6334731676336
57,900,162.94020757656568,6.411049387111858,0.5698303555384855,135.9857672558847,3.5682278292688365,162.94020757656568,135.9857672558847
57,800,182.08225080800491,7.4105382990530115,0.5695543388357399,138.26917407112413,1.2518401136571466,182.08225080800491,138.26917407112413
57,700,206.47429344557938,8.238169705736205,0.5690101780955393,143.36735395743844,1.7858514831665533,206.47429344557938,143.36735395743844
57,600,238.31440070889087,9.86525680335087,0.5687685002274114,150.48339845238468,2.0456417113423813,238.31440070889087,150.48339845238468
57,550,258.940035663575,10.729500618113422,0.5694556742677517,154.9139519870371,3.1811504490329137,258.940035663575,154.9139519870371
57,450,327.9828441678729,13.838340484297682,0.5721586113489378,185.12584100332927,8.396346596656196,327.9828441678729,185.12584100332927
57,380,378.57750553086254,0.3635439975785641,0.5666165457953665,226.70476391461398,0.25808532353027985,378.57750553086254,226.70476391461398
57,340,427.7638089069678,8.592861599200788,0.5662216918875415,303.4303904147413,18.511100564914795,427.7638089069678,303.4303904147413
57,300,448.41606272330347,0.11821247353350604,0.5726865742670687,334.6103202208999,0.7498998237573277,448.41606272330347,334.6103202208999
57,260,457.80466915902065,0.6906686006900137,0.5717374581888359,378.0941585518201,1.2804286654111627,457.80466915902065,378.0941585518201
57,200,471.33242981774305,3.968382496973835,0.5668807486492548,493.54649864890195,0.9541698624985147,471.33242981774305,493.54649864890195
57,180,470.1595553677782,1.8134296802996708,0.5735832851849616,508.307482647566,4.283707103919713,470.1595553677782,508.307482647566
57,160,469.9263400853527,0.4863697187759273,0.5725438886425267,519.2595633113777,0.4457998254072254,469.9263400853527,519.2595633113777
57,140,471.27359007278636,0.812126132903425,0.5712024154236343,523.6490036192986,3.973938221863654,471.27359007278636,523.6490036192986
57,35,469.69534336678845,0.6654132166895568,0.57491545218855,559.6098209970265,3.973291908703322,469.69534336678845,559.6098209970265
58,400000,1.0517791414970665,0.029881677291792356,0.5774225645715949,122.49863346147144,0.6588778591371868,1.0517791414970665,122.49863346147144
58,200000,1.498341711951776,0.06625926192690343,0.5804164245038815,122.70295116917562,0.9968073075986917,1.498341711951776,122.70295116917562
58,100000,2.255250998454631,0.09545206003791315,0.5801536680624083,122.08984531451596,2.447358059151536,2.255250998454631,122.08984531451596
58,40000,4.626802103368385,0.1294006847864822,0.5766847349980513,123.70779381385728,0.2169104566326891,4.626802103368385,123.70779381385728
58,5000,31.607003283355102,0.8855430935577718,0.5782632857659828,119.84954901033738,0.10811039798182415,31.607003283355102,119.84954901033738
58,2000,74.41249103969697,1.8046707235834551,0.5831259361872754,123.30042255470148,0.8824237093541566,74.41249103969697,123.30042255470148
58,1500,98.06675743361488,3.039522710160561,0.5799967877325459,126.14254964088951,0.3755304150599094,98.06675743361488,126.14254964088951
58,1000,149.38735150364732,0.09604795902237483,0.5795759098206359,132.73921388878293,0.4569606437578704,149.38735150364732,132.73921388878293
58,900,165.62162217621355,0.1361049785955616,0.5785956560886517,135.41534684329352,0.019700932317681604,165.62162217621355,135.41534684329352
58,800,185.34429539064251,0.17533149134141596,0.5785689498030281,140.6761237290807,3.054305220953639,185.34429539064251,140.6761237290807
58,700,210.1116909740327,0.7262932801183067,0.5781646285472367,144.129284066005,0.14220361734255904,210.1116909740327,144.129284066005
58,600,242.27049368433663,0.32438606305875106,0.578158863118781,151.18549312258298,0.10686709473811075,242.27049368433663,151.18549312258298
58,550,263.21895958214054,0.03833989541240293,0.5790571161495274,156.16874997925936,0.13883244390202773,263.21895958214054,156.16874997925936
58,380,408.1135926899829,0.9047205591460669,0.5812738828635332,266.0801711946629,0.36317962012503546,408.1135926899829,266.0801711946629
58,340,434.52256867666773,0.6000439156106792,0.5845238397740192,309.3903058265058,0.25350644230729324,434.52256867666773,309.3903058265058
58,300,441.0200839984852,0.2548868607037454,0.5793494377955487,319.9942682522449,0.5719847627093277,441.0200839984852,319.9942682522449
58,260,462.0571062979,1.0516144753524166,0.5759128665479171,397.03327443307177,0.6925021228895062,462.0571062979,397.03327443307177
58,220,469.21127431363084,2.246948686589421,0.5793022623832265,461.0470279078957,20.504973991582055,469.21127431363084,461.0470279078957
58,200,471.81650891261665,1.046029039749915,0.5798463548098907,494.0096162842952,15.343627003729749,471.81650891261665,494.0096162842952
58,180,473.0253545117068,0.36878503233363835,0.5817145416231077,501.9262027720228,0.7383596323727415,473.0253545117068,501.9262027720228
58,160,471.66052235895944,0.7165288593369032,0.581121759087999,514.8090012713611,0.9703255229303795,471.66052235895944,514.8090012713611
58,140,470.5730541540725,2.6919438523539623,0.5822099930973991,514.2318815980303,4.81365887888777,470.5730541540725,514.2318815980303
58,120,470.5287772861554,2.774358986170489,0.5809102513509815,522.7192444774546,2.0168541044347514,470.5287772861554,522.7192444774546
58,100,471.05665264337426,3.760404342639578,0.5785565960324925,532.3653640551971,2.074557699811658,471.05665264337426,532.3653640551971
58,90,470.5150368705183,1.7887381242062248,0.5792026084225732,536.4527524261504,2.968371581887426,470.5150368705183,536.4527524261504
58,80,471.05685180517224,1.8668916898987284,0.5796643007652561,537.5986316283789,2.682042377171034,471.05685180517224,537.5986316283789
58,70,471.40524690696384,1.3237403001060275,0.5796950727663636,540.8864304365717,3.949999124265873,471.40524690696384,540.8864304365717
58,65,470.1951132947407,1.9893066714812835,0.5794856762223544,542.5687902461037,5.183033708685156,470.1951132947407,542.5687902461037
58,60,469.95413002963204,2.548164262937302,0.5773494498192601,545.3498459509955,2.873007588977619,469.95413002963204,545.3498459509955
58,55,473.266764407093,2.9136510690920354,0.5772659724901124,547.2322453418934,1.825775354009048,473.266764407093,547.2322453418934
58,50,471.8219390017766,2.3179571376278223,0.5775752695912105,551.7391412398916,3.950475030850272,471.8219390017766,551.7391412398916
58,45,470.314908725456,1.542283634438721,0.5779007510747016,549.2541540144387,4.003605509448725,470.314908725456,549.2541540144387
58,40,470.2446239600784,1.2002195648621217,0.5782258543478999,553.7224353637588,3.244162417219114,470.2446239600784,553.7224353637588
58,35,471.51778750303436,1.0069359320074769,0.57766682044711,556.3792518915402,3.7928304237693258,471.51778750303436,556.3792518915402
58,30,466.100922259428,0.7604459323688467,0.5810551203539516,561.1067284909012,7.123276808006054,466.100922259428,561.1067284909012
58,25,467.37774342563745,2.508962756041752,0.5819567366921253,569.5335024300825,5.286230174086812,467.37774342563745,569.5335024300825
58,20,464.11870981272733,5.557995725895303,0.5822451876811009,564.3603000646563,6.144345795783893,464.11870981272733,564.3603000646563
58,15,466.3438229051965,1.9218549083857943,0.5818109696753707,569.723632795651,11.648539306104347,466.3438229051965,569.723632795651
58,10,466.7131041224802,1.910842691740082,0.5809588475982185,581.1287179609723,5.92155525029021,466.7131041224802,581.1287179609723
58,5,467.75985390566854,1.402867787014218,0.5818051930370011,576.8403583166279,7.094469838852062,467.75985390566854,576.8403583166279
58,0,469.1747450729857,1.2483672073859593,0.5788252531272803,566.0664151405919,9.102327451668758,469.1747450729857,566.0664151405919
59,400000,1.042114078115797,0.05263135305795534,0.587238949091567,122.69818109309665,0.7638506743818929,1.042114078115797,122.69818109309665
59,200000,1.4705287832300893,0.05209066833778398,0.590819175842387,123.04727042420944,0.8336476870344838,1.4705287832300893,123.04727042420944
59,100000,2.267737483225822,0.06278822188405625,0.5891553035647857,122.15268821151699,2.778813660279551,2.267737483225822,122.15268821151699
59,40000,4.563613455241935,0.1755815778505855,0.5905143560044337,120.61327606779398,3.43687649009567,4.563613455241935,120.61327606779398
59,3000,48.490516880860845,0.06097848582624779,0.5878927694297692,121.1503809662334,0.05881173798581997,48.490516880860845,121.1503809662334
59,1000,141.0780371575603,0.35754435702883,0.5865259910166539,131.65474113792746,0.07437552372511476,141.0780371575603,131.65474113792746
59,900,154.8663737235943,0.2475540875785667,0.5880239824838509,132.90883005051316,1.153295682975225,154.8663737235943,132.90883005051316
59,800,173.51115863055327,0.18483500695950555,0.587334716897559,136.76337774678024,0.04042336092149232,173.51115863055327,136.76337774678024
59,700,197.3362517839719,0.3480351379907161,0.5867140607226453,140.5985106653208,0.41017368344542415,197.3362517839719,140.5985106653208
59,600,227.8703400746247,0.5492471251742009,0.5862504399451044,147.39946920990562,0.6314226145094132,227.8703400746247,147.39946920990562
59,550,246.90883691102462,0.45285152809790413,0.5867367749971395,152.20333171489366,0.04189663044040481,246.90883691102462,152.20333171489366
59,450,327.2172476197341,13.31897727072229,0.5889311277242552,182.23245107796185,7.862446819483633,327.2172476197341,182.23245107796185
59,380,384.4261241809902,0.06750384549087768,0.5905156526946548,234.8645672756488,0.7976372410516207,384.4261241809902,234.8645672756488
59,340,421.25528657892045,0.3103087692636191,0.5871652894769867,291.0761345793409,1.0027982338133734,421.25528657892045,291.0761345793409
59,260,453.4979148894162,6.486830646297566,0.5887868188391862,360.1665879921931,21.49526423570318,453.4979148894162,360.1665879921931
59,220,469.9049944729913,0.808210792990811,0.5921393144989846,471.4792878161525,0.7308356147165238,469.9049944729913,471.4792878161525
59,200,469.3758428364049,2.0231564387740386,0.5919421071462584,493.9279198046475,0.612550272958902,469.3758428364049,493.9279198046475
59,180,465.66192141202515,5.471447704144555,0.590472703009465,508.4062526024049,1.791022174544857,465.66192141202515,508.4062526024049
59,160,467.4615018090179,0.25694351333657545,0.5894373327400974,514.5438267787495,2.9897873243753743,467.4615018090179,514.5438267787495
59,70,467.6031876440256,1.8024409842837887,0.5941674823674455,526.6160537756291,0.610163870737992,467.6031876440256,526.6160537756291
59,65,469.0761385838619,0.5323792406882482,0.5936890021978817,532.8144769462584,0.5518518487615592,469.0761385838619,532.8144769462584
59,60,468.5070413742266,1.1713733314279076,0.5928764422210695,533.1660541269935,2.9166792365007446,468.5070413742266,533.1660541269935
59,55,467.8560958831554,0.3887752621943218,0.5927412862709032,532.4059716873594,0.40483330349615576,467.8560958831554,532.4059716873594
59,50,468.46882961279385,0.5065014046639682,0.5928275454204602,536.3300921213412,2.3864694828532604,468.46882961279385,536.3300921213412
59,45,468.2976481193327,0.9719566795441558,0.5926005966258485,539.2415081399557,2.7499098575192007,468.2976481193327,539.2415081399557
59,40,470.75118718645143,1.5666971702744228,0.5927121528200111,542.298835680287,1.8527565902676553,470.75118718645143,542.298835680287
59,35,469.3719077732272,1.323415135523595,0.5915821161757334,544.3482362260046,2.8217013206406865,469.3719077732272,544.3482362260046
59,30,468.0986649366587,1.0404509389476226,0.5941783583352768,554.946266454216,4.761497848651191,468.0986649366587,554.946266454216
59,10,467.47827730340106,0.15567883209934602,0.585860070014629,568.077006043227,5.978479367221436,467.47827730340106,568.077006043227
60,400000,1.0462946312816388,0.037640436580511735,0.5987614124151144,122.2150614103937,1.9669910062487843,1.0462946312816388,122.2150614103937
60,200000,1.377687672642247,0.06316173268971875,0.6021963487261931,122.84223390595034,0.8642676350372969,1.377687672642247,122.84223390595034
60,100000,2.2146001985347974,0.05085597636549556,0.5987865388719056,121.99266433059138,3.8250546133384957,2.2146001985347974,121.99266433059138
60,40000,4.633450573406944,0.01218296188712889,0.6017187444006513,119.451248789585,3.794402465876587,4.633450573406944,119.451248789585
60,5000,31.032889406787138,1.228663049004328,0.5991224436795787,119.8317229768412,0.16095954477742572,31.032889406787138,119.8317229768412
60,3000,52.91642174735648,0.6409908767990309,0.5960532619747074,121.55535451265332,0.03343575511060417,52.91642174735648,121.55535451265332
60,2000,77.8717944955818,0.19561222965317407,0.5958035988031286,122.72761277021095,1.1377775484001968,77.8717944955818,122.72761277021095
60,1500,101.24591904797863,0.27252852155396323,0.6021271299420832,126.57859826199291,0.06731841284159037,101.24591904797863,126.57859826199291
60,1000,150.4341998971581,0.34252636869186315,0.6012905459379141,133.3665892921807,0.28198611164904663,150.4341998971581,133.3665892921807
60,900,164.08674721908062,5.939422997927709,0.6012583423228554,135.61283800571132,0.029809478814867216,164.08674721908062,135.61283800571132
60,800,186.22147903948508,0.04941041393946774,0.5999412145693271,138.94532744965758,0.048803677671829436,186.22147903948508,138.94532744965758
60,700,204.26492401708995,7.895456781245544,0.6022636286591466,142.49335539040166,1.9056492369284461,204.26492401708995,142.49335539040166
60,600,240.2992347534784,7.9483683628246,0.6010311775747558,149.33384418816243,1.8636223520883028,240.2992347534784,149.33384418816243
60,550,265.8552235209359,0.11604708279427711,0.60145945772122,156.33599431052053,0.23999508129204838,265.8552235209359,156.33599431052053
60,380,406.393277794102,0.443038783682742,0.5974918209362042,256.9756454462603,0.5958122987869945,406.393277794102,256.9756454462603
60,340,435.41440077775064,0.6804541076715879,0.6034502215450687,301.7191214210388,0.09523181777618608,435.41440077775064,301.7191214210388
60,300,446.93030773721074,6.228051620355233,0.5968043179334181,322.9912119465809,11.876323013270982,446.93030773721074,322.9912119465809
60,260,436.34292269836004,1.4195323943834413,0.6035870098692462,300.05552447066503,1.690383827250565,436.34292269836004,300.05552447066503
60,220,463.4363342334909,2.413039720070266,0.5993416403876043,384.42809968517895,3.0685570508803326,463.4363342334909,384.42809968517895
60,200,473.0636241516484,1.0166641199606958,0.6008270350765649,464.18246589689375,1.1187139256793126,473.0636241516484,464.18246589689375
60,180,472.3069266430636,2.670503694670045,0.6001867328236973,491.3928128712026,0.05804624832299433,472.3069266430636,491.3928128712026
60,160,468.6648953017788,0.5130299762329715,0.5990633682313203,499.56695231483224,3.3269640025803486,468.6648953017788,499.56695231483224
60,140,469.5204694417168,0.942534656454211,0.5983126758945987,508.4848733145172,2.170227430812246,469.5204694417168,508.4848733145172
60,120,467.9383592690358,0.9107710640258628,0.5989937546777022,525.1290466212032,2.9882262362801324,467.9383592690358,525.1290466212032
60,100,469.5591555877124,1.0926036294978756,0.5959995024894735,526.4676980830803,2.071333317122577,469.5591555877124,526.4676980830803
60,90,469.07545584659186,0.36963764565162327,0.5959216068846618,530.7051564006905,3.071361968905288,469.07545584659186,530.7051564006905
60,80,469.01268357754793,0.9879332795171873,0.5953043685470031,529.7120866696085,2.313325483052048,469.01268357754793,529.7120866696085
60,25,467.70078843575584,3.4553256291039336,0.5991201251250623,567.495717999297,9.079975028331797,467.70078843575584,567.495717999297
60,20,461.6828901197635,1.0565638282366943,0.6029590390753774,577.1049789872823,5.197001384302847,461.6828901197635,577.1049789872823
60,15,463.33165314480055,1.265662112499377,0.6011601776995733,572.6934652990808,5.030940928735695,463.33165314480055,572.6934652990808
60,10,464.59713461791347,0.3720742963938381,0.6017145397365812,582.5277639701548,0.47123444382322943,464.59713461791347,582.5277639701548
60,5,463.7275435107649,1.9231701360910347,0.601305086876854,578.4878606654781,5.657455594909083,463.7275435107649,578.4878606654781
60,0,466.57849194671707,0.722988036122501,0.5968566926131391,568.9547390255066,6.066642955334927,466.57849194671707,568.9547390255066
61,400000,1.006637534025357,0.04073050789849495,0.6111236820893036,122.85753839110588,0.6807212582189325,1.006637534025357,122.85753839110588
61,200000,1.362241958217004,0.06177567453553373,0.6076845724587729,122.61421054015273,0.5489620662083718,1.362241958217004,122.61421054015273
61,100000,2.2032562032816703,0.036738159207935835,0.6086384861991141,122.69919389482124,2.351105708146686,2.2032562032816703,122.69919389482124
61,40000,4.5094138030414275,0.11823612541088703,0.6096796135156518,120.99093111920972,3.840101961142602,4.5094138030414275,120.99093111920972
61,5000,31.49017297527655,0.145973739196783,0.6092013633498987,119.88548426290411,0.04314143845479509,31.49017297527655,119.88548426290411
61,3000,47.70774474068629,0.1126393651683397,0.6118352428171536,121.17782917432571,0.05270063583375702,47.70774474068629,121.17782917432571
61,2000,73.01058903585701,3.090075920669272,0.6115126897757743,123.52831983769302,0.28825765963761835,73.01058903585701,123.52831983769302
61,1500,97.72513763751532,3.8963983159763096,0.6104526606560908,126.17272888134453,0.28071029585874,97.72513763751532,126.17272888134453
61,1000,144.44045307400745,4.848305956424007,0.6098573154019646,133.16018785250253,2.5865416977953237,144.44045307400745,133.16018785250253
61,900,160.3438751786363,4.651441253735986,0.6105615629198873,134.33803483868016,1.0332078402943934,160.3438751786363,134.33803483868016
61,800,178.31596264128663,5.455650023364975,0.6094955726881869,137.55737575225604,0.808601654761515,178.31596264128663,137.55737575225604
61,700,207.9003264925103,0.48267011679079636,0.6132602599554325,143.01236129590208,0.8328071725082206,207.9003264925103,143.01236129590208
61,600,235.79223761413382,7.392877555920115,0.6102477453795582,149.6699363454617,0.7242790043040168,235.79223761413382,149.6699363454617
61,550,247.70987706431538,0.6438195772220361,0.6058419398986629,152.00577707660997,0.3178109602063405,247.70987706431538,152.00577707660997
61,380,383.7685449214655,2.518306526738309,0.6093696906818703,229.17029878259962,0.2808935373026288,383.7685449214655,229.17029878259962
61,340,421.6598409888533,0.755688802619357,0.605580430432731,278.13289722474383,0.30571099345167135,421.6598409888533,278.13289722474383
61,260,451.61808486590513,1.7630269818069952,0.6095585611901015,339.0027983580093,0.7595258827852085,451.61808486590513,339.0027983580093
61,220,470.69175628672497,2.234620159232804,0.6084659018172103,431.45189117410683,0.4502526146570622,470.69175628672497,431.45189117410683
61,200,473.6884632637586,1.4261125164848545,0.608300108865201,463.1179778577564,0.6499435936057951,473.6884632637586,463.1179778577564
61,180,472.405622028565,1.1625620888702537,0.6080401119264242,488.28984956723616,0.9160451561995523,472.405622028565,488.28984956723616
61,160,468.80738159939654,2.0539213465487873,0.6102925260941499,495.3371489386756,6.142179648262489,468.80738159939654,495.3371489386756
61,140,468.29960568066497,1.7644252670741976,0.6118674380820639,520.4354594163216,8.848959055493989,468.29960568066497,520.4354594163216
61,120,465.53764722374086,0.4879534368054358,0.6084592746705092,531.0371001093671,5.343576734162833,465.53764722374086,531.0371001093671
61,100,466.39700283600286,2.04190040416111,0.6118992211522079,546.1814072321525,10.616054630763061,466.39700283600286,546.1814072321525
61,90,465.7660550766438,1.4448267917718287,0.6108912312113305,541.9606904916595,15.981943099810342,465.7660550766438,541.9606904916595
61,80,466.0594083855163,1.3460371410923129,0.611208750935702,546.6963407556923,22.063515563581785,466.0594083855163,546.6963407556923
61,70,464.3044975615948,2.4576323256510646,0.6115957833453597,548.2349945893324,24.173064191526787,464.3044975615948,548.2349945893324
61,65,465.9262348461171,1.0267952748810016,0.609808719881476,545.5960419380802,21.487057629764358,465.9262348461171,545.5960419380802
61,60,466.099831369342,0.7759825657522839,0.6090846809243641,549.5308132141007,22.220175076549282,466.099831369342,549.5308132141007
61,55,466.5399328502656,1.9661731339581099,0.6091437214106626,549.7003560480415,20.795175393402065,466.5399328502656,549.7003560480415
61,50,466.4795262573303,0.5488407499648027,0.6092425531832062,550.0340897380837,20.53471194183488,466.4795262573303,550.0340897380837
61,45,466.074539269777,1.9022239850893647,0.609687317885722,556.0852980093988,18.667443750066337,466.074539269777,556.0852980093988
61,40,465.8029524413673,0.8365488240763435,0.6095528579319058,553.9590487004133,18.641449776517394,465.8029524413673,553.9590487004133
61,35,465.1563842075173,2.8217266965042476,0.6111443365594894,566.6406182466766,13.437489262168995,465.1563842075173,566.6406182466766
61,30,462.3329789865931,0.1704761902082104,0.6122194011390484,578.1875008865933,4.482839101630837,462.3329789865931,578.1875008865933
61,25,463.02720231626677,0.6001565782246643,0.6117584925470365,582.1616009878576,5.002304926715173,463.02720231626677,582.1616009878576
61,20,463.2297841459424,0.23142939313213903,0.6113808139506142,581.019298603509,5.2005245040121295,463.2297841459424,581.019298603509
61,15,464.40126380002977,0.8432871265983466,0.6112923966525395,585.1120515656822,4.679771822062976,464.40126380002977,585.1120515656822
61,10,465.0409646832868,1.5975909737150522,0.6108580977599841,586.321722898102,6.239308007651006,465.0409646832868,586.321722898102
61,5,466.6602388570263,0.7717833026050029,0.6103119622808341,587.8137705268017,5.417169986666514,466.6602388570263,587.8137705268017
61,0,467.3290468502466,4.340809998959184,0.6099213234309891,579.6261506324021,1.2453540360833353,467.3290468502466,579.6261506324021
62,400000,0.99097103064422,0.043399545674888775,0.6203100584419577,122.53629155047209,1.1497295367443976,0.99097103064422,122.53629155047209
62,200000,1.3178348907737691,0.03327191605025571,0.6177189543830459,122.4878576142139,0.3270535792745533,1.3178348907737691,122.4878576142139
62,100000,2.0533581241794283,0.10270865689605085,0.621451685774695,123.4235622976902,1.0506497967213475,2.0533581241794283,123.4235622976902
62,40000,4.470744663136322,0.0748161535662973,0.6213034290760623,122.47673942497495,3.907255404319971,4.470744663136322,122.47673942497495
62,5000,29.660716263032146,0.047350069280429605,0.6176502349823406,119.9235801158297,0.15315381361147457,29.660716263032146,119.9235801158297
62,3000,49.44954873308595,0.8041521623511613,0.6202360842626161,121.36318287815932,0.21501258120440436,49.44954873308595,121.36318287815932
62,2000,72.59513916998706,1.3791994254085786,0.6191820818379891,124.89099485546484,3.2108130440098783,72.59513916998706,124.89099485546484
62,1500,95.27247189394132,0.1656335698477854,0.6193230889773184,125.92412877091765,0.20242195792288536,95.27247189394132,125.92412877091765
62,1000,140.18153158236726,0.19818259686361714,0.6206547703285381,131.68186064727,0.007747138778560072,140.18153158236726,131.68186064727
62,900,154.32058048421797,0.34019864467062383,0.6217127708000717,133.32451506748978,0.9766637243547069,154.32058048421797,133.32451506748978
62,800,172.7324717307607,0.34462323379470694,0.6219057693518705,136.74285071989496,0.048310298730382076,172.7324717307607,136.74285071989496
62,700,195.6686323689311,0.22475904085017998,0.6219517593842016,140.53691662566214,0.037246923090668335,195.6686323689311,140.53691662566214
62,600,226.5977141659054,0.5551205238681824,0.6221349589772206,146.85268405498664,0.671121202966361,226.5977141659054,146.85268405498664
62,550,255.38551745699428,10.476269123040975,0.6209833047348177,153.7523155538306,2.4474394303732003,255.38551745699428,153.7523155538306
62,450,335.36867605388136,15.552977495168927,0.616173602635327,186.84041864723235,10.346900630235854,335.36867605388136,186.84041864723235
62,380,414.0096080153042,0.7010732542421145,0.6217615646170019,260.92793290624826,0.62021289190376,414.0096080153042,260.92793290624826
62,340,437.85168642408945,0.588545233550015,0.6222749582509862,295.73056034540656,0.39547502913589533,437.85168642408945,295.73056034540656
62,300,446.987399044797,5.028308893535482,0.6164514398076224,316.18199780871697,10.435645833196347,446.987399044797,316.18199780871697
62,260,442.55939649257124,1.0772496637217595,0.6188138820757841,301.13399014527624,2.5981848063599116,442.55939649257124,301.13399014527624
62,220,471.3336532433069,0.6125659163242765,0.6198259020702857,432.1908840646343,15.615537846579223,471.3336532433069,432.1908840646343
62,200,473.7926978110242,1.3797951036030107,0.6167768471093539,465.5182735872856,0.6885692188305097,473.7926978110242,465.5182735872856
62,180,470.93803497820056,0.5608197830859336,0.618543200838987,487.0515142509126,1.4121457853582533,470.93803497820056,487.0515142509126
62,160,470.96730999468605,2.25312690362692,0.6202298128598971,504.1216417280132,3.181083625370024,470.96730999468605,504.1216417280132
62,140,467.61662679903435,2.022392256693976,0.622325414953898,513.0071943462693,5.468899389975972,467.61662679903435,513.0071943462693
62,120,466.3835458723568,3.0331827652711247,0.6193538574596938,531.563269431294,2.9358086530306253,466.3835458723568,531.563269431294
62,100,467.6333025520193,6.7067556455305954,0.6242014554329068,536.6799704336871,3.8925387904370976,467.6333025520193,536.6799704336871
62,65,466.45594968499955,1.8690910186317828,0.6245984836511692,534.1204899422011,2.0890042492140033,466.45594968499955,534.1204899422011
62,60,468.038518254921,0.3843438156203776,0.6241033371678455,537.2870414961177,2.0239435652327518,468.038518254921,537.2870414961177
62,55,463.9030986130801,,0.6246739182326049,537.3945509055729,0.7693922757993951,463.9030986130801,537.3945509055729
62,30,461.4767400461089,0.6620913676489061,0.6216836511457702,576.1242549216363,4.2535055672574344,461.4767400461089,576.1242549216363
62,25,463.37874055103015,0.9507060188112691,0.6230162132101805,575.2352391017997,7.531239520802042,463.37874055103015,575.2352391017997
62,20,462.89248828589325,1.1879918118775614,0.6228207852921154,572.9759665422919,6.791233131541822,462.89248828589325,572.9759665422919
62,15,462.46813492689324,0.6568537132919332,0.6225031926500875,576.6734932026735,3.9503497951240063,462.46813492689324,576.6734932026735
62,10,462.9429269550692,1.6579041664636358,0.6220464534887151,578.125131419895,5.9003118134753665,462.9429269550692,578.125131419895
62,5,464.11862388305127,1.8537513361796156,0.6212478273516411,583.0902192016275,4.446331000185475,464.11862388305127,583.0902192016275
62,0,464.18574118687087,1.1783483053177304,0.6208529586863507,579.7025877017005,4.0775325680797705,464.18574118687087,579.7025877017005
63,400000,1.0183923408550752,0.04920955857134026,0.6280927660063523,122.91974327990295,0.9270219791262014,1.0183923408550752,122.91974327990295
63,200000,1.3168681547871373,0.023370354777038246,0.6293470622964296,122.4368893010818,0.5224365689050718,1.3168681547871373,122.4368893010818
63,100000,2.059232989670776,0.12995347013123223,0.6277357637443033,122.0849901096715,2.269219531704978,2.059232989670776,122.0849901096715
63,40000,4.481005237537187,0.10916387689577634,0.6303847698266792,119.24431718283888,3.8030074446094653,4.481005237537187,119.24431718283888
63,5000,31.589966722514124,0.07848294032352773,0.6292461861973336,119.93193716758817,0.00190749736396152,31.589966722514124,119.93193716758817
63,1000,148.33048509349996,0.36782291210814805,0.6345425257220999,132.32286537848063,0.6037050725270129,148.33048509349996,132.32286537848063
63,900,163.9858509019908,0.03201648846872879,0.6346296683444037,135.33852298198008,0.09795604408615877,163.9858509019908,135.33852298198008
63,800,183.8457218232529,0.29401466326492687,0.6340241802723923,138.4056831660624,0.0288671801593729,183.8457218232529,138.4056831660624
63,700,208.29810770605687,0.3715873936024352,0.6336513425282935,143.47175430861785,0.15637240389635365,208.29810770605687,143.47175430861785
63,600,242.2520737130909,0.35705940305614414,0.6344213891245395,150.1873743128289,0.18430562182271695,242.2520737130909,150.1873743128289
63,450,336.2843848655448,15.381786444888544,0.6342118546391154,186.67655483330466,9.425521915525325,336.2843848655448,186.67655483330466
63,380,393.22646316092647,0.7279478149827365,0.6336751459356295,234.41920503653412,0.14839479623709667,393.22646316092647,234.41920503653412
63,340,427.02143687199487,0.32904486599058547,0.6267140535411859,278.7845048379097,0.10253298147028618,427.02143687199487,278.7845048379097
63,260,455.72463698929715,1.2167047901383936,0.6257588562568372,339.57007032159225,0.05980597527888701,455.72463698929715,339.57007032159225
63,220,473.45508290389057,2.4557124111382747,0.6302254400336541,404.2730008989897,0.1516108482492723,473.45508290389057,404.2730008989897
63,200,472.32517652870973,3.1906154912919367,0.6285439451245786,463.5719584111204,6.851874463479524,472.32517652870973,463.5719584111204
63,180,470.137193604119,2.424905161381267,0.6293039969595726,483.7696903015019,5.550487360688784,470.137193604119,483.7696903015019
63,160,469.23194312841485,2.0790089192093295,0.6292461921643734,494.51935813755654,3.1642360051181506,469.23194312841485,494.51935813755654
63,140,469.81767821215936,2.1832347733729924,0.630477814365905,506.08630379544564,2.391869347653926,469.81767821215936,506.08630379544564
63,120,468.9517765267515,0.315394059894781,0.6293425391897595,525.3311600946831,1.2875497592482217,468.9517765267515,525.3311600946831
63,100,468.8086169900587,0.7554442977115297,0.6274528883941383,533.7829888462311,2.739028349315591,468.8086169900587,533.7829888462311
63,90,464.4107052831984,5.237412169806037,0.6272713446250687,545.9366708457707,18.399870693546838,464.4107052831984,545.9366708457707
63,80,464.4393445811424,3.868032087202244,0.6270784991214257,549.4277259044736,18.90328303558396,464.4393445811424,549.4277259044736
63,70,464.2543240315704,5.081951686174792,0.6266154201695915,547.2217656559442,18.299051813613115,464.2543240315704,547.2217656559442
63,65,460.73486084673686,1.593201950805561,0.6279055498613079,565.5938675887725,3.459978910935756,460.73486084673686,565.5938675887725
63,60,460.7649017424308,1.5663057172347619,0.6270901431824137,567.5460933438254,5.071520030555016,460.7649017424308,567.5460933438254
63,55,463.9865576420516,3.0848077292244773,0.6268918779172055,567.1642743315543,4.684112824206372,463.9865576420516,567.1642743315543
63,50,464.3298810989895,2.3271351194450043,0.6292516294575824,564.2260380966995,5.979701543475397,464.3298810989895,564.2260380966995
63,45,462.9107281177246,2.842231593895538,0.6297611568223557,571.7422527020187,5.954606953515656,462.9107281177246,571.7422527020187
63,40,462.44536148912226,2.6534580199567217,0.6296182580281974,572.5727332269661,6.148793798071167,462.44536148912226,572.5727332269661
63,35,464.98418028312267,1.935625874417224,0.6287944262488493,573.905219033065,5.663148895073237,464.98418028312267,573.905219033065
63,30,463.0895648964943,2.097903610480452,0.6284976817387872,573.2477558152839,6.781072031975621,463.0895648964943,573.2477558152839
63,25,464.88302327131623,0.7630475977836174,0.6310995993946412,579.0392712076026,2.2036752163352786,464.88302327131623,579.0392712076026
63,20,464.97837101494883,0.829436492132702,0.6305976638180726,581.3474695532005,5.833668766165879,464.97837101494883,581.3474695532005
63,15,464.3890817603413,1.4176519097633564,0.6305165653865473,577.9455241930011,0.849623569389443,464.3890817603413,577.9455241930011
63,10,465.11597228843294,1.1086143698109299,0.6299414678996629,587.0814507852705,5.986239689042699,465.11597228843294,587.0814507852705
63,5,464.23203918146464,1.1738422703916598,0.6291095930775347,591.6891405743631,2.9899290122676256,464.23203918146464,591.6891405743631
63,0,467.13975211764154,5.492111167630775,0.6285821561958495,585.1709195957931,4.177177995055897,467.13975211764154,585.1709195957931
64,400000,1.0823108367358771,0.03555380352259125,0.6376354632344071,122.3586351270835,0.6919033240354843,1.0823108367358771,122.3586351270835
64,200000,1.3337106912206895,0.015220108435804042,0.6425341028027476,122.99741110794797,0.6110510007251482,1.3337106912206895,122.99741110794797
64,100000,1.9348054359817723,0.06974325015469846,0.6398124490264542,122.00019577604591,2.3099195792788176,1.9348054359817723,122.00019577604591
64,40000,4.186572351481937,0.2189022248647056,0.642348468965723,120.89819082113338,3.68560115299484,4.186572351481937,120.89819082113338
64,5000,29.594977327957224,0.026680223059355426,0.6378424250191764,119.76576381566339,0.01400587725696111,29.594977327957224,119.76576381566339
64,3000,49.5857593954366,1.461748322372778,0.6370814345678286,121.33523672579535,0.1700786436716806,49.5857593954366,121.33523672579535
64,2000,73.5711137233317,1.6956862651709528,0.6387732329419405,123.2300316173622,0.9374600612980808,73.5711137233317,123.2300316173622
64,1500,97.14877461352903,3.3535783889377715,0.6406482078816259,126.12822293933385,0.41957628330903624,97.14877461352903,126.12822293933385
64,1000,139.20061813367576,0.22141401910583824,0.6420270552823103,131.6217898519404,0.1783386098533666,139.20061813367576,131.6217898519404
64,900,153.2958474665763,0.3954205978743999,0.6421945166049478,133.08455483443527,0.4910217489885427,153.2958474665763,133.08455483443527
64,800,172.4647850178715,0.021792208320182554,0.6414598952771937,138.27619341939123,2.750302610995125,172.4647850178715,138.27619341939123
64,700,195.01079762325801,0.2894990187423059,0.6409827923634418,140.24027241458134,0.0593895269752266,195.01079762325801,140.24027241458134
64,600,226.0464576287101,0.20855124443907386,0.6416630774862604,146.80013901854196,0.011887634654283491,226.0464576287101,146.80013901854196
64,550,255.78551132656722,10.048049179600342,0.6405138634085432,153.32751765878697,2.578799995241047,255.78551132656722,153.32751765878697
64,380,414.25492132045065,1.2050964833632745,0.6386313821737089,255.6647101045261,0.2750024473548172,414.25492132045065,255.6647101045261
64,340,429.4193058641161,6.0263303155269705,0.6414665898533027,280.4046656539769,9.621076143614037,429.4193058641161,280.4046656539769
64,300,448.50905339175375,6.469231328506272,0.6366838779478691,303.98982180727313,9.606672379172071,448.50905339175375,303.98982180727313
64,260,445.6139515083646,6.723078702566288,0.639476839164347,314.2891838392255,19.361398423268678,445.6139515083646,314.2891838392255
64,220,467.32417312068947,2.7273452690515363,0.6405717820077039,398.04122022604747,34.66879020232337,467.32417312068947,398.04122022604747
64,200,472.6819087404264,0.6482772042750653,0.6404053466553332,445.1818942366371,25.530874844112397,472.6819087404264,445.1818942366371
64,180,474.19531373338276,1.6956283478287455,0.6402414887197367,476.752185937873,20.788581881027,474.19531373338276,476.752185937873
64,160,473.8498999628677,1.8269349404459794,0.6398971693681291,493.9582046425375,24.209555002385674,473.8498999628677,493.9582046425375
64,140,473.9969141473896,3.689311384713477,0.6394438447325789,507.31113887805014,25.860805974366787,473.9969141473896,507.31113887805014
64,120,473.9899444042583,3.6457955521148095,0.6386109308270805,529.9064887435156,25.292544084817166,473.9899444042583,529.9064887435156
64,100,474.00761717551967,3.8092513664678895,0.6392354536505795,548.0762336023157,28.58764811560492,474.00761717551967,548.0762336023157
64,90,472.7558081074128,3.9982648272672514,0.6417073862343504,552.4616356566555,23.77378418143577,472.7558081074128,552.4616356566555
64,80,479.2581920281719,3.871359862227241,0.6397654192628356,589.6965069816048,10.904692033368882,479.2581920281719,589.6965069816048
64,70,479.1618280723041,0.7701303750999092,0.6401953641564508,607.9864828495503,1.4902080592214433,479.1618280723041,607.9864828495503
64,65,476.7879414800364,3.427097223364781,0.6406445104675794,601.760741248392,8.165278002869506,476.7879414800364,601.760741248392
64,35,464.4083356400294,0.9266255451932343,0.6448689419752944,564.3710225071372,5.132402696487533,464.4083356400294,564.3710225071372
64,30,465.0678967046346,1.3400238295476996,0.6441893231062438,563.4223997474786,5.242255902836211,465.0678967046346,563.4223997474786
64,25,467.0237658433616,1.8621219117248307,0.6438244515134613,567.3524247988056,5.148745397617043,467.0237658433616,567.3524247988056
64,20,464.89939941802476,1.3271198788603618,0.6435026942598018,563.4527870800395,0.27567975395568367,464.89939941802476,563.4527870800395
64,15,467.38885070546894,1.2808423317455402,0.6433604873844208,569.4647481411196,0.17203343218717615,467.38885070546894,569.4647481411196
64,10,467.28951069976665,0.6404496335846611,0.6428949534703791,568.7931244579812,3.6817592243401593,467.28951069976665,568.7931244579812
64,5,466.9144182820232,0.34084891858092853,0.6419570186512238,571.3584251979391,5.629690871596091,466.9144182820232,571.3584251979391
64,0,466.18248607366894,0.7846936101597997,0.6416766189331818,564.4860107581299,0.43640591024073794,466.18248607366894,564.4860107581299
65,40000,4.018627545308447,0.3228813764214891,0.6472582340001461,121.05492978454176,3.313779685727504,4.018627545308447,121.05492978454176
65,5000,31.41428396179839,0.08171247876894146,0.6468638587095498,120.1201126624977,0.25756680586559116,31.41428396179839,120.1201126624977
65,3000,51.52923677546161,0.12234059448905653,0.6474128931125325,121.426954182224,0.11737119916381356,51.52923677546161,121.426954182224
65,2000,76.49118423275972,0.11629096347072104,0.648441648431247,123.9134683501427,0.2512492814971872,76.49118423275972,123.9134683501427
65,1500,100.98614243919842,0.1684452309003673,0.6491022637100826,126.46366678837751,0.06758394177632918,100.98614243919842,126.46366678837751
65,1000,147.64964644793122,0.9184452343229044,0.6512022266271252,134.76691855249837,4.220322676183181,147.64964644793122,134.76691855249837
65,900,163.64259967372445,0.6268211405172375,0.6503729989576278,135.0453228735429,0.0606332665858497,163.64259967372445,135.0453228735429
65,800,182.59001762855914,0.4593344497856676,0.6512899465663416,138.0348079518823,0.07587442846776324,182.59001762855914,138.0348079518823
65,700,207.82993303667828,0.342514993236149,0.6507889722300605,142.89054680306336,0.10046785785183253,207.82993303667828,142.89054680306336
65,600,240.7828372547639,0.20790844197463526,0.6517744287305645,149.46959767187923,0.08827240433255257,240.7828372547639,149.46959767187923
65,550,262.62521188211986,0.6233163851831348,0.6534173338500628,154.91183322760517,0.19622151073042093,262.62521188211986,154.91183322760517
65,450,333.6535769233869,12.880821375427299,0.6501319091033467,184.44459793924634,8.329100940054001,333.6535769233869,184.44459793924634
65,380,399.3708782271737,9.789360894856511,0.6505914625403736,239.11610164073636,10.883107794705248,399.3708782271737,239.11610164073636
65,300,452.51357513323455,0.8092440157569711,0.6533431444597417,302.9087741342286,2.0585445370804436,452.51357513323455,302.9087741342286
65,260,441.96157178123707,1.7779128989415824,0.648965235006815,296.9445782618412,0.3961334984923076,441.96157178123707,296.9445782618412
65,220,463.63452455940075,5.399812567120653,0.6489432818483029,360.1483088680038,35.44838642551516,463.63452455940075,360.1483088680038
65,200,470.97681682834485,0.6496531484169671,0.6483435661704404,408.94757345452336,31.074035400931262,470.97681682834485,408.94757345452336
65,180,472.57041206602577,4.257935912520869,0.6480443890092785,441.7867582409646,19.85446291027026,472.57041206602577,441.7867582409646
65,160,472.2505196032592,4.343379988446732,0.6479190436571338,461.88285231011406,12.029340626629498,472.2505196032592,461.88285231011406
65,140,471.13071114820485,2.9717651066655857,0.6476514546075036,471.0853675904552,11.761470708251167,471.13071114820485,471.0853675904552
65,120,471.7093142048481,3.3197417968582528,0.6479387986069173,494.80593531001847,11.190738624580769,471.7093142048481,494.80593531001847
65,100,470.17481873586854,5.7930146695632025,0.6496996753787797,521.4589235688801,10.393322191713466,470.17481873586854,521.4589235688801
65,90,459.52428885037466,2.6404574304255424,0.6532017627421595,549.286682141392,6.046272858225551,459.52428885037466,549.286682141392
65,80,462.24566445242436,2.569971057348542,0.6508040956287848,552.6148336506263,7.12817800794385,462.24566445242436,552.6148336506263
65,70,460.9829528446716,2.240953632077793,0.6501180027911203,551.0671513470903,4.40204764284618,460.9829528446716,551.0671513470903
65,65,460.5864238695647,5.9059290154899236,0.649797299500638,553.5286748524571,5.977424914584009,460.5864238695647,553.5286748524571
65,60,467.40586058896656,5.929018760182072,0.6480293682711697,572.3107982249707,23.12577731284815,467.40586058896656,572.3107982249707
65,55,464.85842104462154,5.404900240112293,0.6484548012785613,575.3576663991544,25.927440759989324,464.85842104462154,575.3576663991544
65,50,464.996793860599,4.726000727535655,0.6486470563620108,572.6738839718809,22.94231376086844,464.996793860599,572.6738839718809
65,45,464.3272886975697,5.056221388413686,0.6485466154896309,574.5116332914305,21.129021766827226,464.3272886975697,574.5116332914305
65,40,466.2467072356845,4.770794401192425,0.6483102621991296,573.9037587070056,25.442939063814393,466.2467072356845,573.9037587070056
65,35,464.3904254259228,6.443364662603597,0.6489019637943126,578.0767844097013,20.547759160828086,464.3904254259228,578.0767844097013
65,30,467.3889126968707,5.811758638823365,0.6486241845147148,586.6045600199046,30.599261126680577,467.3889126968707,586.6045600199046
65,25,466.6664372673361,3.5735018161073735,0.6504340120302845,573.9939646192587,22.044461990032442,466.6664372673361,573.9939646192587
65,20,466.4847360003921,3.553871258400335,0.6501493400371989,577.4061670499111,19.92500656195174,466.4847360003921,577.4061670499111
65,15,467.77988938690225,4.156900466487904,0.6499297259856246,579.832158453207,28.55910256052429,467.77988938690225,579.832158453207
65,10,466.5585952562354,3.912761232824787,0.6494386376423579,577.6432508017853,22.671576498227555,466.5585952562354,577.6432508017853
65,5,467.75241468514946,4.923162630823081,0.6488642457796279,582.7129506532115,23.540175119811284,467.75241468514946,582.7129506532115
65,0,468.2544651019209,4.486618710339925,0.6485726978468046,583.3236071050168,23.937431091768435,468.2544651019209,583.3236071050168
66,200000,1.3320381753950492,0.03864410813638773,0.6597797901710654,122.76327536659232,1.0678086932103694,1.3320381753950492,122.76327536659232
66,100000,1.9540634185989614,0.050901407872258025,0.6588821814111686,123.3770270079274,0.803353861622803,1.9540634185989614,123.3770270079274
66,40000,3.8210118148381285,0.0582234865491233,0.6580566840491086,123.74980173818783,0.7866826812923564,3.8210118148381285,123.74980173818783
66,5000,25.729152494591595,0.7662981175424979,0.6641079572875086,119.43766616535933,0.09536469630875094,25.729152494591595,119.43766616535933
66,3000,48.4770036996149,1.8366608197346783,0.661644584430119,121.09313326388518,0.21699806059936125,48.4770036996149,121.09313326388518
66,2000,68.25329498226841,2.435165054245037,0.6640727900775052,122.87624612899388,0.06172456905330463,68.25329498226841,122.87624612899388
66,1500,92.46191300457633,1.7251692072222626,0.662495776111965,125.66508948743811,0.3482323611999781,92.46191300457633,125.66508948743811
66,1000,136.83695883173286,2.617431839782196,0.6625442901203953,131.96080684398882,2.0838300092854287,136.83695883173286,131.96080684398882
66,900,151.41875205492323,3.471048141851598,0.6623512492864617,132.91641881546693,0.6751435154067336,151.41875205492323,132.91641881546693
66,800,171.68593723023193,0.4652758087991289,0.6608413491382038,136.45281017108826,0.05349637827970222,171.68593723023193,136.45281017108826
66,700,195.4090359452169,0.26970281760793857,0.6602266535421334,140.0640271721348,0.11355033231114033,195.4090359452169,140.0640271721348
66,600,225.33395564614102,0.44736141914220223,0.6601317965837642,145.57563160975602,0.6621494170916923,225.33395564614102,145.57563160975602
66,550,243.99018616028084,0.3094294443397786,0.6596087749356649,150.41980399120965,0.12780993822468903,243.99018616028084,150.41980399120965
66,450,314.11263140357886,0.9710164429105193,0.6620214097390581,172.46411735320058,0.5848783019659158,314.11263140357886,172.46411735320058
66,340,430.82003179346947,7.210907845153993,0.6600236638862798,271.2012012334066,8.68040185568459,430.82003179346947,271.2012012334066
66,300,443.87208425774116,1.9397240450722821,0.6571288629868997,289.8880117337763,0.3871119562634751,443.87208425774116,289.8880117337763
66,260,457.14617478516874,3.772740679202147,0.6629825951628209,304.9300765110117,1.6845341839642642,457.14617478516874,304.9300765110117
66,220,440.6904546166414,0.45816434804415074,0.6584480398123543,283.22031698456107,2.488473011672422,440.6904546166414,283.22031698456107
66,200,454.45412301852656,1.8179830623061621,0.6622560776397507,306.5243959256188,6.38961732879565,454.45412301852656,306.5243959256188
66,180,465.4464099164331,2.925440844494904,0.6622459320000119,408.8664386697579,55.22890115339793,465.4464099164331,408.8664386697579
66,160,470.0213467630777,3.811809491188017,0.6618583670728477,433.1043844746801,48.49438774444494,470.0213467630777,433.1043844746801
66,140,472.21332281834617,6.181607346440758,0.6622356926305425,472.4183905930009,35.77338514885271,472.21332281834617,472.4183905930009
66,120,469.48730649239513,5.283638753369462,0.6612142267518994,505.0140303038333,31.29785459005586,469.48730649239513,505.0140303038333
66,100,467.29568303817814,2.9745093145043677,0.6627038660501826,541.9480555455741,3.9624105188859176,467.29568303817814,541.9480555455741
66,90,464.7947566490779,2.197853726760428,0.6609011860900857,531.8647101976353,11.024759015746605,464.7947566490779,531.8647101976353
66,80,464.66991825848277,2.0748577740274636,0.6611971680208821,540.8959546052736,9.946123950949355,464.66991825848277,540.8959546052736
66,70,463.4090218313305,3.2616852929436972,0.6609396680682471,537.8415657484719,10.383867926746298,463.4090218313305,537.8415657484719
66,65,463.8013846114517,1.702549390639541,0.660862560224682,537.2290120464563,11.859310475633029,463.8013846114517,537.2290120464563
66,60,466.6222107805545,2.862314616631341,0.660415572969191,545.2754242776477,10.367585170073427,466.6222107805545,545.2754242776477
66,55,464.96762843163975,2.6050800151082276,0.6602871502429473,545.154239296271,11.38238575766474,464.96762843163975,545.154239296271
66,50,465.0743512527692,2.1635183957927486,0.6601351517857554,540.2551715906684,8.600945025805862,465.0743512527692,540.2551715906684
66,45,465.87619704783657,1.3598913792051373,0.6599969288582866,546.8485395037391,7.962438169198631,465.87619704783657,546.8485395037391
66,40,464.66768590675827,3.0972540419497436,0.6598523399193914,544.7497619825319,8.3131659591422,464.66768590675827,544.7497619825319
66,35,465.2999968095962,2.54018585643195,0.6594102084963492,550.3625785375839,9.706473545292113,465.2999968095962,550.3625785375839
66,30,467.5007179994287,2.0290964096381123,0.659087443549998,551.2402273151035,11.011950330071365,467.5007179994287,551.2402273151035
66,25,465.12810840474845,2.0761435622914646,0.660841470489442,549.3611384019144,9.501052196558092,465.12810840474845,549.3611384019144
66,20,465.5819316060527,3.0547718196792077,0.6605474467238835,557.6394873837652,6.7857897631709925,465.5819316060527,557.6394873837652
66,15,468.1503095432779,2.1837767361482663,0.6603290171434221,558.901992729351,6.498814382470548,468.1503095432779,558.901992729351
66,10,468.6284852474849,3.5694665082759665,0.6615464257365528,567.6181811112788,13.346398934331349,468.6284852474849,567.6181811112788
66,5,469.2667034361241,2.8943197213497305,0.6609757422498618,569.1353733359288,20.224395288456858,469.2667034361241,569.1353733359288
66,0,469.5037359241188,3.2258210286027675,0.6603786811138077,562.3630738748205,20.2369438104941,469.5037359241188,562.3630738748205
67,200000,1.3164427082720287,0.0409747448074571,0.6700668622566529,122.06439816236308,1.5501014741894636,1.3164427082720287,122.06439816236308
67,100000,1.8934678455535936,0.007260834960778829,0.6657072997591993,123.16384338487445,0.525870561728818,1.8934678455535936,123.16384338487445
67,40000,3.653614845651633,0.008521871096344016,0.6740219755672151,121.08068118505729,2.9078657970621693,3.653614845651633,121.08068118505729
67,5000,28.502639636345144,1.4484428915635332,0.6679316668115549,120.16326731721885,1.7542564028896397,28.502639636345144,120.16326731721885
67,3000,42.02417268067016,1.634284672643079,0.6672058150827207,120.54648656807393,0.11782204046896193,42.02417268067016,120.54648656807393
67,2000,67.68158170422689,5.009038788401477,0.6687997576322249,122.91798961758506,0.6100318124255225,67.68158170422689,122.91798961758506
67,1500,86.91456446740602,6.744896019457195,0.6695756745773845,124.96298856985263,2.531752953242939,86.91456446740602,124.96298856985263
67,1000,129.33255412454815,10.303300437192922,0.6691577517342946,130.58382488304105,1.7377474760241622,129.33255412454815,130.58382488304105
67,900,142.84029558221437,11.379680905240273,0.6692753464961259,132.2935762195097,1.6685376137357335,142.84029558221437,132.2935762195097
67,800,160.34447837138208,12.020567479769198,0.6685541727782183,134.39261636401147,2.090531813916921,160.34447837138208,134.39261636401147
67,700,181.946200670504,13.85554965995691,0.6688904223920138,138.01867141423705,2.239869070685079,181.946200670504,138.01867141423705
67,600,210.72854306821856,16.337420837897735,0.6690822456843353,143.09579097487818,3.1178749423937484,210.72854306821856,143.09579097487818
67,550,229.275955122004,17.85669438962505,0.6695039143805668,147.07245642437175,3.9608930347921563,229.275955122004,147.07245642437175
67,450,283.8498396868844,36.528438985416805,0.6710832833984282,162.99715171933707,14.445322343163575,283.8498396868844,162.99715171933707
67,380,356.69632817112375,65.14309827056391,0.6687054368296039,207.5968433186664,40.76466429340711,356.69632817112375,207.5968433186664
67,340,384.00767194644254,63.80772558555991,0.6724415929349861,228.98547221100438,48.80025716412806,384.00767194644254,228.98547221100438
67,300,408.97505489693236,55.429736336055036,0.6707952983162849,251.43064154464952,51.84221302812412,408.97505489693236,251.43064154464952
67,260,414.2044074789535,38.164755417185475,0.671482681978003,253.19248390872488,37.90785640553726,414.2044074789535,253.19248390872488
67,220,452.31344692637845,9.217081223366998,0.6694711395068028,300.51725278429956,21.46521445502315,452.31344692637845,300.51725278429956
67,200,456.74090230538604,3.8846830270976525,0.668072868710903,323.29506240874,10.278110561110683,456.74090230538604,323.29506240874
67,180,467.12703619467743,0.9817895183205333,0.6664200261588701,366.9466065767574,1.1835036918444497,467.12703619467743,366.9466065767574
67,160,469.61158231771446,1.171009538610296,0.6678380282218734,379.38003145912086,3.871052108466607,469.61158231771446,379.38003145912086
67,140,477.58343031428734,1.8380858464101248,0.667207174861038,422.20931696188904,2.7055750522384883,477.58343031428734,422.20931696188904
67,120,469.7730411958462,4.753796730020902,0.6664510033457317,493.5442277462391,27.830780589275072,469.7730411958462,493.5442277462391
67,100,469.2819913803805,4.527168253281727,0.6666731892202687,525.3330413442806,22.265042883035793,469.2819913803805,525.3330413442806
67,90,467.48480294711356,5.217520308049329,0.666660864217188,535.0936232446048,12.858853975461823,467.48480294711356,535.0936232446048
67,80,464.74696581882625,3.640024216740679,0.666674787102651,531.0477302875584,11.137038297292234,464.74696581882625,531.0477302875584
67,70,465.876796167143,3.9617650867555407,0.6666505721892426,544.4581311117801,15.40507585500273,465.876796167143,544.4581311117801
67,65,466.85139135466926,2.630774651632117,0.666616008506466,550.4134963466993,10.262796909127767,466.85139135466926,550.4134963466993
67,60,465.28937884062276,3.627385960240456,0.666568279707436,543.7300928171143,14.462129516718765,465.28937884062276,543.7300928171143
67,55,464.59227660185564,2.557288555901093,0.6665584240318545,553.3294746363782,9.303190876196465,464.59227660185564,553.3294746363782
67,50,465.73402292669476,2.5283686533701033,0.6665252710043647,536.9571634399689,9.353646793753756,465.73402292669476,536.9571634399689
67,45,468.6604829794872,4.535553130196365,0.6665233917360283,558.429481776025,4.350232882489716,468.6604829794872,558.429481776025
67,40,466.9806711594504,2.903129996678903,0.6665051585862396,540.7555650489753,13.869086262110802,466.9806711594504,540.7555650489753
67,35,466.8176462809708,2.5875826476726753,0.6663606812671968,548.7368858613539,9.385167475486966,466.8176462809708,548.7368858613539
67,30,468.1097798859478,4.948541983357962,0.6662791868538971,562.2297793239082,16.470707659579805,468.1097798859478,562.2297793239082
67,25,469.7612942931889,3.0921954374213994,0.6661629084122226,560.2409804708371,12.94267633463206,469.7612942931889,560.2409804708371
67,20,469.5224728778976,2.2802641713478624,0.6659752806261706,561.1400918449325,15.097476873154756,469.5224728778976,561.1400918449325
67,15,469.8697964856976,4.183158982287658,0.6658018081883591,563.4170462241427,16.334894545164964,469.8697964856976,563.4170462241427
67,10,473.51828990678865,1.6469348156574206,0.6663039521194268,563.5902918015455,0.7947760759094571,473.51828990678865,563.5902918015455
67,5,475.6998523516755,1.8718932546829372,0.6659446976960386,593.3158447280575,15.606140681784352,475.6998523516755,593.3158447280575
67,0,473.55109059227016,1.9506369460289354,0.6651421037456356,595.2784756120155,13.616653232663623,473.55109059227016,595.2784756120155
68,200000,1.2541893948385643,0.03742160721331883,0.6806824759087863,122.91319574231899,0.8411533340080881,1.2541893948385643,122.91319574231899
68,100000,1.9732526894039732,0.02581925520524911,0.6802329081956848,123.6972318106606,0.8095002550277136,1.9732526894039732,123.6972318106606
68,5000,26.92621554136102,1.599973769806474,0.6781810803720765,119.56002368117402,0.1895583250178515,26.92621554136102,119.56002368117402
68,3000,42.179978220074254,1.2049222581615513,0.6808678698218265,120.69136682515017,0.16337176899585779,42.179978220074254,120.69136682515017
68,2000,59.27099995189664,0.10065240558682373,0.6769758848709038,122.25020055561221,0.024295529714629248,59.27099995189664,122.25020055561221
68,550,199.86381282327798,0.35125789141109176,0.6822335585363316,137.56349345958736,0.06336639965349634,199.86381282327798,137.56349345958736
68,450,299.1995288393781,0.482520151385158,0.6760385600367891,165.53787152959802,0.4650117977436825,299.1995288393781,165.53787152959802
68,380,347.3661444435006,39.589374898777436,0.6809084408953987,194.1827555785086,25.5690971054199,347.3661444435006,194.1827555785086
68,340,407.59651943347154,0.7819028809197613,0.6836424234007663,237.36652737175146,0.18085248856719896,407.59651943347154,237.36652737175146
68,300,434.21752105285333,3.760705435530029,0.6824363140840379,269.46214081713964,7.022987542136728,434.21752105285333,269.46214081713964
68,260,446.4725651804983,0.7458504812552864,0.6767607998065879,281.8979435705138,0.7812567787625103,446.4725651804983,281.8979435705138
68,180,464.20043854926274,1.312599610158336,0.68435021803273,348.9851364658334,4.715142410274466,464.20043854926274,348.9851364658334
68,160,469.94646680133997,1.1282038290548528,0.6823999984873312,375.08926315205036,0.8825849157664167,469.94646680133997,375.08926315205036
68,140,477.42651572853833,2.550657996409049,0.6823341878550367,422.07590323183285,5.53115161597831,477.42651572853833,422.07590323183285
68,120,475.27976857799877,6.568094290047262,0.6829711718130707,492.0606725587395,15.36895382296759,475.27976857799877,492.0606725587395
68,100,475.39731677817,2.398501889590719,0.6829348910851958,517.5434963385569,0.6246611930881951,475.39731677817,517.5434963385569
68,90,467.69393015103793,1.040567196798912,0.6843170476276192,532.8039735276013,9.189844268779142,467.69393015103793,532.8039735276013
68,80,466.15616928487225,3.0171298714044776,0.684253837692023,528.4946482553078,11.625401202029478,466.15616928487225,528.4946482553078
68,70,467.26611473637394,4.123917635213055,0.6841648556560695,537.9057571609311,10.63730618742586,467.26611473637394,537.9057571609311
68,65,467.84910364044663,4.826130407617983,0.6841130409303074,529.2997588291051,12.677833413033465,467.84910364044663,529.2997588291051
68,60,470.1237161784238,1.4470581212703162,0.6838961250679084,547.5897211643256,2.7780536158160465,470.1237161784238,547.5897211643256
68,55,468.02577002932713,1.2844057903958868,0.683865803275092,540.2779531341467,11.271044395003884,468.02577002932713,540.2779531341467
68,50,463.52405419933484,4.0061905143361685,0.6837914275204934,524.703793785237,1.2093854593300322,463.52405419933484,524.703793785237
68,45,469.1896749164651,2.2292930855087416,0.6837521780146365,537.7561875259421,11.517317129858721,469.1896749164651,537.7561875259421
68,40,466.59560930135785,3.1007845992054466,0.683695017051963,531.9996429233267,12.490968643445076,466.59560930135785,531.9996429233267
68,35,463.6262000590914,5.2788078842541255,0.6833193210653,536.9372263347385,12.401896302357192,463.6262000590914,536.9372263347385
68,30,468.5030652376317,1.7244340096631487,0.6831522315776349,551.8080582010836,2.680513516551037,468.5030652376317,551.8080582010836
68,25,468.4858240665174,1.4614594989002578,0.6828347043870141,540.2105918804538,10.344023868632615,468.4858240665174,540.2105918804538
68,20,467.66320403042755,0.766970432869154,0.6822974891665101,536.9190273811029,0.3997099033992404,467.66320403042755,536.9190273811029
68,15,467.86942950412,2.3607284621636158,0.6819221983984466,552.914629693248,0.39342873373100556,467.86942950412,552.914629693248
68,10,469.5184057206493,1.5997082558556077,0.6814245260860922,551.2869667789558,12.072337556880056,469.5184057206493,551.2869667789558
68,5,471.21201811134375,1.1033336057428007,0.6805856365009039,552.1073192665658,12.499801528394274,471.21201811134375,552.1073192665658
68,0,470.85706033646494,2.6240972803549005,0.6797927226891737,551.041487980426,12.362431479237161,470.85706033646494,551.041487980426
69,200000,1.2191414717838562,0.03742173971148917,0.689357904494831,122.59969267593439,0.7398508558222109,1.2191414717838562,122.59969267593439
69,40000,3.8406058293507663,0.004485975846360423,0.6878024776143205,118.95527077625849,4.190550159417115,3.8406058293507663,118.95527077625849
69,2000,60.082323204301986,0.2493457744868774,0.688629286214827,122.35080867835818,0.08855921265638551,60.082323204301986,122.35080867835818
69,1500,79.86491628042926,0.08206404472803074,0.6861818859427252,123.76784913110548,0.6048369309613996,79.86491628042926,123.76784913110548
69,1000,117.97879234217858,0.08233060695235296,0.6872595267823782,128.91185804013344,0.04334813394103717,117.97879234217858,128.91185804013344
69,900,130.5844720385618,0.9324348558863593,0.6875573688130103,130.8214113456659,0.046429897248563376,130.5844720385618,130.8214113456659
69,800,145.52402738893497,0.3346041684518275,0.6877163236847004,132.9324683691237,0.07774152734527769,145.52402738893497,132.9324683691237
69,700,164.11455798770197,0.5376111521957014,0.6913627531262966,134.12666971971188,1.5943815746698606,164.11455798770197,134.12666971971188
69,600,188.3036135708355,2.0676745980064806,0.6873495964530668,137.56404228201686,2.157560212952051,188.3036135708355,137.56404228201686
69,550,206.93273950846307,0.654346164106208,0.6889851931609251,142.93534837583732,0.07088443157857499,206.93273950846307,142.93534837583732
69,450,289.9540659739585,43.89752813776487,0.6883456915973475,165.37397181333793,15.4543994488729,289.9540659739585,165.37397181333793
69,380,362.5596062114605,22.258625455652815,0.6903164983033863,200.93556637006483,15.783419858904816,362.5596062114605,200.93556637006483
69,340,382.72557295478487,30.87014025560571,0.6916304682322365,217.28751196452757,26.188544416213347,382.72557295478487,217.28751196452757
69,300,417.5884128324092,5.409801464214795,0.6922890844844883,245.70719978475475,5.918576487145694,417.5884128324092,245.70719978475475
69,260,435.0529647577593,2.651928593726703,0.6887666982288979,267.16746434195665,2.9650584749622912,435.0529647577593,267.16746434195665
69,220,458.4825902519877,0.6245031246683885,0.6861059820876211,301.7401227256325,0.6641340092116483,458.4825902519877,301.7401227256325
69,200,458.70121801662026,1.5063913199543566,0.6861341546420077,330.00934495801556,2.1707997818810862,458.70121801662026,330.00934495801556
69,5,477.83875814788007,1.250323429255922,0.6939168089352766,553.4584684938185,1.1915981538560878,477.83875814788007,553.4584684938185
69,0,476.13090629319726,1.1669494512460363,0.6931440508480948,544.5817215524056,13.403357986873338,476.13090629319726,544.5817215524056
70,200000,1.1447701016255378,0.052962171361780004,0.6997822568798819,122.80289459214607,0.6652501146130443,1.1447701016255378,122.80289459214607
70,100000,2.0041661785588807,0.08034304994572361,0.6983479658885838,123.03051963242247,0.7967226552318691,2.0041661785588807,123.03051963242247
70,40000,3.6999803299583207,0.013917639078141801,0.6976149038902454,123.64242009650002,0.5972886358044206,3.6999803299583207,123.64242009650002
70,5000,24.892438028905058,1.1265951874540132,0.6987420243421769,119.23664311423231,0.14895945827346727,24.892438028905058,119.23664311423231
70,3000,38.97345784231461,0.10671209698254498,0.7004065390912962,120.29508898330675,0.07362255810510852,38.97345784231461,120.29508898330675
70,2000,57.683388274569886,,0.701475639410824,123.80882953390174,3.2168081168953386,57.683388274569886,123.80882953390174
70,1500,76.23726718090757,0.37421413071914345,0.7025504907016905,123.85860994387025,0.12188258122424928,76.23726718090757,123.85860994387025
70,1000,111.7260511765237,0.29682116584818835,0.7042146019985388,128.17795013547672,0.10550039218245967,111.7260511765237,128.17795013547672
70,800,137.2190727454142,0.19535954616647971,0.7048469103326288,131.7107108062372,0.028705222099286547,137.2190727454142,131.7107108062372
70,700,156.02740449495334,0.3820518475390241,0.7043670871199327,133.447845495321,0.13019693427477555,156.02740449495334,133.447845495321
70,380,299.2648620745528,0.3135295499200611,0.6984474241270681,165.87293229195134,0.08918903050332579,299.2648620745528,165.87293229195134
70,340,383.40144589887376,0.8029881421489236,0.6961700531225529,214.41135548360856,0.3040474861763693,383.40144589887376,214.41135548360856
70,300,395.41926044559705,3.764183922800359,0.6969694698945902,223.4153234917644,3.589626840492508,395.41926044559705,223.4153234917644
70,200,464.29597734713826,4.239594474943,0.7018671899799909,299.0614636077328,2.4356520742462844,464.29597734713826,299.0614636077328
70,180,449.78251149368674,6.053992703074423,0.7006054119791867,296.0844563487323,3.8853125973316875,449.78251149368674,296.0844563487323
70,160,464.1679339003672,0.7331252858715185,0.700741354503434,331.9290652965586,0.6452315508637515,464.1679339003672,331.9290652965586
70,140,478.0577262141489,0.8927201875733028,0.6978160235300597,393.3377972653623,5.34085467626505,478.0577262141489,393.3377972653623
70,120,469.2787093629661,1.203612201777653,0.7001549485101637,468.49070517089325,4.301618212334534,469.2787093629661,468.49070517089325
70,100,468.6313897086358,5.062539066544353,0.7004614960136806,519.3298443145146,9.315064967893656,468.6313897086358,519.3298443145146
70,90,470.2492367614627,1.2520574642091693,0.7003608482835634,515.1399846825783,11.070060350257302,470.2492367614627,515.1399846825783
70,80,470.86999213999553,2.1492473298115877,0.7002339666525007,519.677692518289,9.35550793607095,470.86999213999553,519.677692518289
70,70,470.7820275622862,1.393615856778154,0.7001790780104966,517.052203105787,8.84230759577751,470.7820275622862,517.052203105787
70,65,470.8220972388337,2.0935480748079627,0.6999546181617488,513.8327849388335,9.77175114711176,470.8220972388337,513.8327849388335
70,60,473.5484190888096,0.92357172341765,0.699735938239228,521.6128801534533,9.170307575234448,473.5484190888096,521.6128801534533
70,55,474.1492413687891,6.926717257288354,0.6995959929585002,516.15156172817,10.285639258173964,474.1492413687891,516.15156172817
70,50,471.6687269784308,1.3860897559180747,0.6995273176508637,511.0592684387795,0.8082806840037946,471.6687269784308,511.0592684387795
70,45,471.72938657292417,1.214858794464093,0.6993015782835043,511.49514784514423,1.279650496382107,471.72938657292417,511.49514784514423
70,40,469.59737219834386,4.227515946609754,0.6991685623897713,512.3751070443741,0.36551386716926687,469.59737219834386,512.3751070443741
70,35,471.45891561337515,0.740208685143751,0.6983237448768401,531.1685947214678,11.361790826511763,471.45891561337515,531.1685947214678
70,30,473.49849443934426,1.2271417658840493,0.697717320718624,534.8527540931258,11.279768350339538,473.49849443934426,534.8527540931258
70,25,473.87338883771935,1.5046162190929655,0.6971563062316735,536.58620944258,9.956459574400665,473.87338883771935,536.58620944258
70,20,471.7070290508139,2.5007890129425396,0.6964612855106439,538.8846203090682,7.686389451152317,471.7070290508139,538.8846203090682
70,15,469.83304507922026,8.222704832340398,0.6959457626044075,539.577262783764,7.5906414013737935,469.83304507922026,539.577262783764
70,10,474.29032573129126,3.929600133639042,0.6983194398944331,553.5007141796492,15.305262914455318,474.29032573129126,553.5007141796492
70,5,477.44324505114645,1.2916437477124152,0.703709120495167,566.5736346659761,0.2408208186065514,477.44324505114645,566.5736346659761
70,0,477.58041396061344,1.8702884508023359,0.7027163423561996,552.1720576208446,8.79198854215408,477.58041396061344,552.1720576208446
71,200000,1.1676188446135045,0.006840681867187075,0.7064008165391695,123.31075196228018,1.0993547395318881,1.1676188446135045,123.31075196228018
71,100000,1.9604655110442393,0.05486598399768627,0.7101693142245137,122.53001777926085,2.4752050110597668,1.9604655110442393,122.53001777926085
71,5000,25.43342128148666,0.037347512761070414,0.7142156124377615,119.29196637215689,0.010382994148755938,25.43342128148666,119.29196637215689
71,3000,44.18631838993279,0.08378858066859783,0.7132305484254312,120.7692235032552,0.052510633063731396,44.18631838993279,120.7692235032552
71,900,122.6881337194252,0.09997905687130719,0.7055124332384509,129.81317092033746,0.03347102832164437,122.6881337194252,129.81317092033746
71,800,156.48103198292017,0.4680760067354031,0.7145169762003422,132.80916127249975,1.1390007493505183,156.48103198292017,132.80916127249975
71,600,180.49351780787194,0.41964104829999505,0.7051718491451359,137.78886686659595,0.047303973052958415,180.49351780787194,137.78886686659595
71,550,196.3277710202392,0.23301828518960946,0.7056480862885343,140.29535370627795,0.012091643225522341,196.3277710202392,140.29535370627795
71,450,237.36782622165742,0.15627572509932153,0.7063770119319724,148.39607258345077,0.1083907243130234,237.36782622165742,148.39607258345077
71,380,282.3096714301259,0.43471791473115745,0.7118801016232338,159.75791749928163,0.22441578015873104,282.3096714301259,159.75791749928163
71,340,344.5273530410004,0.06524508627974471,0.7100668267218926,187.11558917092688,0.07615367478029435,344.5273530410004,187.11558917092688
71,300,391.2516823423036,0.647270815124054,0.7148822657875459,217.61818725890825,0.13388679304585122,391.2516823423036,217.61818725890825
71,260,432.94500178667863,0.29305209848205155,0.7079694535280622,257.92835747468456,0.03448545346179757,432.94500178667863,257.92835747468456
71,220,449.3306651234287,0.11294075207425346,0.7114521072174558,274.34778489382705,0.631807529199994,449.3306651234287,274.34778489382705
71,200,453.9259218933912,2.920220761288817,0.7097436305972481,293.7027236830049,6.259149308884028,453.9259218933912,293.7027236830049
71,180,465.52140440853464,6.556362387097663,0.7094611227048523,331.64208598632786,4.48775767444784,465.52140440853464,331.64208598632786
71,160,471.5239833060112,2.111265417760971,0.7082683564366185,358.8284842442017,2.9093040008972464,471.5239833060112,358.8284842442017
71,140,476.00072800320135,0.5308932481827762,0.7078892930674563,378.75018411684897,0.24543956962342128,476.00072800320135,378.75018411684897
71,120,482.1410948795752,3.767597111698857,0.711411923189679,467.8552583139379,6.03930268387826,482.1410948795752,467.8552583139379
71,100,475.2749889951729,3.345856563877897,0.7130538361641677,520.5928652180679,9.870659270722369,475.2749889951729,520.5928652180679
71,90,475.8230724566881,1.6443218325100375,0.712792518447857,519.7761170880461,10.602830259739196,475.8230724566881,519.7761170880461
71,80,477.51385500678725,2.3098950554931243,0.7126037225379179,525.4895989658054,10.27210595531637,477.51385500678725,525.4895989658054
71,70,475.1178076663118,1.5013171427186915,0.7123305944401682,524.8518053153834,9.82306679180361,475.1178076663118,524.8518053153834
71,65,474.69726349943426,2.230433864495138,0.7119066510656834,519.1707659093485,11.961652228301775,474.69726349943426,519.1707659093485
71,60,475.74130870649424,1.0640121892991066,0.7114905498346603,526.7255393387477,9.683955843902291,475.74130870649424,526.7255393387477
71,55,475.9472560803586,1.5097774140224887,0.7113847321916261,528.378604834586,9.101879585337679,475.9472560803586,528.378604834586
71,50,473.1122290722329,2.181462846931269,0.711220412336611,516.9518699080423,0.7298994964153694,473.1122290722329,516.9518699080423
71,45,475.59379024972264,3.0031707486055423,0.7110099715074593,526.3085327323435,10.435524583356912,475.59379024972264,526.3085327323435
71,40,474.9148028761993,1.3759521699539117,0.7108010675461371,521.1680540899613,9.805824211151597,474.9148028761993,521.1680540899613
71,35,475.39659807539095,0.6069070308089471,0.7097873116770465,524.486477470584,8.101634151649458,475.39659807539095,524.486477470584
71,30,474.31515947651377,1.3924412733484224,0.709073071400805,526.397525175168,9.08559134374943,474.31515947651377,526.397525175168
71,25,476.4066506410631,1.4638230994627492,0.7080384511709337,525.8007449214659,0.23840463324124406,476.4066506410631,525.8007449214659
71,20,475.2135195003497,0.7622689763196028,0.7072302559371035,539.6683524589546,9.490614026552544,475.2135195003497,539.6683524589546
71,15,476.5812313492536,2.341761578302728,0.706372604818101,539.6053014776265,11.342432139336386,476.5812313492536,539.6053014776265
71,0,477.582732998831,0.973637605854948,0.7142926164981248,525.362475638094,0.7149206899796048,477.582732998831,525.362475638094
72,100000,1.8841393093090935,0.06410392404977792,0.7210420228625795,122.1976669128685,2.5246058700044505,1.8841393093090935,122.1976669128685
72,40000,3.781638974018682,0.05830669204467307,0.7199940520886355,120.29400256133368,3.3454540491063973,3.781638974018682,120.29400256133368
72,2000,63.404551411715524,2.1119359534100997,0.7171046009142362,122.45441902917575,0.19246377609328488,63.404551411715524,122.45441902917575
72,1500,83.37526483485016,3.256999415666438,0.7224934927970686,124.09885518506961,0.5065525935981986,83.37526483485016,124.09885518506961
72,1000,123.96033185893769,4.9945789762509465,0.7197482814496888,129.40456430962442,0.24770352475143137,123.96033185893769,129.40456430962442
72,900,136.8186112237245,5.489256882763378,0.7191606169625193,131.01588461488993,0.220902294173249,136.8186112237245,131.01588461488993
72,800,147.80654381481352,0.6977893178131551,0.7196332277845366,133.0565613733897,0.025799468171785665,147.80654381481352,133.0565613733897
72,700,168.13002324129562,0.6654624516764494,0.7206543662148502,135.87782004278503,0.04657162551018247,168.13002324129562,135.87782004278503
72,600,194.70582736559132,0.2989366455816356,0.7206754707844928,139.9453887111113,0.028593835895483564,194.70582736559132,139.9453887111113
72,550,211.48110061071273,0.5174809507046917,0.7211916474343689,142.3538843000399,0.695947943959974,211.48110061071273,142.3538843000399
72,450,258.0319829143311,0.4787009864850745,0.7243436923036066,153.26408931980842,0.10765736121673353,258.0319829143311,153.26408931980842
72,340,323.26606663323383,1.1939419085059937,0.7217094033721337,174.91662305245256,0.7344877344318085,323.26606663323383,174.91662305245256
72,220,467.8855107746815,0.5711915028429383,0.7160586919948173,311.04271048460714,0.6947051622472753,467.8855107746815,311.04271048460714
72,180,456.07134510139394,0.3908790058310036,0.7206171778229109,290.1946023416122,8.998576671252422,456.07134510139394,290.1946023416122
72,160,470.0855695105576,0.6395538312325623,0.7208114146453978,328.76619427896753,1.3433059004530135,470.0855695105576,328.76619427896753
72,140,476.6578124399867,1.2108757890423203,0.7204553339971991,357.220544108533,0.5064705447400907,476.6578124399867,357.220544108533
72,120,485.0544889236562,0.5799908915134258,0.721224125851846,421.12595204980863,1.6072781853309384,485.0544889236562,421.12595204980863
72,55,475.81069698460124,0.4777370879091394,0.7249640359124554,508.32836343593743,1.026706696847134,475.81069698460124,508.32836343593743
72,50,479.1629199966046,0.8829389402933183,0.7248310214370783,521.6796668325353,1.2148623459568568,479.1629199966046,521.6796668325353
72,45,478.5975425757146,1.0521657498138748,0.7245063636799841,517.2543967111136,7.5744771628213945,478.5975425757146,517.2543967111136
72,40,477.70107476987613,1.3533420508435707,0.7242913374342898,520.5388829468885,1.2907770100747507,477.70107476987613,520.5388829468885
72,35,477.2156320049696,0.8236902798591461,0.7225351472505576,519.4380913772826,6.844193161941054,477.2156320049696,519.4380913772826
72,30,475.92862754713786,1.1581948447814805,0.7214374364676613,517.4073946697771,7.172840899441356,475.92862754713786,517.4073946697771
72,25,478.0093724551173,0.5807127225735729,0.7202205730936742,526.9309752190507,0.9454250816168741,478.0093724551173,526.9309752190507
72,20,476.90933821196404,0.15756466051818216,0.7191995988377929,525.462881448877,5.871162007096269,476.90933821196404,525.462881448877
72,15,476.0166004686653,0.49109528665985264,0.7185031120153137,525.2055305926419,8.234134122168218,476.0166004686653,525.2055305926419
72,10,476.48346610625714,0.45224421890873284,0.7171917235314612,526.2580667498588,0.41329629248302474,476.48346610625714,526.2580667498588
72,5,477.9063365562476,1.7409026066430764,0.7158309745631621,533.2131001367451,7.149049452910779,477.9063365562476,533.2131001367451
73,100000,1.827234601680599,0.07737785214557975,0.7311562702504235,123.17721298335366,0.93022791564938,1.827234601680599,123.17721298335366
73,5000,24.274850771119276,0.042432487200953294,0.7282847942899559,118.6639514254643,0.9696345694101569,24.274850771119276,118.6639514254643
73,3000,40.47630298078351,0.07775133085131061,0.7294067740188869,120.52926220536665,0.04281593533559327,40.47630298078351,120.52926220536665
73,2000,58.602767328519896,0.14394803811072826,0.7314251328991012,121.94468248683107,0.04785482197793773,58.602767328519896,121.94468248683107
73,1500,76.21322490749245,,0.7328855683130209,123.75052109511044,0.5067761805918247,76.21322490749245,123.75052109511044
73,1000,111.79164371892269,,0.7349156710507161,128.33658713792713,0.0651114389445898,111.79164371892269,128.33658713792713
73,800,138.21413355568123,0.4499012341844373,0.7339810072728447,131.5360151384435,0.4294899754389557,138.21413355568123,131.5360151384435
73,700,158.67320518598876,0.08907624501355191,0.7338595259532162,132.87244071660427,1.2516619565355687,158.67320518598876,132.87244071660427
73,600,182.81939259654982,,0.7348358035102299,138.2455117176941,0.01837725679164875,182.81939259654982,138.2455117176941
73,300,372.2087591691641,0.6573693452941285,0.7310647468743783,202.42094025066604,0.3685481490926796,372.2087591691641,202.42094025066604
73,260,417.0849664879811,0.47837516123781965,0.728140637475664,234.95578837607732,0.18015414267943594,417.0849664879811,234.95578837607732
73,200,447.027941310585,3.422393861918838,0.7284858272625383,274.9323241746162,5.945620954421722,447.027941310585,274.9323241746162
73,140,477.0812339542986,0.3635054589090661,0.734301067354953,363.02896160884393,0.24679323323975144,477.0812339542986,363.02896160884393
73,100,478.02397891214576,2.296100157582109,0.7271677962289597,511.64661899192373,9.843115478125386,478.02397891214576,511.64661899192373
73,90,480.0148120485646,1.2739991694179684,0.726839948638359,517.3573300410752,8.965588918335776,480.0148120485646,517.3573300410752
73,80,478.3100633351087,1.516510634903754,0.7265289904307606,512.2644187489328,10.12531233853711,478.3100633351087,512.2644187489328
73,70,476.1403068665348,4.3750657414618885,0.72621724309271,515.3158522754521,7.939680258895177,476.1403068665348,515.3158522754521
73,65,479.53103768119075,1.1002224489128503,0.7256681990230055,512.7283190963966,9.43866325789408,479.53103768119075,512.7283190963966
73,60,478.59937171042094,1.5418846980608896,0.7251715426112687,514.3242399951308,8.102387600743702,478.59937171042094,514.3242399951308
73,50,476.59375149912904,1.122470299382285,0.734875561271726,506.37515316892444,0.6701771156585917,476.59375149912904,506.37515316892444
73,45,478.19501057435235,1.0866927283523402,0.734609242786019,510.1357132070604,3.946055993723875,478.19501057435235,510.1357132070604
73,40,476.6509353779414,0.6762877764909572,0.7344471040732787,508.7122695830122,4.363538160660629,476.6509353779414,508.7122695830122
73,35,474.85791697838545,1.2990288503089635,0.732661182770807,515.478330228521,0.23969480036814583,474.85791697838545,515.478330228521
73,30,476.57953036399346,0.30519935917487057,0.7316385386687038,517.4138712122575,3.9206557861003617,476.57953036399346,517.4138712122575
73,25,474.94710697816464,0.36601537823936553,0.7306030192512533,514.922064540277,2.2973204748112206,474.94710697816464,514.922064540277
73,20,474.776184669171,0.41610952860319905,0.7294864017548562,516.9947227293028,3.4288560789339364,474.776184669171,516.9947227293028
73,15,476.06790144869933,1.429087996296424,0.7286991860658958,521.6902335676199,6.752045815937682,476.06790144869933,521.6902335676199
73,10,475.8240760291314,1.7151370687517387,0.7275760219551066,524.7131937444041,6.7172348230149295,475.8240760291314,524.7131937444041
73,5,477.54421271184975,2.639913049127803,0.7271282409091051,522.1031906159214,1.1183236943130592,477.54421271184975,522.1031906159214
73,0,480.2748976138594,2.199030767498258,0.7296170292912515,529.5690323030325,1.3536637452501201,480.2748976138594,529.5690323030325
74,100000,1.785890428261387,0.062103613349591365,0.7408151742148921,123.80031113623583,1.2021649509363717,1.785890428261387,123.80031113623583
74,40000,3.9072830164667725,0.15164250664476875,0.7412159680548429,121.3481585899989,2.712122866653402,3.9072830164667725,121.3481585899989
74,3000,38.79899962661336,0.11794782236926128,0.7401602158629658,120.31192441667963,0.06355129224027463,38.79899962661336,120.31192441667963
74,900,124.14988488138539,0.29208025604841226,0.7352265341894219,130.01251487645894,0.14572081757792651,124.14988488138539,130.01251487645894
74,550,201.29851694906006,0.5054460867954131,0.7366091429714969,140.6879652189026,0.038139451113937475,201.29851694906006,140.6879652189026
74,450,244.13019769713483,0.19036968545221403,0.7385759410743219,149.51083497914968,0.1427124484864724,244.13019769713483,149.51083497914968
74,380,313.8458409518265,0.3862315471628283,0.7354704278007892,169.9479520672069,1.8097302302489493,313.8458409518265,169.9479520672069
74,260,441.1571115221814,2.0023521945966993,0.7370513211679963,259.6468309002612,0.38616026781425217,441.1571115221814,259.6468309002612
74,220,449.16832878512656,9.382226612713355,0.7370775201269203,263.17518992047025,8.205960869941688,449.16832878512656,263.17518992047025
74,180,466.7062526192121,,0.7389701972922074,304.98908973070047,2.5613425118080393,466.7062526192121,304.98908973070047
74,160,472.8825425328618,,0.7373129885546609,336.67928011627083,2.2221208484006536,472.8825425328618,336.67928011627083
74,120,484.09497212483376,0.6540133339102925,0.73666178240198,429.17389105484204,3.8724731972028543,484.09497212483376,429.17389105484204
74,100,479.6890171221092,2.2668633814956762,0.7385810425200089,513.5590098647575,7.232393320243033,479.6890171221092,513.5590098647575
74,90,479.07766082633725,1.8454866391856226,0.7380123849499772,512.3698991930122,6.6303327296663666,479.07766082633725,512.3698991930122
74,80,479.7636695299677,0.957675275676087,0.7375741123949883,510.5591131919986,7.419843684340041,479.7636695299677,510.5591131919986
74,70,477.6727312836881,1.8833383167040665,0.7374110540420574,508.86704915239415,6.702087734573959,477.6727312836881,508.86704915239415
74,65,478.35199432316637,0.7890148687719586,0.7364084034076387,510.0229905156269,6.459331474625227,478.35199432316637,510.0229905156269
74,60,478.2580832113524,1.0412323136660857,0.7355187866132918,514.9901017765959,0.3415623692463222,478.2580832113524,514.9901017765959
74,55,477.40172447681374,2.991959076185691,0.7351960596685679,508.36374014861366,5.045085139782562,477.40172447681374,508.36374014861366
74,35,481.218925113926,1.0158907166598334,0.7449181991326004,516.1245216841265,5.713310757517904,481.218925113926,516.1245216841265
74,30,481.94200594455657,0.7701511774334161,0.7438759852971105,514.2374948987086,0.4566335424386736,481.94200594455657,514.2374948987086
74,25,482.3135646753364,1.7897398457654639,0.7422772176351335,519.6304005339324,6.320229725864063,482.3135646753364,519.6304005339324
74,20,482.00680610803676,0.2925768732116384,0.7406828803429809,526.7978221131212,7.4564561638290625,482.00680610803676,526.7978221131212
74,15,480.125354072433,5.810790224362087,0.7394918305553221,536.1781278305579,0.4289784062217704,480.125354072433,536.1781278305579
74,10,479.7995220661334,0.9141584084013653,0.7376558746934657,530.858618012141,8.434831364727073,479.7995220661334,530.858618012141
74,5,482.71120895791137,1.1693043427530456,0.7355467963988592,547.1963579732729,1.4298607341589082,482.71120895791137,547.1963579732729
75,40000,3.966494213824051,0.04073662320219159,0.75351954902152,122.11022178651389,3.7462216140580864,3.966494213824051,122.11022178651389
75,5000,25.31561543208604,0.0628470743292969,0.7526621315475479,119.44619614670732,0.030064725222802107,25.31561543208604,119.44619614670732
75,3000,42.50399584232923,0.07975926153848652,0.7461024896339187,120.64769433069212,0.0721279571437581,42.50399584232923,120.64769433069212
75,2000,62.885853957659755,0.019197676515951487,0.7481408981581819,122.46085256424315,0.05058524744046622,62.885853957659755,122.46085256424315
75,1500,83.10612793329481,0.31513482214230215,0.7474157058203494,124.19694030336434,0.6215282072162837,83.10612793329481,124.19694030336434
75,1000,121.47493956452928,0.9001781083124032,0.7495342627534956,129.2485397026795,0.04717161182307979,121.47493956452928,129.2485397026795
75,900,133.74137063499379,0.5961866047833124,0.7495346995148454,131.03662406720045,0.09254397062303506,133.74137063499379,131.03662406720045
75,800,150.7870978133919,0.1429525962909001,0.749136197137657,135.441624055076,3.648371109231323,150.7870978133919,135.441624055076
75,700,170.061427024534,0.12180100989503853,0.7491980894742829,135.89187646010282,0.014866345319575302,170.061427024534,135.89187646010282
75,600,198.14323642216345,0.1315458242033744,0.750099344504338,140.03268691571995,0.0264628321751442,198.14323642216345,140.03268691571995
75,550,216.546806487794,0.6883039387425163,0.7515742185559359,142.7600393905196,1.4274476802286176,216.546806487794,142.7600393905196
75,380,293.6641140512159,0.34739788059842136,0.7467619251634945,163.58853076905856,0.0585443420381422,293.6641140512159,163.58853076905856
75,340,360.2480928583857,0.3589399524047229,0.7453094509490171,194.0872494549974,0.18006726215606453,360.2480928583857,194.0872494549974
75,300,403.0941441133029,0.505578582698508,0.7453234613705405,220.23243253821647,1.4715464100727411,403.0941441133029,220.23243253821647
75,200,450.1767311823969,0.9473876195117745,0.7475062020285271,263.7013634370267,0.9925910748524973,450.1767311823969,263.7013634370267
75,180,468.667459921127,0.25693004687142246,0.7461124234339449,306.37707767607554,1.1669105050047797,468.667459921127,306.37707767607554
75,160,477.11177346043155,0.7423446824007819,0.7462762598154503,345.129774487946,1.6382779673638415,477.11177346043155,345.129774487946
75,140,480.2954991146311,1.2249878287199203,0.7458309788808898,372.10837477158594,0.8933298933665179,480.2954991146311,372.10837477158594
75,120,483.35287960958794,1.2083462954536288,0.7460988102154196,403.82986002733907,0.6559751044909712,483.35287960958794,403.82986002733907
75,100,487.4228911877695,1.8847390716206789,0.7521134383778962,529.474702402665,7.837163186054697,487.4228911877695,529.474702402665
75,90,486.5058426855724,1.0059987866940103,0.7514564715336972,529.0980619818384,8.252243614015493,486.5058426855724,529.0980619818384
75,80,486.4537322736938,1.9995481273084756,0.7505748131027236,528.1405350031467,9.066841709611147,486.4537322736938,528.1405350031467
75,70,487.29788622663335,0.4405354128082363,0.7502228174676858,520.322038005499,7.874627932797338,487.29788622663335,520.322038005499
75,65,486.22271674893597,1.3304986214327703,0.7493523861019628,527.2866861941355,0.808261930708194,486.22271674893597,527.2866861941355
75,60,487.17044269528077,2.6818001331631787,0.7481923371392067,522.949268845904,5.872714349176105,487.17044269528077,522.949268845904
75,55,484.7403723896564,0.4249861282687063,0.7478561386933191,519.2960607966571,6.486142877465058,484.7403723896564,519.2960607966571
75,50,484.63915774837193,1.8268452410711382,0.7475265840279025,517.4610464291748,5.624929515696834,484.63915774837193,517.4610464291748
75,45,484.06724419223616,0.5709155624476541,0.747157857050209,519.0573971956579,5.2593475323505325,484.06724419223616,519.0573971956579
75,40,484.2591492356884,0.9876825443035935,0.7467507470579381,515.416271184425,4.950792372687935,484.2591492356884,515.416271184425
75,10,488.6529906431331,1.4064693751765784,0.7524206601054084,547.0277263353566,1.9541058054766982,488.6529906431331,547.0277263353566
75,5,485.7633295964509,1.4255754750957184,0.7514594058727662,544.8246270494277,5.829247291926609,485.7633295964509,544.8246270494277
75,0,485.2163457726117,2.4500721328832964,0.7499747969534255,539.9457703221818,4.757219792434722,485.2163457726117,539.9457703221818
76,100000,1.696602333085363,0.056166019230322065,0.7575288208501905,123.15318667869512,0.4393632477771813,1.696602333085363,123.15318667869512
76,40000,3.712756118258024,0.02054419152203168,0.7569382017319249,122.0799371482638,3.7903909463584156,3.712756118258024,122.0799371482638
76,5000,24.63098660145538,0.41492554027377304,0.7581698731137108,121.55296951375071,3.976768040955808,24.63098660145538,121.55296951375071
76,3000,39.85699667842837,0.1599844762092059,0.7617531298826018,120.36756750751931,0.04079812912656934,39.85699667842837,120.36756750751931
76,2000,59.37892102343326,0.16142002591406182,0.7593831073256045,122.10141057103556,0.1179726478385183,59.37892102343326,122.10141057103556
76,1500,78.1403128304235,0.1934780191014799,0.7601337430090415,123.38426363382989,0.9230084591566292,78.1403128304235,123.38426363382989
76,1000,115.21613490187917,0.13364508375484999,0.7604563714698543,128.2565365101773,0.048707220378434606,115.21613490187917,128.2565365101773
76,900,126.97493465197435,0.3319598165446543,0.7611656389462405,129.8748360157551,0.07447745359296665,126.97493465197435,129.8748360157551
76,800,141.4893632873675,0.9139798926089574,0.7624809952979493,132.0434758408845,0.0595565141872007,141.4893632873675,132.0434758408845
76,700,160.9425756751322,0.6507278997804963,0.7618218790458737,133.54155598908832,1.378941361196806,160.9425756751322,133.54155598908832
76,600,186.48967608826263,0.871827617213333,0.7632440091975538,138.29534284674529,0.06654182565749035,186.48967608826263,138.29534284674529
76,550,202.98662795552147,0.7682962347226049,0.7643027739221185,140.7454997944357,0.017806971110958948,202.98662795552147,140.7454997944357
76,450,265.81670567859857,0.39369075526687825,0.7565909539341255,154.787212043341,0.0627793166542048,265.81670567859857,154.787212043341
76,340,339.2959110230566,0.501646421286688,0.7573818232988305,181.94913279073057,0.13281642118844394,339.2959110230566,181.94913279073057
76,300,386.06100281029904,0.760295537500926,0.7616520620400856,206.73197147783708,0.18207212201427853,386.06100281029904,206.73197147783708
76,260,438.235990687521,10.862063142077684,0.7602831049713666,247.51452458925232,10.68780511209575,438.235990687521,247.51452458925232
76,220,455.720546943726,4.301325651959878,0.7632696254969241,263.33953811014703,5.1471619754057345,455.720546943726,263.33953811014703
76,200,468.3641255860034,0.8717585785987171,0.7603828774078719,300.029579102009,2.3231361344085326,468.3641255860034,300.029579102009
76,180,476.8854946422025,1.0595644256671346,0.760306127253167,338.41059299870886,0.8961121343075475,476.8854946422025,338.41059299870886
76,160,481.2091318580092,0.809150762543339,0.7601535476689695,368.31183891297525,0.46076096623192925,481.2091318580092,368.31183891297525
76,140,486.12329347032505,0.09755574977885076,0.7605610970941227,390.7468352548817,1.9223351986724488,486.12329347032505,390.7468352548817
76,45,480.1811802821928,6.3521477888922435,0.7648117202457313,525.9833940661814,8.452791536523632,480.1811802821928,525.9833940661814
76,40,482.8037231011815,2.4699730468800496,0.7645277712092541,515.5859366652151,0.12377449525593232,482.8037231011815,515.5859366652151
76,35,490.1228089444187,2.6611348186769,0.7637358199782097,528.696615030742,10.375218204819936,490.1228089444187,528.696615030742
76,30,489.548565896313,4.489367888219628,0.7612111063320849,524.4145945033374,6.824877767463327,489.548565896313,524.4145945033374
76,25,489.6571555046416,2.8702480795488534,0.7596075197082491,530.9951208116939,7.834666102766456,489.6571555046416,530.9951208116939
76,20,490.1215835526393,4.486137774695325,0.7583447428682907,529.2455987218053,11.086904853656955,490.1215835526393,529.2455987218053
76,15,487.5390099780635,2.656078404228472,0.7597149346018699,532.3116318389768,9.540979665459282,487.5390099780635,532.3116318389768
76,10,488.65801635304416,2.047748008176016,0.758644027071348,538.2714472352615,7.396842293750841,488.65801635304416,538.2714472352615
76,5,490.1061721640631,1.58056307947531,0.7584375344538938,548.3537608088043,3.5686522123580704,490.1061721640631,548.3537608088043
76,0,490.8794625041523,1.3293922276002499,0.7570366279835868,549.5289964572511,2.462926451676502,490.8794625041523,549.5289964572511
77,450,249.38656081809336,0.364181847085663,0.7683760248305767,150.44699816136927,0.16756391756503725,249.38656081809336,150.44699816136927
77,380,328.53067138841146,0.8509037486627873,0.7702500492729727,176.3304626518412,0.11070208037583663,328.53067138841146,176.3304626518412
77,300,411.85791280414975,0.3312413141350986,0.7733876800734264,221.62175439950497,1.578278992288995,411.85791280414975,221.62175439950497
77,180,457.0945192336247,1.2254013208251824,0.7719503664739978,266.37678234640066,3.5644484455409877,457.0945192336247,266.37678234640066
77,160,473.9697703739309,2.5951663919508134,0.7726387430704449,304.9771219414395,6.147492088822199,473.9697703739309,304.9771219414395
77,140,478.3857269944651,0.24446535677575243,0.7717929384653259,329.8042318786124,5.4931532368215015,478.3857269944651,329.8042318786124
77,120,490.75772184320414,1.3936095624690732,0.7709689139514152,451.49404114163445,82.24002410736063,490.75772184320414,451.49404114163445
77,100,491.09748813330197,5.71637552088689,0.7707405077412671,527.6464566805206,5.611459033467891,491.09748813330197,527.6464566805206
77,90,491.5285804820788,3.791378348833459,0.7700813105156133,517.3188290930783,3.391486600878274,491.5285804820788,517.3188290930783
77,80,492.3802802645303,5.773866335736533,0.7693848862481704,513.5847047824573,0.4775134188877314,492.3802802645303,513.5847047824573
77,70,490.77744386264794,3.6805461945304856,0.7687630297448491,516.0629336722728,5.4978950285938994,490.77744386264794,516.0629336722728
77,65,491.59386967132855,5.493882082190476,0.7678439272961786,517.6883998955295,6.781179919088015,491.59386967132855,517.6883998955295
77,60,490.0551063162632,3.2022873270379533,0.7690566807326351,514.3356944292931,7.217057425637663,490.0551063162632,514.3356944292931
77,55,490.28301292852564,3.237536083178764,0.7685927983010434,514.2218039642072,13.834151625753004,490.28301292852564,514.2218039642072
77,50,489.891937865657,2.906744746879078,0.7682077504755926,518.7914802338232,9.595090798952418,489.891937865657,518.7914802338232
77,45,492.1677153963579,2.0181838658176443,0.7698001743441507,512.7309472184361,9.394296140092765,492.1677153963579,512.7309472184361
77,40,492.7656166531727,1.3637361701381538,0.7658795925278447,515.9784318989969,0.6582012503134066,492.7656166531727,515.9784318989969
77,35,486.2802956747092,2.0395280420132216,0.7717358898030259,516.8149412838588,11.332888154701452,486.2802956747092,516.8149412838588
77,30,491.68482901767226,3.4254099877218875,0.7694228454111661,507.55419154584735,11.813367427120147,491.68482901767226,507.55419154584735
77,25,487.53905288025,2.4744454895088808,0.7684916193306415,509.10797425803503,1.1984974641134523,487.53905288025,509.10797425803503
77,20,487.7929080266293,3.5399741486782337,0.7686800620135387,522.9031724528035,12.24070932839667,487.7929080266293,522.9031724528035
78,100000,1.5524304391183044,0.07001568401860007,0.7784671718940283,121.86468894301923,2.7785390148457174,1.5524304391183044,121.86468894301923
78,40000,3.58349053584619,0.1402784816367941,0.7800435874315467,122.41817381297683,2.9473119251942452,3.58349053584619,122.41817381297683
78,5000,26.43514696601025,0.13257682609333823,0.7806639081594304,119.41061690313025,0.06107354339041619,26.43514696601025,119.41061690313025
78,3000,42.28583328033915,1.7206810556064314,0.7797265174071454,120.58526654121947,0.1541177848589687,42.28583328033915,120.58526654121947
78,2000,63.48807915282487,0.22155044507522612,0.7820865375961962,122.31284853768773,0.4628421949496907,63.48807915282487,122.31284853768773
78,1500,83.68164442783417,0.23304560885699813,0.7808387030941116,123.98753456292496,0.6494006565135971,83.68164442783417,123.98753456292496
78,1000,125.0068331369107,0.651154562839192,0.7782320328919329,129.51191721315556,0.11145019231840181,125.0068331369107,129.51191721315556
78,900,138.22863510481127,0.06674027783450678,0.7792295520966782,131.17172913140277,0.10210746934187652,138.22863510481127,131.17172913140277
78,800,153.92330618650786,0.42920372985594624,0.7798872161229898,132.78434539596154,1.473505429637534,153.92330618650786,132.78434539596154
78,700,174.73209609455424,0.5114247269279538,0.7798829937272856,136.3429678557355,0.014643999848352544,174.73209609455424,136.3429678557355
78,600,202.66391345501268,0.7699851111811944,0.780695790488244,140.80620999955963,0.08756035244653823,202.66391345501268,140.80620999955963
78,550,223.1906513671211,0.27940911176242816,0.7830969543172556,144.6446469248224,0.03763519559733188,223.1906513671211,144.6446469248224
78,380,304.9069148273788,0.3229094008872958,0.779283950383379,166.84526874120425,0.6851262119385165,304.9069148273788,166.84526874120425
78,340,373.154165953413,1.217041796956392,0.7761147094386806,197.69965618360538,0.4644832234942487,373.154165953413,197.69965618360538
78,260,434.8261316634981,0.40353680892272853,0.7829258479141394,238.23467825562398,0.06717615139238636,434.8261316634981,238.23467825562398
78,200,449.7838984557646,6.0799911820484285,0.7805565182828136,245.59602507810396,9.581492709408778,449.7838984557646,245.59602507810396
78,180,470.8563655611327,0.26463672935812205,0.7837435205286801,280.96665025611554,2.3713726361054395,470.8563655611327,280.96665025611554
78,160,481.791024019833,0.8059975377479048,0.7840862192143933,320.0370924300533,0.44986013299531735,481.791024019833,320.0370924300533
78,140,485.9782276289555,0.6118464377900003,0.7838213793639554,341.20984680737973,0.4003676328364737,485.9782276289555,341.20984680737973
78,120,493.56617459810224,1.4833944659444396,0.7827767908162991,390.6063642549134,1.0665725848621752,493.56617459810224,390.6063642549134
78,100,490.7303616196669,0.736273184886636,0.7792754008221471,494.21331947555376,0.33550333645498404,490.7303616196669,494.21331947555376
78,90,489.6962222059345,8.2792889709872,0.7783679689092994,503.0452617308293,9.596896306092605,489.6962222059345,503.0452617308293
78,80,488.8584487366076,2.1573274427676106,0.7776125153174757,496.3310279285235,8.575641886687773,488.8584487366076,496.3310279285235
78,70,492.27704209455624,1.113067941300123,0.7765327033506061,500.35336994988944,9.033750692665752,492.27704209455624,500.35336994988944
78,65,490.2228846408811,2.5952895905059807,0.7756756670571767,498.5917337458082,7.4104650197310935,490.2228846408811,498.5917337458082
78,40,486.01496626602267,3.864944114245588,0.7756285411471908,505.2953505011814,10.589956531592398,486.01496626602267,505.2953505011814
78,10,494.1173872377497,0.324888757841556,0.781792721515214,521.534532467526,1.4534585634314259,494.1173872377497,521.534532467526
78,5,490.7520351670499,1.9212891936944068,0.7798342080298345,506.9201570898422,11.580982355831102,490.7520351670499,506.9201570898422
78,0,487.93835686360904,1.0518469674057207,0.7786372688148088,503.936331647662,4.575233005154314,487.93835686360904,503.936331647662
79,40000,3.409961720991904,0.11044569887283297,0.793138870563952,123.74069418160735,0.43228797248729384,3.409961720991904,123.74069418160735
79,5000,26.10790516065909,0.01208489931230501,0.7938776561146478,119.40062436957116,0.03425281085344285,26.10790516065909,119.40062436957116
79,2000,58.875930977753974,0.06742741198463922,0.7924522574833491,122.1626944629454,0.057656593350415675,58.875930977753974,122.1626944629454
79,1500,78.61578331845938,0.2831954562814568,0.7874249263914442,123.7404272989537,0.5814798713291917,78.61578331845938,123.7404272989537
79,1000,115.21652377586945,1.0078680591074503,0.7892356858323487,128.53609174515907,0.12661136119629376,115.21652377586945,128.53609174515907
79,900,127.8090060469179,0.1401266769638552,0.7887409113704328,130.04689152871617,0.020630832122662087,127.8090060469179,130.04689152871617
79,800,143.30180034732103,0.1589344361526057,0.7888438397630227,132.37915762641634,0.23383080476504908,143.30180034732103,132.37915762641634
79,700,162.39524458147375,0.7526783232831112,0.788950758170782,134.06789400830579,0.905972449926922,162.39524458147375,134.06789400830579
79,600,188.91510913028674,0.19951107658232367,0.7905977627654096,138.43080050799858,0.024430758817006765,188.91510913028674,138.43080050799858
79,550,206.23656287181166,0.2408013797985615,0.7916614266271486,141.0322434137279,0.07079957739089023,206.23656287181166,141.0322434137279
79,450,280.0092836852281,0.6162667934309282,0.7916907489452658,159.14395265161787,0.018379528912564363,280.0092836852281,159.14395265161787
79,340,351.7564044586996,0.2170357327452675,0.7882627153556586,186.42502710241433,0.21158300561738597,351.7564044586996,186.42502710241433
79,300,394.5845044220311,0.6065650533413315,0.78888506290177,208.2499688013376,0.1193393384846865,394.5845044220311,208.2499688013376
79,260,453.61041480191324,0.8945799999909111,0.7895454023938205,252.75287473267508,0.3891173340030652,453.61041480191324,252.75287473267508
79,220,449.3652691649458,15.60938133979719,0.7883820615341973,246.11568428604406,15.237595147150818,449.3652691649458,246.11568428604406
79,160,451.4354386545924,0.08049073574463288,0.7946214639047818,252.3178078350693,1.8571445315710926,451.4354386545924,252.3178078350693
79,120,482.8307612349934,1.857107255631647,0.7935540813567554,327.4805265593643,2.6824321594724783,482.8307612349934,327.4805265593643
79,80,497.63317415069173,0.4618914317111191,0.7948421142264568,486.96567313939835,0.4146949704124816,497.63317415069173,486.96567313939835
79,70,495.7613074559384,2.33796201075345,0.7943473263186597,488.20675119379143,4.839328750308845,495.7613074559384,488.20675119379143
79,65,496.4849482703271,0.3633675303742182,0.7932819617427085,487.47359544361206,1.7808396430690654,496.4849482703271,487.47359544361206
79,60,497.7039697154296,0.21820082510926336,0.7929711638609778,503.62620934004804,0.7460076421902136,497.7039697154296,503.62620934004804
79,55,495.79291864415245,1.2784797916945947,0.7925858070434861,500.879737066105,5.700370209612189,495.79291864415245,500.879737066105
79,50,493.78250943105985,3.0499706510272993,0.7924046117946751,497.82353112639976,5.9331787237246045,493.78250943105985,497.82353112639976
79,45,496.6113731836581,1.3111324581586887,0.7920023671301113,498.27637654112056,5.839121398436205,496.6113731836581,498.27637654112056
79,40,496.89339815338667,1.3728936317560234,0.7917636212614955,505.16872621139555,0.8240140597535379,496.89339815338667,505.16872621139555
79,35,497.0487411979627,0.4799367020019328,0.7906216762860275,501.38471441843495,0.3395550926544944,497.0487411979627,501.38471441843495
79,30,495.1579209277738,0.8706691093821366,0.7896420320465939,505.1991000609798,6.254085310060476,495.1579209277738,505.1991000609798
79,25,500.45995009765807,8.12385695023248,0.788209200024184,515.5488728826297,6.23413005452217,500.45995009765807,515.5488728826297
79,20,494.93566870395716,3.1462815870604355,0.7864792771337589,522.8372270106105,0.08057832448620066,494.93566870395716,522.8372270106105
79,15,495.2769891101519,2.133130542841472,0.7895402028957467,518.2331015936168,5.715567794086723,495.2769891101519,518.2331015936168
79,10,494.6126363917681,2.7193118051257477,0.790343625460097,516.3007333887559,3.0403360128771704,494.6126363917681,516.3007333887559
79,5,495.4589733287112,1.9712574802644287,0.7888399677579409,507.4518798212342,1.3658743721082267,495.4589733287112,507.4518798212342
79,0,495.8615814629008,1.147240029326715,0.7861622634912985,500.89128770304075,2.5318460505957048,495.8615814629008,500.89128770304075
80,40000,3.3101101209542723,0.08359181923033607,0.7996389185038928,121.76964307932491,3.2392298755105546,3.3101101209542723,121.76964307932491
80,5000,24.06254442524114,0.1245543023677888,0.7999238074816,119.2415266482126,0.11001836528042637,24.06254442524114,119.2415266482126
80,3000,42.843324499177676,0.11552780234024343,0.796460810011617,120.55107323119948,0.03345232035239358,42.843324499177676,120.55107323119948
80,2000,63.52333282156436,0.06963458625872383,0.798183145397188,121.85041937796562,0.8174826434920173,63.52333282156436,121.85041937796562
80,1500,83.88081128717984,0.019125456139817643,0.7995521903779204,124.21292723731301,0.5312656863312303,83.88081128717984,124.21292723731301
80,1000,122.74117862203819,0.4881442069902102,0.8023579923365872,129.11207571208277,0.016552231499771017,122.74117862203819,129.11207571208277
80,900,137.21048312924893,0.3428019639565327,0.8016680424735475,131.15160207588028,0.26280537111494956,137.21048312924893,131.15160207588028
80,800,152.59167351896366,0.2362386658967342,0.802059679602532,133.07968850291647,0.12388098834830118,152.59167351896366,133.07968850291647
80,700,173.25191343087212,0.21996289089790136,0.8021584427401095,135.75530772676447,0.0520530985982024,173.25191343087212,135.75530772676447
80,600,201.21749163803815,0.6496293220434436,0.8027060720781721,139.7267539214088,0.2695962047823714,201.21749163803815,139.7267539214088
80,550,218.91379317856243,0.13810418701908533,0.8035594726314471,143.5204593427692,0.029976549944952254,218.91379317856243,143.5204593427692
80,450,254.16335316463105,0.39111300734655274,0.7966098164510078,151.5827491021501,0.04557939529945148,254.16335316463105,151.5827491021501
80,380,341.61093279749633,0.5346673725412299,0.8012992832752653,181.7661220101852,0.8689839348874709,341.61093279749633,181.7661220101852
80,340,383.5357830030909,0.5718641879240919,0.8039123267538059,201.82967223514478,0.1134833639352608,383.5357830030909,201.82967223514478
80,300,423.5282811068323,0.3330484256480336,0.8010181863986631,225.55125636157106,0.21729249203579978,423.5282811068323,225.55125636157106
80,200,432.7429524659783,18.937457791417856,0.8011987383257708,218.0221807584252,2.6697967518323487,432.7429524659783,218.0221807584252
80,180,452.5154706405326,22.942307960580173,0.8001749730843922,249.0825126122958,22.9955579727298,452.5154706405326,249.0825126122958
80,160,475.89318090119036,17.245359056926812,0.8013401228818975,306.3992716392595,1.5832277817371552,475.89318090119036,306.3992716392595
80,140,485.30126313880146,12.407655850610007,0.8016140138188035,316.46495510696667,31.022150373068428,485.30126313880146,316.46495510696667
80,120,495.84816547962856,1.7313818031688173,0.8032630500798158,391.8805473319035,0.6709042848106737,495.84816547962856,391.8805473319035
80,100,495.75852014907105,0.9156326294367715,0.8003892015414111,494.2115296750346,4.254335393202828,495.75852014907105,494.2115296750346
80,90,497.2852457508215,2.049165928433454,0.7997464218562177,494.64610301064977,5.054856314513802,497.2852457508215,494.64610301064977
80,80,496.4873155444246,0.846687426868732,0.8033007818890727,496.598319894664,4.237466216091783,496.4873155444246,496.598319894664
80,70,497.1818268095619,0.7000322968261536,0.8028988825262803,497.95531627524184,2.495951223703578,497.1818268095619,497.95531627524184
80,65,498.4717273324259,2.8844325753408193,0.8017963513008192,501.0900602385821,0.49927274481898615,498.4717273324259,501.0900602385821
80,60,496.22271600879253,0.413505320247245,0.800964325272941,498.9459715879234,4.580823150059422,496.22271600879253,498.9459715879234
80,55,496.01033120508896,0.625977895202387,0.8006051555453734,500.0309093503244,3.2223364256668003,496.01033120508896,500.0309093503244
80,50,495.5937469754247,1.8075710039080852,0.8005356124543391,498.48625481740436,3.529828461918852,495.5937469754247,498.48625481740436
80,45,496.3578723593018,1.5317142867862488,0.8010361412694605,505.80209229507506,0.3604441404949945,496.3578723593018,505.80209229507506
80,40,495.8972337066131,1.2937793448666708,0.8012065062057335,503.04901357072487,4.537596532004984,495.8972337066131,503.04901357072487
80,35,495.570533730908,0.8338417196954064,0.8000217002022697,506.12540357466946,4.350087307794848,495.570533730908,506.12540357466946
80,30,495.88802940802026,1.128496033265885,0.79698540055585,508.64743561489314,0.9595152751383454,495.88802940802026,508.64743561489314
80,25,497.5304090999454,4.933222549551755,0.7964871532684231,509.3876403644565,5.896821929133516,497.5304090999454,509.3876403644565
80,20,493.7155408732155,1.3068742596513934,0.7959655869078498,511.48530657837756,4.900008378780023,493.7155408732155,511.48530657837756
80,10,494.5955683218158,0.5854132192115198,0.8011751757229222,500.74358737886956,0.519281425485749,494.5955683218158,500.74358737886956
80,5,493.1939819373966,4.486423856408707,0.7994430440274485,498.0991065587536,0.8367331656536529,493.1939819373966,498.0991065587536
80,0,491.0002273720529,3.970607880974593,0.7983126460989188,483.54023072285946,6.635273062495274,491.0002273720529,483.54023072285946
81,40000,3.2366097740589432,0.11343297369900872,0.8086378726116719,123.63050907726154,0.8451925583565346,3.2366097740589432,123.63050907726154
81,5000,25.22346146462874,0.02471635933958655,0.8116171665456969,119.28132713665498,0.04401310136240964,25.22346146462874,119.28132713665498
81,3000,39.51509923838103,0.056811849272684525,0.8054768081407463,120.3195417662951,0.039779820425439615,39.51509923838103,120.3195417662951
81,2000,58.566348962231764,0.1195576166416274,0.8082542279677392,121.93687246279212,0.09099288855023895,58.566348962231764,121.93687246279212
81,1500,76.75116488446665,0.12697523072842504,0.811328888203768,123.83201338617734,0.017779827472908693,76.75116488446665,123.83201338617734
81,1000,113.86982951020833,0.11067630812373407,0.8111863891523307,128.0213318615073,0.031067431085152163,113.86982951020833,128.0213318615073
81,900,125.36370880719419,0.26711386807785276,0.8113275669105949,129.73157325154895,0.11034105678913951,125.36370880719419,129.73157325154895
81,800,140.41246636310652,0.060190855456270335,0.8103387225785786,131.28580401060609,0.44654056929694025,140.41246636310652,131.28580401060609
81,700,159.3116260203167,0.1390147234581108,0.8108828866011583,133.78766868923245,0.5741791363346266,159.3116260203167,133.78766868923245
81,600,184.76908181278213,0.04747918486962499,0.8114439059006034,137.52011835432356,0.08069539944781083,184.76908181278213,137.52011835432356
81,550,201.20319472888264,0.23591891108684654,0.8121931022108941,139.79696561347885,0.1587986877589664,201.20319472888264,139.79696561347885
81,450,278.33584361662923,0.6081334049463762,0.8142188988444405,158.08803295161906,0.5199142357724261,278.33584361662923,158.08803295161906
81,380,315.14350826461356,0.3205205526632128,0.8086627346507727,170.82255512716918,0.061654235733347426,315.14350826461356,170.82255512716918
81,340,359.75998883045366,0.562457157173936,0.814800752694342,187.99139884933302,0.07000411709436653,359.75998883045366,187.99139884933302
81,300,399.59853919840015,0.9336184056171026,0.8138262322978989,207.24209231257916,0.12072237239119354,399.59853919840015,207.24209231257916
81,260,446.4725232332307,7.560929942665027,0.8108273821590886,239.92765177436254,5.222632134743783,446.4725232332307,239.92765177436254
81,200,454.7703379219853,,0.8053430953506368,243.31139576038981,1.092745495857378,454.7703379219853,243.31139576038981
81,160,459.121049480865,0.7305762111637543,0.8141696253167742,250.29834883452875,0.9134020331034348,459.121049480865,250.29834883452875
81,140,480.0398731853532,,0.8147938827714172,280.83308414286336,1.5984262640137266,480.0398731853532,280.83308414286336
81,120,492.5177215500133,0.5674619007332189,0.8146203136002361,333.4386798482729,1.036275020005858,492.5177215500133,333.4386798482729
81,90,500.3650138517528,0.8551076439293095,0.8146772177451872,481.67279393852124,0.44930776385652604,500.3650138517528,481.67279393852124
81,80,500.11420724520195,1.3213048419437485,0.814137167553653,479.76306091311716,0.5301654241266529,500.11420724520195,479.76306091311716
81,70,500.34520315914824,1.435228183716109,0.8135211164958921,483.05986922729176,3.5308347712066466,500.34520315914824,483.05986922729176
81,65,500.7621819007998,2.090168942347413,0.8128876334699767,482.7131152900977,3.3951528758362595,500.7621819007998,482.7131152900977
81,60,500.4038342231547,2.788613021932497,0.8119031294448176,489.84893413481814,0.504210366114851,500.4038342231547,489.84893413481814
81,55,500.36148448837076,1.7075470653500886,0.8116433517656927,486.35123792184896,3.2105439272500886,500.36148448837076,486.35123792184896
81,50,499.69587064100386,0.8946150348566678,0.8113367041726941,488.3776840946923,3.7625695092011773,499.69587064100386,488.3776840946923
81,45,499.3834426226944,0.7815503395198063,0.8115598820828295,488.5910875979684,3.4618002706390167,499.3834426226944,488.5910875979684
81,40,500.1491704580397,1.887634552413641,0.812361666080704,491.7892665660715,4.0057613748987455,500.1491704580397,491.7892665660715
81,35,498.1552315929861,1.4087571785176216,0.8122869946359859,494.1022607769917,3.5520627411395194,498.1552315929861,494.1022607769917
81,30,496.627047585503,1.1217042076419441,0.8086138436921285,492.1850225152478,4.819864892123147,496.627047585503,492.1850225152478
81,25,499.3580191968467,0.7791895739693178,0.8077236544556876,501.13844621251707,0.9404033408410001,499.3580191968467,501.13844621251707
81,20,497.2072553242669,2.7293830693145797,0.8075715507523641,501.1330817787423,4.142809982521971,497.2072553242669,501.1330817787423
81,15,497.305039734785,0.7530376255213357,0.8070583954220281,502.6513061840548,3.924636621647709,497.305039734785,502.6513061840548
81,10,501.39376069982023,0.7940422098055365,0.8115241759240325,499.734759240395,0.3922587365222699,501.39376069982023,499.734759240395
81,5,499.3070458818747,0.16297772930063864,0.810287732871144,490.4021894474706,0.8501106801330442,499.3070458818747,490.4021894474706
81,0,500.1341020441985,0.5567394554529667,0.8102195714400086,484.78185254699036,1.571802576540938,500.1341020441985,484.78185254699036
82,5000,23.2787866395181,0.05164392933198708,0.8199372259395107,119.16405472115765,0.08762873362965275,23.2787866395181,119.16405472115765
82,3000,39.38291776489266,1.5441724596886965,0.8204310203001772,120.20334113523933,0.19340593506307233,39.38291776489266,120.20334113523933
82,2000,59.99012166298057,2.2567856073994115,0.818959351114114,122.04943396509599,0.04831405294950729,59.99012166298057,122.04943396509599
82,1500,80.4275268540399,0.3876824452842886,0.818832456157281,123.75945134188885,0.6419584713274079,80.4275268540399,123.75945134188885
82,1000,118.71742174392539,0.1530731000026881,0.8200322516290085,128.5683794800407,0.04911444446440541,118.71742174392539,128.5683794800407
82,900,131.10843742415798,0.12229925176502358,0.8206378697923696,130.20025340998814,0.047032536562517366,131.10843742415798,130.20025340998814
82,800,146.9564127309308,0.16479443470617547,0.8202664066776588,132.31445817475787,0.08937476721329411,146.9564127309308,132.31445817475787
82,700,166.83375859063503,0.0751068962959251,0.8205781117064804,134.1174368754075,1.021299419319799,166.83375859063503,134.1174368754075
82,600,193.92064985293928,0.6988572738872776,0.8216151523242555,138.6125538489932,0.1426209166101776,193.92064985293928,138.6125538489932
82,550,212.42106941953548,0.39611657140649836,0.8242884624423685,141.92858090732568,0.3243224076632907,212.42106941953548,141.92858090732568
82,450,256.1816093192269,0.37191474580712175,0.8223197066480518,151.66639335545906,0.7101764382573791,256.1816093192269,151.66639335545906
82,300,420.6377215125881,0.9930739551327527,0.8233714388174956,219.02193369773923,0.38478714005816067,420.6377215125881,219.02193369773923
82,220,463.19440043529124,1.3431117315829508,0.8173574833349587,250.66585498935513,1.778351514697894,463.19440043529124,250.66585498935513
82,180,441.3390757890555,11.504266895590563,0.8185988323547049,233.55203578010858,10.561361489356313,441.3390757890555,233.55203578010858
82,140,484.6127322359383,5.5099765997700425,0.8209378047414075,298.9351474379163,2.640544114807716,484.6127322359383,298.9351474379163
82,120,499.74530063879655,2.5891825453096957,0.823963084936373,346.28985979187365,1.5691196963350849,499.74530063879655,346.28985979187365
82,100,502.77603021141493,2.333748641612471,0.8198823461423103,481.32554673168823,5.68062942594358,502.77603021141493,481.32554673168823
82,90,503.6872401891123,1.2637965631732673,0.8237825427905481,476.3489518198476,0.8810528673281596,503.6872401891123,476.3489518198476
82,80,503.62114041247577,1.3695090632824383,0.8234047417567739,475.50995514625873,0.6514324154750447,503.62114041247577,475.50995514625873
82,70,501.545123998769,2.1080742774067005,0.8228439203119867,474.3892441548001,1.7963909405533691,501.545123998769,474.3892441548001
82,65,503.2765314077192,1.9622136927431721,0.822097741915409,477.1211551887873,2.1128107202723663,503.2765314077192,477.1211551887873
82,60,501.5900844007897,0.5064282063819288,0.8216307138361071,480.96871312911685,2.910556705513852,501.5900844007897,480.96871312911685
82,55,502.6639508758297,0.8374918168509566,0.8214751121342809,482.4906735179629,1.9121454191522893,502.6639508758297,482.4906735179629
82,50,504.0521167739942,3.3483267806609076,0.8220585214012512,484.02838475612833,1.9837656283672551,504.0521167739942,484.02838475612833
82,45,502.50013046397584,0.4326148660993863,0.824246627593665,487.05766647633374,2.6745685141742204,502.50013046397584,487.05766647633374
82,40,501.3692142809875,0.15159698019147505,0.8244500340993576,488.71538015687173,2.4815883333571502,501.3692142809875,488.71538015687173
82,35,501.5391027461844,1.0070957076405749,0.8239900768702659,490.79082716373654,2.7929342175227396,501.5391027461844,490.79082716373654
82,30,499.70647452054396,4.684839385596693,0.8202890488044687,493.2511315543256,0.37756108572679725,499.70647452054396,493.2511315543256
82,25,500.93194394291703,1.2377845989045089,0.8199157772509231,496.3029798436224,0.7605452492717747,500.93194394291703,496.3029798436224
82,20,500.2934102600309,3.056783426712074,0.8194732241211216,498.0521895161831,0.46165275321564775,500.2934102600309,498.0521895161831
82,15,499.99136881491114,1.6342961517858619,0.8189077359697542,496.27072113498645,2.76943992835378,499.99136881491114,496.27072113498645
82,10,502.6216093338289,0.1141253308077949,0.8247063210615465,490.7030406658577,0.29369923079899724,502.6216093338289,490.7030406658577
82,5,501.48585808791586,1.4665167201129936,0.8225902177868408,485.2562908320462,0.250932364675804,501.48585808791586,485.2562908320462
82,0,503.30670441210214,0.442662963905827,0.8215780873916804,486.302613785494,0.3233263636394918,503.30670441210214,486.302613785494
83,40000,3.150040976691659,0.12851415900610552,0.8262641533261522,123.32930638346745,0.43529885046155836,3.150040976691659,123.32930638346745
83,5000,24.067925020210836,0.03563312041426499,0.8291163742619513,121.99035972203585,4.913032289321962,24.067925020210836,121.99035972203585
83,2000,56.37008807647976,0.007639601011138932,0.8250710517207276,121.71864380627785,0.04341066046148292,56.37008807647976,121.71864380627785
83,1500,74.4231892671551,0.10967987046684541,0.8264187888359552,123.40427120035868,0.08056127333414377,74.4231892671551,123.40427120035868
83,1000,109.68646610514463,0.07340989970334713,0.8284425919892265,127.41267546781336,0.047556335181412356,109.68646610514463,127.41267546781336
83,900,120.97473265189116,0.2592187470903564,0.8287913018892028,128.9147835513704,0.030250770396559205,120.97473265189116,128.9147835513704
83,800,135.49419710758545,0.19458305705810575,0.8294708975765124,130.7613893691771,0.03294985620369087,135.49419710758545,130.7613893691771
83,700,153.28532259783466,0.08226588198852162,0.8294791266522891,132.9408410425773,0.04879067734238666,153.28532259783466,132.9408410425773
83,600,177.77884227677885,0.19743348151562434,0.8298005032243041,136.26128534813395,0.056131773386163285,177.77884227677885,136.26128534813395
83,550,193.3644844421734,0.15702265830334328,0.8305025733772871,138.6471546217078,0.07507974529277871,193.3644844421734,138.6471546217078
83,380,333.57622148979686,13.872724054734,0.8304009220710554,176.98329994633184,5.504550746539292,333.57622148979686,176.98329994633184
83,340,385.10773338182054,0.7559206923894318,0.8269546474105095,198.56402282533097,0.07176979975658812,385.10773338182054,198.56402282533097
83,260,442.43658535277905,0.3879189921470481,0.8321100839035477,230.96300959709257,0.48367875669620547,442.43658535277905,230.96300959709257
83,200,457.20179914650527,8.729429202057736,0.8308710464017729,240.8579283239808,11.343991392427391,457.20179914650527,240.8579283239808
83,160,476.35619251609046,1.2698955232955573,0.8251306475795863,264.166206525038,0.606266169119604,476.35619251609046,264.166206525038
83,100,498.5686063284661,0.7797823429902051,0.8340463702219743,335.77236586157875,0.4068209429209273,498.5686063284661,335.77236586157875
83,80,508.3033415484076,3.6734390015720266,0.8347305785360946,458.4536486768543,0.42139099284862674,508.3033415484076,458.4536486768543
83,70,508.4991192369069,2.987443367172518,0.8339735677783778,457.43196956202,0.6831147767640505,508.4991192369069,457.43196956202
83,65,507.14329660850876,1.6283450704290134,0.8337628151009104,458.0361319363606,0.5951902558364487,507.14329660850876,458.0361319363606
83,60,506.1235006333092,0.5939370972954112,0.8329796627161871,462.4376679348106,0.6368525337520052,506.1235006333092,462.4376679348106
83,55,506.7511772100313,0.7015759183446678,0.8327004700152858,462.046998724739,0.18236652285380348,506.7511772100313,462.046998724739
83,50,506.20954714982287,1.2345147928476918,0.8325611803685048,463.36781867217724,0.6608148514192159,506.20954714982287,463.36781867217724
83,45,506.83574766391484,1.1871368234610449,0.8344683242691966,470.55285706023096,0.18691615202455897,506.83574766391484,470.55285706023096
83,30,506.27975578203956,0.4268716368361599,0.8342591246731006,484.1642367478375,1.2039059712389062,506.27975578203956,484.1642367478375
83,25,506.4679752666588,0.2905011038407956,0.8323041492263686,484.5960927522993,0.6568262398809525,506.4679752666588,484.5960927522993
83,20,505.5646963355157,0.4320345151910046,0.8316335934461265,488.87721358911125,1.1567881840827308,505.5646963355157,488.87721358911125
83,15,505.48365610432865,0.4041729404361963,0.8314380045393034,489.0958221134958,0.9748222020357459,505.48365610432865,489.0958221134958
84,40000,3.0608663172837534,0.11677049090493041,0.8416683104471693,124.07789527735598,0.6274786923374625,3.0608663172837534,124.07789527735598
84,5000,22.072530185660938,0.030446190849524078,0.8390911829000633,118.98122493944938,0.11278654268468204,22.072530185660938,118.98122493944938
84,3000,38.74245989072866,0.08667128286045253,0.838819431041208,120.29676837760842,0.07028268203338796,38.74245989072866,120.29676837760842
84,2000,57.44932436622337,0.10466293648626115,0.8393518032624624,121.81355017678698,0.0009103696884257364,57.44932436622337,121.81355017678698
84,1500,76.61011622689507,0.09174855748616215,0.8368989750978404,123.72757090800421,0.03490939080124602,76.61011622689507,123.72757090800421
84,1000,113.0312266452363,0.20244886703335396,0.8371515539667992,127.71141546400872,0.07929537870314851,113.0312266452363,127.71141546400872
84,900,124.69923755411138,0.4229588715811295,0.8378166981449436,129.39621680350544,0.0503641093200577,124.69923755411138,129.39621680350544
84,800,139.09476711569286,0.45303122048196737,0.8379429626351008,131.23321345069206,0.09631279902462332,139.09476711569286,131.23321345069206
84,700,158.60260805403433,0.22389350412800038,0.8385312406165598,132.7251440143816,1.201645134571919,158.60260805403433,132.7251440143816
84,600,183.6180996184843,0.3412430679522466,0.8393195052544545,137.11187562934836,0.023344516475216678,183.6180996184843,137.11187562934836
84,550,201.65481823202015,0.02783316783119903,0.8411379642363737,139.88617564279826,0.05936878060213321,201.65481823202015,139.88617564279826
84,450,267.44901489892834,14.193846847307654,0.8419867796384123,155.26328188928036,4.541530022190764,267.44901489892834,155.26328188928036
84,340,363.0514851924525,1.8398931018521538,0.8388438595163544,188.21896335140426,0.07995698351328258,363.0514851924525,188.21896335140426
84,300,403.0788910659522,0.15558099402514242,0.8373867141184301,205.6827639175176,0.20301331162917768,403.0788910659522,205.6827639175176
84,260,452.8936352569381,1.6825133100230223,0.8379166255126133,239.16783485679937,0.03183365796439639,452.8936352569381,239.16783485679937
84,220,462.7117676655153,1.5685143690341172,0.8422259794695436,241.80427842335874,0.7693011665520615,462.7117676655153,241.80427842335874
84,180,444.92427751485,0.3080403539965,0.842318122521427,225.29253162420744,0.41766378509341995,444.92427751485,225.29253162420744
84,160,454.86862760484655,1.584572519026643,0.8372298744007901,232.04293684729427,1.905312784207715,454.86862760484655,232.04293684729427
84,140,472.7152322552062,0.4418441754299644,0.8379504343371122,254.62087081354375,0.8170505973603087,472.7152322552062,254.62087081354375
84,120,490.49655002872936,0.4185781545875885,0.8354291728011334,300.6206055012069,2.322626867010077,490.49655002872936,300.6206055012069
84,90,507.47973097807903,0.7066740653251512,0.835317780638004,459.8905844222509,0.5160536978993329,507.47973097807903,459.8905844222509
84,40,506.2995084948547,0.5598930172175258,0.8361659248428915,477.42506896928853,0.9184720868396049,506.2995084948547,477.42506896928853
84,35,507.2828058190449,0.5414911277309098,0.8358745083053386,485.6085431792016,0.10071068784606266,507.2828058190449,485.6085431792016
84,10,505.9942708471706,1.803200206757457,0.8402105229437629,485.1072396094875,1.1325052308739332,505.9942708471706,485.1072396094875
84,5,505.18199329450016,1.3776848599959364,0.837791846573568,476.20687189010476,1.6868757802423953,505.18199329450016,476.20687189010476
84,0,506.5588530194514,0.24259477038913949,0.8378164076444689,467.55772723050706,0.4678371995849957,506.5588530194514,467.55772723050706
85,40000,2.913004974712758,0.02293214514361172,0.8472049274884872,121.64130154913268,3.4231985897410535,2.913004974712758,121.64130154913268
85,5000,21.648943453102714,0.9877274479893122,0.850086116766332,118.9472071821395,0.08095669888812605,21.648943453102714,118.9472071821395
85,3000,36.221933541884205,0.7141548368864253,0.847889596850257,119.97870092306262,0.10060222519536807,36.221933541884205,119.97870092306262
85,2000,53.6904173169413,0.9576452092674803,0.848941618700468,121.34985763588323,0.0939299934966035,53.6904173169413,121.34985763588323
85,1500,70.99944054097223,1.165465420313734,0.8501056446647199,122.90950139909427,0.46623529889826715,70.99944054097223,122.90950139909427
85,1000,103.25771158620206,0.22986394594890025,0.8479269218285049,126.65697973216538,0.05775192657072053,103.25771158620206,126.65697973216538
85,900,114.83440742673183,0.021036903571855295,0.8473857173843234,128.02026194455684,0.02563855223532459,114.83440742673183,128.02026194455684
85,800,128.0431391272342,0.3903782613725473,0.8478886593083709,129.78705227970138,0.06777429338220772,128.0431391272342,129.78705227970138
85,700,145.6409978002811,0.17468063964066455,0.8479812173185964,131.66477050288137,0.055882512756756146,145.6409978002811,131.66477050288137
85,600,168.64629953553955,0.048176368188912126,0.8482949955281268,134.79605801325212,0.10843502665400023,168.64629953553955,134.79605801325212
85,550,183.17509295423633,0.19663948688340688,0.8486989057831341,136.26354490864773,1.0776235616483583,183.17509295423633,136.26354490864773
85,380,347.8271031403763,0.8160900184216678,0.8489047678446816,181.1747728735155,0.5730651173147251,347.8271031403763,181.1747728735155
85,340,384.9977908011577,0.4267387419510027,0.8493289633601643,196.51362150204935,0.15346411941005522,384.9977908011577,196.51362150204935
85,300,422.3850054375184,0.8364301409295186,0.8461606515102695,215.32540876201037,0.15293339541962755,422.3850054375184,215.32540876201037
85,260,439.4632263601016,0.5148675212522016,0.8536092692198967,224.1375269463963,0.1807060648786873,439.4632263601016,224.1375269463963
85,180,451.63224549996204,1.51709886176286,0.8492306921015406,226.33227941449778,0.8886039865437736,451.63224549996204,226.33227941449778
85,160,471.2619083134248,0.44755775435807155,0.8489170315841749,246.9864125297852,1.3051545820099646,471.2619083134248,246.9864125297852
85,140,483.0642278336939,1.335820052061241,0.8458455153322215,267.0756263749875,1.3215915495817396,483.0642278336939,267.0756263749875
85,120,496.2396328930989,1.5378216507932398,0.8456820578875425,316.00135165529076,2.1467373525940663,496.2396328930989,316.00135165529076
85,100,507.8045336922415,2.3039095786364987,0.8480097104624434,453.7884719149836,0.3324030261564311,507.8045336922415,453.7884719149836
85,90,509.17182794191075,1.6551077980532887,0.8476373221623571,453.4175287630963,0.5267413910778053,509.17182794191075,453.4175287630963
85,80,508.8327521748463,1.5857760644759926,0.8473774577595455,451.62446280283325,0.5801037330690076,508.8327521748463,451.62446280283325
85,70,512.0667876798684,5.345090335368371,0.8472518970843849,449.3273982184758,0.5439592546537678,512.0667876798684,449.3273982184758
85,65,508.27424005762583,0.4531047220090324,0.8468643493567333,452.6191414332198,0.4674419135837888,508.27424005762583,452.6191414332198
85,60,507.93130175073003,1.3847937458036956,0.8466362168869369,461.2160080325675,0.29107862131082274,507.93130175073003,461.2160080325675
85,55,507.94311507741537,0.21174733231397994,0.8466078224562308,462.1436698534923,0.4849442653941736,507.94311507741537,462.1436698534923
85,50,504.2955319450473,7.628163284211115,0.8480035565530691,466.422306323382,1.276630988569703,504.2955319450473,466.422306323382
85,45,508.5371351957835,1.3567672332382485,0.8488056534531281,471.7406818521758,0.43816860411586844,508.5371351957835,471.7406818521758
85,40,512.2724249382536,3.9184553441016523,0.8490488629513414,472.5397807001823,0.25984923125909026,512.2724249382536,472.5397807001823
85,35,508.63582624925976,0.6603561432751281,0.8496203374053186,477.9613557717517,0.7174400574600938,508.63582624925976,477.9613557717517
85,30,505.61153602656236,5.1537985252834355,0.8458685601494512,475.84662854149695,0.6532736171331385,505.61153602656236,475.84662854149695
85,25,507.4981476350599,0.5464591591092346,0.8462057134364199,479.54034349002796,0.14251031541921846,507.4981476350599,479.54034349002796
85,20,507.42128676107086,0.9989036003427497,0.8458004799636752,481.3895169598495,0.12957008932623726,507.42128676107086,481.3895169598495
85,15,506.8839614397428,0.5543110461025405,0.8452947879215867,482.0333914942341,0.30921148002890564,506.8839614397428,482.0333914942341
85,10,510.5413443197872,0.1533587085135604,0.8529755047153177,476.8383532367311,0.6336361888998168,510.5413443197872,476.8383532367311
85,5,509.83387532610703,0.8120229192988546,0.8512260702416118,468.543177899058,1.232137247283964,509.83387532610703,468.543177899058
85,0,510.3342067691183,0.8064889853886884,0.8512335416465552,460.1616956235655,1.3493929625373047,510.3342067691183,460.1616956235655
86,40000,2.9899640601082944,0.02794605523151547,0.8616059404921413,123.09373843034695,0.40473724705042313,2.9899640601082944,123.09373843034695
86,3000,33.41826126188942,0.12002743916549917,0.862351154659372,119.85916305000906,0.046012311608978285,33.41826126188942,119.85916305000906
86,1000,103.48799539909803,4.394223420474843,0.8582704593060796,126.87501489073026,0.024957863204951018,103.48799539909803,126.87501489073026
86,900,117.1443955953376,0.14639368825254812,0.8556925699487028,128.24457972301056,0.0089197871016023,117.1443955953376,128.24457972301056
86,800,131.21479382627354,0.3788346570130353,0.856061860409885,130.08166820133115,0.03988524419054009,131.21479382627354,130.08166820133115
86,700,148.82304778107547,0.32584409292963884,0.85638096108192,132.17600478337704,0.10401771260191126,148.82304778107547,132.17600478337704
86,600,172.52614405995556,0.3047118314927359,0.8570127722951709,135.30711195693323,0.05135497334001326,172.52614405995556,135.30711195693323
86,550,188.945653108656,0.23742700096598612,0.8583387289951318,137.67327885579098,0.050050698907223044,188.945653108656,137.67327885579098
86,450,253.73746047986162,19.81860666452777,0.8582867342747479,151.12928353568074,5.510364387099746,253.73746047986162,151.12928353568074
86,380,318.4716406262455,0.7288209518706731,0.8557833332634193,171.78304345507706,0.13034304468588115,318.4716406262455,171.78304345507706
86,340,360.9057966783649,1.930494378734629,0.8592581712599454,185.6424940956886,0.10592721778749498,360.9057966783649,185.6424940956886
86,300,400.6038980480395,0.49174158644523247,0.8580455746140804,201.23119204053265,0.21092724979340838,400.6038980480395,201.23119204053265
86,260,449.76980592070976,0.3715166984893328,0.860232689265121,229.2344112212708,0.011317800313204125,449.76980592070976,229.2344112212708
86,220,458.6132913190954,0.8289295983312233,0.8635360187101178,234.15433681384616,0.30766700504340283,458.6132913190954,234.15433681384616
86,200,461.4128643634538,3.4266017752580056,0.8576618636973818,236.90596675085712,3.2868387680027933,461.4128643634538,236.90596675085712
86,160,462.6801702944801,0.7339664957463415,0.8633589512398885,232.85314582532047,0.41460261468853266,462.6801702944801,232.85314582532047
86,140,476.14315346052496,0.4091800095590263,0.8592605737456122,247.6752729819158,0.38572351740212724,476.14315346052496,247.6752729819158
86,120,493.08752478756827,0.9453351019231221,0.8568439253504533,288.2335685832583,2.489445579876674,493.08752478756827,288.2335685832583
86,100,503.3689243325743,1.0386934230413063,0.8560412371182307,329.58992004061906,0.20472112790967964,503.3689243325743,329.58992004061906
86,90,513.0046016700893,0.34177957435187856,0.8581522873998573,445.9427102219451,0.3236458480892529,513.0046016700893,445.9427102219451
86,80,512.8360424237961,0.7081227901588623,0.8579675473892142,446.61564779368973,0.4139082011008782,512.8360424237961,446.61564779368973
86,70,511.93494403330106,0.48515756315776654,0.8576446912292367,445.94899604271615,0.45335513872125405,511.93494403330106,445.94899604271615
86,65,511.9899277178534,0.4626630329361623,0.8574507620516144,448.67797767526054,0.4256594739201804,511.9899277178534,448.67797767526054
86,60,512.4369435390691,0.9061752829108823,0.857128449504143,457.9532672120643,0.8344821561661804,512.4369435390691,457.9532672120643
86,55,512.7846085483128,0.7054676479186914,0.8571138273233817,458.337025289195,0.14445564943677502,512.7846085483128,458.337025289195
86,50,512.4836317777731,0.1175665642364035,0.8570117601469255,459.4927284258527,0.802150648162581,512.4836317777731,459.4927284258527
86,45,512.7332541904626,0.7979568333763357,0.8570484549402914,460.27227766750156,0.7023693230239392,512.7332541904626,460.27227766750156
86,40,513.1730604081225,0.4154695023525496,0.8608691112522812,467.1800713483181,1.5251650810141495,513.1730604081225,467.1800713483181
86,35,512.3768713253867,0.3212182508238358,0.8622941393063502,471.77765878956467,0.6717522335635912,512.3768713253867,471.77765878956467
86,30,511.8466533606702,0.9492950371571087,0.8610843983926156,471.60202067028166,0.3910781931362895,511.8466533606702,471.60202067028166
86,25,510.1235956395405,2.962268667152847,0.8586164517331456,473.41358438720795,0.3981988618760943,510.1235956395405,473.41358438720795
86,20,511.77608675284085,0.14196507551954243,0.8586794834292188,474.05947415872765,0.5505129295123304,511.77608675284085,474.05947415872765
86,15,506.4885488478446,7.112869521632636,0.8581282183570962,474.3266662262156,0.19486945766715358,506.4885488478446,474.3266662262156
87,40000,2.6894357216780316,0.04192156386641978,0.8693693558713814,122.67220916348084,2.534106339450892,2.6894357216780316,122.67220916348084
87,5000,21.2304958512957,0.19664972980168627,0.8661007035820306,118.88734633070618,0.08590200340470965,21.2304958512957,118.88734633070618
87,3000,34.88836941761099,0.1128189424329988,0.870548764447327,119.81594732778717,0.0649229105948297,34.88836941761099,119.81594732778717
87,2000,50.29593106147138,1.116596453898479,0.869304959084082,121.15719362657448,0.0960484619615704,50.29593106147138,121.15719362657448
87,1500,65.10128591293197,0.05835732690058391,0.8661695485766193,122.4688676578711,0.015410105569109855,65.10128591293197,122.4688676578711
87,1000,96.91096526975358,0.0059960994575418815,0.8654186363942848,125.82651065518642,0.026464187859116823,96.91096526975358,125.82651065518642
87,900,106.72057234208098,0.16496030097044612,0.8664832535034463,127.1112449914262,0.03232355130180401,106.72057234208098,127.1112449914262
87,800,119.68607317735463,0.16666722389539693,0.866230821356444,128.64372671462664,0.06030422073759945,119.68607317735463,128.64372671462664
87,700,135.74660914883836,0.15250290832323163,0.8666740945967769,130.392050053764,0.027346155519099913,135.74660914883836,130.392050053764
87,600,156.75662991108777,0.1886531280399884,0.8669462589814282,133.22166888433904,0.08647896765970298,156.75662991108777,133.22166888433904
87,550,170.54117497020022,0.12874816359236071,0.8675541430647846,134.91615153130317,0.40805590761410826,170.54117497020022,134.91615153130317
87,450,247.89466843848595,0.13358695068367993,0.8701929970887723,149.60461832398596,0.11792636254179209,247.89466843848595,149.60461832398596
87,380,325.123069899971,18.852361386917057,0.8694033932351728,177.97230632472295,0.04127311292177557,325.123069899971,177.97230632472295
87,340,378.22098173732564,0.4604391869600988,0.868710549650933,190.95327028647782,0.0829046913867217,378.22098173732564,190.95327028647782
87,300,415.016825720956,1.1763954941096,0.866238608042301,206.80389784318004,0.2445863128349628,415.016825720956,206.80389784318004
87,260,428.4987698968851,0.6877697432971306,0.87294252366006,211.9706972861741,0.8322135912141637,428.4987698968851,211.9706972861741
87,220,461.24868365722295,0.5540009272308956,0.8690537533612178,234.75957629339987,0.1459029722170796,461.24868365722295,234.75957629339987
87,180,457.980239915014,0.7784038262059862,0.8713099001799028,230.89245810916665,0.3703842723859596,457.980239915014,230.89245810916665
87,120,483.2160568437655,0.19884385979031452,0.8704858146121865,253.909101515838,0.3615550684573681,483.2160568437655,253.909101515838
87,100,513.5605074952122,0.8537146194099321,0.8721412566162052,398.3912978297931,0.9681200901386806,513.5605074952122,398.3912978297931
87,90,513.053043929287,0.8664096500608891,0.8718430450333382,402.4222249501443,0.5582088010586309,513.053043929287,402.4222249501443
87,80,512.5462609173916,2.395695891889949,0.8717715252119742,403.2759953869269,0.5332956770515583,512.5462609173916,403.2759953869269
87,70,513.3820918502216,1.1699642112262336,0.8713595201234918,403.65693477687,0.28165389694923554,513.3820918502216,403.65693477687
87,65,513.215625184268,1.8722232019952196,0.8714690905140349,408.11870432742376,0.38543431456772387,513.215625184268,408.11870432742376
87,60,513.651999298245,0.8071185954339222,0.8713206623384487,421.0130500118144,0.5821652926933056,513.651999298245,421.0130500118144
87,55,513.7268622133416,0.4891096498931639,0.8713830166876138,423.00514599074705,0.3920045298062354,513.7268622133416,423.00514599074705
87,50,510.30396536139966,6.999336265507759,0.8741785483614901,435.59274334121955,0.37653717739471726,510.30396536139966,435.59274334121955
87,30,513.378615009185,2.1228548178622657,0.8734076046221602,454.02561108230367,1.8794475397525936,513.378615009185,454.02561108230367
87,25,514.1051909008725,1.1779941871918964,0.8731212051422256,457.08608179224456,1.7628396567534266,514.1051909008725,457.08608179224456
87,20,512.6252175723365,0.7325731802873897,0.8727016010648959,460.1919186035877,1.4880668555908454,512.6252175723365,460.1919186035877
87,15,511.114248091001,0.2987803119087401,0.8727762835306089,459.31428360616627,1.8792721022948813,511.114248091001,459.31428360616627
87,10,512.070882908791,0.9938992939719168,0.8684087928801149,465.7254129349673,1.5826543408228222,512.070882908791,465.7254129349673
87,5,511.37183020592585,2.869204895748405,0.865359623711352,466.00548909913823,2.354171722212632,511.37183020592585,466.00548909913823
87,0,510.7061632293797,0.9179951160413649,0.8655340422729972,455.66397356688975,1.6077194258680383,510.7061632293797,455.66397356688975
88,5000,19.751811697907343,0.03169033786644958,0.8771001218848472,118.8571941385219,0.033634998192226,19.751811697907343,118.8571941385219
88,3000,31.99429999024009,0.16968429790449416,0.8835028124299299,121.5371858653683,3.418194103421759,31.99429999024009,121.5371858653683
88,1500,67.40420282061517,0.14595708394971144,0.8767146184166581,122.82755273918588,0.049502080335672355,67.40420282061517,122.82755273918588
88,1000,99.53906988969966,0.25813467158607917,0.8771757775020509,128.35774628994872,4.047583304518397,99.53906988969966,128.35774628994872
88,900,110.06126388941293,0.6144726704944743,0.8775176313797967,127.27147090746269,0.03762256748562579,110.06126388941293,127.27147090746269
88,800,123.14855034288479,0.4089232542631732,0.8776680442888191,129.0957623148362,0.06680932538744094,123.14855034288479,129.0957623148362
88,700,139.91408282362514,0.1812106788901751,0.8778922180964267,130.72563087672512,0.21400344348984693,139.91408282362514,130.72563087672512
88,600,161.6405438296846,0.27221152416305483,0.8781658784435175,132.74947844254055,1.1977382668340506,161.6405438296846,132.74947844254055
88,550,176.27062259808721,0.12468097308991039,0.8787064281677562,135.66374974818964,0.11123448829112127,176.27062259808721,135.66374974818964
88,450,218.93043059210353,0.4563219944805555,0.8758609137619239,141.86768956061076,0.7671891520733908,218.93043059210353,141.86768956061076
88,380,322.424268627235,23.42850901344087,0.8804979265847894,172.91030990550382,11.884753435927992,322.424268627235,172.91030990550382
88,340,350.4379064499182,2.842793675040055,0.8794088630390214,180.97139303271197,0.7373616822898834,350.4379064499182,180.97139303271197
88,300,390.52726882104406,2.5106956530817794,0.8791570321334216,194.3267812591063,0.5325773938710292,390.52726882104406,194.3267812591063
88,260,432.35513714900935,0.4661649123013388,0.8786286599858705,214.37105849310012,0.07303005497421082,432.35513714900935,214.37105849310012
88,200,462.3781487403708,0.8086645205534538,0.8810529209032335,232.03378088128636,0.3108666725421486,462.3781487403708,232.03378088128636
88,180,445.52559459664593,0.6336474118818866,0.8808096133653048,217.37448245902803,0.2565484553659261,445.52559459664593,217.37448245902803
88,160,455.06600919364746,0.4917382707226918,0.8757259985158626,223.4388467307367,1.3858804346490783,455.06600919364746,223.4388467307367
88,140,471.20735652447155,1.008244307164964,0.8751437106784653,238.8919128623786,0.7290945334167056,471.20735652447155,238.8919128623786
88,120,486.67202026010256,0.9941576486103499,0.8842080770490014,250.56156723731218,1.1790325813526894,486.67202026010256,250.56156723731218
88,100,502.1024656585317,1.5946766316200185,0.8831251598131103,291.8670549008186,1.4232970159160667,502.1024656585317,291.8670549008186
88,90,509.6263388141036,2.7033501930925414,0.8840042863983978,299.47234037828315,0.8567915201380487,509.6263388141036,299.47234037828315
88,80,517.219741910731,1.1577988257764624,0.884740938856536,418.18652850622647,1.3711472101218376,517.219741910731,418.18652850622647
88,70,517.4157615327632,0.09467198227518821,0.8847845590297957,411.335545573822,0.39790147241059903,517.4157615327632,411.335545573822
88,65,518.2246816825333,0.09866302544096836,0.884553687283487,420.564096787728,1.6019963105448731,518.2246816825333,420.564096787728
88,60,517.9889909588331,0.13301572502868012,0.8847778250705357,429.86202897253816,0.888416592812232,517.9889909588331,429.86202897253816
88,55,518.1653504497125,0.08785001146669369,0.8847693688957912,429.1938077018533,1.7767548540591163,518.1653504497125,429.1938077018533
88,50,518.2724102124986,0.5997695478289179,0.8848345932539545,429.8715056294364,0.8127259734975324,518.2724102124986,429.8715056294364
88,45,515.5100551828608,1.3412072952458258,0.875858463697945,446.96005046212895,1.0174929138115365,515.5100551828608,446.96005046212895
88,40,515.2560316686141,0.8985562569758716,0.8758679940894122,447.2797419575786,0.6838259816047833,515.2560316686141,447.2797419575786
88,35,519.4999004380958,7.787283095502062,0.8757421964310433,455.45094616601756,1.4769471890405876,519.4999004380958,455.45094616601756
88,10,516.0640772791828,1.2797534238988515,0.8832175121189625,456.7176779294194,0.9596657225370183,516.0640772791828,456.7176779294194
88,5,510.8199785199976,2.8230635964169406,0.8807771558580929,450.42532919293217,4.451410264383032,510.8199785199976,450.42532919293217
88,0,511.38011739165495,6.119725594921535,0.8807705209153892,438.3097189561875,0.7986501957231927,511.38011739165495,438.3097189561875
89,5000,20.49589597600814,0.047396306336523655,0.8922571546891219,118.96472591934192,0.04033873217534343,20.49589597600814,118.96472591934192
89,2000,47.3972342593714,0.018534375943874675,0.8854576704666357,120.84432864728255,0.030058341520442237,47.3972342593714,120.84432864728255
89,1500,62.7241419772277,0.22304822085967974,0.8868622647320485,122.1035997591456,0.19439094599350332,62.7241419772277,122.1035997591456
89,1000,91.87268727770288,0.11239776620837238,0.8900712168721382,125.34810453554616,0.16011619963248427,91.87268727770288,125.34810453554616
89,900,101.55040997417363,0.15424800956772794,0.8899002937780848,126.3035359292741,0.24942528562290797,101.55040997417363,126.3035359292741
89,800,113.8307540396549,0.07147318540463785,0.8901504255049172,127.93385193618565,0.02539476958103576,113.8307540396549,127.93385193618565
89,700,128.8828435640393,0.14697454886587377,0.8905199866722597,129.49904106786548,0.037753151222192846,128.8828435640393,129.49904106786548
89,600,149.31861575119365,0.917323357507653,0.8908096928916264,132.0058541057778,0.05546126533901661,149.31861575119365,132.0058541057778
89,550,161.82798445154927,0.05716349387342049,0.8911278158382213,133.3810029648312,0.5872975371601938,161.82798445154927,133.3810029648312
89,450,225.13738022443772,0.5847162556513513,0.8860295283991864,144.1758752503754,0.08874829827408227,225.13738022443772,144.1758752503754
89,380,280.92810743894944,0.23616310001756374,0.8872148439639872,159.1332553733495,0.048602965257738426,280.92810743894944,159.1332553733495
89,340,324.79867604321777,0.8396473179846624,0.8922178217066495,173.38476823572242,0.4166711558697948,324.79867604321777,173.38476823572242
89,300,368.6343234830026,1.6298698883534233,0.8939967451137661,185.58019684914453,0.17280610695779566,368.6343234830026,185.58019684914453
89,260,410.4878921292814,1.0638796919731126,0.8922299660285384,199.93888873349874,0.11144208435497348,410.4878921292814,199.93888873349874
89,220,453.3796414919011,2.257341473721264,0.8907235736326901,224.15328474551507,0.35467374545587704,453.3796414919011,224.15328474551507
89,200,463.5745228080396,1.4046968258559847,0.8886432098352116,232.2690340037921,0.3209168902803337,463.5745228080396,232.2690340037921
89,160,457.30684328420034,1.8251153790219317,0.8937643053694924,223.44370770367527,0.9802399185511081,457.30684328420034,223.44370770367527
89,140,472.6065266323163,1.3238043141156817,0.8902910987912559,235.74698262305094,0.9711752750335227,472.6065266323163,235.74698262305094
89,45,518.7482410510775,1.806090514527775,0.8851919537997475,433.61892235082206,1.4742803788756158,518.7482410510775,433.61892235082206
89,40,520.4786989241283,1.2040478330855562,0.8891509739325909,450.02427622020133,0.9170695551254321,520.4786989241283,450.02427622020133
89,35,518.9831697930704,1.678718916625899,0.8887320237171666,452.6042667551294,0.5108564058517353,518.9831697930704,452.6042667551294
89,30,518.1023644964977,1.416288530148795,0.8870227242902801,451.26536799054344,1.0772953909818872,518.1023644964977,451.26536799054344
89,25,516.8921469101052,1.2379053053818305,0.8868685656307486,451.6844919642026,0.5540706138136415,516.8921469101052,451.6844919642026
89,20,516.9942461509694,0.6741928348240939,0.8868301079722095,454.7617464639718,0.7260649767686391,516.9942461509694,454.7617464639718
89,15,517.739539077233,0.6315868830064977,0.8864265608794836,454.80074210604016,0.9884629384593038,517.739539077233,454.80074210604016
90,5000,18.956921951152797,0.02979950377737263,0.9040167007851053,118.77276605108545,0.09103889255642965,18.956921951152797,118.77276605108545
90,3000,33.60785833032824,0.005694493702442703,0.8968636603292595,119.74689534215918,0.058787960580853955,33.60785833032824,119.74689534215918
90,2000,48.90797121449767,0.4791760293537933,0.9028164034121723,121.00464834717805,0.016191723299378836,48.90797121449767,121.00464834717805
90,1500,65.42019857642458,0.13521813814407146,0.9027032245576656,122.20841734076124,0.5219398265352656,65.42019857642458,122.20841734076124
90,1000,96.4766939211956,0.0407044105925101,0.9042670347118688,125.73804150809383,0.09952425155015544,96.4766939211956,125.73804150809383
90,900,106.72422054033144,0.23750641172580209,0.9044820416023555,126.91535965588021,0.08940634364319477,106.72422054033144,126.91535965588021
90,800,119.53950880377973,0.500362900647612,0.9046295728178011,128.3700661896257,0.11150126316072718,119.53950880377973,128.3700661896257
90,700,135.0834762157654,0.09094088319614552,0.9048902881859502,132.1109042712096,3.2905962373588817,135.0834762157654,132.1109042712096
90,450,202.4307619867269,0.24302676904010354,0.8952186642549709,139.25993361092765,0.12910429911528998,202.4307619867269,139.25993361092765
90,380,271.65056828606436,23.215941650280612,0.8995159116635468,156.51753168751145,7.108294611198305,271.65056828606436,156.51753168751145
90,340,336.660189806499,0.4695473262686728,0.9017199384339737,176.4320121532609,0.7187849046065147,336.660189806499,176.4320121532609
90,300,378.25184677714583,0.9767841228629213,0.9023312723816348,187.8736671233419,0.037476486553344956,378.25184677714583,187.8736671233419
90,260,417.9050271145583,1.2778763005020353,0.900051193622812,202.29347006805764,0.2168704284336154,417.9050271145583,202.29347006805764
90,180,463.70996979224964,0.7960427452539075,0.9004006907199916,230.07406638897172,0.18274076130072014,463.70996979224964,230.07406638897172
90,140,472.09619325759905,1.2106417492032087,0.9046069862754659,231.7351246733907,0.9334298181750852,472.09619325759905,231.7351246733907
90,120,482.873251243072,4.197398999939716,0.8992125856132999,245.2619850929639,0.5113215706416018,482.873251243072,245.2619850929639
90,100,500.9359420495898,0.7118745319590225,0.8982852979633816,278.53197126503784,0.2512807110549681,500.9359420495898,278.53197126503784
90,90,520.7895067009355,1.3265852100992275,0.9003854409620157,394.82718943626304,0.4585955637438492,520.7895067009355,394.82718943626304
90,80,519.0185107828469,1.2124136633381788,0.90026598128564,396.1410001323845,0.6523491943778077,519.0185107828469,396.1410001323845
90,70,522.8490354096783,5.582530874801199,0.9001798081816617,395.2826807792823,0.48110138585580803,522.8490354096783,395.2826807792823
90,65,519.4845566011085,0.12203257954180284,0.9000968861565948,400.68378729613295,0.5655348083956017,519.4845566011085,400.68378729613295
90,60,519.5875963178868,0.436515482965587,0.9002407817653847,412.2448175769023,0.9122956727224298,519.5875963178868,412.2448175769023
90,55,520.4765470268386,0.827157968803046,0.9002308456674236,413.1628774115911,1.0180964291638417,520.4765470268386,413.1628774115911
90,50,520.9254878396214,1.3260026166251508,0.9005150725395797,415.90287029011097,1.1071894283192734,520.9254878396214,415.90287029011097
90,45,520.7574125512172,0.6545644230551507,0.9035425561470468,437.35519071173354,0.7519320038742479,520.7574125512172,437.35519071173354
90,40,522.2731500929531,0.640386833998863,0.9035037597503607,437.5848196370882,1.0780633494585683,522.2731500929531,437.5848196370882
90,35,520.8406891260064,0.5735922742917324,0.9031550265576688,441.6245566725506,0.5123799185920468,520.8406891260064,441.6245566725506
90,30,519.5432856500302,1.9448047272653088,0.9014222681038911,439.6038058046197,0.37936842487212635,519.5432856500302,439.6038058046197
90,25,523.3292071159572,3.108360731206183,0.9015131559872978,443.3834305744211,0.6615144849008351,523.3292071159572,443.3834305744211
90,20,520.5446042572768,0.06460941946861137,0.9015818142705836,444.1842266129006,0.33877480642662905,520.5446042572768,444.1842266129006
90,15,519.2486615585149,0.6289264209316509,0.9012722322775444,444.8372783771218,0.6134420446939063,519.2486615585149,444.8372783771218
90,10,518.4179964126456,0.7096181709485855,0.8991609643061157,447.57093653739395,0.7558285366720389,518.4179964126456,447.57093653739395
90,5,518.2974902715661,0.39707919038293193,0.8962409163020321,447.8334922473366,1.5408074366172406,518.2974902715661,447.8334922473366
90,0,514.8635542519581,3.9777305134380776,0.8963672188328312,444.25345823765946,0.24740475753353933,514.8635542519581,444.25345823765946
91,3000,30.839556840342283,0.03829844912579907,0.9099310389999821,119.57385844253804,0.09215115521788435,30.839556840342283,119.57385844253804
91,2000,45.52422761202619,0.05307474503031474,0.9135888042401663,120.72110230439738,0.13315341938299727,45.52422761202619,120.72110230439738
91,600,156.29843851174743,0.04173668969032081,0.9051099348409873,132.5089980229128,0.4357731701309557,156.29843851174743,132.5089980229128
91,550,169.78274462440237,0.026325542890240982,0.9052904543813906,134.40506745738875,0.2770727094870243,169.78274462440237,134.40506745738875
91,450,208.88374981179447,0.5039783715080596,0.9076965773459224,140.465563559948,0.044935134827562125,208.88374981179447,140.465563559948
91,380,267.84203324957804,14.905802488855763,0.9135720358978435,153.20464167421108,1.4201964538636727,267.84203324957804,153.20464167421108
91,340,289.86578262744894,0.36539891727015456,0.9059412516675615,161.8889191997039,0.1695869800599724,289.86578262744894,161.8889191997039
91,300,337.6210679164172,0.24686122838909116,0.909900609611474,176.69935363668966,0.8338026917783392,337.6210679164172,176.69935363668966
91,260,383.637605776199,0.5556362269989725,0.9102690031163885,188.50130456607727,0.25683973578874786,383.637605776199,188.50130456607727
91,220,428.85668906433483,1.0123570254818737,0.9075712616853561,205.74402144108407,0.10906657924160082,428.85668906433483,205.74402144108407
91,200,455.1025956336418,3.9858806015165587,0.9099195750826364,220.42289196120058,1.0848737341023635,455.1025956336418,220.42289196120058
91,180,455.0193069757467,1.0794505316349188,0.910300482468389,221.35172852130913,0.2107765102874634,455.0193069757467,221.35172852130913
91,160,457.99438388984294,1.1907126764383453,0.9059748303747789,219.04847519315874,0.7466298766723114,457.99438388984294,219.04847519315874
91,100,495.6149399484645,0.8124322391902143,0.9130946484397183,253.07180568988508,0.629969995618149,495.6149399484645,253.07180568988508
91,90,504.4914649235606,1.744720161540141,0.9127388754863076,269.22447356209244,1.3214691096412237,504.4914649235606,269.22447356209244
91,80,524.8885137502868,0.4718329941293371,0.9139428044559986,384.27681446251034,0.37603946130551597,524.8885137502868,384.27681446251034
91,70,525.125656579303,0.26701120494013914,0.9138459868751833,381.1294103108917,0.5407788947422645,525.125656579303,381.1294103108917
91,65,528.0718785999039,6.715747131454928,0.9138310134086439,385.5961388314745,0.2724485455393519,528.0718785999039,385.5961388314745
91,60,524.1210500236847,0.5097603648060663,0.913949997086695,393.6903398270726,0.572049292135989,524.1210500236847,393.6903398270726
91,55,524.4387764703307,0.5151357609077071,0.9139633191121642,395.0845489310261,0.9240256681004053,524.4387764703307,395.0845489310261
91,50,523.132008717991,0.1430062771768053,0.9140511814316854,395.0637480101911,0.9220025578058841,523.132008717991,395.0637480101911
91,45,519.811814851229,6.1497328951125265,0.9141804566938222,396.6255618803917,0.5663457492537135,519.811814851229,396.6255618803917
91,10,524.01787566162,0.8687319519633656,0.9145878671776152,435.92720594222845,0.819525734184972,524.01787566162,435.92720594222845
91,5,525.5866774184047,2.6466913055400876,0.9123756189724345,437.592190820174,0.12034600086109946,525.5866774184047,437.592190820174
91,0,520.3967001074349,1.0253640376414692,0.9119428589593731,435.1837394508804,0.10730622318332819,520.3967001074349,435.1837394508804
92,5000,19.06215992399911,0.016413590987178782,0.9189254044113552,118.8473634921679,0.02687814004145506,19.06215992399911,118.8473634921679
92,1500,59.635593394472245,0.09170643383997908,0.9163650790494748,122.01777846662064,0.047258260314882054,59.635593394472245,122.01777846662064
92,1000,88.50320911040006,0.1017420369707338,0.9170284535449706,124.04291449916927,1.540649481998236,88.50320911040006,124.04291449916927
92,900,97.54847970342574,0.0571452030530309,0.9175406979785321,125.8811493519662,0.07124880662096858,97.54847970342574,125.8811493519662
92,800,109.34046666447468,0.1150636539664951,0.9176818940387786,127.27108184635028,0.10682836874603112,109.34046666447468,127.27108184635028
92,700,123.72940114125673,0.21725173476669526,0.9180060824170839,128.7923979261761,0.09238208560208248,123.72940114125673,128.7923979261761
92,600,143.50914965276755,0.22680606120721186,0.9182907560143967,131.24240271341114,0.10317180091112864,143.50914965276755,131.24240271341114
92,550,155.66130800971993,0.05188182763576136,0.918558008283089,132.85954727384475,0.1727726086958649,155.66130800971993,132.85954727384475
92,450,192.55103149255947,0.18207912739455798,0.9208503717233759,137.51310249288562,0.1207392428518108,192.55103149255947,137.51310249288562
92,380,232.64201985093572,0.46414849756064436,0.923792119306222,145.81823638800108,0.09098401645392552,232.64201985093572,145.81823638800108
92,340,301.4904483086123,0.40632609885535187,0.9175545057431013,165.17664317535434,1.0047038471840968,301.4904483086123,165.17664317535434
92,300,347.63575851089354,0.26621533311079215,0.9202510966571896,179.48229674211692,0.04822295617119109,347.63575851089354,179.48229674211692
92,260,391.5655246276895,0.21202994651416218,0.919811231842694,189.7455717884495,0.15724637528086066,391.5655246276895,189.7455717884495
92,220,436.27831540457663,0.653256838666765,0.9172401038753034,208.31132765271434,0.17149032183318477,436.27831540457663,208.31132765271434
92,160,449.83959861073237,1.3389755007194364,0.9226956132460454,210.73935126203523,1.1797063387804307,449.83959861073237,210.73935126203523
92,140,467.1567428731494,2.2385275003514953,0.9206022579563834,218.08706378453834,3.2629275486592935,467.1567428731494,218.08706378453834
92,120,481.1157951675543,0.410736236976557,0.9159145675456154,232.78916102532312,0.2824209832635848,481.1157951675543,232.78916102532312
92,40,525.7236438349895,0.8937783867731387,0.9163067159348701,415.06782526202414,0.5705908595835235,525.7236438349895,415.06782526202414
92,35,526.4022312634198,1.157436008061548,0.9169214752490261,425.53500750644486,0.1192486321257742,526.4022312634198,425.53500750644486
92,30,525.352276679826,0.2650487015495325,0.9160962093833259,425.09702325686476,1.1699412907536526,525.352276679826,425.09702325686476
92,25,526.0838363549577,0.9744439562348662,0.9158860304245587,429.2225641423267,0.3686762273391474,526.0838363549577,429.2225641423267
92,20,524.6127619331539,0.6627810514816794,0.9159993861125354,430.57699876875887,1.2913628124721028,524.6127619331539,430.57699876875887
92,15,523.0534663213849,1.6351424100247507,0.9160183512944018,432.08364055730857,0.8687819196430169,523.0534663213849,432.08364055730857
93,5000,17.70654071357298,0.08373656897169694,0.9298986799257074,118.76297847117297,0.07665810888664547,17.70654071357298,118.76297847117297
93,3000,31.259317821127947,0.030245110168756997,0.9251444962306998,121.88745580975892,3.6994646973623055,31.259317821127947,121.88745580975892
93,2000,46.72296777338418,0.09158050203693133,0.9275912149912336,120.80098107785778,0.02429165933334849,46.72296777338418,120.80098107785778
93,1500,61.65454577414284,0.11008666229096861,0.9292552282513439,122.03385194382214,0.04406657145387658,61.65454577414284,122.03385194382214
93,1000,90.70499922304622,0.1173850569334651,0.9312078981481376,125.0663472135537,0.04320598617314423,90.70499922304622,125.0663472135537
93,900,100.44741380851117,0.05934363255999863,0.9315775404397272,126.17851966418647,0.08698919849693328,100.44741380851117,126.17851966418647
93,800,112.3069902257747,0.2692331320782116,0.9318268297414566,127.55147707309372,0.11906023085623177,112.3069902257747,127.55147707309372
93,700,127.54434514128837,0.30621221381197444,0.932135941838772,129.17017621944936,0.03076771730063406,127.54434514128837,129.17017621944936
93,600,147.1935974729045,0.10668290573512287,0.9323911475450837,131.44320259414584,0.05191029718337111,147.1935974729045,131.44320259414584
93,550,159.5721300069922,0.2628079737894581,0.9326019458368755,133.02732608831394,0.031789115379561333,159.5721300069922,133.02732608831394
93,450,196.33093825053265,0.691410923641307,0.9342273831432722,138.04904438130347,0.06793882918251687,196.33093825053265,138.04904438130347
93,340,266.6285856359764,1.823168041780124,0.926835164008311,154.59350024637848,0.12864665890262875,266.6285856359764,154.59350024637848
93,300,313.2380466503289,3.816120560256273,0.9307063570968316,169.33190119504582,0.6220152162594651,313.2380466503289,169.33190119504582
93,260,364.3644366139677,0.15762347928222795,0.9320406731370805,182.79094553966038,0.06079536929456687,364.3644366139677,182.79094553966038
93,220,412.27683453342866,0.5105667254891585,0.9307028512645164,194.7351232468878,0.09857145795558189,412.27683453342866,194.7351232468878
93,200,436.81113857107,1.1135348807157943,0.9294140626822314,206.28960606334246,0.26395196798784815,436.81113857107,206.28960606334246
93,180,461.7101593993155,0.40362636042288846,0.9273910993122402,220.35348219603603,1.2862151017029237,461.7101593993155,220.35348219603603
93,120,479.58889866168755,0.4150567268711634,0.9324108578158095,227.8592718183455,0.9876660985904268,479.58889866168755,227.8592718183455
93,100,491.771171173405,1.1708481255856904,0.92927266959487,239.71520019659638,0.46129349952283677,491.771171173405,239.71520019659638
93,90,524.3442130603984,0.9895618982008897,0.9299757592934372,340.20485580895246,0.31370417730407735,524.3442130603984,340.20485580895246
93,80,524.9999292948365,1.1245059129305388,0.9299282874942784,342.1665903980488,0.39766136113952094,524.9999292948365,342.1665903980488
93,70,523.8417289583334,1.671974001314622,0.9299014409377998,341.8467471027059,0.16496363241337775,523.8417289583334,341.8467471027059
93,65,524.8282110449646,0.57242434334015,0.9298251245845753,346.74322816139147,0.7267699859370417,524.8282110449646,346.74322816139147
93,60,524.772618206648,0.44585163115168364,0.9299198700336921,356.9518870725683,0.5750053164857984,524.772618206648,356.9518870725683
93,55,526.1830617255192,1.8719878326574375,0.9300067912646335,358.4913487420768,0.368338190425668,526.1830617255192,358.4913487420768
93,50,525.6256415777237,0.7681530165792142,0.9299870425158044,359.21250334716564,0.37922544707594097,525.6256415777237,359.21250334716564
93,45,527.1001754817138,4.323459973886004,0.9317416901684717,375.8286639707185,0.6356531614084242,527.1001754817138,375.8286639707185
93,40,529.17143342312,1.0524160132471738,0.932512772513879,389.59531596630353,1.8424219392927448,529.17143342312,389.59531596630353
93,35,529.1759613351585,0.49463249887549054,0.9325005212116856,403.76780030631784,0.2514906133073641,529.1759613351585,403.76780030631784
93,30,530.4894242033528,3.7321996910593307,0.9319954626152877,405.2682132690863,0.33804246973194946,530.4894242033528,405.2682132690863
93,25,528.6476803293459,0.630060526556397,0.9321400699426619,410.3766528650983,1.0241661755261156,528.6476803293459,410.3766528650983
93,20,527.898706085554,0.2440541414220615,0.9323318721418387,415.64837569768974,0.18255659092244386,527.898706085554,415.64837569768974
93,15,527.0292023300568,0.3637670572751557,0.9319693296189836,416.7005873727589,0.18462131383953534,527.0292023300568,416.7005873727589
93,10,528.2621409316448,1.121218352533064,0.9293530750229401,416.2924083599014,0.23378974442904582,528.2621409316448,416.2924083599014
93,5,529.0671279452271,0.49641319519026655,0.9290043381686179,427.7417089259612,0.43138811893304213,529.0671279452271,427.7417089259612
93,0,526.8009471063116,1.225463200225193,0.9286729718509289,427.5288940768407,0.7338630310318207,526.8009471063116,427.5288940768407
94,380,243.82179358768948,0.1536799240561901,0.9381347663643748,148.10731141010447,0.05583567306643858,243.82179358768948,148.10731141010447
94,340,281.8999923967922,0.3350598764091133,0.9411458140714881,158.13752761095824,0.6959771133884267,281.8999923967922,158.13752761095824
94,300,329.655548465515,0.7884807986997684,0.9438453076130372,173.69677628316103,0.027665528082825113,329.655548465515,173.69677628316103
94,260,375.1044699797317,1.0132477767978136,0.9441361446441728,184.65376437131613,0.05557524503644945,375.1044699797317,184.65376437131613
94,220,420.96506254412685,0.9379323737337922,0.9427130467960425,196.18548368853445,0.08922726025098117,420.96506254412685,196.18548368853445
94,200,446.1696190041903,0.9425220853972326,0.9414539029474577,208.13524017854684,0.04445782871937672,446.1696190041903,208.13524017854684
94,180,463.0556794241347,0.5060858745454438,0.9397049172614157,220.6626929544873,0.26792363519085177,463.0556794241347,220.6626929544873
94,160,443.84292206815394,0.33536103560811165,0.9370645368482137,208.30688068513874,0.41401137418812034,443.84292206815394,208.30688068513874
94,140,465.1142109702185,0.9235395308407027,0.9369705178476103,219.78359732136767,1.5128225340515045,465.1142109702185,219.78359732136767
95,3000,29.81020047462043,0.04851366345581871,0.9534792413081211,119.5094662348027,0.034741491949059296,29.81020047462043,119.5094662348027
95,1000,82.5032147690186,0.28103658779892204,0.9455720465789527,123.75961948836834,0.5731670437199623,82.5032147690186,123.75961948836834
95,900,91.55418834057816,0.5115821141325104,0.945948198373232,125.20680088206012,0.13283933517140006,91.55418834057816,125.20680088206012
95,800,102.0450471211488,0.17020356460749989,0.946254949362158,126.45472917667966,0.1012272078043837,102.0450471211488,126.45472917667966
95,700,115.68915667184547,0.23022585998206702,0.9466237338666637,127.87501516186899,0.04992311304340242,115.68915667184547,127.87501516186899
95,600,133.90786853499756,0.11578225736951174,0.9470426454242125,129.81913850188542,0.02355914730612919,133.90786853499756,129.81913850188542
95,550,145.5895223020467,0.2800747191408394,0.9472461874208187,131.28930446391416,0.07091846137588838,145.5895223020467,131.28930446391416
95,450,178.19781587003095,0.11100946289674034,0.9484901657887365,135.3963298484513,0.22390286804364143,178.19781587003095,135.3963298484513
95,380,214.27702487273666,2.275264480032749,0.9499709499912004,141.00637043840243,0.02690137298574184,214.27702487273666,141.00637043840243
95,340,242.46743082970207,0.1545084073986866,0.9515031612109294,147.5349832741647,0.08541867393145401,242.46743082970207,147.5349832741647
95,300,286.2234392159076,0.7985926119029051,0.954208936341075,159.36045197058442,0.10877658314496391,286.2234392159076,159.36045197058442
95,180,441.7405434893131,0.3160370558536991,0.9542432640671903,202.96868415056312,1.8652227085017252,441.7405434893131,202.96868415056312
95,160,458.45541929236697,0.793388359845354,0.9529825933913311,213.71476837396926,0.2808767857008569,458.45541929236697,213.71476837396926
95,140,460.2327295562283,2.245162043573509,0.9516664636158,212.79250014483156,0.940485770218261,460.2327295562283,212.79250014483156
95,120,476.53107985351534,0.3557402642343395,0.9494238161182024,223.9737384192624,0.4328951816834658,476.53107985351534,223.9737384192624
95,100,486.149660750091,1.129963005782494,0.946313553579106,229.14845447460834,0.31900826856078895,486.149660750091,229.14845447460834
95,90,492.7117434307883,0.9154160853225,0.9453865036262402,236.36886917105267,0.052854973934532354,492.7117434307883,236.36886917105267
95,80,499.6604664990543,1.3873645122355198,0.9451273805082286,244.973242687616,0.07049321145745864,499.6604664990543,244.973242687616
95,70,525.1345866443639,0.9815664996432638,0.945906121529731,332.49988906611816,0.3556189792356145,525.1345866443639,332.49988906611816
95,65,526.3506097610647,0.3571034323303487,0.9458759977082778,336.480831851958,0.26125157180422465,526.3506097610647,336.480831851958
95,60,527.1793483582773,0.34751054473590354,0.9459194148127136,343.7801056443086,0.2449010056812834,527.1793483582773,343.7801056443086
95,55,526.1080484721829,1.5802332735236906,0.9459388098081859,344.4840353877774,0.21315103731070761,526.1080484721829,344.4840353877774
95,50,526.8234176417205,0.25077538557974677,0.9459842090295703,345.46974070287587,0.4297989889623686,526.8234176417205,345.46974070287587
95,45,526.8862358194922,0.5376035854654809,0.9460718927022055,347.4608859580605,0.5817911404339082,526.8862358194922,347.4608859580605
95,40,526.545231846911,4.209184810206978,0.9467135934389758,355.2328629386686,0.30674009173001776,526.545231846911,355.2328629386686
95,35,529.8930249196897,1.004482869239001,0.9474484367736132,385.49915918551983,0.2777697029434303,529.8930249196897,385.49915918551983
95,30,534.1360716970329,6.015428015201266,0.9474893550440419,391.08232724272074,0.8508401793872145,534.1360716970329,391.08232724272074
95,25,530.7317488637017,0.933028495118888,0.9475442354060893,395.515873793652,0.3873620431967115,530.7317488637017,395.515873793652
95,20,530.6122228496123,2.0256451893031793,0.9476148612971165,400.6937216287518,0.3586401408614389,530.6122228496123,400.6937216287518
95,15,529.351021284779,1.2709339605396888,0.9476546847601304,402.7442872397309,0.17330619957095472,529.351021284779,402.7442872397309
95,10,531.317093312498,0.8484898653416537,0.9467779971637383,407.86431546577666,0.5360065815893049,531.317093312498,407.86431546577666
95,5,532.6342382405826,3.7389474192691527,0.945792923910008,415.1635427603562,0.40343341343758676,532.6342382405826,415.1635427603562
95,0,530.5283417032123,0.29916606755873404,0.9455134717306861,415.7577636955817,0.795542179496076,530.5283417032123,415.7577636955817
96,5000,16.21207924063673,0.06633568127355784,0.9561886902030329,118.56508829936672,0.09115824081781417,16.21207924063673,118.56508829936672
96,2000,44.32673225184458,0.044839716282439324,0.9578446226249261,120.5514408901633,0.028058491133680606,44.32673225184458,120.5514408901633
96,1500,58.231389350912195,0.03933958613586909,0.9602352972655499,121.78639962157536,0.024534547442287415,58.231389350912195,121.78639962157536
96,1000,86.06928129063199,0.12366326393035341,0.9618694899244868,124.6723804072043,0.36841605051769255,86.06928129063199,124.6723804072043
96,900,95.02102648290757,0.23707733813264786,0.9622403960135464,125.47024283597437,0.007736222959872313,95.02102648290757,125.47024283597437
96,800,106.5179118314378,0.191012197465096,0.9625889946642646,126.7592515215796,0.05748096361064364,106.5179118314378,126.7592515215796
96,700,120.30461866748148,0.38383490287586286,0.9629814581304913,128.03165380749,0.21031381705228583,120.30461866748148,128.03165380749
96,600,139.57809649996594,0.26415611824415886,0.9633300476039484,130.21179878413307,0.09942884438302166,139.57809649996594,130.21179878413307
96,550,151.3945748904799,0.15371240598387156,0.9635474184826797,131.6716347482774,0.053486774751772874,151.3945748904799,131.6716347482774
96,450,184.208391284525,0.30031649363095037,0.9642550618492955,135.97169258023902,0.09712219188647035,184.208391284525,135.97169258023902
96,260,338.88014359873586,0.5002390689276667,0.9562707791101573,175.18765617072577,0.3734118074940123,338.88014359873586,175.18765617072577
96,220,388.05166209024077,0.7158410253878581,0.9559503925292877,186.6624021431346,0.03891881946863362,388.05166209024077,186.6624021431346
96,200,414.61935878212654,0.7828319631701973,0.9552574570554536,192.9607156947959,0.1619467566210148,414.61935878212654,192.9607156947959
96,100,479.0796278068801,0.7651333923912988,0.9640778118875977,221.56850825663005,1.1382711600910185,479.0796278068801,221.56850825663005
96,90,482.3523555492693,2.1462524667205636,0.9631739226271859,224.88870831323302,0.24704307364970024,482.3523555492693,224.88870831323302
96,80,513.0197039510223,0.7120244155445105,0.9630356320775136,281.22672418370036,0.2641949930274368,513.0197039510223,281.22672418370036
96,70,512.465564557033,0.4915916900460549,0.9631213630473252,284.1083709897243,0.2444734336619539,512.465564557033,284.1083709897243
96,65,515.0589414927147,0.5268766217679303,0.9631520522307292,287.9015671664179,1.696934356185848,515.0589414927147,287.9015671664179
96,60,516.2539225554816,0.46652984889127297,0.963264921851324,295.8662547744803,2.299561099478356,516.2539225554816,295.8662547744803
96,55,514.6996366890249,1.3864108679879414,0.9633054801899084,296.02807653116037,1.3452213355208507,514.6996366890249,296.02807653116037
96,50,515.7647159440336,1.0814424546684667,0.9633622604474642,295.83437313779945,1.6732227778092126,515.7647159440336,295.83437313779945
96,45,518.6696022953882,1.3863446027358977,0.9635819373786451,305.018013112528,1.7192543538144245,518.6696022953882,305.018013112528
96,40,522.7567387539269,3.0662982283628053,0.9637204754027905,318.54401276729254,0.35576536497325295,522.7567387539269,318.54401276729254
96,35,522.3193500432889,1.1455500866578823,0.9638504011262129,329.4497610578394,0.33112491457241816,522.3193500432889,329.4497610578394
96,30,524.2722751155501,0.46359975886396115,0.9639418016144697,333.67825596613744,0.6577320855448476,524.2722751155501,333.67825596613744
96,25,524.5263911872887,0.2708823198516687,0.96397190623303,341.01566480504226,0.8310168669100222,524.5263911872887,341.01566480504226
96,20,523.7147504097446,0.18385624089753894,0.9638526596546925,338.84264681420274,0.08874636743993107,523.7147504097446,338.84264681420274
96,15,523.9869809064929,0.19361331767029036,0.9638396347340299,347.8991274337762,0.18135635194288116,523.9869809064929,347.8991274337762
96,10,529.9676893996294,4.139427911158181,0.9637005457223946,368.5738253648835,0.7857704880756915,529.9676893996294,368.5738253648835
96,5,528.2318922461303,0.049287311465000705,0.9634597612638979,398.7488301982223,0.3455861955736834,528.2318922461303,398.7488301982223
96,0,527.6817720460646,0.47821876695208476,0.9631026561880124,399.9845701936102,0.5700222553728815,527.6817720460646,399.9845701936102
97,380,221.28653269780497,0.18066429554480648,0.9655436487212238,142.53953698689455,0.43151763817984,221.28653269780497,142.53953698689455
97,340,253.8264691294372,0.44514637443650273,0.9669161634029827,149.58702206509764,0.9678971987644113,253.8264691294372,149.58702206509764
97,300,299.51605352200664,0.33462814853985423,0.9688378772827332,163.0738953125441,0.17763615103028252,299.51605352200664,163.0738953125441
97,260,349.27982088497987,0.7141078246448475,0.9698420494389816,177.29568216655434,0.03996455562944849,349.27982088497987,177.29568216655434
97,220,396.83145351827596,0.42257157578417565,0.9693901564926936,188.14487443026738,0.11107310090757494,396.83145351827596,188.14487443026738
97,200,421.93175104862286,0.5942078231763187,0.9688640676095371,194.6683930717793,0.16972173370973498,421.93175104862286,194.6683930717793
97,180,448.84094346891123,0.47064875183138216,0.9681255538769729,206.1735975957143,0.2107868845133773,448.84094346891123,206.1735975957143
97,160,444.01123238605675,0.7746531384793156,0.9677046128293396,204.77492844803544,0.22677699876967908,444.01123238605675,204.77492844803544
97,140,439.36210926016497,0.7166636441613765,0.9667854073364093,203.36311385915835,0.09267618386428182,439.36210926016497,203.36311385915835
97,120,467.41573829752207,0.8294809578508402,0.9658754460228137,217.61131991525485,0.5690247803768824,467.41573829752207,217.61131991525485
98,5000,16.267362349496214,0.06308882230132114,0.9753458105354134,118.49405593714282,0.07177189928978717,16.267362349496214,118.49405593714282
98,1500,52.06247999158344,0.07835064633547414,0.975450507049711,121.33037499092906,0.011844024497612385,52.06247999158344,121.33037499092906
98,1000,76.6295293274545,0.07167650297310495,0.9777871937843509,123.60273915083012,0.09698389237275455,76.6295293274545,123.60273915083012
98,900,84.78701345569506,0.39472675690055786,0.9782447840175369,123.44161504158266,1.1839932667064048,84.78701345569506,123.44161504158266
98,800,94.90103855834708,0.03550699016046173,0.9786684651853962,125.56019097178994,0.056495250626553105,94.90103855834708,125.56019097178994
98,700,107.58905742978935,0.058364523787017716,0.9790131501885314,126.72573094761371,0.04953595806080739,107.58905742978935,126.72573094761371
98,600,124.24305734374741,0.15319181160061546,0.9794616541608451,128.44149076029288,0.02545168373002442,124.24305734374741,128.44149076029288
98,550,134.6612582728375,0.1888045293718993,0.979613418886252,129.66479048310643,0.007542714314604282,134.6612582728375,129.66479048310643
98,450,162.27191373535754,0.25358943770563747,0.9800712074566721,132.44022633469376,0.4311755306738905,162.27191373535754,132.44022633469376
98,380,190.14901978853092,0.2608664931637463,0.9804832546631234,136.45812604571674,0.12350323103883448,190.14901978853092,136.45812604571674
98,340,212.64306629006057,1.0310807209681225,0.980887118815967,140.03394712167236,0.15467933995367303,212.64306629006057,140.03394712167236
98,300,247.89280411614914,0.11961707733280562,0.9818049898130473,147.8413372146,0.08874307417053387,247.89280411614914,147.8413372146
98,260,298.842917333749,0.5301447654944712,0.9830756339832297,161.1605607697525,0.2747969684937349,298.842917333749,161.1605607697525
98,220,355.40911337545117,1.1610311463134861,0.9836604229953814,175.77594755876132,0.8005584034389653,355.40911337545117,175.77594755876132
98,200,382.2570779470705,0.5053672033777216,0.9835176455347439,182.48675002478217,0.010383120038013536,382.2570779470705,182.48675002478217
98,180,409.93409481835437,1.0578462361861731,0.9832536738043061,189.08593237604825,0.26190920645727245,409.93409481835437,189.08593237604825
98,160,441.6857119405169,1.0810209953498457,0.9829008714970083,198.56150304601874,0.16556689545511022,441.6857119405169,198.56150304601874
98,140,446.91126967908184,0.99874833044289,0.9829625938891926,200.8467989631146,0.19221126449231513,446.91126967908184,200.8467989631146
98,120,473.4988772092638,0.5831018458080317,0.9824607961385027,214.3965964728284,0.2911785752892904,473.4988772092638,214.3965964728284
98,100,484.85749773883816,0.8035955275774671,0.9814730302837044,220.9902959515363,0.29820163540389527,484.85749773883816,220.9902959515363
98,90,488.04220126336554,0.577905244933503,0.9809315943403986,222.26145598077164,0.7087402287631949,488.04220126336554,222.26145598077164
98,80,491.5351530954219,0.39769733244266753,0.9806615273891829,224.6106769492029,0.08933137392993716,491.5351530954219,224.6106769492029
98,70,493.39888557009937,0.7405857134590346,0.9805274872326777,228.53282120540325,0.06348343462007086,493.39888557009937,228.53282120540325
98,65,513.8380641553697,0.7209871040359497,0.9804201953026143,276.24957784876227,0.41936654856542127,513.8380641553697,276.24957784876227
98,60,515.7321190281187,0.5406159190244008,0.98046260396656,284.98089575635777,0.128218089825227,515.7321190281187,284.98089575635777
98,55,516.8514060972195,2.1573678434665684,0.980439589332834,283.7693788834244,0.06547155623309985,516.8514060972195,283.7693788834244
98,50,516.1706182031272,2.498255793028541,0.9804835434892473,286.1833067179412,1.391918125515276,516.1706182031272,286.1833067179412
98,45,517.5103010236579,0.7077470694619783,0.9804620841704527,288.523966175996,2.09023489265958,517.5103010236579,288.523966175996
98,40,518.4336825287537,0.45503151166986916,0.9804564054406922,289.77510990243894,1.6618811244233893,518.4336825287537,289.77510990243894
98,35,521.8361085419747,0.3911666237026146,0.9805031635676835,310.3653605550219,2.251180315395158,521.8361085419747,310.3653605550219
98,30,522.2333979084688,0.8275700433815149,0.9805587405560128,316.8363121031587,0.43548865394699793,522.2333979084688,316.8363121031587
98,25,522.5215605728972,1.966210152729285,0.9805726376574303,326.5799209349741,0.4583008850306483,522.5215605728972,326.5799209349741
98,20,524.3084854862375,0.6945798972930224,0.9806550691572476,328.76018928869973,0.4640399672186449,524.3084854862375,328.76018928869973
98,15,526.4918509090086,1.2022297969941647,0.9805480785026432,347.215708434114,0.06206924120419924,526.4918509090086,347.215708434114
98,10,528.3047227383872,0.6450413501097808,0.980803766589597,359.99795301644207,0.3945152175461771,528.3047227383872,359.99795301644207
98,5,531.057845158728,0.2671805463580289,0.9806423340090896,388.1471907129367,0.8673594055915348,531.057845158728,388.1471907129367
98,0,530.693959358517,0.3744781345544381,0.980590898241798,390.8903500879267,0.05186167424038424,530.693959358517,390.8903500879267
100,1000,79.11336004779031,0.07498248050126997,0.9961150991442048,122.97024562870835,0.15694947502581438,79.11336004779031,122.97024562870835
100,900,87.47451703793445,0.06305865828774694,0.9966964207099228,123.36310973652843,0.4813565013320613,87.47451703793445,123.36310973652843
100,800,97.85871479266893,0.17931399700649253,0.9971862190972126,126.13351117135657,4.704355760735784,97.85871479266893,126.13351117135657
100,700,111.10319520714769,0.3269884478302904,0.9978057458815469,126.11109687480132,0.020666187111612076,111.10319520714769,126.11109687480132
100,600,128.27284277265073,0.06795992255782043,0.9982864255234031,128.21855585303592,0.037491646987446454,128.27284277265073,128.21855585303592
100,550,139.0876091034842,0.19023598336755465,0.9985425851980968,129.67169808084324,0.02759633093875264,139.0876091034842,129.67169808084324
100,450,167.8713212900181,0.44085953733415056,0.9989901052446505,132.9944856027667,0.9276339079795883,167.8713212900181,132.9944856027667
100,380,196.04356211953697,0.45307138118535617,0.9992871850111791,138.8744353896934,0.03924634131397551,196.04356211953697,138.8744353896934
100,340,217.42776693899359,0.7925224977605124,0.9994358649091714,143.58517549797298,0.07094279288627595,217.42776693899359,143.58517549797298
100,300,243.88026043660338,0.474216487447426,0.9995938938029458,149.29462877434773,0.27480869414269926,243.88026043660338,149.29462877434773
100,260,272.8233606034155,0.5931690613832263,0.9997458315216831,157.83740273219095,0.8671637358975659,272.8233606034155,157.83740273219095
100,220,303.58677947924826,0.5720723050311546,0.9998502946042134,169.75380357379439,0.5957512061271097,303.58677947924826,169.75380357379439
100,200,321.92304659722464,0.43265421795705106,0.9998846622469205,177.07520763771126,0.21017636387916186,321.92304659722464,177.07520763771126
100,180,346.3391217738412,0.5830681424920898,0.999909462086345,186.4796301337299,0.30831227659019,346.3391217738412,186.4796301337299
100,160,377.1000147138382,0.3884273713323968,0.9999223576455187,198.3060432359748,0.10097909153609187,377.1000147138382,198.3060432359748
100,140,416.46065581916804,0.7461430985829232,0.999932796757089,209.36564589812266,0.21861605784336652,416.46065581916804,209.36564589812266
100,120,443.1132827048905,2.0989383573966087,0.999945506070865,208.37045037184075,0.30887869229034304,443.1132827048905,208.37045037184075
100,100,476.196545064355,1.5966897250307925,0.9999401665671458,210.95187220669106,0.47729296462554827,476.196545064355,210.95187220669106
100,90,493.03246270871074,0.5571649587608721,0.9999554793065396,211.36685666887607,1.168563125602622,493.03246270871074,211.36685666887607
100,80,506.4419609247529,0.5925316724966533,0.9999531820826656,215.64769940651453,0.8112441322501635,506.4419609247529,215.64769940651453
100,70,515.7006869428891,0.6378185461120877,0.9999560499940431,220.4736775677229,0.2004678323847424,515.7006869428891,220.4736775677229
100,65,552.6134682302285,1.0364352856142274,0.999956744115431,308.7408818055574,1.4206180447592935,552.6134682302285,308.7408818055574
100,60,552.9199077115554,0.17992973227819128,0.9999549331399885,315.72646224882106,1.7177323136761014,552.9199077115554,315.72646224882106
100,55,547.5143419056001,8.703264300837933,0.999955552604467,317.63764305843506,0.3453016642715028,547.5143419056001,317.63764305843506
100,50,552.5938119857676,0.31101128126732586,0.999959418116657,318.8472976546327,0.033234225714019905,552.5938119857676,318.8472976546327
100,45,551.0773760317626,0.23290940743276506,0.9999586069042588,319.70500402478245,0.14006149400493045,551.0773760317626,319.70500402478245
100,40,553.6565033786393,6.545404571299447,0.9999516672572565,320.513185060485,0.3693782497750147,553.6565033786393,320.513185060485
100,35,554.9572296314278,0.572035028296385,0.9999468653289837,338.95296727805834,0.22994437281531804,554.9572296314278,338.95296727805834
100,30,552.2333448254245,4.054261373514299,0.999957896982194,348.8515218174616,0.13702941255571063,552.2333448254245,348.8515218174616
100,25,552.8645257883213,0.9070387381007975,0.9999607526509099,361.41248331657715,0.045518469932086816,552.8645257883213,361.41248331657715
100,20,552.3894050277783,0.2886399702836416,0.9999385827559694,365.57628027431724,0.22786603170142433,552.3894050277783,365.57628027431724
100,15,547.7705319060619,4.776248252024218,0.9999554009301622,372.3728394597922,0.6738943756740068,547.7705319060619,372.3728394597922
100,10,555.683771510093,0.6078606132719552,0.9999537830599912,383.641228744503,0.2562109303599944,555.683771510093,383.641228744503
100,5,552.8216667652667,0.21737370372398176,0.9999558437443814,385.5251716460156,0.0823170141536273,552.8216667652667,385.5251716460156
100,0,553.4880805491308,0.31501892713353385,0.9999564782055,386.534793258402,0.1098870053520518,553.4880805491308,386.534793258402
