read_pct_rounded,pause,bandwidth_mean,bandwidth_std,rd_percentage_actual_mean,latency_mean,latency_std,bandwidth_smooth,latency_smooth
50,3000,17.739889706666666,0.004439499215001161,0.5048381381934071,359.3826968424458,0.2549453898119528,17.739889706666666,359.3826968424458
50,2000,26.198585599999998,0.0034224722456685005,0.5034406399955131,361.43623463037983,0.22165287591938723,26.198585599999998,361.43623463037983
50,1500,34.61190698666666,0.022366399704698257,0.5033866419349704,363.662651886639,0.19065375647306276,34.61190698666666,363.662651886639
50,1000,50.73839658666666,0.07869062183195195,0.502657568052841,366.6624581897484,0.2640706784325148,50.73839658666666,366.6624581897484
50,900,56.179877831111106,0.032155556643460204,0.5029809373717402,367.62423446292286,0.42946483640746286,56.179877831111106,367.62423446292286
50,800,62.76867356444444,0.13022262419872516,0.5031584766919742,368.92043812760056,0.17351504818050673,62.76867356444444,368.92043812760056
50,700,71.05676387555555,0.017048326435377254,0.5025706192687714,370.4392418158977,0.09859305360082417,71.05676387555555,370.4392418158977
50,600,81.82397838222222,0.08266000841915735,0.5025187375975791,372.7406089560138,0.5630174135609995,81.82397838222222,372.7406089560138
50,550,88.58362851555556,0.13971042614707463,0.5027469536950223,373.34297855658633,0.370709282550941,88.58362851555556,373.34297855658633
50,450,106.11766556444445,0.23157494124607966,0.5023208616392413,375.82177544153615,0.6088617963918056,106.11766556444445,375.82177544153615
50,380,122.990048,0.053427296660936145,0.5020553010242427,378.80416889167486,0.8067910838838461,122.990048,378.80416889167486
50,340,135.37590826666667,0.15883990699185072,0.5018270786834428,381.8244856036262,0.20556953917751727,135.37590826666667,381.8244856036262
50,300,149.30959943111108,0.17352944653239466,0.5014391743234956,385.0657638916723,0.6305578968962542,149.30959943111108,385.0657638916723
50,260,168.52998200888888,0.1670206233239962,0.5014373921727372,389.59496273194753,0.43699677602689324,168.52998200888888,389.59496273194753
50,220,191.07117923555552,0.037316855097922166,0.5010956176521378,402.0769739687493,0.26851143332139515,191.07117923555552,402.0769739687493
50,200,205.78294840888887,0.06633521727828967,0.5009819658446762,417.85777870636736,0.787059764137127,205.78294840888887,417.85777870636736
50,180,225.08731932444445,2.62429076329668,0.5008743963845766,472.58890279615395,1.4231881703280442,225.08731932444445,472.58890279615395
50,160,217.42440348444447,3.881979465050873,0.5009957885700671,494.9520418512586,14.516287336817989,217.42440348444447,494.9520418512586
50,140,226.64738972444445,2.0048368381878725,0.5008416339717537,446.7758937735604,92.32331370514424,226.64738972444445,446.7758937735604
50,120,229.47661283555556,2.3685302288721988,0.5008125908393787,342.1247544586397,29.411355730029534,229.47661283555556,342.1247544586397
50,100,227.85725056,1.6892974017436142,0.5005632945542576,350.3897498823239,53.27796999401138,227.85725056,350.3897498823239
50,90,220.11158272,20.269898340887696,0.5004137071196847,393.1772631178007,9.787601082902889,220.11158272,393.1772631178007
50,80,230.21728881777778,4.573263316630075,0.5005856523302395,386.65144625565966,10.560940571985808,230.21728881777778,386.65144625565966
50,70,226.55790008888889,1.1559795958669692,0.4983355830173073,394.82918272388196,5.540841874529035,226.55790008888889,394.82918272388196
50,65,168.97108124444443,4.525015036857915,0.4996670387434455,463.1174488334109,109.98326170896091,168.97108124444443,463.1174488334109
50,60,204.41220949333334,6.9147334793320265,0.49884271801662966,593.0043439810479,3.267295196900456,204.41220949333334,593.0043439810479
50,55,177.5703660088889,9.067786709650228,0.49690571621772617,525.0921540318434,105.86593785759084,177.5703660088889,525.0921540318434
50,30,231.66076800000002,,0.49507964220050127,518.2052113518716,98.1994226258661,231.66076800000002,518.2052113518716
50,20,222.6241698133333,,0.49514531346301616,516.8187119383429,103.17895383909978,222.6241698133333,516.8187119383429
50,10,228.60837432888889,0.27568828621437674,0.5044465480436432,499.029519085407,109.0946889478194,228.60837432888889,499.029519085407
50,5,217.08643498666666,2.681241690582469,0.501480517046153,533.1150631011377,3.568450703442519,217.08643498666666,533.1150631011377
50,0,225.9685023288889,2.697074443492362,0.499872873142254,515.7890317648347,0.05087758765014982,225.9685023288889,515.7890317648347
51,5000,10.861032960000001,0.11059318869813811,0.509098657667521,356.18034813502896,0.38732277364803436,10.861032960000001,356.18034813502896
51,3000,17.84568032,0.09343436178796713,0.5115521888326715,360.8402103357692,0.4142513273661963,17.84568032,360.8402103357692
51,2000,26.27266837333333,0.057888941276512326,0.5124538720983784,363.3462865320891,0.17977690849164724,26.27266837333333,363.3462865320891
51,1500,34.56233742222222,0.009026662051062605,0.5138726153466521,365.62144816391486,0.37989348589191985,34.56233742222222,365.62144816391486
51,1000,50.57198563555554,0.06821320180556499,0.5138863935625645,368.5504767847238,0.5668782961674502,50.57198563555554,368.5504767847238
51,900,56.160221155555554,0.1454699455672422,0.5143275916232625,369.4038787785468,0.48323767542975077,56.160221155555554,369.4038787785468
51,800,62.60958506666666,0.08822664229559657,0.5141735145889526,370.34226278995806,0.46123054282605486,62.60958506666666,370.34226278995806
51,700,70.6991520711111,0.057879396243797024,0.5138301543664537,372.611742330434,0.3160586676219102,70.6991520711111,372.611742330434
51,600,81.07729834666667,0.04715661560138114,0.5134599720800231,374.210596862558,0.5055847010583335,81.07729834666667,374.210596862558
51,550,87.66906609777777,0.08863663560563714,0.5138220016801539,375.3852877177319,0.7871332576825321,87.66906609777777,375.3852877177319
51,450,104.96352426666665,0.037047529288285606,0.513271479020025,377.62045647615577,0.5538973402992057,104.96352426666665,377.62045647615577
51,380,121.6354567111111,0.1931717857665359,0.5135200243881868,380.0177622209622,0.6171720599130157,121.6354567111111,380.0177622209622
51,340,133.48688426666666,0.0978031417103935,0.513115167059703,381.31329636553846,2.4007096598441646,133.48688426666666,381.31329636553846
51,300,146.46672469333336,0.19319464014652446,0.5129613448178482,385.90328414233653,0.1483175004258207,146.46672469333336,385.90328414233653
51,260,164.71254357333333,0.10212385526823863,0.5126585916756877,390.83585289512285,0.19660623241647718,164.71254357333333,390.83585289512285
51,220,186.73935260444443,0.055262318606908355,0.5123015131100516,398.53575258274924,0.5975295866731964,186.73935260444443,398.53575258274924
51,200,201.07259235555554,0.2831751533615986,0.5122271079979046,408.91848586596035,0.711149087497046,201.07259235555554,408.91848586596035
51,180,213.7103903288889,0.416587893312519,0.5118906390130543,430.6947837890287,1.5597938025723803,213.7103903288889,430.6947837890287
51,160,221.59809208888888,1.409315231440275,0.5114984302924168,457.3399808936511,1.2999735639688292,221.59809208888888,457.3399808936511
51,140,223.84542890666663,2.475790106109848,0.5111332066254688,538.7152984313756,17.39115322091861,223.84542890666663,538.7152984313756
51,120,225.84755939555558,0.8789855685382981,0.5107785469934191,407.661279091853,115.61259917080906,225.84755939555558,407.661279091853
51,100,226.29004288,0.2766817789248638,0.5108552967269063,406.07551874923865,144.80236221016617,226.29004288,406.07551874923865
51,90,223.7934208,3.820168696285097,0.5106441424589693,327.01652647291706,8.895960417355438,223.7934208,327.01652647291706
51,80,224.28494463999996,2.250694229082201,0.5106431009175972,373.3516127263901,21.46266000331627,224.28494463999996,373.3516127263901
51,70,227.96866104888886,2.8959110907128007,0.5101467567860812,391.61579835831026,11.498805535915421,227.96866104888886,391.61579835831026
51,65,224.7483700622222,1.6851722217929301,0.5104214055997861,351.2879986174125,38.20501256310489,224.7483700622222,351.2879986174125
51,60,225.80748785777777,0.20362996224657032,0.510301149456139,341.0143714157451,57.35911645144796,225.80748785777777,341.0143714157451
51,55,226.05704931555556,0.2859698125816302,0.5101332211761869,419.65408998315723,141.8673500487555,226.05704931555556,419.65408998315723
51,50,226.33431011555555,0.5580891608359684,0.5100478256085513,319.9672748847559,52.51655464150145,226.33431011555555,319.9672748847559
51,45,226.4629889422222,0.6052653240483868,0.5095979852630175,367.1643620326633,167.14306210775246,226.4629889422222,367.1643620326633
51,40,227.69801998222223,0.5925360762639014,0.5085958381788943,370.1910105898205,173.78040392784635,227.69801998222223,370.1910105898205
51,35,228.42921927111107,0.6097458985912029,0.5065254788933008,382.86555530206897,15.791437691346411,228.42921927111107,382.86555530206897
51,30,229.32671616000002,0.747014502978508,0.5060951781681177,422.9676473021532,121.43601122449773,229.32671616000002,422.9676473021532
51,25,228.87603541333337,0.192598954805884,0.5058743154921178,380.30925251161943,9.716574921670455,228.87603541333337,380.30925251161943
51,20,229.05940309333332,0.16563428401324212,0.5057559349403071,430.5151657224325,119.4901665897732,229.05940309333332,430.5151657224325
51,15,229.03347441777774,0.5649738446363698,0.5055163223263944,505.6602058656586,105.47687313159635,229.03347441777774,505.6602058656586
51,0,222.11724899555554,0.8730586921441466,0.5115810777556508,507.56282254452793,2.2091973019768187,222.11724899555554,507.56282254452793
53,40000,1.5148912355555553,0.050615636510022516,0.532856107627535,306.2074261974496,2.678078339930188,1.5148912355555553,306.2074261974496
53,5000,11.339345237333333,0.4527634861389443,0.532010458129652,354.57442630704674,1.2290185630975674,11.339345237333333,354.57442630704674
53,3000,18.300621397333334,0.7852225718825567,0.5310651800389925,359.14488519156725,0.8143891863380324,18.300621397333334,359.14488519156725
53,2000,27.245449813333334,1.2145389498302308,0.530234732621365,360.4807082390505,1.6789640266467885,27.245449813333334,360.4807082390505
53,1500,35.92886584888889,1.6064482488841318,0.5304975422201489,362.3017903221408,2.157546138848303,35.92886584888889,362.3017903221408
53,1000,52.96224860444445,2.570481833358214,0.5326262157027513,365.28650030194495,1.655246255266645,52.96224860444445,365.28650030194495
53,900,61.19492096,0.02756194273393717,0.5312433244005835,364.1586390231567,0.48290705331273265,61.19492096,364.1586390231567
53,800,68.30125240888889,0.05547331297096072,0.5311810551540266,365.53070891560577,0.6030584222088153,68.30125240888889,365.53070891560577
53,700,77.28773390222221,0.06342333327470183,0.5313467496099321,367.3391622894439,0.1701581715847435,77.28773390222221,367.3391622894439
53,600,88.84387114666667,0.10238392586994119,0.531043276710458,368.42750796814175,0.8740433272206221,88.84387114666667,368.42750796814175
53,550,96.09845418666667,0.08964620597346924,0.5312312917194942,369.67279216039293,0.40846336095149094,96.09845418666667,369.67279216039293
53,450,114.77721472,0.11052943672417674,0.53097283412849,372.78427663177484,0.30585766819527543,114.77721472,372.78427663177484
53,380,132.77484316444443,0.134444327282305,0.5304397798813519,375.44116401323794,0.24272564841195865,132.77484316444443,375.44116401323794
53,340,145.61319039999998,0.06346006555768842,0.5306481259437862,378.07291097234537,0.7846232517559727,145.61319039999998,378.07291097234537
53,300,160.75323079111112,0.1544004195501576,0.5305487987726215,381.71085633541287,0.14100746550890095,160.75323079111112,381.71085633541287
53,260,180.60281244444445,0.06180055536011623,0.5304206988006736,388.0652369875576,0.29223806087879867,180.60281244444445,388.0652369875576
53,220,203.6514048,0.5787559681630026,0.5302412089201989,408.7334986361555,0.17483244390119648,203.6514048,408.7334986361555
53,200,211.83884828444445,5.482596653692366,0.5298292345095957,447.2610896771877,2.946205858453617,211.83884828444445,447.2610896771877
53,180,211.08666481777777,8.084901695420061,0.5315843174106177,442.99075001507595,32.15090528830236,211.08666481777777,442.99075001507595
53,160,213.14104611555555,5.960509796037017,0.5310119516538317,455.90951155239435,19.728112294205182,213.14104611555555,455.90951155239435
53,140,218.67569436444444,2.363357319749194,0.5296742007402488,422.6272653694935,102.90769146693101,218.67569436444444,422.6272653694935
53,120,207.56449855999998,16.578470845846567,0.5323760679001345,548.7697945560689,81.40553231879368,207.56449855999998,548.7697945560689
53,100,220.803032832,4.7578927550202765,0.5318637641683457,594.0764010911056,2.4390432027389175,220.803032832,594.0764010911056
53,90,213.16006897777774,14.005140786739796,0.5292741990155371,457.45030392993505,128.24191461667496,213.16006897777774,457.45030392993505
53,80,221.52890879999998,4.811306845830733,0.5307650769087788,571.3385680295808,85.49712219769015,221.52890879999998,571.3385680295808
53,70,221.13453767111113,7.402889313028114,0.528674115604764,602.2827286004422,8.866464756235478,221.13453767111113,602.2827286004422
53,65,221.81674871466666,8.15967200455167,0.5311704956188845,606.4055491663131,3.970604902197437,221.81674871466666,606.4055491663131
53,60,220.7855872,5.038112032144972,0.5312064444290862,601.5450962450568,2.6738509022434296,220.7855872,601.5450962450568
53,55,224.64645952,1.971035289602422,0.5306441884273134,600.0436994423844,5.038976888814928,224.64645952,600.0436994423844
53,50,221.86931548444443,4.09355914745849,0.5303875685330455,597.13182182506,3.2339757943123173,221.86931548444443,597.13182182506
53,45,208.52939747555556,18.9168184390788,0.5300103880539199,596.6736119270639,3.0201094659227476,208.52939747555556,596.6736119270639
53,40,218.83635089066667,8.094829981174584,0.5308056135600702,593.5326759097546,3.4889021547546593,218.83635089066667,593.5326759097546
53,35,219.34049544533332,5.847450074661682,0.5304267285880789,591.8114325806711,4.223187318975466,219.34049544533332,591.8114325806711
53,30,220.60067392,3.7510472057642104,0.5315126866260984,593.8724811732712,2.7858456485425362,220.60067392,593.8724811732712
53,25,214.97694839466666,13.1456083250519,0.5300376375769504,595.2009306738136,2.5577905688401126,214.97694839466666,595.2009306738136
53,20,222.78967978666665,2.7617395146975716,0.5292365085321759,593.3644893680367,3.3396781520728855,222.78967978666665,593.3644893680367
53,15,210.2599751822222,18.296880218955664,0.5291104068631896,594.8933163729556,3.907680622589363,210.2599751822222,594.8933163729556
53,10,221.81427854222224,1.3103661458434694,0.5323467421750366,591.2536249235421,0.9182881194792563,221.81427854222224,591.2536249235421
53,5,222.55253148444444,0.6540615330777741,0.5303464264285966,568.223468369004,4.1828422473672715,222.55253148444444,568.223468369004
53,0,213.34676295111112,14.151779956173142,0.5280163241275572,547.693893382037,3.4834451810193996,213.34676295111112,547.693893382037
54,40000,1.578519954285714,0.021794649544644135,0.5398377262044809,305.84196357003236,0.7662128098648211,1.578519954285714,305.84196357003236
54,900,56.19915008,0.034350251489274244,0.5364738373468497,367.32869367547573,1.3671777762613557,56.19915008,367.32869367547573
54,800,62.85981425777777,0.017335928413687154,0.5376478578871589,368.764329072309,1.986992891565797,62.85981425777777,368.764329072309
54,700,71.13330958222222,0.09054378083635717,0.5383890244734365,369.9994267867101,0.31601143653495634,71.13330958222222,369.9994267867101
54,600,81.61952156444444,0.04112815982918555,0.5381617055369955,381.8077625361504,8.620348308445474,81.61952156444444,381.8077625361504
54,550,88.33379456,0.16059879453476233,0.5380389080605786,376.18839093973037,6.672328385542935,88.33379456,376.18839093973037
54,450,105.78782648888888,0.09546331301762677,0.537961761783472,374.8009558963469,0.38326379453593173,105.78782648888888,374.8009558963469
54,380,122.01500913777777,0.11336033515181612,0.5377526633615123,377.7558783465175,0.25452388656152614,122.01500913777777,377.7558783465175
54,340,134.02387086222222,0.09167239369696221,0.5378728686077924,379.9301682258756,0.5635310665331573,134.02387086222222,379.9301682258756
54,300,147.67370183111112,0.1872643706835884,0.5377955080045146,383.2342072388429,0.43138754094982473,147.67370183111112,383.2342072388429
54,260,166.0672539022222,0.025821850050939395,0.5374527588652648,388.21259238185013,0.21534885496408482,166.0672539022222,388.21259238185013
54,220,187.54799843555554,0.09183369067302119,0.5368789143552117,397.6021983407332,0.12233189484085212,187.54799843555554,397.6021983407332
54,200,200.01261951999996,0.03808687373973794,0.5366150297265946,410.1370733836089,0.7150284174456512,200.01261951999996,410.1370733836089
54,140,217.87816789333328,0.3876760580701876,0.5352989864897117,549.2576628003358,15.994449134666917,217.87816789333328,549.2576628003358
54,100,220.27679231999997,,0.5350497282321541,601.8613814506213,2.115764834894636,220.27679231999997,601.8613814506213
54,90,217.39418382222223,3.8550337447646617,0.5384224100972064,609.8131748950785,12.380452235241604,217.39418382222223,609.8131748950785
54,70,207.48260130133332,9.329764195679129,0.5389480914236346,615.6191070564147,8.194921945283832,207.48260130133332,615.6191070564147
54,65,212.1232162133333,9.572081701055899,0.5414460354549481,495.3851581729796,107.11195599519323,212.1232162133333,495.3851581729796
54,55,156.8336620088889,5.031116453499685,0.5441202026499313,557.0400718063676,105.20699793732945,156.8336620088889,557.0400718063676
54,45,204.68442666666664,19.27590493540674,0.5443826293727972,610.9683916754406,0.941266030132629,204.68442666666664,610.9683916754406
54,35,216.2437034666667,2.2700371674635917,0.5439920700289863,546.5335101254756,109.88844517827489,216.2437034666667,546.5335101254756
54,30,218.97970929777776,3.14725094355766,0.5435717455044217,607.6088730109738,2.7255389187781773,218.97970929777776,607.6088730109738
54,25,219.25732949333334,2.915940027972479,0.5432401014851935,610.5810547454001,1.8915225925913903,219.25732949333334,610.5810547454001
54,20,207.83179392000002,9.931531863229875,0.5433504602146324,548.2735758654479,107.356868914883,207.83179392000002,548.2735758654479
54,15,202.98842567111112,10.478629470124249,0.5431233499741529,608.8713367114067,1.4804588537837706,202.98842567111112,608.8713367114067
54,10,207.7090699377778,14.254868354404154,0.5421285622740825,536.3059175571768,119.25188607293713,207.7090699377778,536.3059175571768
54,5,213.25949596444443,9.174745713191145,0.539381705381326,561.9825230946384,2.079463349192386,213.25949596444443,561.9825230946384
54,0,216.0169294222222,2.40609170941638,0.5371068156853381,542.150755269225,0.999540041319394,216.0169294222222,542.150755269225
56,100000,0.7191936000000001,0.019084868592767316,0.5594819572489088,280.4671656191693,0.40906657179575373,0.7191936000000001,280.4671656191693
56,40000,1.6028801422222223,0.05277189891713599,0.559177779500894,306.69587804193435,1.3319231507242415,1.6028801422222223,306.69587804193435
56,5000,11.432922311111112,0.10908266546181343,0.5625871373150614,354.6608414863038,0.3113839882449557,11.432922311111112,354.6608414863038
56,3000,18.647136426666666,0.07825839875488645,0.5607347053023507,357.22342250390733,0.14659129793888898,18.647136426666666,357.22342250390733
56,2000,27.43468117333333,0.018433806464567378,0.5593006698366435,358.6829947481645,2.2085419709192267,27.43468117333333,358.6829947481645
56,1500,36.18016227555555,0.03979445213082251,0.559534457911198,361.77236683550046,0.06169943076769169,36.18016227555555,361.77236683550046
56,1000,52.448923022222225,1.0045893836686324,0.5594329055169246,363.7658249738265,1.2628861809251128,52.448923022222225,363.7658249738265
56,900,57.191988906666666,0.03529252813967143,0.5587225534588773,362.9923785968128,0.3838537281187912,57.191988906666666,362.9923785968128
56,800,64.10881820444445,0.020508512615820505,0.5605342169089769,364.22758847280164,1.4787628299727733,64.10881820444445,364.22758847280164
56,700,72.65880547555555,0.08077926695714546,0.5617396054579017,365.46955114902175,0.5039244208727182,72.65880547555555,365.46955114902175
56,600,83.36980693333334,0.08709759560865286,0.5615790791648907,365.8549264921151,0.22992569049950257,83.36980693333334,365.8549264921151
56,550,90.13209699555556,0.11521996290464989,0.5616865436604589,367.26353346416136,0.765493296577793,90.13209699555556,367.26353346416136
56,450,107.66648106666666,0.07698383236167528,0.5612258897686268,369.2414292674771,1.3781565039369879,107.66648106666666,369.2414292674771
56,380,124.20667861333334,0.04080377705553699,0.5606895948389435,372.70566433914047,0.5007906973584101,124.20667861333334,372.70566433914047
56,340,136.4955821511111,0.08845649636768328,0.5606064588565283,373.3325891980235,1.3634076638044696,136.4955821511111,373.3325891980235
56,300,150.34288071111112,0.10139942531268203,0.5605539103518916,376.5562602727999,0.47396077879505544,150.34288071111112,376.5562602727999
56,260,168.80901631999998,0.13046501764853902,0.5599254887068864,382.86939069283864,0.8765533777981626,168.80901631999998,382.86939069283864
56,220,189.80155605333334,1.081526714282975,0.559362710137373,396.50653751342185,0.39292921852120777,189.80155605333334,396.50653751342185
56,200,199.08102852266666,3.731121267584133,0.5609461070478905,421.201056157633,0.3325832855161805,199.08102852266666,421.201056157633
56,180,203.32686520888888,2.8624291063403424,0.5573721230382982,428.2216917125016,1.1352858244555728,203.32686520888888,428.2216917125016
56,160,203.94585984,4.898201709787912,0.5583744940768944,455.4389138879041,11.569746692203088,203.94585984,455.4389138879041
56,140,209.46432675555556,2.1590750911772254,0.5600811181763716,441.64630829244055,115.90231346342252,209.46432675555556,441.64630829244055
56,120,207.46357632,8.822035472215749,0.5599294393816133,391.1940205418621,103.89937987917037,207.46357632,391.1940205418621
56,100,202.33394652444443,16.53553582874199,0.5598053916395231,360.8712308190065,59.801810549374565,202.33394652444443,360.8712308190065
56,90,203.88039786666664,10.269853668343236,0.5597301425962814,364.65598297081925,65.9098471039186,203.88039786666664,364.65598297081925
56,80,208.98607459555555,6.205132176017653,0.5596799323053689,391.91111465940236,131.415230395281,208.98607459555555,391.91111465940236
56,70,207.92822677333334,11.637461237910049,0.559587429325005,447.23300159982205,120.95822924852548,207.92822677333334,447.23300159982205
56,65,211.1158284088889,1.3869230779204929,0.5595651554414667,438.7586616521417,147.9366016924859,211.1158284088889,438.7586616521417
56,60,212.44081201777774,0.487977995300337,0.5596197064450763,364.0812041612901,72.75355770230297,212.44081201777774,364.0812041612901
56,55,208.02303815111108,12.225502601753321,0.5592940124711562,379.20619970794786,55.081587954120806,208.02303815111108,379.20619970794786
56,50,211.07859861333336,2.130503385433699,0.5594375850489738,375.6575819100903,58.96435908691179,211.07859861333336,375.6575819100903
56,45,214.17147712,2.5611770577952826,0.5590647517660039,380.05406556247317,50.59089314983946,214.17147712,380.05406556247317
56,40,211.80940740266664,2.6822808563232097,0.5595673366403467,413.46563998070496,108.9806782959939,211.80940740266664,413.46563998070496
56,35,207.78654626133334,13.269482802139523,0.5594168643197495,402.00719902900875,119.83787832943247,207.78654626133334,402.00719902900875
56,30,202.65329685333333,12.244678110927817,0.5602958500466255,432.88463233455786,152.2317293363374,202.65329685333333,432.88463233455786
56,25,212.20434403555555,2.311320094772352,0.5622060680966037,554.2492010885034,110.63570620578824,212.20434403555555,554.2492010885034
56,20,203.14175886222222,11.529681413857437,0.5621665468584246,557.656718085294,111.6404047137309,203.14175886222222,557.656718085294
56,15,213.89637546666665,0.4714120110299433,0.5619418926077825,559.7595848167861,108.55549766013081,213.89637546666665,559.7595848167861
56,10,208.24020935111108,5.528501866151315,0.5613355199140693,555.7225027772947,108.04787115897312,208.24020935111108,555.7225027772947
56,5,209.29564458666664,4.4441473907984745,0.5581840418453934,587.6774377231583,2.715715384853825,209.29564458666664,587.6774377231583
57,5000,10.718742897777778,0.0015314567673563872,0.569763357109192,350.9197211712819,0.4435209840009418,10.718742897777778,350.9197211712819
57,3000,17.620138382222223,0.02842912179543222,0.567511679680158,353.4544691317986,0.23113372667301973,17.620138382222223,353.4544691317986
57,2000,25.98744590222222,0.012387618819793932,0.566996811699617,355.7933379700362,0.03561588320961526,25.98744590222222,355.7933379700362
57,1500,34.26501973333333,0.03714105312672472,0.5668174402390008,357.4284339767558,0.3326132176553079,34.26501973333333,357.4284339767558
57,1000,50.45725056,0.04384668616238645,0.5683078801510671,360.3273854507472,0.4274789551881817,50.45725056,360.3273854507472
57,900,57.86409059555555,1.812540398036029,0.5689178112795971,362.87059318072096,2.3334684423846466,57.86409059555555,362.87059318072096
57,800,66.42503068444444,0.024525529198454868,0.5679340971483565,366.7688928180312,0.1348198290447321,66.42503068444444,366.7688928180312
57,700,75.13720348444444,0.0740446548163818,0.5681832089654116,368.2773592241853,0.33463806547926966,75.13720348444444,368.2773592241853
57,600,86.30612835555557,0.04149563281503093,0.5684656698727718,370.1876819577583,0.24608647141183185,86.30612835555557,370.1876819577583
57,550,93.1650156088889,0.10743674641129855,0.5682506753549593,371.23732939192126,0.33314439751850955,93.1650156088889,371.23732939192126
57,450,110.95454762666667,0.18690587282062637,0.5680456805179258,375.70600401249743,2.61290898490823,110.95454762666667,375.70600401249743
57,380,128.0086766933333,0.10961572258909649,0.5680003597661981,377.41862376280596,0.18815485210119526,128.0086766933333,377.41862376280596
57,340,140.52199424000003,0.19708118397441526,0.5680440687584342,379.90298276980394,0.6165832609682468,140.52199424000003,379.90298276980394
57,300,154.17961514666663,0.1754697566196257,0.5676625268984327,384.4078534087855,0.2590432840246633,154.17961514666663,384.4078534087855
57,260,172.7138797511111,0.1311165078004902,0.5670626381078278,391.3684788721104,0.236129763309194,172.7138797511111,391.3684788721104
57,220,193.24955363555554,0.09663809030903796,0.5663990321680655,411.0980255112543,0.3394095948305323,193.24955363555554,411.0980255112543
57,200,203.4717576533333,,0.5652264361062425,445.46416361784804,0.2686820908870151,203.4717576533333,445.46416361784804
57,180,200.41006008888886,1.6114047860939158,0.5694886472984966,437.1726789742486,2.3642474399491595,200.41006008888886,437.1726789742486
57,160,203.30613623466667,3.3089588114875803,0.5694976124066427,461.95146537057434,0.6581204886670562,203.30613623466667,461.95146537057434
57,140,206.23421582222218,0.7723956406949599,0.5716294726084069,407.4490966929006,99.36975256770195,206.23421582222218,407.4490966929006
57,120,205.67609514666665,0.45738974954165834,0.5716134763283994,300.8317323292467,3.3195360446827036,205.67609514666665,300.8317323292467
57,100,206.03040696888888,0.11009098331922831,0.571235921248718,311.9716119721154,55.47629547843433,206.03040696888888,311.9716119721154
57,90,205.75951872,4.499515523855727,0.5713745492915278,295.86903030807997,12.86615127282585,205.75951872,295.86903030807997
57,80,196.1339252622222,8.641173541189195,0.5708353645010783,370.85369715510984,38.63761602764467,196.1339252622222,370.85369715510984
57,70,171.7914373688889,22.640153278044668,0.5705404895407229,385.808600001561,26.602324407686098,171.7914373688889,385.808600001561
57,65,210.9703522133333,1.0450582856627575,0.5709245228449512,352.7641123822271,27.624199655017755,210.9703522133333,352.7641123822271
57,60,195.11457834666666,17.102710981144966,0.5707152740745381,381.4047331845448,58.75270283832148,195.11457834666666,381.4047331845448
57,55,206.73967431111112,0.9614046611123839,0.5708029543220118,396.11861492048314,10.907571855334222,206.73967431111112,396.11861492048314
57,50,205.65690979555555,1.6882291372630656,0.5705646849064535,368.5849743437479,23.244715556936995,205.65690979555555,368.5849743437479
57,45,210.58786915555552,2.980189003613202,0.5704748875352523,368.9285606359417,26.49110645339585,210.58786915555552,368.9285606359417
57,40,209.88129223111108,3.9071660144164353,0.5702781075457585,409.79207404418867,21.196156515335733,209.88129223111108,409.79207404418867
57,35,202.15634986666666,9.470873043889226,0.5699815746720842,351.45713661651115,22.908224079993715,202.15634986666666,351.45713661651115
57,30,209.6320647111111,4.26877075118336,0.5699286785621654,394.1116099759873,17.319806982822556,209.6320647111111,394.1116099759873
57,25,209.79969685333333,0.8635277013023444,0.5696825913899528,381.83537715378196,40.11087923060945,209.79969685333333,381.83537715378196
57,20,209.55434752,0.9577988219471528,0.569684569864589,374.3013007560319,37.57113112877162,209.55434752,374.3013007560319
57,15,207.65078115555556,1.113267151769012,0.5698078156264695,376.58925675308734,11.133766617704433,207.65078115555556,376.58925675308734
57,10,210.4256314311111,1.6531174320307227,0.5694605710586726,412.33718141745095,10.946148236173334,210.4256314311111,412.33718141745095
57,5,208.87570951111113,2.7967591927657374,0.5705742260371361,403.6701381307599,107.77731451371287,208.87570951111113,403.6701381307599
57,0,205.04863139555553,6.881028597523209,0.5687143390423128,471.3148450039484,106.01092157390325,205.04863139555553,471.3148450039484
58,200000,0.41601728,0.023893248300801098,0.5814347185311579,267.8678487709588,0.4739694772410136,0.41601728,267.8678487709588
58,40000,1.512248888888889,0.05784607689025024,0.5794998155982848,306.80556811219344,3.441107396912249,1.512248888888889,306.80556811219344
58,5000,11.306738773333334,0.009620604405795945,0.5765435966484612,349.98935510896155,0.2246938743477971,11.306738773333334,349.98935510896155
58,3000,18.772568604444444,0.04017437515632212,0.579808601366043,354.4634633981038,0.7535586451506052,18.772568604444444,354.4634633981038
58,2000,27.234648853333333,0.8438044712278414,0.5789932393885319,356.99340890133584,0.20819163591175746,27.234648853333333,356.99340890133584
58,1500,35.36736540444444,1.1006431733546103,0.5807206631993156,358.1434739905144,0.47539702917031185,35.36736540444444,358.1434739905144
58,1000,53.580577706666666,0.0615463531523835,0.5799437913468553,360.9047444515997,0.19880682229961058,53.580577706666666,360.9047444515997
58,800,63.226865919999995,0.019291431838110263,0.5753924402514701,361.43282365223394,0.13548639445804386,63.226865919999995,361.43282365223394
58,700,71.94523790222223,0.056677633537063676,0.5784103265996959,363.07469728384905,0.3512919287583988,71.94523790222223,363.07469728384905
58,600,82.86398407111112,0.03159579151494518,0.579840867659654,364.6572122103914,0.4943163154794604,82.86398407111112,364.6572122103914
58,550,89.61030215111111,0.07785112744084155,0.5797666665224052,365.5966128489401,0.4798158016143194,89.61030215111111,365.5966128489401
58,450,107.05993344000001,0.06128879831043759,0.5792631964568339,368.5882022491137,0.06153047703874455,107.05993344000001,368.5882022491137
58,380,123.50263665777777,0.10805665372895239,0.579538917928788,371.3473371137674,0.4949389809506671,123.50263665777777,371.3473371137674
58,340,135.49231516444445,0.02938376986556095,0.579365245922231,373.741855799736,0.06248289897367113,135.49231516444445,373.741855799736
58,300,148.9905491911111,0.1058344284833071,0.5793512186982768,376.66911395627056,0.20541539000579007,148.9905491911111,376.66911395627056
58,260,167.00900636444445,0.02185213277651039,0.5783601353843868,382.41070467191366,0.1168319935990347,167.00900636444445,382.41070467191366
58,220,190.80887530666666,3.8799554939349545,0.5808932536538545,413.6192636054955,12.84690019913069,190.80887530666666,413.6192636054955
58,200,199.08467292444445,0.7291910454565441,0.5784477119560761,451.2661903000242,26.06133909928173,199.08467292444445,451.2661903000242
58,180,201.29908366222222,2.973878378614712,0.5798500617524603,479.5520833521297,2.09777603737462,201.29908366222222,479.5520833521297
58,160,199.63915249777776,0.5135229290877489,0.581119723161465,446.7482688681137,3.3944503099896997,199.63915249777776,446.7482688681137
58,140,195.36281201777777,1.1584631083051002,0.5780366801130672,478.7617169168795,109.68713697215544,195.36281201777777,478.7617169168795
58,120,193.55571438933333,10.725054448819607,0.581466333975036,464.37062285553094,142.3601825615777,193.55571438933333,464.37062285553094
58,100,204.213319168,2.261231572714188,0.5811121588349252,397.6802914017691,96.32970534764718,204.213319168,397.6802914017691
58,90,202.42334634666668,1.755758565692587,0.5787678496227994,317.58694524402426,48.53920212094026,202.42334634666668,317.58694524402426
58,80,202.21532288,9.159452434487312,0.5813650253053938,436.7385340942583,91.41232298230632,202.21532288,436.7385340942583
58,70,189.52059869866667,17.208653184958614,0.5806750977685183,361.8555907410507,54.44910709886842,189.52059869866667,361.8555907410507
58,65,204.81668369066665,2.744139052122394,0.5806167183468801,477.6591029994801,162.31760452973117,204.81668369066665,477.6591029994801
58,60,203.57069205333335,2.496567559133451,0.5811548316933165,409.36932692157137,111.34532657127161,203.57069205333335,409.36932692157137
58,55,203.96662869333332,1.811873708178661,0.5809541782517164,502.40929978803064,143.62897089839333,203.96662869333332,502.40929978803064
58,50,202.95216881777776,9.164966772794356,0.5807239897275465,441.5892891217107,151.0531634159058,202.95216881777776,441.5892891217107
58,45,206.0587426133333,3.3228080961757795,0.5804821412733864,386.2615391830823,59.59719377200093,206.0587426133333,386.2615391830823
58,40,205.87922837333335,2.874785749791391,0.5805919576766471,436.4544030967749,96.51254027138066,205.87922837333335,436.4544030967749
58,35,199.3031342933333,13.052127830146347,0.5805689783954886,449.31649478938084,147.82166714702805,199.3031342933333,449.31649478938084
58,30,189.3013055288889,22.123460747303586,0.5801618728362806,406.742304519955,123.8945865971255,189.3013055288889,406.742304519955
58,25,205.49253624888888,1.905876314118912,0.5800035708081063,406.9468498608746,26.350579303169404,205.49253624888888,406.9468498608746
58,20,196.6303579733333,17.41998050759,0.579864008210431,482.52899387549627,169.30327093968657,196.6303579733333,482.52899387549627
58,15,205.98791587555556,0.6400935436288423,0.5800961788187425,448.4578963885201,151.10262732776465,205.98791587555556,448.4578963885201
58,10,199.23249280000002,12.056732787777609,0.5794724050240255,429.1158128963052,111.95477204165506,199.23249280000002,429.1158128963052
58,5,172.96479104,15.696300889895618,0.5826753803440433,624.355433372477,0.7425880501782987,172.96479104,624.355433372477
58,0,206.21186673777777,0.7219310695682611,0.5815418303809632,466.61375628474116,117.8695747821224,206.21186673777777,466.61375628474116
59,200000,0.44709767111111115,0.026770030394269752,0.5896407496395751,267.2268615527026,0.29362221442147185,0.44709767111111115,267.2268615527026
59,100000,0.68313472,0.024299059414092487,0.5912946453167243,280.86174310666337,2.4843187599779473,0.68313472,280.86174310666337
59,40000,1.4854488533333332,0.04092984906204996,0.5883734264995563,304.90685407446745,0.933727178255065,1.4854488533333332,304.90685407446745
59,5000,10.657848746666666,0.025780189632996105,0.5863746587436903,350.8315336268927,0.6096259754773948,10.657848746666666,350.8315336268927
59,3000,17.68632746666667,0.11494561145437783,0.5886657125415818,353.94695529305073,0.12961633238873194,17.68632746666667,353.94695529305073
59,2000,25.96513493333333,0.11162678032995517,0.5863585510662913,356.4213187735138,0.3284205569808708,25.96513493333333,356.4213187735138
59,1000,50.30766136888889,0.06286923675100117,0.5880843283799485,360.64033626484996,0.2778525734772973,50.30766136888889,360.64033626484996
59,900,58.12856348444444,2.1986147692144344,0.5887918283354717,361.3948117761991,0.24684815883542566,58.12856348444444,361.3948117761991
59,800,67.63449045333333,0.06535479851329107,0.5900690969599703,362.3953890939406,0.2491624535542233,67.63449045333333,362.3953890939406
59,700,77.02052750222224,0.016549911390324728,0.5925909844999949,363.8515816073916,0.24920297658116494,77.02052750222224,363.8515816073916
59,600,88.4761235911111,0.11556883792475714,0.5931798262762729,365.2416251576897,0.4207745337867523,88.4761235911111,365.2416251576897
59,550,95.3044677688889,0.020280631220190477,0.5922585387612147,366.48787808353273,0.10059344716256216,95.3044677688889,366.48787808353273
59,450,113.65542641777778,0.07892658582628523,0.5917558193366038,369.008862783888,0.28842012928945315,113.65542641777778,369.008862783888
59,380,130.75236679111111,0.11335316930557839,0.5911471532960045,371.6761682791507,0.07804858301953467,130.75236679111111,371.6761682791507
59,340,143.36350065777776,0.11258918607084606,0.5903640853143938,374.6444252468484,0.059138303893050796,143.36350065777776,374.6444252468484
59,300,157.27018780444445,0.34715569356246573,0.5896514822007708,378.8255951245472,0.33131415512582285,157.27018780444445,378.8255951245472
59,260,175.54629916444443,0.10180429797346274,0.5876102194301911,388.5513799206158,0.6964329312585836,175.54629916444443,388.5513799206158
59,200,193.0995551288889,7.522684159282033,0.5939768950680239,454.5220387163051,4.705454477049621,193.0995551288889,454.5220387163051
59,180,194.97910940444444,1.3167042943651681,0.5906856518557263,437.30276326173833,0.6358308436887774,194.97910940444444,437.30276326173833
59,160,195.77913898666665,2.6264290961254306,0.589070484923946,446.89810427068704,0.3302311698473801,195.77913898666665,446.89810427068704
59,140,197.92648352,4.440750053822591,0.5908559607477618,567.6381604125708,21.703223284622727,197.92648352,567.6381604125708
59,90,196.2473877333333,12.521246474492836,0.5875391564625848,613.2020568000476,5.989400736006271,196.2473877333333,613.2020568000476
59,80,191.92935850666666,12.972785525385438,0.5932603322850666,556.3421306026336,129.7806415271024,191.92935850666666,556.3421306026336
59,70,201.33137493333334,2.8357142432190647,0.5914446995167497,517.9941467642908,120.93433437174359,201.33137493333334,517.9941467642908
59,65,201.64023722666664,2.3054341580260997,0.5908166060469684,430.11613390542516,12.72476432328046,201.64023722666664,430.11613390542516
59,60,202.8847955911111,3.6376409460880836,0.5922074354215758,486.3886164176315,132.68803433779178,202.8847955911111,486.3886164176315
59,55,192.39954488888887,9.609734125995976,0.591232822015804,491.0941375575189,130.94808816452718,192.39954488888887,491.0941375575189
59,50,198.14625592888885,12.728415113013725,0.5914759721621756,500.1164343185598,124.5603496685262,198.14625592888885,500.1164343185598
59,45,185.4032830577778,16.281125251410923,0.5911633803306876,505.66642972231915,116.49631154197682,185.4032830577778,505.66642972231915
59,40,204.81869127111108,1.349616767475423,0.590985796816542,485.1799556906537,135.11680662315294,204.81869127111108,485.1799556906537
59,35,190.41929756444446,10.7424677762665,0.5906355569821273,474.0043353168101,150.070738673386,190.41929756444446,474.0043353168101
59,30,199.45616796444446,3.702584422987824,0.5910535379678662,416.85219557699446,13.226669907783043,199.45616796444446,416.85219557699446
59,25,201.94734378666666,2.9401783401346644,0.5911393474484749,407.392718028194,32.59892607419766,201.94734378666666,407.392718028194
59,20,202.89533397333332,1.3762585491814343,0.5910770094508963,442.1772733637201,4.129689587909202,202.89533397333332,442.1772733637201
59,15,203.7060768711111,2.006831653883787,0.5915032459967604,409.1075859811345,45.10154314956413,203.7060768711111,409.1075859811345
59,10,202.10215281777778,1.0111259771785661,0.5913425974759888,431.3277536569567,11.033878640900712,202.10215281777778,431.3277536569567
59,5,203.26872106666667,1.3154556913515334,0.5904916016234502,543.362061221641,125.82504584867401,203.26872106666667,543.362061221641
59,0,193.91512760888887,18.0271553861682,0.5888929724954538,576.3143321286349,1.329605940882269,193.91512760888887,576.3143321286349
60,100000,0.7148786666666667,0.06911292753448701,0.5987399691073246,279.3746831300223,0.32104112972330884,0.7148786666666667,279.3746831300223
60,5000,11.145527679999999,0.39619676646178487,0.5989303960145868,351.0291015904613,1.3035556074490433,11.145527679999999,351.0291015904613
60,3000,17.972172231111113,0.719959272222475,0.60014072466321,353.67083117104113,1.1204146303089293,17.972172231111113,353.67083117104113
60,2000,26.434487822222223,1.0751545072217337,0.5983982446011814,355.0780490243197,1.23239525431912,26.434487822222223,355.0780490243197
60,1500,34.49080968533333,1.3824094767607185,0.5980906230131089,356.57248279682557,1.1758700261648445,34.49080968533333,356.57248279682557
60,1000,53.10210375111111,0.01714315078034004,0.598029993253601,359.68305006105555,0.2814451999323633,53.10210375111111,359.68305006105555
60,900,59.38991487999999,0.024214473077901793,0.603576024852699,360.23069997363547,0.12948456635377698,59.38991487999999,360.23069997363547
60,800,64.53570112,2.1188967447506992,0.5973518251875466,361.3249509883826,0.4776659432451516,64.53570112,361.3249509883826
60,700,73.32668725333333,1.6704218369615913,0.6014199548668842,363.1223022237446,0.2550637757517709,73.32668725333333,363.1223022237446
60,600,83.38242090666667,0.03752268230559471,0.6024226343288737,364.4210649495826,0.3391784489270725,83.38242090666667,364.4210649495826
60,550,89.97779171555555,0.07306753027767099,0.6021133770706849,365.5172924879734,0.11846822355507651,89.97779171555555,365.5172924879734
60,450,107.33039260444444,0.092324047274086,0.6014551980640784,368.07145396139737,0.2722484406431488,107.33039260444444,368.07145396139737
60,380,123.80198200888888,0.1610830226088539,0.6010627367190279,370.26749656861216,0.16766297713427106,123.80198200888888,370.26749656861216
60,340,135.76834147555556,0.06948682386639109,0.6008963669991073,372.8187215395055,0.14396945602900713,135.76834147555556,372.8187215395055
60,300,151.68340522666668,3.5278943172599275,0.6021881114961215,377.31380198842777,0.8736308291219564,151.68340522666668,377.31380198842777
60,260,170.80185664,4.091924725534009,0.6017952918472502,385.5882224730895,2.1677321330630517,170.80185664,385.5882224730895
60,220,189.39058147555554,2.688776696743168,0.5997432741140417,422.6131091371219,15.230212115941,189.39058147555554,422.6131091371219
60,200,194.66076814222222,3.7139930703595456,0.5993111582201941,490.43687149163014,3.417678836410089,194.66076814222222,490.43687149163014
60,180,195.1993170488889,5.604159684146819,0.5973247310959361,468.3466830166777,8.56555999883501,195.1993170488889,468.3466830166777
60,160,194.16473500444442,2.95236716635805,0.6014265728480716,447.4239250801258,2.1717710166448785,194.16473500444442,447.4239250801258
60,120,192.369357568,12.765886396799461,0.6003217843790359,555.18049512351,87.30740324349848,192.369357568,555.18049512351
60,100,185.61529372444443,14.690602699267714,0.5991891102409399,505.9014383188851,112.56566219683499,185.61529372444443,505.9014383188851
60,90,198.81237896533332,1.4698436492287754,0.5991709930880877,537.0043996130474,125.92271495672819,198.81237896533332,537.0043996130474
60,80,187.27894243555556,9.019287812276277,0.6012358382939009,612.0370180515794,8.68936594301416,187.27894243555556,612.0370180515794
60,70,197.35138176,4.235292517177774,0.60012837631943,525.2372057979976,100.07676220722347,197.35138176,525.2372057979976
60,65,198.50066048,2.6797604562587156,0.6013343481410799,427.78633969988704,177.1909836485612,198.50066048,427.78633969988704
60,60,196.32844814222221,4.165859326652319,0.6008914625340844,549.9526901114617,134.328689592235,196.32844814222221,549.9526901114617
60,55,194.73674410666663,5.3801079893517505,0.5996927201790158,490.2494208056789,125.28483189079107,194.73674410666663,490.2494208056789
60,50,199.0962067911111,2.7533448297656338,0.5996998687636487,545.350986135362,153.42430279022548,199.0962067911111,545.350986135362
60,45,190.76275768888888,8.131763271399125,0.5991934947921879,395.39697134508015,22.365197247456003,190.76275768888888,395.39697134508015
60,40,194.21130069333333,10.89037441541633,0.5993477911542785,404.71268840083366,28.278051407420026,194.21130069333333,404.71268840083366
60,35,189.7221255111111,10.949484181698361,0.5991179527599547,393.68732969887316,31.439174096189756,189.7221255111111,393.68732969887316
60,30,199.51530069333333,0.8598787692339251,0.598711525565499,393.0040073099608,12.466347207540252,199.51530069333333,393.0040073099608
60,25,201.0422213688889,2.3044645374717003,0.5986507062566692,406.5576275643264,11.310409545728826,201.0422213688889,406.5576275643264
60,20,199.33636366222223,0.43455205108632305,0.5986233727221113,422.0429502800471,12.55147442802256,199.33636366222223,422.0429502800471
60,15,194.5923003733333,7.666006666594303,0.5987245913258517,402.29954881355434,16.141716209004088,194.5923003733333,402.29954881355434
60,10,200.45480334222222,2.259277648573769,0.598477797203516,437.36035889839326,11.40021299981348,200.45480334222222,437.36035889839326
60,5,198.14990961777778,2.2952089702713243,0.5979504910082963,496.9821476825466,123.27975532961067,198.14990961777778,496.9821476825466
60,0,197.5085582222222,2.1773215375822494,0.5965126835390557,605.9170733418442,0.922081640812272,197.5085582222222,605.9170733418442
61,200000,0.4121629866666667,0.025597871408039114,0.6123104018586129,268.63407463036873,2.4438105203304725,0.4121629866666667,268.63407463036873
61,100000,0.6845957119999999,0.01275841201022762,0.608821212860784,279.6520041359833,0.7887837406340164,0.6845957119999999,279.6520041359833
61,40000,1.5149592380952381,0.060249880256850505,0.6094699653791488,306.3442167863819,1.5168972866605845,1.5149592380952381,306.3442167863819
61,5000,10.922675057777779,0.3709842372582297,0.6110876102405484,350.01771576590096,1.0421418436176697,10.922675057777779,350.01771576590096
61,3000,18.54955633777778,0.026004073835803974,0.614016121016094,352.9961632265907,0.04884703829711395,18.54955633777778,352.9961632265907
61,2000,27.29195221333333,0.026127922371634336,0.6122444968230973,355.238185443362,0.17671462164473825,27.29195221333333,355.238185443362
61,1500,35.88688967111111,0.07420678530229591,0.6118089760092779,356.4434930360059,0.18871191058111106,35.88688967111111,356.4434930360059
61,1000,49.884524657777774,0.057558542577986115,0.606950594158893,358.2115251115925,0.07359921695963077,49.884524657777774,358.2115251115925
61,900,55.90680319999999,0.1569596957769438,0.6120164535351743,358.2846310169807,0.3005299726513757,55.90680319999999,358.2846310169807
61,800,64.26920422399999,2.259564076108161,0.6108105402859934,359.12600339622395,0.10508011298633851,64.26920422399999,359.12600339622395
61,700,75.41028928,0.05200112294916662,0.6056989655332186,362.3653935079181,0.15389999711149413,75.41028928,362.3653935079181
61,600,86.61054094222222,0.16600649580983284,0.6058216677817375,363.9399801883123,0.2471049146613911,86.61054094222222,363.9399801883123
61,550,93.50514417777777,0.1343064901401676,0.6055859515772221,364.7169286129665,0.300176711893829,93.50514417777777,364.7169286129665
61,450,111.59293184,0.1308303752028485,0.6055622457124115,367.82887042456633,0.28954291004968297,111.59293184,367.82887042456633
61,380,128.78508074666667,0.15738892221264145,0.6053375024184402,370.7536896830418,0.20346722150433005,128.78508074666667,370.7536896830418
61,340,141.43092224,0.14314409837798847,0.6051965255094163,373.68514312126564,0.21960593659694155,141.43092224,373.68514312126564
61,260,163.0200987022222,0.2087374561448086,0.6143301852859878,380.78557575388504,0.47413385434402283,163.0200987022222,380.78557575388504
61,220,181.97745749333333,0.24985176145729637,0.6128676935621759,408.2464560158357,0.5991108368976203,181.97745749333333,408.2464560158357
61,200,190.3932192711111,1.0697898832348176,0.6101472685953344,456.53730406221297,1.1375383769234768,190.3932192711111,456.53730406221297
61,180,189.83098908444444,4.03012857291367,0.6102668635280784,450.7268803160102,10.193273950941377,189.83098908444444,450.7268803160102
61,160,192.28203790222219,2.2139838228933173,0.6134610922711675,448.74804227631716,5.511578418333494,192.28203790222219,448.74804227631716
61,140,194.3692192,1.2267592906940152,0.6068211935126687,578.1652401571686,1.2650897369516678,194.3692192,578.1652401571686
61,90,199.25490047999998,,0.6101010858644789,301.5579536167031,21.348460417667642,199.25490047999998,301.5579536167031
61,80,193.66054613333333,0.0013660925888951943,0.614830011162827,364.04024412403425,71.58095868644571,193.66054613333333,364.04024412403425
61,70,194.12886442666664,0.19954833785409395,0.6135940335767692,298.47613540099206,5.499319243853395,194.12886442666664,298.47613540099206
61,65,193.21042033777778,1.179589696117986,0.6128939846293594,317.44756668406416,42.46003167510035,193.21042033777778,317.44756668406416
61,60,196.9221724444444,2.728484706469984,0.6110877905919435,318.08814468501345,8.948604113142013,196.9221724444444,318.08814468501345
61,55,193.62197361777774,3.8412479591888298,0.6107420493509956,366.5509514013986,33.623293428754515,193.62197361777774,366.5509514013986
61,50,195.5229889422222,1.1616735381177243,0.6104956132245555,375.8735669928624,22.801345538231494,195.5229889422222,375.8735669928624
61,45,197.5756660622222,2.4582139788885704,0.6096386462451645,339.2855744863334,4.654262290752191,197.5756660622222,339.2855744863334
61,40,196.1894606222222,4.631081473322915,0.6090280065583259,312.8627618990724,23.417666005936987,196.1894606222222,312.8627618990724
61,35,197.1649698133333,0.07517775990856286,0.6089656236838491,299.56046475189623,1.1036824990005443,197.1649698133333,299.56046475189623
61,30,199.49072511999998,1.7294566034178154,0.6079554983933448,311.65388211664975,20.27163224131161,199.49072511999998,311.65388211664975
61,25,197.437536,0.22317146658447365,0.6082527097767095,299.1496218736257,1.8634836089874718,197.437536,299.1496218736257
61,20,197.64886599111114,0.22519894511509672,0.6084185332133816,303.01622685738,0.379853849803598,197.64886599111114,303.01622685738
61,15,197.32324152888887,0.012684709459185772,0.6086666691574044,327.1708943126157,21.262175286919103,197.32324152888887,327.1708943126157
61,10,196.8384948622222,1.060903907923258,0.6082035300049276,329.9927244617207,29.73195373896848,196.8384948622222,329.9927244617207
61,5,198.01691903999998,1.7118849479063099,0.6079066495063684,381.3474973319656,42.34473227742888,198.01691903999998,381.3474973319656
61,0,196.38470314666665,2.1417650006464672,0.6085281323476838,463.56774863937375,107.88420540701966,196.38470314666665,463.56774863937375
62,200000,0.41439563487179487,0.01540872985263973,0.61946621696674,267.5065730351773,0.7339590817423548,0.41439563487179487,267.5065730351773
62,100000,0.68759072,0.01964537265858366,0.6197654892600691,280.1854600349467,0.5807452415721074,0.68759072,280.1854600349467
62,40000,1.5560285866666668,0.08507706472249141,0.6186641016042795,305.2761250287865,0.21205534964847703,1.5560285866666668,305.2761250287865
62,3000,17.579771662222225,0.28450753452871935,0.6215385456002234,353.7561214815801,1.555098189664501,17.579771662222225,353.7561214815801
62,2000,25.819914168888886,0.3003822553220921,0.6209308177943016,355.889487641088,0.6589123261624145,25.819914168888886,355.889487641088
62,1500,33.97759324444444,0.2766682453823915,0.6207438399383819,357.00234591127474,0.8835494373991765,33.97759324444444,357.00234591127474
62,1000,53.898404693333326,0.04631969583847818,0.6216745642622944,358.9644824340969,0.17978406424197918,53.898404693333326,358.9644824340969
62,700,70.88052053333332,0.06752991344585167,0.6152199788609606,360.2657246095819,0.0648041372598223,70.88052053333332,360.2657246095819
62,600,81.52627299555556,0.06275251174891752,0.6160051110023183,362.5473715992052,0.24080882745988397,81.52627299555556,362.5473715992052
62,550,88.00665827555555,0.06466777047025409,0.6158364654517642,363.4678660309109,0.19485622505491138,88.00665827555555,363.4678660309109
62,450,104.86553500444444,0.182696580061621,0.6156317913419519,365.3530643628387,0.6875128693041372,104.86553500444444,365.3530643628387
62,380,120.78848255999999,0.09949463619052712,0.6154498955004973,368.4418950479763,0.14116156188939938,120.78848255999999,368.4418950479763
62,340,132.59495267555556,0.17630869210053457,0.6153796548537457,370.6932187242458,0.07297233798882442,132.59495267555556,370.6932187242458
62,300,145.58695082666668,0.08743751074074355,0.6151578479157075,374.23861950066595,0.14921035361615895,145.58695082666668,374.23861950066595
62,260,174.21202517333333,0.15488543803803442,0.6243024253178516,396.3743088739995,0.37370429798475524,174.21202517333333,396.3743088739995
62,220,189.03130737777778,0.4611176318852264,0.6208935664978398,467.34168403164495,11.232888580640871,189.03130737777778,467.34168403164495
62,200,187.73764024888888,0.9896057792221062,0.6197390279007251,438.33333735698875,1.479754848840355,187.73764024888888,438.33333735698875
62,180,182.37526229333332,5.702247112441671,0.6238694635596498,462.64195348804674,10.027454157442794,182.37526229333332,462.64195348804674
62,160,183.9303158044444,5.544284116411551,0.6206085317460173,457.69852179374203,4.292580752052618,183.9303158044444,457.69852179374203
62,140,191.49393123555555,0.13592266379031595,0.6194929537897339,332.1573089967194,9.93890096547067,191.49393123555555,332.1573089967194
62,120,191.60801237333334,2.0382119528183367,0.6173683436816344,317.70934706172676,7.2632623128099345,191.60801237333334,317.70934706172676
62,100,191.80709745777776,1.0006991241304901,0.6176974637677214,295.724171776513,12.398467967783656,191.80709745777776,295.724171776513
62,90,188.86868373333334,7.150101284115524,0.6203785713164981,637.4926179512653,3.138444628746563,188.86868373333334,637.4926179512653
62,70,175.25319018666664,17.108013198125196,0.6242622205159226,434.07085684639196,176.02745634410186,175.25319018666664,434.07085684639196
62,65,192.01309247999998,2.20950562828902,0.623000324784139,446.3375440492786,165.68490542301166,192.01309247999998,446.3375440492786
62,60,185.77290146133333,11.865889669309476,0.6224866228973833,410.12032336721785,133.216631006842,185.77290146133333,410.12032336721785
62,55,189.45402912,2.702224217818026,0.6225199323707549,388.47086911721846,67.5613179997924,189.45402912,388.47086911721846
62,50,185.27063217777777,12.149952063861285,0.6213350109909157,412.3418645447579,130.85934630692952,185.27063217777777,412.3418645447579
62,45,192.49022229333332,1.0205316727824774,0.6215667408159562,459.63500979370747,162.60016391197252,192.49022229333332,459.63500979370747
62,40,186.66592284444445,12.870410110694456,0.6211589124836544,461.3909681359032,160.27297874712062,186.66592284444445,461.3909681359032
62,35,192.06767182222222,3.5475457958791243,0.620007413643841,431.3518877103647,133.0978236250384,192.06767182222222,431.3518877103647
62,30,193.6580462933333,0.9147238973533429,0.6198526005597335,422.3748209269295,134.44712150947328,193.6580462933333,422.3748209269295
62,25,183.03803861333333,15.367813112651653,0.6192216393112735,432.60573717633133,125.82443067887424,183.03803861333333,432.60573717633133
62,20,193.82074816,1.9849493198377566,0.6193954842771765,461.2833214102184,169.94342976183523,193.82074816,461.2833214102184
62,15,190.99938823111108,8.002884240344887,0.6191937262923682,379.0786851543681,81.58931012090542,190.99938823111108,379.0786851543681
62,10,188.7031342933333,10.031151276323705,0.6191971424874705,380.7083140790467,84.1200103745928,188.7031342933333,380.7083140790467
62,5,191.8766387911111,6.2850028476933835,0.6184315534104773,382.3567408445903,75.69876928789485,191.8766387911111,382.3567408445903
62,0,193.79172351999998,1.642172572616764,0.6186658318843014,500.5321813926771,131.8611844766455,193.79172351999998,500.5321813926771
63,200000,0.41127424,0.019107740912926358,0.6322639793979706,266.5586689217869,0.34324388972237124,0.41127424,266.5586689217869
63,40000,1.4387651413333333,0.06117168513640822,0.6294640913095331,307.2826683255942,2.9744712595926193,1.4387651413333333,307.2826683255942
63,5000,10.631779555555555,0.404146167168535,0.6255557374238955,351.20523080521224,1.683666890354614,10.631779555555555,351.20523080521224
63,3000,16.846881706666668,0.09342069426521865,0.6283923455849173,351.97393698607766,0.7681127570853054,16.846881706666668,351.97393698607766
63,2000,24.88874168888889,0.10158889252740974,0.6277587700906925,353.9787672492105,0.13408940948937273,24.88874168888889,353.9787672492105
63,1500,32.8376896,0.08340801126292087,0.6289684530253506,355.2129688049629,0.24520950490562546,32.8376896,355.2129688049629
63,1000,50.981894186666665,0.7382923963682897,0.6308985292867261,359.96993246633224,0.9062259543535284,50.981894186666665,359.96993246633224
63,900,57.76621073066666,2.2300429394555046,0.6290891748287695,360.0638603137781,1.2731796734144918,57.76621073066666,360.0638603137781
63,800,65.68366984533333,2.360710292626236,0.6299142227457983,360.19090466897984,0.5757116138488403,65.68366984533333,360.19090466897984
63,700,76.22787697777777,0.06937111910843573,0.6271611125223577,361.56422698360103,0.45044787901410094,76.22787697777777,361.56422698360103
63,600,87.57511367111111,0.08587891005365446,0.627322418007031,363.01274510433814,0.11437800768197062,87.57511367111111,363.01274510433814
63,550,94.42555278222221,0.21431178812675122,0.6265506486546574,362.9914826494292,1.8371998429349958,94.42555278222221,362.9914826494292
63,450,112.6735584711111,0.008936946905590527,0.6266904462633387,366.37312578804466,0.212361045742211,112.6735584711111,366.37312578804466
63,380,130.03141304888888,0.2799482418161913,0.6259312762618374,369.31743376524946,0.3776858867547542,130.03141304888888,369.31743376524946
63,340,142.5094677333333,0.060217517261950924,0.6256585718278743,372.7615007514784,0.13884910804752054,142.5094677333333,372.7615007514784
63,300,156.12578688,0.2653322278027749,0.6254254999417335,377.72436737626225,0.0605544089332391,156.12578688,377.72436737626225
63,260,164.84951964444443,0.1652281983605694,0.6345000953087507,388.47190435707057,0.581391574560052,164.84951964444443,388.47190435707057
63,220,180.96530816,1.8699364373118148,0.6329417471671598,435.7139175462408,5.263454856634451,180.96530816,435.7139175462408
63,200,183.23965724444443,3.3764310055234144,0.6316274533239402,472.56402240160645,8.921936189643528,183.23965724444443,472.56402240160645
63,180,184.33152981333333,0.8799287686382066,0.6287177472631128,449.2860661496536,0.33186154548523805,184.33152981333333,449.2860661496536
63,160,183.42607863466665,5.523685767673054,0.6299393347938367,480.6266856465415,1.9705340110887333,183.42607863466665,480.6266856465415
63,140,187.55123164444444,1.825108672577523,0.6306439232640079,449.6256979236011,142.57407072824918,187.55123164444444,449.6256979236011
63,120,186.4465614222222,3.3468749466529935,0.628203348249765,449.31411613386194,169.05122706213473,186.4465614222222,449.31411613386194
63,100,179.64532277333333,13.025495600726208,0.62914507463059,429.4245963032694,138.84992092723687,179.64532277333333,429.4245963032694
63,90,187.23327505066666,3.1963852508948074,0.6274964427683766,264.1121953295108,17.26545406150259,187.23327505066666,264.1121953295108
63,80,189.23411327999997,2.8680567418726275,0.6273713865631053,456.69728189855755,161.25957572683717,189.23411327999997,456.69728189855755
63,65,184.82592113777775,8.998167745991497,0.6335168286895884,423.96081006187984,11.641439615489872,184.82592113777775,423.96081006187984
63,60,158.42512853333332,19.48155053558918,0.6296663252169923,417.8909451985644,15.478411776439687,158.42512853333332,417.8909451985644
63,55,189.589799936,1.4431443914514708,0.6286221960130616,428.7703661635616,7.431636608962542,189.589799936,428.7703661635616
63,50,189.37953009777777,1.2336359678167201,0.6310646924283662,423.6310628118417,12.433273817720618,189.37953009777777,423.6310628118417
63,45,189.51474986666665,3.7399166248907436,0.6305582320349573,421.05824511438556,9.1740624927497,189.51474986666665,421.05824511438556
63,40,191.30344277333333,2.4027478993847446,0.6293608281506683,420.72292376026,15.642264846079264,191.30344277333333,420.72292376026
63,35,191.53496575999998,3.1083853989167065,0.6291259942801722,383.3031927905129,42.451806485386555,191.53496575999998,383.3031927905129
63,30,189.80247082666665,3.8839824840512303,0.6289892775634033,392.59294773786104,29.20487919069882,189.80247082666665,392.59294773786104
63,25,184.57553521777777,6.792484012844177,0.6287315570017503,430.03133205134947,25.902246458077094,184.57553521777777,430.03133205134947
63,20,167.38997916444444,12.974476170526735,0.6279985369865823,408.7847059548039,8.504166331992964,167.38997916444444,408.7847059548039
63,15,192.28813226666662,2.4091463055470115,0.628521100911349,418.237259436113,9.225715786183713,192.28813226666662,418.237259436113
63,10,192.19704647111112,2.5608018502759022,0.630125861776988,443.1212740424791,22.290383854167377,192.19704647111112,443.1212740424791
63,5,177.30012977777778,19.13457384827498,0.6296243510198897,434.23048129083395,20.250169518299142,177.30012977777778,434.23048129083395
63,0,183.04336547555553,11.327144436713118,0.6292507812130842,518.5730949280169,115.51961735174342,183.04336547555553,518.5730949280169
64,200000,0.43341677714285715,0.020401265607053007,0.641203544955491,268.61785067456725,1.5143780818500976,0.43341677714285715,268.61785067456725
64,100000,0.6977763840000001,0.06300854254734424,0.6398933720073777,279.18835616189017,0.4539646591603491,0.6977763840000001,279.18835616189017
64,40000,1.4486683022222222,0.07481011027984767,0.6402198854046507,303.97550840476123,0.36492969789077007,1.4486683022222222,303.97550840476123
64,5000,9.872903111111112,0.0627154206158903,0.6407543580254697,353.1422214863449,0.39572722088063145,9.872903111111112,353.1422214863449
64,3000,16.36291712,0.15962463581640152,0.6403164600757303,354.3283923820527,0.47241208897525977,16.36291712,354.3283923820527
64,2000,23.91044849777778,0.007807327963306262,0.6418356613504455,356.4177105451822,0.22229375941886015,23.91044849777778,356.4177105451822
64,1500,31.505481102222223,0.025201782513565807,0.6430751799175819,358.340973072484,0.46559342472309395,31.505481102222223,358.340973072484
64,1000,49.53336462222222,0.1494946370793216,0.641481011932211,357.0292337085929,0.6696584814444416,49.53336462222222,357.0292337085929
64,900,56.351806151111106,1.2990259309109173,0.6405821729971813,359.7646293947912,1.4793905459575087,56.351806151111106,359.7646293947912
64,800,63.97643061333333,0.6093533289200881,0.6372175426735207,361.0828089166459,0.27054942980051216,63.97643061333333,361.0828089166459
64,700,71.85835526095238,0.8227998842377734,0.6380334385380451,361.41133213402486,1.0007631862908781,71.85835526095238,361.41133213402486
64,600,82.82658688,0.5081283323312078,0.6374321092685715,363.160971669289,1.2544176800175382,82.82658688,363.160971669289
64,550,89.24304056888889,0.5373056875829326,0.6373328028831787,368.89006258678245,6.614149491374964,89.24304056888889,368.89006258678245
64,450,106.54978737777778,0.5781233861923938,0.6372924425144151,369.90963002230484,3.558398408413274,106.54978737777778,369.90963002230484
64,380,122.79649479111112,0.4813836264630576,0.6370893012161409,369.03759101083284,2.0830589102829844,122.79649479111112,369.03759101083284
64,340,134.59451982222222,0.5393854685577993,0.636958567469716,372.3502727590503,1.4408294433837614,134.59451982222222,372.3502727590503
64,300,147.38700288,0.3004932576741206,0.6367577444323597,377.34018673496956,1.4860046399477238,147.38700288,377.34018673496956
64,260,164.4018080711111,0.3284739080652271,0.6375622687573488,387.9065388316051,0.6789070625054955,164.4018080711111,387.9065388316051
64,220,180.35058346666665,0.7680234598097613,0.640206074607105,431.7990788015368,1.4564557181359434,180.35058346666665,431.7990788015368
64,200,176.0890204444444,0.8390796897357788,0.6424281203163539,492.2017545580702,6.155174379627909,176.0890204444444,492.2017545580702
64,180,183.99847466666665,3.8794193229821667,0.6393500401940637,486.55814797865264,1.650765981761389,183.99847466666665,486.55814797865264
64,160,180.05456096,3.3998499808561875,0.641890137445843,490.5523046614823,3.0266757669107527,180.05456096,490.5523046614823
64,140,171.37865841777776,14.833618013645216,0.6369135599060899,593.845052579462,6.441686020135284,171.37865841777776,593.845052579462
64,120,184.53343114666666,3.241056603529153,0.6418721758716596,607.5707834309533,11.451772235655843,184.53343114666666,607.5707834309533
64,100,186.8322944,2.3413306411164996,0.6407713615456847,583.6856938535171,119.34299947206928,186.8322944,583.6856938535171
64,90,176.11111836444442,14.77769907445568,0.6395888441142268,507.24898662260216,116.5512840760771,176.11111836444442,507.24898662260216
64,80,179.48799871999998,12.38483317739656,0.6399749729311207,590.9312101752461,120.749943831773,179.48799871999998,590.9312101752461
64,70,183.90716714666667,1.546671575221599,0.6400039593123592,433.77801959549697,23.292163405668923,183.90716714666667,433.77801959549697
64,65,186.30984590222224,2.404309996212231,0.6415705031512302,528.7494266267236,120.17010552380373,186.30984590222224,528.7494266267236
64,60,185.89380735999998,2.242384282501734,0.6415950215423749,460.7648731346601,2.744623287692212,185.89380735999998,460.7648731346601
64,55,180.6468622222222,6.384552201635024,0.6414322757948273,600.3739232802899,129.51497059053327,180.6468622222222,600.3739232802899
64,50,186.1198200888889,2.7479221269753604,0.6398217344611125,467.46910694704155,4.635590849283215,186.1198200888889,467.46910694704155
64,45,181.7427269688889,10.96974060848991,0.6389273418946226,604.218726141437,132.33209123330005,181.7427269688889,604.218726141437
64,40,178.28378723555556,17.096113473502545,0.6395854213958234,449.0166479358704,12.631494576125464,178.28378723555556,449.0166479358704
64,35,187.44534314666666,1.5021000999386418,0.6391049287107208,446.6424954453352,19.13698535234008,187.44534314666666,446.6424954453352
64,30,186.22497123555556,3.4934796352528976,0.6385598426056434,442.42917715329776,38.67680374757971,186.22497123555556,442.42917715329776
64,25,187.64429482666665,2.0342474675003013,0.6385803314273658,536.0071084570658,127.9566877039536,187.64429482666665,536.0071084570658
64,20,188.66541411555556,1.5670658708905272,0.6380940708615453,530.2152661333057,135.83650168688317,188.66541411555556,530.2152661333057
64,15,183.8404928,7.3763811423349095,0.6379907112438974,460.2532191111704,10.65219274580109,183.8404928,460.2532191111704
64,10,181.53053127111107,10.647514563312642,0.6380191672200578,543.7768990058829,125.1785469355732,181.53053127111107,543.7768990058829
64,5,186.30251363555556,3.232848297684236,0.6365611852832739,533.7359581353204,121.22221328448599,186.30251363555556,533.7359581353204
64,0,185.3460410311111,1.3765717388032706,0.6355216646120286,487.53150895812604,116.17127540185432,185.3460410311111,487.53150895812604
65,200000,0.42442304000000003,0.01819850257501911,0.6504190581844685,269.50458491714176,2.3263011012227786,0.42442304000000003,269.50458491714176
65,100000,0.669871431111111,0.02796324850249355,0.6495752651456663,277.34679882067775,1.9242653156084744,0.669871431111111,277.34679882067775
65,40000,1.458024746666667,0.08583234276782208,0.6509157122128266,307.55748058903345,3.379950358987006,1.458024746666667,307.55748058903345
65,5000,10.056884419047618,0.47876980363577154,0.6511336250649489,351.4647699729462,2.36796050550435,10.056884419047618,351.4647699729462
65,3000,16.039186346666668,0.06052381498616961,0.6543244991375592,353.6218667475484,0.7595096709620982,16.039186346666668,353.6218667475484
65,2000,23.73631104,0.28451573859599427,0.6506607433401029,353.19864305101873,1.3032539876532103,23.73631104,353.19864305101873
65,1500,30.668403093333332,0.6935614146697175,0.6544058696408569,355.8424525605503,1.7101359225705934,30.668403093333332,355.8424525605503
65,1000,46.82196195555556,0.08674752752340543,0.6491746233483658,360.415564524076,0.771563018042488,46.82196195555556,360.415564524076
65,900,52.08867242666667,0.06274037174174084,0.6510567782930557,361.7725920483089,1.6983070483794294,52.08867242666667,361.7725920483089
65,800,59.909041422222224,1.951710397333871,0.6490946374794024,360.1014084638825,2.3821461443733916,59.909041422222224,360.1014084638825
65,700,67.72650146133333,2.102327114445039,0.6499946734927957,365.82248418533237,10.349658710667953,67.72650146133333,365.82248418533237
65,600,78.10851804444444,2.5009351831911224,0.6504318222128063,363.11862433814025,2.227992536871361,78.10851804444444,363.11862433814025
65,550,84.41934264888889,2.6860488711512294,0.6504915089604911,363.40870409292467,1.5304785574673856,84.41934264888889,363.40870409292467
65,450,100.83087509333332,3.3684187661568905,0.650272296385736,367.85435253739115,4.9246258082938725,100.83087509333332,367.85435253739115
65,380,116.57622229333333,3.7646317249876855,0.6504992448806779,368.7255567362238,2.0729348763606184,116.57622229333333,368.7255567362238
65,340,128.01870677333332,4.129170132725202,0.6505679356715552,371.67663141349135,2.060827603070161,128.01870677333332,371.67663141349135
65,300,141.12341539555555,4.507953652381545,0.6502463570851048,375.8106625461872,1.8314536037298474,141.12341539555555,375.8106625461872
65,260,158.0747519288889,4.7705467004719795,0.6498789443834828,384.9892340014421,0.9160958308055231,158.0747519288889,384.9892340014421
65,220,172.32939007999997,0.2773440216994194,0.6527405270965795,416.58565031765016,1.0916377640154173,172.32939007999997,416.58565031765016
65,200,177.45370538666666,2.611797761999791,0.6514862370289171,461.67872552276714,1.723538532494045,177.45370538666666,461.67872552276714
65,180,179.90588970666667,1.0567746145126362,0.6455997850400754,451.9526623817444,1.7625291963657264,179.90588970666667,451.9526623817444
65,160,178.1723259733333,1.3756496318705949,0.6541621564782082,451.85915841520847,2.0406898233431794,178.1723259733333,451.85915841520847
65,140,180.58080127999997,0.8203345636786002,0.6515293442032862,436.6222809739242,131.498009257939,180.58080127999997,436.6222809739242
65,120,178.6809627733333,0.7013959228351497,0.651298139465162,620.662940516234,2.1937014305928964,178.6809627733333,620.662940516234
65,100,174.94319027199998,9.014084791410925,0.6527723036621846,426.68122460908825,22.451605864500436,174.94319027199998,426.68122460908825
65,90,181.58100451555558,0.6544294105909392,0.6510691046858433,510.68865895637606,131.66593285362947,181.58100451555558,510.68865895637606
65,80,162.0106131626667,14.811995578476465,0.652085539757921,421.53612637828866,27.487648852661554,162.0106131626667,421.53612637828866
65,70,181.54992490666666,6.177314217146506,0.6512889996398622,517.7704786393691,131.00073370588947,181.54992490666666,517.7704786393691
65,60,168.6325901511111,15.065383070823625,0.6527834810541738,414.0424398003886,12.070527644261318,168.6325901511111,414.0424398003886
65,55,170.495243008,16.74804322120673,0.652486283085475,411.9494255517978,28.40750804162339,170.495243008,411.9494255517978
65,50,178.62401279999997,10.970380422337625,0.653304136350986,410.0911500327815,25.428778380527945,178.62401279999997,410.0911500327815
65,45,168.7999561386667,22.9625696146479,0.6528102184094882,434.09862906308376,31.449028873227732,168.7999561386667,434.09862906308376
65,40,184.04159931733335,2.3231162728705383,0.6526749484761617,408.0940776340652,36.355617725871895,184.04159931733335,408.0940776340652
65,35,177.87619818666664,8.002409557767379,0.6516425507153104,399.9631236402299,43.41905623950525,177.87619818666664,399.9631236402299
65,30,175.66558476190474,16.953894382710956,0.6506223700553875,427.25166226700304,28.95382008214747,175.66558476190474,427.25166226700304
65,25,183.5128749985185,1.5713289790984992,0.6519692346509687,407.94104450769413,28.858813233051354,183.5128749985185,407.94104450769413
65,20,183.55224424296296,5.176128058500513,0.6518224407867762,417.57095566992695,26.50947008820426,183.55224424296296,417.57095566992695
65,15,167.9694664533333,24.698907401356927,0.6513663745392093,423.0125623721174,25.622869910120357,167.9694664533333,423.0125623721174
65,10,176.83508759703705,14.480400529963923,0.6514638265199375,397.62714376520887,39.643237848609004,176.83508759703705,397.62714376520887
65,5,184.2338488888889,2.0880107919433835,0.6504060991145499,399.3815140000516,40.6641437828292,184.2338488888889,399.3815140000516
65,0,182.4389204385185,2.9454156611454385,0.6497591647766358,387.7233012258809,34.675457425060635,182.4389204385185,387.7233012258809
66,200000,0.41182648888888884,0.03215806313044227,0.6597311308974089,267.1024474501485,0.8052813429283733,0.41182648888888884,267.1024474501485
66,100000,0.6636840228571429,0.060131903695840115,0.6585029767350452,282.75209041041296,1.9505965385786408,0.6636840228571429,282.75209041041296
66,40000,1.3345957333333334,0.0043047562385600405,0.660686723159968,304.8107212787916,0.5786240403576746,1.3345957333333334,304.8107212787916
66,5000,9.767326415238093,0.46580350489837885,0.661419495045214,350.24262699954687,0.8572558560250514,9.767326415238093,350.24262699954687
66,3000,16.396205084444446,0.9651072120590567,0.6588612858572928,353.6046863251414,2.1246234010172924,16.396205084444446,353.6046863251414
66,2000,24.142343727407408,1.4365196183659417,0.6589129852085667,354.9297361311012,2.2849686507061246,24.142343727407408,354.9297361311012
66,1500,31.99920437333333,1.8449598976879737,0.6581509605847528,355.86045232550265,2.122656587796383,31.99920437333333,355.86045232550265
66,1000,46.436421759999995,2.5635779081892216,0.6605278313260499,358.12708950264437,2.3814066607837554,46.436421759999995,358.12708950264437
66,900,51.471812586666665,2.883470201743499,0.6612283941088916,358.6671128071819,2.214742207670999,51.471812586666665,358.6671128071819
66,800,57.29781851897435,3.2974871453660506,0.661639049066229,358.90704656082164,2.3165440192399043,57.29781851897435,358.90704656082164
66,700,64.99017564444445,3.7130780443114464,0.6621439897468822,363.24844080083886,10.907360588270581,64.99017564444445,363.24844080083886
66,600,74.46471651555555,4.242035303522367,0.662222992323867,365.44260097600613,9.731240955800486,74.46471651555555,365.44260097600613
66,550,80.47673173333334,4.693139705030968,0.6618114289034868,361.96886986730584,2.35230653127551,80.47673173333334,361.96886986730584
66,450,96.09551566222221,5.724936190576419,0.6616919513281004,365.41156104540806,4.131289515787802,96.09551566222221,365.41156104540806
66,380,110.70573841777777,6.477686942873176,0.6615171598968387,367.2835346967088,4.084941674547137,110.70573841777777,367.2835346967088
66,340,121.41047285333333,7.170779658818251,0.6613714039578141,369.5318916739582,3.324174621617877,121.41047285333333,369.5318916739582
66,300,133.39704444444445,7.603818066832561,0.6611473150316544,372.40794971984616,4.319509462804816,133.39704444444445,372.40794971984616
66,260,149.58754101333332,8.349685157879685,0.6608043624128775,380.7828707034976,8.1841654626069,149.58754101333332,380.7828707034976
66,220,167.31832565333335,7.404467412735911,0.6602106737808472,414.86116840452036,33.38492790151361,167.31832565333335,414.86116840452036
66,200,171.46095920761906,4.658147236135134,0.660185624041926,440.6975894079456,28.857063095720537,171.46095920761906,440.6975894079456
66,180,172.7167687111111,2.99260166994963,0.6599999826681084,421.94924909259066,18.29938122331733,172.7167687111111,421.94924909259066
66,160,174.8463922133333,2.8381141753787094,0.6602875667997316,453.0367511794664,17.790869391976425,174.8463922133333,453.0367511794664
66,140,172.60309373155553,9.619774731353292,0.6612693676084235,492.9384869025856,109.01606763993597,172.60309373155553,492.9384869025856
66,120,175.81748861155558,7.047240451044629,0.6603529127910266,470.6627109636649,120.8606205602164,175.81748861155558,470.6627109636649
66,100,175.0837685333333,9.16141764742231,0.6602900641360105,523.7788603563737,153.133962726244,175.0837685333333,523.7788603563737
66,90,172.57552277333335,11.741352335234176,0.6596410883270921,478.08955508126814,140.0572691487996,172.57552277333335,478.08955508126814
66,80,168.4979808,17.35204745390279,0.6596424208657314,527.8676874584039,141.40136496717787,168.4979808,527.8676874584039
66,70,172.83670826666665,15.028362309779217,0.6593349318495461,535.4816123385946,139.14223148578554,172.83670826666665,535.4816123385946
66,65,166.68772824888887,17.489215224666893,0.659096367406436,497.52495459467684,126.31609412164028,166.68772824888887,497.52495459467684
66,60,176.7008027022222,10.418545051876267,0.6595588153275846,570.596617741462,151.56316924220903,176.7008027022222,570.596617741462
66,55,168.08168735030304,15.542087875827429,0.6591448108523242,548.771842637932,121.1945463502922,168.08168735030304,548.771842637932
66,50,173.75351457185184,9.942407881662874,0.6590960986416604,605.6673236325138,107.40263161085994,173.75351457185184,605.6673236325138
66,45,173.78625483851852,12.736419087303757,0.6586874224268178,517.8734229785961,144.7885873554914,173.78625483851852,517.8734229785961
66,40,172.86688959999998,13.991797678328414,0.6590353841706822,606.0504866981777,108.94499396738566,172.86688959999998,606.0504866981777
66,35,172.66117924571427,11.559610699345873,0.6592868489222631,647.4616759435571,87.1217747485361,172.66117924571427,647.4616759435571
66,30,168.27697829333334,14.485843956956025,0.6586055765928055,524.1851169710908,156.06174067453682,168.27697829333334,524.1851169710908
66,25,174.77816892952382,12.157302529533316,0.6606495009091292,576.6088987530751,115.45837613706816,174.77816892952382,576.6088987530751
66,20,172.02293466074073,16.355690841970066,0.6614521468648736,541.8804829263722,143.58314137269383,172.02293466074073,541.8804829263722
66,15,166.58216860444443,16.356793276340294,0.6613166581949342,517.330956599951,135.9043619879602,166.58216860444443,517.330956599951
66,10,181.16695765333333,2.2457718447662334,0.6612249390276425,569.4929948686847,148.516642536711,181.16695765333333,569.4929948686847
66,5,172.5748966874074,11.456352019128891,0.6605130442804341,541.9849579946654,135.56924476054994,172.5748966874074,541.9849579946654
66,0,178.16831935999997,6.9841750997480005,0.6611611444551744,474.78687978082934,121.59972262329032,178.16831935999997,474.78687978082934
67,200000,0.38508764444444443,0.02081462815260835,0.67081557267233,267.5367671542743,2.0047145781149625,0.38508764444444443,267.5367671542743
67,100000,0.5995223771428572,0.03596763053231692,0.6679148000394968,277.8220259063615,1.739874571632059,0.5995223771428572,277.8220259063615
67,40000,1.253831619047619,0.06202556097768617,0.6696811264349289,301.0685726391257,0.7838479207413387,1.253831619047619,301.0685726391257
67,5000,9.162827824761905,0.3374297673905392,0.6705196319893165,349.03580210524007,1.6392690963215713,9.162827824761905,349.03580210524007
67,3000,14.825160572121211,0.8340413784421853,0.6704026678301896,350.85821459744807,2.0499914894696403,14.825160572121211,350.85821459744807
67,2000,21.49778709333333,1.2325645486847043,0.6707216802110475,352.48641395569285,2.021044016545031,21.49778709333333,352.48641395569285
67,1500,28.230284017777777,1.5621506236310787,0.6697798510117425,353.70287134795785,2.151263105489236,28.230284017777777,353.70287134795785
67,1000,41.24430176,2.372422516895101,0.6691285657702822,355.6992568570084,2.095280801374364,41.24430176,355.6992568570084
67,900,45.420226595555555,2.71953731904479,0.6697808417941585,356.47779001033024,2.2588669956704006,45.420226595555555,356.47779001033024
67,800,50.19615678060606,2.9013050234392748,0.6698509137470805,357.213539386139,2.7155580848706657,50.19615678060606,357.213539386139
67,700,57.04443470222222,3.4260638133708947,0.6696224538684173,357.25641051849556,2.7377190279409653,57.04443470222222,357.25641051849556
67,600,65.4213079111111,3.9032007754890503,0.66963953414494,359.0069326188165,2.808806449506392,65.4213079111111,359.0069326188165
67,550,70.5882376888889,4.199543106515222,0.6692473163643093,359.5520099431044,2.2705923560603627,70.5882376888889,359.5520099431044
67,450,83.94255605333332,5.003218510083646,0.6689729081297973,361.32861253478865,2.2213855864736844,83.94255605333332,361.32861253478865
67,380,96.66434634666666,5.7179357075358785,0.6686531034556383,362.9592172915705,2.1723858844687034,96.66434634666666,362.9592172915705
67,340,105.79079160888888,6.269030487377177,0.6683702538934596,364.4832968345454,2.490435628776529,105.79079160888888,364.4832968345454
67,300,116.22001169777776,6.536771627955336,0.6679232270027143,366.393500604935,2.3275267895798644,116.22001169777776,366.393500604935
67,260,130.13844394666665,7.512376106957639,0.6679713922165059,370.8154721212586,3.659222213692611,130.13844394666665,370.8154721212586
67,220,146.87169621333334,8.141902254208832,0.6672753412270597,376.49836626840306,3.8033500547426273,146.87169621333334,376.49836626840306
67,200,154.591952896,7.355122708891179,0.6676174252707037,385.38449705082803,8.233011783106225,154.591952896,385.38449705082803
67,180,159.1799579022222,4.946578557999027,0.6676014124956852,386.9142184059438,4.350855663007318,159.1799579022222,386.9142184059438
67,160,165.3455059437037,5.328826328223657,0.6674992143167204,400.11830327393386,8.739260466584513,165.3455059437037,400.11830327393386
67,140,174.48682268444446,3.726263161217568,0.6674945544618847,515.7011987523224,33.74352306689349,174.48682268444446,515.7011987523224
67,120,177.2047608888889,1.6247881342596986,0.6674207800298289,531.9620910232557,93.05086397808684,177.2047608888889,531.9620910232557
67,100,173.61749513481482,9.626750140044429,0.6674813056817844,493.02566723200914,132.9822754236869,173.61749513481482,493.02566723200914
67,90,168.64148750222222,15.575346847977611,0.6672694025969885,513.7161873563186,118.74396823826717,168.64148750222222,513.7161873563186
67,80,168.2922368,16.361601970252707,0.6673386825655534,492.0051467219094,121.08951017340587,168.2922368,492.0051467219094
67,70,178.1978162725926,4.098391043092832,0.6671171915034271,555.3112656194608,119.21085530814705,178.1978162725926,555.3112656194608
67,65,165.70173620148148,17.056739350098827,0.6671786704517246,546.4464000230488,138.68039437719503,165.70173620148148,546.4464000230488
67,60,168.4827892622222,15.857746451310266,0.6671114515456775,530.4326315384648,132.2195751354106,168.4827892622222,530.4326315384648
67,55,180.54222288,1.9119222859119704,0.6670976549945191,531.0313993928207,141.61147767266027,180.54222288,531.0313993928207
67,50,168.5843488237037,11.676061190505134,0.6670445553447054,536.2382594392881,132.02714800274032,168.5843488237037,536.2382594392881
67,45,170.80859600592592,14.70734594401306,0.6668459279978747,482.02390700771707,117.45517771044962,170.80859600592592,482.02390700771707
67,40,178.08148072296297,5.428848843505907,0.6668551028646998,510.80536670729975,135.37902684179977,178.08148072296297,510.80536670729975
67,35,172.5405985659259,14.473258937193576,0.6668015332060386,465.00254470926745,86.11192464876234,172.5405985659259,465.00254470926745
67,30,178.85695160888886,4.049048587070582,0.6668027866843098,485.2499229147449,118.68715826578082,178.85695160888886,485.2499229147449
67,25,165.79341964190476,24.683032511413217,0.666885620863121,496.4881521239163,120.14110552733865,165.79341964190476,496.4881521239163
67,20,174.82511295999998,10.535372840986943,0.6673297027007096,487.81350350656584,105.33447166162253,174.82511295999998,487.81350350656584
67,15,167.1059399111111,16.48443733815924,0.6672565885387932,455.1234882083583,37.04909614069729,167.1059399111111,455.1234882083583
67,10,162.92032739555555,19.811391200316802,0.6669031217269347,448.9501791616499,35.855705730081745,162.92032739555555,448.9501791616499
67,5,173.21315712,10.289616961600244,0.6663742110582058,571.0281227834062,126.68446294755098,173.21315712,571.0281227834062
67,0,180.18787825777778,0.24893651468959646,0.6664209109389843,551.136071410916,177.23306982613286,180.18787825777778,551.136071410916
69,100000,0.6338393600000001,0.02043165245248655,0.6897484305920314,278.42987348712995,1.5830909272589182,0.6338393600000001,278.42987348712995
69,40000,1.2324051200000001,0.007478813866168669,0.6934348623183271,301.31338068968233,0.836457446586266,1.2324051200000001,301.31338068968233
69,5000,9.012696035555557,0.07171811870294814,0.6930298142559774,349.8345876425067,1.1424648909194737,9.012696035555557,349.8345876425067
69,3000,14.527416177777779,0.08981654899385717,0.6905377876953737,352.1317817604179,0.5022235220290183,14.527416177777779,352.1317817604179
69,2000,21.376569173333333,0.08784697207940925,0.6899501850154452,354.01078348112907,0.6181007803336933,21.376569173333333,354.01078348112907
69,1500,27.880033991111105,0.026270156026197904,0.6900553769233807,355.27748795291933,0.20916119364049418,27.880033991111105,355.27748795291933
69,1000,40.593575679999994,0.1267182617078474,0.6893877966012257,356.99871476158154,0.25041719720525923,40.593575679999994,356.99871476158154
69,900,44.617674808888886,0.10284180070256567,0.6888815546457315,357.6261666250627,0.38731946042121873,44.617674808888886,357.6261666250627
69,800,49.71111637333333,0.11821437181272311,0.6889280887700542,358.1514721993371,1.3575864821466486,49.71111637333333,358.1514721993371
69,700,56.06384426666667,0.020587538025358846,0.6884901565273233,359.77958769637684,0.635443655958213,56.06384426666667,359.77958769637684
69,600,64.13636608,0.057751141552079444,0.6881328930265718,361.6120670933222,1.6089248548959298,64.13636608,361.6120670933222
69,550,69.29070904888889,0.1408765024678012,0.6881249206698513,360.6009348821663,0.7768600500023678,69.29070904888889,360.6009348821663
69,450,82.30316245333331,0.172029190893466,0.6870197933452463,361.99741147017625,0.21703819078767933,82.30316245333331,361.99741147017625
69,380,94.45572693333332,0.08039223170079844,0.6872748525864051,364.42784182341757,0.4903389076256693,94.45572693333332,364.42784182341757
69,340,103.13424284444443,0.19071293466730993,0.6873216984917531,365.5410354473226,0.9035786037411354,103.13424284444443,365.5410354473226
69,300,113.28225450666666,0.20885785113403052,0.6872561906080666,368.039401719888,0.537263378675187,113.28225450666666,368.039401719888
69,260,126.72630570666666,0.13950570419692884,0.6868379867562165,370.501297852617,0.5483520570369037,126.72630570666666,370.501297852617
69,220,143.21361336888887,0.14081109400904762,0.6864413903517729,376.3684334304833,0.4126065198965076,143.21361336888887,376.3684334304833
69,200,152.7125422933333,0.10497547003523565,0.6862613691858698,383.85788901001405,0.555269097905887,152.7125422933333,383.85788901001405
69,180,159.5662829511111,0.325545127534143,0.6861617911293706,396.2236335907673,1.010523472790022,159.5662829511111,396.2236335907673
69,160,165.02083171555554,0.26268473573989615,0.685967411501113,413.1377389243926,0.45406876700813065,165.02083171555554,413.1377389243926
69,140,170.60971463111113,1.823118600343486,0.6857656186004726,534.541038597079,28.138470056686636,170.60971463111113,534.541038597079
69,120,171.42323968000002,0.07359603328810847,0.6858290284367236,333.650761125845,0.9194997158410055,171.42323968000002,333.650761125845
69,100,171.00714538666668,0.8454540942884907,0.6857883359028355,324.46871470250784,11.546061942079128,171.00714538666668,324.46871470250784
69,90,171.56329784888888,0.19591971747459802,0.6856534377878271,299.57344115745076,9.306367291556137,171.56329784888888,299.57344115745076
69,80,172.34801692444444,1.6397907882578802,0.6858047349279125,286.0794464909195,9.86829630556673,172.34801692444444,286.0794464909195
69,70,171.91903658666664,0.11486449912722442,0.6856869412158924,360.0694974487705,73.52105753938059,171.91903658666664,360.0694974487705
69,65,173.37790478222223,1.2348573667909744,0.6855706465072315,371.8840716335945,87.40384867286777,173.37790478222223,371.8840716335945
69,60,171.50658801777777,9.554278432623665,0.6852943826993253,400.9628172728715,25.796361144048365,171.50658801777777,400.9628172728715
69,55,172.84678385777775,0.11924288161376233,0.6856351608466978,373.7706814323107,47.84640843361185,172.84678385777775,373.7706814323107
69,50,175.3378599822222,1.6535044919699262,0.6853794573282839,436.83432575787964,26.829418624298565,175.3378599822222,436.83432575787964
69,45,173.22901489777777,1.2967853335024768,0.6857706237365027,391.8570616885004,43.813409726403584,173.22901489777777,391.8570616885004
69,40,173.5644397511111,0.8929272991382874,0.6854268644442691,350.7978790115629,22.66948004640034,173.5644397511111,350.7978790115629
69,35,174.2596093155556,0.1260992787836671,0.6852940243456681,378.38956593936297,47.87737923694479,174.2596093155556,378.38956593936297
69,30,172.97957404444443,2.3497616840526945,0.6852440946789305,412.92469696662664,50.58406324871351,172.97957404444443,412.92469696662664
69,15,174.6428629333333,,0.6851264078223936,391.26340159650323,7.865222490953966,174.6428629333333,391.26340159650323
70,5000,8.606899626666667,0.03453547231677008,0.704116560365301,345.87916116825903,0.2766108157176159,8.606899626666667,345.87916116825903
70,3000,13.926319146666668,0.010908526885276083,0.7037196049238534,347.31708479350164,0.9553832570532559,13.926319146666668,347.31708479350164
70,2000,20.494183395555556,0.027920005249043697,0.7046346406266416,348.2383817723368,0.4080214771842269,20.494183395555556,348.2383817723368
70,1500,26.90444885333333,0.026008695420839903,0.7035129403634554,349.5300575382036,0.2167692467118115,26.90444885333333,349.5300575382036
70,1000,39.16577080888889,0.041071965904507325,0.704585539277406,351.6763054948049,0.3358066581349896,39.16577080888889,351.6763054948049
70,900,43.40170424888888,0.29500809403892014,0.7024037979363259,352.0644526069402,0.3215993875287236,43.40170424888888,352.0644526069402
70,800,48.11242751999999,0.039480048518498255,0.7040337924291317,352.866321509088,0.47524485828394974,48.11242751999999,352.866321509088
70,700,54.30597304888889,0.05327986075416012,0.7044013748547474,353.9875194620277,1.1893295956966685,54.30597304888889,353.9875194620277
70,600,62.26773930666667,0.015815737620843467,0.7040041904834934,354.7259937559508,0.24370766237805788,62.26773930666667,354.7259937559508
70,550,67.32488746666665,0.1984036452032703,0.7029041684441598,355.2286612239149,0.47263527394159466,67.32488746666665,355.2286612239149
70,450,79.91736746666668,0.054937558277703254,0.7038447799776639,356.75350957803903,0.28848562508316933,79.91736746666668,356.75350957803903
70,380,91.93017642666666,0.08824905914545796,0.7036328558803652,358.6306358576639,0.48725877608913304,91.93017642666666,358.6306358576639
70,340,100.81199615999999,0.2099309655841692,0.7032677954047736,360.31998020360015,0.2146423957734774,100.81199615999999,360.31998020360015
70,300,110.87044039111112,0.18669118116969255,0.7030296259786083,362.23665200991644,0.4394325643289709,110.87044039111112,362.23665200991644
70,260,124.08168604444444,0.18646634135766027,0.7029440430308393,365.29125246396035,0.6037056878844431,124.08168604444444,365.29125246396035
70,220,139.92488007111112,0.2491445743163761,0.7026979524527146,371.05970622985586,0.26192239516528076,139.92488007111112,371.05970622985586
70,200,148.99902051555554,0.053141041579431635,0.7024570857071039,377.8561364601156,0.9195756802892711,148.99902051555554,377.8561364601156
70,180,153.28329173333336,0.1032841162911237,0.7025030109154771,383.5816042345646,0.5076780181468357,153.28329173333336,383.5816042345646
70,160,159.82207573333332,0.31667952542673716,0.7023143073446217,396.7529786819152,0.4556871909381676,159.82207573333332,396.7529786819152
70,140,160.20574961777777,8.369282045063306,0.7020634880524028,547.8076080312682,0.5953852655827363,160.20574961777777,547.8076080312682
70,120,162.93159907555557,10.911218235821902,0.7019867455937998,579.5005322020859,15.382078988189933,162.93159907555557,579.5005322020859
70,100,161.33501027555556,11.704729674544456,0.702145250730872,551.2700815058078,120.86498350780126,161.33501027555556,551.2700815058078
70,90,165.53235498666666,6.144813126956408,0.7019575978461926,504.361066002256,117.42498035497483,165.53235498666666,504.361066002256
70,80,164.36209642666665,10.192840692658933,0.701789759498769,646.7489412284415,3.847514456519281,164.36209642666665,646.7489412284415
70,70,161.5137095111111,11.714754379837963,0.7016822346985515,655.0735584113381,0.8551605395968145,161.5137095111111,655.0735584113381
70,65,167.03719125333333,5.5986079577003975,0.7010577741942828,591.4883218670334,121.95022719731254,167.03719125333333,591.4883218670334
70,60,163.00181745777775,16.11947849499273,0.701352249803635,454.69535778819744,8.433137286283335,163.00181745777775,454.69535778819744
70,55,171.79829887999998,2.3776555562311072,0.7013145261369477,518.3148426931053,135.2750221700564,171.79829887999998,518.3148426931053
70,50,169.95200938666665,4.836419106217652,0.7010995952409829,459.3608964054923,13.997009576929237,169.95200938666665,459.3608964054923
70,45,144.4757100088889,10.040676646706073,0.7013608996811431,672.7387904245779,2.7207897676829185,144.4757100088889,672.7387904245779
70,40,162.34306261333333,15.336547504636625,0.7011962870154602,676.3456534884476,2.310066619677075,162.34306261333333,676.3456534884476
70,35,158.75606840888892,17.442257620114294,0.701019119746363,606.0987177958672,131.26432276568943,158.75606840888892,606.0987177958672
70,30,155.7379456,15.613773036870503,0.7008423010913508,452.22343068891524,22.915927438240903,155.7379456,452.22343068891524
70,25,162.56374101333333,12.828173644456841,0.7003779041173184,472.32853566622725,8.39399461776084,162.56374101333333,472.32853566622725
70,20,130.20737429333334,11.488633819022626,0.7005827508886318,693.22953974503,1.7273774030790285,130.20737429333334,693.22953974503
70,15,164.24260266666667,5.6042640491903475,0.7004487490726322,476.6598043959077,10.17534284747953,164.24260266666667,476.6598043959077
70,10,170.52592483555554,4.048074200170625,0.6996541483892965,478.7437424087711,14.997677821026151,170.52592483555554,478.7437424087711
70,5,171.25750229333332,4.6308283277930915,0.6986995219326309,686.6599271600498,1.5156464292308425,171.25750229333332,686.6599271600498
70,0,171.5220613688889,3.224147430286419,0.6972190431767391,643.6410177135778,4.9160719185340005,171.5220613688889,643.6410177135778
72,200000,0.38002073599999997,0.017356895018029016,0.7192128828697428,266.92363541034814,0.13711918644319404,0.38002073599999997,266.92363541034814
72,5000,9.159045973333333,0.01778924466082927,0.7223158006502483,350.6995584044116,1.1146192645839084,9.159045973333333,350.6995584044116
72,3000,14.877654471111109,0.016064460347659928,0.7226054864828427,351.05776269459085,0.5137363796391586,14.877654471111109,351.05776269459085
72,2000,21.797045546666666,0.16035386688896097,0.7226863391958991,353.0818402723242,1.0352901303335313,21.797045546666666,353.0818402723242
72,1500,28.378930631111107,0.05774791571133228,0.7188668304081364,354.16809073930887,1.555107694831698,28.378930631111107,354.16809073930887
72,1000,41.31028138666667,0.0703915130574094,0.7210423941091011,356.24448893344083,0.09893097012504232,41.31028138666667,356.24448893344083
72,900,45.51808910222221,0.13845917220884987,0.7200512444678319,356.3055972923759,0.3341345899411055,45.51808910222221,356.3055972923759
72,800,50.46099043555555,0.07278479650647135,0.7199646560059167,358.1495644411588,1.3186297530375575,50.46099043555555,358.1495644411588
72,700,57.04539448888889,0.2642422181692754,0.7198194852493055,357.288040097845,0.2554836258917048,57.04539448888889,357.288040097845
72,600,65.20295438222222,0.12136485209477664,0.7200172834217372,359.4895352704685,1.2606482723598653,65.20295438222222,359.4895352704685
72,550,70.23619384888889,0.1007587790665106,0.7194616516828461,360.5558508170864,0.6281024659841937,70.23619384888889,360.5558508170864
72,450,83.26994958222222,0.16615233057086767,0.7195539449291305,363.02661859031485,0.03279085943495716,83.26994958222222,363.02661859031485
72,380,95.78998826666664,0.0756969017908371,0.7189314320626465,365.01487388428467,0.8361837707887615,95.78998826666664,365.01487388428467
72,340,104.59463950222222,0.1748963061146651,0.7187075230447478,365.84891243068313,0.8769939985678858,104.59463950222222,365.84891243068313
72,300,114.6738464711111,0.17132519559620468,0.7187631701984656,369.6227316276989,2.177178506654867,114.6738464711111,369.6227316276989
72,260,127.91912917333332,0.23175032279600233,0.7185867223300981,375.34773083541927,3.0063958945396574,127.91912917333332,375.34773083541927
72,220,144.09699114666668,0.2094577715886967,0.7182890991637215,384.1251641952387,0.5518669441875205,144.09699114666668,384.1251641952387
72,200,153.08984405333334,0.10839669367042008,0.718155498779816,400.01159962428636,1.0427913346804472,153.08984405333334,400.01159962428636
72,180,153.32920106666666,0.3248899971013008,0.7178975164919361,400.39788530897704,0.5277349096416354,153.32920106666666,400.39788530897704
72,160,159.06005546666665,0.1618234156189044,0.7180522822757475,422.71475560061543,1.4373912335590164,159.06005546666665,422.71475560061543
72,140,163.2822308977778,0.5514788124183254,0.7178919127073738,535.8013715257779,11.00659538801814,163.2822308977778,535.8013715257779
72,120,163.06130488888888,0.9891315841847772,0.7177376622062749,338.5312964628879,20.933821777817137,163.06130488888888,338.5312964628879
72,100,163.2257874488889,0.04422016907404423,0.7177798657571416,311.7267384899651,26.064257809943687,163.2257874488889,311.7267384899651
72,90,163.27820529777776,0.15708140504946605,0.7176912664010567,328.858539206117,31.08203230849916,163.27820529777776,328.858539206117
72,80,163.33490119111113,0.5611454163093542,0.7176474830632954,346.69243072777357,31.202804538190858,163.33490119111113,346.69243072777357
72,70,163.0084839822222,0.29717829470343543,0.7176385465596563,299.70738363352444,27.513742504842803,163.0084839822222,299.70738363352444
72,65,164.7868896711111,1.8037706726089016,0.7172737839552088,367.53594736562394,63.739176708153984,164.7868896711111,367.53594736562394
72,60,159.87080433777777,8.602005916335324,0.7168898579068875,373.7167348715571,25.366652321528235,159.87080433777777,373.7167348715571
72,55,164.46274289777776,0.278531885127923,0.717204701726797,339.4088751006711,24.541432623342647,164.46274289777776,339.4088751006711
72,50,164.90777500444446,0.32238967315101086,0.7169446595935178,373.0550941601942,16.95983302624416,164.90777500444446,373.0550941601942
72,45,165.86948849777778,2.7847991952321682,0.716507641795555,366.6442060036973,22.64956193966454,165.86948849777778,366.6442060036973
72,40,165.654144,2.6849448264229907,0.7162303749486227,363.92540823849976,26.94206481858669,165.654144,363.92540823849976
72,35,153.09890645333334,16.05288510199596,0.7157550879704448,388.37250308445573,23.440333378502665,153.09890645333334,388.37250308445573
72,30,166.80049564444445,2.2420760196071727,0.7154434913852721,363.36356584431223,41.90769488971606,166.80049564444445,363.36356584431223
72,25,166.01080348444444,0.17388955008567125,0.7152136484739828,376.5635027028623,33.11554571468087,166.01080348444444,376.5635027028623
72,5,168.50025856000002,,0.7249447569433253,456.7058302853846,19.18675011142401,168.50025856000002,456.7058302853846
72,0,165.56692366222225,1.6032334469379632,0.7231633885074419,625.7549601513156,4.41918288045097,165.56692366222225,625.7549601513156
73,200000,0.3931524266666666,0.014775605988755016,0.731723481903272,268.65798000899395,3.3260226367847476,0.3931524266666666,268.65798000899395
73,100000,0.61245696,0.020847996925249225,0.7294466105838746,278.04822474816905,0.32319190231081096,0.61245696,278.04822474816905
73,1000,40.148786773333335,,0.7345583099808192,351.52801325424883,0.577320820614069,40.148786773333335,351.52801325424883
73,900,44.274175431111104,0.08885441468788978,0.7348043297113064,371.29730538544504,32.42206495094367,44.274175431111104,371.29730538544504
73,800,49.38989013333333,0.048146316189386695,0.7347865474677935,352.9649944632456,1.4302118572519777,49.38989013333333,352.9649944632456
73,550,68.86776334222223,0.048164600695288745,0.7344258779697794,354.8800745514595,0.2148323937874725,68.86776334222223,354.8800745514595
73,450,81.80473045333333,0.16421827479231652,0.734655714811434,356.0482210163328,0.63830657028888,81.80473045333333,356.0482210163328
73,380,94.28700131555554,0.07794289254041925,0.7344777580700707,358.63560501659896,0.13729340369480703,94.28700131555554,358.63560501659896
73,340,103.40728604444443,0.25117891702222256,0.7334017710704069,360.1777688853692,0.2596363612554814,103.40728604444443,360.1777688853692
73,300,113.29784319999999,0.1395089004990823,0.7342010284049988,362.74849059720424,0.23270866005672733,113.29784319999999,362.74849059720424
73,260,126.86981191111109,0.14449159624412,0.7339145873261819,366.5008448058888,0.7053382755077896,126.86981191111109,366.5008448058888
73,220,143.06827733333333,0.16524355738896146,0.7336481867464837,375.56827696117244,0.3686086321860701,143.06827733333333,375.56827696117244
73,200,152.39330872888888,0.21190012728240967,0.7335464645632787,391.89545397765943,0.6453438122701601,152.39330872888888,391.89545397765943
73,180,156.60001792,0.2587285076866841,0.7333728010110567,411.1887838085053,0.5305039313512908,156.60001792,411.1887838085053
73,160,159.98039281777778,0.4885576386016191,0.7327443498951846,431.2990680160717,1.2414678355046558,159.98039281777778,431.2990680160717
73,140,161.37740174222222,1.3983475469103885,0.7330873296493091,564.2276420370353,7.125419112987142,161.37740174222222,564.2276420370353
73,120,154.14538581333332,14.904942098997573,0.7326232069205872,445.98505040030267,124.52007938084395,154.14538581333332,445.98505040030267
73,100,156.07373354666666,11.948265165695847,0.7326507603887311,570.2052398549846,137.70913938676344,156.07373354666666,570.2052398549846
73,90,164.32270506666666,2.3439464879987,0.732116963911114,433.7286727288217,10.430274356370816,164.32270506666666,433.7286727288217
73,80,163.00010026666666,2.296273423864214,0.7324465078906042,575.995520051882,154.7437965384418,163.00010026666666,575.995520051882
73,70,160.3834170311111,0.9609451095980268,0.7328182432292859,511.9245306172586,122.8219101876484,160.3834170311111,511.9245306172586
73,65,151.01946467555555,12.075618777819042,0.731196383786945,520.4322620542936,129.60155680019852,151.01946467555555,520.4322620542936
73,60,163.04660323555552,0.0899713984000137,0.7320230300886088,501.97001775550956,144.041799605714,163.04660323555552,501.97001775550956
73,55,130.66780657777778,8.94798906392942,0.7303903153915128,512.3349830537352,140.64596711835765,130.66780657777778,512.3349830537352
73,50,157.0182674488889,7.752347477055157,0.7308860214032465,418.2888487591346,64.74566078582815,157.0182674488889,418.2888487591346
73,45,165.3314579911111,2.744993827439191,0.7301273515315417,432.3991879343316,14.224128412014275,165.3314579911111,432.3991879343316
73,40,156.96289009777777,16.371679314397966,0.730073759188297,442.3876830394959,26.906717797096903,156.96289009777777,442.3876830394959
73,35,165.90200348444444,2.021044926829013,0.7289547734525605,447.6620608709725,12.681920743172654,165.90200348444444,447.6620608709725
73,30,163.22307000888887,2.287674659861526,0.7292500805513393,441.0120480311709,49.07377595827284,163.22307000888887,441.0120480311709
73,25,156.62204984888888,15.076218253004875,0.728600090722829,521.3639938880066,152.09297329538285,156.62204984888888,521.3639938880066
73,20,164.75751182222223,0.693218814997605,0.7281560555310332,448.05073489317186,15.926148071602917,164.75751182222223,448.05073489317186
73,15,163.61315384888889,5.398502331613317,0.7274253015041389,443.54359523661975,30.13552718485966,163.61315384888889,443.54359523661975
73,10,165.5709804088889,0.7598583340328623,0.7265524193932441,449.0592887812126,31.204523387870015,165.5709804088889,449.0592887812126
73,0,162.50600376888892,4.125764804051996,0.7343080527980724,518.6878904250825,129.56823611617773,162.50600376888892,518.6878904250825
74,200000,0.36608672000000003,0.025175390224667152,0.7392962060925754,267.25475198971657,0.9472566110647627,0.36608672000000003,267.25475198971657
74,5000,8.82811264,,0.7365853154013827,346.49875744854063,1.2720279436323152,8.82811264,346.49875744854063
74,3000,14.371701333333334,0.028606020172704905,0.7373167807306323,347.68422200305827,0.8347180884962244,14.371701333333334,347.68422200305827
74,2000,21.014970595555557,0.02392853049592953,0.7365792873449105,349.320742782624,0.37335248186859615,21.014970595555557,349.320742782624
74,1500,27.553747413333333,0.05314033797028429,0.7357566306993689,351.0111261085056,0.7192398704583676,27.553747413333333,351.0111261085056
74,700,55.61679815111111,0.13950014934100444,0.7355319863922886,353.3185226717222,0.3395690855406799,55.61679815111111,353.3185226717222
74,600,63.81981866666666,0.05754966729595061,0.7352654743630229,355.64821700049896,1.0400258191738871,63.81981866666666,355.64821700049896
74,65,159.70088191999997,,0.7436630611688986,518.1202047149881,123.75239977639829,159.70088191999997,518.1202047149881
74,60,162.45822293333336,1.3521340717539425,0.743771739639114,523.3488527539125,123.72091583976629,162.45822293333336,523.3488527539125
74,55,161.56720412444443,5.556032000179142,0.7430206707846496,525.173086847124,129.1149408281193,161.56720412444443,525.173086847124
74,50,160.3069169066667,5.257448057696623,0.7438303713267704,525.672655185972,132.61598516072232,160.3069169066667,525.672655185972
74,45,133.35880291555557,17.35283182724151,0.743049848404548,460.16285862613177,11.241699942075114,133.35880291555557,460.16285862613177
74,40,163.3715143111111,1.7109202472545915,0.7433873608300781,444.17878759590695,9.787661211800327,163.3715143111111,444.17878759590695
74,35,161.20027221333336,2.774468765674482,0.7421600536543562,440.7903532814037,25.07006030893585,161.20027221333336,440.7903532814037
74,30,161.9287264711111,0.8102564934634864,0.7422757905367877,410.251213371894,41.02864245640036,161.9287264711111,410.251213371894
74,25,155.5348596622222,7.677947601128193,0.7418779734474753,443.1550090072789,29.802818823503596,155.5348596622222,443.1550090072789
74,20,120.42906325333331,4.123120256944845,0.7408790277725132,464.7186112531996,3.223894275646586,120.42906325333331,464.7186112531996
74,15,162.89075498666668,3.6449508646929503,0.7407200157901356,474.28333013884156,1.7471349579595326,162.89075498666668,474.28333013884156
74,10,164.1862637511111,1.266953181906424,0.7395303184391865,479.1141421624605,0.7777703429012364,164.1862637511111,479.1141421624605
74,5,164.8696210488889,1.0416223994532412,0.7374829351126623,607.050690160173,126.66568225082814,164.8696210488889,607.050690160173
74,0,162.09468913777778,1.347817017781669,0.7441063998751671,589.2890238930477,1.7034901932995201,162.09468913777778,589.2890238930477
75,200000,0.37622634666666666,0.014842598728851594,0.7489969139802182,265.0561439980807,0.3270511380609673,0.37622634666666666,265.0561439980807
75,100000,0.64084128,0.043350309570634814,0.7501026494467432,283.5023923190372,0.5070881340329432,0.64084128,283.5023923190372
75,40000,1.30731264,,0.7482341790866491,303.47462003434157,0.360868368058877,1.30731264,303.47462003434157
75,5000,9.369216142222223,0.11305184747712332,0.7511679282281087,343.5117257825275,0.41763881070657627,9.369216142222223,343.5117257825275
75,3000,15.15393720888889,0.018282324958402506,0.7514284296009066,344.4018813300814,0.1778883225432532,15.15393720888889,344.4018813300814
75,2000,22.374314524444443,0.0938907584814685,0.7509667193880638,345.6908691387487,0.04504601987328763,22.374314524444443,345.6908691387487
75,1500,29.26392220444444,0.09201120571369145,0.7491222296882158,346.4449943861194,0.4030759447568589,29.26392220444444,346.4449943861194
75,1000,42.611299413333334,0.019811134008178858,0.7504105222084781,348.53411893321305,0.48768943557377825,42.611299413333334,348.53411893321305
75,900,47.04926364444444,0.1576905283231596,0.7507054203318649,348.25632659304523,0.7522796327287594,47.04926364444444,348.25632659304523
75,800,52.35797646222222,0.03872237852739675,0.7501361193454944,349.6460044046987,0.3604156390468615,52.35797646222222,349.6460044046987
75,700,59.017673244444445,0.033484867893467524,0.750103819672535,350.49997836043326,0.15463888407335633,59.017673244444445,350.49997836043326
75,600,67.62896511999999,0.05131579380892577,0.7499434108076177,351.3967136856107,0.5922332547745354,67.62896511999999,351.3967136856107
75,550,72.78007978666666,0.0600522332235023,0.7500656412494986,352.2204287656148,0.19969548017129443,72.78007978666666,352.2204287656148
75,450,86.62708963555554,0.3688778656241491,0.7487923719061017,353.07665478645737,0.4127802868800347,86.62708963555554,353.07665478645737
75,380,99.37170830222222,0.035055876397138794,0.7495650133453098,355.9835889666924,0.44651787048657515,99.37170830222222,355.9835889666924
75,340,108.5686727111111,0.15969565822404883,0.749517881202843,358.2915862355524,0.009768459953050033,108.5686727111111,358.2915862355524
75,300,119.30523192888887,0.2683376981420712,0.7493086846223078,360.93656148111614,0.44347352619647773,119.30523192888887,360.93656148111614
75,260,133.30075662222222,0.09401128857415553,0.7490319153131848,366.3363968718354,0.25611996374226376,133.30075662222222,366.3363968718354
75,220,149.08686051555557,0.14328002292966058,0.7488129540114743,384.97794864147227,0.5225709309839142,149.08686051555557,384.97794864147227
75,200,156.16678897777777,0.3652321741492174,0.7485903971425184,427.0411881073015,0.5821120893940759,156.16678897777777,427.0411881073015
75,180,157.35192988444444,0.1567046501823649,0.748570059940262,435.18200225969736,0.40106348143851067,157.35192988444444,435.18200225969736
75,160,158.41898496,0.24303633912785766,0.7484462601556622,459.5725459971996,0.8192335593150742,158.41898496,459.5725459971996
75,140,156.05622243555555,7.9816426250365575,0.7472877124292098,577.8374447282897,4.615257243370603,156.05622243555555,577.8374447282897
75,120,159.35156992,0.9951913766304248,0.7479775754671176,598.0702194586337,0.6597033638896648,159.35156992,598.0702194586337
75,100,128.46167232,0.5472676126095711,0.7467861742170401,444.0164088025897,10.788015091841102,128.46167232,444.0164088025897
75,90,159.5901087288889,3.8563899769414918,0.7466479403070815,500.9012568784489,128.6361903662279,159.5901087288889,500.9012568784489
75,80,161.86979754666663,,0.7463548079035772,514.7190584246654,127.86606370798664,161.86979754666663,514.7190584246654
75,70,155.91498254222222,9.594175144561994,0.7464408261991026,431.08896465198194,22.789780926721306,155.91498254222222,431.08896465198194
75,5,147.1841260088889,7.701022265526406,0.7479567004764739,614.8329170272771,137.27497628697608,147.1841260088889,614.8329170272771
79,200000,0.34433536,0.017479227082591493,0.7895881774826111,268.52296196101025,0.4861848458886822,0.34433536,268.52296196101025
79,40000,1.28742912,,0.7866870682558431,307.84116622439575,0.06499311443775797,1.28742912,307.84116622439575
79,5000,8.77852032,,0.7877344929735646,347.50311356738416,0.10225241632997886,8.77852032,347.50311356738416
79,3000,14.36676693333333,0.07717866639747564,0.7893974813682875,348.1558620868221,0.4071782543368165,14.36676693333333,348.1558620868221
79,2000,20.83238186666667,0.013684379774937168,0.7863593650112678,349.55277946015417,0.5034087481114923,20.83238186666667,349.55277946015417
79,1500,27.360472319999996,0.022701612384300376,0.7874433649893874,350.772387124772,0.6607950636441553,27.360472319999996,350.772387124772
79,1000,40.06763761777778,0.035436819668465666,0.7890000452954812,352.52317015736094,0.40459965425185035,40.06763761777778,352.52317015736094
79,900,44.2931968,0.03253099411988262,0.7892733907516952,353.33697852094593,0.3105758541792958,44.2931968,353.33697852094593
79,800,49.322287786666664,0.08397726724903931,0.7895494138608911,353.6308729030777,0.47096789283565016,49.322287786666664,353.6308729030777
79,700,55.56357447111111,0.1398335477075467,0.7898428099980245,382.1952512604342,23.77760198726925,55.56357447111111,382.1952512604342
79,600,63.765413120000005,0.09275347431801284,0.7898734254396625,355.97795451635074,0.4424330638493799,63.765413120000005,355.97795451635074
79,550,68.82776305777777,0.10907089975154344,0.789325552366562,356.66119663348394,0.3175046842738098,68.82776305777777,356.66119663348394
79,450,82.08884423111111,0.06961411468386121,0.7899105971019607,358.5016929049925,0.3519427069775014,82.08884423111111,358.5016929049925
79,380,94.55929685333332,0.1276957913191385,0.7896433260156476,360.2053118529452,1.0052682136457585,94.55929685333332,360.2053118529452
79,340,103.51571384888888,0.11849505134851361,0.7897150530815957,362.2406473803814,0.7630284372476993,103.51571384888888,362.2406473803814
79,300,113.49161443555556,0.27632821633095556,0.7896129310824106,366.10069660958396,0.914245598591873,113.49161443555556,366.10069660958396
79,260,127.21823943111112,0.12040503699493314,0.7895400245216591,372.8009648051869,0.2415726487626639,127.21823943111112,372.8009648051869
79,220,142.53507328,0.15290329092428237,0.7892853495897469,402.48144401445717,0.45420187901907155,142.53507328,402.48144401445717
79,200,147.63248625777774,0.17887140627213655,0.7888361367436203,442.9884473815389,1.6573602135710144,147.63248625777774,442.9884473815389
79,180,147.47485070222223,0.6286666550525118,0.7887980430246052,431.1303271260737,0.4774737809662733,147.47485070222223,431.1303271260737
79,160,149.00367744000002,1.5333052887467822,0.7885929703205564,454.43912608523175,0.639050999936189,149.00367744000002,454.43912608523175
79,140,151.95141098666664,1.6103670199417808,0.7866433476463637,588.3045818128618,5.942424918003606,151.95141098666664,588.3045818128618
81,5000,8.935305066666666,0.48239580485909617,0.8092643295006086,345.29420748902385,0.6980022731616833,8.935305066666666,345.29420748902385
81,3000,14.113492195555553,0.028653187143408417,0.8094570346546179,346.08693447275556,0.675611247639227,14.113492195555553,346.08693447275556
81,2000,20.401278862222224,0.05567693964895941,0.8078028494303342,347.19473397751705,0.5604155545450941,20.401278862222224,347.19473397751705
81,1500,26.768647537777778,0.10190463426499784,0.8081786800450769,349.1422970128412,0.20740787478583123,26.768647537777778,349.1422970128412
81,1000,39.57588864,0.041493693554698945,0.8117677937971735,350.58155185993445,0.184543583827489,39.57588864,350.58155185993445
81,900,43.995404799999996,0.04563383555329402,0.8124514033807732,350.2417179514616,0.8211454539538254,43.995404799999996,350.2417179514616
81,800,49.047571911111106,0.16851297623380465,0.8133179291220788,350.30424333032147,0.8902764227435501,49.047571911111106,350.30424333032147
81,700,55.28814008888889,0.1270456565070522,0.8141849646431956,352.3818746774271,0.955920538557615,55.28814008888889,352.3818746774271
81,600,63.48813681777778,0.06537292045413261,0.8145089945945738,353.64469708960775,0.6391067996543465,63.48813681777778,353.64469708960775
81,550,68.37038179555556,0.08060540411790618,0.814596982416243,352.49773682855607,0.6631984028438679,68.37038179555556,352.49773682855607
81,450,81.81124295111111,0.10648405600913759,0.8146257049360403,354.83432162121454,0.4949979865317189,81.81124295111111,354.83432162121454
81,380,93.95814542222222,0.2906880384552073,0.814709667324048,358.3745492530158,0.3440809949400529,93.95814542222222,358.3745492530158
81,340,103.09015950222222,0.20445643628046994,0.8146175163982837,360.8754329970762,1.2746013541991743,103.09015950222222,360.8754329970762
81,300,112.72553841777778,0.17873400439787018,0.8146020115922546,362.82391567432614,0.3957131088153129,112.72553841777778,362.82391567432614
81,260,126.38103722666666,0.19531504869157704,0.8145325831628359,370.5898932228752,1.3405949006805327,126.38103722666666,370.5898932228752
81,220,140.32243541333332,0.15427734194410542,0.8142832203850525,409.1369467605147,1.0855400770621655,140.32243541333332,409.1369467605147
81,200,142.4552641422222,1.5861676780458327,0.8141407795834888,443.848789751376,1.2045164389313503,142.4552641422222,443.848789751376
81,180,139.73198193777776,5.480458344023816,0.8138278963788235,437.42040825114395,1.158728177407764,139.73198193777776,437.42040825114395
81,160,145.73748508444444,1.302994261163747,0.813459372481114,462.7829397460423,1.9999905384635184,145.73748508444444,462.7829397460423
81,140,145.74138851555554,1.6496957865077837,0.8100696177533914,581.2563419517239,2.961992387470921,145.74138851555554,581.2563419517239
81,120,140.15936995555555,8.271696661189946,0.8081590407406017,607.1936104680309,3.909070215022435,140.15936995555555,607.1936104680309
81,100,148.5027163022222,1.245448158902906,0.8086839777229399,650.0441745015371,1.1236154710407857,148.5027163022222,650.0441745015371
81,90,145.84641717333332,5.580996506488394,0.8091556738847427,647.4909608256456,6.161279680389034,145.84641717333332,647.4909608256456
81,80,144.9833584,4.796312311424112,0.8124851075287758,528.0135688779891,119.2931754451278,144.9833584,528.0135688779891
81,70,147.27617130666667,5.749240642521629,0.811211695465555,532.5033916246764,116.15412715651075,147.27617130666667,532.5033916246764
81,65,144.14466104888888,10.299260243506112,0.8134533914341175,604.1701589417746,117.62053089090902,144.14466104888888,604.1701589417746
81,60,142.53981639111112,5.859963227605205,0.8104853621585001,536.2908998378178,122.57249124346049,142.53981639111112,536.2908998378178
81,55,149.2818904177778,1.0269355474183335,0.8133166524452378,475.38329204670316,4.95594840038674,149.2818904177778,475.38329204670316
81,50,146.61420145777777,4.67646899012367,0.8127626172548843,468.41062818177505,6.643044085336425,146.61420145777777,468.41062818177505
81,45,146.73008398222223,6.859965863796953,0.8119732004952803,622.6466900298,121.38962898580753,146.73008398222223,622.6466900298
81,40,150.56112099555557,0.7864299186118923,0.8119410293589681,543.822618355996,131.1368332570719,150.56112099555557,543.822618355996
81,35,148.93829802666664,0.5398116633150227,0.8118276364278622,551.1748945933144,133.973564630445,148.93829802666664,551.1748945933144
81,30,123.52365333333333,1.1155023932072499,0.8108317656356057,590.0063432447325,157.70554602371436,123.52365333333333,590.0063432447325
81,25,146.9883000888889,4.864290384391715,0.8107996985110105,558.1055584402565,130.62876048272312,146.9883000888889,558.1055584402565
81,20,125.84073087999998,3.9474526726801415,0.8106044245157612,479.43648836153164,9.581506300310286,125.84073087999998,479.43648836153164
81,15,150.14293290666666,1.1540869663710747,0.8100350316741685,604.566133191323,157.4520191658865,150.14293290666666,604.566133191323
81,10,140.7914080711111,7.1725712975610865,0.8086722494090486,722.9083184280248,3.979331518888503,140.7914080711111,722.9083184280248
81,5,150.24588913777777,1.0189889838545123,0.8065402365265273,552.6659057397986,129.2013768365717,150.24588913777777,552.6659057397986
81,0,148.0961921422222,2.339752486947251,0.8053457824490984,565.7785901839635,116.32926787252339,148.0961921422222,565.7785901839635
83,100000,0.50718464,0.003799595862299086,0.8306730915539569,277.21630748720276,0.11934315932541804,0.50718464,277.21630748720276
83,2000,19.85467989333333,0.012508692470586407,0.8272178452725417,349.1088830021811,0.5076498748992946,19.85467989333333,349.1088830021811
83,1500,26.197522204444443,0.08558643987434189,0.8288034439500785,350.51680308769113,0.6191418407771655,26.197522204444443,350.51680308769113
83,1000,39.04882332444444,0.13822137725449687,0.8331546109286077,352.7668913607085,0.826910362491283,39.04882332444444,352.7668913607085
83,900,45.18389154133333,2.3501418595992853,0.8296766532374964,350.17978836447855,2.373869970774773,45.18389154133333,350.17978836447855
83,800,53.454116835555546,0.03420178295182471,0.8262184253490593,348.8119234392114,0.3582863760853811,53.454116835555546,348.8119234392114
83,700,59.12508704,2.568676702196688,0.8281488754364807,352.16656467024694,2.825759661064076,59.12508704,352.16656467024694
83,600,69.18703061333333,0.03435704598585353,0.826690309460294,351.23826464645055,0.23680403267982558,69.18703061333333,351.23826464645055
83,550,72.156635136,3.507574406460357,0.8289966171415994,358.5159445505372,11.96594052710782,72.156635136,358.5159445505372
83,450,88.81691967999998,0.18245089723249466,0.8269536992770758,354.4801803376413,0.04883303974281298,88.81691967999998,354.4801803376413
83,380,102.21549383111112,0.10980114368103261,0.8269620069621627,357.22351992263043,1.0339662415937096,102.21549383111112,357.22351992263043
83,340,112.15861546666666,0.07545685315843671,0.8268561560887178,360.42126763687185,0.1855918777374732,112.15861546666666,360.42126763687185
83,300,123.2567623111111,0.07917419995206045,0.8269951510614488,365.53879230759077,0.25656808310820733,123.2567623111111,365.53879230759077
83,260,137.3798235022222,0.08562592228259834,0.8266414860229148,395.88104195805954,0.7660339471731521,137.3798235022222,395.88104195805954
83,220,137.93490218666668,5.901928233767129,0.8257450678949722,435.78029728828886,10.996798612230378,137.93490218666668,435.78029728828886
83,200,141.38177735111114,1.2611256717580255,0.830218057290888,450.20043177275255,7.61379962613139,141.38177735111114,450.20043177275255
83,180,143.0612074666667,0.18483763717743024,0.8254454979315738,462.22817529777495,20.54659355145418,143.0612074666667,462.22817529777495
83,160,142.49718152533333,1.631969880831681,0.8305509304260135,460.83882218795475,8.574962014111623,142.49718152533333,460.83882218795475
83,140,143.49364935111112,1.2266673712060827,0.8311657222882672,438.2822627353925,116.7996029151049,143.49364935111112,438.2822627353925
83,120,143.38740608,0.12136596719153558,0.8308088362841882,431.2423478240523,117.76825901939546,143.38740608,431.2423478240523
83,90,142.55259869866666,2.2380942261640495,0.8308235542843321,381.8405844722984,55.96188648602799,142.55259869866666,381.8405844722984
83,80,135.3668915911111,11.687661978980179,0.8308142723087871,429.73513242748453,127.96011195961322,135.3668915911111,429.73513242748453
83,70,144.34421020444447,1.4323555628635778,0.8306388936577097,434.996096084651,120.85545380259656,144.34421020444447,434.996096084651
83,65,144.83486506666665,1.0553611551733637,0.8307776833479507,571.8637094287022,111.20499079581126,144.83486506666665,571.8637094287022
83,60,143.61139259733335,2.0342134989916465,0.8300360890590273,525.4228176887162,116.44629979323953,143.61139259733335,525.4228176887162
83,55,143.900113408,2.5426692331892697,0.8297493485545282,536.2023174007328,127.19983697312367,143.900113408,536.2023174007328
83,50,146.4768073955556,0.25815832149698636,0.8319653614015499,544.5429369750647,122.7840521251523,146.4768073955556,544.5429369750647
83,45,143.37715427555557,2.5105928165813762,0.8331340009650866,616.5923850744892,120.5774970181731,143.37715427555557,616.5923850744892
83,40,144.66988970666665,1.1167782778270186,0.8328322395415622,456.3508634457795,18.27452470294275,144.66988970666665,456.3508634457795
83,35,144.15955057777776,1.712841503887284,0.8322539914861485,461.35644207569936,18.206886977318067,144.15955057777776,461.35644207569936
83,30,133.8947962311111,9.200089747291086,0.8322062119491811,480.256013444307,1.3028527100832594,133.8947962311111,480.256013444307
83,25,135.8440411022222,9.636679289833088,0.831935368861607,638.0614851513417,125.83699924964819,135.8440411022222,638.0614851513417
83,20,127.21751210666667,5.802737315872805,0.8317630718010861,564.0438643941806,134.2246663934923,127.21751210666667,564.0438643941806
83,15,138.31276828444445,13.369385055214028,0.8316302110699775,480.13657096598143,11.65654797309717,138.31276828444445,480.13657096598143
83,10,109.76507285333334,1.1581897696211423,0.8305371866245939,494.1164637035653,14.38020150606499,109.76507285333334,494.1164637035653
83,5,133.66235648,10.56395853444367,0.8291480476847202,628.4807731496336,134.95553291353755,133.66235648,628.4807731496336
83,0,141.30069845333333,7.062032726764939,0.8286216249059621,641.507289314187,7.426365920855826,141.30069845333333,641.507289314187
84,40000,1.1564465777777777,0.10843807182957045,0.8426484818855382,303.55088254750746,2.6273879489946683,1.1564465777777777,303.55088254750746
84,5000,8.94276352,0.1390391417757625,0.8429966992892455,344.43287351227673,0.9562644144123954,8.94276352,344.43287351227673
84,3000,14.364398222222222,0.06929193878416227,0.8422101555871612,344.5088277109551,0.9469524456193814,14.364398222222222,344.5088277109551
84,2000,20.913999360000002,0.021205982642239506,0.8398231271027781,346.29888789109265,0.5343210270839105,20.913999360000002,346.29888789109265
84,1500,27.341212586666668,0.049317194407388604,0.840503325929196,347.0583512924075,0.4847809090006201,27.341212586666668,347.0583512924075
84,1000,40.81030570666667,0.04309555764345071,0.8444132560532905,348.23175761158535,0.6980288545796988,40.81030570666667,348.23175761158535
84,800,48.60419384888888,0.06293044692113504,0.8353376494048792,352.84850835948964,0.16878966859087938,48.60419384888888,352.84850835948964
84,600,63.15552981333334,0.06792192602374779,0.8364129802706497,355.38552264410197,0.7531123702830088,63.15552981333334,355.38552264410197
84,450,81.09323221333334,0.0535079592997673,0.8366402361941309,357.94321837232513,0.48903145641653106,81.09323221333334,357.94321837232513
84,380,93.39401614222221,0.12037091558875146,0.8366179547409018,360.44027601077704,0.2497696231699523,93.39401614222221,360.44027601077704
84,340,102.20936547555554,0.09496211221550273,0.8366832510300924,362.94913038714867,0.9805540300230255,102.20936547555554,362.94913038714867
84,300,112.44873884444443,0.0917951414416071,0.8366881484846586,366.7033390204743,0.7017854662249627,112.44873884444443,366.7033390204743
84,260,125.46946446222222,0.23442653034104957,0.8365072003009789,378.8140249930229,0.3847551838150389,125.46946446222222,378.8140249930229
84,220,138.35672739555557,0.8319841694854629,0.8401103617961909,434.5168291932828,8.955735914100947,138.35672739555557,434.5168291932828
84,200,137.24117034666668,1.757912648253543,0.8439446822232753,476.80757174700807,3.8249115256408195,137.24117034666668,476.80757174700807
84,180,139.44795584,0.7128788577426393,0.8394060330341028,437.8138075842315,12.366166827535945,139.44795584,437.8138075842315
84,160,139.8240096711111,0.8995904385287727,0.8432590157761485,453.7517264749151,4.827410043115989,139.8240096711111,453.7517264749151
84,140,134.72010012444443,7.787944077984891,0.8376912701273406,561.3746955623668,3.4958497300612374,134.72010012444443,561.3746955623668
84,120,135.2446189511111,11.842946907733769,0.8385183386681172,598.3356706680864,1.7799939019221314,135.2446189511111,598.3356706680864
84,100,133.09089649777778,12.294254806753315,0.8366326573223134,639.4058442165928,6.375144791122426,133.09089649777778,639.4058442165928
84,90,129.59520234666667,8.072082112438636,0.8400928963139469,627.8556647209199,1.1535682592995231,129.59520234666667,627.8556647209199
84,80,138.55257877333332,7.0761173462427625,0.8445921330677264,569.3546260646316,121.43466952655945,138.55257877333332,569.3546260646316
84,65,140.89730602666668,3.0020135221222204,0.8417824203544341,423.0884544320402,22.288565442238948,140.89730602666668,423.0884544320402
84,60,139.34383288888887,1.023440800646713,0.844006749047593,508.0015528485717,121.76021509494988,139.34383288888887,508.0015528485717
84,55,140.81003456,3.875571789503687,0.8434599162799051,454.94039169186703,1.2733316372640648,140.81003456,454.94039169186703
84,50,124.61562467555557,11.575940451695859,0.8437983041338658,599.1069638225118,124.08763214255382,124.61562467555557,599.1069638225118
84,45,125.23432448,9.304359571438654,0.8435082697716357,599.3803614962321,126.11393565757173,125.23432448,599.3803614962321
84,40,141.98182954666666,2.2510850625885674,0.8435646359669619,405.11677787448394,51.9112475740231,141.98182954666666,405.11677787448394
84,35,132.3529250133333,7.913797061452413,0.843673125713491,449.8997080630247,9.503528996953492,132.3529250133333,449.8997080630247
84,30,139.0950226488889,2.4589966676142603,0.8433864716574425,440.41950394145584,20.030591624239797,139.0950226488889,440.41950394145584
84,25,135.33226524444444,13.40150741008081,0.843098205158956,451.4450502051586,37.69216295682613,135.33226524444444,451.4450502051586
84,20,141.85404416,1.8324377500418387,0.8427094251645846,460.30238390413814,15.325501578451634,141.85404416,460.30238390413814
84,15,141.15777521777775,3.9608055509314597,0.8426748104134131,533.2526698880935,154.03086510611985,141.15777521777775,533.2526698880935
84,10,139.53581255111112,5.857507566708221,0.8414712922680575,475.4749111797807,21.97097666291548,139.53581255111112,475.4749111797807
84,5,137.42732344888887,6.191872393826881,0.8402873446452747,457.2503525606062,32.851851628115284,137.42732344888887,457.2503525606062
84,0,142.78798890666667,1.0807689877052016,0.8393855280469703,373.14485210992217,28.649034251367436,142.78798890666667,373.14485210992217
85,100000,0.49143296000000003,0.021418411884806036,0.8496418680231427,276.03681210319706,0.6255185543085113,0.49143296000000003,276.03681210319706
85,40000,1.0882574933333333,0.03824727380111427,0.8482119384760161,300.8727748465825,0.995359846566348,1.0882574933333333,300.8727748465825
85,5000,8.357733717333334,0.3897717536086259,0.8508898978553168,343.1001061882864,0.3769864535476354,8.357733717333334,343.1001061882864
85,3000,13.180962773333333,0.286268734184066,0.8507230168177873,344.5857477126233,0.5932661576097773,13.180962773333333,344.5857477126233
85,2000,18.89470762666667,0.06577931446817019,0.848551836958705,345.9542410706311,0.36203544593566583,18.89470762666667,345.9542410706311
85,1500,24.868600604444442,0.07896970900507287,0.8487980910734135,347.055024134816,0.33348787773044497,24.868600604444442,347.055024134816
85,1000,36.94826908444445,0.05251646686932154,0.8517978704220552,348.1413980743202,0.3969291451501771,36.94826908444445,348.1413980743202
85,900,42.96128391111111,2.1207670195494868,0.850202054239167,348.5641891275224,0.1127660865703542,42.96128391111111,348.5641891275224
85,800,48.41252558222222,2.6981340583482063,0.8503934023183302,348.40976284999573,0.4722121762283195,48.41252558222222,348.40976284999573
85,700,54.87987690666666,2.942267526102944,0.8511774898347246,349.4142318658012,0.308321849725975,54.87987690666666,349.4142318658012
85,600,66.01133696,0.15074499375014028,0.8476750017277888,351.01963032756186,0.2768340116103265,66.01133696,351.01963032756186
85,550,71.24313599999999,0.1019886857428592,0.8476137938958609,351.9916666231349,0.4271014267856684,71.24313599999999,351.9916666231349
85,450,84.66586396444444,0.22776525453570226,0.847754389107532,353.9362350992513,0.1579098981754249,84.66586396444444,353.9362350992513
85,380,97.21703694222221,0.12405883037631715,0.8474535716320343,356.3859002904765,0.062491027762592424,97.21703694222221,356.3859002904765
85,340,106.33887473777777,0.21009038192337184,0.8475368646676381,357.9165064345703,1.0903288072973794,106.33887473777777,357.9165064345703
85,300,116.43835320888888,0.2526511303052882,0.8474299082685799,363.916407481749,0.5101495587375929,116.43835320888888,363.916407481749
85,260,129.16317624888887,0.13794745696626204,0.8466629848184478,382.22440057836684,0.22326145378924359,129.16317624888887,382.22440057836684
85,200,133.60750990222223,1.639286512541775,0.8536888307854923,434.0208294644012,1.040120655193606,133.60750990222223,434.0208294644012
85,180,135.58832753777776,0.9210843564340029,0.8534841460295386,429.5615214710724,1.3630076568934129,135.58832753777776,429.5615214710724
85,160,136.43077034666666,0.8663107571942448,0.8529701113535739,430.0275871793756,1.218627487373964,136.43077034666666,430.0275871793756
85,140,139.40702549333335,0.20474624901034758,0.8494109124682385,544.0589741939954,11.32186090697695,139.40702549333335,544.0589741939954
85,120,136.9108397511111,3.8746892431290445,0.8472289668011427,585.7097522961725,10.601247260051416,136.9108397511111,585.7097522961725
85,100,136.64736867555555,7.488200448457434,0.8462708396393884,625.5261848428897,4.483754721799458,136.64736867555555,625.5261848428897
85,70,139.43795776000002,4.407384876303645,0.8503056480924026,551.1217831125498,144.9311099487559,139.43795776000002,551.1217831125498
85,60,142.78852608,,0.8548090936355437,636.699341138023,5.7608659049279,142.78852608,636.699341138023
85,45,138.50128341333334,4.395138616525441,0.8547695216643496,519.2494172897217,120.88136836275868,138.50128341333334,519.2494172897217
85,40,142.75603726222224,0.2072498006325244,0.8543973779772708,592.5218887285163,115.3679692238135,142.75603726222224,592.5218887285163
85,35,142.71977031111112,0.4810542891962102,0.8547530736573892,453.22292279694784,19.89164165937645,142.71977031111112,453.22292279694784
85,30,128.83592000000002,16.337463007517528,0.8546453520720778,527.0243041105858,133.71818136617375,128.83592000000002,527.0243041105858
85,25,134.35534236444445,14.060874032179168,0.854598500016789,515.5969310236068,157.01618013689006,134.35534236444445,515.5969310236068
85,20,141.40912184888887,0.464802142674877,0.854455561579429,452.508435224439,42.78407102731194,141.40912184888887,452.508435224439
85,15,142.30208568888887,1.022250371604815,0.8545271794014795,450.5853026124696,28.11923383169199,142.30208568888887,450.5853026124696
85,10,142.12564736000002,1.4648042375056005,0.8537803315471159,454.64400095209635,14.190626038336035,142.12564736000002,454.64400095209635
85,5,142.3653650488889,0.3780310500326371,0.8531293043543228,475.47451405882566,12.225423826806281,142.3653650488889,475.47451405882566
85,0,143.33111850666663,0.678378488517267,0.8521289312710181,497.31545286104125,143.5797612931792,143.33111850666663,497.31545286104125
86,100000,0.4774078577777778,0.015784858420883816,0.859510115807259,276.6004369531399,0.6647071294584488,0.4774078577777778,276.6004369531399
86,3000,13.32948110222222,0.5809496220596747,0.8589058552667529,343.47164765396246,0.7933355977274503,13.32948110222222,343.47164765396246
86,2000,19.68747477333333,0.599653229653787,0.8564632515376123,344.87993731290976,1.6341110025255134,19.68747477333333,344.87993731290976
86,1500,26.192109937777776,0.07970053052481585,0.856465262793923,344.2722639882759,1.0983100719263126,26.192109937777776,344.2722639882759
86,1000,38.786700088888885,0.11017285167246525,0.858758872744855,346.6685291497076,0.16403421465556225,38.786700088888885,346.6685291497076
86,900,43.025813119999995,0.018119130435290565,0.8613738086820361,346.416253187065,0.24372533170899438,43.025813119999995,346.416253187065
86,800,48.2246752711111,0.03352833500824115,0.8619914446881022,347.00557388944617,0.4076477822546585,48.2246752711111,347.00557388944617
86,700,54.58138524444445,0.08101209081579089,0.8630950958374409,347.31343104908245,0.7440738639446184,54.58138524444445,347.31343104908245
86,600,61.38474922666666,1.3628260781856076,0.8598702562356907,349.3552479059292,1.0824835012654297,61.38474922666666,349.3552479059292
86,550,66.31549518222222,1.2791275886977476,0.8600353617920828,350.80933677314346,0.9403411495893427,66.31549518222222,350.80933677314346
86,450,78.93966343111111,1.5503149974418333,0.8602941122222294,352.2992211446884,0.9271329907438652,78.93966343111111,352.2992211446884
86,380,90.76453056000001,1.736427736334255,0.860215151987358,354.3603453381525,1.0134217347650443,90.76453056000001,354.3603453381525
86,340,99.14956515555555,1.8925991071627313,0.8602753432553428,356.337565321945,0.9431461166236065,99.14956515555555,356.337565321945
86,300,108.72877034666665,2.0583449863138785,0.8599597379689999,360.08658785992367,0.6439219390022768,108.72877034666665,360.08658785992367
86,260,121.22561073777776,2.1983941590810945,0.8599687380905975,369.3031248402169,0.9548404885132995,121.22561073777776,369.3031248402169
86,220,131.8343692088889,1.733527745490743,0.8587478475580608,408.1853688566263,8.39084962010283,131.8343692088889,408.1853688566263
86,200,132.31185934222222,2.7125806600166897,0.8612931977429272,453.01929490484054,2.310011458716915,132.31185934222222,453.01929490484054
86,180,134.3114811733333,2.0002771590871107,0.8611448628370281,424.2634764042388,0.5881875377327996,134.3114811733333,424.2634764042388
86,160,136.59373212444441,0.4925591783879512,0.8610421444157899,432.9741396848026,1.7415980514574465,136.59373212444441,432.9741396848026
86,140,138.77030286222222,0.8546851465331534,0.8584737528805643,529.060321374865,9.66661326776972,138.77030286222222,529.060321374865
86,120,140.38846933333335,0.6912239913383101,0.8572118589072589,556.775255758766,3.717195852165828,140.38846933333335,556.775255758766
86,100,134.93035875555555,10.230894154384123,0.8564875724283844,598.730227933352,3.715279311207223,134.93035875555555,598.730227933352
86,90,136.11691733333333,8.34183583876672,0.8561764679284664,540.3506663719814,124.04509738434979,136.11691733333333,540.3506663719814
86,80,140.27359402666664,1.6577277816968297,0.8562369858048234,556.4237726495238,113.32419225415323,140.27359402666664,556.4237726495238
86,70,141.08639850666668,1.8760002241444027,0.8554388581476131,624.9837437159416,4.960679534296398,141.08639850666668,624.9837437159416
86,65,139.8698407822222,1.2578235564735056,0.8560505985755125,633.7257652640097,3.610864097851867,139.8698407822222,633.7257652640097
86,55,141.53747818666668,1.4959416806775028,0.8554002099654533,656.2250026757595,10.077025592512065,141.53747818666668,656.2250026757595
86,50,141.35157162666667,1.17190349281639,0.8554732836151544,582.8187501174418,130.45073045486382,141.35157162666667,582.8187501174418
88,550,63.290953102222225,0.016218375481711216,0.8750628180176405,349.681342267523,0.19145769336717708,63.290953102222225,349.681342267523
88,450,75.81151416888889,0.1016313314139372,0.875422766787401,350.8806148262577,0.16874447154677039,75.81151416888889,350.8806148262577
88,380,87.25438947555556,0.058030784880261956,0.875613273570259,352.85542023250053,0.1526284519056691,87.25438947555556,352.85542023250053
88,340,95.5368941511111,0.10181005739371415,0.8755109619857248,354.54182940639544,0.2719001668135288,95.5368941511111,354.54182940639544
88,300,105.00922154666665,0.05970621098530916,0.8754355058728982,357.70575291392316,0.3288255323701401,105.00922154666665,357.70575291392316
88,260,117.34870613333332,0.12831211038293827,0.875343818986055,366.1326007026021,0.2392841288943345,117.34870613333332,366.1326007026021
88,35,121.50580757333333,24.320814570338115,0.8785023495881934,676.0390641877442,2.766743144218655,121.50580757333333,676.0390641877442
88,30,138.75777891555558,1.0408063497839457,0.8784340055649853,603.8080783083723,127.78601677597736,138.75777891555558,603.8080783083723
88,25,136.7691342222222,0.5038824499734083,0.8787355598103278,684.8753980820658,3.5329054053807014,136.7691342222222,684.8753980820658
88,20,129.5160519111111,11.119027031497925,0.8778280780862694,692.929657180152,4.899131683206958,129.5160519111111,692.929657180152
88,15,136.36505045333334,2.1052964005367745,0.8783244077271998,702.7762739388553,7.602647267783094,136.36505045333334,702.7762739388553
88,10,137.46806613333334,1.2662025568767887,0.8777920603219256,648.8001731775729,129.32143229064363,137.46806613333334,648.8001731775729
88,5,138.63149326222222,1.6852576926252936,0.8770515706261186,568.2563819137546,143.80331850669916,138.63149326222222,568.2563819137546
88,0,131.5778835911111,11.97407298720505,0.8774703732959005,435.94531799309976,82.97360494882567,131.5778835911111,435.94531799309976
89,3000,11.73255480888889,0.029551155451534895,0.8880845294548999,476.54065279764194,0.03687519302242721,11.73255480888889,476.54065279764194
89,2000,17.3212864,0.09267801404966708,0.8883427176578115,343.98926299003006,1.289305235643838,17.3212864,343.98926299003006
89,1500,22.708960711111114,0.01128870180621144,0.8897581726355127,344.3875531049016,1.1814367764182192,22.708960711111114,344.3875531049016
89,1000,33.30685752888889,0.07433616879221878,0.8916325384709954,344.95402369295044,0.4269368187775387,33.30685752888889,344.95402369295044
89,900,37.05813063111111,0.20266666753991086,0.8907857607419348,346.18012252961785,1.6083671307040814,37.05813063111111,346.18012252961785
89,800,41.233195662222215,0.11385092299023718,0.8929875425988216,346.52401441543253,0.9826479314821274,41.233195662222215,346.52401441543253
89,700,46.577631715555555,0.06891919306950356,0.8928036515286025,347.6131696203773,1.2059133733969218,46.577631715555555,347.6131696203773
89,600,53.633854719999995,0.049473599913415094,0.8934787042351798,346.72621420446177,0.6704079625876284,53.633854719999995,346.72621420446177
89,550,58.032300942222214,0.027387056954076932,0.8939580788572871,348.8579125723172,0.7412314607144956,58.032300942222214,348.8579125723172
89,450,69.06960284444445,0.1375860998912529,0.8945700363970465,348.8715331383815,0.27338977222780386,69.06960284444445,348.8715331383815
89,380,79.46783203555556,0.10056878480499612,0.8944885044393368,350.6945428445029,0.2444026136853475,79.46783203555556,350.6945428445029
89,340,86.9507271111111,0.06482604195639383,0.8947251524413161,351.42367985365655,1.0791513995776898,86.9507271111111,351.42367985365655
89,300,95.52403057777776,0.05104830408098811,0.8945957209512674,353.44812208529476,0.7713070242934619,95.52403057777776,353.44812208529476
89,260,106.61340074666667,0.20048193948493298,0.8945276572306523,357.367624249043,0.8156508738996793,106.61340074666667,357.367624249043
89,220,119.77916515555553,0.07840618291703674,0.8943213585683574,370.21986674170677,0.6789272991990857,119.77916515555553,370.21986674170677
89,200,125.90395121777777,0.15868312903372978,0.8939537379355716,387.2956409035681,0.583097399935681,125.90395121777777,387.2956409035681
89,180,126.44272426666667,0.19972046288288892,0.8936367308105471,390.44153652361007,1.0370695339236538,126.44272426666667,390.44153652361007
89,160,128.48426652444445,0.14924917756261977,0.8933478352710736,396.52367139228477,0.44989127137282614,128.48426652444445,396.52367139228477
89,140,134.01649294222224,0.030041463250408056,0.8920454270871846,510.39387094638363,14.617578156621082,134.01649294222224,510.39387094638363
89,120,134.18254620444444,0.3728786098648851,0.8917294852407359,539.045580008467,13.832238201075741,134.18254620444444,539.045580008467
89,100,134.9638644622222,0.7314768013568137,0.8914454992261706,574.9350175682802,5.435101906953135,134.9638644622222,574.9350175682802
89,90,130.78583338666667,5.863176506365896,0.8913490609041442,567.1686694968033,10.679490265603734,130.78583338666667,567.1686694968033
89,80,134.93020672,0.059299983000261354,0.8914980387881309,428.30241447412646,133.4445041409042,134.93020672,428.30241447412646
89,70,130.91772031999997,7.297824744884593,0.8906956978501989,509.9891885186821,136.55342903396163,130.91772031999997,509.9891885186821
89,65,135.5340681955556,0.3928989501055473,0.8910884084308909,603.5205464093796,4.106413095641021,135.5340681955556,603.5205464093796
89,60,133.38457500444443,4.8380853015074905,0.8908288170402915,468.9399447562623,122.41339302030131,133.38457500444443,468.9399447562623
89,55,130.2975335822222,9.859338682302228,0.8910825026731684,417.58961080727823,7.538257265441281,130.2975335822222,417.58961080727823
89,50,135.71982378666667,1.2103612175713752,0.8909052358719226,385.6061791024046,15.07026053251949,135.71982378666667,385.6061791024046
89,45,136.3962187377778,0.8475549466959854,0.8907669660162001,410.68935591840994,38.72704164621705,136.3962187377778,410.68935591840994
89,40,135.93279288888888,0.8608402591247534,0.8909077357831738,382.8227146956637,17.24449168692062,135.93279288888888,382.8227146956637
89,35,135.28259996444444,0.04817930885869077,0.8910495236210701,368.92952577088084,16.312725789080734,135.28259996444444,368.92952577088084
89,30,135.05997468444446,1.4278728694925507,0.890740294389328,381.6926701240198,38.5872675072306,135.05997468444446,381.6926701240198
89,25,134.800288,0.3090007959704656,0.8909065212798071,496.9468797227076,155.42347600826787,134.800288,496.9468797227076
89,20,124.10149361777776,12.560376453620652,0.8907519019329638,599.3888949690594,132.75378838508027,124.10149361777776,599.3888949690594
89,15,131.0816768,7.6918350993112545,0.8906546506740215,439.60465283108493,5.045207889051692,131.0816768,439.60465283108493
89,10,130.21919544888888,8.496444950832672,0.8902992370883247,609.9265976752567,148.31195181320388,130.21919544888888,609.9265976752567
89,5,135.93729664,0.6010481029640888,0.8896817918120501,548.0526592818433,137.0178078673094,135.93729664,548.0526592818433
89,0,135.52703217777776,1.8418064098082807,0.8894881089625751,527.4759493824307,137.91551943669407,135.52703217777776,527.4759493824307
91,5000,7.045879751111111,0.08420904777276017,0.9105333512073908,341.41881668119754,1.2977686003398456,7.045879751111111,341.41881668119754
91,2000,16.580778026666664,0.002899628063563849,0.9147023802985619,342.3810030423606,0.6324270011770949,16.580778026666664,342.3810030423606
91,600,55.145741368888885,0.030240422917269572,0.9055088916093289,346.5287500800234,1.4016505531742611,55.145741368888885,346.5287500800234
91,550,59.571333546666665,0.1721530619530233,0.9054433523572204,346.1679511177117,0.9962778333241493,59.571333546666665,346.1679511177117
91,450,70.98606094222222,0.06341584997702097,0.9057028580179635,348.74480463625724,0.346504655790646,70.98606094222222,348.74480463625724
91,380,81.64115413333333,0.13140893069749968,0.9060005010066274,350.6531884862657,0.5721508718892535,81.64115413333333,350.6531884862657
91,340,89.30455509333332,0.05772349036871811,0.9061615954225294,351.55832177693765,0.2052151851003062,89.30455509333332,351.55832177693765
91,300,98.00725959111111,0.167662822204271,0.9061257652511655,353.99507198200644,0.8846844887732018,98.00725959111111,353.99507198200644
91,260,109.5838555022222,0.13751471516164196,0.9058127675378141,360.4586861206773,0.748483942497561,109.5838555022222,360.4586861206773
91,220,121.85784775111112,0.060325768992830674,0.9059484318008028,379.8103342181484,0.25912613014495295,121.85784775111112,379.8103342181484
91,200,125.2034066488889,0.25633786278354037,0.9057423740013383,392.0205529734817,0.33233758534147084,125.2034066488889,392.0205529734817
91,180,122.31245767111112,0.07231856923069445,0.9058633472759675,377.8923722721234,1.3493249015339877,122.31245767111112,377.8923722721234
91,160,126.51248142222222,0.3467836640838112,0.9054939357474866,395.65526819445387,0.927651868812612,126.51248142222222,395.65526819445387
92,5000,7.1944512000000005,,0.9243698032172349,338.2574985768232,0.2709302477528241,7.1944512000000005,338.2574985768232
92,3000,11.391900586666667,,0.9153962279895551,342.3721848933294,0.774146501125521,11.391900586666667,342.3721848933294
92,1500,21.78969656888889,0.05804387700279431,0.9170668273364196,342.49213110499767,0.4939583664871877,21.78969656888889,342.49213110499767
92,1000,31.803162595555552,0.08314314290261099,0.9176485427390264,344.27556195590074,0.8866740935510097,31.803162595555552,344.27556195590074
92,900,35.315728497777776,0.02739086721424397,0.9179017400381148,344.4949753557383,0.4552728589338187,35.315728497777776,344.4949753557383
92,800,39.332307057777776,0.0933853816278199,0.9184679835993098,344.45746252773944,0.6657150614057867,39.332307057777776,344.45746252773944
92,700,44.448597191111105,0.043017700147017786,0.9185660212583052,344.4372564586003,0.5766006887988303,44.448597191111105,344.4372564586003
92,600,50.989233066666664,0.08264871390807597,0.9186590024476665,345.572941591728,0.058435890044578366,50.989233066666664,345.572941591728
92,550,54.97288988444444,0.0749886326484622,0.9189276668030288,346.84761226339333,0.6100783241326185,54.97288988444444,346.84761226339333
92,450,65.55203242666666,0.09314988006644463,0.9193534896143162,347.27264546961084,0.2249925542701978,65.55203242666666,347.27264546961084
92,380,75.58549546666667,0.026973267750814017,0.919583989864632,348.9123298085665,0.19286860283569277,75.58549546666667,348.9123298085665
92,340,82.8460736,0.05150226580652672,0.9194572774900132,349.91171746672404,0.6238950009028654,82.8460736,349.91171746672404
92,300,90.92828529777778,0.006877671558307069,0.9198293757803474,352.00411356314845,0.34392498788189746,90.92828529777778,352.00411356314845
92,260,101.98865678222222,0.04762708929382235,0.9198820488687124,357.07318979433217,0.2964966370941645,101.98865678222222,357.07318979433217
92,220,114.34548494222223,0.19207472517655597,0.9200774557212132,369.1750097130834,0.4548496174322912,114.34548494222223,369.1750097130834
92,200,120.17832078222222,0.23482647802054776,0.9198273880908715,383.326020159963,0.19686415061033424,120.17832078222222,383.326020159963
92,180,118.35511438222221,0.13079739757924658,0.9195367525015358,376.00833027688685,0.8537946550934569,118.35511438222221,376.00833027688685
92,160,120.67185749333333,0.3370110342575014,0.9195826167219575,387.7369642719387,4.841003770531065,120.67185749333333,387.7369642719387
92,140,129.94195328,0.10850605221020568,0.9185384753660024,500.7252727031941,10.837369874576728,129.94195328,500.7252727031941
92,120,127.49609244444444,3.050868642699174,0.9182574291998874,525.7217911313423,8.018944197036605,127.49609244444444,525.7217911313423
92,100,125.01429034666666,8.083573092843388,0.9178312612695372,565.8152129777067,7.2089266471292435,125.01429034666666,565.8152129777067
92,90,130.96203676444443,0.6074677209713415,0.918294533332496,562.7185660661921,0.4754932085910323,130.96203676444443,562.7185660661921
92,80,131.24757489777778,0.18454190360310127,0.9182468028969062,565.8086506799368,3.05246590339196,131.24757489777778,565.8086506799368
92,70,129.95774122666666,2.1393229831656106,0.918091214641218,581.5937956276764,5.957483142926979,129.95774122666666,581.5937956276764
92,65,131.94555576888888,0.23145702842633836,0.9179526995189661,593.5237489437776,2.1787660623253626,131.94555576888888,593.5237489437776
92,60,130.59559480888888,2.3196038016660507,0.9178924700251571,602.0796111940214,1.4167171409402655,130.59559480888888,602.0796111940214
92,55,132.2536173511111,0.44239029321035206,0.9179590843057093,620.0954052531845,2.993690175036011,132.2536173511111,620.0954052531845
92,50,131.06315761777776,2.23759967088875,0.9176117791652109,617.3448073088225,6.056819925186885,131.06315761777776,617.3448073088225
92,45,130.27415424,0.3995208017192661,0.9178420018543244,555.0108129893107,129.0857649786215,130.27415424,555.0108129893107
92,40,128.57714062222223,5.769442325355873,0.917128879882623,633.0110232834396,3.6940250882366445,128.57714062222223,633.0110232834396
92,35,122.54139818666665,9.769289920612,0.9178564510888493,650.9793311514354,4.246185581763675,122.54139818666665,650.9793311514354
92,30,129.64754261333334,2.04115941849897,0.91775085728819,660.7573893772496,2.912664335402214,129.64754261333334,660.7573893772496
92,25,131.36531072,1.4187921704652144,0.917939254218807,595.3245779916214,128.34574645687488,131.36531072,595.3245779916214
92,20,132.5453504,0.42667826325616665,0.918003971597869,474.47783798271377,3.0006126345280513,132.5453504,474.47783798271377
92,15,131.52853262222223,0.7182765209188708,0.9178973612912936,688.9910329972414,2.6693362821903985,131.52853262222223,688.9910329972414
92,10,131.14550940444443,1.0345911976338382,0.917750153475227,715.5872761710784,8.32343765024562,131.14550940444443,715.5872761710784
92,5,126.90935765333332,9.506967729261042,0.9169583799445454,571.2117929045208,139.4426961149521,126.90935765333332,571.2117929045208
92,0,113.29755704888889,12.065898622218555,0.916966155108636,549.4884523459164,151.73092909146874,113.29755704888889,549.4884523459164
93,3000,11.319930346666666,0.5096878566561625,0.9309637601326312,339.4124529129071,0.17252597792867502,11.319930346666666,339.4124529129071
93,2000,16.995942968888887,0.02757356682987295,0.9310166781530439,339.8716703973503,0.2892470201024739,16.995942968888887,339.8716703973503
93,1500,22.39118520888889,0.010155152573994316,0.9315312519330057,340.40586166644795,0.351633857525434,22.39118520888889,340.40586166644795
93,1000,32.87523128888889,0.10996302023476098,0.9316458743216535,341.4435670489133,0.11460270978263835,32.87523128888889,341.4435670489133
93,900,36.42528924444444,0.14208964780013889,0.9329416704261108,341.31013329311446,0.38096474391553764,36.42528924444444,341.31013329311446
93,800,40.52164280888889,0.035185645429518575,0.9332095107738088,342.227499970691,1.1917251927496268,40.52164280888889,342.227499970691
93,700,45.882355768888885,0.2268034441777152,0.9323402294986695,342.8325523191698,0.5412797691939708,45.882355768888885,342.8325523191698
93,600,52.37896376888889,0.03454910127892818,0.9334917144669083,343.0756596675422,1.0483207807438184,52.37896376888889,343.0756596675422
93,550,56.352306631111105,0.0861469267550592,0.9337423769345289,343.94664357992355,0.5094896943012647,56.352306631111105,343.94664357992355
93,450,67.26012544,0.052708970105046965,0.9335847451329563,344.3516903806508,0.18844012728375753,67.26012544,344.3516903806508
93,380,77.27568369777778,0.03608129283065427,0.9337960115414456,346.70304721833344,0.032515878696900306,77.27568369777778,346.70304721833344
93,340,84.47840426666666,0.10925696225936882,0.9337879350373023,348.13828496372224,0.3357753510357824,84.47840426666666,348.13828496372224
93,300,92.33455502222222,0.09602254301277126,0.9338207720472438,349.80444687134445,0.5937324160594516,92.33455502222222,349.80444687134445
93,260,102.96698183111111,0.07542233151676767,0.9337720411947953,354.489400885356,0.31407316603252233,102.96698183111111,354.489400885356
93,220,114.56553713777778,0.21279518290248053,0.9338147532705854,368.13128030730513,0.3827995058352699,114.56553713777778,368.13128030730513
93,200,119.11889792,0.35301178359099916,0.9333058972570457,380.01844725727915,0.28656606691865116,119.11889792,380.01844725727915
93,180,117.36184334222223,0.10089916698823946,0.9335923660926139,373.9259040946138,0.156960380877228,117.36184334222223,373.9259040946138
93,160,120.47483292444444,0.21195031079226434,0.9334431578935151,380.7003396156061,0.038732819597573624,120.47483292444444,380.7003396156061
93,140,126.15979448888889,4.2753257396031525,0.932608699926734,511.6093008628803,2.490247838141453,126.15979448888889,511.6093008628803
93,120,126.56670819555556,2.586082180726815,0.9324550995062043,516.6996874533725,3.6386002371866284,126.56670819555556,516.6996874533725
93,100,129.73758648888887,0.34271357758725235,0.9323566289541313,545.8501834974073,13.499796486109004,129.73758648888887,545.8501834974073
93,90,129.43835320888888,0.670828762234644,0.9323311517202253,559.2392890961532,6.025991757609895,129.43835320888888,559.2392890961532
93,80,128.15160604444443,0.22093657137190628,0.9324682015745814,565.2996442594938,2.6581932923447305,128.15160604444443,565.2996442594938
93,70,129.12415203555557,0.9023827382387976,0.9321542900315376,568.8062539098668,3.9427643922162496,129.12415203555557,568.8062539098668
93,65,129.71953336888888,1.0800840671879801,0.9322742565658991,508.85791511559336,121.24131537738364,129.71953336888888,508.85791511559336
93,60,104.42904170666665,8.554256076925135,0.9320101746326227,580.9213760697737,7.9591278572965045,104.42904170666665,580.9213760697737
93,55,126.46667491555554,7.086668599258278,0.9319412243671862,611.7367071532863,0.23169618708171036,126.46667491555554,611.7367071532863
93,50,122.57801742222222,8.039646876216661,0.9319890687936923,545.917440390023,119.70973584001098,122.57801742222222,545.917440390023
93,45,125.83980501333332,2.2813378060814533,0.9319533261682814,615.1697440603159,2.7265118040732843,125.83980501333332,615.1697440603159
93,40,129.80486044444444,1.0698157673573356,0.9321925141508038,470.97698450552207,128.64377002397052,129.80486044444444,470.97698450552207
93,35,128.19162353777776,0.7398428114889596,0.932143087871058,636.9772654775849,0.8464839281110669,128.19162353777776,636.9772654775849
93,30,130.48394552888888,0.8092086644657998,0.9321460000664813,638.5956188029796,1.3219425287066728,130.48394552888888,638.5956188029796
93,25,128.03219072,2.464182627519301,0.9322307869273301,515.5007300991059,118.3051340369457,128.03219072,515.5007300991059
93,20,128.5758458311111,3.244879816287803,0.932301947856986,597.3037140560685,124.78412194836211,128.5758458311111,597.3037140560685
93,15,129.42189055999998,0.9713196785011725,0.9322542948188226,678.4498332508985,3.6667160827669223,129.42189055999998,678.4498332508985
93,10,128.54688170666668,1.2402262241945277,0.9321948449193123,596.4809219446443,155.86613222266521,128.54688170666668,596.4809219446443
93,5,119.23207893333331,8.514468437215685,0.9314961745561622,574.2867192637732,135.91216712115508,119.23207893333331,574.2867192637732
93,0,124.61372515555554,4.68655349431198,0.9314826360591891,571.3524869029702,135.8521482903432,124.61372515555554,571.3524869029702
95,5000,6.629101937777777,0.015224436927725878,0.9536541247868261,342.5301064100216,1.3526731663582416,6.629101937777777,342.5301064100216
95,1500,20.038384924444443,0.018655749181415413,0.9454846522878553,342.1518180690112,0.25944585741461146,20.038384924444443,342.1518180690112
95,1000,29.373573333333333,0.0029430727042022045,0.9464496618688356,343.4887636538189,0.260915319374255,29.373573333333333,343.4887636538189
95,900,32.520484053333334,0.08352322671958717,0.9468034684223527,343.8377734643962,0.3404034782299493,32.520484053333334,343.8377734643962
95,800,36.127114666666664,0.038152827666351107,0.9466484411230199,343.6970545413548,0.17850371083457417,36.127114666666664,343.6970545413548
95,700,40.771130666666664,0.013192387507605041,0.9469634587259175,343.73550505945485,0.23421033358601345,40.771130666666664,343.73550505945485
95,600,46.60811349333333,0.04399766058808887,0.9473461690921859,344.73100014178675,0.530799366478773,46.60811349333333,344.73100014178675
95,550,50.42962047999999,0.07526054631894383,0.9465955660519109,345.23374013844955,0.19900741349769838,50.42962047999999,345.23374013844955
95,450,59.806270008888895,0.06223065793469986,0.9475128881419081,346.595154028668,0.198094455200356,59.806270008888895,346.595154028668
95,380,68.74167751111112,0.010453955746001243,0.9476177797554027,347.3126431615604,0.28845140995600604,68.74167751111112,347.3126431615604
95,340,75.20164750222222,0.15104748633338516,0.9477657211913622,348.2997719265648,0.12286721382887258,75.20164750222222,348.2997719265648
95,260,91.88465720888888,0.10510046376050541,0.9477249229157838,353.01956349723883,0.09280272581160527,91.88465720888888,353.01956349723883
95,220,103.09171953777776,0.18818156387264767,0.947755767438278,359.79388785027936,0.16930669795742953,103.09171953777776,359.79388785027936
95,200,108.77643605333333,0.23501311532248703,0.9473798018984857,366.2245972851171,0.4113236267336424,108.77643605333333,366.2245972851171
95,180,110.33777379555556,0.13623976323784798,0.9476786529725382,369.13632942716436,0.419091339851676,110.33777379555556,369.13632942716436
95,160,113.58092799999999,0.13720646930683025,0.9476316324883499,374.49356806623814,0.6461695471655208,113.58092799999999,374.49356806623814
95,140,124.56534684444443,1.1073593788451965,0.9466954460037661,460.72602786184217,20.564393155883337,124.56534684444443,460.72602786184217
95,120,124.91494983111112,0.2298413757850855,0.9471460624354601,474.89884856604294,1.924840164340956,124.91494983111112,474.89884856604294
95,100,125.33122488888888,1.7730423875427483,0.9469464232164774,528.5980235695603,5.644692934292333,125.33122488888888,528.5980235695603
95,90,121.18008362666666,5.145707515611594,0.9466055380275566,547.3116556116597,3.872936380279983,121.18008362666666,547.3116556116597
95,80,121.98122140444444,8.576184832776576,0.9467614489394336,563.6913757086721,2.2833061437724678,121.98122140444444,563.6913757086721
95,70,126.77439701333333,0.6229419696601014,0.9467506716348417,571.1544583988584,4.1785659122531715,126.77439701333333,571.1544583988584
95,65,127.40167992888888,0.1547269866245688,0.9463164987924862,579.107221173094,1.3775791010556064,127.40167992888888,579.107221173094
95,60,125.25937038222223,3.312829584121067,0.9467371474196159,583.2537291801999,2.0241167429364015,125.25937038222223,583.2537291801999
95,55,118.08618752,12.451350537006386,0.9467053573441385,608.1383700896731,1.7232938220022676,118.08618752,608.1383700896731
95,50,120.64851185777776,12.341731874784111,0.9466533103964752,613.0077325026391,1.0315680098543303,120.64851185777776,613.0077325026391
95,45,127.67202688000002,0.3215338958286497,0.9466743980507116,616.7873477733041,2.8598976241922904,127.67202688000002,616.7873477733041
95,40,122.16959843555556,7.2715541476837275,0.9466267160755947,623.3134271759086,1.1577162393521074,122.16959843555556,623.3134271759086
95,35,127.50130986666666,0.6808019170196813,0.9467539918141687,638.4411532162958,4.12077618359284,127.50130986666666,638.4411532162958
95,30,115.27001045333334,13.63440650262202,0.9464595625038208,643.1928091344416,1.3238943443683495,115.27001045333334,643.1928091344416
95,25,111.84640881777777,15.093552864300474,0.9466243665173697,659.3791277407331,1.0079350082703866,111.84640881777777,659.3791277407331
95,20,125.37503985777778,4.056349569103789,0.9468295488358346,673.5374756586779,3.6296870187870205,125.37503985777778,673.5374756586779
95,15,119.28529450666667,6.5793593807624005,0.9463406061258154,682.7456251416229,1.9129388608742823,119.28529450666667,682.7456251416229
95,10,117.34000327111112,1.2168567376992494,0.9468600420490398,706.3069817393967,1.8939340196634638,117.34000327111112,706.3069817393967
95,5,116.93047765333331,6.977657542358184,0.9465527476971852,731.985228582662,1.8297629029473907,116.93047765333331,731.985228582662
95,0,123.70523861333334,4.148296177181865,0.9467653248408455,725.9651638497853,1.1488874122704018,123.70523861333334,725.9651638497853
96,5000,5.956067839999999,,0.9649473972411973,341.50464109374826,0.3432374897569,5.956067839999999,341.50464109374826
96,3000,10.654753493333335,0.018884842226505785,0.9565867134483881,341.75894806798505,0.21097509688831376,10.654753493333335,341.75894806798505
96,2000,15.662288071111112,0.015325093666227882,0.9582930714774189,343.20985548781914,1.0087673306345457,15.662288071111112,343.20985548781914
96,1500,20.600449137777776,0.07589750063906055,0.9591166383386288,343.6261251335988,0.39346940407423864,20.600449137777776,343.6261251335988
96,1000,30.154383075555554,0.23420072744608955,0.9591756230105887,344.67902433099374,0.6931263855392195,30.154383075555554,344.67902433099374
96,900,33.226688,0.13365408967124356,0.9610188141182494,344.8959479468952,0.2193670650009601,33.226688,344.8959479468952
96,800,36.87904668444445,0.028847379680689584,0.9614418068767353,344.98370993064236,0.575041370571389,36.87904668444445,344.98370993064236
96,700,41.55433699555555,0.17049255804137925,0.9619569505743083,345.87643130281316,0.15682222263267637,41.55433699555555,345.87643130281316
96,600,47.49086762666666,0.12329113692582286,0.9621433292060808,346.79613231224374,1.0113965941772802,47.49086762666666,346.79613231224374
96,550,51.29634289777778,0.036913145873094105,0.9621315393368891,347.84770734601216,1.2706745481640989,51.29634289777778,347.84770734601216
96,450,60.83997923555555,0.035108308232313076,0.962634575376205,347.95390885185515,0.4364317177194857,60.83997923555555,347.95390885185515
96,380,69.70606336,0.130255952859831,0.9625993186507152,348.9104758778097,0.13533478172062155,69.70606336,348.9104758778097
96,340,76.0394816,0.20660560177412035,0.9629460912821162,350.2715396379787,0.3858522787930843,76.0394816,350.2715396379787
96,300,83.41321429333334,0.056626369647913115,0.9630034886889468,351.9272779563753,0.18302861908287457,83.41321429333334,351.9272779563753
96,260,92.82315747555555,0.15868635383726062,0.9632264189490617,355.9943748642222,0.5658568591900623,92.82315747555555,355.9943748642222
96,220,103.82581688888888,0.09848724979000889,0.9634770176179756,364.2512227252981,0.5908948701166894,103.82581688888888,364.2512227252981
96,200,109.31655210666666,0.2468256587237926,0.9633526419094207,371.3938964395439,0.42560786873800016,109.31655210666666,371.3938964395439
96,180,107.87482069333333,0.08881392797689465,0.9629267126264746,368.86584173781665,0.19424164770526098,107.87482069333333,368.86584173781665
96,160,111.92941738666667,0.09661668367506693,0.9628115000716914,375.24603490744477,0.3262540823153297,111.92941738666667,375.24603490744477
96,140,123.17484046222222,0.20010767465654714,0.9621950954296324,480.34091237590934,1.1396268150363984,123.17484046222222,480.34091237590934
96,120,122.47793905777779,1.5236217985548441,0.9631627845408016,495.1807475772545,4.499862848402635,122.47793905777779,495.1807475772545
96,100,123.39280241777777,0.49006857684994926,0.9632154949675976,527.0771871183676,1.9072516076725692,123.39280241777777,527.0771871183676
96,90,121.34881408,3.620983521739632,0.9631069908474332,537.3478686165248,1.4449075681243586,121.34881408,537.3478686165248
96,80,123.67173859555555,0.9726126978603664,0.9628855978020908,543.7492606596034,6.467377874985799,123.67173859555555,543.7492606596034
96,70,123.87237447111112,0.28322620631591866,0.9628491955777428,556.7857978049623,4.7926698724881485,123.87237447111112,556.7857978049623
96,65,124.35128348444444,0.06037792722831222,0.9631303114918034,562.1910471297424,2.1293467657731644,124.35128348444444,562.1910471297424
96,60,124.37339420444444,0.37031175465340094,0.9629932890054883,570.9509907160392,3.6682059159007845,124.37339420444444,570.9509907160392
96,55,123.02520689777778,2.2147160414734306,0.9631054983285182,588.0211775321662,1.6143072910151886,123.02520689777778,588.0211775321662
96,50,124.23007758222222,0.2714999311514185,0.9630932563719138,596.0361387102039,2.7165710161761134,124.23007758222222,596.0361387102039
96,45,124.49265692444443,0.6930435992939968,0.9631598679162389,596.7083493426477,4.240978518026186,124.49265692444443,596.7083493426477
96,40,123.38397994666666,0.48370847888937474,0.963008935160683,602.5270705855144,4.396438023597058,123.38397994666666,602.5270705855144
96,35,120.13268679111111,8.876574826657647,0.9630644321981053,620.5723423346565,4.942893087135422,120.13268679111111,620.5723423346565
96,30,123.73102478222222,2.0974571502389447,0.963244537911919,623.5045829533669,2.1838867117039515,123.73102478222222,623.5045829533669
96,25,119.93133468444444,7.759097133152392,0.9630227056413863,642.5589402090357,4.992412373631226,119.93133468444444,642.5589402090357
96,20,124.44054869333331,0.8594373013464538,0.9630135028507668,661.6422443314822,2.4306533541518403,124.44054869333331,661.6422443314822
96,15,123.23623836444445,1.9396692518103715,0.9630804010723514,534.9797007059384,121.75866078412493,123.23623836444445,534.9797007059384
96,10,110.59912376888887,13.608921413725701,0.9630334695024069,555.9022768026911,126.13697920748736,110.59912376888887,555.9022768026911
96,5,116.98790976000001,7.403555982330318,0.9627739970290461,500.92750805469063,6.883142582319884,116.98790976000001,500.92750805469063
96,0,119.61597411555555,6.909864342105326,0.9628210700247437,659.94036793917,136.33863582410038,119.61597411555555,659.94036793917
98,5000,5.849830186666666,0.0633087974702784,0.9808533431222135,340.25121194490254,0.6518597976977527,5.849830186666666,340.25121194490254
98,1500,18.412098133333334,0.016695387112172482,0.9752599648024578,343.77295790561044,0.4935417308100715,18.412098133333334,343.77295790561044
98,1000,26.61391552,0.11658942542595162,0.9774329590776163,344.48330263940835,0.5380924362320477,26.61391552,344.48330263940835
98,900,29.518223502222224,0.03775838166043659,0.9769750919543053,346.6691123356657,0.41550485676679966,29.518223502222224,346.6691123356657
98,800,32.812115057777774,0.01892954365568579,0.9775340394106632,345.1908322973752,0.03699878908562415,32.812115057777774,345.1908322973752
98,700,36.94759936,0.02832180960023644,0.9775993821841634,345.7441909091471,0.9539464491022677,36.94759936,345.7441909091471
98,600,42.173470862222224,0.10697155770010573,0.9783452752781732,346.11483837677787,0.6717536219000271,42.173470862222224,346.11483837677787
98,550,45.56433123555555,0.06001904051971307,0.9782281782496419,347.03228461672006,0.562860722264804,45.56433123555555,347.03228461672006
98,450,54.10210389333333,0.03940930607783569,0.9785896216179991,347.77076696364185,0.4689935475745536,54.10210389333333,347.77076696364185
98,380,62.04101077333333,0.11346582846181286,0.9785508295845164,349.1023925077236,0.6757027340086622,62.04101077333333,349.1023925077236
98,340,67.89137052444444,0.00906297100356971,0.9789828192649498,349.3482451560685,1.225366548562267,67.89137052444444,349.3482451560685
98,300,74.47948088888889,0.10270425875865986,0.978933994392653,350.5781174577468,0.43743788181222687,74.47948088888889,350.5781174577468
98,260,82.9861523911111,0.12923895996499402,0.9793669494332556,353.58110799362703,0.13712871123420592,82.9861523911111,353.58110799362703
98,220,93.17358208,0.1338706940545202,0.9792199186632072,357.366683493483,0.6084849250607484,93.17358208,357.366683493483
98,200,99.00679637333333,0.4444995507970595,0.9779680806102067,361.97586180992516,0.4811858583071807,99.00679637333333,361.97586180992516
98,180,99.77668437333334,0.09718403282397413,0.9795574526054028,362.26039469440883,0.6831424838572385,99.77668437333334,362.26039469440883
98,160,101.68825159111111,0.03524053790330507,0.9795527813784483,363.3860198070161,0.8100101320539272,101.68825159111111,363.3860198070161
98,140,118.19864832,3.5228780876283223,0.9796554074083886,453.80057953610077,1.1889550315511672,118.19864832,453.80057953610077
98,120,118.71119715555555,1.6517448383081124,0.9796223211192568,482.17497966207264,2.399652092548311,118.71119715555555,482.17497966207264
98,100,120.99762631111109,0.008751959481745494,0.9796239053362542,492.1499996829598,2.6034773443707415,120.99762631111109,492.1499996829598
98,90,121.90759594666667,0.688622085282335,0.9794112579286086,510.279000742272,5.212551455762472,121.90759594666667,510.279000742272
98,80,121.1461031822222,0.6094144901503828,0.9796134052649484,536.964625058854,3.523492070168303,121.1461031822222,536.964625058854
98,70,114.41388017777778,6.118986812571893,0.9795203599259551,535.6542963079006,2.546887166203002,114.41388017777778,535.6542963079006
98,65,121.67950762666665,0.7118608086177164,0.9795640436600674,555.8646157232228,2.2970649033899395,121.67950762666665,555.8646157232228
98,60,122.1516032,0.7851251126427524,0.9796997164323508,557.5674305284188,2.153192902007532,122.1516032,557.5674305284188
98,55,109.62535665777777,11.452513450339454,0.9793290988131581,584.765303073345,3.1127357157838396,109.62535665777777,584.765303073345
98,50,121.23322026666666,1.5563918374751329,0.97963706965185,588.0685774246455,3.365788740708433,121.23322026666666,588.0685774246455
98,45,121.6442395022222,0.5277475249955602,0.9796469631512443,596.1827546909625,3.0821686002015563,121.6442395022222,596.1827546909625
98,40,117.36117162666666,8.035594536573612,0.9795304382422813,601.0000405459577,1.6915404181260587,117.36117162666666,601.0000405459577
98,35,115.47598620444444,11.023941328118875,0.9795537215460121,620.5365286049165,2.826836834323971,115.47598620444444,620.5365286049165
98,30,120.79158030222221,0.6070764605991252,0.9797543206055884,627.6980014149025,1.190273156548214,120.79158030222221,627.6980014149025
98,25,120.75328597333333,1.9511344776859845,0.9796390040483643,643.666773653332,6.722597415374096,120.75328597333333,643.666773653332
98,20,110.05124479999999,12.651475674930163,0.9796716007370252,449.1208912262321,13.248419165275088,110.05124479999999,449.1208912262321
98,15,121.62348472888887,1.8369571673622587,0.9794666034801184,538.720235398507,122.49817983019747,121.62348472888887,538.720235398507
98,10,120.61363768888889,0.22314787991832144,0.979566133219883,544.5864799724811,138.0019902223495,120.61363768888889,544.5864799724811
98,5,119.12975047111111,3.393854291973856,0.9795230774660363,573.3790130331021,143.99395682305092,119.12975047111111,573.3790130331021
98,0,121.55278762666666,1.0393870811138965,0.9784052695419196,622.6779754182242,163.79941342862043,121.55278762666666,622.6779754182242
100,800,31.49748821333333,0.00873433988491676,0.9956429904404064,343.5145037684568,0.07100432962255188,31.49748821333333,343.5145037684568
100,700,35.556909511111115,0.01648418224604776,0.9959093378083628,343.6387943431857,0.4387240980834119,35.556909511111115,343.6387943431857
100,600,40.65852757333333,0.012979689787823037,0.9961677243714298,344.74908750892376,0.7896477467885258,40.65852757333333,344.74908750892376
100,550,43.889844195555554,0.02826701986180828,0.9963493530026885,346.2953046394939,1.9877538665234467,43.889844195555554,346.2953046394939
100,450,52.03713578666666,0.03031818026571865,0.9970992098437789,346.920918058959,0.5537230764481412,52.03713578666666,346.920918058959
100,380,59.88744632888889,0.13487812651868186,0.9971963446077977,346.6213498258612,0.19849433688929266,59.88744632888889,346.6213498258612
100,340,65.36054001777778,0.07796499610616563,0.9976427020652743,348.06928176198926,0.2867240469947046,65.36054001777778,348.06928176198926
100,300,71.8041260088889,0.04428402560733575,0.997652022201982,348.4391919304914,0.044289999036700584,71.8041260088889,348.4391919304914
100,260,79.91254144,0.08418900068045564,0.9980874629660456,350.5711913859221,0.6074653785833074,79.91254144,350.5711913859221
100,220,89.91329649777776,0.17878137366261135,0.9981236159287697,356.84907713142803,0.8496054351052225,89.91329649777776,356.84907713142803
100,200,94.02422115555555,0.14254960979948927,0.9980016948444427,359.42193581483616,0.20099786308962062,94.02422115555555,359.42193581483616
100,180,93.98202410666666,0.21759499061338405,0.9983147972788075,357.7140387665256,0.21409496273797016,93.98202410666666,357.7140387665256
100,160,97.68406314666667,0.13123155170132628,0.9973249959879963,360.8575810138566,0.08334547131777764,97.68406314666667,360.8575810138566
100,140,115.7802898488889,3.0050050447248915,0.9986247612757365,459.2612335630533,4.220806927204503,115.7802898488889,459.2612335630533
100,120,117.38658147555554,1.0443065473104831,0.9985417609837972,466.28830500480353,17.611783141004157,117.38658147555554,466.28830500480353
100,100,118.09974058666666,0.9416650164448128,0.998681887623737,504.5371524911959,10.72986167234309,118.09974058666666,504.5371524911959
100,90,119.10128668444445,0.35577064649457163,0.9985907404362365,505.515631373682,2.1248184568891957,119.10128668444445,505.515631373682
100,80,119.01682645333331,1.7576142535935628,0.9985812502299045,524.4348644502819,1.488511250991658,119.01682645333331,524.4348644502819
100,70,113.29139214222221,5.0891450245853385,0.998448637026477,523.0877982505881,3.779265748636304,113.29139214222221,523.0877982505881
100,65,117.96590890666666,3.1101641537600195,0.9986251239059764,545.1752271433821,5.460307986372634,117.96590890666666,545.1752271433821
100,60,115.85314446222223,7.090116499599136,0.9984193119656982,546.0758008852071,0.8879818508920995,115.85314446222223,546.0758008852071
100,55,113.92799374222221,5.710328849790656,0.9985814695441405,568.0717200983596,0.43984125302943317,113.92799374222221,568.0717200983596
100,50,119.66471480888889,0.277841603589173,0.998617934363415,567.2328856869746,1.6247748914837903,119.66471480888889,567.2328856869746
100,45,114.28612195555554,9.08614696178566,0.998329387393268,582.9329300417547,2.5192577740201267,114.28612195555554,582.9329300417547
100,40,118.41855743999999,3.5278152221941332,0.9987345931849063,588.9267482717005,1.5698958500797784,118.41855743999999,588.9267482717005
100,35,109.44242787555555,10.789316280151327,0.998520041975408,606.6606656178546,4.768937517305948,109.44242787555555,606.6606656178546
100,30,116.16870001777777,2.357145451627656,0.9987644138479204,615.0982007209258,1.8438671235793107,116.16870001777777,615.0982007209258
100,25,112.87715982222221,7.4005006716071176,0.9987290048694688,567.7167901989002,115.44558156923745,112.87715982222221,567.7167901989002
100,20,104.69142456888888,10.655058370605836,0.9985561816599343,519.9683397077919,118.87646950646949,104.69142456888888,519.9683397077919
100,15,106.68170965333331,8.95524582045482,0.9984136776397952,447.81778681424913,20.636113263820047,106.68170965333331,447.81778681424913
100,10,116.72253696,3.4968423879644135,0.9985626667680948,533.5050597527213,144.27840187433534,116.72253696,533.5050597527213
100,5,113.11572209777778,0.6393742856187659,0.9985165374486783,568.1357285560097,143.79103252785106,113.11572209777778,568.1357285560097
100,0,117.48682936888888,0.9210687495057472,0.9988112635808973,478.0996082639215,14.034452005610433,117.48682936888888,478.0996082639215
