read_pct_rounded,pause,bandwidth_mean,bandwidth_std,rd_percentage_actual_mean,latency_mean,latency_std,bandwidth_smooth,latency_smooth
0,421,18.65449560216099,0.07033101077723496,0.0014532985743514939,174.81870526266667,0.01703503726462538,0.0,174.81870526266667
0,421,18.65449560216099,0.07033101077723496,0.0014532985743514939,174.81870526266667,0.01703503726462538,18.65449560216099,174.81870526266667
0,316,24.224165140723105,0.08741824879103383,0.0015087866370723081,174.46354709966667,0.026743763106737563,24.224165140723105,174.46354709966667
0,236,32.30105538254782,0.02773233539037771,0.0008192339307110898,174.78191132799998,0.04133769776445365,32.30105538254782,174.78191132799998
0,177,42.81976694943862,0.22172181897632906,0.002564041232676045,175.70791243883332,0.10593967817581801,42.81976694943862,175.70791243883332
0,133,56.794460980125585,0.2548396153933418,0.0014849958938093352,176.60907207350002,0.05235451340974226,56.794460980125585,176.60907207350002
0,100,74.71803491491252,0.4301898719294355,0.0016137900003260538,177.94684659266667,0.11934010588069584,74.71803491491252,177.94684659266667
0,86,85.40616760123886,0.49801850269908443,0.0015262663694678778,178.63731007555555,0.09721738450145084,85.40616760123886,178.63731007555555
0,74,99.57046963165674,0.6612284204726319,0.0015193814117153552,179.4701980491111,0.10867785983003338,99.57046963165674,179.4701980491111
0,63,115.96113612184025,0.7550361384046509,0.0010391114562997646,180.39641198888887,0.08241302046529596,115.96113612184025,180.39641198888887
0,58,125.84878127556584,0.6104528524158849,0.0018860416810733693,180.86890567999998,0.10117177289373373,125.84878127556584,180.86890567999998
0,55,130.88123784189818,0.9901091264076431,0.0009360279835652738,181.21585129022222,0.09524032729923075,130.88123784189818,181.21585129022222
0,52,138.8917145879924,0.5837610889576168,0.0016245633604050822,181.70494909066667,0.03330694358342312,138.8917145879924,181.70494909066667
0,50,145.7171758462289,1.3466100064234523,0.0010801018742204011,182.01328100783334,0.11970554792730878,145.7171758462289,182.01328100783334
0,47,154.64888519300618,1.625660515286121,0.0006881253882172446,182.4472627878889,0.16612611062173951,154.64888519300618,182.4472627878889
0,43,168.73191296769755,2.2704287145046527,0.001350413082036288,183.22226288566665,0.1671363971400616,168.73191296769755,183.22226288566665
0,41,176.1094721276131,1.2119453683299608,0.0008309908318052538,183.45664967955557,0.18150947147109595,176.1094721276131,183.45664967955557
0,39,182.98912321236818,1.123899576949774,0.00012639195802105976,183.85618349866664,0.09735930905793644,182.98912321236818,183.85618349866664
0,38,190.9383395303936,1.9542921059016034,0.0009493236904884705,184.38548233566667,0.22491320405270077,190.9383395303936,184.38548233566667
0,37,196.5349161245223,1.9113253177872433,0.0008214443134906731,184.70773914988888,0.16330414840729532,196.5349161245223,184.70773914988888
0,35,205.04748979362662,2.053524104625571,0.0005267613453160396,185.2112885111111,0.11385260363816549,205.04748979362662,185.2112885111111
0,33,217.51869002249668,1.8670990605878945,0.0005334497478576165,186.06811024083333,0.19978091408970403,217.51869002249668,186.06811024083333
0,32,223.85352762767945,2.6608114484644716,0.0006370624249244098,186.40862796011112,0.17338184078623894,223.85352762767945,186.40862796011112
0,31,231.76682929208744,2.316987990225787,0.0004963305057722332,186.88798413555554,0.1427234207485687,231.76682929208744,186.88798413555554
0,29,251.1100786393132,1.3878979095683963,0.0007716354431463739,188.156888697,0.10144232362767769,251.1100786393132,188.156888697
0,28,255.9578211791093,1.1418879252629532,0.0005988588249513981,188.53592979416666,0.14073574020881224,255.9578211791093,188.53592979416666
0,26,276.1568537231283,2.417920130965441,0.0007245669635561242,189.88888642155555,0.21763123336502674,276.1568537231283,189.88888642155555
0,24,298.2375994977474,4.292316848169509,0.0015331983249653755,191.662525772,0.7582798797803667,298.2375994977474,191.662525772
0,23,308.49416975586524,2.7411791796647713,0.0008704439114598568,192.67308377433335,0.9908490230282638,308.49416975586524,192.67308377433335
0,22,323.79000147282346,3.4762885836191955,0.0007353979130098299,193.44099873088888,0.3634666823624591,323.79000147282346,193.44099873088888
0,20,355.26887848730763,3.424043597750239,0.0013124694986930713,196.54848624116667,1.0035906987621805,355.26887848730763,196.54848624116667
0,19,373.27499875630053,4.080648075043337,0.0010152020300642362,198.63119886225002,1.1067662520164345,373.27499875630053,198.63119886225002
0,17,420.2509742719294,5.857109500899018,0.0008720108871128889,204.81029159833335,1.6895357305440875,420.2509742719294,204.81029159833335
0,15,469.3874770571013,3.9471914571317095,0.001097084308557542,228.57096387325,4.89889959470152,469.3874770571013,228.57096387325
0,14,488.2960683919089,1.7689389185127848,0.0012371941286339109,245.87834291783335,4.814585773030649,488.2960683919089,245.87834291783335
0,13,499.10758476879045,4.519738086237393,0.0007297440867940987,257.89131545833334,2.8988524769139414,499.10758476879045,257.89131545833334
0,11,504.3579657401821,4.497719285582889,0.0006228661632099988,264.6147144303334,1.2016987392624512,504.3579657401821,264.6147144303334
0,10,505.5345800408943,1.1906252695667394,0.0002543502953236028,264.6506807301111,0.988612406264848,505.5345800408943,264.6506807301111
0,8,506.04340494307365,0.47688338190271673,0.00012675626993872706,263.213066456,1.2099260939483714,506.04340494307365,263.213066456
0,7,506.1054759903311,0.18429624710778844,0.00011955968369099146,263.44272984466664,0.8212855726310704,506.1054759903311,263.44272984466664
0,5,506.21965777033466,0.17402997197221134,4.1941466406234825e-05,263.563614829,0.5317036832201459,506.21965777033466,263.563614829
0,3,505.259488648185,0.38776144428191195,5.7247998059575994e-05,264.39529996233335,1.0620374886291597,505.259488648185,264.39529996233335
0,1,505.3198091220813,0.567051572207982,0.00022699814347832653,263.99524663899996,1.3297776725018426,505.3198091220813,263.99524663899996
0,0,504.3653260038624,3.538667752356839,0.0006096209165421078,263.61673897444444,1.5940567769888474,504.3653260038624,263.61673897444444
1,486,16.444921790385536,0.3052418443262449,0.010592495177339074,175.16177554166666,0.07343542345997861,0.0,175.16177554166666
1,486,16.444921790385536,0.3052418443262449,0.010592495177339074,175.16177554166666,0.07343542345997861,16.444921790385536,175.16177554166666
1,452,17.70085529513615,0.07051190078371472,0.01176455875944499,174.96992697366667,0.020865869027089694,17.70085529513615,174.96992697366667
1,421,19.067375286449817,0.03947595616992517,0.010546933318448354,174.84093253633333,0.060179621210505886,19.067375286449817,174.84093253633333
1,316,24.412113909120603,0.049156363558276316,0.010719972878035803,174.49815665966665,0.03314165713952541,24.412113909120603,174.49815665966665
1,236,32.686317179408206,0.02292351946376574,0.008783194554378385,174.83352523333335,0.01806658458969511,32.686317179408206,174.83352523333335
1,177,43.4145674011692,0.26698670212779163,0.01068535746560557,175.70160278433332,0.05872480259904362,43.4145674011692,175.70160278433332
1,133,57.533391393529506,0.1494155801047616,0.008606206288247957,176.71359485300002,0.03162203036361121,57.533391393529506,176.71359485300002
1,86,86.9357261066438,0.5207394996168673,0.012967517169953422,178.82239142566667,0.06917880981627585,86.9357261066438,178.82239142566667
1,74,101.90415704726047,0.6295631553190816,0.012612701724373919,179.79317848166667,0.031460294714591434,101.90415704726047,179.79317848166667
1,63,118.34932108546627,0.3996359582113686,0.012020987743241743,180.73745533566668,0.09013353229374213,118.34932108546627,180.73745533566668
1,58,128.74669944857004,0.7995456589344048,0.01121427360702682,181.35105123833333,0.057259433245264175,128.74669944857004,181.35105123833333
1,55,133.1198348579041,0.5937777205993084,0.009493058728427308,181.57519068733333,0.027617373764781957,133.1198348579041,181.57519068733333
1,52,140.41874260027927,0.5481177480173575,0.009872355934622282,182.04545284333335,0.09511888262137122,140.41874260027927,182.04545284333335
1,50,147.57795527384675,0.6401112123720969,0.008814823310850104,182.45367832033332,0.03634737400073639,147.57795527384675,182.45367832033332
1,47,157.3763592942322,0.46056348855831764,0.008273708775667502,182.926096582,0.040431435207297084,157.3763592942322,182.926096582
1,41,179.42614516586738,1.9653794630592716,0.007979121411424471,184.06867103166667,0.10073197688511434,179.42614516586738,184.06867103166667
1,35,210.28371023283262,1.1811857429890404,0.0078121462181083125,186.06442331733334,0.1504495358455034,210.28371023283262,186.06442331733334
1,31,235.83003019912834,2.0217736540693902,0.006012764315594041,187.68370094500003,0.19655873565662502,235.83003019912834,187.68370094500003
1,28,260.7870660092968,0.500824555898441,0.00601952950398772,189.51766099433334,0.12098146620452448,260.7870660092968,189.51766099433334
1,26,281.63950723528075,1.3308402095807637,0.005302341314324461,190.89416709233333,0.14084520944307835,281.63950723528075,190.89416709233333
1,22,329.5063999254618,0.15795401085854469,0.005227714841559059,195.21213300866665,0.2776610765649432,329.5063999254618,195.21213300866665
1,11,478.3883322709181,2.0125622539580954,0.007348115569620759,257.119849117,0.49121312472048495,478.3883322709181,257.119849117
1,10,481.7329448554926,4.835643148832731,0.006807785760716406,256.93214512033336,0.06423544518759318,481.7329448554926,256.93214512033336
1,13,484.0152071445391,1.4648973909497585,0.005935486736023996,257.93548428966665,0.4163115955886972,484.0152071445391,257.93548428966665
1,0,485.0350417462622,0.9356572862857856,0.005807159853073872,257.5378857503333,2.0598606618013022,485.0350417462622,257.5378857503333
1,1,485.83576124790517,3.2058469971105326,0.0057685083046708835,256.409879248,1.034424076623016,485.83576124790517,256.409879248
3,32,234.19742571839916,0.4657194813926329,0.032311686514788884,190.63829129866667,0.343093112328272,234.19742571839916,190.63829129866667
3,29,256.68991633954494,1.2827942115087536,0.032148914831171084,192.94486411233333,0.14954925587949144,256.68991633954494,192.94486411233333
3,26,285.6465231537398,0.9296388911687209,0.030848928281131952,196.06641066333336,0.21637419946988315,285.6465231537398,196.06641066333336
3,24,308.42220990968207,1.7764222472259117,0.029123740946528195,198.78137137099998,0.5011653065727525,308.42220990968207,198.78137137099998
3,23,321.40586852298765,0.4763833719164677,0.027558681185436862,200.01172057899998,0.3127887917396376,321.40586852298765,200.01172057899998
3,22,334.1484065654773,0.6290082612334221,0.025529027860418493,201.47242705866665,0.047357616674196634,334.1484065654773,201.47242705866665
3,20,365.03501599396077,,0.02512276558168865,206.230734877,0.11520268754000462,365.03501599396077,206.230734877
3,14,402.123527833664,1.445244076424161,0.03145045014853504,271.490309045,0.9651220888254118,402.123527833664,271.490309045
3,8,412.91663636125395,9.780154477323785,0.02754861145195091,264.323946074,1.0574508112472751,412.91663636125395,264.323946074
3,15,413.1426276895703,,0.02678699043083078,267.796260279,0.7478506747627873,413.1426276895703,267.796260279
4,486,17.49077512435527,0.03049407881317267,0.03982302558645375,175.0283221633333,0.008776033015536639,17.49077512435527,175.0283221633333
4,55,137.92579500529916,0.5076664443831015,0.03986111254554781,182.75531321866666,0.07885923547363693,137.92579500529916,182.75531321866666
4,47,161.63639866996942,0.3766607745139708,0.04298191600896023,184.696577274,0.14673216924268911,161.63639866996942,184.696577274
4,41,183.55332745944594,1.8418183429628006,0.038677780128441516,186.04085251633333,0.24134211919389914,183.55332745944594,186.04085251633333
4,37,204.32745393393836,0.19476582501957487,0.036787217771325396,187.96718771366668,0.08907035636425929,204.32745393393836,187.96718771366668
4,35,213.69996457031957,0.5427692955547457,0.03569449587486131,188.81179656533334,0.05006923860663616,213.69996457031957,188.81179656533334
4,31,239.14471585770835,,0.03683404254161062,191.36998695399998,0.1772899292290802,239.14471585770835,191.36998695399998
4,28,266.2764906873068,0.9414949072103072,0.03680863200604953,194.80912510933334,0.2666209138503481,266.2764906873068,194.80912510933334
4,13,383.8283818557134,3.4270237893487456,0.039750701889609656,277.3787191596667,0.7498759506473242,383.8283818557134,277.3787191596667
4,11,383.07336310794966,3.3978701091030805,0.04043027805461566,277.4094424803333,0.21501834690086208,383.07336310794966,277.4094424803333
4,10,387.7841321635422,2.392590035890178,0.03802296766825617,276.35466603566664,1.7800401138047854,387.7841321635422,276.35466603566664
8,47,164.07705682585635,1.6709888518518317,0.08439037596994943,186.22768475166666,0.19706601196732623,164.07705682585635,186.22768475166666
8,41,188.90109159913484,1.351836614054272,0.07908547239543594,188.63462266333332,0.08293991607448012,188.90109159913484,188.63462266333332
8,37,209.84772105817,1.2033124874210315,0.08388238737050298,191.0961173293333,0.2591853637252591,209.84772105817,191.0961173293333
8,35,219.49002892970302,0.43698116873155357,0.0824165473063704,192.04635917533332,0.05865964326815238,219.49002892970302,192.04635917533332
8,32,240.02743945562227,1.1244194484995755,0.08142646363883227,194.453768172,0.054936535107795774,240.02743945562227,194.453768172
8,31,246.04173367691456,0.6578673515356328,0.08084722715622192,195.30438081633335,0.12398501693861391,246.04173367691456,195.30438081633335
8,29,263.435763083246,1.6784434504695305,0.08154085406836269,198.01332058666665,0.3957415019162348,263.435763083246,198.01332058666665
8,28,272.5207802729116,0.9624481466307804,0.08181352463704702,199.85062023566664,0.4428512422963677,272.5207802729116,199.85062023566664
8,26,293.41161601846966,1.9041011490063804,0.08155250389856035,204.42690661966665,0.6196352548244227,293.41161601846966,204.42690661966665
8,24,314.2033994613035,1.289030566111857,0.08151734817349081,210.870217047,0.5861700482177956,314.2033994613035,210.870217047
8,23,331.5723153121789,0.8959646171902453,0.07860584422793883,218.686335268,2.5573603937031812,331.5723153121789,218.686335268
8,22,342.86102773745614,2.0364807770089706,0.0798169931723905,225.73006858433334,1.0053924512981913,342.86102773745614,225.73006858433334
8,20,363.93657191382084,0.5610658622510656,0.07863668513395915,251.73463939633334,1.4191348493517164,363.93657191382084,251.73463939633334
8,19,364.60020662175157,0.6432962876920691,0.0814546954157363,275.057769761,1.4221263743900463,364.60020662175157,275.057769761
9,316,25.495613902728454,,0.09467004589719344,174.69932669633332,0.026844110667277488,0.0,174.69932669633332
9,316,25.495613902728454,,0.09467004589719344,174.69932669633332,0.026844110667277488,25.495613902728454,174.69932669633332
9,236,34.238445545573946,0.10528577710723758,0.09174233461887311,174.91694626100002,0.013122265878431133,34.238445545573946,174.91694626100002
9,177,46.45052206585467,,0.08556759302401222,175.87613256833333,0.05810232386536681,46.45052206585467,175.87613256833333
9,74,105.77813387895542,1.0395214177538226,0.09168349134397491,181.09835037366665,0.02933357566671292,105.77813387895542,181.09835037366665
9,63,123.94782151343054,0.5211778462241456,0.08999964076223806,182.65298481566666,0.03845345429294254,123.94782151343054,182.65298481566666
9,50,154.6586052771282,1.4116101351091435,0.08694203173775723,185.40489198633335,0.20649961166173225,154.6586052771282,185.40489198633335
9,33,234.17371161652275,0.8693661547866208,0.08825329005175049,194.49859093233331,0.1692282704948386,234.17371161652275,194.49859093233331
9,10,343.2882233065971,0.8963678241690006,0.08834283701181317,303.68357985433335,0.43144760945182525,343.2882233065971,303.68357985433335
9,11,344.74411170336685,0.10719365330334135,0.0896297143694883,304.64236245933336,1.078490960697638,344.74411170336685,304.64236245933336
9,13,347.00035431885516,0.7376483484208933,0.08911951423224734,306.3258207796667,1.5081399505004882,347.00035431885516,306.3258207796667
9,14,349.2497697296241,0.42068354340824465,0.08938315575423361,305.158253904,1.3712094259804135,349.2497697296241,305.158253904
9,15,350.2849943963172,0.3512915464574504,0.08838029105236818,304.6389093083333,0.9481770209400084,350.2849943963172,304.6389093083333
9,17,356.0260827607816,0.7856108825784266,0.08595439121365475,298.0132674816667,0.917106100486737,356.0260827607816,298.0132674816667
12,486,17.18331649245192,0.06458048310869738,0.11751771546206498,175.21216136966666,0.015119829121559923,0.0,175.21216136966666
12,486,17.18331649245192,0.06458048310869738,0.11751771546206498,175.21216136966666,0.015119829121559923,17.18331649245192,175.21216136966666
12,421,19.884003978512563,0.08258809811916697,0.1239732443716824,174.93339408966668,0.03297931799358422,19.884003978512563,174.93339408966668
12,316,25.537821273221024,0.042770376427306654,0.11991730608189845,174.69076863666666,0.02247189827692487,25.537821273221024,174.69076863666666
12,236,34.732888214028556,0.0376913994391959,0.11985032562649162,174.96013767733334,0.024348289339640054,34.732888214028556,174.96013767733334
12,74,107.73511509208952,0.8545816187252674,0.12466990789906053,181.789307516,0.07186764918754847,107.73511509208952,181.789307516
12,63,125.24546577377096,1.1659555380259066,0.1222483434260475,183.347993188,0.11797568578856021,125.24546577377096,183.347993188
12,58,135.1597076062021,0.6962133281940076,0.122247503989102,184.28779655433334,0.10334621899874996,135.1597076062021,184.28779655433334
12,55,142.8231461098989,0.23344865843099954,0.12208176417610996,185.15441232233331,0.021932497400949325,142.8231461098989,185.15441232233331
12,50,157.69771349141413,0.5324157436453569,0.11887013860873948,186.470209838,0.11435544507932639,157.69771349141413,186.470209838
12,47,166.2019707628582,0.057014180183230165,0.11883301291781057,187.4014143566667,0.0787473400858683,166.2019707628582,187.4014143566667
12,45,172.55992541906332,0.9549672558560672,0.11796416038407076,187.98661307066666,0.08824482932304839,172.55992541906332,187.98661307066666
12,44,178.57755564010623,1.0275488698112578,0.11661251671331367,188.60493896633332,0.20632843654521385,178.57755564010623,188.60493896633332
12,43,179.59223815112804,0.5067562897727161,0.11836923853122298,188.67538391899998,0.061519196964740785,179.59223815112804,188.67538391899998
12,41,191.75438405726888,0.6820091751582652,0.12189131863154958,190.12022654666666,0.22919433930070224,191.75438405726888,190.12022654666666
12,39,199.99655923662544,1.0720561386475276,0.11669710428735978,190.7249019986667,0.13537884761420552,199.99655923662544,190.7249019986667
12,38,204.0824149409133,0.7715338482529193,0.11683011135596394,191.15518147366666,0.09909492848536584,204.0824149409133,191.15518147366666
12,37,213.73081851411175,2.0851423523106525,0.11632205412356987,192.23955441533334,0.22850487183021365,213.73081851411175,192.23955441533334
12,35,221.52732323282237,1.264155443193755,0.11620881818976857,193.17825708700002,0.07011180171511602,221.52732323282237,193.17825708700002
12,33,237.38284743417077,0.5886980822114477,0.11637270887292889,195.32697219366665,0.24149044335355455,237.38284743417077,195.32697219366665
12,10,363.7785172656756,0.30858090785876974,0.12012614708079201,343.8414063836667,0.6122734350278713,363.7785172656756,343.8414063836667
12,13,366.57284918510067,1.3508527398143824,0.11826957950017412,341.73916203799996,1.3908766229697276,366.57284918510067,341.73916203799996
12,17,373.0876763947472,0.5465373755225345,0.1169559583134359,341.9299515083333,0.9638269847584112,373.0876763947472,341.9299515083333
14,37,212.70779481517428,0.06784552245867863,0.1439905426855132,192.20140232999998,0.06904823390020365,212.70779481517428,192.20140232999998
14,33,236.51026880216492,0.8046712323353006,0.1418130578565847,196.02598782666666,0.33016270082764887,236.51026880216492,196.02598782666666
14,32,245.1362978291363,1.7514307570689847,0.14138899476703812,198.05716104866667,0.4042420020694504,245.1362978291363,198.05716104866667
14,31,252.2592915482696,1.8341559574839459,0.13981313040239965,199.829700417,0.3453130878479186,252.2592915482696,199.829700417
14,29,267.5083154122886,1.4594638634915509,0.1389596074929713,203.90027225566666,0.5392247750263087,267.5083154122886,203.90027225566666
14,28,277.11564531009725,1.3051704874509482,0.13992169222009362,207.61652963866666,0.7321582446219798,277.11564531009725,207.61652963866666
14,26,299.9937577242099,2.2104010844562185,0.1394025931060808,219.74002387200002,1.679953224085831,299.9937577242099,219.74002387200002
14,24,319.86463581277445,1.414534457887621,0.13786013765365537,234.68988639966665,1.216741376051119,319.86463581277445,234.68988639966665
14,23,336.104064315913,,0.13517147557762613,250.091824535,2.9325005715637316,336.104064315913,250.091824535
14,10,380.04503710207024,0.6412703928074686,0.13585747898357062,389.42251219300005,1.4931301174504348,380.04503710207024,389.42251219300005
15,486,17.651350994791848,0.1375769964538525,0.15051051937800566,175.23744400766668,0.0023692693244406295,0.0,175.23744400766668
15,486,17.651350994791848,0.1375769964538525,0.15051051937800566,175.23744400766668,0.0023692693244406295,17.651350994791848,175.23744400766668
15,452,18.60759918039852,0.056725183391496244,0.15024806699857726,175.12570008933335,0.018106320717808003,18.60759918039852,175.12570008933335
15,421,19.897411201051227,0.026387081873702173,0.14917585052760082,174.98391235433334,0.014977817533179063,19.897411201051227,174.98391235433334
15,316,25.292318763830764,0.12342349106112721,0.15036063797563534,174.789152589,0.03544407813390936,25.292318763830764,174.789152589
15,273,29.994792436074473,0.055657751303520006,0.14832994682178677,174.72897532466666,0.013235081316768005,29.994792436074473,174.72897532466666
15,236,34.63158308338428,0.136150921594025,0.14841222688524933,175.03241775066667,0.012264341481823763,34.63158308338428,175.03241775066667
15,79,100.93120969280898,1.4305887346166775,0.14925943003329958,181.30046269666664,0.12345926362802144,100.93120969280898,181.30046269666664
15,63,126.35317271974174,0.6914334982103895,0.15285988206989728,183.836596199,0.10326905058034795,126.35317271974174,183.836596199
15,55,143.30572215163866,0.09334891273595992,0.15185560661161035,185.666345688,0.029130691020321908,143.30572215163866,185.666345688
15,47,166.73908091434453,1.2237094110089628,0.14807075974791323,187.65836329599998,0.19786074672304055,166.73908091434453,187.65836329599998
15,41,192.0892032862299,1.0391106898248783,0.14607535053683665,190.00841561733333,0.10619824277497088,192.0892032862299,190.00841561733333
15,35,222.89123011726667,0.911189241823214,0.14612415788712949,193.8412757066667,0.21163202036190193,222.89123011726667,193.8412757066667
18,421,20.08275014450755,,0.17544790309410094,175.01565971866668,0.04527434400447489,20.08275014450755,175.01565971866668
18,74,108.29014923194013,0.8308452719098479,0.18428886624847854,182.41764853766665,0.12231716615275068,108.29014923194013,182.41764853766665
18,63,126.93031762948029,0.5451106594894778,0.182592208157935,184.26834030033334,0.03162904000056061,126.93031762948029,184.26834030033334
18,60,132.5114007728736,0.901166587565201,0.18201101315261525,184.75438685700001,0.13971007033025043,132.5114007728736,184.75438685700001
18,58,138.64959420830294,0.6827784284722237,0.18072129363432485,185.29574197733334,0.0231652646632447,138.64959420830294,185.29574197733334
18,56,139.75246109480022,1.6756330291823132,0.18160003302641026,185.368035179,0.12589204340587656,139.75246109480022,185.368035179
18,55,141.60466032967392,0.8337677699471646,0.18156325484103467,185.532121576,0.09864962446149708,141.60466032967392,185.532121576
18,52,151.7593809109283,0.1841212461246483,0.18123689074957683,186.3149530103333,0.07469977548369412,151.7593809109283,186.3149530103333
18,50,159.08534580929975,0.4137088713548114,0.17818301569392095,186.83070580633333,0.03921684027074262,159.08534580929975,186.83070580633333
18,47,168.0737393355581,0.9925897507528146,0.17931410321260177,187.63378391533334,0.0853151852079436,168.0737393355581,187.63378391533334
18,43,184.2167353719465,1.5373093198817926,0.17647071381124171,189.07190020733333,0.1606250923500538,184.2167353719465,189.07190020733333
18,41,193.90913535733395,1.69608495015651,0.17715609276613298,190.098805438,0.2280213413665033,193.90913535733395,190.098805438
18,32,246.27080604876443,,0.17572818174837987,199.21540684600004,0.2886800475233522,246.27080604876443,199.21540684600004
18,20,388.9458553058938,0.3944434159068855,0.18468356795956142,376.7365783723333,1.2042003861484056,388.9458553058938,376.7365783723333
18,19,406.2379257481859,0.9787154741514568,0.17870147909251444,432.9922412476667,3.984934663973198,406.2379257481859,432.9922412476667
18,17,421.46312969875726,0.15701992907323992,0.17599311693032982,515.1023893386666,0.5384437457790928,421.46312969875726,515.1023893386666
18,15,425.4388154081689,0.09531282367167433,0.17659903904599936,548.0214958946667,1.2479736315187,425.4388154081689,548.0214958946667
18,14,425.9260629704174,0.3019817734263679,0.1781630026227591,552.8471658603333,0.7294294892353225,425.9260629704174,552.8471658603333
18,13,424.8673137928788,0.13855969501587995,0.17732554781907814,550.3608379516667,1.3576353150747977,424.8673137928788,550.3608379516667
18,11,425.5978479248325,0.16052235200022144,0.17964009918336563,556.7114112246667,0.5698926059226694,425.5978479248325,556.7114112246667
18,10,426.2942195794272,0.29374667540942695,0.18190197428365515,561.2966629946667,1.3276460535554482,426.2942195794272,561.2966629946667
18,1,426.6586650061097,0.1559963627528968,0.1798268341424379,558.7735090013333,1.3983809381094403,426.6586650061097,558.7735090013333
18,0,426.6385069830214,0.6666758882779542,0.18045688526823592,560.6997108363333,0.29364637156749673,426.6385069830214,560.6997108363333
20,37,218.30512545820395,1.06608800455598,0.20457484936305326,194.89934816333334,0.12295773457163421,218.30512545820395,194.89934816333334
20,31,255.0689713193301,,0.20461133487679578,203.958302184,0.7976609957510735,255.0689713193301,203.958302184
20,28,282.3816791193666,0.01010983980414165,0.20441172045161263,216.663114993,1.1083496365625427,282.3816791193666,216.663114993
20,24,326.3207698847266,0.4400772044129127,0.204487714613875,255.75946414133332,2.504439768204497,326.3207698847266,255.75946414133332
20,23,340.72679913993824,0.9202873568781282,0.201309786420467,275.46049187533333,0.9992533921191201,340.72679913993824,275.46049187533333
20,22,354.23900655744956,0.9568653313162324,0.19809917297317733,298.60370851466666,2.1230908400118933,354.23900655744956,298.60370851466666
20,19,411.0158570435912,0.5375440796798024,0.20306773157897498,453.33910174933334,2.8005834336744546,411.0158570435912,453.33910174933334
20,17,431.2755394670544,0.7440331075170526,0.19672357278901198,562.363904614,6.093608379320836,431.2755394670544,562.363904614
20,15,434.9081631013798,0.31196149235970716,0.19701689833889316,594.0759727366667,1.9886842453383256,434.9081631013798,594.0759727366667
20,14,434.59028214647947,0.8568413866998992,0.19685067963694494,599.0095755406667,1.7481661629690044,434.59028214647947,599.0095755406667
20,13,434.3353611758103,0.036131061627407736,0.19690609957218666,601.0484001923334,0.8728463527971466,434.3353611758103,601.0484001923334
20,10,434.9033246063232,0.040621853799362125,0.201331429296337,607.0591160526667,0.11492509418474169,434.9033246063232,607.0591160526667
20,8,435.4974648549647,0.13061117034739675,0.20278147802614935,609.2125490306667,1.409697060994201,435.4974648549647,609.2125490306667
20,7,435.71805215106065,0.16065954647492384,0.20333065584367352,609.5872067446667,0.7582159342350373,435.71805215106065,609.5872067446667
20,5,436.147666277945,0.39453199883132617,0.2012025883084009,606.790407418,1.6340570166597643,436.147666277945,606.790407418
20,3,436.13695016196266,0.3655285097443342,0.20013040806671958,606.1847077673333,1.0469168719962796,436.13695016196266,606.1847077673333
20,1,436.06749674557506,0.17888032310602475,0.2004865981086996,607.0445395036667,0.27817139133153096,436.06749674557506,607.0445395036667
20,0,435.95798287477095,0.18829805448231166,0.20141333175630258,608.049976085,0.6739322836200597,435.95798287477095,608.049976085
21,86,96.3079442373375,0.026055706631795204,0.21364711961806204,181.298454127,0.03964913102198643,96.3079442373375,181.298454127
21,74,108.66260950424184,0.5019265907394985,0.21109833096525443,182.64173317366667,0.05390059253751457,108.66260950424184,182.64173317366667
21,63,127.52440897418914,0.5661631853972043,0.2116682145254675,184.34364011033333,0.10364321516614461,127.52440897418914,184.34364011033333
21,58,137.78713837193195,0.6620941971668245,0.20956644782182887,185.10023444333333,0.01507980481849576,137.78713837193195,185.10023444333333
21,55,142.84226201239903,0.17610780836058798,0.20955158901925078,185.46772660266666,0.04991383339196614,142.84226201239903,185.46772660266666
21,52,152.6642128028188,0.4393065686551373,0.20919118413478274,186.10244010633332,0.0404309065938144,152.6642128028188,186.10244010633332
21,50,159.53018609539401,0.4222561736717949,0.20565278602433357,186.70612733966666,0.037509998876863716,159.53018609539401,186.70612733966666
21,47,170.63321633837333,1.0472071655597206,0.20752961220190227,187.742494597,0.09507750936485443,170.63321633837333,187.742494597
21,41,194.48238584228042,1.145701496342628,0.2069475995085759,190.51189540833334,0.1504294579010272,194.48238584228042,190.51189540833334
21,39,203.1046450213071,1.0842703730123864,0.20652014966112298,191.87551069233334,0.16361600700169043,203.1046450213071,191.87551069233334
21,38,209.65795602305332,0.11553060683789838,0.20837821805573875,192.92442137700002,0.13036982059074093,209.65795602305332,192.92442137700002
21,35,226.11795263173087,1.8299111238827563,0.20651517542102638,196.20293644366666,0.3662113447029827,226.11795263173087,196.20293644366666
21,33,239.12477526739804,0.6038166869929106,0.20650201524781972,199.25281847966667,0.2297624608626528,239.12477526739804,199.25281847966667
21,32,247.38406656341934,2.1305243437604484,0.20580647317001602,201.54389538733335,0.7825055507281199,247.38406656341934,201.54389538733335
21,29,272.963327495527,1.2782516214881634,0.20559727716499965,211.70047642766667,0.7471088763799338,272.963327495527,211.70047642766667
21,26,303.44220424647665,0.5498532765600547,0.20540354106600878,230.049873126,0.9332394220096158,303.44220424647665,230.049873126
21,20,391.50385790961104,1.0949952259909967,0.21080724599009057,392.217679115,3.3014340492816836,391.50385790961104,392.217679115
23,39,207.54893460083335,1.3577385563843154,0.23359544624721829,192.577641729,0.1911390701650091,207.54893460083335,192.577641729
23,38,212.20065263627635,0.7882346086786588,0.2336561562975832,193.26162179766666,0.12343048751492464,212.20065263627635,193.26162179766666
23,37,219.9118194741976,0.14743449308379405,0.23437244781863992,194.74517510366664,0.17545318331351645,219.9118194741976,194.74517510366664
23,35,228.63632709742123,1.2620743795724685,0.23413681476877377,196.694980726,0.32768233519769585,228.63632709742123,196.694980726
23,33,241.9953210957942,1.8873216898215148,0.23352265129492647,199.939222449,0.6252786691274618,241.9953210957942,199.939222449
23,32,250.13578056425885,1.288675454154465,0.2329991710860949,202.55990315633335,0.48994176039722964,250.13578056425885,202.55990315633335
23,31,259.0782971747212,0.6422699494589481,0.2331554994034458,205.60329907966664,0.29067936649193216,259.0782971747212,205.60329907966664
23,29,276.87105019870694,0.513271475223192,0.22955628521608729,215.14872225166664,0.2282527921241498,276.87105019870694,215.14872225166664
23,28,283.4870496135646,2.2484169728783385,0.23297770601241888,217.555127467,1.6845653133084242,283.4870496135646,217.555127467
23,26,305.42712588675505,1.7167804528925044,0.23170632358827334,235.116765205,1.541503822575504,305.42712588675505,235.116765205
23,24,329.925978645126,1.2782481855514476,0.22959078839232905,265.6548000366667,3.0792893257295653,329.925978645126,265.6548000366667
23,23,341.45359593357443,2.1089914512899957,0.22755478006238214,280.326521272,4.313640158496531,341.45359593357443,280.326521272
23,19,415.3888861032112,0.7795809691598447,0.2286635497087096,472.3267659406667,2.511956702886289,415.3888861032112,472.3267659406667
23,15,442.4196745875424,,0.2270796031969653,632.2008317443333,1.9483119773232196,442.4196745875424,632.2008317443333
23,14,441.6285222684199,0.12290135914093184,0.22653213343376052,639.3764442706666,0.9749094981034208,441.6285222684199,639.3764442706666
23,13,441.5317560395144,0.35566558755790234,0.22746463975554967,641.7884691356667,0.7675372684144144,441.5317560395144,641.7884691356667
23,11,441.06597516915025,0.14575110073353098,0.2273571511739126,644.67403714,0.6470365941277971,441.06597516915025,644.67403714
23,10,441.05238221423434,0.18557238567540096,0.2301924452733056,645.5889818776667,0.21000265477809996,441.05238221423434,645.5889818776667
23,8,441.75120426089893,0.13728640454196253,0.23444032572002807,644.7614769373333,1.1982023033747848,441.75120426089893,644.7614769373333
23,7,441.5540439679266,0.09620153840387799,0.23443398831141204,643.865846458,1.0848344276782234,441.5540439679266,643.865846458
23,5,442.2139197354252,0.29577922585434957,0.23483580828826578,643.6735049453333,0.7536322604662455,442.2139197354252,643.6735049453333
23,3,442.55451440409837,0.2989339240400413,0.23386320133683558,643.372700936,1.306169381794294,442.55451440409837,643.372700936
23,1,442.31419511681685,0.11375624092663689,0.23362172460075392,642.5763040746666,0.3013031037909276,442.31419511681685,642.5763040746666
23,0,442.3729794021051,0.23158758803191098,0.2337858043022302,642.670010717,0.5087170357843197,442.3729794021051,642.670010717
24,522,19.484365828056003,0.1778620569560889,0.23980988190674613,175.18074448299998,0.0279167958970575,0.0,175.18074448299998
24,522,19.484365828056003,0.1778620569560889,0.23980988190674613,175.18074448299998,0.0279167958970575,19.484365828056003,175.18074448299998
24,100,83.15118111950424,0.27281444777789465,0.24104888005133937,180.18266727366668,0.039860520463312184,83.15118111950424,180.18266727366668
24,86,95.72964979276615,0.4935948387482514,0.23851866301559954,181.41334320400003,0.05558667693346925,95.72964979276615,181.41334320400003
24,74,110.63712232959102,0.6463633688981028,0.24043381701773434,182.73611517100002,0.04227990175200036,110.63712232959102,182.73611517100002
24,63,128.62178688603126,0.14350433777029234,0.23685927895813116,184.05702114099998,0.050316422688011765,128.62178688603126,184.05702114099998
24,55,146.22099986413386,0.27655206825431206,0.23610297385219084,185.24581163599998,0.08708749802915504,146.22099986413386,185.24581163599998
24,47,171.76416057162805,0.7568885926395578,0.23553582646145413,187.37397489933335,0.09436627486055665,171.76416057162805,187.37397489933335
24,41,197.00001423479335,,0.23532163298411402,190.77294846233335,0.10044659245057672,197.00001423479335,190.77294846233335
26,486,18.35009563893075,0.02672243650602931,0.26167028305357304,175.39703139033335,0.0668792683367092,0.0,175.39703139033335
26,486,18.35009563893075,0.02672243650602931,0.26167028305357304,175.39703139033335,0.0668792683367092,18.35009563893075,175.39703139033335
26,86,96.57256077374235,0.3183865892432953,0.26363893278989786,181.49970754633333,0.01299743569273456,96.57256077374235,181.49970754633333
26,74,111.94021437108408,0.9771365193620873,0.26296027950113,182.775572839,0.051558617344527165,111.94021437108408,182.775572839
26,63,130.05271136735692,0.3226677846673355,0.26224228351128626,183.76231502,0.033994862361943566,130.05271136735692,183.76231502
26,58,140.08696730838582,0.204023750152739,0.26116876727639954,184.20337271100001,0.043391022259795735,140.08696730838582,184.20337271100001
26,55,145.32655038893267,0.3892964482829397,0.2616705896990209,184.768147494,0.049714590615594606,145.32655038893267,184.768147494
26,52,154.2590076459918,0.8100931889646105,0.2608412980383593,185.51265033266668,0.03783646554161144,154.2590076459918,185.51265033266668
26,50,163.3893384773978,1.0699348130249045,0.2589613210699741,186.332974144,0.1428234981960317,163.3893384773978,186.332974144
26,47,172.24581867306588,1.4324667251598053,0.26069488977202043,187.4841329093333,0.10988411289876862,172.24581867306588,187.4841329093333
26,43,189.5605377552201,0.4155917559297674,0.2603838307930079,189.84440784433332,0.06355387847888806,189.5605377552201,189.84440784433332
26,41,196.72364926950377,1.5830850727713508,0.2598729789739984,190.9291847576667,0.27570443401747635,196.72364926950377,190.9291847576667
26,37,219.16236327249626,1.9703195566863996,0.25931423662182396,195.152186709,0.4673162541590826,219.16236327249626,195.152186709
26,35,229.90137280416585,0.8318870786521699,0.25948364361299525,197.71847722366667,0.23813993165127342,229.90137280416585,197.71847722366667
26,32,251.96172666822773,0.6239038814899847,0.2576838034836997,204.15011900366667,0.2442464465431186,251.96172666822773,204.15011900366667
26,31,260.0044323090896,1.9581426588896143,0.2587209715893944,207.359102321,0.9857787355122396,260.0044323090896,207.359102321
26,29,279.34021801280073,1.6967515184553783,0.25869291807549893,217.251449414,1.1282579790378715,279.34021801280073,217.251449414
26,28,287.32578877374175,1.0252927074422957,0.2581687386860513,222.76766034866668,0.7906815313171266,287.32578877374175,222.76766034866668
26,26,309.28964025642745,1.1911452633562085,0.2572210600367016,241.574407063,1.9045688620887544,309.28964025642745,241.574407063
26,20,399.67319542205865,1.629478000673636,0.25688033153878637,422.605199016,5.334154677850252,399.67319542205865,422.605199016
26,19,417.7686774727396,0.30757816293842194,0.25566993922222214,479.95539624466664,1.5967946692917128,417.7686774727396,479.95539624466664
26,7,444.77801451305754,0.2124965224852197,0.2566197781646925,657.2914940186666,0.8026659667269033,444.77801451305754,657.2914940186666
26,5,445.22453684919327,0.15533626942149345,0.25751517705054733,655.5763349796666,0.5266936335821291,445.22453684919327,655.5763349796666
26,3,445.5433608759956,0.10142207619387184,0.2575006417715164,655.9321488753334,1.4558625010581416,445.5433608759956,655.9321488753334
26,1,445.2937487603704,0.11879385974648227,0.2568949139756596,654.0400534353333,0.9392298782366629,445.2937487603704,654.0400534353333
26,0,445.2258159013311,0.07902757529627714,0.25752762088043335,655.534976481,1.1303852976054531,445.2258159013311,655.534976481
28,38,214.63333474812956,1.4685695022050942,0.28327150325490763,194.6772787586667,0.39850808382189185,214.63333474812956,194.6772787586667
28,37,224.75408889989055,1.2179256302463557,0.2831574268758404,197.00660705566665,0.24487211407601964,224.75408889989055,197.00660705566665
28,35,232.3844703560094,0.5069482785777736,0.28345605143164804,198.87821435700002,0.10939739107980036,232.3844703560094,198.87821435700002
28,33,246.5726511112897,1.8670970011167551,0.2827888019269646,203.14622951533332,0.6593018621055535,246.5726511112897,203.14622951533332
28,32,254.07914666788415,1.7387738221547169,0.28317111184221067,205.73676205499999,0.87642439809296,254.07914666788415,205.73676205499999
28,31,263.323007272074,1.6783759001737781,0.28360826211441714,209.95122388666667,0.8626811371318576,263.323007272074,209.95122388666667
28,29,279.42998864571763,1.539131705976373,0.28255872408655186,217.99655662299998,1.0104833741692612,279.42998864571763,217.99655662299998
28,28,288.48000849363603,1.5548230454613574,0.282131075744606,224.76105335766667,1.4819509629472138,288.48000849363603,224.76105335766667
28,26,311.6604508911282,1.1964350639173016,0.2811639488525577,246.16926239333336,1.4967245746303333,311.6604508911282,246.16926239333336
28,24,336.3334758624998,3.8809718904881225,0.27855100783322795,280.004204061,7.429359404718355,336.3334758624998,280.004204061
28,23,348.32200488465594,3.847993446803282,0.2762461679172803,302.72104677933334,6.256819494601034,348.32200488465594,302.72104677933334
28,20,400.4488555135508,0.38109031199888543,0.2836884267503168,425.8155452143333,1.4335873582111487,400.4488555135508,425.8155452143333
28,19,421.68909931592657,0.8786685847009796,0.27710684467416863,493.89979572733336,2.5661618683948992,421.68909931592657,493.89979572733336
28,11,446.6060198034875,,0.27518978303862024,667.1324686203333,0.4948289163125782,446.6060198034875,667.1324686203333
28,10,446.9437106922581,0.2917089088904896,0.27651393790662143,667.8650862326666,0.913449056030586,446.9437106922581,667.8650862326666
28,8,447.0346205317772,0.05287482764746937,0.28035789082877965,665.838660677,1.1830349373711357,447.0346205317772,665.838660677
28,7,447.6231682505126,0.26728111852971836,0.28193966735645554,664.8149222036667,1.140188404316742,447.6231682505126,664.8149222036667
28,5,447.721032878534,0.18088282446006954,0.28332628069106747,662.396452247,1.1275108048478057,447.721032878534,662.396452247
28,3,447.933907795626,0.2537868035276471,0.2835659074477279,661.372896928,0.5710813679385273,447.933907795626,661.372896928
28,1,448.01441772901404,0.24367768676786145,0.2832007804158701,662.6114410766667,0.7881494858362987,448.01441772901404,662.6114410766667
28,0,447.9904272484302,0.14970109992811376,0.2839081453492585,662.6031867276666,1.2159665955953474,447.9904272484302,662.6031867276666
29,486,18.28243624949945,0.13539474777894012,0.28739777256080706,175.39463420533335,0.04183649216160504,0.0,175.39463420533335
29,486,18.28243624949945,0.13539474777894012,0.28739777256080706,175.39463420533335,0.04183649216160504,18.28243624949945,175.39463420533335
29,421,20.68836119038532,0.004883004436252611,0.2889057434702155,175.17740606933333,0.014807917668753086,20.68836119038532,175.17740606933333
29,562,20.840530800832727,0.9453739021939325,0.2918356590723373,175.228577967,0.08235930460457135,20.840530800832727,175.228577967
29,316,26.853064843655854,0.052306800375501374,0.2921679776906379,175.05853527099998,0.009467985241036899,26.853064843655854,175.05853527099998
29,236,36.30336047301851,0.05515034365731299,0.2921024744137432,175.1994813276667,0.011581186982030521,36.30336047301851,175.1994813276667
29,177,48.86655594946788,0.13807979141068774,0.29305085525073493,176.17568271300001,0.01207591430348536,48.86655594946788,176.17568271300001
29,153,56.41144628863547,0.06933872970594548,0.2917668006422076,177.13210993799999,0.022702649565677444,56.41144628863547,177.13210993799999
29,133,64.01353574423632,0.1502652895356624,0.2944761773538612,178.14371933366667,0.013359111584210959,64.01353574423632,178.14371933366667
29,115,74.53369081038785,0.0817605515335348,0.2911397542596205,179.28288504766667,0.04252948577805198,74.53369081038785,179.28288504766667
29,100,85.2184733601925,0.04153776805241789,0.28916272899569484,180.419856805,0.01107002499637879,85.2184733601925,180.419856805
29,86,98.75892112987412,0.053096143549916,0.28755421066096104,181.65850888633335,0.014601319792209867,98.75892112987412,181.65850888633335
29,74,112.578051263941,0.35769804368595487,0.28742847275379885,182.44093302166667,0.024062091116526657,112.578051263941,182.44093302166667
29,63,131.66818495753066,0.6931013284847122,0.28658449758882937,183.47092253866666,0.04602509166508664,131.66818495753066,183.47092253866666
29,55,149.8772726127999,0.7023470309383977,0.285734449995705,184.93180628566665,0.0372798960593187,149.8772726127999,184.93180628566665
29,47,174.1360233660697,3.3956248334021257,0.2852767314872793,187.73554261666666,0.2654459990910683,174.1360233660697,187.73554261666666
29,41,201.28315391114145,,0.2850659074165966,191.7690263623333,0.13465797051303743,201.28315391114145,191.7690263623333
29,39,211.24869276502886,,0.28510478614361273,193.78392728000003,0.26691132539779233,211.24869276502886,193.78392728000003
30,28,288.67794920049016,3.595989076219396,0.3045550419992111,226.77613046800002,2.4702474332752113,288.67794920049016,226.77613046800002
30,24,338.437472707733,1.6789441500737257,0.30294053586427,285.17005982566667,3.0648106507526163,338.437472707733,285.17005982566667
30,23,351.6585291832899,1.0863321622570357,0.2990802089563501,308.433401011,2.519108803757061,351.6585291832899,308.433401011
30,19,424.75313471177424,1.3373928463719724,0.3015754184588065,502.99337558966664,5.295046021458996,424.75313471177424,502.99337558966664
30,17,446.5764558198027,1.3861760578236064,0.3001905714163928,622.288259035,6.186873465638262,446.5764558198027,622.288259035
30,15,449.94620896903075,0.015156891674332455,0.30125511366377966,661.1630721656667,1.0320702889371232,449.94620896903075,661.1630721656667
30,14,449.9465916598975,0.20533849635363532,0.3019586301983211,667.0625091063333,0.676342129012767,449.9465916598975,667.0625091063333
30,13,449.60433902108844,0.23484423935569776,0.30334409705782067,670.374889215,0.5821498104161003,449.60433902108844,670.374889215
30,11,449.5256341829484,0.21182140488862863,0.3029078734310031,673.8135101146667,0.7967914957439326,449.5256341829484,673.8135101146667
30,10,449.46026544122174,0.1983758494590457,0.3047976185727139,674.5527143496666,0.5971755568885416,449.46026544122174,674.5527143496666
31,562,21.883478809893504,0.27848686012482443,0.31318566510910034,175.24153460066668,0.021952335537427807,21.883478809893504,175.24153460066668
31,421,21.019718062567577,0.030237006558153763,0.3086122356756397,175.19049852133332,0.021592827176143563,0.0,175.19049852133332
31,421,21.019718062567577,0.030237006558153763,0.3086122356756397,175.19049852133332,0.021592827176143563,21.019718062567577,175.19049852133332
31,316,27.194593342617264,0.05895981475924874,0.3127120364843154,175.04480535066668,0.017086816792324183,27.194593342617264,175.04480535066668
31,177,49.578020742307594,,0.31468684505742556,176.26460439633334,0.01163522317971887,49.578020742307594,176.26460439633334
31,100,86.68695838170952,0.9779747512293213,0.3105800419484856,180.56607624233334,0.04231218339371168,86.68695838170952,180.56607624233334
31,86,99.55123647330966,0.24109431602050646,0.31092608175531694,181.444460087,0.030810888713032857,99.55123647330966,181.444460087
31,74,113.82109269672117,0.39490885696764183,0.30964059508952285,182.10489063366666,0.03944294994850375,113.82109269672117,182.10489063366666
31,63,132.82220333073892,0.30159687648407985,0.31034747540086743,183.24801819,0.04273185890072614,132.82220333073892,183.24801819
31,55,151.33433726878204,1.0737011349272694,0.30927340773202316,185.128647792,0.11598121259530038,151.33433726878204,185.128647792
31,47,175.72136895901863,0.5162309548149542,0.3084121265182515,188.16607993366665,0.07938759985168817,175.72136895901863,188.16607993366665
31,45,181.80733005781633,0.5891076100286103,0.3062043551977292,189.06375787533332,0.08329156229832367,181.80733005781633,189.06375787533332
31,44,188.59336465347323,1.9172799087573698,0.3085786263516504,190.12256006799998,0.3697575112978994,188.59336465347323,190.12256006799998
31,43,189.37834601164127,1.1969830691617431,0.30677894699182245,190.256949543,0.1830545320051555,189.37834601164127,190.256949543
31,41,199.82046339856768,1.0778656622225162,0.3073430317446075,192.00043319200003,0.21096535147508652,199.82046339856768,192.00043319200003
31,37,224.31928411402342,2.096491821571563,0.3068395201690979,197.42593893433332,0.6022284892014286,224.31928411402342,197.42593893433332
31,35,234.82340970688838,1.400363167603021,0.30679920792053667,200.124612161,0.3851624904069952,234.82340970688838,200.124612161
31,32,256.5093351125988,1.5388267723974358,0.3069210497637138,207.77310957166665,0.3978741712341196,256.5093351125988,207.77310957166665
31,31,264.2788248649183,0.9774904270108621,0.3064885736093678,211.2301880056667,0.2938822572130466,264.2788248649183,211.2301880056667
31,29,284.1340588478062,1.4688502036487832,0.30637854744713394,223.28260883099998,1.5482473951012783,284.1340588478062,223.28260883099998
31,26,313.6934517682393,2.271929777918215,0.3067650213448073,250.018222521,3.10745262370966,313.6934517682393,250.018222521
31,20,404.4183189239593,2.1175790288690304,0.3063151140605112,436.56070520866666,4.926426327744835,404.4183189239593,436.56070520866666
31,8,449.7949661302077,0.034824626109237006,0.30915473153167283,672.9480930486667,1.450975710611933,449.7949661302077,672.9480930486667
31,7,449.9627640639694,0.07658633119577508,0.31032445855323804,672.087180745,0.8955453465062518,449.9627640639694,672.087180745
31,5,449.86000381977306,0.08250297230434273,0.31146311303061275,666.765822891,0.5892905681059201,449.86000381977306,666.765822891
31,3,449.8640951760365,0.06892812427751807,0.31043962524885904,666.679793148,0.6804611243054189,449.8640951760365,666.679793148
31,1,449.8654562549848,0.16961215002963573,0.31048770900957207,665.9947466873333,1.6576770154868843,449.8654562549848,665.9947466873333
31,0,449.5248017791901,0.36198284513682416,0.3104491010156991,665.795259083,1.78523191124956,449.5248017791901,665.795259083
33,486,18.720023060615773,0.03252116138273473,0.32633751120263,175.521936493,0.0071144715554045754,0.0,175.521936493
33,486,18.720023060615773,0.03252116138273473,0.32633751120263,175.521936493,0.0071144715554045754,18.720023060615773,175.521936493
33,421,21.168436461742463,0.037857017774469426,0.3298849927144666,175.23734011500002,0.05423803604210607,21.168436461742463,175.23734011500002
33,316,27.420635175492436,0.05361772416259641,0.3342041061710044,175.11463891100001,0.02727437765853238,27.420635175492436,175.11463891100001
33,133,65.13776064627011,0.1627059132904668,0.3302328421356557,178.30124380366667,0.025336905076563037,65.13776064627011,178.30124380366667
33,74,113.90167124095903,0.4013661326487327,0.33353542132871755,181.85986442333333,0.012411182182048229,113.90167124095903,181.85986442333333
33,63,132.38608525791744,1.095993521982927,0.333814776952968,183.17700516966667,0.05663281812566748,132.38608525791744,183.17700516966667
33,55,152.25550675657828,1.1910097652375566,0.3318902782493549,185.28351105266665,0.10386231925702187,152.25550675657828,185.28351105266665
33,47,176.55776459594873,1.385926075280389,0.33153714549498564,188.41455043566665,0.19510213881370028,176.55776459594873,188.41455043566665
33,43,192.04000588779283,1.4398678387227741,0.3320353075455937,191.156275522,0.2530454737244873,192.04000588779283,191.156275522
33,41,200.10807269271262,1.1207781075654182,0.33182455713342435,192.56766994600002,0.18917873887217002,200.10807269271262,192.56766994600002
33,39,211.88989798041675,1.4171100815021855,0.3310863569202917,194.99702438999998,0.40966365531163773,211.88989798041675,194.99702438999998
33,38,216.00302685608938,0.6501366481844889,0.3316617393447994,195.79326427866667,0.13245676517822702,216.00302685608938,195.79326427866667
33,37,227.16904347858417,0.7221612680981748,0.3315372105957706,198.71567550166665,0.2172826333950235,227.16904347858417,198.71567550166665
33,35,234.47434955005295,2.8637784048876482,0.3297618090599742,200.653372407,0.8565005162469743,234.47434955005295,200.653372407
33,33,250.82622872651152,0.5048777601942157,0.33020368481453466,206.40551080666668,0.05001595661366925,250.82622872651152,206.40551080666668
33,32,257.1079657918562,1.665864300878699,0.3296985449582703,208.89710091133335,0.8221245031319631,257.1079657918562,208.89710091133335
33,31,263.3362589507039,0.6108391749770837,0.3295595791275798,211.48850439033333,0.31290273305372773,263.3362589507039,211.48850439033333
33,29,281.9705666314278,1.5485967700062635,0.3293874272911487,222.81064066166667,1.2975291729210028,281.9705666314278,222.81064066166667
33,28,295.1987958611268,1.7452627513615218,0.32933180181737787,233.89249035633335,1.8456281191867052,295.1987958611268,233.89249035633335
33,26,314.4201923247829,0.4435665875870572,0.328021050704633,254.99761091033335,1.197131829047239,314.4201923247829,254.99761091033335
33,24,339.58238037326447,1.4112516785308606,0.3262056725623957,288.4227461236667,3.2729344723620732,339.58238037326447,288.4227461236667
33,20,408.0349709552852,1.4180921158375088,0.33035550662035323,445.70539666533335,3.717222753093558,408.0349709552852,445.70539666533335
33,19,427.2767342854395,0.5178754253142696,0.32766315444696814,509.99038276233335,1.487077817374466,427.2767342854395,509.99038276233335
33,15,451.45743329678425,0.2796189222795132,0.3251437781970348,661.5656488063333,1.1801421744280782,451.45743329678425,661.5656488063333
33,14,451.7696101286504,0.1782008499640173,0.32738846682220024,669.6459635636667,0.4686229516493711,451.7696101286504,669.6459635636667
33,13,451.59534618131806,0.15926162538986835,0.3280322723995046,673.776560233,1.4950287771475643,451.59534618131806,673.776560233
33,11,451.221507557087,0.10055965775327483,0.33010794602250987,678.3263429566667,1.0041769749470422,451.221507557087,678.3263429566667
33,10,451.26033518050696,0.06572759194906237,0.3309521010895988,677.7376530329999,1.1186603863512943,451.26033518050696,677.7376530329999
35,562,21.66198999128785,0.23087982393222709,0.3485778290539258,175.30532552166665,0.008032066680804667,21.66198999128785,175.30532552166665
35,421,21.3944586818841,0.12666336358513924,0.3505092926487409,175.28282825233336,0.010688053151486956,21.3944586818841,175.28282825233336
35,55,153.50959053560229,0.044323870367854616,0.35482337093527555,185.530057093,0.10202607711650374,153.50959053560229,185.530057093
35,47,178.45224396721713,3.126851840388082,0.3542859168591825,188.94469038133332,0.5012524516502186,178.45224396721713,188.94469038133332
35,41,204.2535093471491,1.5225814197027978,0.3539496613467299,193.65163759633333,0.2989009651794347,204.2535093471491,193.65163759633333
35,39,213.70640339435786,0.9005957900052616,0.3521004999796335,195.671691518,0.21909002264352465,213.70640339435786,195.671691518
35,38,218.67970079596736,2.4492630812915066,0.3536538031642025,196.83002772133332,0.6930060480331607,218.67970079596736,196.83002772133332
35,37,229.50055115935956,1.9818679785466677,0.3530046547645726,199.84109146,0.6398684072623846,229.50055115935956,199.84109146
35,35,239.1483943810978,2.016064450406171,0.35261645165171934,202.56594983633332,0.7087315120448356,239.1483943810978,202.56594983633332
35,33,254.89249927462026,0.3872476218455147,0.3526599411868164,208.52469534966667,0.12275062070826401,254.89249927462026,208.52469534966667
35,32,259.3453428756191,1.4803783601336504,0.34985870813580133,210.52165468533335,0.8166650625160362,259.3453428756191,210.52165468533335
35,31,268.44697302056545,1.2258261054744182,0.3526096594600634,215.24519023733333,0.9377415962196248,268.44697302056545,215.24519023733333
35,29,286.5365313276952,1.3092557665406128,0.3524417817801337,226.47856861900001,1.1091939827343245,286.5365313276952,226.47856861900001
35,28,295.83819620720004,1.467903979291666,0.35183554616395246,234.991438192,1.5358153613994343,295.83819620720004,234.991438192
35,26,318.3433938893532,1.5109835138426693,0.35117226204544116,258.78613592133337,2.489033351204648,318.3433938893532,258.78613592133337
35,24,341.75527597375066,2.3287758200593225,0.3488874343457482,293.64078436933335,4.6633174914171205,341.75527597375066,293.64078436933335
35,19,431.6613056442947,0.6908435266209284,0.3493450800984637,523.0592488346666,2.5725096814154216,431.6613056442947,523.0592488346666
35,17,451.29067478081953,0.10869767907436487,0.3471065270476735,635.9073677466666,1.9663403383042142,451.29067478081953,635.9073677466666
35,15,453.3311062691408,0.22294815183685798,0.34679073101406493,663.3912080156666,0.2365638324090767,453.3311062691408,663.3912080156666
35,14,453.25429336470944,0.06973287294114666,0.3475996591121697,670.7286189683333,0.4186450999007733,453.25429336470944,670.7286189683333
35,13,453.09113072524707,0.16085384272809386,0.348725412598135,675.657089608,0.6490629430023135,453.09113072524707,675.657089608
35,11,453.1953017592423,0.10279056449950233,0.35050261408458483,679.7072719453333,0.8685399237810255,453.1953017592423,679.7072719453333
35,10,453.25879791468816,0.06489821757344467,0.35166060008802386,680.6015287176666,1.5831900662809866,453.25879791468816,680.6015287176666
37,35,240.7426656145295,,0.3745883407688896,202.970879372,0.4325551189156267,240.7426656145295,202.970879372
37,33,255.66894519694605,1.0420263186235985,0.3743755027379343,209.102950779,0.5037360969487008,255.66894519694605,209.102950779
37,32,262.98932813782494,1.0978071425390215,0.37416333847660815,212.83443231600003,0.631220149613623,262.98932813782494,212.83443231600003
37,31,270.13825374400113,0.9600325930571483,0.3710688172983423,216.67114346933332,0.35286751326820726,270.13825374400113,216.67114346933332
37,29,287.87893109586577,1.2771063533457212,0.3744557612643078,228.96083001066668,1.078961811648983,287.87893109586577,228.96083001066668
37,26,320.6988547528147,1.3967602304570281,0.37394482146795277,263.614561567,2.1912810483165366,320.6988547528147,263.614561567
37,24,345.9864560270462,2.3410735740242066,0.3720453146322839,302.62071751133334,4.881264920503033,345.9864560270462,302.62071751133334
37,23,361.35078414061655,2.575450298316414,0.3670609920297621,330.80382204033333,5.0409558497244005,361.35078414061655,330.80382204033333
37,20,413.84800457794955,0.8078659978065285,0.3746663181207888,457.73455827366666,1.939455356646338,413.84800457794955,457.73455827366666
37,19,433.21147919598405,1.2815200558629165,0.37350284833222896,524.0721287396667,4.656493404283876,433.21147919598405,524.0721287396667
37,17,452.6993606663732,0.05957794997748576,0.3710343156050689,635.641432634,2.706889389807794,452.6993606663732,635.641432634
37,15,454.93539877535096,0.16590734771317298,0.3704124204223112,665.750941633,1.643736230056869,454.93539877535096,665.750941633
37,14,455.2685613308861,0.22015880925853917,0.37047450354824757,674.219974915,2.232847594077725,455.2685613308861,674.219974915
37,13,455.2880783016283,0.22888470099688676,0.37123128936906014,678.6124191273334,0.5409572109455529,455.2880783016283,678.6124191273334
37,11,455.2320928249831,0.1214697315597521,0.37274583868907696,683.0341831026667,1.0985778513171327,455.2320928249831,683.0341831026667
38,562,20.767451259571164,0.440757237827532,0.37849373708677964,175.39731232983334,0.012358338217448448,0.0,175.39731232983334
38,562,20.767451259571164,0.440757237827532,0.37849373708677964,175.39731232983334,0.012358338217448448,20.767451259571164,175.39731232983334
38,316,27.798746860764158,0.05126684153267871,0.37735972043832183,175.11903524299998,0.021081457785440683,27.798746860764158,175.11903524299998
38,236,37.193362887054064,0.050861669278945955,0.38150662855012135,175.33454490633335,0.05386814358004435,37.193362887054064,175.33454490633335
38,177,50.66849182622264,0.11987258904186156,0.382399705127861,176.308252391,0.028253001703567735,50.66849182622264,176.308252391
38,133,66.83902935202605,0.05303997608237133,0.38124842781099594,178.47702721366667,0.011393413257000513,66.83902935202605,178.47702721366667
38,115,75.31747991110129,0.8342298178365605,0.3842661325473896,179.37440670266665,0.06061528002138025,75.31747991110129,179.37440670266665
38,100,86.43634521519829,0.09499454053787369,0.38231714298667335,180.08829357433333,0.010245794979979217,86.43634521519829,180.08829357433333
38,86,99.78634452499604,0.47671713264144017,0.3801867475192062,180.52159722399998,0.0422351415689305,99.78634452499604,180.52159722399998
38,74,115.98664255489422,0.25776724255194944,0.3787637882042792,181.73034544166669,0.03923676197824073,115.98664255489422,181.73034544166669
38,63,136.01791718625643,0.48123405992823926,0.3786689266032261,183.45621812933334,0.052226453023094914,136.01791718625643,183.45621812933334
38,55,153.7751142868221,0.5938892931755593,0.3783182410876929,185.699116699,0.07429922264598007,153.7751142868221,185.699116699
38,47,179.04369778864512,0.7347326116768179,0.37598713898937647,189.37443272433333,0.14750381795392106,179.04369778864512,189.37443272433333
38,43,195.98505373570072,0.5865618195016621,0.37666094422293356,192.35370870333335,0.2627476304819458,195.98505373570072,192.35370870333335
38,41,204.40970311857234,1.4883293419764405,0.37595740201547984,194.05198034833333,0.3322928766262703,204.40970311857234,194.05198034833333
38,39,215.05577469903673,1.2645528110319704,0.3759296600871728,196.03372793033336,0.3125566875517288,215.05577469903673,196.03372793033336
38,38,221.72784937355928,0.5118629771976074,0.3758181089479706,197.76280660866666,0.10595700921223328,221.72784937355928,197.76280660866666
38,37,230.03166941865774,0.5304351450765183,0.3764002146962247,199.97760434199998,0.27180277786903595,230.03166941865774,199.97760434199998
38,28,298.84791150228955,,0.3750168170115699,238.00696618966666,1.7942441868339112,298.84791150228955,238.00696618966666
38,10,455.0144333978128,,0.37570228795789984,684.5048929396667,0.9275855886169742,455.0144333978128,684.5048929396667
38,5,455.5505997232938,0.3234702439876952,0.38099248518615675,682.388562312,1.659041127283117,455.5505997232938,682.388562312
38,3,455.43612262735877,0.09502529846865097,0.3815010069695382,679.8310851296667,0.6150136000033051,455.43612262735877,679.8310851296667
38,1,455.60295307213966,0.08853981279361654,0.3817890156258536,680.7174460986666,0.5686563402131867,455.60295307213966,680.7174460986666
38,0,455.6789474227801,0.2028818989011987,0.38199465263093696,680.0666054416666,0.5145501782776493,455.6789474227801,680.0666054416666
40,648,21.65068805244463,0.044497389640105356,0.3957578601831129,175.40265198966665,0.026628132399876128,0.0,175.40265198966665
40,648,21.65068805244463,0.044497389640105356,0.3957578601831129,175.40265198966665,0.026628132399876128,21.65068805244463,175.40265198966665
40,316,27.89304766796357,0.045664269970787215,0.3995815175802114,175.13099480333335,0.019778125233599505,27.89304766796357,175.13099480333335
40,236,37.668688576553286,0.052721558632019036,0.4038603471497111,175.41160046166667,0.06622242398357159,37.668688576553286,175.41160046166667
40,177,51.089986603147814,0.04569153152979745,0.40281695812303037,176.39682019533333,0.02548508245465071,51.089986603147814,176.39682019533333
40,133,67.34914709278247,0.08590769535239556,0.40398031972635295,178.45358459466664,0.02714751392525406,67.34914709278247,178.45358459466664
40,100,87.80079836274804,0.1643641016191513,0.4039391571534172,179.9532410416667,0.04181549112298466,87.80079836274804,179.9532410416667
40,86,101.00226917176307,0.1487764654296724,0.40210499833787977,180.17230328866665,0.015826073744679748,101.00226917176307,180.17230328866665
40,74,116.99840808583893,0.29760901285881275,0.40116054876741236,181.59176562266666,0.03307522283738684,116.99840808583893,181.59176562266666
40,63,136.85750668568886,0.5284355215738028,0.3992828587658869,183.57712303899999,0.029385708773928067,136.85750668568886,183.57712303899999
40,55,155.71494533875756,0.6539799373171675,0.3999035665969976,185.90032093966667,0.08553164043118024,155.71494533875756,185.90032093966667
40,47,181.70643242188302,1.0551918999646177,0.39891039255431177,189.75507425499998,0.15246221633590817,181.70643242188302,189.75507425499998
40,43,197.7086650490143,0.9719917813549597,0.3982742974777742,192.621538034,0.25702137943432934,197.7086650490143,192.621538034
40,41,206.82780114311427,0.9172641566951315,0.3981948582963997,194.50294866166666,0.2107989583390474,206.82780114311427,194.50294866166666
40,39,217.0497060057468,1.1827896911353046,0.398358263279621,196.92398294433335,0.29212223118513914,217.0497060057468,196.92398294433335
40,38,223.41882594224248,0.22587614431440883,0.39812005468440265,198.52491194799998,0.18971466877403192,223.41882594224248,198.52491194799998
40,37,231.31884085089393,0.8553419794600402,0.3980240179659975,200.874785118,0.12416030319637089,231.31884085089393,200.874785118
40,35,242.1521027376367,2.4466206366622694,0.3979694473081942,204.23128098433335,0.9901081154434515,242.1521027376367,204.23128098433335
40,33,256.41503794049106,2.225942942703156,0.39715636394893705,210.14824568533334,1.1839389632390247,256.41503794049106,210.14824568533334
40,32,266.52173935730656,1.1144483484983607,0.397000762711652,215.2375409156667,0.7599843476839717,266.52173935730656,215.2375409156667
40,31,272.51364474646215,2.2792405807001295,0.39685837644484784,218.7987564486667,1.3813553026055772,272.51364474646215,218.7987564486667
40,29,289.80613936638775,1.4202201554496774,0.39722705964902855,231.252291839,1.4004603821608546,289.80613936638775,231.252291839
40,28,300.04985692437043,1.8140912839643333,0.397228110605285,240.71258608533333,1.7369510446484269,300.04985692437043,240.71258608533333
40,26,323.3297025507102,2.107041042202442,0.39653349501714835,268.00044142499996,2.959142825917051,323.3297025507102,268.00044142499996
40,20,417.10927240691217,1.754409811093044,0.39807046227339055,463.44608152366663,5.3796037266963666,417.10927240691217,463.44608152366663
40,19,435.8302552297846,0.5798830437622001,0.39544099323197823,532.0420751983334,2.517116039586209,435.8302552297846,532.0420751983334
40,11,457.327699395355,0.10129063765260564,0.3968107494101973,688.3842310260001,0.7453065794840782,457.327699395355,688.3842310260001
40,10,457.36198975665206,0.24752610420481816,0.39822303529769815,692.5171564836668,1.6646794998471959,457.36198975665206,692.5171564836668
40,7,457.62898620154925,0.12115629307333842,0.4013846023448817,691.4212654553334,1.1631008945926329,457.62898620154925,691.4212654553334
40,5,457.7251869878988,0.19732764723138388,0.4041357408489323,687.2563219110001,0.7907461117981776,457.7251869878988,687.2563219110001
40,3,458.09228637859775,0.15219132200114446,0.40445925085042767,690.414584001,2.435464539171124,458.09228637859775,690.414584001
40,1,457.93046254952606,0.11387655749634351,0.4044235362425042,688.1696773296667,0.5399091984839772,457.93046254952606,688.1696773296667
40,0,457.8874303131211,0.20213606224073333,0.4046063248216374,688.8629579113334,1.007166750965105,457.8874303131211,688.8629579113334
42,648,24.4386618979098,0.03784799948149096,0.41560810293543987,175.37434966600003,0.023377388789178995,24.4386618979098,175.37434966600003
42,421,21.771748972614986,0.033087541978759176,0.4160070457360767,175.32141270866668,0.021362038185417914,0.0,175.32141270866668
42,421,21.771748972614986,0.033087541978759176,0.4160070457360767,175.32141270866668,0.021362038185417914,21.771748972614986,175.32141270866668
42,316,28.197628157375856,0.01750809163805193,0.4207317218805817,175.20248272733332,0.10081788591843809,28.197628157375856,175.20248272733332
42,236,37.72866498475591,0.08144613363794725,0.4237666621173302,175.37992705866668,0.01677894803396968,37.72866498475591,175.37992705866668
42,177,51.11697119469748,,0.42485301911868234,176.51552706966666,0.1765425267810782,51.11697119469748,176.51552706966666
42,86,102.38189076784052,0.2373201595442714,0.42384684701081826,180.22188126233334,0.042172866848261416,102.38189076784052,180.22188126233334
42,74,116.51172426614045,0.944585359604318,0.4233332288762342,181.54843611733335,0.036687615317973585,116.51172426614045,181.54843611733335
42,63,137.31188626281713,0.3725015605181649,0.42103964483542144,183.52297131666668,0.03827500137343656,137.31188626281713,183.52297131666668
42,55,155.10649771856342,0.0812843334069395,0.4222584314967242,185.827196211,0.05591149967180401,155.10649771856342,185.827196211
42,47,182.32210465491949,1.260520348301631,0.42077512231189496,189.723807409,0.24379372935539248,182.32210465491949,189.723807409
42,41,209.55106922519698,0.09822007634673102,0.41870390122640194,195.212047661,0.09745052112796078,209.55106922519698,195.212047661
42,39,216.89993764850786,0.44392504659163395,0.4163620536031451,197.46888761533333,1.1206110682585495,216.89993764850786,197.46888761533333
42,38,223.64689699872622,0.47501710311712764,0.4194906710806175,198.80633226400002,0.2796382908994069,223.64689699872622,198.80633226400002
42,37,235.31604749462463,0.4616855481315849,0.4201260782789598,202.490864772,0.21453563301138412,235.31604749462463,202.490864772
42,35,244.23643381182237,1.3429784180624336,0.4192417758188733,205.44038306466666,0.4979021130199245,244.23643381182237,205.44038306466666
42,33,258.11753665510065,0.7471449957864923,0.41973297354522127,211.63724668633333,0.5003426926052801,258.11753665510065,211.63724668633333
42,32,265.522845954424,1.5835028275070937,0.4188119044120879,215.53457272900002,0.9948045861486837,265.522845954424,215.53457272900002
42,31,274.5743435785863,0.5556605849082686,0.4189423726067482,220.83879853533335,0.4023449600162436,274.5743435785863,220.83879853533335
42,29,293.1370843685162,1.4805615836648895,0.41634348221586065,236.0371864936667,1.098819220036475,293.1370843685162,236.0371864936667
42,28,302.361663694196,1.1712300634274975,0.41951464346236045,243.59903487566666,1.5086068708080402,302.361663694196,243.59903487566666
42,26,324.4316316781242,2.311059461462802,0.41908505762261483,270.47013719933335,2.953065632625271,324.4316316781242,270.47013719933335
42,20,420.5965132689359,0.9697206650083385,0.419954079320171,467.8745077813333,2.525591521972087,420.5965132689359,467.8745077813333
42,19,440.39924030962794,2.210178443654528,0.41815540120577227,539.914951326,9.01481281601072,440.39924030962794,539.914951326
42,17,456.44096597418456,0.6621249833600072,0.4174735152656826,640.7612022566667,4.542583533749613,456.44096597418456,640.7612022566667
42,15,459.01258336988366,0.1748422085617358,0.4177167764912737,673.8978174676666,0.22366505405978213,459.01258336988366,673.8978174676666
42,14,459.46124110311007,0.0996848717559989,0.4182204738937912,682.978930751,0.8518165241225368,459.46124110311007,682.978930751
42,13,459.47080327460844,0.198442313278895,0.4189337107799949,689.5686812003333,0.5599032504415227,459.47080327460844,689.5686812003333
42,11,459.6199052499613,0.2841977455925288,0.4211069442903946,696.9403096473334,1.5935660476808216,459.6199052499613,696.9403096473334
42,10,459.5602905191361,0.15771601231065294,0.42285517673612244,697.7762082873332,0.2803747650929225,459.5602905191361,697.7762082873332
44,562,22.173332815673458,0.2083510615094827,0.4420910980862811,175.43635851966667,0.0506619523242136,22.173332815673458,175.43635851966667
44,421,21.989767674444654,0.03570396221206232,0.43797006033741687,175.3822901243333,0.04045861367950724,0.0,175.3822901243333
44,421,21.989767674444654,0.03570396221206232,0.43797006033741687,175.3822901243333,0.04045861367950724,21.989767674444654,175.3822901243333
44,316,28.321135128354655,0.02303197603849582,0.4421992000997849,175.1918677266667,0.0015247953254623782,28.321135128354655,175.1918677266667
44,236,38.36845499853507,0.03220673536819294,0.44308543505227976,175.45396699333332,0.023653743417177558,38.36845499853507,175.45396699333332
44,63,137.61253647386596,0.4197166754473728,0.4434893539479801,183.44934062266665,0.02738567680513829,137.61253647386596,183.44934062266665
44,58,149.38491603247152,0.4608210244015235,0.44256501664798487,184.89924534966667,0.0655613565568242,149.38491603247152,184.89924534966667
44,55,154.78150326193466,0.6150855022937218,0.444021577217185,185.596761873,0.13833926210088057,154.78150326193466,185.596761873
44,52,163.58658024108558,0.6013062630006091,0.442821469320372,186.84398983699998,0.09020047167538782,163.58658024108558,186.84398983699998
44,50,171.76604328707458,1.3662237488566165,0.44255038355931536,188.11613797466666,0.08201276918850757,171.76604328707458,188.11613797466666
44,47,183.7487183140536,0.99939023692071,0.44231042165459966,190.130729226,0.16116645812935293,183.7487183140536,190.130729226
44,41,210.1186199289194,0.2651020498510915,0.4407358532062624,195.40844267066666,0.07581757077349201,210.1186199289194,195.40844267066666
44,39,219.3169191752484,1.6260113087953314,0.4409277263344799,197.6383050006667,0.357061602698894,219.3169191752484,197.6383050006667
44,38,226.98807126029578,0.26495130909898945,0.4366917508060731,199.69951270466666,0.08130916255472283,226.98807126029578,199.69951270466666
44,37,235.94770348406453,1.0050585677734818,0.44124642547579424,203.07018483266665,0.5579505125079998,235.94770348406453,203.07018483266665
44,35,245.84200298193693,1.258987473481859,0.439854758815152,206.41770952433333,0.5004703313800238,245.84200298193693,206.41770952433333
44,33,260.83523179004897,1.2535838013117224,0.44024740751732944,213.378480441,0.7292818431099856,260.83523179004897,213.378480441
44,32,268.9837316391636,0.7397045417813266,0.43979390351980435,218.28072730899999,0.4050071986064243,268.9837316391636,218.28072730899999
44,31,275.0222828541346,2.649996290126992,0.43928150462924626,221.685900824,2.0862972270683424,275.0222828541346,221.685900824
44,29,294.4673338524454,1.522521113800018,0.4384260016862644,236.72080651066668,1.2878952780854482,294.4673338524454,236.72080651066668
44,28,306.4816309806734,2.358876481670963,0.4387882520847839,250.05196791166668,2.730302583800182,306.4816309806734,250.05196791166668
44,26,327.51725560770825,0.08564044619822503,0.4385708051801201,274.48635211466666,0.23674327930633068,327.51725560770825,274.48635211466666
44,20,422.2755469886499,0.42536295239342,0.4430740581777108,469.04168516600004,1.2934519794150985,422.2755469886499,469.04168516600004
44,19,440.34259967474304,1.6318770829267268,0.4410783592668113,534.2145472466667,6.729666133926406,440.34259967474304,534.2145472466667
44,17,459.00050510963337,0.12768820736000766,0.43942334273821865,649.7796192926667,1.911575570920128,459.00050510963337,649.7796192926667
44,15,460.85965453624476,0.20129604345586682,0.43985249224055484,683.004986851,2.945840475910384,460.85965453624476,683.004986851
44,14,461.1596882134871,0.11372474486557319,0.4403465969457329,692.30722926,1.39617633691639,461.1596882134871,692.30722926
44,13,461.50389858539944,0.05581488590566861,0.4411936672914322,700.4464772596666,0.5040188057875277,461.50389858539944,700.4464772596666
44,11,461.6112036094057,0.10043773863578427,0.442786397901546,708.1500888893333,1.8779714814946484,461.6112036094057,708.1500888893333
44,10,461.7087931488738,0.15791886579855977,0.44390710275439,709.6778320556667,1.027785815086576,461.7087931488738,709.6778320556667
46,1000,18.093762789424293,0.15380536610764223,0.4613026965802103,175.700160071,0.030304682948430927,0.0,175.700160071
46,1000,18.093762789424293,0.15380536610764223,0.4613026965802103,175.700160071,0.030304682948430927,18.093762789424293,175.700160071
46,562,22.178353648496845,0.17416687212110968,0.4555911404030726,175.49553836966666,0.036253497458121134,22.178353648496845,175.49553836966666
46,421,21.95091272849426,0.032386802347109854,0.4567400486617836,175.31554780499997,0.014508925204895193,21.95091272849426,175.31554780499997
46,316,28.23879990610462,0.011426412985961977,0.4642297042358416,175.226881727,0.024744451410804575,28.23879990610462,175.226881727
46,236,38.3634772431293,0.05018726654886252,0.46329249644911524,175.42310649466665,0.03526561404463693,38.3634772431293,175.42310649466665
46,63,138.84919855961246,,0.4635826089051687,183.76787618133335,0.063430516216135,138.84919855961246,183.76787618133335
46,55,160.2802842118704,0.22016616124794636,0.4632186577243229,186.46009372133335,0.07187582699020448,160.2802842118704,186.46009372133335
46,50,174.92492115070047,0.9032339354623734,0.46358326232540187,188.68856272433334,0.13685488392082693,174.92492115070047,188.68856272433334
46,47,183.35120755851844,0.4810894629736392,0.46368854020348427,189.95604528033334,0.0629397493459723,183.35120755851844,189.95604528033334
46,44,197.01993211398448,1.2609435847175086,0.4635680274251945,192.41860270200002,0.23266109579064131,197.01993211398448,192.41860270200002
46,43,202.35648974480424,1.988510421273434,0.4631895940252266,193.52292508466667,0.5019509041766251,202.35648974480424,193.52292508466667
46,41,210.67104956299852,1.3077211502639092,0.4619690201274729,195.58296976300002,0.3273297713956362,210.67104956299852,195.58296976300002
46,39,221.14855343539617,2.426688060948236,0.46213581391935427,198.184012303,0.6121920470871023,221.14855343539617,198.184012303
46,38,227.07409086130937,0.8081853356782447,0.46154521766981843,199.88386218133334,0.23146558101452294,227.07409086130937,199.88386218133334
46,37,236.88535951141748,0.9263202532632225,0.4613545744382235,203.187008346,0.3031943992225107,236.88535951141748,203.187008346
46,35,246.5110239754133,2.365865997425443,0.4618069546969615,206.863541424,0.9416576713060438,246.5110239754133,206.863541424
46,33,261.74461085374526,1.0806920923986654,0.4617163706178671,214.02977310233334,0.8996626397348333,261.74461085374526,214.02977310233334
46,32,270.1240890230841,1.4359185713723643,0.46156031617707804,218.77883093333332,0.7290305650991583,270.1240890230841,218.77883093333332
46,31,277.39014821154393,3.2643861752934105,0.4612257168584499,223.81148024499998,2.3364947637338216,277.39014821154393,223.81148024499998
46,29,298.09895034583934,0.8005828336168931,0.4616001211441712,240.64791240933334,0.5552284094616807,298.09895034583934,240.64791240933334
46,28,306.1306640282126,2.3810697664668616,0.46164892517720385,248.594234839,2.835622623729634,306.1306640282126,248.594234839
46,26,327.7651616258534,1.0110749562486536,0.46138387898473426,274.95354745966665,1.4032658857626141,327.7651616258534,274.95354745966665
46,24,354.7410111879756,1.654845644299828,0.4572167932850626,317.277381777,3.6069227946785123,354.7410111879756,317.277381777
46,19,445.9629588128717,1.024631732539664,0.46354664779290644,550.2836614946667,3.688515279432606,445.9629588128717,550.2836614946667
46,17,461.1518472415067,0.35308437456362685,0.4627707506758692,660.4607108639999,3.911660444747059,461.1518472415067,660.4607108639999
46,15,462.99466796827863,0.0933989056759031,0.4636467838636839,696.0949492836667,0.9608716097632688,462.99466796827863,696.0949492836667
46,14,463.44166075036077,0.018222149449097967,0.4641199069048827,705.5279241766666,0.19770700110238773,463.44166075036077,705.5279241766666
46,13,463.6864281678081,0.1595702606632151,0.464715194649079,713.0128832066666,1.6866906706286273,463.6864281678081,713.0128832066666
48,749,23.106907990602288,0.9141794339716093,0.4791009101551298,175.45120661933333,0.03208107364268245,23.106907990602288,175.45120661933333
48,648,23.413660086909342,0.467033975623177,0.4765244199023351,175.442778301,0.020501846004334825,23.413660086909342,175.442778301
48,562,21.69500714658879,0.6883931045322823,0.4801096601349097,175.54373285133332,0.08346938642419263,0.0,175.54373285133332
48,562,21.69500714658879,0.6883931045322823,0.4801096601349097,175.54373285133332,0.08346938642419263,21.69500714658879,175.54373285133332
48,421,21.98314359575568,0.06923345650245309,0.48034643622674905,175.3653996853333,0.03315061524553217,21.98314359575568,175.3653996853333
48,316,28.603811346946628,0.03322665922576453,0.4820029635932908,175.23754387033333,0.00798866120120748,28.603811346946628,175.23754387033333
48,236,38.89329059981076,0.0591140438236247,0.48461109150225984,175.47014362233335,0.0075215771055190395,38.89329059981076,175.47014362233335
48,55,159.37442175890314,1.13439470485243,0.4835490212192297,186.18434506633332,0.16433577164598717,159.37442175890314,186.18434506633332
48,50,174.9349315662784,0.29848801053392726,0.48462210453010524,188.409057332,0.15307552638410218,174.9349315662784,188.409057332
48,47,184.98063871192946,0.6946921356467481,0.48422540917265405,190.23648774666665,0.16659405073847475,184.98063871192946,190.23648774666665
48,43,201.58833642968557,1.5870896869557953,0.48322262228815044,193.4584656436667,0.3990979573328871,201.58833642968557,193.4584656436667
48,41,212.9134675449785,0.6966006253487884,0.48351765441152733,196.11700640166669,0.24552437503868446,212.9134675449785,196.11700640166669
48,39,223.20572044830442,0.7545040869186995,0.48284513341385593,199.05816242266667,0.2417920682832373,223.20572044830442,199.05816242266667
48,38,229.47585463218016,1.7547478426064111,0.4822426276183707,200.90339826433333,0.580454145025878,229.47585463218016,200.90339826433333
48,37,238.65863324753005,2.3250622812331376,0.4821672097079235,204.11421569533331,0.9284685436910461,238.65863324753005,204.11421569533331
48,35,247.3572647273336,1.8874894815815695,0.4822486262231334,207.65777266266664,0.920093748265687,247.3572647273336,207.65777266266664
48,33,263.967926580976,1.777914110416422,0.48288723984269183,215.77908407200002,1.1559889519739976,263.967926580976,215.77908407200002
48,32,271.61176282071386,1.0092791234241236,0.48242265027008724,220.27741608666668,0.8160571908908918,271.61176282071386,220.27741608666668
48,31,280.635334290592,1.4861870703456945,0.4825627065362406,226.151404331,0.9373728200115212,280.635334290592,226.151404331
48,29,298.49403670482576,0.7387356564211385,0.48278369661423587,241.04774884166667,0.868964516754262,298.49403670482576,241.04774884166667
48,28,309.8820308136361,0.9934110289601783,0.4828765664177444,253.21281477866668,1.0369544380863631,309.8820308136361,253.21281477866668
48,26,331.78997446224275,3.1994391732043015,0.4830179181704657,281.00292037366665,5.24327292814219,331.78997446224275,281.00292037366665
48,24,358.7130122832721,0.537846335805593,0.47770384714390807,322.6431672333333,0.5356771472057478,358.7130122832721,322.6431672333333
48,19,447.12903873152555,0.35814290890776307,0.4847552796495516,545.7198843673333,3.5631585018015475,447.12903873152555,545.7198843673333
48,17,462.67530098356883,0.34278699889828557,0.4844156205729371,667.264489896,2.298350864483426,462.67530098356883,667.264489896
50,1778,10.704665388554963,0.0570659362143389,0.5045482927733982,176.89123527233335,0.016853440235346767,0.0,176.89123527233335
50,1778,10.704665388554963,0.0570659362143389,0.5045482927733982,176.89123527233335,0.016853440235346767,10.704665388554963,176.89123527233335
50,1333,14.10295073374098,0.08015099242466647,0.5048282164852314,176.47552515566667,0.041750868683733997,14.10295073374098,176.47552515566667
50,1000,18.841369518275755,0.13259877381874996,0.5045670500025655,176.055225909,0.04722099352297254,18.841369518275755,176.055225909
50,865,20.79893579359208,0.347053106087611,0.500978877782552,175.64932282291667,0.07112494117200294,20.79893579359208,175.64932282291667
50,749,22.74342411371471,0.0864579314707508,0.4965435424867266,175.41002038266666,0.0381914842874044,22.74342411371471,175.41002038266666
50,316,29.080811001805923,0.09473688234256335,0.5026891938701895,175.284958573,0.05505396349269137,29.080811001805923,175.284958573
50,236,38.697693308377964,0.0035650342477293066,0.5045365090153389,175.48088575533333,0.04006995920972188,38.697693308377964,175.48088575533333
50,55,161.28183966979634,0.9459305716606985,0.5041414869645686,186.37207677866664,0.07580405693259892,161.28183966979634,186.37207677866664
50,43,205.58309125464135,0.3058783869277613,0.5041684488141561,194.49255319966665,0.005222559370157924,205.58309125464135,194.49255319966665
50,41,213.51026934219155,2.2131421162416753,0.5041682355606698,196.4626986766667,0.6279213656750114,213.51026934219155,196.4626986766667
50,39,225.56225678589942,0.9098999495527856,0.5039793218640811,199.88825473033333,0.22132187192116273,225.56225678589942,199.88825473033333
50,38,231.1131739846691,1.5644173132553343,0.5033378904031992,201.59118733666665,0.42084395658695095,231.1131739846691,201.59118733666665
50,37,241.32324243417597,1.0579624313476257,0.5033065618434754,205.51179920799999,0.44561368765928644,241.32324243417597,205.51179920799999
50,35,251.31041168833005,1.9341449329311713,0.5033491287780544,209.52774462266666,0.9469768786698056,251.31041168833005,209.52774462266666
50,33,265.8058888598336,2.0479901956302973,0.5037343022655553,217.28944991333333,1.1299987404825806,265.8058888598336,217.28944991333333
50,32,272.6960007929537,0.7443475816482609,0.5039032716768977,221.01117242966666,0.623193126268513,272.6960007929537,221.01117242966666
50,31,281.25552263528226,1.8359329020106634,0.5032263956316048,226.96628024100002,1.5946577248230216,281.25552263528226,226.96628024100002
50,29,302.1612002667531,2.577838894730257,0.5037986957424171,245.16199306766666,2.9363039179558688,302.1612002667531,245.16199306766666
50,28,310.92489462296516,1.55291421297632,0.5034254094833057,254.32744111866668,1.925198917480618,310.92489462296516,254.32744111866668
50,26,334.57971716744987,0.5994642574075236,0.5016393287989066,284.08496462566666,1.864776419272691,334.57971716744987,284.08496462566666
50,24,359.63189053907234,0.16708139965988564,0.4988908977259387,322.66070296333334,1.2068855675273684,359.63189053907234,322.66070296333334
50,23,374.55006165603794,0.7800893580315531,0.49563534531443126,349.7574163126667,1.4106814570515198,374.55006165603794,349.7574163126667
51,10000,1.91626742554591,0.013151289980069565,0.5104567680489602,178.268741448,0.022552913380440916,0.0,178.268741448
51,10000,1.91626742554591,0.013151289980069565,0.5104567680489602,178.268741448,0.022552913380440916,1.91626742554591,178.268741448
51,5623,3.4181962922994664,0.05429350906728779,0.5109519812311171,178.19473134433335,0.016719864635281932,3.4181962922994664,178.19473134433335
51,3162,6.014979614552549,0.04481455923710295,0.5087207096965688,177.70765742316667,0.04394157569349191,6.014979614552549,177.70765742316667
51,1778,10.277756295690422,0.014936811338210867,0.511609787910763,177.02823523466668,0.033184883485709714,10.277756295690422,177.02823523466668
51,1333,13.716307154133014,0.13703062704594887,0.5137299670777422,176.52642150033333,0.04388096416036015,13.716307154133014,176.52642150033333
51,1000,18.54780654861533,0.17360274356475763,0.51084434365924,176.0840559003333,0.03264282255210541,18.54780654861533,176.0840559003333
51,486,19.615543692980825,0.05392984057772668,0.5102772406978326,175.60716905666666,0.019576477817766016,19.615543692980825,175.60716905666666
51,865,20.222857238023625,0.09502000569490253,0.508044709190685,175.61960229800002,0.009640678385743784,20.222857238023625,175.61960229800002
51,749,21.920119058267556,0.48948553104409676,0.5117999507314873,175.50401177900002,0.0343190763333997,21.920119058267556,175.50401177900002
51,421,22.50314102856138,0.16052602715209383,0.5104690836354209,175.381451458,0.05925669132394009,22.50314102856138,175.381451458
51,177,52.470861882137854,0.08501139978873559,0.5067188560928929,176.44856836033333,0.030270659994381197,52.470861882137854,176.44856836033333
51,133,69.43651093354403,0.023287909783742795,0.5077257089235935,177.68282836533334,0.024312106902094805,69.43651093354403,177.68282836533334
51,100,91.8594997611461,0.42535748680519775,0.512928800348145,178.87250023233332,0.04854631284731587,91.8594997611461,178.87250023233332
51,86,105.94370845103975,0.01292099759203268,0.5084625837314956,180.011767876,0.02918933067422006,105.94370845103975,180.011767876
51,74,121.42454730452,0.9588531183974354,0.5073782808248252,181.49842493333333,0.08638167624958135,121.42454730452,181.49842493333333
51,63,141.2311487790807,0.49474003665389116,0.5061249986883921,183.659720121,0.09064413117523618,141.2311487790807,183.659720121
51,50,176.7761759837478,0.2536493161960904,0.5055704985454998,188.7975544233333,0.12819987200491026,176.7761759837478,188.7975544233333
51,47,187.018962761273,,0.5052905093306362,190.645709086,0.12524417734320747,187.018962761273,190.645709086
52,43,205.01198990402744,0.9813751688629792,0.5240357699528827,194.40375843999996,0.24868122342093069,205.01198990402744,194.40375843999996
52,41,215.65262112220853,2.4587422594104473,0.5244108650948981,197.11406340966667,0.62824473279734,215.65262112220853,197.11406340966667
52,37,241.88691092034924,1.3688140742174393,0.5239058065663851,205.67661550833336,0.7029396314386209,241.88691092034924,205.67661550833336
52,35,253.3354697212285,1.7233044179446102,0.5234402132624262,210.50485718833332,0.8536957716980309,253.3354697212285,210.50485718833332
52,32,275.09540775680466,0.5293533571090023,0.5242590987326636,223.59316934166668,0.6951226668435382,275.09540775680466,223.59316934166668
52,31,284.47612361337633,0.6113129284416299,0.5237623744985225,229.54635168033334,0.5223165354305341,284.47612361337633,229.54635168033334
52,29,302.62335776365893,1.0624003511618005,0.5240711807612549,245.53784863666667,0.5413106966100317,302.62335776365893,245.53784863666667
52,28,313.6028674411332,0.9596253564400415,0.523115005738335,257.7053598356667,1.3565513366297963,313.6028674411332,257.7053598356667
52,26,336.7237577440226,0.7058519258235565,0.522366215446415,286.009352389,2.0454439907853463,336.7237577440226,286.009352389
52,24,361.68916239867485,1.5555236331495597,0.5210779087031653,324.8550607923333,2.7207956400088906,361.68916239867485,324.8550607923333
52,23,379.82981734630266,0.6791320898143131,0.5152401437752223,358.4225033006667,1.308733412211544,379.82981734630266,358.4225033006667
53,10000,1.961691268351104,0.0719467449538244,0.5335867301475998,178.3341862246667,0.013872672466381492,0.0,178.3341862246667
53,10000,1.961691268351104,0.0719467449538244,0.5335867301475998,178.3341862246667,0.013872672466381492,1.961691268351104,178.3341862246667
53,5623,3.433875112435583,0.02007230976253611,0.5268446274650171,178.17422780033334,0.00957087147101963,3.433875112435583,178.17422780033334
53,3162,5.612574545733812,0.24491735951254445,0.5308713549585241,177.81025603733335,0.045872054808000766,5.612574545733812,177.81025603733335
53,1778,9.750054386000667,0.29266641062733684,0.5328867815168619,176.9429657918889,0.1549936781852309,9.750054386000667,176.9429657918889
53,1000,17.217791782415155,0.5554743898925739,0.5309952557972283,175.98637320516664,0.25882611564679164,17.217791782415155,175.98637320516664
53,749,21.618259907461603,0.23818114851863442,0.5302822421045544,175.4856032206667,0.025589631777603754,21.618259907461603,175.4856032206667
53,421,22.619008965792723,0.07769303471149717,0.5336464410651954,175.40218098833336,0.04695088687059497,22.619008965792723,175.40218098833336
53,177,52.72434323646712,0.10862861145629911,0.5263969813036112,176.340007026,0.041027962609957586,52.72434323646712,176.340007026
53,133,69.99346287366451,0.08897381174645465,0.5288050880356913,177.58453087400002,0.029598734659096747,69.99346287366451,177.58453087400002
53,115,81.21072465270579,0.050006533947757024,0.5285490307896904,177.78651592533333,0.024171906789822502,81.21072465270579,177.78651592533333
53,86,106.79141298423457,0.02245118939924061,0.5291789206506842,180.11407530466667,0.04598167029045207,106.79141298423457,180.11407530466667
53,74,122.06462151590345,0.059491630347149375,0.5284447039917318,181.50321411733333,0.03988070349170398,122.06462151590345,181.50321411733333
53,68,132.8100720731829,0.5286364733245213,0.5261314964766909,182.6716905556667,0.03958652198185321,132.8100720731829,182.6716905556667
53,63,140.6946772885154,1.1711370057476052,0.5268224943730649,183.57278568033334,0.15652804328465147,140.6946772885154,183.57278568033334
53,58,153.67283259960433,0.19879696370110983,0.5256931432507083,185.26197494966667,0.038018500504443935,153.67283259960433,185.26197494966667
53,55,161.98237771634112,0.7183306845708997,0.5254725335060478,186.41414127666667,0.14584685721910293,161.98237771634112,186.41414127666667
53,47,189.07674548541831,0.17034629748043711,0.5257850495584765,190.99277672533333,0.09018426131562633,189.07674548541831,190.99277672533333
55,1000000,0.03719445155963979,0.00494296222199788,0.5518840688756039,184.91174883466667,0.09698504400643025,0.0,184.91174883466667
55,1000000,0.03719445155963979,0.00494296222199788,0.5518840688756039,184.91174883466667,0.09698504400643025,0.03719445155963979,184.91174883466667
55,17782,1.0567083506135984,0.011098554884356612,0.5496309552262159,178.27702566183333,0.01697639626406243,1.0567083506135984,178.27702566183333
55,10000,1.8567586974266048,0.01946096532947396,0.5494922442487561,178.32406376616666,0.019030333812492552,1.8567586974266048,178.32406376616666
55,5623,3.30426183039395,0.08278845196957615,0.5527622668436821,178.24494259133334,0.00991460095418334,3.30426183039395,178.24494259133334
55,3162,5.7357545933647955,0.10487882154256103,0.5499734823501085,177.79153876116666,0.027788707013653456,5.7357545933647955,177.79153876116666
55,1778,9.79660660590155,0.03596557880243439,0.5482743227170365,177.08906856299998,0.008365025263324898,9.79660660590155,177.08906856299998
55,1000,17.25822915797434,0.601363594307436,0.551271470320944,176.2492175735,0.0811647247533814,17.25822915797434,176.2492175735
55,648,24.15830677699945,0.1043330414646257,0.5464859105298719,175.536069884,0.0399265052508035,24.15830677699945,175.536069884
55,421,22.728929811694286,0.03222788123612993,0.5523717036125966,175.46870976666665,0.01427282102197624,22.728929811694286,175.46870976666665
55,177,53.08598587705968,0.0500811507720131,0.5466497476937066,176.28370133633334,0.03899669065708896,53.08598587705968,176.28370133633334
55,133,70.7847067702297,0.0352394468756541,0.5474832827142904,177.44608086633335,0.02397694330167833,70.7847067702297,177.44608086633335
55,100,93.40878894850938,0.05992397519017641,0.5482909752610436,178.84717188966667,0.044422710164187224,93.40878894850938,178.84717188966667
55,86,107.34675985228176,0.04146868813486542,0.5506166949732437,180.16858278200002,0.014752889994674718,107.34675985228176,180.16858278200002
55,74,122.78617716779085,0.4018985543474508,0.5479049446163046,181.64235328233335,0.10414869509105927,122.78617716779085,181.64235328233335
55,63,143.1083909133496,0.3887275299663851,0.546686413126254,183.83653915366668,0.08986227786676171,143.1083909133496,183.83653915366668
55,60,149.67237619545918,1.4876458646485144,0.5463273794019691,184.77087061733334,0.21255394767308924,149.67237619545918,184.77087061733334
55,58,155.51492194532776,0.6863127459242898,0.5458952633435818,185.50522004633333,0.07425615279347601,155.51492194532776,185.50522004633333
55,55,159.13773477216466,2.3085309094587423,0.5459933672850051,185.97142627733334,0.32687699287543964,159.13773477216466,185.97142627733334
55,53,167.37992204999873,0.678083926056284,0.5457684183264832,187.206146049,0.08973576796885639,167.37992204999873,187.206146049
55,52,172.00098116821653,0.5327321957624438,0.545433170554671,187.91742620033332,0.040742609605396406,172.00098116821653,187.91742620033332
55,50,181.54638404482958,,0.5452076550347591,189.30042538933333,0.12396948501296295,181.54638404482958,189.30042538933333
55,47,190.41502101871228,0.3262263911710786,0.5460767752763522,191.18895012366667,0.10448797266135902,190.41502101871228,191.18895012366667
55,43,207.32401230593706,2.1018242381585988,0.5454055023800892,195.12535427333333,0.46398299868776016,207.32401230593706,195.12535427333333
55,41,218.89943599170624,0.805457889819234,0.5450770806854972,197.75572290233333,0.5978618515273646,218.89943599170624,197.75572290233333
55,37,244.82180098363068,,0.5450906625236034,207.06256511133333,0.1961079920609208,244.82180098363068,207.06256511133333
55,31,284.4343548947067,,0.545176188623592,230.98227195466666,1.2765427775262934,284.4343548947067,230.98227195466666
55,23,384.67895197286725,0.8902806149049066,0.5545347121609447,361.83304867933333,1.209132106389618,384.67895197286725,361.83304867933333
55,20,434.5520173244249,1.6413376900260317,0.5501592815375634,475.31291031266665,4.144686520249612,434.5520173244249,475.31291031266665
55,19,453.12670183286826,0.757212699239615,0.5490354614448357,545.6281158063333,2.1650828518874894,453.12670183286826,545.6281158063333
55,17,465.7399821121924,0.37788575115286144,0.549918349866639,652.8134345103334,0.9760655239154543,465.7399821121924,652.8134345103334
55,15,467.6077133115228,0.3897316377025804,0.5511352768471223,687.3171163886667,2.1443305854709367,467.6077133115228,687.3171163886667
55,14,467.5576505807566,0.23712250576958818,0.5515102910824375,693.5471059943334,1.1928133492954902,467.5576505807566,693.5471059943334
55,13,467.62377767373965,0.22500801088428551,0.5519869002810722,696.9497390956667,1.7028648161190922,467.62377767373965,696.9497390956667
55,11,468.25575179857924,0.05532752777035522,0.5529050583949532,701.0676220223335,0.7254187895304004,468.25575179857924,701.0676220223335
55,10,468.3881479163777,0.08829185665452483,0.5531783289100279,701.129478195,0.6639576659980251,468.3881479163777,701.129478195
55,7,469.10057089314256,0.06630709394688508,0.5538135303773117,705.2573072680001,0.8458630739621658,469.10057089314256,705.2573072680001
55,5,469.51610474511705,0.1343229725470635,0.5544588066569937,707.6799313263333,1.1771373931485805,469.51610474511705,707.6799313263333
55,3,469.8678437217199,0.04092769642527483,0.5546622847158159,707.9675411916666,1.0452192607088926,469.8678437217199,707.9675411916666
55,1,470.0604965701121,0.15011763283148177,0.5544554045879041,708.3172001073332,0.3706247163732511,470.0604965701121,708.3172001073332
55,0,469.9830724037745,0.0733685890922623,0.5543674763923255,708.6367674963334,0.21256316602595007,469.9830724037745,708.6367674963334
56,10000,1.8217505243363599,0.03113845317291821,0.5600252814445927,178.32144410016667,0.00879501440593837,0.0,178.32144410016667
56,10000,1.8217505243363599,0.03113845317291821,0.5600252814445927,178.32144410016667,0.00879501440593837,1.8217505243363599,178.32144410016667
56,3162,5.580694378577079,0.03191381375577642,0.5586562879335001,177.81366554033335,0.011910489801633806,5.580694378577079,177.81366554033335
56,1778,9.506630963367131,0.13922855750983287,0.5599648534044328,177.11692931366667,0.037429977893712336,9.506630963367131,177.11692931366667
56,1000,16.87074410467089,0.6728274861618977,0.5618999495606307,176.16435158333334,0.03508691752308011,16.87074410467089,176.16435158333334
56,749,21.35949139214275,0.7069471263793689,0.5605510876041516,175.62600013099998,0.04153565054121566,21.35949139214275,175.62600013099998
56,316,29.404418628015303,0.029682266072076014,0.5602095753609159,175.36669169733332,0.01537631119194588,29.404418628015303,175.36669169733332
56,236,39.82216085231942,0.06554415211234714,0.5622233494074725,175.56492426366665,0.04581773028205858,39.82216085231942,175.56492426366665
56,50,181.1584338538612,0.7728688641831665,0.5646893710365873,189.41531005000002,0.15504697005432133,181.1584338538612,189.41531005000002
56,47,191.9564960144223,1.3968968125673222,0.5644685907711753,191.4585314566667,0.3186747447078465,191.9564960144223,191.4585314566667
56,38,236.0990559164195,0.805546768923795,0.5641754552117865,203.91462027333333,0.38365159950957933,236.0990559164195,203.91462027333333
56,37,246.35603408192233,1.0687080145126724,0.5631387992874167,207.69009201633332,0.47083760966590255,246.35603408192233,207.69009201633332
56,35,255.0345303536051,0.41412506050301273,0.5634647572662815,211.74731384133335,0.15964160965589327,255.0345303536051,211.74731384133335
56,33,272.16493640200525,1.5002719341316753,0.5628896363239778,221.28756123166667,0.9597241821756843,272.16493640200525,221.28756123166667
56,32,279.40527292977384,2.0005639156996105,0.5631894431958676,225.95919404366668,1.4620574223581952,279.40527292977384,225.95919404366668
56,31,287.6096925876,0.9206597852954717,0.5622624681130574,232.19782096266667,0.8557037564404504,287.6096925876,232.19782096266667
56,29,309.6211191633689,0.8952943695085812,0.5645490949673375,251.959141248,0.7695645963704106,309.6211191633689,251.959141248
56,28,317.4029800739242,0.5866134191201717,0.5641188429941436,260.4520926796667,0.9188649328781493,317.4029800739242,260.4520926796667
56,26,341.36669175345804,0.48304950773127037,0.5621223457201783,290.56557968,0.5758230072050969,341.36669175345804,290.56557968
56,24,368.52853515275575,1.2566295460762547,0.558005747866318,332.50589295866666,1.9852723781985877,368.52853515275575,332.50589295866666
56,22,397.66249424732433,0.5750358509418303,0.5558867709046823,386.51786946166675,0.9188628531884799,397.66249424732433,386.51786946166675
57,1000000,0.02953306088162648,,0.5652409050832764,184.600050516,0.12329376003459583,0.0,184.600050516
57,1000000,0.02953306088162648,,0.5652409050832764,184.600050516,0.12329376003459583,0.02953306088162648,184.600050516
57,17782,1.0356524557250397,0.012484649197559837,0.5699943650959635,178.25068347983333,0.06263872029197785,1.0356524557250397,178.25068347983333
57,10000,1.7973838265540234,0.03383815682371415,0.5693952768727586,178.33222247383333,0.025871971531191394,1.7973838265540234,178.33222247383333
57,5623,3.1273270825768757,0.054868781154572326,0.5654792390983258,178.26207068566669,0.04323130481683852,3.1273270825768757,178.26207068566669
57,3162,5.5574719525011185,0.051594390610089094,0.5715314486961218,177.79465547200002,0.014000492538703238,5.5574719525011185,177.79465547200002
57,1778,9.078996965146056,0.029101028474253898,0.5701873284288479,177.17794563866667,0.03862090315555776,9.078996965146056,177.17794563866667
57,133,70.92112345008202,0.047676009339606557,0.5674852075085229,177.30053425366668,0.13625863533962054,70.92112345008202,177.30053425366668
57,100,94.19490282106425,0.08361633695262947,0.5679335390490043,178.63284102733334,0.03253671628280301,94.19490282106425,178.63284102733334
57,86,107.85740831982389,0.11616193162235369,0.5714221106391725,179.95817816366664,0.02076605428464801,107.85740831982389,179.95817816366664
57,74,124.03845733167908,0.6381790421625685,0.5684273329532582,181.49524592766667,0.059992945754118766,124.03845733167908,181.49524592766667
57,63,143.2005478601425,0.3296509112093927,0.5665058508596181,183.70424220933333,0.04423165373866459,143.2005478601425,183.70424220933333
57,58,154.95491279550626,0.5692472303165236,0.5668562108751707,185.23089952433335,0.05540637828799842,154.95491279550626,185.23089952433335
57,55,161.3857353938593,1.3721183138939677,0.5664485370578239,186.077757604,0.15048869819132607,161.3857353938593,186.077757604
57,52,172.99414390351058,0.9878553134018794,0.5663122631474422,187.918943578,0.17880256615902165,172.99414390351058,187.918943578
57,43,209.970946900332,1.8476528118817768,0.5654001872242235,195.72380615433335,0.47819278383827507,209.970946900332,195.72380615433335
57,41,218.70501621259035,,0.5650555519414597,197.626749429,0.27151312521357407,218.70501621259035,197.626749429
57,39,226.1240825372721,,0.5654926124954285,201.10863903999999,0.6588887199222259,226.1240825372721,201.10863903999999
59,1000000,0.032553149054845555,0.004288595656700543,0.5886524561530153,184.4979409706667,0.07459467362082908,0.0,184.4979409706667
59,1000000,0.032553149054845555,0.004288595656700543,0.5886524561530153,184.4979409706667,0.07459467362082908,0.032553149054845555,184.4979409706667
59,31622,0.5811381274608677,0.01183251990027797,0.5898466638517349,178.2690207995,0.01569807094614935,0.5811381274608677,178.2690207995
59,10000,1.7602941818681561,0.033586242365882146,0.5913708604658173,178.35475443633334,0.02089869400975611,1.7602941818681561,178.35475443633334
59,3162,5.277653839765919,0.07833295793917397,0.5903835752724323,177.84283134416668,0.00595311314806891,5.277653839765919,177.84283134416668
59,1778,9.129250268807585,0.046313813214782514,0.5901933795556481,177.18334169066668,0.033918327209429035,9.129250268807585,177.18334169066668
59,1000,16.650837429682063,0.3670959275068907,0.5869161872627497,176.2663518608889,0.030117018500955217,16.650837429682063,176.2663518608889
59,648,22.92622343577884,,0.58784235472168,175.55259632,0.018281942262430982,22.92622343577884,175.55259632
59,562,22.454193176316128,0.4954836139175484,0.588915180532204,175.639697734,0.013285619724643798,22.454193176316128,175.639697734
59,316,31.727201758149775,0.16849975022007846,0.5892179884940417,175.44487349733333,0.03631281532978968,31.727201758149775,175.44487349733333
59,177,54.16897413986146,0.2113316659695814,0.5862041371955269,176.02463499066667,0.011121125441534582,54.16897413986146,176.02463499066667
59,133,71.42273929446401,0.10921315310568816,0.5884962408985125,177.045593008,0.025164135114754738,71.42273929446401,177.045593008
59,100,93.31427187610468,0.31596284750753906,0.5901145976456319,178.46154694533334,0.018460534792876262,93.31427187610468,178.46154694533334
59,86,107.44934256442417,0.4793404119069408,0.5908440890670703,179.83131554,0.031550085223452144,107.44934256442417,179.83131554
59,74,125.14591057531835,0.26280320777489286,0.5898466006569739,181.56231301966668,0.024785730682901966,125.14591057531835,181.56231301966668
59,63,144.69879349547375,0.09846440875095272,0.5884837710541911,183.83761613800002,0.0296607276742383,144.69879349547375,183.83761613800002
59,58,157.08679332304033,1.1277462806245848,0.588652435156678,185.631570843,0.18705192967918563,157.08679332304033,185.631570843
59,55,162.72629816468398,1.4735428093955365,0.5886332435331285,186.4117980673333,0.21883943806699502,162.72629816468398,186.4117980673333
59,53,170.2366500211721,0.6101353114921709,0.5881861866054973,187.610342631,0.12223363364862119,170.2366500211721,187.610342631
59,52,170.55106040836915,1.710155086203468,0.5888620819911098,187.70741573366664,0.2570833422610109,170.55106040836915,187.70741573366664
59,50,183.88243850275543,1.0795237641273299,0.5879437982903691,190.18025388,0.292241283499137,183.88243850275543,190.18025388
59,48,188.25826170158302,1.9014378127594047,0.5864589582372761,190.71539695266665,0.3738225426902333,188.25826170158302,190.71539695266665
59,47,192.60233733187556,1.112086201204669,0.5881998763357258,191.89445099600002,0.2259968036340464,192.60233733187556,191.89445099600002
59,43,209.68757764884228,0.4220301782266192,0.5890385385795113,195.97697409966668,0.09206644099823648,209.68757764884228,195.97697409966668
59,41,219.33013039385477,1.1920265697200456,0.5878392200737302,198.40754155699997,0.2906657110698655,219.33013039385477,198.40754155699997
59,39,231.59058088577675,1.9021828697361216,0.5874418405268598,202.36900258699998,0.6085169781436258,231.59058088577675,202.36900258699998
59,38,235.26083457315528,1.2334389291781804,0.5874180780243425,203.61815223099998,0.47179516726257964,235.26083457315528,203.61815223099998
59,37,246.1521734585012,1.242302138160391,0.5876644538871978,208.03070285333334,0.4737856504595954,246.1521734585012,208.03070285333334
59,35,256.71972460195656,1.0833818034081837,0.5877288879416231,212.75171894066668,0.6057255804018338,256.71972460195656,212.75171894066668
59,33,270.91876968221527,0.2862495088556262,0.5872481358422134,220.75352613933333,0.08637466119522859,270.91876968221527,220.75352613933333
59,32,280.5786722895052,2.158302423865014,0.5880387054674215,227.21419981733334,1.4112079525131758,280.5786722895052,227.21419981733334
59,31,291.1421824177656,1.3202492089042044,0.5875665906930987,235.21370196766665,1.1970206368312561,291.1421824177656,235.21370196766665
59,29,310.2902171588767,0.8398823983708362,0.5866938995074208,252.92927488933333,1.014899360000239,310.2902171588767,252.92927488933333
59,28,320.52745108465285,2.29443149483256,0.5867622479589315,264.52404472300003,2.5517227931955166,320.52745108465285,264.52404472300003
59,26,342.74935787724485,0.5888418267746176,0.5862225148698995,293.30772246866667,0.9607719399379386,342.74935787724485,293.30772246866667
61,56233,0.3318675181082291,0.010056763755728572,0.6093055032320392,178.68476619700002,0.04405639166921029,0.0,178.68476619700002
61,56233,0.3318675181082291,0.010056763755728572,0.6093055032320392,178.68476619700002,0.04405639166921029,0.3318675181082291,178.68476619700002
61,31622,0.5628653370716695,0.0077217148878320875,0.6095571127219849,178.31038537733332,0.1664471250896765,0.5628653370716695,178.31038537733332
61,10000,1.6979044076041974,0.05185058992144387,0.613182571399707,178.35004125411112,0.01216972542480098,1.6979044076041974,178.35004125411112
61,5623,2.9215234386215156,,0.606196433209246,178.285416693,0.03544533286573314,2.9215234386215156,178.285416693
61,1778,8.692118141165688,0.1091598062225208,0.610666451623961,177.272991661,0.023405886980288004,8.692118141165688,177.272991661
61,1000,15.843798145160081,0.3184756519162927,0.6078081367314939,176.3737361773333,0.026958852913895586,15.843798145160081,176.3737361773333
61,749,21.16067365370377,0.09716942347046999,0.6129482452117251,175.802018192,0.023854436571181897,21.16067365370377,175.802018192
61,562,22.437370509170876,0.12572760456578808,0.6105844839866909,175.7155488556667,0.03355509770154123,22.437370509170876,175.7155488556667
61,236,39.648898627246325,0.03915429892569061,0.6102397436970151,175.63445626333336,0.024041137437579952,39.648898627246325,175.63445626333336
61,177,53.47595557533981,0.11483324788970065,0.6139770143203359,175.856602545,0.009329441619422037,53.47595557533981,175.856602545
61,100,91.22655298240876,0.32190552176991416,0.6096966618953797,178.22343693000002,0.031366844876993955,91.22655298240876,178.22343693000002
61,74,124.65659674132071,0.040568570017187715,0.6144881266617205,181.43279948400001,0.018122147373106447,124.65659674132071,181.43279948400001
61,58,156.00059399583066,0.13683612770579212,0.6145740576302907,185.23989958333334,0.017660164868258093,156.00059399583066,185.23989958333334
61,55,161.53887620398902,1.4933523623401896,0.6142356832950435,186.06616851333334,0.2682472107745857,161.53887620398902,186.06616851333334
61,52,170.76993494154544,1.9074800354140695,0.6141065660619703,187.565697879,0.3350304993938282,170.76993494154544,187.565697879
61,50,180.18170276820595,1.0896093969366052,0.6133171547163089,189.15044375033335,0.19050737339189083,180.18170276820595,189.15044375033335
61,47,190.21411365546507,1.023243353005109,0.6139322027215502,191.32144290066665,0.11892852186922465,190.21411365546507,191.32144290066665
61,41,218.9691210101305,1.3562396001365342,0.6133456739410406,198.33978941166666,0.32794692059215774,218.9691210101305,198.33978941166666
61,39,227.99953637124682,2.6989743836326223,0.6138901708203407,201.188080574,0.9007734392760331,227.99953637124682,201.188080574
61,38,235.1983830966144,0.5123042683752482,0.6127286835325886,203.602401278,0.23225439435524764,235.1983830966144,203.602401278
61,37,238.37510377911306,3.224321006301986,0.6123363450421261,204.93262169033332,1.2049948532084818,238.37510377911306,204.93262169033332
61,35,254.32912372073596,0.3571870039889525,0.6122025801595327,211.65674877166666,0.14836030815063891,254.32912372073596,211.65674877166666
61,33,269.68657667181446,1.5093520798158693,0.611307587702524,219.86951581166667,1.0034166437790901,269.68657667181446,219.86951581166667
61,32,278.88762138581313,1.2039507382192098,0.6123601070524897,225.67716660099998,1.0826093989342418,278.88762138581313,225.67716660099998
61,31,285.5729431658107,0.4697006759463739,0.6121337835646498,230.00534597466665,0.3719248352960625,285.5729431658107,230.00534597466665
61,29,307.94823376205574,1.9327645578811152,0.610793264503398,249.504359161,1.8066284905701648,307.94823376205574,249.504359161
61,28,315.6688228851138,2.080768389755002,0.6110422345199558,257.3996723216667,1.8819749671870616,315.6688228851138,257.3996723216667
61,26,339.09222053333946,2.582044533010642,0.6096323091807266,285.31385862,3.0072635775494567,339.09222053333946,285.31385862
61,24,365.67118478236756,2.140210564806579,0.6086122638824953,323.0764118883333,3.3274182170407802,365.67118478236756,323.0764118883333
61,23,383.1278340124141,1.3528481835831756,0.6057359217594196,352.3133701893333,2.424347999754142,383.1278340124141,352.3133701893333
61,10,468.8588174004685,0.22032550725988118,0.605535503226383,639.9510972946667,1.484099162744878,468.8588174004685,639.9510972946667
61,8,469.0640039668231,0.10404040901101211,0.6073789266694511,637.0983065493333,1.416988409471617,469.0640039668231,637.0983065493333
61,7,469.41852037851226,0.15379516036092902,0.6065617578574575,640.1187659826667,2.4261414401177004,469.41852037851226,640.1187659826667
61,5,469.52167443186516,0.13443577699882592,0.6089993408467836,638.7346993196667,0.842206823062629,469.52167443186516,638.7346993196667
61,3,469.8816826064788,0.14783268585193524,0.6084528029212222,641.750629168,1.6680525090256297,469.8816826064788,641.750629168
61,1,470.0583414404742,0.17510011128424735,0.6080841707600578,640.7897168623334,0.12716218682944258,470.0583414404742,640.7897168623334
61,0,470.1303696678239,0.18186039341948076,0.6083319620470425,641.137151742,0.44797207852850085,470.1303696678239,641.137151742
64,1000000,0.029682400623776754,0.0021860473716180722,0.6389275450558469,185.06410586233335,0.05116537361616702,0.0,185.06410586233335
64,1000000,0.029682400623776754,0.0021860473716180722,0.6389275450558469,185.06410586233335,0.05116537361616702,0.029682400623776754,185.06410586233335
64,562340,0.047301401216843834,,0.6399994635152659,184.71939021699998,0.09347723308108283,0.047301401216843834,184.71939021699998
64,56233,0.30947706206122527,0.0051407297176690615,0.6423426524546935,178.77216185350002,0.060625969445449124,0.30947706206122527,178.77216185350002
64,31622,0.5445997545068142,0.01043975431500388,0.6400242419938256,178.24779042333333,0.0123642642812562,0.5445997545068142,178.24779042333333
64,10000,1.6558406335666016,0.12034885525156835,0.6386923325580234,178.3659704345,0.033532714644523294,1.6558406335666016,178.3659704345
64,3162,5.023336362378828,0.10607363726618478,0.6367831898378552,177.97393043399998,0.0625675457032172,5.023336362378828,177.97393043399998
64,1778,8.569172895369311,0.27766424003516593,0.6414966828847893,177.30144990433334,0.014651042348965401,8.569172895369311,177.30144990433334
64,1000,15.261621624546274,0.20356884890710172,0.6394450369291593,176.41975173466668,0.007529092833770203,15.261621624546274,176.41975173466668
64,749,20.264209715950642,0.10255804280704546,0.6404545089639087,176.036190732,0.027413285180573427,20.264209715950642,176.036190732
64,316,30.367638713463258,2.123855725049806,0.6398360773063793,175.43420823466667,0.023281970442792708,30.367638713463258,175.43420823466667
64,236,39.228059553596594,0.0818151680035886,0.6412945285326398,175.567917457,0.019144767504968994,39.228059553596594,175.567917457
64,47,188.00319214585733,0.5577674541576816,0.6445659676822668,190.54982860133336,0.1206201269999315,188.00319214585733,190.54982860133336
64,41,214.7233735875302,1.3140273575432906,0.6438472434015282,196.90744114466665,0.4407707965086077,214.7233735875302,196.90744114466665
64,39,226.75469378531253,2.090694322397199,0.6433932668616521,200.88897230966666,0.8034406362101897,226.75469378531253,200.88897230966666
64,38,230.33982472924868,0.46001594829178116,0.643635689121641,201.98065104733334,0.1859115247363386,230.33982472924868,201.98065104733334
64,37,240.06169964538606,1.886849708610369,0.6433872473889802,205.66410345066666,0.7394978874742645,240.06169964538606,205.66410345066666
64,35,250.94544315679437,1.0552063007974997,0.6425749656638821,210.19351147566667,0.43301249973629685,250.94544315679437,210.19351147566667
64,33,264.88393204605336,0.6672763175652229,0.6440876799521357,217.21592326133336,0.4632500285741559,264.88393204605336,217.21592326133336
64,32,272.14630017999934,0.9570322382990323,0.6433976629582544,221.04483925866666,0.54015205010767,272.14630017999934,221.04483925866666
64,31,283.0668128791806,0.482750814422119,0.6434487041722233,228.17095786833332,0.176608135980759,283.0668128791806,228.17095786833332
64,29,299.3059106009269,1.3549551383787346,0.6429903659166327,240.72437046366667,1.2691119357309575,299.3059106009269,240.72437046366667
64,28,311.7916682530572,1.4419779507253943,0.643893521946863,251.97669248966668,1.5134779641006506,311.7916682530572,251.97669248966668
64,26,331.7651679926055,1.4666330395104572,0.6430719593778619,273.30563632466664,2.2358735410044215,331.7651679926055,273.30563632466664
64,24,360.6173325877632,1.535375380603014,0.6405771921353274,310.4707402953333,2.1728147998387017,360.6173325877632,310.4707402953333
64,23,375.9080678362057,1.2262801671977135,0.6377494795221033,333.6455677256667,1.7990991418148545,375.9080678362057,333.6455677256667
64,22,390.0263382967453,1.931102093921558,0.6355883994392446,358.67208000466667,2.99182591863012,390.0263382967453,358.67208000466667
65,1000000,0.02709683473397629,0.0015715426542031816,0.6502613000094838,184.81775785633332,0.27786131825078786,0.0,184.81775785633332
65,1000000,0.02709683473397629,0.0015715426542031816,0.6502613000094838,184.81775785633332,0.27786131825078786,0.02709683473397629,184.81775785633332
65,31622,0.5442142064450005,0.01866149536450469,0.6508712363019101,178.2926746358889,0.029677806295073435,0.5442142064450005,178.2926746358889
65,10000,1.5988510628600152,0.032659642401126926,0.6532500910160032,178.36163407183335,0.03500244666158797,1.5988510628600152,178.36163407183335
65,3162,4.87706021476679,0.039105059489636995,0.6490954182702116,177.95849084566666,0.05403400523437756,4.87706021476679,177.95849084566666
65,1778,8.426604074453971,0.17243754327030814,0.6515219644944288,177.33347794433334,0.01329975356448516,8.426604074453971,177.33347794433334
65,1000,15.00252865439166,0.22680327077564347,0.6509412999855976,176.45767333933335,0.05933334689215096,15.00252865439166,176.45767333933335
65,749,20.127940624587715,0.12314602354378987,0.6532045136592212,176.03526502,0.043302652243656745,20.127940624587715,176.03526502
65,562,21.506008118394703,,0.6470504267866994,175.76457163133333,0.019034045326179257,21.506008118394703,175.76457163133333
65,316,32.864720109215554,,0.6473998840798737,175.49918783433336,0.026405135791763887,32.864720109215554,175.49918783433336
65,273,35.55238266986469,0.14108979967093555,0.6492466790588192,175.504559968,0.06052142083903887,35.55238266986469,175.504559968
65,177,52.438853858853285,0.06943307286161035,0.6456048212486226,175.68568114166666,0.0342593354017306,52.438853858853285,175.68568114166666
65,153,60.52012522804561,0.02755300010779652,0.6478770256781826,176.10730890833335,0.02536139777070728,60.52012522804561,176.10730890833335
65,133,69.70846946941612,0.023419308090986968,0.6477504116881915,176.64855419,0.024022362679754678,69.70846946941612,176.64855419
65,115,80.7306706778321,0.007496218587039508,0.6477351515916042,177.16891965,0.017255530092719334,80.7306706778321,177.16891965
65,100,91.5509296264034,0.09901498032188406,0.6513236110563239,178.210071001,0.11594683818715583,91.5509296264034,178.210071001
65,86,105.95439784533477,0.04906922793806359,0.64936133842158,179.51786707833335,0.023145303706583756,105.95439784533477,179.51786707833335
65,74,120.84930314105793,0.2919430713680661,0.6475149756211426,180.93479576666667,0.040351543755033,120.84930314105793,180.93479576666667
65,63,141.21691939774394,1.3871832876580583,0.6461769764670853,183.15850702666668,0.160491414235622,141.21691939774394,183.15850702666668
65,55,160.3494846804906,0.6782391101803716,0.6455008915761353,185.60679874766666,0.1310925479492927,160.3494846804906,185.60679874766666
65,50,176.94562224922115,1.8256178838672847,0.646167002430844,188.3977379413333,0.33837085111145865,176.94562224922115,188.3977379413333
65,43,204.75217327936198,0.4461584333819495,0.6454118569978493,194.45144090766667,0.21672919654401246,204.75217327936198,194.45144090766667
67,1000000,0.02737825780415402,0.0025715382360778916,0.6699350803359145,185.59385673133332,1.8345136503233368,0.02737825780415402,185.59385673133332
67,31622,0.6109581503619287,0.11781731755373515,0.6717165798781547,178.31580945466666,0.03574585944783382,0.6109581503619287,178.31580945466666
67,10000,1.5418543730960952,0.0060056687217931466,0.6705827094235981,178.31768292733332,0.02959754823932096,1.5418543730960952,178.31768292733332
67,3162,4.727818155447159,0.06023888390062219,0.6676960647314151,178.00527015733334,0.041305231946703075,4.727818155447159,178.00527015733334
67,1000,14.668545016397161,0.1585683468415528,0.6707607769612776,176.55112608800002,0.009765988647042706,14.668545016397161,176.55112608800002
67,316,34.53394602320535,0.10898275018852234,0.6696737232580604,175.55169814233332,0.017500389441488958,34.53394602320535,175.55169814233332
67,273,36.469332893926854,0.1154855805038632,0.6690124092563527,175.47065056,0.020740510526624522,36.469332893926854,175.47065056
67,236,38.810489506525016,0.06710495274507412,0.6679362614376273,175.57747058566667,0.027757761379709315,38.810489506525016,175.57747058566667
67,204,44.04113556843476,0.07196655162782402,0.6689371100935407,175.62615197566666,0.030387545698273396,44.04113556843476,175.62615197566666
67,177,52.00736343378201,0.06104303589127862,0.6735623433467799,175.39064661133332,0.04845164910931118,52.00736343378201,175.39064661133332
67,115,79.94405328322672,0.0920076172315833,0.6739852568134469,176.738865017,0.04518943322619471,79.94405328322672,176.738865017
67,74,120.72091871737916,0.10715916999197835,0.6748300059954984,180.48686467566665,0.014667636345603176,120.72091871737916,180.48686467566665
67,63,139.74214408838424,0.15156956502331434,0.6745148183790186,182.59463262633335,0.02077643077427927,139.74214408838424,182.59463262633335
67,55,159.27657483954098,1.4252586854015374,0.6697039659527567,185.49408249483335,0.17876412858038168,159.27657483954098,185.49408249483335
67,50,177.39731670035837,0.25280362037171006,0.6729254003830561,188.34271049133335,0.00880410010528806,177.39731670035837,188.34271049133335
67,47,185.80011054246927,1.8202250482730251,0.6722622101710426,190.04584729266665,0.31975201266690173,185.80011054246927,190.04584729266665
67,43,203.214135524864,0.23285844864014077,0.6719013373403883,193.85719219433335,0.0933131721481214,203.214135524864,193.85719219433335
67,41,213.75813418643523,0.8870216045878763,0.6716436322868432,196.60893165866665,0.2549171648065491,213.75813418643523,196.60893165866665
67,39,223.61491923227985,0.9273820689544542,0.6711630832250443,199.69144559266667,0.3164088765758959,223.61491923227985,199.69144559266667
67,38,228.5671921419536,0.861915340298611,0.6716485494887299,201.20369855233332,0.31840228047157343,228.5671921419536,201.20369855233332
67,37,239.057712654878,1.535008314349857,0.6708664864929853,205.24723891416667,0.5078601447040096,239.057712654878,205.24723891416667
67,35,249.88766490225314,0.8403297065351478,0.6683672900899187,209.591099193,0.5136506990444867,249.88766490225314,209.591099193
67,33,263.46808643062906,1.4371013113134758,0.670339873749759,216.08376788,0.7258922962292491,263.46808643062906,216.08376788
67,32,269.73134648047073,0.9192900930458333,0.6690320317148224,219.3321021416667,0.43564958283169003,269.73134648047073,219.3321021416667
67,31,278.4884932199227,1.773443749197092,0.6698890522376418,224.59682833933334,1.408304215260673,278.4884932199227,224.59682833933334
67,29,298.59843305988477,0.25989781188908034,0.6701932655924466,238.95263452466665,0.0863347793634718,298.59843305988477,238.95263452466665
67,28,308.49171544088796,1.8902481480799467,0.6701172400594987,247.13657227933334,1.830940620450867,308.49171544088796,247.13657227933334
67,24,357.84863760173954,1.9360167798658376,0.6673662725584372,302.44143989,2.2232423341251826,357.84863760173954,302.44143989
70,1000000,0.029330255097378133,0.005412183545628524,0.6995803365741937,184.76816520559998,0.27608546506823456,0.0,184.76816520559998
70,1000000,0.029330255097378133,0.005412183545628524,0.6995803365741937,184.76816520559998,0.27608546506823456,0.029330255097378133,184.76816520559998
70,10000,1.49378987108656,0.010946045085445881,0.6964108185934625,178.31179911599997,0.007296896954283028,1.49378987108656,178.31179911599997
70,3162,4.488347433840383,0.07647310577836627,0.7001141230960304,178.09271385333332,0.01635852783765031,4.488347433840383,178.09271385333332
70,1778,7.67790842611599,0.14836786180516995,0.7005422099864035,177.518156807,0.01829556875842424,7.67790842611599,177.518156807
70,1000,13.672282322709997,0.17754035632555057,0.6986342166516362,176.637825881,0.0638773223414635,13.672282322709997,176.637825881
70,562,23.44443196470743,0.3954183921244585,0.701456821295635,175.79470470683336,0.02942034583157019,23.44443196470743,175.79470470683336
70,236,38.72086638585079,0.7484632800590683,0.6979387336164266,175.561633398,0.021031279103096913,38.72086638585079,175.561633398
70,204,43.62146782084316,0.08211549944403891,0.6993259884764825,175.49669314000002,0.03639206351553283,43.62146782084316,175.49669314000002
70,177,51.61648037168138,0.02237598420264614,0.700297316426985,175.25593736766666,0.048452660463087084,51.61648037168138,175.25593736766666
70,153,59.79711379026403,0.16150226955664354,0.7017506128376608,175.62635314333332,0.029851251617331646,59.79711379026403,175.62635314333332
70,133,68.63789864752381,0.11304130734270772,0.7034271426843638,176.017079156,0.0394131336755402,68.63789864752381,176.017079156
70,115,78.64660344521879,0.6861773492065674,0.6999233697362169,176.483986831,0.019612002578242638,78.64660344521879,176.483986831
70,86,104.57655754307973,0.12914740387394563,0.7032933313781964,178.71094757533334,0.0069670148633108825,104.57655754307973,178.71094757533334
70,74,118.72672112328395,0.8445333167589744,0.702502313717806,180.05594607866666,0.06810650775946905,118.72672112328395,180.05594607866666
70,63,138.1376534261809,0.44491816684380797,0.7013317516565668,182.198466169,0.05542049756421237,138.1376534261809,182.198466169
70,47,185.07890227133484,0.7784940110853924,0.6994697523515598,189.77220863033332,0.12536170239797886,185.07890227133484,189.77220863033332
70,41,211.09550937101685,0.7947301614886455,0.6986505625052649,195.824349415,0.18416165778891364,211.09550937101685,195.824349415
70,39,221.39250608491645,2.4510153754978763,0.697406172554123,198.709718278,0.5649631805540775,221.39250608491645,198.709718278
70,38,228.5613493085278,0.6158358947830284,0.6978724345189103,201.19524380533335,0.27132258199133513,228.5613493085278,201.19524380533335
70,35,246.34542121224123,2.64232143670823,0.6980616428520573,207.987547791,1.0669204069221276,246.34542121224123,207.987547791
70,33,260.8951314999713,0.43818854306317023,0.6975964526661625,214.298616889,0.23605661735263836,260.8951314999713,214.298616889
70,32,269.5457040825807,0.31952215712940557,0.6967482046798685,218.94898635466666,0.34627573891656666,269.5457040825807,218.94898635466666
70,31,277.2186570916686,1.2711437737387068,0.6979650443663697,223.51824819833334,0.730656877121239,277.2186570916686,223.51824819833334
70,29,295.9782991322377,1.27911514727013,0.6976538159317208,235.63311580433333,0.7996735739225602,295.9782991322377,235.63311580433333
70,28,307.7833297048325,0.6442717224459636,0.696790709864179,245.30107331433337,0.5895476478004845,307.7833297048325,245.30107331433337
70,26,327.90224877855064,1.3242865477088124,0.6985910390451258,263.6828719056667,1.7351616133954175,327.90224877855064,263.6828719056667
70,17,463.2757957070594,1.0453106629427884,0.7023339459383241,513.7125369629999,1.36628999918415,463.2757957070594,513.7125369629999
70,15,469.50813492147194,0.23326478301120554,0.7043702296833768,544.2958467603333,0.22807313233156337,469.50813492147194,544.2958467603333
70,14,469.62749074200985,0.0048604571016714,0.7047228548948536,544.361182184,0.7716115320451985,469.62749074200985,544.361182184
71,31622,0.48297188480292663,0.00482635615560114,0.7095141248241474,178.4859932103333,0.05243337324135405,0.0,178.4859932103333
71,31622,0.48297188480292663,0.00482635615560114,0.7095141248241474,178.4859932103333,0.05243337324135405,0.48297188480292663,178.4859932103333
71,10000,1.4677392123583126,0.02566287405401716,0.7112265128965803,178.3004593485,0.028239019616258045,1.4677392123583126,178.3004593485
71,1778,7.509222016100961,0.09681108375379678,0.7060468811413021,177.521532028,0.03906216304361484,7.509222016100961,177.521532028
71,1000,13.454979036148972,0.3214626340025601,0.7091296932759544,176.65285836500001,0.022898682911843857,13.454979036148972,176.65285836500001
71,562,19.14955894248088,0.07440580398571765,0.710972510173605,175.93268639866668,0.04372006245540915,19.14955894248088,175.93268639866668
71,316,31.97287482491166,,0.7087114192587107,175.48681377833336,0.021469303712809765,31.97287482491166,175.48681377833336
71,100,90.14847576649039,0.09042770566632925,0.7063225937759084,177.34155009833333,0.03059839457995769,90.14847576649039,177.34155009833333
71,38,226.22137857811353,0.5986364897470307,0.7062008469951057,200.58528245533333,0.13816542334391488,226.22137857811353,200.58528245533333
71,28,305.6859933280604,0.811287767813442,0.7105402604468962,242.745053663,1.4719282705061238,305.6859933280604,242.745053663
71,20,415.01866703926885,1.6553321120304687,0.7129956072046953,381.186796239,2.0319042509869476,415.01866703926885,381.186796239
71,19,435.65372570864673,0.7522614059190792,0.70946406424634,423.05679004199993,1.5381674793994158,435.65372570864673,423.05679004199993
71,13,469.7953455313846,0.11538609811340873,0.7054861899118702,543.6859394966667,0.8919622944823399,469.7953455313846,543.6859394966667
71,11,470.0194968792187,0.04649129795819,0.7073037962318458,541.248193147,0.5430133735741953,470.0194968792187,541.248193147
71,10,470.39286120533853,0.09431046941733594,0.7072993554400696,540.5587573600001,0.4511314052945253,470.39286120533853,540.5587573600001
71,8,470.1998492673167,0.3026034833253184,0.7120288029380345,534.8797093673334,1.6356088439282226,470.1998492673167,534.8797093673334
71,7,470.27922575669794,0.06069089059432841,0.7122232908821621,534.8347383896667,1.2478400450733005,470.27922575669794,534.8347383896667
71,5,470.1712322202645,0.15713824629464446,0.7133512357450106,532.689263975,1.853946175740844,470.1712322202645,532.689263975
71,3,470.9716621104317,0.16003913396198235,0.711730242981686,534.2923783306667,1.0036109222382015,470.9716621104317,534.2923783306667
71,1,470.81530021757106,0.29425693764429695,0.7126202725085383,534.018252897,1.2927733978549214,470.81530021757106,534.018252897
71,0,471.52930024637635,0.2480919224001368,0.709985758481574,536.0197663246666,0.4735139301078973,471.52930024637635,536.0197663246666
73,100000,0.2298030087812819,0.12917731464343737,0.7314214244049282,180.12336722766668,0.26708055276390763,0.0,180.12336722766668
73,100000,0.2298030087812819,0.12917731464343737,0.7314214244049282,180.12336722766668,0.26708055276390763,0.2298030087812819,180.12336722766668
73,31622,0.518701846753173,0.09015372752850415,0.7282294966173277,178.30360513766666,0.036819445035054424,0.518701846753173,178.30360513766666
73,10000,1.398716306146588,0.02499443014540856,0.7313888741083964,178.28958644500003,0.009678965625394588,1.398716306146588,178.28958644500003
73,3162,4.346430921753977,0.038750954103522306,0.7281257880570124,178.11150023866665,0.0241892553166448,4.346430921753977,178.11150023866665
73,1778,7.440112795974604,0.19839259893821284,0.7315026761252937,177.51393013266667,0.04334095827863756,7.440112795974604,177.51393013266667
73,1000,12.828475202442505,0.20945520021613265,0.728425740863556,176.61489309600003,0.027819813507719306,12.828475202442505,176.61489309600003
73,273,34.446586051529806,,0.7264712192208923,175.44700409733332,0.028050545952372958,34.446586051529806,175.44700409733332
73,204,43.80340408098359,0.13400235942920494,0.7276024036566788,175.45230302166667,0.024753831332507737,43.80340408098359,175.45230302166667
73,177,51.36260107000097,0.058273059359509514,0.729374813464104,174.99554021433335,0.02858859742482484,51.36260107000097,174.99554021433335
73,133,68.21264102541407,0.01672609858611119,0.7296953089598454,175.79006017833333,0.043023350706661724,68.21264102541407,175.79006017833333
73,100,89.72257586439815,0.029639899419056134,0.7327320448780285,177.141418098,0.021230717211343245,89.72257586439815,177.141418098
73,86,103.8101116698323,0.21921190090496404,0.731085103647552,178.302155439,0.021883652514506902,103.8101116698323,178.302155439
73,74,119.15418404940483,0.8202233373309703,0.7309412673195198,179.76000200566668,0.01690479243705341,119.15418404940483,179.76000200566668
73,63,137.6131792979625,1.4294654444996853,0.7285768744294369,181.893985538,0.17253563176578834,137.6131792979625,181.893985538
73,55,157.13706409089423,0.3778286179496972,0.7279264145689054,184.535046589,0.013496056051939494,157.13706409089423,184.535046589
73,47,183.33447025422376,0.6894148672728837,0.7283931017807469,189.12469993533333,0.1428985079981669,183.33447025422376,189.12469993533333
73,43,199.5304875708633,0.7691406081926946,0.7273557361865163,192.711612019,0.16474118429406887,199.5304875708633,192.711612019
73,41,209.7399539556969,0.5058074523096674,0.727019111043585,195.31097779433333,0.25111281161496096,209.7399539556969,195.31097779433333
73,39,219.6331971396339,1.8525886972657575,0.7282176697489656,198.27236795583335,0.4301180576391265,219.6331971396339,198.27236795583335
73,37,235.1809794580364,1.941105668104635,0.7272499793346506,203.341546089,0.6810918481737817,235.1809794580364,203.341546089
73,35,244.90810818627324,1.3438080485352324,0.7265839659311397,206.973615136,0.4447106320268259,244.90810818627324,206.973615136
73,33,259.6397776294667,2.3418657445846076,0.725531371968678,213.69380405,0.8580160034269692,259.6397776294667,213.69380405
73,32,268.07096054389393,0.9220364626388297,0.7258609460538583,217.69556105233335,0.48614477189756383,268.07096054389393,217.69556105233335
73,31,275.57235775159603,1.4348761643097947,0.7263275429521975,221.58202464633334,0.7566586180559153,275.57235775159603,221.58202464633334
73,29,294.1336363986546,2.048811996092416,0.7283850378336368,233.45311912033333,1.3624474353868463,294.1336363986546,233.45311912033333
73,26,327.13681394559734,0.7478152179429444,0.7257837965117444,260.49542483233336,0.7752583213194978,327.13681394559734,260.49542483233336
73,23,366.59847863238286,0.9479740814280764,0.7300154908230335,305.02957160799997,1.5667283035515707,366.59847863238286,305.02957160799997
73,17,464.31663319011096,0.7940466287430483,0.7318910908257473,496.380898101,3.5257195440330658,464.31663319011096,496.380898101
73,15,469.5254709785061,0.1664168384494814,0.7320965019977926,521.8917631086666,0.48922281561476194,469.5254709785061,521.8917631086666
73,14,469.5876672542217,0.22260132264333055,0.7317507511364575,521.952635538,0.7465332194417825,469.5876672542217,521.952635538
73,13,469.8353878291793,0.17018362701490444,0.7321011558743312,523.8212092593334,0.3384195724472169,469.8353878291793,523.8212092593334
73,11,470.0840989574984,0.05168573008825009,0.7330879289916518,520.7417987833334,1.0095934181650554,470.0840989574984,520.7417987833334
75,1000000,0.055018312511309786,0.021781439221601005,0.7494981017566448,184.86794497116668,0.1487475093626018,0.0,184.86794497116668
75,1000000,0.055018312511309786,0.021781439221601005,0.7494981017566448,184.86794497116668,0.1487475093626018,0.055018312511309786,184.86794497116668
75,100000,0.18748197459541063,0.05682293671572895,0.7487851467635814,180.03307171083335,0.07614021748603071,0.18748197459541063,180.03307171083335
75,10000,1.3896888604939102,0.012187944951728027,0.7518917407153324,178.308905567,0.029215058578713687,1.3896888604939102,178.308905567
75,3162,4.18370891343132,0.0746826301872617,0.7484354985230688,178.04900803566667,0.04294821727723142,4.18370891343132,178.04900803566667
75,1778,7.048947263294952,0.0761345860569689,0.7494637316076084,177.65140304333332,0.021718935773336723,7.048947263294952,177.65140304333332
75,1000,12.442945420043811,0.0948347788421679,0.7459249522467809,176.85117396566667,0.04660579654618087,12.442945420043811,176.85117396566667
75,236,37.46335850896697,0.07564079813888581,0.7517667236209042,175.44008722633336,0.07994889464789495,37.46335850896697,175.44008722633336
75,47,183.02064670153405,0.18201881189438776,0.751773874430988,189.188860226,0.12710940841991614,183.02064670153405,189.188860226
75,38,224.98134097520764,1.2110374363657868,0.7538217405656572,199.62873551633334,0.380679382015643,224.98134097520764,199.62873551633334
75,35,243.60912745470793,2.4197896850623986,0.7531054226913928,206.3286715303333,0.9223488235077345,243.60912745470793,206.3286715303333
75,33,258.01061580440637,1.7626672349048087,0.7530522227981932,212.34795573099998,0.8793949791638308,258.01061580440637,212.34795573099998
75,32,266.2074432515414,0.5415981619944282,0.7530772922395702,216.345806894,0.44859833186968434,266.2074432515414,216.345806894
75,31,274.6695770635245,2.439560346201276,0.7523166413218485,220.58761253933335,1.376868678538356,274.6695770635245,220.58761253933335
75,28,303.6189949514002,0.6736861793829835,0.7536570259176051,238.82683653499998,0.4188891394213675,303.6189949514002,238.82683653499998
75,26,324.04548245199595,2.246652064423891,0.7529979114559904,255.1248503776667,2.0860756094934567,324.04548245199595,255.1248503776667
75,24,349.2430114271619,0.5578168174697521,0.7506301017804694,280.059134915,0.5188123719372957,349.2430114271619,280.059134915
75,22,379.8708232578712,2.5434649476715236,0.7480505685016613,317.1382733533333,3.4108040565616733,379.8708232578712,317.1382733533333
75,7,468.42620394588874,0.18186592566878754,0.748409102094239,506.198272541,2.236070822900249,468.42620394588874,506.198272541
75,5,468.981096108766,0.2574831097146453,0.7487176178345704,504.76846164066666,2.089548724031876,468.981096108766,504.76846164066666
75,3,469.19857377970743,0.2530451239086731,0.7473798774907724,504.81968303366665,0.29560680740488077,469.19857377970743,504.81968303366665
75,1,469.2159107358937,0.18301142330914322,0.7468748022058641,508.74187674933336,0.4874636172398783,469.2159107358937,508.74187674933336
76,1000000,0.11750387338645307,0.07950730483877742,0.7609135807956423,184.46154360383332,0.49671197535206585,0.0,184.46154360383332
76,1000000,0.11750387338645307,0.07950730483877742,0.7609135807956423,184.46154360383332,0.49671197535206585,0.11750387338645307,184.46154360383332
76,10000,1.347235074094992,0.006107903792075715,0.7618183718783383,178.29785176133336,0.02973395452042161,1.347235074094992,178.29785176133336
76,3162,4.179534001504929,0.16063964630895022,0.7590680034083668,178.07959763966664,0.03965593106850973,4.179534001504929,178.07959763966664
76,1778,6.678887478079215,0.07381344700531148,0.756169948684683,177.6828875156667,0.010188115490298083,6.678887478079215,177.6828875156667
76,1000,12.161583880690584,0.06104787679966203,0.7564488642438792,176.88077970266667,0.016894723559906538,12.161583880690584,176.88077970266667
76,562,21.320145054015995,0.12888253547339049,0.7557156442467812,176.01888659099998,0.0189942498774169,21.320145054015995,176.01888659099998
76,421,27.56941783835302,0.16023221511337807,0.7606466732693583,175.76168768266666,0.001790642292016619,27.56941783835302,175.76168768266666
76,236,37.33989309732647,0.09143816252355125,0.7601805043739909,175.41449357533335,0.010993803280073626,37.33989309732647,175.41449357533335
76,204,42.811880390237285,0.08859864797123645,0.7564873956520713,175.39266856100002,0.03570357663516506,42.811880390237285,175.39266856100002
76,177,50.87981624243472,0.07098728652340057,0.7564999271629979,174.89619103866667,0.021544192998765095,50.87981624243472,174.89619103866667
76,133,67.62982330510637,0.03566190870860051,0.758750076763708,175.68293745433334,0.03372412076394666,67.62982330510637,175.68293745433334
76,100,88.05729447063125,0.19950384945631056,0.7620346609007639,177.0412019306667,0.04386772445449564,88.05729447063125,177.0412019306667
76,86,101.4839298906151,0.572512843610004,0.7598289790554104,178.09516726633333,0.053209166286484214,101.4839298906151,178.09516726633333
76,74,117.04711873665057,1.0013458253169194,0.7590723327058483,179.3653874616667,0.07291093678817977,117.04711873665057,179.3653874616667
76,63,136.86729671089955,0.8523913337133715,0.75717308626768,181.69084911383334,0.17671889117962628,136.86729671089955,181.69084911383334
76,55,154.36930762652003,0.8988177022051357,0.7575570329289082,183.92473355166666,0.1387657844513191,154.36930762652003,183.92473355166666
76,52,163.72068944827006,0.1549392149214198,0.756179386081078,185.56147826833333,0.052801213258207885,163.72068944827006,185.56147826833333
76,50,171.67458534654043,0.5636937677092081,0.7558539898334771,186.90893998299998,0.12143959006731306,171.67458534654043,186.90893998299998
76,41,206.6595859640701,0.8192392231184,0.7583748513032801,194.30196249000002,0.5624020034588819,206.6595859640701,194.30196249000002
76,37,233.75041012497718,0.016396272139335737,0.7550802196451216,202.8545729163333,0.24695749115180485,233.75041012497718,202.8545729163333
78,1000000,0.06328979063166267,0.014857593712748033,0.7783738282302384,185.31378138333332,2.0015554423204676,0.0,185.31378138333332
78,1000000,0.06328979063166267,0.014857593712748033,0.7783738282302384,185.31378138333332,2.0015554423204676,0.06328979063166267,185.31378138333332
78,100000,0.16340967473530973,0.021657985240470586,0.7782816425452003,180.00699344016667,0.07368489306349005,0.16340967473530973,180.00699344016667
78,3162,3.9291328887320813,0.06389072032943566,0.7778975657640634,178.14326033250003,0.02064432821785254,3.9291328887320813,178.14326033250003
78,1778,6.45185662863195,0.08948419625723669,0.7812374178756419,177.760855773,0.01797386824225633,6.45185662863195,177.760855773
78,1000,11.51564923904381,0.14511675907484778,0.7804273910999227,176.97214222633332,0.03840643806621388,11.51564923904381,176.97214222633332
78,562,20.11788873379831,0.06133138657919902,0.7800011038534795,176.1342105793333,0.012127851883030852,20.11788873379831,176.1342105793333
78,421,26.03768745027324,0.0817098818675077,0.7822489570421229,175.80890780833337,0.0034569946923363446,26.03768745027324,175.80890780833337
78,316,33.205309693749996,0.16192801090941136,0.7828477970238509,175.41171307800002,0.020644774299476868,33.205309693749996,175.41171307800002
78,177,51.074659790230925,,0.7848463298980789,174.65405259633334,0.014526278141386852,51.074659790230925,174.65405259633334
78,133,67.20448037342994,0.18051976565622935,0.7846984969248585,175.3578311343333,0.026786464466863672,67.20448037342994,175.3578311343333
78,55,153.3903616304907,0.499144482338477,0.7824075161169853,183.43958292033335,0.02203998316697623,153.3903616304907,183.43958292033335
78,43,197.5299365059965,1.174322352648109,0.7839859585145357,191.82735180066666,0.26056242492289217,197.5299365059965,191.82735180066666
78,39,216.3382825934385,1.1486433118903059,0.7841521228506506,196.734243203,0.27989815281625646,216.3382825934385,196.734243203
78,38,220.79105782807042,1.9731098387058337,0.7838132159238724,198.00516399166668,0.5974016213072237,220.79105782807042,198.00516399166668
78,37,228.24796642202128,0.2659636030613706,0.7843247886660777,200.35049815333332,0.1619533395360314,228.24796642202128,200.35049815333332
78,35,240.6670083459901,3.7111814280008657,0.7815863073879289,204.639333699,1.4157877192540667,240.6670083459901,204.639333699
78,33,253.99886390986424,2.2835403273756034,0.7829359068429026,210.024557415,0.9826587638932475,253.99886390986424,210.024557415
78,32,265.22530129223327,2.3194610163932095,0.7822473545752033,215.229232371,1.2537526400513,265.22530129223327,215.229232371
78,31,271.2923991857581,1.3779974818169571,0.7809268760095669,218.06385120716666,0.9822059026267085,271.2923991857581,218.06385120716666
78,29,289.3717398254553,0.5624176900991198,0.7827956627465258,227.79870822666666,0.6011586085495346,289.3717398254553,227.79870822666666
78,28,298.2796108189994,2.5655729641764586,0.7826014600440315,233.51329654533333,1.5760048626199201,298.2796108189994,233.51329654533333
78,26,321.1688340091344,1.921223999713773,0.7830949470737295,249.64606917666666,1.659575402771039,321.1688340091344,249.64606917666666
78,23,362.8073064732446,1.115616673725458,0.7818564316103848,289.679049387,1.2506406366576408,362.8073064732446,289.679049387
78,22,376.460881742943,1.2804914502414733,0.7778556712460581,307.036180994,1.6045875690751918,376.460881742943,307.036180994
78,20,408.2312985121441,,0.7846680671552202,348.74268504599996,3.769878499381607,408.2312985121441,348.74268504599996
78,7,468.3020313376799,,0.7758514142496789,484.92661765566663,1.0272940788412666,468.3020313376799,484.92661765566663
78,5,467.68025379787633,0.22824481180162623,0.7805586003003254,481.4653455723333,1.2406491465095275,467.68025379787633,481.4653455723333
78,3,467.15565642514844,0.655085378583757,0.7808432256343737,482.718872644,1.693511703157401,467.15565642514844,482.718872644
78,1,467.9795136241621,0.6304393240116754,0.7762292274426615,483.26618342766665,1.9040424108746343,467.9795136241621,483.26618342766665
79,1000000,0.12047358532393823,0.040884986144469226,0.7875550820835164,184.68451605866667,0.13282723713598338,0.0,184.68451605866667
79,1000000,0.12047358532393823,0.040884986144469226,0.7875550820835164,184.68451605866667,0.13282723713598338,0.12047358532393823,184.68451605866667
79,100000,0.15314943872856035,0.011486107241752154,0.7899023059064131,180.32803281906666,0.09068963242703369,0.15314943872856035,180.32803281906666
79,31622,0.4538005593581355,0.024955280740292973,0.7896646026720466,178.40729958733334,0.03995708141691108,0.4538005593581355,178.40729958733334
79,10000,1.3082023820472437,0.00540391954117112,0.7886534934710778,178.30838612111108,0.12986431330908463,1.3082023820472437,178.30838612111108
79,562,19.620776916870778,0.01644765325672884,0.7927611802835587,176.20885844166665,0.02549590935099771,19.620776916870778,176.20885844166665
79,421,25.834888707408584,0.03757635686434906,0.7926946363203733,175.85663786866667,0.021377488295743003,25.834888707408584,175.85663786866667
79,364,29.794058703794516,0.07453043788293098,0.7914138367165983,175.67611956200003,0.007883675109717363,29.794058703794516,175.67611956200003
79,273,36.71549930755885,0.09708693576979999,0.7866386671164314,175.3635770886667,0.04016973659254393,36.71549930755885,175.3635770886667
79,115,76.29114480833756,0.41546648242852047,0.7924383776325516,175.75920308866668,0.036346669539253786,76.29114480833756,175.75920308866668
79,100,87.10115940072353,0.4978460120769438,0.7903485020590373,176.57645797766668,0.02715924360146815,87.10115940072353,176.57645797766668
79,86,100.03176996499793,0.6697187819862179,0.7891792488771827,177.591193076,0.021799446174613754,100.03176996499793,177.591193076
79,74,116.55504025530941,0.5907880870368223,0.7878390180555296,179.08258704533333,0.10641242928589205,116.55504025530941,179.08258704533333
79,63,134.67277562197054,0.441963309198555,0.788271005859292,181.080722474,0.07944568626110975,134.67277562197054,181.080722474
79,50,168.15459502324086,0.405620347114913,0.7856320345854924,185.895368115,0.0751931678579037,168.15459502324086,185.895368115
79,47,177.75114405057033,4.152007995941891,0.7850579964763555,187.83464540533336,0.4526742075648295,177.75114405057033,187.83464540533336
80,100000,0.16666163562217812,0.027141632079210835,0.7999577910470501,180.46017949072223,0.2497653398892789,0.0,180.46017949072223
80,100000,0.16666163562217812,0.027141632079210835,0.7999577910470501,180.46017949072223,0.2497653398892789,0.16666163562217812,180.46017949072223
80,3162,3.8027918397125258,0.08001186574519455,0.7990669563469659,178.156290283,0.10005005572381044,3.8027918397125258,178.156290283
80,1778,6.501494527074204,0.06984779895720716,0.7988875138513025,177.76438728333332,0.01543156751218745,6.501494527074204,177.76438728333332
80,1000,11.207299025708101,,0.7957312882482416,177.04283714200002,0.02509485822265867,11.207299025708101,177.04283714200002
80,316,33.25291158742695,0.08809976423238837,0.8002537762331018,175.50398599133334,0.03594907021512206,33.25291158742695,175.50398599133334
80,236,37.1873542412934,0.031116203856055905,0.8003859426595222,175.33542926533335,0.02173513412981266,37.1873542412934,175.33542926533335
80,133,66.59611259040479,0.09440675246623711,0.803001734223788,175.39567943333336,0.024865869119284522,66.59611259040479,175.39567943333336
80,63,133.7675007685818,0.39242151587868535,0.7983799495892293,180.968846008,0.09514277815934746,133.7675007685818,180.968846008
80,32,260.1976422769529,0.9389469308084076,0.8025938836595086,213.0013690163333,0.5211258591066043,260.1976422769529,213.0013690163333
80,22,374.0393061789489,1.5856058784161016,0.8041163674258045,297.8285389343334,1.5761349316885997,374.0393061789489,297.8285389343334
80,19,427.30999840994417,1.3437368832658312,0.7970144766469037,377.67383557700003,2.5425434399016806,427.30999840994417,377.67383557700003
80,7,466.855264953294,,0.8043796553450029,464.962841689,1.43982298965859,466.855264953294,464.962841689
81,100000,0.17333134600899208,0.03654783157117736,0.8095816360764694,180.782093619,0.493622642488575,0.0,180.782093619
81,100000,0.17333134600899208,0.03654783157117736,0.8095816360764694,180.782093619,0.493622642488575,0.17333134600899208,180.782093619
81,31622,0.42381566892024086,0.006954908715685184,0.8095819667119918,178.48148936333334,0.10515563791733043,0.42381566892024086,178.48148936333334
81,1778,6.136856763374209,0.05217229364778781,0.8075028179442968,177.84270414733336,0.019358235069354704,6.136856763374209,177.84270414733336
81,1000,11.181121214936221,0.14813261181110726,0.8077989113942552,177.02621995933336,0.04855528400996442,11.181121214936221,177.02621995933336
81,562,19.415399950414855,0.05764401989185386,0.8061143789168504,176.40792659733333,0.08856747304142758,19.415399950414855,176.40792659733333
81,273,35.4771656640325,0.8634983394126545,0.8096921026051002,175.309678234,0.03461175435368982,35.4771656640325,175.309678234
81,204,42.55252438386185,0.12909405513861685,0.8109967277834448,175.21532116566667,0.07202677115140531,42.55252438386185,175.21532116566667
81,177,50.549298141745794,0.07896189421333288,0.8132552296249947,174.70023155966666,0.016110793255223674,50.549298141745794,174.70023155966666
81,133,65.52114350880817,0.6696077389783452,0.8110876743972651,175.31357689166668,0.08484632995421737,65.52114350880817,175.31357689166668
81,58,147.33683306588614,0.29631986392917226,0.8141802390186437,182.304437262,0.002973742318212374,147.33683306588614,182.304437262
81,55,151.54147893659058,0.2278292698371486,0.8128125578138196,182.87813100033335,0.03678216253962108,151.54147893659058,182.87813100033335
81,52,160.87497532108213,0.2814836757676572,0.8124583537500539,184.360369624,0.058749213393144054,160.87497532108213,184.360369624
81,50,168.51515999822027,1.8344070368626668,0.8064800803642737,185.72744245166666,0.34574078537428865,168.51515999822027,185.72744245166666
81,47,178.59902329066497,0.40448704753100545,0.8109137668941512,187.49173964266666,0.05543617370865791,178.59902329066497,187.49173964266666
81,41,206.1745182857143,0.5360234887157858,0.8079648504898079,193.60727217533335,0.21472915235085824,206.1745182857143,193.60727217533335
81,39,216.87652567383762,1.845768425024778,0.8123455942577286,196.5908847536667,0.37325972732249846,216.87652567383762,196.5908847536667
81,38,222.38912820717385,1.199918291405162,0.8114858646070906,198.205146324,0.3546767593143475,222.38912820717385,198.205146324
81,37,230.54839217316976,0.5085716135476948,0.812127422350866,200.830598925,0.21571510183521056,230.54839217316976,200.830598925
81,35,239.32578295257338,0.35000078055281325,0.8118950809876079,203.861927351,0.18317523195928126,239.32578295257338,203.861927351
81,33,253.1030599469335,2.202645310889875,0.8092096385807296,210.52093355383332,1.4534715424305622,253.1030599469335,210.52093355383332
81,32,264.2696650897476,0.6383684327809881,0.8103889081689225,214.08371152200002,0.48586504145913595,264.2696650897476,214.08371152200002
81,29,288.6100192679672,1.202200319991454,0.8105173244983023,226.49629116866666,0.8480287118606824,288.6100192679672,226.49629116866666
81,28,295.34037244356784,3.162234013681082,0.8098479462337057,229.699771178,1.9597259285372566,295.34037244356784,229.699771178
81,26,318.6397301975182,1.2826652267584848,0.8104065172847427,244.88454194833332,0.9976453937524936,318.6397301975182,244.88454194833332
81,24,345.4888101357838,1.1108383814103904,0.8122304938144064,266.417644426,1.6438105032828316,345.4888101357838,266.417644426
81,23,359.80617861502583,0.6148032663813763,0.8094951051566833,281.173262076,0.584204097617291,359.80617861502583,281.173262076
81,17,458.6372548401633,0.11371344128378129,0.809359304022052,438.1021513593334,0.6429188176247506,458.6372548401633,438.1021513593334
81,5,466.1593154603065,0.2631610550614729,0.8096563271746279,459.9601824853333,0.5263210718712675,466.1593154603065,459.9601824853333
81,3,465.229449763083,0.0971397753953642,0.8117773752918199,461.686704141,0.275337478756736,465.229449763083,461.686704141
81,1,466.06855451572983,0.40805733617684997,0.8072831017495593,461.6129897486667,0.814832848559157,466.06855451572983,461.6129897486667
81,0,466.28619504915133,0.4648273603703026,0.808524975048701,461.59837360266664,1.2130911079760585,466.28619504915133,461.59837360266664
83,100000,0.14252704871071792,0.007706002789227342,0.8312369210170725,180.94609082833333,0.18500669857471227,0.0,180.94609082833333
83,100000,0.14252704871071792,0.007706002789227342,0.8312369210170725,180.94609082833333,0.18500669857471227,0.14252704871071792,180.94609082833333
83,10000,1.2358989314386626,0.027000051593852322,0.8297270687002447,178.26953151766668,0.01710420597997459,1.2358989314386626,178.26953151766668
83,3162,3.6322882562229095,0.03029006444934905,0.8266126217211616,178.15871620066665,0.04825127674128617,3.6322882562229095,178.15871620066665
83,421,24.35576775381722,0.01780016272712767,0.8349404216566527,175.898680938,0.04164864102278462,24.35576775381722,175.898680938
83,316,32.170604575180285,0.3077875131515266,0.8303365350227194,175.51297346433333,0.02540415684514334,32.170604575180285,175.51297346433333
83,236,36.18298589370979,0.2398943803577054,0.8323421669303382,175.27201419966664,0.016468002174994143,36.18298589370979,175.27201419966664
83,204,43.20823211766174,0.06319803484869008,0.8286024306523344,175.150833731,0.01992776146033935,43.20823211766174,175.150833731
83,177,49.84878529064897,0.12067230386330535,0.8304859960065842,174.66212972133334,0.08620657853515297,49.84878529064897,174.66212972133334
83,47,177.18145627023554,0.5692631418651114,0.8310300744494016,188.3087549106667,0.42197910808731637,177.18145627023554,188.3087549106667
83,35,234.07192522128028,,0.8346197802471094,203.519863386,1.7289169783955662,234.07192522128028,203.519863386
83,20,405.039186987184,0.8405438227624615,0.8318561703916959,331.441382524,1.4666371319539573,405.039186987184,331.441382524
83,10,466.7338445992649,,0.8252319220681802,453.82264969299996,1.3998903684659898,466.7338445992649,453.82264969299996
83,8,465.125561716201,0.7467255884554563,0.8325490658135907,447.04934984833335,1.2150507217379851,465.125561716201,447.04934984833335
83,7,464.97615490307777,0.5855653184408628,0.8338964325729101,443.7106530903334,0.8627637098896924,464.97615490307777,443.7106530903334
84,177827,0.0810165127398061,,0.8414165506055141,183.68803907933332,0.2308065625476068,0.0,183.68803907933332
84,177827,0.0810165127398061,,0.8414165506055141,183.68803907933332,0.2308065625476068,0.0810165127398061,183.68803907933332
84,100000,0.13941168899718911,0.0035597330299813484,0.8368674679197211,181.06002230083334,0.2597004726068024,0.13941168899718911,181.06002230083334
84,31622,0.42068731983330493,,0.8358303153141945,178.63986872766668,0.10204799497724025,0.42068731983330493,178.63986872766668
84,10000,1.2456732024579729,0.03644911234939172,0.8402211067223545,178.22933535299998,0.03879783323406161,1.2456732024579729,178.22933535299998
84,3162,3.62385597606588,0.01676863205731154,0.8428450731902467,178.1283738806667,0.05668498413610812,3.62385597606588,178.1283738806667
84,1778,5.990504566754821,0.18024331142866593,0.8380065782899461,177.84622414199998,0.034796424268524626,5.990504566754821,177.84622414199998
84,1000,10.493528299692887,0.008558330065051523,0.8356732479290503,177.189559558,0.0018968390294598955,10.493528299692887,177.189559558
84,562,18.55814737800869,0.08241353865738855,0.83564807994461,176.33772010433336,0.06513597519951303,18.55814737800869,176.33772010433336
84,236,42.910211037508525,0.05108276952708772,0.843422730264131,175.3829504836667,0.005838280704604265,42.910211037508525,175.3829504836667
84,204,42.40315419417682,0.16884595647461179,0.8434742274909173,175.06208785666664,0.013055653201675354,42.40315419417682,175.06208785666664
84,177,48.90441677063593,0.022346057366814068,0.8447792375558534,174.66327683766667,0.02418080180956019,48.90441677063593,174.66327683766667
84,133,64.70829622200077,,0.8369902339618231,175.22989495633337,0.060794276789115205,64.70829622200077,175.22989495633337
84,74,115.12707652432151,0.8631389353906905,0.8447005789501203,178.35909416266668,0.04656719226885737,115.12707652432151,178.35909416266668
84,58,146.49258968715432,0.4380790921310501,0.8431264102429755,181.82831585066666,0.07623188831796704,146.49258968715432,181.82831585066666
84,55,150.37345048733678,0.9700298231677285,0.8417504174277056,182.36535891933332,0.17183114648764186,150.37345048733678,182.36535891933332
84,52,160.34134750820678,0.29659391927917816,0.8436019442717267,183.92744741166666,0.05721151607297756,160.34134750820678,183.92744741166666
84,50,167.79636646438982,0.8429310405989175,0.8414328330318669,185.17622925033334,0.18568659257629347,167.79636646438982,185.17622925033334
84,47,177.69527756223783,1.8665610581048249,0.8407238145282308,187.1565171423333,0.24389638132163877,177.69527756223783,187.1565171423333
84,41,202.9937533471665,0.7092585319201096,0.8420118777770735,192.374710502,0.16488459343326703,202.9937533471665,192.374710502
84,39,213.26625624432987,2.3372888815365767,0.8407049962867204,195.24965765933334,0.6649829422073072,213.26625624432987,195.24965765933334
84,38,219.38332883339942,0.5664044112576496,0.8397171937446973,196.775819503,0.19537726610611275,219.38332883339942,196.775819503
84,37,229.80225393955803,0.4506650759908232,0.8392663316907,199.978636737,0.17102915294858304,229.80225393955803,199.978636737
84,35,237.87425976508337,1.9894570250483725,0.8390699028571896,202.90451397733332,0.3024921251238664,237.87425976508337,202.90451397733332
84,33,252.61727295809615,2.200019646093052,0.8387956862843913,208.38300890633332,0.8038714683507512,252.61727295809615,208.38300890633332
84,31,267.14918881737964,1.0706489479976145,0.840809121618625,214.59383967166664,0.4333933559039775,267.14918881737964,214.59383967166664
84,29,285.0363005181796,3.604238088960907,0.8377296659083041,222.94917044233333,1.911374084313734,285.0363005181796,222.94917044233333
84,28,297.0937680648441,0.588115676806089,0.8363693788759029,229.01127331166666,0.527549015203799,297.0937680648441,229.01127331166666
84,26,318.2969195201153,0.3169311620897644,0.8385315408035104,242.44310388366668,0.20272053723815636,318.2969195201153,242.44310388366668
84,24,342.27271409579674,0.7325674304486479,0.8386136889415495,260.10430045666664,0.4898205338506211,342.27271409579674,260.10430045666664
84,23,358.0782678772055,1.2315125228437658,0.8364208365902989,274.36526041,1.0043461490108783,358.0782678772055,274.36526041
84,22,372.4164655339898,3.356441471924795,0.8389292118607394,291.145090433,2.211122046143168,372.4164655339898,291.145090433
84,15,466.75184436715773,,0.8448973869039059,444.8249571206666,0.923171927326652,466.75184436715773,444.8249571206666
84,14,466.6263652131112,0.2153724544259496,0.8439252638976443,444.7849682036667,0.30912961812876255,466.6263652131112,444.7849682036667
84,13,466.2941172423196,0.1351833238841756,0.8430698987218853,442.6779685003333,0.49059634069968583,466.2941172423196,442.6779685003333
84,5,463.8047151156402,0.7114051939498706,0.839034540896565,440.22365400000007,1.2277556478308285,463.8047151156402,440.22365400000007
84,3,463.24948065378186,0.1929470267965983,0.8415465707407055,439.639158376,1.7102993992318438,463.24948065378186,439.639158376
84,1,464.4650769001898,0.3982462403637331,0.8382747779178367,441.69594173700006,1.0113409785162355,464.4650769001898,441.69594173700006
84,0,464.7259881257645,,0.8410168296938919,443.36287399966665,0.363969672947036,464.7259881257645,443.36287399966665
87,1000000,0.13831668869126046,,0.8670042008328289,184.43735075166668,0.10390059608849296,0.0,184.43735075166668
87,1000000,0.13831668869126046,,0.8670042008328289,184.43735075166668,0.10390059608849296,0.13831668869126046,184.43735075166668
87,316227,0.17662080488753282,,0.8697101038139321,186.51655155433332,1.0483182678883307,0.17662080488753282,186.51655155433332
87,100000,0.1472094125613638,0.019076832562135146,0.871094446732824,181.33357605622223,0.0468173565916546,0.1472094125613638,181.33357605622223
87,31622,0.3914430943825243,,0.8742564853922677,178.57021914233334,0.06004543435400022,0.3914430943825243,178.57021914233334
87,3162,3.47121744140327,0.08937869927230839,0.8683183576636685,178.14138802366665,0.00583080609981278,3.47121744140327,178.14138802366665
87,1778,5.594177603969578,0.015337842654863338,0.8674385021067854,177.88390003466665,0.013705060326013652,5.594177603969578,177.88390003466665
87,1000,9.969759344300707,0.07514603247631217,0.866511703511928,177.273593224,0.06053809123731992,9.969759344300707,177.273593224
87,562,17.627218536703165,0.07930068153536438,0.8664675543177363,176.41863496200003,0.020136991824552045,17.627218536703165,176.41863496200003
87,421,23.17842091434679,0.04526853416468682,0.8664693932324133,175.94271590133334,0.006921558438481124,23.17842091434679,175.94271590133334
87,316,30.51027521389932,0.030527981276463015,0.8662763501672646,175.40674028933333,0.02371297895978709,30.51027521389932,175.40674028933333
87,236,41.48818715541345,0.1554327518219041,0.8677759183418844,175.38519654499999,0.047935429719473725,41.48818715541345,175.38519654499999
87,177,49.92391873423153,0.9835252562313397,0.8691058122662518,174.66448269666668,0.044919258621333925,49.92391873423153,174.66448269666668
87,100,85.70467245192681,0.1932046079788946,0.869143960280109,176.04541803200001,0.029505693812544656,85.70467245192681,176.04541803200001
87,74,112.16036932553612,1.5057245575654925,0.8723925425733384,178.18825871599998,0.22156034169168534,112.16036932553612,178.18825871599998
87,63,133.82508470179866,0.47083989691655354,0.8714834584287706,179.84549764899998,0.0695232623000603,133.82508470179866,179.84549764899998
87,55,151.6858693652022,0.7612971187409566,0.8716292876180124,182.18646002766664,0.1061796498457314,151.6858693652022,182.18646002766664
87,50,165.9519520155632,1.0859041880056899,0.8697566955258885,184.39562074766664,0.21498645568065855,165.9519520155632,184.39562074766664
87,47,177.95834270880553,0.7365317477777723,0.8703578074531423,186.697195568,0.11481393558047956,177.95834270880553,186.697195568
87,43,192.69073769409098,1.6523751483980982,0.8678697488806432,189.607594439,0.31870660182362354,192.69073769409098,189.607594439
87,41,201.20794504418248,1.024802212005016,0.8682518615366487,191.51672511866664,0.17424149147711365,201.20794504418248,191.51672511866664
87,39,212.22220273487835,1.1440798474998095,0.8681498535876907,194.31237693433334,0.2651145435267191,212.22220273487835,194.31237693433334
87,38,218.14992753879758,,0.8650529521024198,196.271549185,0.4787850640930431,218.14992753879758,196.271549185
87,37,224.8191530895162,2.4119961009019653,0.8697049109906221,199.0789694685,0.8474516334714381,224.8191530895162,199.0789694685
87,35,236.16054227459404,0.3704021123691234,0.8681515523376527,201.67254666333335,0.124945487948098,236.16054227459404,201.67254666333335
87,32,258.02511105486354,0.6592582235088686,0.86811468489068,209.89577015400002,0.5452598776782955,258.02511105486354,209.89577015400002
87,31,267.23860405660326,1.2322826288260724,0.869175373186941,213.87463699233334,0.4925561993043203,267.23860405660326,213.87463699233334
87,28,292.8010987389611,1.763901938244679,0.8665014148291927,225.80338890166664,0.7912417578788169,292.8010987389611,225.80338890166664
87,24,342.52645671591216,1.043827941340179,0.866946556794088,255.89874635299998,0.6806112590214902,342.52645671591216,255.89874635299998
87,23,354.072247976383,2.1417481451206624,0.8694015264239748,264.6848529345,2.232083682771985,354.072247976383,264.6848529345
87,22,369.90466672161256,2.0275623647375545,0.8666399465441651,280.2123267183333,2.1261367163971614,369.90466672161256,280.2123267183333
87,17,457.4891346932534,0.6217631784595513,0.8733428486326312,407.93084691433336,1.601802172528693,457.4891346932534,407.93084691433336
87,15,465.2977135676968,0.029042541825017358,0.87226075496159,427.41842752366665,0.45888626246140096,465.2977135676968,427.41842752366665
87,14,465.3372677781152,0.1859270363021141,0.8697863414741268,427.9138029663333,0.6995063221653873,465.3372677781152,427.9138029663333
87,13,464.98732178512176,0.0562725170748785,0.8731415155642349,425.82860128933333,0.11892686213691624,464.98732178512176,425.82860128933333
87,5,462.33823610995637,0.3006860643047023,0.8694363328660418,424.58431999233335,1.5832280657334001,462.33823610995637,424.58431999233335
87,3,461.4337290360102,0.27204466186813525,0.8675043037355655,423.2236218793334,0.7284949469073045,461.4337290360102,423.2236218793334
87,0,461.19128927255633,0.27167164921202747,0.8667556364704767,421.23678155933334,1.3579407574245472,461.19128927255633,421.23678155933334
88,31622,0.3960310862310165,0.010711421335500326,0.880586160809624,178.808415793,0.09143834119570536,0.0,178.808415793
88,31622,0.3960310862310165,0.010711421335500326,0.880586160809624,178.808415793,0.09143834119570536,0.3960310862310165,178.808415793
88,10000,1.201410107323368,,0.8775895083038844,178.17794412700002,0.007884971150702394,1.201410107323368,178.17794412700002
88,3162,3.3751904807541124,0.03193857648056445,0.8832599974258609,178.09824079266664,0.01407504601563957,3.3751904807541124,178.09824079266664
88,1778,5.436705316601933,0.02217831989183141,0.8835205434958189,177.89208317666666,0.007439705525500663,5.436705316601933,177.89208317666666
88,1000,9.702133679609403,0.053439207215853955,0.8831273691004569,177.20340438433334,0.0506652046598992,9.702133679609403,177.20340438433334
88,562,17.150250296056058,0.03553086640101026,0.8829447181827358,176.44849969533334,0.007134168580766757,17.150250296056058,176.44849969533334
88,421,22.61470064198778,0.023897772618800384,0.8831699025997617,175.98915429233332,0.01933817271822332,22.61470064198778,175.98915429233332
88,316,29.738659198201066,0.03316863669787838,0.8833956396377388,175.42576687833335,0.04028263338267084,29.738659198201066,175.42576687833335
88,236,40.53680856108409,0.06644445663704329,0.8835328378612651,175.32846796299998,0.0036559347787907914,40.53680856108409,175.32846796299998
88,177,50.05438652362241,1.0556428928450703,0.8763912541625336,174.69243961516668,0.0417568553748036,50.05438652362241,174.69243961516668
88,133,63.48972404925655,0.08670628400586985,0.8807717741193848,174.85900600033332,0.008047489934641253,63.48972404925655,174.85900600033332
88,86,98.20163728122033,0.7706667321109422,0.8753672957299963,176.714500897,0.04405719449352238,98.20163728122033,176.714500897
88,55,149.9017543848541,,0.8838709059825723,181.84671461066668,0.10420757376925392,149.9017543848541,181.84671461066668
88,50,163.11693533917824,1.0071408369504946,0.8810586254970105,185.009261413,0.24772727677650097,163.11693533917824,185.009261413
88,48,172.95718301587624,1.3109438908799442,0.8808217356037297,185.84220932633335,0.365354458927837,172.95718301587624,185.84220932633335
88,28,290.14254301176766,2.183552775730647,0.8792468656164805,223.80118071500002,1.5145562055638468,290.14254301176766,223.80118071500002
88,19,420.9492893880488,3.1866986699321638,0.8837212123442686,335.31242158333333,3.9628098490110157,420.9492893880488,335.31242158333333
88,11,464.0322173713483,0.47264749102906745,0.8758486611842317,421.57052416700003,1.2257640267993428,464.0322173713483,421.57052416700003
88,10,463.3526109376621,0.20309474537783428,0.8804620642353956,417.24588565899995,1.0795239113016573,463.3526109376621,417.24588565899995
88,8,462.25042363143643,0.11930493664299113,0.8839681986657915,412.4120656323333,1.219956698607567,462.25042363143643,412.4120656323333
88,1,461.34628412610186,,0.8750633136538553,419.52192232966667,1.0477846774104702,461.34628412610186,419.52192232966667
89,100000,0.131915948957856,0.005422596064916694,0.8920440251102955,181.29260460033333,0.14200654184670428,0.131915948957856,181.29260460033333
89,31622,0.40773038287295504,0.04163014870516035,0.8897488813006033,178.85611157833333,0.05494166426754425,0.40773038287295504,178.85611157833333
89,177,52.2631706889548,0.06379698797056668,0.8937754835495338,174.85763220233335,0.0045278022131707615,52.2631706889548,174.85763220233335
89,47,176.46873172226915,0.5993377801468631,0.8938123506413378,186.23368174666666,0.07097823118023663,176.46873172226915,186.23368174666666
89,37,223.7252267371875,2.316328664024995,0.8929501669186118,197.13557102900003,0.6907381507188208,223.7252267371875,197.13557102900003
89,35,234.17384869344264,2.6345764825096687,0.8929034272387358,200.47688757766664,0.865308680822336,234.17384869344264,200.47688757766664
89,33,249.35938645066113,,0.893278794443961,205.66157924833337,0.09736044077630092,249.35938645066113,205.66157924833337
89,31,264.52876064349175,0.5249375607647679,0.8910153456072779,211.63296493733333,0.27546944026867637,264.52876064349175,211.63296493733333
89,29,276.4291410256604,0.8401607843638627,0.8914683649840652,217.29000117133333,0.9245796398412752,276.4291410256604,217.29000117133333
89,28,290.16190503476696,0.32353143393221795,0.8927031151508485,221.59275035733333,0.6725759596860309,290.16190503476696,221.59275035733333
89,24,336.44668615713067,2.826966163943503,0.8883011856909482,249.2980283356667,0.9888165499788983,336.44668615713067,249.2980283356667
89,23,352.454440218212,1.2033781728227861,0.8944471146924843,258.937719306,0.7580194500424878,352.454440218212,258.937719306
89,20,400.6300063220032,2.2720397304044817,0.8876444605138799,307.81447662333335,2.7360689720984293,400.6300063220032,307.81447662333335
89,15,464.48113051466663,0.25355710590286673,0.892255651217669,413.305414043,0.6802425750381267,464.48113051466663,413.305414043
89,7,461.62567780676966,0.6446288669777109,0.888583196584406,410.30873109933333,1.2311382444489278,461.62567780676966,410.30873109933333
90,100000,0.13043036974321537,0.004796400895130821,0.9000518259692262,181.19967679266665,0.10186169963004106,0.0,181.19967679266665
90,100000,0.13043036974321537,0.004796400895130821,0.9000518259692262,181.19967679266665,0.10186169963004106,0.13043036974321537,181.19967679266665
90,31622,0.3805980624884096,0.004324625673515144,0.8999114599241406,178.939354464,0.17095338168860325,0.3805980624884096,178.939354464
90,10000,1.1344322944755518,0.02984531334030401,0.9016763791455533,178.17120907433332,0.06602822908655613,1.1344322944755518,178.17120907433332
90,3162,3.261614455928281,0.02691344605382044,0.8994800650226645,178.146299057,0.02282137876844824,3.261614455928281,178.146299057
90,1778,5.222021378697495,0.03367985319512339,0.9000534966034882,177.93135658766664,0.0205304464228455,5.222021378697495,177.93135658766664
90,1000,9.59244252079239,0.059116721056442716,0.9007303988247543,177.31519938899999,0.017686645693428715,9.59244252079239,177.31519938899999
90,562,16.747009679625737,0.07096317284418302,0.9005627771138038,176.51777589000002,0.007125783753961654,16.747009679625737,176.51777589000002
90,421,22.021316389172807,0.02901468509878318,0.9007137967255905,176.048824144,0.013636471276792746,22.021316389172807,176.048824144
90,316,28.98948266565704,0.05263617943266445,0.9005891994499673,175.4022635273333,0.015036716821895718,28.98948266565704,175.4022635273333
90,236,39.861460914088035,0.051403390808137495,0.9010849550692436,175.30609414166668,0.042658373140163845,39.861460914088035,175.30609414166668
90,177,53.91935344893047,0.1546535404194874,0.9011706414084095,174.9560175116667,0.034784897663773025,53.91935344893047,174.9560175116667
90,153,55.35910000295714,0.12279167286238676,0.9014584302699182,174.702405695,0.020776494584181848,55.35910000295714,174.702405695
90,115,73.53785951962412,0.26010655753007544,0.8992694514664095,175.07660926666665,0.012560695783052283,73.53785951962412,175.07660926666665
90,100,84.97861215624476,0.17340091015957548,0.9028892670779554,175.84083914416667,0.0875042364115847,84.97861215624476,175.84083914416667
90,86,97.77164022326586,0.44475561066881814,0.9017242553786451,176.53268830366665,0.02845089538239788,97.77164022326586,176.53268830366665
90,74,111.32746445486804,2.025045653831687,0.9013163102439442,177.69815287966665,0.03367877272284113,111.32746445486804,177.69815287966665
90,63,132.28158649864247,0.5883866849055605,0.8996894145302928,179.414752296,0.06426708682623754,132.28158649864247,179.414752296
90,55,151.43893713122574,0.359567120001018,0.8986266176288399,181.90804153566668,0.05306077538898237,151.43893713122574,181.90804153566668
90,50,161.7209091281689,0.897233593599954,0.9012868241640393,184.14603116,0.23322415432929675,161.7209091281689,184.14603116
90,47,171.79763086114562,0.9036112982518456,0.898956870783094,185.5351045653333,0.22054091808045104,171.79763086114562,185.5351045653333
90,43,191.31753078556844,0.5111906492709463,0.897776213571966,189.17520836466667,0.04335692992451948,191.31753078556844,189.17520836466667
90,41,199.45358892145418,1.6556988051201673,0.8981052420216814,191.2175344725,0.3804847965886217,199.45358892145418,191.2175344725
90,38,210.6656683325259,0.1939543903253578,0.8984708550739856,195.627993211,0.04728341847092892,210.6656683325259,195.627993211
90,37,221.63804562052158,,0.9004442433605828,196.7495366106667,0.7746234974558467,221.63804562052158,196.7495366106667
90,32,255.55568351171485,2.441260121980579,0.8962857890870977,208.35341866833332,0.7247667432728072,255.55568351171485,208.35341866833332
90,29,282.79349410670034,1.9617160915554506,0.8959937044055558,219.39285070166667,0.7764477829467208,282.79349410670034,219.39285070166667
90,28,288.81387919007966,1.6490717258881895,0.8952620399568687,222.65771299066668,0.23640818811019845,288.81387919007966,222.65771299066668
90,26,314.99232007879556,2.234890315103926,0.8963730968432687,235.02537134899998,1.192884821953954,314.99232007879556,235.02537134899998
90,17,456.6764736368493,0.7150678353177852,0.9014826511109856,391.86883941166667,0.7953147312882691,456.6764736368493,391.86883941166667
90,14,464.24841281895056,0.10640906454073788,0.8973048915059646,411.12196757866667,0.6225523531330148,464.24841281895056,411.12196757866667
90,13,464.08531516558713,0.05353783762175143,0.8968575944014061,410.60673213800004,0.38133989101917837,464.08531516558713,410.60673213800004
90,11,463.0501083715751,0.6369734918671844,0.9034688644024348,405.04623659366666,0.749701915506179,463.0501083715751,405.04623659366666
90,5,461.2400364824566,,0.8959635751231984,408.051624776,0.6800539032106353,461.2400364824566,408.051624776
90,3,459.915514226083,1.1538451503352432,0.8975314664086129,405.7309070946667,1.2449192462031582,459.915514226083,405.7309070946667
90,1,460.37492533819983,0.4905454707648914,0.9007580821519828,404.26587073133334,0.6698433336345837,460.37492533819983,404.26587073133334
90,0,460.2222884300124,0.8386748577721617,0.9027550912756727,402.5080112273333,1.1225577329486662,460.2222884300124,402.5080112273333
91,100000,0.15198093277302183,0.04005018992971163,0.910547396460802,181.35454793558333,0.28354256426087265,0.0,181.35454793558333
91,100000,0.15198093277302183,0.04005018992971163,0.910547396460802,181.35454793558333,0.28354256426087265,0.15198093277302183,181.35454793558333
91,10000,1.114174019657611,0.015610812363141945,0.9080220309009869,178.121796242,0.060991551390508256,1.114174019657611,178.121796242
91,153,56.85989141584673,1.06430408375476,0.907297574565682,174.66444191883332,0.10448556258798941,56.85989141584673,174.66444191883332
91,133,63.502857192111804,0.11265075188421747,0.9076821775303525,174.89415294533333,0.015695182957980773,63.502857192111804,174.89415294533333
91,52,156.04476104528544,2.3086601966935927,0.9137972215859387,182.56383611966666,0.2350412596227262,156.04476104528544,182.56383611966666
91,32,253.59098199118847,1.1479977455716441,0.9137382972913151,206.91202244266665,0.28987152355024065,253.59098199118847,206.91202244266665
91,31,262.5597545500884,3.3156407963806553,0.912609461633719,209.70376624133334,1.444607212034662,262.5597545500884,209.70376624133334
91,24,329.3089187423334,0.09751539402494473,0.9085158664955465,243.99392375333332,4.119240863471177,329.3089187423334,243.99392375333332
91,20,396.13264218461495,3.2205459481879735,0.9109821744909841,295.0233595825,2.889301806366314,396.13264218461495,295.0233595825
91,10,462.0817671018732,0.3244912900427138,0.9064988063280901,402.6909111113334,0.8944765280631856,462.0817671018732,402.6909111113334
91,7,460.4622284727184,0.9790750947431429,0.9139060417268774,395.4267848063334,1.409178881260013,460.4622284727184,395.4267848063334
92,100000,0.12523759799553605,0.0016745390491694177,0.9220256979067531,181.4573288245,0.0794342792329596,0.0,181.4573288245
92,100000,0.12523759799553605,0.0016745390491694177,0.9220256979067531,181.4573288245,0.0794342792329596,0.12523759799553605,181.4573288245
92,3162,3.2063619226364657,,0.9171638458490431,178.11152287633334,0.06314447188076168,3.2063619226364657,178.11152287633334
92,1778,5.211764156939069,0.10544667494777937,0.916991636850438,177.90181460766667,0.00889499978464678,5.211764156939069,177.90181460766667
92,1000,9.27900688362523,0.05983049439421065,0.9183923748847915,177.32585073966666,0.007813183491012125,9.27900688362523,177.32585073966666
92,562,16.35241168301891,0.025127804097132524,0.9188605419432169,176.58927771633333,0.0360305820647497,16.35241168301891,176.58927771633333
92,421,21.484578029893772,0.016310228226664125,0.9186806023067665,176.12541024799998,0.023388690041529086,21.484578029893772,176.12541024799998
92,316,28.25660479259226,0.037546739823807435,0.9189923349830605,175.41177688966664,0.03598033206308993,28.25660479259226,175.41177688966664
92,236,38.64159765631166,0.10253228524723819,0.9195064802453224,175.27972783433333,0.03686842425685065,38.64159765631166,175.27972783433333
92,177,52.3752866418177,0.29204799419875477,0.9175678393078867,174.8458394125,0.030780181999244767,52.3752866418177,174.8458394125
92,133,65.25510925158589,2.3971341607665764,0.9223701042205041,175.11283615516666,0.2650202241939352,65.25510925158589,175.11283615516666
92,100,83.82781250874952,0.061733226084515314,0.9230021740026371,175.80062377333334,0.023707499800326267,83.82781250874952,175.80062377333334
92,86,98.09355330280498,0.050376893153855726,0.9224951032909057,176.44072812666664,0.024249032690638557,98.09355330280498,176.44072812666664
92,74,112.00687343837768,0.8257483678238323,0.9181119620188076,177.47901840300003,0.03258604938826807,112.00687343837768,177.47901840300003
92,58,139.66624263582523,,0.9167253315051601,180.48110975566667,0.2064812961517401,139.66624263582523,180.48110975566667
92,50,165.56888030147104,0.6957096729612416,0.9216299191466514,183.78839048666669,0.12086848416726384,165.56888030147104,183.78839048666669
92,48,168.24677526320656,0.7445388557446821,0.9234987844583781,184.62183129766666,0.22088262210245904,168.24677526320656,184.62183129766666
92,45,183.062617632924,0.8902044201902588,0.9208860078152824,186.978967902,0.20187468470780823,183.062617632924,186.978967902
92,44,186.0035451055793,0.42038202710274886,0.9211438567514341,187.59769330400002,0.09644878151854062,186.0035451055793,187.59769330400002
92,43,188.84675741436322,1.6059333894648735,0.920966194042541,188.56743437650002,0.3263360895390632,188.84675741436322,188.56743437650002
92,41,200.3959214746386,1.5150795636656715,0.9183456250143358,190.669355452,0.33447611138234723,200.3959214746386,190.669355452
92,39,203.0025231980001,,0.9208238123255129,193.72717187666663,0.6274354670721937,203.0025231980001,193.72717187666663
92,38,213.27388815098413,3.564089002494757,0.9186069771582991,194.67051478300002,0.5382207091532963,213.27388815098413,194.67051478300002
92,37,224.44716915327413,1.3629494201138206,0.9203972767039775,196.75257328533334,0.32179836197806827,224.44716915327413,196.75257328533334
92,35,231.34232579309102,1.9905113509236345,0.9197535294204974,198.85753595433334,0.8214749050618493,231.34232579309102,198.85753595433334
92,33,248.043872704219,2.4836374871804114,0.9214930829893864,204.368069451,0.861177408421496,248.043872704219,204.368069451
92,26,313.52436978305576,2.4039513703182536,0.9170304877382538,231.972091679,1.0832147772952296,313.52436978305576,231.972091679
92,24,336.5274469035894,0.9997934664616611,0.9161916413990324,244.96635578133336,0.4960060910510017,336.5274469035894,244.96635578133336
92,23,345.6985964776341,1.3400462070365795,0.9229358183589552,247.96678300733333,0.9246284269962516,345.6985964776341,247.96678300733333
92,22,364.6128198356393,1.490331051129276,0.9175602184210337,263.67426550566665,1.0846327725151554,364.6128198356393,263.67426550566665
92,17,451.26638781861993,4.313106733277408,0.9222348046664426,367.9300707166667,8.642014620040491,451.26638781861993,367.9300707166667
92,15,463.31043717710895,,0.92490934280986,395.7372501373333,0.12281249897758013,463.31043717710895,395.7372501373333
92,13,463.27092823638515,0.2481879638578029,0.9205677781045569,397.62330014133335,0.813170678753842,463.27092823638515,397.62330014133335
92,5,460.088495951858,0.4056010632804732,0.9200292740923337,392.7921070539999,0.5384842738690927,460.088495951858,392.7921070539999
92,3,459.43312022331133,0.3414773942373947,0.9214902968415233,392.161426442,0.6353964707460783,459.43312022331133,392.161426442
92,1,460.02034727309695,0.09237579083038461,0.9205798902535439,392.53334116266666,1.2574211198150647,460.02034727309695,392.53334116266666
93,31622,0.3734872863898194,0.014776149343402569,0.9290074385405042,179.094977356,0.19163744624545784,0.0,179.094977356
93,31622,0.3734872863898194,0.014776149343402569,0.9290074385405042,179.094977356,0.19163744624545784,0.3734872863898194,179.094977356
93,10000,1.0884004173814998,0.009768050777643096,0.929108211669976,178.19588499333335,0.03195754988116691,1.0884004173814998,178.19588499333335
93,3162,3.078053067819003,0.016482639661743837,0.9325042797963828,178.08801097933335,0.05313914662770663,3.078053067819003,178.08801097933335
93,100,85.04832554166315,0.3061033826147645,0.9280829683948176,175.722768115,0.0007896599311153692,85.04832554166315,175.722768115
93,74,108.95308942485151,0.606786004550589,0.9272044152426008,177.43827766133333,0.10044426763431373,108.95308942485151,177.43827766133333
93,63,131.2905290357859,,0.9258013456055872,179.04565747533334,0.03057459257142422,131.2905290357859,179.04565747533334
93,52,151.01186248721933,,0.9341375767537541,182.072410485,0.4140590267902336,151.01186248721933,182.072410485
93,50,162.78772203985835,1.4893084194867265,0.9344168104158426,183.29512508333332,0.20385972284454063,162.78772203985835,183.29512508333332
93,39,208.1687678332795,0.854995633987196,0.9339328846478622,192.10128572233336,0.32020132300883897,208.1687678332795,192.10128572233336
93,38,208.44806971161148,0.939304561258981,0.9269054496664251,193.23391940066668,0.3729528371753667,208.44806971161148,193.23391940066668
93,31,257.55466968013286,3.106404591700216,0.9338511913334951,207.1886409645,0.8897127251103376,257.55466968013286,207.1886409645
93,29,277.9243291890577,0.44412925226314093,0.9324272469672898,215.29280236666668,0.14610506488482983,277.9243291890577,215.29280236666668
93,26,302.7636832864059,0.26678387056033487,0.9303800660118624,228.84704386833332,1.4378304998413343,302.7636832864059,228.84704386833332
93,14,463.4356019416309,,0.9250364450902572,395.37708128133335,1.0127708323513445,463.4356019416309,395.37708128133335
93,11,462.38084049384224,0.5465276740552465,0.930850925390565,389.854140149,1.2757838725416306,462.38084049384224,389.854140149
93,10,461.8029167486047,0.08082486469664645,0.927788119341184,389.5570113906667,0.40711894748688987,461.8029167486047,389.5570113906667
93,0,457.8744674532398,0.9262196872228343,0.9275533886860411,386.836792886,1.0020034823107715,457.8744674532398,386.836792886
94,31622,0.3672783903740933,0.013776359882671741,0.9394650989309252,179.22501769533335,0.1842959991231121,0.0,179.22501769533335
94,31622,0.3672783903740933,0.013776359882671741,0.9394650989309252,179.22501769533335,0.1842959991231121,0.3672783903740933,179.22501769533335
94,1778,5.054531250401406,0.03199948735439794,0.9363410737489507,177.9294094756667,0.029810136588369892,5.054531250401406,177.9294094756667
94,1000,8.977258766651177,0.04914767630023471,0.9373196043073712,177.36384255433333,0.029675236868487997,8.977258766651177,177.36384255433333
94,562,15.917596478578744,0.0850094014232912,0.937609328704823,176.61985174266667,0.001700280193109781,15.917596478578744,176.61985174266667
94,421,20.905381945323096,0.05585410740606064,0.9376290080296101,176.16039765300002,0.01889090399824157,20.905381945323096,176.16039765300002
94,316,27.536817612472408,0.05949374580340042,0.9378770073703633,175.4151156946667,0.02261132174981352,27.536817612472408,175.4151156946667
94,236,37.747532903889756,0.05597213435901571,0.9382769962219872,175.1928333126667,0.015235395330161203,37.747532903889756,175.1928333126667
94,177,51.13852572534079,0.0986048438606467,0.9383277734544891,174.851085122,0.03280281569430151,51.13852572534079,174.851085122
94,133,66.77725517123062,2.1427535604755295,0.9376692114406395,175.1656469565,0.2406015484682028,66.77725517123062,175.1656469565
94,115,74.3769160195386,0.7291554135524643,0.9372063952651805,175.2378623451667,0.25210014734136893,74.3769160195386,175.2378623451667
94,100,85.66443701523806,2.1193150999844828,0.940876858508396,175.943460702,0.34268938494911466,85.66443701523806,175.943460702
94,86,97.38222785083748,0.030014222142531136,0.9381235902751073,176.22182021666666,0.02623507939196165,97.38222785083748,176.22182021666666
94,68,119.42650872067013,0.8848339827558135,0.9418733390038181,177.96442100283332,0.052989152620188426,119.42650872067013,177.96442100283332
94,63,129.62349527877078,0.691827392954465,0.9390069016295952,178.88284508033334,0.05676734207489024,129.62349527877078,178.88284508033334
94,55,146.04419992937846,1.4605886235853736,0.9401989023586782,180.718475228,0.18601085544033574,146.04419992937846,180.718475228
94,50,159.55282648491212,0.9615998462164139,0.939375044231889,183.32285019966665,0.19078685010945767,159.55282648491212,183.32285019966665
94,47,169.62101940732862,0.49737167975380764,0.9423946926080139,184.77220123133336,0.23520263579879627,169.62101940732862,184.77220123133336
94,45,180.5796343110178,1.514117309218743,0.9370543049283336,186.46964030633333,0.2841281937414194,180.5796343110178,186.46964030633333
94,44,184.8511170334501,1.5889473592250642,0.9413467395702066,187.2617268396667,0.22503911319512476,184.8511170334501,187.2617268396667
94,43,188.29926445703344,1.1431814741725992,0.935656086182359,187.9364194246667,0.18440607549750154,188.29926445703344,187.9364194246667
94,41,196.5067188600593,1.1212272108703083,0.9415668553334817,189.58698324366665,0.2252955294128453,196.5067188600593,189.58698324366665
94,38,212.52502770193098,0.7606214589105251,0.9391457566014676,193.38147107999998,0.2812516130251564,212.52502770193098,193.38147107999998
94,37,221.43367777817195,1.5810973875810719,0.9386921033784197,195.63178915066666,0.46945278665755985,221.43367777817195,195.63178915066666
94,35,231.37473954651523,1.1726060700706251,0.9405131114020242,198.365110211,0.2080881102993661,231.37473954651523,198.365110211
94,33,243.95085421072815,3.161635984062871,0.9393852935430146,202.35527789449998,1.168388335983588,243.95085421072815,202.35527789449998
94,32,249.64020550113005,3.9716794138626583,0.9389361175086423,204.76563438233336,0.836138653787074,249.64020550113005,204.76563438233336
94,28,286.52533282554975,1.1306693204713603,0.942890332671258,216.905944598,0.6096948925461174,286.52533282554975,216.905944598
94,26,305.8487156990649,3.5024536849639984,0.9397250838945066,226.2509501305,2.324872101310305,305.8487156990649,226.2509501305
94,24,333.2549822148285,1.2215365756406589,0.9393762984290794,240.10104795100003,0.658832732406251,333.2549822148285,240.10104795100003
94,22,357.2828570727998,5.1036081919446294,0.9391805443772585,253.97798341944443,2.92485697692581,357.2828570727998,253.97798341944443
94,19,407.52825416268774,8.876217515467138,0.9386725619625405,300.55506998100003,9.621482212208228,407.52825416268774,300.55506998100003
94,5,457.49789296070827,,0.9449566885093169,377.17762928999997,0.38791336083776207,457.49789296070827,377.17762928999997
94,11,462.2218399560261,0.1627498627060639,0.9423715419242504,381.62676784599995,0.6702918172934088,462.2218399560261,381.62676784599995
94,13,462.9170206283861,0.1332493294945093,0.9411618002391734,384.4868468473333,0.7085452787883201,462.9170206283861,384.4868468473333
94,14,463.29369009363336,0.4181718664933508,0.9421667318120924,385.32574103666667,1.0285786938666366,463.29369009363336,385.32574103666667
95,10000,1.041838337641979,0.014241008619081034,0.9510549421123986,178.23147539466666,0.015213785753985298,0.0,178.23147539466666
95,10000,1.041838337641979,0.014241008619081034,0.9510549421123986,178.23147539466666,0.015213785753985298,1.041838337641979,178.23147539466666
95,3162,2.931173993510432,0.006105305458956852,0.95143208722754,178.03132585,0.04096743770923683,2.931173993510432,178.03132585
95,115,71.45383950547804,0.2651001017204587,0.9544166170462678,174.99099028633336,0.006362697621460261,71.45383950547804,174.99099028633336
95,86,95.55189568973438,0.7364977852788624,0.9510178777441746,176.33312652593335,0.15161750971207041,95.55189568973438,176.33312652593335
95,79,101.35591902577221,0.30046268820433913,0.9462272885753485,176.83148065,0.009271138866595583,101.35591902577221,176.83148065
95,74,107.72395683227963,0.023178761400349555,0.9476380080284192,177.2230690066667,0.031238189920979584,107.72395683227963,177.2230690066667
95,68,116.64617368710401,1.0951427772297928,0.9512217006868654,177.76479020533336,0.049355400705081064,116.64617368710401,177.76479020533336
95,63,126.84859478608136,1.1229922653182762,0.9493120742165788,178.79401647133332,0.12512155433382116,126.84859478608136,178.79401647133332
95,58,138.02363105468527,1.0468144126663304,0.9452216788235872,179.96508000966665,0.07174392064514933,138.02363105468527,179.96508000966665
95,55,144.19748086829475,1.610057212839615,0.9520990337248788,180.655913845,0.2897661999145588,144.19748086829475,180.655913845
95,52,155.74039083783745,0.3859080870683494,0.9524468344199629,181.987493148,0.03708474600331671,155.74039083783745,181.987493148
95,47,169.55063449661097,2.056719124045913,0.9478279045038844,184.66589741849998,0.385926281812773,169.55063449661097,184.66589741849998
95,45,176.35793548312427,1.4839885330165925,0.9541055015424855,185.8258742685,0.18652434335666515,176.35793548312427,185.8258742685
95,43,187.64615358100318,1.3157681218140984,0.9492755066503399,187.87751907966665,0.0866315494714498,187.64615358100318,187.87751907966665
95,41,193.29754476064466,1.9614215331984752,0.9514733285788853,189.40353180399998,0.49712856673350064,193.29754476064466,189.40353180399998
95,39,206.5491030636827,1.3428158038850748,0.9500293990959594,192.12018225350002,0.4931077297509806,206.5491030636827,192.12018225350002
95,38,211.97741132266574,0.48997389796790536,0.9502253309346648,192.99629227133335,0.09524006247829292,211.97741132266574,192.99629227133335
95,37,215.72770564048474,2.218278846378763,0.9509384295782871,195.4464810973333,0.3530662331931167,215.72770564048474,195.4464810973333
95,35,225.27807680743828,2.1789845576860083,0.9521839558216371,197.50261789733335,0.46016898495406844,225.27807680743828,197.50261789733335
95,33,241.39509473944807,3.097024507984744,0.9521255926309379,202.122757201,0.5817263069548708,241.39509473944807,202.122757201
95,32,247.57761167755618,3.507735360369992,0.9508431636056955,203.2230891411667,0.41406327995766545,247.57761167755618,203.2230891411667
95,31,257.79123761928935,0.8191733904941711,0.9511198812761137,206.52037869566666,0.22602979356193906,257.79123761928935,206.52037869566666
95,29,274.8112549682749,1.4316198178568296,0.9521983529743833,213.02260306633335,0.7378763306845365,274.8112549682749,213.02260306633335
95,28,283.589237274295,1.3710179339945838,0.9513607119965922,215.93826007533335,0.5914911863281426,283.589237274295,215.93826007533335
95,26,305.844077220588,3.274532518131664,0.9483201785734099,225.537874163,1.0631328060959842,305.844077220588,225.537874163
95,24,327.4415915048352,1.9204548987149437,0.9502773411664539,234.02308256066667,1.1152448998982163,327.4415915048352,234.02308256066667
95,22,354.46526001838856,2.989302770955223,0.9505495321569442,249.54459034066667,1.3428255780320526,354.46526001838856,249.54459034066667
95,20,390.1594602123487,3.9022734140548008,0.9513815190264255,275.67591236083337,4.540703813218915,390.1594602123487,275.67591236083337
95,19,412.89967264466867,0.7677084190433209,0.9481235895979888,300.2279882386667,0.8210086309881146,412.89967264466867,300.2279882386667
95,10,462.1032097826198,0.46881712180593277,0.9473573101270829,379.831714618,0.5512512393016098,462.1032097826198,379.831714618
95,8,460.171226619195,0.763852494046157,0.9523837800171421,373.1419001373333,0.8705859389529803,460.171226619195,373.1419001373333
95,7,459.47862329852495,0.9278066175493356,0.9523962083415228,371.9049129183333,0.36476919841362326,459.47862329852495,371.9049129183333
95,3,458.1582760796457,0.23514760958900482,0.948427182322348,376.0620847426667,1.4523462488728212,458.1582760796457,376.0620847426667
95,1,458.09324603037885,0.6736791895243683,0.9477548895741984,375.6540117966667,2.184706284113329,458.09324603037885,375.6540117966667
95,0,457.8430586724076,1.3452353612029908,0.9485447940575606,376.07641402633334,2.0300575265094327,457.8430586724076,376.07641402633334
96,10000,1.0420472141998087,0.017785506640293887,0.9588688664315542,178.353355644,0.03448749143939344,0.0,178.353355644
96,10000,1.0420472141998087,0.017785506640293887,0.9588688664315542,178.353355644,0.03448749143939344,1.0420472141998087,178.353355644
96,1778,4.867452217439622,0.12222531733489604,0.9557625967472192,177.993833321,0.1286448633829424,4.867452217439622,177.993833321
96,1000,8.797084737149609,0.09938443536688628,0.9572097637598856,177.46135976366668,0.0834312396990518,8.797084737149609,177.46135976366668
96,562,15.494240979389723,0.048108715878871944,0.9574644839667478,176.61857990733333,0.03200771867946161,15.494240979389723,176.61857990733333
96,421,20.38886546605423,0.03629498190788777,0.9577596633583393,176.12409889466667,0.012295459215630293,20.38886546605423,176.12409889466667
96,316,26.822373639186385,0.10005262236225647,0.957873796232746,175.39075366666668,0.014451498952198603,26.822373639186385,175.39075366666668
96,236,36.50137189394615,0.0817024470185051,0.9581721016514283,175.17688594466665,0.01648011058479681,36.50137189394615,175.17688594466665
96,177,50.02297716266938,0.016700489249235572,0.9582713407917186,174.6031581666667,0.012221225858784166,50.02297716266938,174.6031581666667
96,133,66.37734326912253,0.19367901232896945,0.9584136078361517,175.16553290733336,0.07398322058217773,66.37734326912253,175.16553290733336
96,115,71.76878838019391,0.4408343214566588,0.9566891534701686,175.08216322566668,0.013056411355269472,71.76878838019391,175.08216322566668
96,100,83.57944618959205,2.515991195914714,0.9594909986815893,175.8105199571111,0.2841044429966213,83.57944618959205,175.8105199571111
96,86,96.96382213561122,2.339985008667769,0.9591726355655288,176.59499248066666,0.32614204289629145,96.96382213561122,176.59499248066666
96,74,111.41230798091405,4.022453373675718,0.9606969991377857,177.50912642477778,0.36138057715369654,111.41230798091405,177.50912642477778
96,68,119.50500897796266,2.920435023359056,0.9614468744046172,178.13567381033332,0.30403854445944856,119.50500897796266,178.13567381033332
96,63,125.66560011570851,,0.9630744612717502,178.63593587900002,0.036148384434332916,125.66560011570851,178.63593587900002
96,58,136.2382813938482,1.0867655285517526,0.9601715251078673,179.77559102433335,0.1561507496112218,136.2382813938482,179.77559102433335
96,55,142.42531379734743,1.273402568730301,0.9611022524232572,181.01508164133335,0.12811087198623766,142.42531379734743,181.01508164133335
96,50,158.18329875900153,1.2088345797305302,0.9572584124401956,182.946672813,0.22025797196782668,158.18329875900153,182.946672813
96,47,167.57155734133684,1.085205502164207,0.9589305888463638,184.65835913933333,0.21673480941542617,167.57155734133684,184.65835913933333
96,44,181.5489145648647,1.993660603750363,0.9585173999560711,186.8678829815,0.17457653567246917,181.5489145648647,186.8678829815
96,43,182.4056493855295,,0.9572425714958918,187.7670215003333,0.5720376986050824,182.4056493855295,187.7670215003333
96,41,191.28290524223425,2.6716137343953577,0.9601268102729336,189.38945693699998,0.6252999872196238,191.28290524223425,189.38945693699998
96,38,207.00863962996533,2.8923238069499977,0.964113331690663,192.93878135266667,0.5909899712981147,207.00863962996533,192.93878135266667
96,37,213.98216725611073,1.0868299937728159,0.9610038034569846,194.77531661366666,0.30649396896866515,213.98216725611073,194.77531661366666
96,35,227.0228108075542,1.0783760491312495,0.957396510753673,196.85952644733334,0.2846224583214589,227.0228108075542,196.85952644733334
96,33,236.39503104972846,2.5105148838322715,0.9579197173992439,201.180986146,0.4918819553485461,236.39503104972846,201.180986146
96,32,247.0574766424074,0.7603931292515973,0.9562145751471476,203.70791076433332,0.3319495385688659,247.0574766424074,203.70791076433332
96,31,254.20594612961986,3.485332275321907,0.9612100337402102,205.499539939,0.7563690591817968,254.20594612961986,205.499539939
96,29,270.93889989465475,1.2955178776419007,0.9606837380376115,211.47446171866667,0.6794340717885681,270.93889989465475,211.47446171866667
96,28,279.4817710555679,0.6327502932051016,0.9588002558319323,214.54721356599998,0.22544579975249357,279.4817710555679,214.54721356599998
96,26,299.89895055039324,3.592463693133423,0.9571420049341581,222.20030026216668,1.7802961109077715,299.89895055039324,222.20030026216668
96,24,324.4060527906571,1.7539380527437667,0.9593741634298453,231.62309071233335,0.3942947902966683,324.4060527906571,231.62309071233335
96,23,339.996856470189,4.863802428733056,0.9588398315710368,239.81285494208336,2.905634220081541,339.996856470189,239.81285494208336
96,22,349.29874501221985,1.2150008357203086,0.9623131509258384,243.95703365133332,0.9969123298517131,349.29874501221985,243.95703365133332
96,20,383.2077819729343,5.56361532751524,0.9611783085223714,266.2534253991667,5.951734196688904,383.2077819729343,266.2534253991667
96,19,406.47493104323814,5.142461501814888,0.9606428558787194,286.9359913782222,5.657296624094264,406.47493104323814,286.9359913782222
96,17,443.03034394504954,7.790029434792434,0.9613575571685584,332.1635248143333,12.007496207271753,443.03034394504954,332.1635248143333
96,15,446.7911956346395,0.1434397348762033,0.959653418664544,346.20690112533333,8.876052600254823,446.7911956346395,346.20690112533333
96,14,462.0637131844524,2.142380655574494,0.9585367478370165,368.53959559077776,6.3076860115740025,462.0637131844524,368.53959559077776
96,13,463.10057578642426,0.11940630195530554,0.9581210996262136,374.04369999433334,1.304232074930286,463.10057578642426,374.04369999433334
96,11,462.6377956491959,0.29509416890272094,0.9617030075024592,367.4135586227778,3.8368852183019224,462.6377956491959,367.4135586227778
96,10,460.97470945742543,,0.9649900532981363,364.55013271166666,0.19641665353034915,460.97470945742543,364.55013271166666
96,8,460.17634082522915,0.7675182941824101,0.9641100681270642,365.0678309003333,0.631208770985713,460.17634082522915,365.0678309003333
96,5,459.10234753723245,0.27743802121515676,0.9620682066584804,368.080653901,1.0704291102373114,459.10234753723245,368.080653901
96,3,459.2106087129698,0.2341582014126997,0.9617962457831052,368.9286484663333,0.8794497442337671,459.2106087129698,368.9286484663333
96,1,459.1824027208581,0.527511918085082,0.9609241685440316,368.87004979733337,0.14309469551554402,459.1824027208581,368.87004979733337
96,0,457.8710342414938,0.8771790537936613,0.9595992482966887,367.655289991,1.7892814664986183,457.8710342414938,367.655289991
97,10000,1.0341872891251815,0.010899658137402365,0.9681778177804735,178.48205657966665,0.005855358954825139,0.0,178.48205657966665
97,10000,1.0341872891251815,0.010899658137402365,0.9681778177804735,178.48205657966665,0.005855358954825139,1.0341872891251815,178.48205657966665
97,3162,2.7082715959824077,0.09320524414617602,0.9736055480411298,177.91646547766666,0.025070451569690795,2.7082715959824077,177.91646547766666
97,100,82.12878271216184,0.2028753048591523,0.9675083200133805,175.70427860266668,0.027799129450412557,82.12878271216184,175.70427860266668
97,74,107.06049853508638,0.6180870360132299,0.9699373805422407,177.12531647133332,0.07278786446857136,107.06049853508638,177.12531647133332
97,63,125.3518585513206,0.676720573600022,0.9722573760785556,178.77294365333333,0.018632224591175455,125.3518585513206,178.77294365333333
97,50,158.1228517073349,1.7675034749717329,0.9709375891382599,182.90713544333335,0.1400640592886832,158.1228517073349,182.90713544333335
97,44,177.20040271963535,0.27363674282392786,0.9736621514352345,186.48188180966667,0.0170788350701185,177.20040271963535,186.48188180966667
97,43,182.06795973914203,1.2305664144415671,0.9677353778783222,187.15866671166668,0.22914981533812503,182.06795973914203,187.15866671166668
97,41,187.84750179184437,0.6022229541647154,0.9663914132179915,188.71801765866667,0.2934026710342364,187.84750179184437,188.71801765866667
97,39,202.11224161248887,0.1329068089855592,0.970778302731139,192.14622060566668,0.1331978975222537,202.11224161248887,192.14622060566668
97,38,203.794511249293,1.3288376753360098,0.9713998211359401,192.34555952133334,0.3022044057051639,203.794511249293,192.34555952133334
97,37,213.44392363427548,0.6180029999007935,0.9682637668067101,194.75254312200002,0.22695188671274513,213.44392363427548,194.75254312200002
97,35,221.48260152132238,2.1651701450968077,0.9696564614369224,196.36258610949997,0.7030875928347244,221.48260152132238,196.36258610949997
97,32,241.11037897682522,1.3170215049552183,0.9665020072510914,201.67350799666667,0.524997057033321,241.11037897682522,201.67350799666667
97,31,249.76538981304068,0.5257853553325197,0.9736264643691888,204.29258347266668,0.1948740797628394,249.76538981304068,204.29258347266668
97,29,268.22570274990545,0.6620266982169872,0.9684963147381338,209.91170608733333,0.25203994186984774,268.22570274990545,209.91170608733333
97,28,276.53744070420817,2.0384353003730142,0.9675557633103722,212.97046198616667,0.9031483963714073,276.53744070420817,212.97046198616667
97,26,296.26695256710815,2.0770948395687356,0.9730043751940292,219.25629995666668,0.7754768944209683,296.26695256710815,219.25629995666668
97,24,319.1167427700515,1.618909780968974,0.9709683589900557,228.56630876650001,0.9609143760695017,319.1167427700515,228.56630876650001
97,23,333.6944023885495,2.3781919040520587,0.9658780653012626,236.11625262416666,1.305054689187321,333.6944023885495,236.11625262416666
97,22,348.9420479193688,,0.974714969231314,241.77093960033335,1.109139103555727,348.9420479193688,241.77093960033335
97,20,378.6184637516897,3.803829633136517,0.9663778878297699,265.7105691748333,1.1777402394249754,378.6184637516897,265.7105691748333
97,19,397.5921411253433,0.889418306305198,0.97112653767319,275.489105457,0.83012543824711,397.5921411253433,275.489105457
97,17,433.74620733445744,10.765584014581728,0.9677847168139501,323.71037851,16.541926151686454,433.74620733445744,323.71037851
97,14,460.05554475335765,1.2119639414957044,0.9720885279004386,353.06407347666664,1.6074153927200345,460.05554475335765,353.06407347666664
97,13,464.01125554684796,0.36002646651047654,0.971125572510566,365.2185575763333,1.9393895159644798,464.01125554684796,365.2185575763333
97,11,462.5417403718908,0.4512519471000124,0.9679841223453909,367.87277948933337,0.5486186468936762,462.5417403718908,367.87277948933337
97,10,462.69419338251413,1.0771671718502502,0.9714202758200062,360.52634060733334,1.3914902770621804,462.69419338251413,360.52634060733334
97,8,461.15254213840115,0.5600352973343931,0.9693180487749188,360.12662333677775,2.0162888257752996,461.15254213840115,360.12662333677775
97,7,459.9095204313144,0.6898332821750158,0.9715872105273812,360.52472833133334,1.9845818471910837,459.9095204313144,360.52472833133334
97,5,459.7761135269001,1.025404232589248,0.9728432174460482,359.4675300595,2.248960675634663,459.7761135269001,359.4675300595
97,3,459.294249457101,0.8960978286655177,0.9711395987241435,358.2050640624166,3.388235964035381,459.294249457101,358.2050640624166
97,1,459.7161226409208,0.5800040376170287,0.9700551320467867,359.4518829544167,2.6077969859938284,459.7161226409208,359.4518829544167
97,0,459.3463949475203,1.0404481916448214,0.9705997789622768,359.2296904580833,3.07347203420652,459.3463949475203,359.2296904580833
98,1778,4.761299568449396,0.08746078144472381,0.9755570828626544,177.81547779633334,0.02393285177518794,0.0,177.81547779633334
98,1778,4.761299568449396,0.08746078144472381,0.9755570828626544,177.81547779633334,0.02393285177518794,4.761299568449396,177.81547779633334
98,1000,8.488472197025795,0.13340450149360278,0.9770528129468111,177.424930756,0.029657591350566066,8.488472197025795,177.424930756
98,562,15.089771487171575,0.012923319669163028,0.9779925120513049,176.66734458433334,0.019188115003609296,15.089771487171575,176.66734458433334
98,421,19.861673899414978,0.02065155585965965,0.9781791061663494,176.21457819966668,0.017335362511101366,19.861673899414978,176.21457819966668
98,316,26.210660101344192,0.07896837365393261,0.9778535914314649,175.34932660533332,0.014914407395677785,26.210660101344192,175.34932660533332
98,236,35.85643356641844,0.14443153576385503,0.9783101285756587,175.06867825666666,0.036669406852433306,35.85643356641844,175.06867825666666
98,204,41.13163707080073,0.14623603877510652,0.978625520797176,174.879566192,0.037250015206648585,41.13163707080073,174.879566192
98,177,48.4069255013414,0.5536750235113147,0.9788475207620166,174.5099762003333,0.051511638611112104,48.4069255013414,174.5099762003333
98,153,56.05834936101348,0.15288304268185568,0.9788468147172651,174.71906497866667,0.039800936613942135,56.05834936101348,174.71906497866667
98,133,64.70611525712626,0.10951200619797166,0.9788389898408746,175.01161872933335,0.012753858619030476,64.70611525712626,175.01161872933335
98,115,73.09052600423821,0.22546874156388183,0.97882047325804,175.279690032,0.021712682526999153,73.09052600423821,175.279690032
98,100,84.4323134708756,0.3360754145700336,0.9788627446153791,175.84354105933335,0.02789081092796826,84.4323134708756,175.84354105933335
98,86,97.4973191097689,0.2080989941498885,0.978930703481657,176.52880458233335,0.010879418491313337,97.4973191097689,176.52880458233335
98,74,112.6194675622114,0.43700157244499266,0.9789975400964215,177.42117168866665,0.019756493264459826,112.6194675622114,177.42117168866665
98,63,128.0132077023047,3.370211709101247,0.9803552459269398,178.74900045924997,0.2725152357610278,128.0132077023047,178.74900045924997
98,60,137.52545912068604,0.8051056683509119,0.9789293730575567,179.84826911766666,0.04119812072003367,137.52545912068604,179.84826911766666
98,58,138.27584604834638,3.2232085089813145,0.9795037134472042,179.9659437415,0.33205780606523494,138.27584604834638,179.9659437415
98,55,145.53133436389473,3.242644678976342,0.9776930939818564,180.99114390855556,0.3434947965920285,145.53133436389473,180.99114390855556
98,50,160.19500796986526,4.147878791646304,0.97877673432067,183.243750893,0.42763098490185236,160.19500796986526,183.243750893
98,47,168.9137721631394,4.836259803329529,0.9783343755519583,184.630372414,0.5225408023227046,168.9137721631394,184.630372414
98,45,171.95591239729478,0.3652752130071983,0.9808868290837357,185.57516433833334,0.1252494470559284,171.95591239729478,185.57516433833334
98,44,181.49082811443486,6.105192119288041,0.9779383845485956,186.63057643733336,0.8844882242739486,181.49082811443486,186.63057643733336
98,43,185.75838423516063,4.761076132675437,0.9778908456854566,187.35742735033332,0.7145180259543503,185.75838423516063,187.35742735033332
98,41,193.42608878025717,7.020149955651172,0.9787303949767948,189.19719828633333,0.982604388820496,193.42608878025717,189.19719828633333
98,39,198.00484645230802,1.7586158703721682,0.9834643659150903,191.00526417433332,0.4784585735516313,198.00484645230802,191.00526417433332
98,38,209.93634060873887,7.3727802311869945,0.9804693578089995,193.0417561206667,0.8892721857916525,209.93634060873887,193.0417561206667
98,37,216.61534778578758,6.203370802716359,0.9796706885435191,194.72684699,0.573391723998248,216.61534778578758,194.72684699
98,35,225.1500324943199,8.123670188577307,0.978586502490594,196.424071114,1.3613304281448624,225.1500324943199,196.424071114
98,33,233.552337596024,0.4750888696104107,0.9784131054265766,199.32362663933336,0.028900021180140727,233.552337596024,199.32362663933336
98,32,240.1815282626222,1.5484072214972384,0.9790900066679636,201.29734656733334,0.41363879197431863,240.1815282626222,201.29734656733334
98,31,247.72722750300775,1.2953922634887798,0.98105970355696,203.46432962933332,0.33749680712760094,247.72722750300775,203.46432962933332
98,28,275.21657003331956,0.34145211556698435,0.9770093391046513,211.493102734,0.06992591822205846,275.21657003331956,211.493102734
98,26,292.42308792920386,1.7559427320850642,0.9801757983119818,216.70938394433333,0.5185873432872548,292.42308792920386,216.70938394433333
98,24,315.6022423281867,3.9239008364376806,0.9768244911546093,225.47306892366666,1.1693257225026328,315.6022423281867,225.47306892366666
98,23,329.8401393620555,1.3597932998073667,0.9785901145299212,230.76456114433336,0.3269999783046619,329.8401393620555,230.76456114433336
98,22,345.34002970451957,2.0636291790410315,0.9783659542943403,237.7543028813333,1.4398670630680033,345.34002970451957,237.7543028813333
98,20,373.41386075310066,1.994724662535615,0.9789581249955724,253.3231713463333,1.6933914629193094,373.41386075310066,253.3231713463333
98,19,393.4037795122265,0.7288188817993513,0.9823430153618702,269.831062984,0.3708190090041508,393.4037795122265,269.831062984
98,17,427.6031294593479,0.765778716818448,0.9827238821628432,302.78189942533334,0.8563144292831422,427.6031294593479,302.78189942533334
98,15,453.7996239166407,1.827475742133067,0.9778768205291052,339.05373761333334,4.736450481181989,453.7996239166407,339.05373761333334
98,14,458.55513849670103,3.034815780430797,0.9786787788940933,347.54574034583334,7.54835771207922,458.55513849670103,347.54574034583334
98,13,461.01541014511514,1.6412337803229413,0.979869047310537,350.8290181125,7.86975626299618,461.01541014511514,350.8290181125
98,11,463.98587804120604,1.5262550630130731,0.9807147144909668,352.50301818425004,2.981061801061605,463.98587804120604,352.50301818425004
98,10,463.17076452975033,0.7967143343652866,0.9799963390826096,352.46932933799997,4.506748199557146,463.17076452975033,352.46932933799997
98,8,462.0857906683296,1.3738443598830228,0.9805842706891702,350.31411953941665,2.5576800629143857,462.0857906683296,350.31411953941665
98,7,461.86044327601456,1.0829893191730822,0.9792430618180731,352.34369514019045,4.718279334424665,461.86044327601456,352.34369514019045
98,5,460.5580992200986,1.1354069141103682,0.979356299099235,350.67443174433333,3.8316437066804783,460.5580992200986,350.67443174433333
98,3,460.63840177825415,1.1682640598172878,0.9800485971231123,348.93517704141664,3.48903995893754,460.63840177825415,348.93517704141664
98,1,460.5029960355162,1.2370245237300836,0.9790215671320972,349.5297201485833,2.9346569246379413,460.5029960355162,349.5297201485833
98,0,460.83026308092184,1.7505238932906035,0.9783514821347067,350.5384902111667,2.159561804149096,460.83026308092184,350.5384902111667
99,3162,2.6152015306444114,0.016530026392797027,0.9937927679331239,177.85083600566668,0.021298916730887064,0.0,177.85083600566668
99,3162,2.6152015306444114,0.016530026392797027,0.9937927679331239,177.85083600566668,0.021298916730887064,2.6152015306444114,177.85083600566668
99,58,138.65703327743958,0.3086810082161809,0.9864121046566421,179.828515377,0.06896905775341791,138.65703327743958,179.828515377
99,55,143.1153407992296,0.2259116727659932,0.9875593154678949,180.84119184300002,0.08916925140516457,143.1153407992296,180.84119184300002
99,50,155.40896937560794,0.36400537694305024,0.9890644623523782,182.80752619433335,0.0884021087963538,155.40896937560794,182.80752619433335
99,47,163.86645170717915,0.5422503618065817,0.9882179160093475,184.2448995993333,0.06899888709852639,163.86645170717915,184.2448995993333
99,43,180.02888768697053,1.4203798009186834,0.9909476088715871,186.83718548033335,0.4342522391301839,180.02888768697053,186.83718548033335
99,41,189.16506123956665,2.48389423574728,0.9891202684872438,188.93094020683336,0.5817627161953873,189.16506123956665,188.93094020683336
99,39,196.7992202075848,2.0408627960518952,0.9892053924504388,190.80111018000002,0.5726029023593703,196.7992202075848,190.80111018000002
99,38,202.768118449065,1.2667118926247292,0.9897944245687991,192.26188941866667,0.4555602439176318,202.768118449065,192.26188941866667
99,37,209.90419769101592,1.3567602289028589,0.9910372695944241,193.58039669549999,0.41527803361386983,209.90419769101592,193.58039669549999
99,35,218.71251497946616,2.6483337518118,0.9863637890860435,194.761827114,0.5983154697919765,218.71251497946616,194.761827114
99,33,231.6399905636416,1.1538451178304556,0.9921440088026521,199.1185467726667,0.4751365315409063,231.6399905636416,199.1185467726667
99,32,242.81576999836062,5.600488366236672,0.9892490367569283,201.03269592611113,0.7016973403418543,242.81576999836062,201.03269592611113
99,31,251.00963295746473,4.315636945635677,0.9909689064057167,203.06789918633334,0.550975904717292,251.00963295746473,203.06789918633334
99,29,269.33885045051306,4.35501540659582,0.9901037284104809,207.9659276305,0.3835560677530845,269.33885045051306,207.9659276305
99,28,275.32370178353636,7.112111317470157,0.9925067387345229,210.18300180216667,0.7989730998120238,275.32370178353636,210.18300180216667
99,26,296.06518154920536,5.879558167113637,0.9913447336563534,216.75662699199998,0.8700726470545156,296.06518154920536,216.75662699199998
99,24,319.3941369301743,4.746293086252278,0.991374422434359,225.41077699683333,0.6434716175412593,319.3941369301743,225.41077699683333
99,23,333.92617866248537,4.366342744587725,0.9898615866019768,230.65083882316665,0.8281297399427298,333.92617866248537,230.65083882316665
99,22,347.5149987333293,5.322252079753243,0.9894240251422638,235.76201612316666,0.6249829184546246,347.5149987333293,235.76201612316666
99,20,375.8444600082381,5.3529298351787915,0.9913917110504266,250.68976835344444,1.0061548507752223,375.8444600082381,250.68976835344444
99,19,394.8280729439444,4.665166275688137,0.9927004539665434,262.5110277203333,3.425360086980063,394.8280729439444,262.5110277203333
99,17,430.0777076392942,6.502810956432347,0.9912294340896456,295.6373848848889,2.070001065410772,430.0777076392942,295.6373848848889
99,15,450.9043253697639,2.486753369109464,0.9868098479693228,325.18549063999995,0.6950332743322927,450.9043253697639,325.18549063999995
99,14,462.86284447175257,5.967761564613219,0.9890386732728106,339.703578333,4.103202670988826,462.86284447175257,339.703578333
99,13,467.5548208029731,0.815835320425188,0.9895613521845679,345.51914880716663,4.054875644095545,467.5548208029731,345.51914880716663
99,11,467.43006564707184,1.1163548301928923,0.9928551618658937,340.95315435,2.299761600222024,467.43006564707184,340.95315435
99,10,467.2536647506659,0.06643590415568686,0.9927376444784491,340.18198146266667,0.2905015867871981,467.2536647506659,340.18198146266667
99,8,465.78332926689427,0.11823523797766557,0.9916226035626341,339.120685155,0.2263384770698186,465.78332926689427,339.120685155
99,7,465.088644068559,0.1724151697969873,0.9916031170687676,337.40536649300003,0.37076217146794965,465.088644068559,337.40536649300003
99,5,464.8254095755635,0.815971427905726,0.9916976944676693,338.083607444,1.1388237425019496,464.8254095755635,338.083607444
99,3,464.5401362352265,1.3255449658469942,0.991397404267845,338.783186832,1.8661086074498905,464.5401362352265,338.783186832
99,1,465.01886009196613,0.2519378184087296,0.9917087037934879,338.8574588613333,1.053129408559229,465.01886009196613,338.8574588613333
99,0,464.85078510651783,1.3237586440941667,0.9916137509840378,338.9471057733333,1.9906846019599942,464.85078510651783,338.9471057733333
100,1778,4.64119986306556,0.033832739118724336,0.9962715748168761,177.78372865966665,0.03836904931639434,0.0,177.78372865966665
100,1778,4.64119986306556,0.033832739118724336,0.9962715748168761,177.78372865966665,0.03836904931639434,4.64119986306556,177.78372865966665
100,1000,8.311501573167133,0.03671586539129531,0.9977361820042806,177.39338743433333,0.046919801645599744,8.311501573167133,177.39338743433333
100,562,14.695422025997154,0.019167360209530845,0.9986457451603604,176.76877944133332,0.023966922601783954,14.695422025997154,176.76877944133332
100,421,19.301846584909246,0.03256925934800846,0.998971274161312,176.259107115,0.019639225617960134,19.301846584909246,176.259107115
100,316,25.426227561137498,0.016151271402612057,0.9992493194562451,175.34606568133336,0.010879338199102077,25.426227561137498,175.34606568133336
100,236,34.85087236701369,0.17064233841830687,0.999031485060895,175.07985941033334,0.027513344635850832,34.85087236701369,175.07985941033334
100,177,47.43138295074556,0.04360392958367436,0.9995402381206153,174.41062190266666,0.02388561215981823,47.43138295074556,174.41062190266666
100,133,62.9729854294495,0.1521122574079689,0.9996641340310565,174.90911685033333,0.07187434767188265,62.9729854294495,174.90911685033333
100,100,82.15389993032214,0.3331111248242248,0.9997072188477031,175.61441147166667,0.03715221838742994,82.15389993032214,175.61441147166667
100,86,94.19969218442681,0.6352618656605576,0.9997430151192382,176.30722914600003,0.012822120026970243,94.19969218442681,176.30722914600003
100,74,109.64115191385237,0.531511442924988,0.9997713978000954,177.02049884266668,0.0028471747372197137,109.64115191385237,177.02049884266668
100,63,128.8698925196228,0.5037176963709893,0.9997871920984539,178.71176464466666,0.0311584793860401,128.8698925196228,178.71176464466666
100,58,139.50701208112773,0.4516711787445847,0.9998244052073169,179.91667361066666,0.047999813687371634,139.50701208112773,179.91667361066666
100,55,144.34757885737585,1.0958158138294494,0.9997930849799682,180.617392889,0.17747426415384987,144.34757885737585,180.617392889
100,52,151.8242542045424,0.07336333418152849,0.9998044050930116,181.5161515463333,0.01893081306569986,151.8242542045424,181.5161515463333
100,50,159.72458731206154,1.292813039326478,0.9998220443137679,182.77497538499998,0.19466955498280958,159.72458731206154,182.77497538499998
100,47,169.9514433436942,1.4773754627440674,0.9998392351259723,184.29021740366667,0.23824091304995126,169.9514433436942,184.29021740366667
100,43,184.89784972791347,1.1403615607057698,0.9998514440301824,187.01963816666668,0.19706175825103656,184.89784972791347,187.01963816666668
100,41,195.95215709168352,0.3974978510908245,0.9998494587302728,189.10416286766667,0.037497096257599644,195.95215709168352,189.10416286766667
100,39,205.4064067709855,1.6969500627314347,0.9998579371540993,191.33580842866664,0.35951345283712444,205.4064067709855,191.33580842866664
100,38,208.02719875193335,1.0345912504533492,0.9998446531847726,191.776119538,0.2728023326663159,208.02719875193335,191.776119538
100,37,219.56930454703527,0.7908548132665474,0.9998689340244468,194.48946838533334,0.29450388351167717,219.56930454703527,194.48946838533334
100,35,223.20577827921593,4.599338112212152,0.9977293854206075,195.94024889566666,0.45356338958213477,223.20577827921593,195.94024889566666
100,33,242.71669277616544,0.6884929256703186,0.9998873213446812,200.17173220333333,0.28126636256904664,242.71669277616544,200.17173220333333
100,32,246.13086868555996,4.2493282739007885,0.9986830108456815,201.587176491,0.24566546615457457,246.13086868555996,201.587176491
100,31,250.48328475271566,4.314581112583644,0.997652334098551,203.01620716966667,0.4063907714562201,250.48328475271566,203.01620716966667
100,29,268.9508346781917,5.00679417417585,0.9977362770052643,207.97260438133333,0.603804068980047,268.9508346781917,207.97260438133333
100,28,278.41610850142183,6.366520549066606,0.9979775035509263,210.68556115750002,0.8585845091528754,278.41610850142183,210.68556115750002
100,26,302.1712319407621,1.8646827568778739,0.999904138554672,217.40051134166666,0.6272592205491354,302.1712319407621,217.40051134166666
100,24,324.26717100591395,5.913085770458663,0.9987107588160125,225.7466995225,1.348625120009229,324.26717100591395,225.7466995225
100,23,331.43218791781754,6.989096279308327,0.997645986146041,229.05306041933332,1.6935486553380725,331.43218791781754,229.05306041933332
100,22,346.1622726376284,6.7477551797768385,0.9975766005741301,234.90156198500003,2.0243474984741217,346.1622726376284,234.90156198500003
100,20,382.11022601925185,6.660143230803742,0.9986844202313693,251.38710203666665,0.9724285721732483,382.11022601925185,251.38710203666665
100,19,403.69777245978645,0.4799557829155089,0.9998753180448087,261.786809897,0.4325131330616965,403.69777245978645,261.786809897
100,17,443.9801709225233,1.2596556223800777,0.9998860952766044,293.5300999876667,1.6844954438870734,443.9801709225233,293.5300999876667
100,15,468.2275538839785,0.4066816180532323,0.9999080577856856,324.525408507,0.16174189379349063,468.2275538839785,324.525408507
100,14,469.0467376479043,0.2428577797160382,0.9998981715501846,325.36491071066666,0.2987293030001338,469.0467376479043,325.36491071066666
100,13,469.9596001545736,0.6284425212466033,0.9998979252604796,325.679015096,1.68598058895673,469.9596001545736,325.679015096
100,11,469.2291282717602,0.09966202671164297,0.9998883761031774,323.250840036,0.2730222240740836,469.2291282717602,323.250840036
100,10,468.59738241955694,0.3666055357428211,0.9998246446801344,323.22724250466666,0.06689898722845003,468.59738241955694,323.22724250466666
100,7,468.4272662460966,1.5692296450333882,0.9998892122674347,322.3148277903333,2.6606991750285403,468.4272662460966,322.3148277903333
100,5,466.5573083926991,0.4933193057791274,0.9998811596225732,319.6730723586667,0.24728766108545647,466.5573083926991,319.6730723586667
100,3,465.2829599933488,0.3783002179112613,0.9998865336140064,317.97781438166663,0.8746701585825317,465.2829599933488,317.97781438166663
100,1,466.12112355334915,0.32485751398228013,0.9998870666204788,320.02912227766666,0.49295442411516194,466.12112355334915,320.02912227766666
100,0,466.86908306613554,0.6758317422661123,0.9998848525112086,321.7738284426667,0.4709147818716243,466.86908306613554,321.7738284426667
