read_pct_rounded,pause,bandwidth_mean,bandwidth_std,rd_percentage_actual_mean,latency_mean,latency_std,bandwidth_smooth,latency_smooth
51,400000,1.4434577959846455,0.004734512009401503,0.5123012890854012,120.32572236611742,2.871242817126005,1.4434577959846455,120.32572236611742
51,200000,2.1943255225671225,0.012033935353245288,0.5086416517612207,119.0839131811202,3.2918581242104983,2.1943255225671225,119.0839131811202
51,100000,3.700959681506815,0.040677816769889255,0.5093182962279138,119.09816286913407,2.899757811598393,3.700959681506815,119.09816286913407
51,3000,97.44697525816797,0.33103893074351837,0.5083358126276325,131.2673947577008,0.7890268843593963,97.44697525816797,131.2673947577008
51,2000,145.92599755956743,0.34040976920874355,0.5062836933450366,137.52723012909865,0.1990834176181288,145.92599755956743,137.52723012909865
51,1500,190.97322942963706,0.6771598105583629,0.5068786387555884,142.59361139756564,3.126587907090074,190.97322942963706,142.59361139756564
51,1000,283.41711419990776,0.3215584008043062,0.5068185060282172,163.18032262816823,0.026753242485347908,283.41711419990776,163.18032262816823
51,900,314.73840268083495,0.4492711143751697,0.5094768418060203,177.03669249568225,0.9993399245528236,314.73840268083495,177.03669249568225
51,600,420.80022697997833,0.5449259909106701,0.5088831956710421,332.0164884198227,1.756839948882708,420.80022697997833,332.0164884198227
51,380,417.7590073289418,0.002512500837300633,0.5053750697367503,339.9240719677703,1.2582914893588457,417.7590073289418,339.9240719677703
51,340,418.5641191279042,2.068157616779879,0.510786227432972,327.2300839552247,2.768190814255211,418.5641191279042,327.2300839552247
51,180,443.53208443227487,0.9391530413212192,0.5120415633228478,374.36891974520495,1.7097830232811184,443.53208443227487,374.36891974520495
51,160,434.4407159365864,10.018354340051827,0.5103027635400021,365.2232149558031,24.595447889930433,434.4407159365864,365.2232149558031
51,140,433.1650883506935,11.454496917544912,0.5076073176889542,346.55816015104506,0.7184949113717604,433.1650883506935,346.55816015104506
51,120,432.7689641904615,0.6763634780412718,0.5118488023380802,359.305729606557,0.9815952416287694,432.7689641904615,359.305729606557
51,100,429.10872078234826,3.1937228438974365,0.5100747381089387,352.533400877873,2.704444001500782,429.10872078234826,352.533400877873
51,90,433.5405090924725,4.5113450773952914,0.5094708585962513,378.84426242880164,24.04044370596849,433.5405090924725,378.84426242880164
51,70,437.5683829414381,0.7730834237885754,0.5145398406454805,399.14088295259666,2.203854383323555,437.5683829414381,399.14088295259666
51,65,437.54924637733353,0.6501461386957107,0.514795169600239,400.65389859633655,4.263086178878618,437.54924637733353,400.65389859633655
51,60,442.04642070407846,0.8842216689708082,0.5145597924131643,435.9939745697746,1.4963387962718797,442.04642070407846,435.9939745697746
51,55,442.8884895688714,0.823800950186039,0.5147758139938395,434.2938111627089,3.3706658881189737,442.8884895688714,434.2938111627089
51,35,445.0320692065922,0.5759949019297183,0.5145275324240535,468.52191763254876,1.8151743070496247,445.0320692065922,468.52191763254876
51,30,446.60813551183145,0.6545122283056893,0.5144793345325414,476.5041055821218,1.254642635873882,446.60813551183145,476.5041055821218
51,25,451.3067725054655,0.4686317498022936,0.5140022754673917,524.775723129228,1.5802602579983847,451.3067725054655,524.775723129228
51,20,454.75598664161816,0.5705772595926738,0.5137660839919699,558.4070816853272,1.3751379358904325,454.75598664161816,558.4070816853272
51,15,458.39889177440483,0.2344232646615253,0.5136312978777194,588.5995802808455,1.7894123869692073,458.39889177440483,588.5995802808455
51,10,462.06153211480813,0.8086798029382459,0.5134244914934465,618.0327653051118,1.9252707616231832,462.06153211480813,618.0327653051118
51,5,462.6634495553041,2.4017155279086384,0.5135245011319829,627.6302072624334,0.6886237940441948,462.6634495553041,627.6302072624334
51,0,463.7998862231852,1.551636752229109,0.5135000613290185,627.6802254494761,2.2216282780646894,463.7998862231852,627.6802254494761
52,1600000,0.8862321469728213,0.04061028561938212,0.5206251304671445,121.82726547332487,2.650166477683457,0.8862321469728213,121.82726547332487
52,800000,1.0474406616656409,0.009634110637224042,0.5203366953435233,121.6936450937056,2.669803025169759,1.0474406616656409,121.6936450937056
52,200000,2.208868218365049,0.014946675309606082,0.519252024951058,122.00985459817889,0.08412999689211263,2.208868218365049,122.00985459817889
52,100000,3.720767343535081,0.036459220432795626,0.517917724678143,120.84231995562676,2.927878261200574,3.720767343535081,120.84231995562676
52,40000,8.324961095127719,0.027478453231087614,0.5169641372829233,123.38841909046955,0.7007710191578874,8.324961095127719,123.38841909046955
52,5000,60.616261651974504,0.07119179672891557,0.515298928850302,127.69491244232893,0.10622654938146049,60.616261651974504,127.69491244232893
52,3000,99.8894239866343,0.3642486514643008,0.515874522039297,129.96833415058725,3.538127391042122,99.8894239866343,129.96833415058725
52,2000,145.8512529968509,0.31425298571320437,0.5187985324735135,136.7598827047633,0.4607401270980045,145.8512529968509,136.7598827047633
52,1500,192.0459545919732,0.37892296242466117,0.5187554673790428,144.99830510945685,0.09716841403825087,192.0459545919732,144.99830510945685
52,1000,283.40265649157294,0.447904429097291,0.519998980353778,162.15080249424747,1.8574553481258913,283.40265649157294,162.15080249424747
52,900,317.52259439611913,0.7375177590088017,0.5231092621662853,178.37780162255433,0.7118536635105471,317.52259439611913,178.37780162255433
52,800,358.11294795260983,0.8305838115356334,0.5173560223514476,209.9801941784674,0.17837042508752687,358.11294795260983,209.9801941784674
52,700,411.9166205322029,0.4054667823690209,0.5234419115718155,288.8685115451102,2.128905678095534,411.9166205322029,288.8685115451102
52,550,417.2806640252393,0.8129819303607276,0.5210893231796684,310.3040314712891,0.20182615090843162,417.2806640252393,310.3040314712891
52,300,422.36421298542155,3.208867692248449,0.5182558399647648,330.02427824395176,0.4914498343474849,422.36421298542155,330.02427824395176
52,220,424.586903921935,,0.5223422528974051,334.75067464184355,4.390635690361348,424.586903921935,334.75067464184355
52,200,435.8077575286272,8.86451170153442,0.5200162480280043,349.08088536775887,13.59252532140988,435.8077575286272,349.08088536775887
52,180,432.5184103708007,6.430434818092616,0.5195825889358169,350.5570310371541,9.339550098638748,432.5184103708007,350.5570310371541
52,160,431.21988845202526,6.852026435351908,0.5196945870115183,351.53596809457514,15.51677519472676,431.21988845202526,351.53596809457514
52,140,429.4796074981029,3.8407022979692877,0.5192344770853686,344.4360637192295,4.5466184566570575,429.4796074981029,344.4360637192295
52,120,439.6237990053913,0.5297980953059023,0.5222320541633115,370.86127858941086,1.0468688569720115,439.6237990053913,370.86127858941086
52,100,438.10537785401795,0.4356897593953982,0.5153169653825691,397.54530924713896,3.292180666415191,438.10537785401795,397.54530924713896
52,80,433.2565565089141,5.028869218833144,0.5196636058425718,372.3570291700476,23.85818103540534,433.2565565089141,372.3570291700476
52,50,441.6371882334572,0.7968932441362387,0.5153928397141604,426.1650813233352,2.827145727966973,441.6371882334572,426.1650813233352
52,45,440.7765082387359,0.4125811216845972,0.5155534141435254,424.6632686087796,2.095565229539774,440.7765082387359,424.6632686087796
52,40,441.1875333305324,0.30627940138353665,0.5154319292958657,429.81315427190293,2.433544362431043,441.1875333305324,429.81315427190293
53,1600000,0.8755156134719676,0.021681057732050098,0.5312736355902073,121.41057724082509,2.051810806122796,0.8755156134719676,121.41057724082509
53,800000,1.0995589890398911,0.05230853221354601,0.5300990946404311,121.72938759558593,1.902161201630292,1.0995589890398911,121.72938759558593
53,400000,1.4766257602359085,0.039128121769414735,0.5274642994150085,122.88769141355556,0.9495527647748503,1.4766257602359085,122.88769141355556
53,200000,2.308673431368321,0.02189311706319228,0.5304382287768274,120.77614213634865,3.0667394918480384,2.308673431368321,120.77614213634865
53,100000,3.9752745544329167,0.07795571298501996,0.5281769503030956,122.4753511451038,0.16508200877171625,3.9752745544329167,122.4753511451038
53,40000,8.91482566029289,0.06201735289554752,0.5271203247185606,123.64370234230284,0.707361868887136,8.91482566029289,123.64370234230284
53,5000,64.6462410848716,0.11030892369296302,0.5298980330054459,126.05051202350607,3.0639774816232275,64.6462410848716,126.05051202350607
53,2000,155.39349866216799,0.30025854477957464,0.5330511883842465,138.1072761362445,0.9014707515107151,155.39349866216799,138.1072761362445
53,1500,205.81476310235132,0.1375494541856137,0.5320973847236664,146.8656249484062,0.4473071200373169,205.81476310235132,146.8656249484062
53,800,362.2081135353042,0.5197258686415241,0.5324197865264534,214.093023171485,0.4330888546338711,362.2081135353042,214.093023171485
53,700,430.4693525708094,0.6677746399346625,0.5332126664506067,317.7085621451235,0.3795288001169967,430.4693525708094,317.7085621451235
53,600,420.8268817910602,0.3608448718547958,0.5316280757711164,320.8241909172638,1.7360546949280007,420.8268817910602,320.8241909172638
53,550,417.6383439379217,0.7783116828308455,0.525520463505416,328.579054034881,3.562849295233707,417.6383439379217,328.579054034881
53,450,411.8601760729357,0.027706223566541795,0.5340963417201274,278.99857011685674,3.8797731162999662,411.8601760729357,278.99857011685674
53,380,413.8386913314645,9.20189213759163,0.5331538515238494,293.2222792969888,25.548479973016835,413.8386913314645,293.2222792969888
53,340,418.87048274654217,0.26477841595423024,0.5322740196140576,320.95458115067004,1.5964536150417603,418.87048274654217,320.95458115067004
53,220,434.47988339063994,9.626685918474701,0.5292968857833518,350.16590230778905,0.351356996686731,434.47988339063994,350.16590230778905
53,200,433.9480987898959,6.76678665458621,0.5277655595003707,350.9376774042493,0.9254321251295154,433.9480987898959,350.9376774042493
53,180,427.46919509839483,3.560920897609987,0.5316128693864755,338.0981526306497,2.7748721748730314,427.46919509839483,338.0981526306497
53,160,431.8122838079516,0.5452417973549443,0.5286878664245376,344.1448658340889,1.2248953497601591,431.8122838079516,344.1448658340889
53,120,429.3833039038796,1.6988157205063672,0.5271220643090048,341.51935885822644,2.4547304412785134,429.3833039038796,341.51935885822644
53,100,427.736886604693,0.8430336645683479,0.5280238380152245,348.6083174722375,0.6692754480075173,427.736886604693,348.6083174722375
53,90,428.0059141617373,0.08130628791145264,0.528530698700821,347.9280419984553,1.7596174581683424,428.0059141617373,347.9280419984553
53,70,424.5050643882145,0.05792002896244646,0.5316230528415292,344.9257163020847,1.2860903162351287,424.5050643882145,344.9257163020847
53,65,425.4050927163169,0.29207299617493626,0.5276148969414306,339.1086846832289,2.621213340980757,425.4050927163169,339.1086846832289
53,35,434.2400074967349,0.3024518152497452,0.5341560944963456,393.20594856772504,2.1148769868508897,434.2400074967349,393.20594856772504
53,30,435.27595712080006,0.688315189039814,0.5341743425143518,401.95973658201183,1.3006172189065064,435.27595712080006,401.95973658201183
53,25,440.39266547489495,1.0713094393107427,0.5338767697294293,444.0695993189075,0.3263519919709361,440.39266547489495,444.0695993189075
53,20,447.4947467432625,0.7216288307908714,0.5335907411559142,491.04182386068805,0.9298673718315023,447.4947467432625,491.04182386068805
53,15,453.98117039786666,0.845340922328922,0.5331785906545364,535.8937781087307,1.6947578777629466,453.98117039786666,535.8937781087307
53,10,461.55930903908967,0.6845769462558635,0.5332284064514264,588.8639507431466,0.43796834031189646,461.55930903908967,588.8639507431466
53,5,463.20205323182176,0.7028156164013512,0.5334459213205508,602.6983919121632,0.046506563576337444,463.20205323182176,602.6983919121632
53,0,464.3594197829571,0.3331985936456183,0.5332912554046506,603.3776868480596,0.05801337538313339,464.3594197829571,603.3776868480596
54,1600000,0.8683196928675434,0.02814519188686428,0.5392661962548964,122.15832586282902,1.6885759972358945,0.8683196928675434,122.15832586282902
54,800000,1.093153554664488,0.05278856169520603,0.540541828319295,121.96422728373128,1.7041240714081418,1.093153554664488,121.96422728373128
54,400000,1.4970417580133297,0.051514590379296434,0.5392968154911136,123.54313865787505,1.2264381076725348,1.4970417580133297,123.54313865787505
54,200000,2.293739213962893,0.05195057328291829,0.5408791614839898,121.60980655696278,3.421173178078387,2.293739213962893,121.60980655696278
54,100000,3.83067927433044,0.10044375278786567,0.5417175569862357,123.5659743050973,1.6340311556084937,3.83067927433044,123.5659743050973
54,40000,8.372033925765143,0.023834013124685857,0.5405501320271074,123.55079604067298,0.5321030162214447,8.372033925765143,123.55079604067298
54,5000,61.27103978438503,0.1875455649023662,0.53847147284441,126.18708267515917,3.7754986321871344,61.27103978438503,126.18708267515917
54,3000,101.33258137626535,2.191671021130476,0.5384939298160977,131.50851196983203,0.7488127361149349,101.33258137626535,131.50851196983203
54,2000,145.74276823068746,0.38031474130857224,0.5414846524103559,135.44198801570812,3.176322982834439,145.74276823068746,135.44198801570812
54,1500,193.43775360595873,0.1497002230755641,0.5403133246829395,142.75351261886968,3.0252389400822057,193.43775360595873,142.75351261886968
54,1000,299.08220060720834,10.778607285241375,0.5412335624276627,168.84934391902593,4.908452333179189,299.08220060720834,168.84934391902593
54,700,414.6667448991188,1.4978803024876313,0.5367399584768148,290.47893330608434,0.6643961064471209,414.6667448991188,290.47893330608434
54,340,422.8889942071285,0.699061603392046,0.5362940608818926,320.85305946285007,0.7609738157429506,422.8889942071285,320.85305946285007
54,260,424.0314650420165,1.3301900866180667,0.5397819142747711,326.03499123671253,6.729723577605229,424.0314650420165,326.03499123671253
54,220,430.18388133849794,7.470831431198803,0.5393725084857971,335.5136525207712,9.334424571203472,430.18388133849794,335.5136525207712
54,200,427.59955186752313,4.268211868412063,0.5384457128070693,334.9163671825567,4.456917744453838,427.59955186752313,334.9163671825567
54,140,433.4886875096651,0.3640098015647384,0.535373239847762,338.496041269164,1.0383898797554283,433.4886875096651,338.496041269164
54,120,425.2595376197913,0.5734455418184379,0.5432179348138567,339.02361681413475,2.006217523071773,425.2595376197913,339.02361681413475
54,60,424.9884519634973,0.5359150344666493,0.5369332712317585,349.3207799738445,1.0684277789048024,424.9884519634973,349.3207799738445
54,55,427.7700048070901,0.5111052565520097,0.5364267389335651,353.05148152787297,1.6191984107544382,427.7700048070901,353.05148152787297
54,50,428.0274006899517,0.6220290105064112,0.5377522270172023,356.0529332531351,1.6490269594293425,428.0274006899517,356.0529332531351
54,45,427.7794679792218,0.9198264390933545,0.5373372152871819,352.437417935778,0.9126311844078934,427.7794679792218,352.437417935778
54,40,427.51122308848704,1.055700827487701,0.5366197769160062,357.04803765577805,0.28910176803792526,427.51122308848704,357.04803765577805
55,1600000,0.8519669696511295,0.02361627455279741,0.5489745402994435,122.28843369408509,0.954199893717204,0.8519669696511295,122.28843369408509
55,800000,1.0621743745369303,0.03256144188570633,0.549588918262279,122.09933505614985,1.5980166594510037,1.0621743745369303,122.09933505614985
55,400000,1.47645370766329,0.02258950744899381,0.5495357111208568,121.05604329081936,3.0667852734114835,1.47645370766329,121.05604329081936
55,200000,2.2720848529992845,0.07285188689042282,0.5513036008550576,123.4366875744105,1.0893443212615763,2.2720848529992845,123.4366875744105
55,100000,3.868474530461987,0.11396010046838781,0.5496282963727436,123.26037112076426,0.9282178796511025,3.868474530461987,123.26037112076426
55,40000,8.886437666905982,0.027311659566744962,0.5475909446862312,122.83424825622016,0.19233238667883482,8.886437666905982,122.83424825622016
55,5000,64.78374272771083,0.09136446582799213,0.547122500052911,128.1017372127064,0.47048839627055933,64.78374272771083,128.1017372127064
55,3000,106.46777505970836,0.20681473280908746,0.5482842883097944,128.25851720488967,3.156819137614166,106.46777505970836,128.25851720488967
55,2000,155.81987179139867,0.18731789035417123,0.550396717189792,139.0158660754312,0.28816831134444904,155.81987179139867,139.0158660754312
55,1500,205.8113716112152,0.467899071882288,0.5499801504310244,146.5900115333843,0.32617097627232544,205.8113716112152,146.5900115333843
55,900,337.317241869474,13.520114870682551,0.5506873589358792,192.23363718447322,11.255546172187458,337.317241869474,192.23363718447322
55,700,429.39420757449057,1.0680733480446936,0.5502873671380423,308.6374363187663,0.2989173653310942,429.39420757449057,308.6374363187663
55,450,395.1583023024758,,0.553727201896507,273.19763897044044,4.6728600283591755,395.1583023024758,273.19763897044044
55,380,417.61497965329755,1.212792068093592,0.5477207054118757,314.7227026995931,1.4818485408537823,417.61497965329755,314.7227026995931
55,260,434.84129068645984,6.284138134946826,0.5526274120073166,334.2356917423331,3.273891573087014,434.84129068645984,334.2356917423331
55,220,430.9465462679336,1.0062544932662256,0.5478449699282387,332.7079303769196,0.3236390213535845,430.9465462679336,332.7079303769196
55,160,432.7685176012988,0.589723430021163,0.5485216495081434,335.9666446207772,0.7984350615875649,432.7685176012988,335.9666446207772
55,140,438.9807187154393,0.7053224668588314,0.5498030726768939,343.5539595005318,1.910233218018171,438.9807187154393,343.5539595005318
55,35,443.8521815255527,1.4436323367966275,0.5543652822562816,387.8020494776338,0.63842237297009,443.8521815255527,387.8020494776338
55,30,446.1209281679715,0.46921193888755874,0.5544030883061349,400.58351305350646,2.4461582860739437,446.1209281679715,400.58351305350646
55,25,452.8820467680068,0.329641472577007,0.5538661750045759,455.0796835970241,0.44296923111236003,452.8820467680068,455.0796835970241
55,20,458.45411426472765,0.8874969216638214,0.5534343825865099,504.13679027041354,0.09092667983884281,458.45411426472765,504.13679027041354
55,15,463.5716071250336,0.6102560546537665,0.5531721858818374,549.5930411895487,1.2346958317121484,463.5716071250336,549.5930411895487
55,10,466.87826831681474,0.22724961142367317,0.5532217865308188,587.8900568033355,0.596421872298493,466.87826831681474,587.8900568033355
55,5,466.9617675316992,1.1727206898167324,0.5532132708541616,595.5457265621345,0.720650691004614,466.9617675316992,595.5457265621345
55,0,468.8491090739449,1.0479219266621371,0.5530737373535984,596.3997996580252,0.8459942925091266,468.8491090739449,596.3997996580252
56,1600000,0.8579802853475237,0.01755781735382583,0.5572204250119374,122.74010530790777,0.7811496191760889,0.8579802853475237,122.74010530790777
56,800000,1.0258481552853194,0.03346172991949289,0.5591931928505619,122.09206146204852,1.4684052551198445,1.0258481552853194,122.09206146204852
56,400000,1.4604376767698932,0.032457400857574675,0.5602499059847122,121.92393638157995,2.847757080663199,1.4604376767698932,121.92393638157995
56,200000,2.312958558235832,0.07329608920389702,0.5589352875830844,123.13298903828183,0.8388210340340481,2.312958558235832,123.13298903828183
56,100000,3.8924633613829345,0.08091443165244702,0.5594977415246251,123.44831500867474,0.7276843599366588,3.8924633613829345,123.44831500867474
56,40000,8.610766148112628,0.2474954650806066,0.5590817282698494,123.46650563373976,0.7747781603204964,8.610766148112628,123.46650563373976
56,5000,62.50756780456059,2.198578043246035,0.5616393539983583,126.81853275041097,2.3199387837850978,62.50756780456059,126.81853275041097
56,3000,97.63271506836706,0.26673161718522675,0.5647313106305353,131.74518360608707,0.24131664499106978,97.63271506836706,131.74518360608707
56,2000,148.2986682251441,0.27212481911584174,0.5593894102764775,137.7412192227878,0.6717334482188443,148.2986682251441,137.7412192227878
56,1500,194.56220289150107,0.2694339710682973,0.5605621141488796,144.6116820554073,0.5583248454748351,194.56220289150107,144.6116820554073
56,1000,311.6813212054349,0.6847353021239515,0.5588276198370953,173.71141536618094,0.11302336906979832,311.6813212054349,173.71141536618094
56,800,387.66007880348246,13.67227819059384,0.56131274899151,243.03748909015306,19.35130853155563,387.66007880348246,243.03748909015306
56,700,422.8445121112141,2.6525115651755122,0.5612077521281812,297.72278893553727,0.7670287843186739,422.8445121112141,297.72278893553727
56,600,421.5341421998282,1.3773479307937955,0.5586328394658494,304.68922055840346,5.149960755543049,421.5341421998282,304.68922055840346
56,550,416.8481292866697,2.462144820654592,0.5623705343894149,300.19839880390924,1.5144671656527997,416.8481292866697,300.19839880390924
56,450,400.7704177096472,7.764053461186309,0.5578895740717593,268.15558779368297,12.272514857120846,400.7704177096472,268.15558779368297
56,300,421.40834554182703,0.6902143854694732,0.5567533115037433,317.5264232442408,2.546790842570631,421.40834554182703,317.5264232442408
56,260,426.4612495671463,5.34283901577554,0.5584052068663422,323.018542308845,4.791632693203286,426.4612495671463,323.018542308845
56,200,430.1794612170258,0.7527528508035458,0.5619404223405932,324.85406268572706,0.8867054448179544,430.1794612170258,324.85406268572706
56,180,433.9797432598141,5.380127058249642,0.5582892374146162,330.79240268948587,0.7920960197568798,433.9797432598141,330.79240268948587
56,160,427.07557302521485,9.772120734893429,0.5614544088723632,316.60437576587145,22.24229234312036,427.07557302521485,316.60437576587145
56,140,423.9825738854982,3.5621591545306988,0.5563318096361577,326.28324129302763,2.0945826003399888,423.9825738854982,326.28324129302763
56,90,423.59424095033165,0.30191996289776335,0.5635994929226822,334.68850664477714,1.919302394290075,423.59424095033165,334.68850664477714
56,80,422.9460684002106,0.2521839882813709,0.5605133588628756,336.28193056041636,1.986608636896513,422.9460684002106,336.28193056041636
56,70,424.1386967403029,0.8493740039841159,0.5590635430046494,336.5142453111539,0.46119260037218807,424.1386967403029,336.5142453111539
56,65,423.2131221262664,0.3034543172720453,0.5558266616311252,337.782740158177,2.2026299803417326,423.2131221262664,337.782740158177
56,60,433.3446132590484,0.2134620786032104,0.5603824645219262,342.1784849152595,1.3057388563429042,433.3446132590484,342.1784849152595
56,55,435.4630192234733,0.3259554110764982,0.560002822458781,346.38632098668063,0.8801794574962255,435.4630192234733,346.38632098668063
56,50,435.56479291749423,1.0209764303381583,0.5603878561811588,343.3508097374281,3.357394429041081,435.56479291749423,343.3508097374281
56,45,435.8653476932048,0.8960211280165055,0.5588227747085894,345.92074798038476,3.492169162506279,435.8653476932048,345.92074798038476
56,40,435.85637885748775,0.28220406835798023,0.5578467815663187,348.0470053799274,0.6662263149580046,435.85637885748775,348.0470053799274
57,1600000,0.8187029288194035,0.008162494579043287,0.572533415710207,122.30048828450873,1.6048445060852718,0.8187029288194035,122.30048828450873
57,800000,1.0248408986750002,0.03464524084624967,0.5677397237964423,121.61138508294162,1.5556345921224402,1.0248408986750002,121.61138508294162
57,400000,1.4416665388706076,0.05902031015072234,0.5690545504481395,121.30355332705695,2.2470354330665265,1.4416665388706076,121.30355332705695
57,200000,2.236513894165712,0.045970653413145435,0.5694789295631701,122.76356745217208,1.7584193939715391,2.236513894165712,122.76356745217208
57,100000,3.851693633234642,0.10919310340901012,0.5695570801471617,120.65750196660325,2.424544145268073,3.851693633234642,120.65750196660325
57,40000,8.30693761361425,0.024109573297972618,0.5699861114098157,121.41577468214224,2.8761559748626664,8.30693761361425,121.41577468214224
57,3000,101.89368887647879,2.6995279056478974,0.5699440367307723,131.24788404492264,0.41356605357678083,101.89368887647879,131.24788404492264
57,2000,154.45268880156976,0.7390380329206143,0.5669139166458015,137.21783081664753,0.04157139808557604,154.45268880156976,137.21783081664753
57,1500,198.5144238733288,7.097253167413439,0.5703155184220814,144.91687407871493,1.2075630427577266,198.5144238733288,144.91687407871493
57,1000,291.8307180768866,0.7316678044647426,0.5652255708245774,164.36727125648352,1.0145711488787623,291.8307180768866,164.36727125648352
57,900,354.89308825231706,0.5186047617755282,0.5722640924965977,204.381796510641,0.38239437467800474,354.89308825231706,204.381796510641
57,700,431.1118151945506,0.372306551446429,0.5705888151265093,301.7028222846592,0.3659908587114262,431.1118151945506,301.7028222846592
57,550,418.4357402029495,4.1719007781724935,0.5680058875071116,294.9478359799445,10.065344293790146,418.4357402029495,294.9478359799445
57,340,420.25954626922413,0.17049554774161718,0.5733752124506916,308.14383079342775,0.6356380359246828,420.25954626922413,308.14383079342775
57,300,426.8795929984119,6.801785555064054,0.5731946153617774,312.21817044017274,2.547319415433271,426.8795929984119,312.21817044017274
57,220,430.3066056531455,1.120459736684026,0.5689113682921522,319.8371295564793,1.7607487775187172,430.3066056531455,319.8371295564793
57,200,437.3283883692652,0.3365910318977113,0.57209311182863,330.45508214751294,0.9383566187400998,437.3283883692652,330.45508214751294
57,180,439.41866295650163,1.6482017040314916,0.5663605842730716,335.21507785715306,1.9320319994556951,439.41866295650163,335.21507785715306
57,100,423.43533231976335,0.67488178520198,0.5658462185369756,331.6169303252189,1.2152552696025272,423.43533231976335,331.6169303252189
57,35,440.13626087157877,1.5539534777797395,0.5737788274422447,360.624944516139,1.1890518787666473,440.13626087157877,360.624944516139
57,30,442.498154693621,0.5906306637992652,0.5736315919732456,365.4431762277532,1.6564343721955732,442.498154693621,365.4431762277532
57,25,447.66338351128974,1.518616721904323,0.5732377555282079,412.80596283326855,1.3692042948197725,447.66338351128974,412.80596283326855
57,20,453.70692570459295,0.8781270698853839,0.5729722697482725,464.3017219893536,2.2493669942346233,453.70692570459295,464.3017219893536
57,15,460.72454731289594,0.9844849184145006,0.57285758210713,510.92180077819074,0.49562999469853697,460.72454731289594,510.92180077819074
57,10,465.17798480039846,4.171079346009088,0.5729315458653131,566.7196068880172,0.4620284229359052,465.17798480039846,566.7196068880172
57,5,469.2943489110326,0.09163600530384014,0.5730670552761777,578.3858664829023,0.5085655885292129,469.2943489110326,578.3858664829023
57,0,470.0247707489603,0.7110244368160195,0.5730340730891305,578.7648421744807,0.9522223265436963,470.0247707489603,578.7648421744807
58,1600000,0.8196622237336388,,0.5793916735660946,121.1211969329759,0.3771981438984301,0.8196622237336388,121.1211969329759
58,800000,1.0008307930892018,0.023197428802836297,0.5805790107313494,122.85828731094713,1.0663021454975572,1.0008307930892018,122.85828731094713
58,400000,1.3968532943795662,0.048141147517682024,0.5794224895794194,121.92834894368207,1.5821479374050411,1.3968532943795662,121.92834894368207
58,200000,2.2002659142074896,0.06943853576782366,0.580129757172695,120.58140422776019,2.8149144353508087,2.2002659142074896,120.58140422776019
58,100000,3.763947468065353,0.06582988073687157,0.5801990866456956,122.29069442636558,2.396557219896929,3.763947468065353,122.29069442636558
58,40000,8.48397837845163,0.27315134973433636,0.5805259901197642,121.11617928613136,3.298235502244558,8.48397837845163,121.11617928613136
58,5000,57.379108600118435,0.2177346699804004,0.5845568119120049,127.9616113807741,0.3852461786988139,57.379108600118435,127.9616113807741
58,2000,149.64062472906676,5.657351232103409,0.5800763942989953,137.72206293344914,0.9939923296649971,149.64062472906676,137.72206293344914
58,1500,204.0163899044336,0.6034504445601891,0.5839959094582446,146.27301555852276,0.29190742469347786,204.0163899044336,146.27301555852276
58,1000,298.7648287800796,13.04587981665344,0.577195589601133,167.15755714994572,4.983768439428812,298.7648287800796,167.15755714994572
58,900,329.77633737984553,0.0914463488133987,0.5760291603980341,183.62441533078854,0.24145050381737662,329.77633737984553,183.62441533078854
58,800,405.51967910699267,0.7568926276686804,0.579755692102667,262.53675173445805,1.328923682588954,405.51967910699267,262.53675173445805
58,700,423.3300565488452,0.9983287213152748,0.5796498347047581,295.4108653366992,1.8456890382065025,423.3300565488452,295.4108653366992
58,300,426.57862995473175,0.6464348381028783,0.5797561399021443,301.3791924049217,12.15860197989303,426.57862995473175,301.3791924049217
58,260,426.3363844941819,0.6860606862345519,0.584050405929864,308.34142066102646,0.8084723617315388,426.3363844941819,308.34142066102646
58,220,437.1046883744729,1.0632982162605422,0.578983982824777,324.4441370725034,0.6141430466448311,437.1046883744729,324.4441370725034
58,180,421.0136189629996,3.352592646214173,0.5811624550613581,311.67702534824645,2.2491956480685684,421.0136189629996,311.67702534824645
58,120,425.7808030678216,1.7028333248487213,0.5770637302216964,327.43533664396,2.2776425026709965,425.7808030678216,327.43533664396
58,40,433.27371458411227,1.7950545663898538,0.5847488073562563,325.12660975392237,3.0882676736181756,433.27371458411227,325.12660975392237
59,800000,0.994549383641878,0.027817154892156096,0.5909460097143678,122.41398948194352,1.1238919589669467,0.994549383641878,122.41398948194352
59,400000,1.3307124403753476,0.06012734610741643,0.5913083438242259,122.83804012003898,0.8100481775021258,1.3307124403753476,122.83804012003898
59,200000,2.1402835690936475,0.05131334567324129,0.590151459284805,121.85380016173382,2.183464380025116,2.1402835690936475,121.85380016173382
59,100000,3.677244242164214,0.08580489739109529,0.5890322040087804,121.1379265372078,2.8222098671677416,3.677244242164214,121.1379265372078
59,40000,8.294810374835585,0.26959243118750426,0.5895924153499611,122.94318902540645,0.28494733941897243,8.294810374835585,122.94318902540645
59,5000,61.02591797061743,1.837324642768288,0.5883692875693823,127.50352196631708,0.6993345093805222,61.02591797061743,127.50352196631708
59,3000,101.2918289406778,2.1781184775302975,0.589430500544755,131.19906383983965,2.101744076060831,101.2918289406778,131.19906383983965
59,2000,146.57005131354146,3.1781807546035474,0.5926379410705008,137.0027730585089,0.6448060508052345,146.57005131354146,137.0027730585089
59,1500,193.3297558243336,5.008639299029151,0.5922962876334089,144.34383058084032,1.429941700282394,193.3297558243336,144.34383058084032
59,1000,292.6888424990652,17.80686880585187,0.5934563497422923,164.77861061611614,6.611833516136697,292.6888424990652,164.77861061611614
59,900,342.01521911437885,18.105464252843376,0.5912649119159562,193.4019693950319,12.751409457587801,342.01521911437885,193.4019693950319
59,800,384.20100711045444,0.43421645551398524,0.5910290221383524,230.74013275657163,0.9997844092717135,384.20100711045444,230.74013275657163
59,700,428.673492209832,0.31200188194139383,0.586688364392861,293.22220688073213,1.4734283736478468,428.673492209832,293.22220688073213
59,600,426.0025160606398,1.2877938126677415,0.5944025430020881,290.6542016046363,2.0714308049593693,426.0025160606398,290.6542016046363
59,380,419.53428362970726,0.3887158966749383,0.591053396174003,296.2511570980448,1.6452438854850402,419.53428362970726,296.2511570980448
59,340,422.15107864276206,2.3906131473648555,0.5909495172959537,302.0582553641961,0.3547701576098502,422.15107864276206,302.0582553641961
59,260,435.33990787610304,0.22317662504240063,0.5940761128136934,311.61386101122065,0.46249166694081756,435.33990787610304,311.61386101122065
59,200,421.2345110593986,3.328869211290662,0.5872325524644831,305.6638630522211,1.4742657971530186,421.2345110593986,305.6638630522211
59,80,434.3503594882945,0.806088087114529,0.5921941632949327,331.2612930006754,1.6955871862838094,434.3503594882945,331.2612930006754
59,70,434.56717219576694,0.202410934672662,0.5915670820933628,328.85007400211714,0.13018788612401413,434.56717219576694,328.85007400211714
59,65,436.16852046832884,0.7782372477350165,0.5864609149204904,336.75082027998315,0.5805957678613936,436.16852046832884,336.75082027998315
59,60,430.0037591844039,1.685018505305823,0.5912716092522436,322.062328939844,1.9158847725071668,430.0037591844039,322.062328939844
59,55,429.9674129297855,1.392796787778851,0.5895716886557438,327.8627515948274,3.6208698305866864,429.9674129297855,327.8627515948274
59,50,431.32476723750887,1.7118132208121328,0.5902468141300817,328.4079648047669,3.3360264195062785,431.32476723750887,328.4079648047669
59,45,431.35029875881537,1.038120969040493,0.5874875773427358,323.1489679234172,4.202750182570251,431.35029875881537,323.1489679234172
59,35,448.4631724124591,0.14444360870371595,0.5933213162877781,354.6923216915293,0.72825404065383,448.4631724124591,354.6923216915293
59,30,448.60370396504726,0.9446732382474972,0.593408797834207,361.65898574623424,1.1277150138991312,448.60370396504726,361.65898574623424
59,25,455.2425413322028,0.811916026306865,0.5933064180357485,408.89810997581594,0.37434870249975116,455.2425413322028,408.89810997581594
59,20,461.6251512241477,0.9895816817742382,0.5929139093317278,465.963696179303,0.11307738576121128,461.6251512241477,465.963696179303
59,15,467.2153938818042,0.2799851258421928,0.5927624841806605,516.8433140397016,0.7013152535919223,467.2153938818042,516.8433140397016
59,10,474.59003109797976,4.348287874617248,0.592885473266011,559.4556802253338,0.5770595209211995,474.59003109797976,559.4556802253338
59,5,472.84122322569283,1.4434879571862609,0.5930090927712562,567.983189040507,0.20467692556270553,472.84122322569283,567.983189040507
59,0,472.76306549198495,0.8967669525127012,0.5931242568747247,568.1309931291744,0.9910876298806374,472.76306549198495,568.1309931291744
60,800000,0.9674221060606588,0.037576316902643285,0.5999675798097204,122.18683616957982,0.7772666990180787,0.9674221060606588,122.18683616957982
60,400000,1.337207067119788,0.049564222143274834,0.5999859573720071,122.0934707005606,0.7042754071490147,1.337207067119788,122.0934707005606
60,200000,2.036985682523292,0.0545098126067998,0.5990640706266954,122.80639299497282,0.6738492318555918,2.036985682523292,122.80639299497282
60,100000,3.6043412994043034,0.12535771937544013,0.5999823429922075,121.93697474523354,2.226250688716566,3.6043412994043034,121.93697474523354
60,40000,8.139834744364398,0.3094128181252724,0.6007755047802538,122.35426925804614,2.3436996208636462,8.139834744364398,122.35426925804614
60,5000,58.95176728094042,0.4945708037994577,0.6002279315013812,127.8790456973406,0.9647272436439653,58.95176728094042,127.8790456973406
60,2000,139.53936267947208,0.10897864905876704,0.6047557669560627,136.11914039898926,0.4378091703975527,139.53936267947208,136.11914039898926
60,1500,184.68944846342825,0.16455460627941154,0.6034984802994042,142.6190968900274,0.6161575275304754,184.68944846342825,142.6190968900274
60,1000,284.3998627442328,13.053662357595927,0.6013055723376856,160.90838305046904,4.451485887976708,284.3998627442328,160.90838305046904
60,900,311.4262409407955,1.0506410969668833,0.602713286390178,175.12044462112286,0.42470552471602396,311.4262409407955,175.12044462112286
60,800,407.69313327909725,0.7375301654955043,0.5999409465447868,259.23666245758795,0.1893436517893514,407.69313327909725,259.23666245758795
60,700,424.3573741453263,0.22681637681064212,0.5982018289232032,288.46333109478377,2.5210466656222943,424.3573741453263,288.46333109478377
60,600,426.62696500060366,2.7372001278037046,0.5994593623894752,284.51934215676926,1.941861341766263,426.62696500060366,284.51934215676926
60,340,423.2627574234339,1.581395633404697,0.6005651140493314,286.0170168648513,7.441554350572479,423.2627574234339,286.0170168648513
60,300,422.492244199667,0.5739455855724774,0.5996557668487896,297.6482442058368,0.6323972540577012,422.492244199667,297.6482442058368
60,220,423.2157716455715,0.825795647860646,0.5952737307727497,301.485731860969,1.1161208044771478,423.2157716455715,301.485731860969
60,140,432.30823402149485,0.18333236776762024,0.603799381747993,310.20091380460366,0.9478849536408359,432.30823402149485,310.20091380460366
60,100,434.2065994625203,0.8201804409145763,0.5993917181332872,325.7955147845703,1.849928695545928,434.2065994625203,325.7955147845703
60,90,434.620849950271,0.15452780242660424,0.5954256435211338,329.97210124679015,0.6482039935031886,434.620849950271,329.97210124679015
60,40,439.47689355903594,1.49154318963451,0.6044487041966751,321.3175434311727,0.8067125166143665,439.47689355903594,321.3175434311727
61,800000,0.9540823524237986,0.027707002410343073,0.6101737037283791,121.77222431719413,1.5933972520096105,0.9540823524237986,121.77222431719413
61,400000,1.2512328381826248,0.0061173783223665975,0.6086308535661479,121.30236189710384,4.063235896648903,1.2512328381826248,121.30236189710384
61,200000,2.0343962544781458,0.04585376120738665,0.6126994058723083,121.50116960885713,2.2899430884977683,2.0343962544781458,121.50116960885713
61,100000,3.4925112065716237,0.10631882847961267,0.6100057212918025,122.71637501565387,2.917674024164305,3.4925112065716237,122.71637501565387
61,40000,7.959765056229564,0.3382510781423745,0.6103057997920118,120.06135071189209,2.1951681027913126,7.959765056229564,120.06135071189209
61,5000,59.46807529464161,2.1392702151293386,0.6092886204100479,125.68815856286389,2.8513133056414453,59.46807529464161,125.68815856286389
61,3000,95.79825373504853,4.1021533775148304,0.6086586988280568,130.5936300787632,2.089959660170818,95.79825373504853,130.5936300787632
61,2000,144.42056065401206,6.33224752093683,0.6085339795992464,136.38318329716762,1.2240017901944267,144.42056065401206,136.38318329716762
61,1500,190.4379510723081,8.73791200095004,0.6091659057541418,143.57726148650804,1.7771080132117771,190.4379510723081,143.57726148650804
61,1000,282.9036978541023,13.349422814012222,0.6138733508962122,161.01586061945645,4.8992660071445755,282.9036978541023,161.01586061945645
61,900,331.1247676643928,21.755896329144377,0.60798265068176,185.29295251467562,13.407037084315977,331.1247676643928,185.29295251467562
61,800,380.5975627595438,17.511238805438367,0.6097257414720364,227.77573458265454,18.06052532770018,380.5975627595438,227.77573458265454
61,700,424.705427299421,0.8182795740753234,0.6103062620303747,286.0208858654521,2.9315186802545137,424.705427299421,286.0208858654521
61,550,425.31662893162263,3.0419801323342854,0.610092835763345,286.6508644467778,2.507744679179412,425.31662893162263,286.6508644467778
61,380,419.9273856715376,4.094264055144493,0.6092157731041049,285.92076737422195,12.64953073553486,419.9273856715376,285.92076737422195
61,340,419.5997674520234,,0.6148876586562991,284.4728272999925,0.20677024366118307,419.5997674520234,284.4728272999925
61,300,430.83327505367873,1.1039139795449866,0.6117946988103052,298.7077590535964,1.3629395784854756,430.83327505367873,298.7077590535964
61,260,423.3298769559831,0.8425040788911863,0.6097541145427346,294.40162290619355,0.7879916432319246,423.3298769559831,294.40162290619355
61,220,419.8054682571097,0.4415416959464477,0.6120525539062983,292.9266758924861,1.2271240962373537,419.8054682571097,292.9266758924861
61,160,428.7618684128294,0.31338422866722415,0.6145218094167092,304.0162477914924,0.7414626718668323,428.7618684128294,304.0162477914924
61,120,433.664118423144,0.3956613959599663,0.6109945947931892,318.5751823224015,1.0154365828208596,433.664118423144,318.5751823224015
61,65,431.0865269635631,,0.6149961983721055,311.82909462999635,0.8530402668090548,431.0865269635631,311.82909462999635
61,60,437.6190778937412,1.4091689995820524,0.6129138085193989,321.7170364822543,0.2516318795340648,437.6190778937412,321.7170364822543
61,55,439.2660797724191,0.711660219148206,0.6121433308623055,323.28003358540104,1.339652692103618,439.2660797724191,323.28003358540104
61,50,439.1524867141564,1.400276419943282,0.6102806006488457,318.8147272996642,0.7699649315640625,439.1524867141564,318.8147272996642
61,45,438.06040896272515,0.2106860546845127,0.6074622976723698,319.72314910891976,0.4992983327689641,438.06040896272515,319.72314910891976
61,35,445.5936422653079,0.23846773856495912,0.6130567293401531,341.33586661996304,1.9424985730202107,445.5936422653079,341.33586661996304
61,30,447.8276426337886,0.13845412561083362,0.6130120871123177,348.88599412103446,0.12683825664996184,447.8276426337886,348.88599412103446
61,25,452.5161069742863,0.60105189818219,0.6128489581811366,395.01308304043033,1.5083057087068352,452.5161069742863,395.01308304043033
61,20,458.83191978380484,0.6266047103712404,0.6126038423722272,446.7881391781237,0.6763703173861498,458.83191978380484,446.7881391781237
61,15,465.9927631593261,0.373770831505907,0.6125408089182434,492.90741728748327,0.374586300355214,465.9927631593261,492.90741728748327
61,10,473.01197907409846,1.2177329592653088,0.6128333076782211,543.1689488757296,0.1610785564915822,473.01197907409846,543.1689488757296
61,5,474.4551028379506,0.9354435553139246,0.6130170780134282,552.7086541803346,0.445009935010038,474.4551028379506,552.7086541803346
61,0,474.1632033655967,0.5945352219366504,0.6130192402404299,553.6593946840675,0.5985773982318069,474.1632033655967,553.6593946840675
62,800000,0.9537889198113177,0.04902489012466494,0.6179747876280639,122.52081623399476,1.0829270981365442,0.9537889198113177,122.52081623399476
62,400000,1.2918187295513182,0.030753064894115462,0.618736281205463,122.70659303661108,1.406584135993895,1.2918187295513182,122.70659303661108
62,200000,1.9610154494963556,0.12827351594581302,0.6173303924277407,122.6570506878927,0.5520493341271833,1.9610154494963556,122.6570506878927
62,100000,3.287861023494502,0.03095119991778054,0.6186223515550193,121.73726860494862,3.688993590891251,3.287861023494502,121.73726860494862
62,40000,7.807172242903927,0.30937965462237493,0.6205725144355376,121.68957654176216,1.9992842190052287,7.807172242903927,121.68957654176216
62,5000,56.02987949591896,0.05648315209608347,0.6227837724522056,125.5279427672856,3.3420355643974604,56.02987949591896,125.5279427672856
62,3000,94.87153997861388,2.7783337786174975,0.6214758324235115,129.67449757296723,3.3595041456178802,94.87153997861388,129.67449757296723
62,2000,145.0682451098388,1.8192822555844599,0.6190205552211175,134.8312950859848,3.0315886568145842,145.0682451098388,134.8312950859848
62,1500,191.14435070709578,0.01227233821406054,0.6181209271331681,143.37597083111896,0.5514523916348639,191.14435070709578,143.37597083111896
62,1000,287.72854538233213,0.4450340092785384,0.6228542586085248,161.38846242839048,0.8850043746706248,287.72854538233213,161.38846242839048
62,900,320.0807947553997,15.992625200462196,0.6213361994619243,178.05638832859015,9.642227263522017,320.0807947553997,178.05638832859015
62,800,370.763985115615,18.849251689748492,0.6211853225670921,217.343436134859,16.07659028013652,370.763985115615,217.343436134859
62,700,420.1535918327094,7.126370089467871,0.6201661010128415,272.4176198522424,9.195309856554,420.1535918327094,272.4176198522424
62,550,430.6055123682486,0.08753546341200295,0.6156454997282677,284.03132881295375,2.194989636277845,430.6055123682486,284.03132881295375
62,450,416.2907368399797,1.2925287273964077,0.6191520593354956,276.48732681209134,2.895202205702758,416.2907368399797,276.48732681209134
62,380,428.1677853700689,0.5896651231342237,0.6213385626568592,286.68531670330214,0.18467302313127973,428.1677853700689,286.68531670330214
62,300,424.1997006439715,0.2982532620378893,0.623513609511291,285.8428782790599,2.430675669714507,424.1997006439715,285.8428782790599
62,260,423.0542754071587,0.37116953631456345,0.6221753791056259,285.598707366657,1.4289830138793296,423.0542754071587,285.598707366657
62,180,428.69046011372666,0.7211982693442783,0.6196361463747726,300.2598488727628,1.1383111763986724,428.69046011372666,300.2598488727628
62,100,425.13379293552936,3.287115902535302,0.6238019490273939,308.2427796053366,3.3947394950833716,425.13379293552936,308.2427796053366
62,90,426.6316593758593,3.5707574566851177,0.6219468660231265,313.05980781304254,1.178369940781979,426.6316593758593,313.05980781304254
62,80,429.419403159769,0.3087707392200117,0.6197630408754251,308.7177254388907,0.3560842022616623,429.419403159769,308.7177254388907
62,70,428.16680280921884,1.5458289724938714,0.6183688327486326,316.49874749780895,1.1763960689013024,428.16680280921884,316.49874749780895
63,400000,1.2988078585597282,0.05592798818651247,0.632182560625756,122.31371285071685,0.5572095051922584,1.2988078585597282,122.31371285071685
63,200000,1.9106436190306655,0.016823950341558997,0.6310619323393422,121.52325141508686,2.2964134393027753,1.9106436190306655,121.52325141508686
63,100000,3.3780914281570147,0.22889025569466626,0.6309000640920053,122.47518103292526,2.2202136343185717,3.3780914281570147,122.47518103292526
63,40000,7.290835547084872,0.12156628672055192,0.6289453077132643,123.18884795766046,1.483908641758924,7.290835547084872,123.18884795766046
63,5000,57.277671227012114,1.9721148392552834,0.6269366226744134,127.35246952124034,0.5419246623496389,57.277671227012114,127.35246952124034
63,3000,93.6642641948943,3.380913369072141,0.6279737555875574,129.89985688194363,2.411323163463563,93.6642641948943,129.89985688194363
63,2000,136.35065632165697,4.462366329831836,0.6304433896767485,134.8124250369941,1.7221477645019823,136.35065632165697,134.8124250369941
63,1500,182.21748737058178,4.130331306475996,0.6283685504224006,142.0136170076195,0.8379389061396219,182.21748737058178,142.0136170076195
63,1000,272.6794930390369,6.3594085838078565,0.6312120304982481,156.76534207834825,2.0178060146002337,272.6794930390369,156.76534207834825
63,900,312.1685996330125,14.846645520093109,0.6330943568771256,172.88259474205577,8.19383363148112,312.1685996330125,172.88259474205577
63,800,369.73449860615483,17.1578976751963,0.6339057256619055,213.92864679501068,13.597461318005452,369.73449860615483,213.92864679501068
63,700,410.6279522013233,0.904191091334993,0.6264067785666577,258.58046551091564,0.18802279526446147,410.6279522013233,258.58046551091564
63,600,429.45121719846514,1.4331324204627272,0.6311933718333237,274.27428814266017,1.6046546170841403,429.45121719846514,274.27428814266017
63,550,431.0556073727584,0.3804754984246965,0.6298216364401201,279.23825647896894,1.7867213091960732,431.0556073727584,279.23825647896894
63,450,421.64679783059654,0.414242979152189,0.6257172819617635,279.17699124954856,0.08235331712489208,421.64679783059654,279.17699124954856
63,380,420.04124449144206,0.6229688179637355,0.6313955598481139,279.25497556450796,0.8000211760095935,420.04124449144206,279.25497556450796
63,340,428.7204906232027,0.803727092990847,0.6299649797575974,286.7935109174648,0.45266452865486717,428.7204906232027,286.7935109174648
63,300,426.31267304914417,0.2681823509950195,0.631409266739336,282.6841276869475,2.2756690139910463,426.31267304914417,282.6841276869475
63,220,427.01217476566654,0.09820413430069562,0.6313740198370148,291.6702865119934,2.151292259748032,427.01217476566654,291.6702865119934
63,200,427.9812852251519,0.3974133217695625,0.6255677143264298,297.55415553639335,0.7117929436613649,427.9812852251519,297.55415553639335
63,140,431.97158924900305,0.3548622562243555,0.6276066054463154,303.10359284756544,0.5788806602574256,431.97158924900305,303.10359284756544
63,120,421.8494481032548,2.216826240277368,0.6333623573193807,303.89608568779636,0.8853826202257583,421.8494481032548,303.89608568779636
63,60,435.184937615141,,0.6349084667115547,313.32721761767584,2.034721651425951,435.184937615141,313.32721761767584
63,55,436.3550556003135,0.7956009795136681,0.6331499088656091,316.0550316339198,1.4193746024639036,436.3550556003135,316.0550316339198
63,50,437.37059905981505,1.6177344758974854,0.6324975488080983,315.6849127439088,1.2494013650972435,437.37059905981505,315.6849127439088
63,45,438.07259469976316,1.489195912329202,0.6289543784690808,312.97098627847566,1.3724558143175383,438.07259469976316,312.97098627847566
63,40,437.6841990164621,0.501433534192013,0.6262942007649106,314.11485571038423,1.3315000761040188,437.6841990164621,314.11485571038423
63,35,444.9867176891162,0.35852354722285484,0.6339572441597885,347.4126970475373,0.5833407791355221,444.9867176891162,347.4126970475373
63,30,446.32865278386436,0.8994106160004284,0.633898537969903,355.00266144999296,0.6614451050565702,446.32865278386436,355.00266144999296
63,25,454.4079141310628,0.8406151078061906,0.6334739158203023,405.17921066925675,0.8628610483551229,454.4079141310628,405.17921066925675
63,20,463.05384912666864,0.6066285510876874,0.6332039295676117,464.74588394458624,1.293315207893775,463.05384912666864,464.74588394458624
63,15,470.08651827449717,1.5867388495348804,0.6329566871989442,509.52837455093726,0.5829488007831444,470.08651827449717,509.52837455093726
63,10,474.1702393876458,1.0123390034198165,0.6331668426291971,538.588581020164,0.3190451151613602,474.1702393876458,538.588581020164
63,5,473.5326661284435,2.4651874156950613,0.6331357747858616,546.0203264514522,0.3827755030919686,473.5326661284435,546.0203264514522
63,0,476.1613849610387,1.1794304210069797,0.6331799450473572,546.2859267448101,0.7613450196262299,476.1613849610387,546.2859267448101
64,400000,1.288931857911916,0.048548677376265066,0.6397855553004794,123.02410800283779,1.1696946293654291,1.288931857911916,123.02410800283779
64,100000,3.120771331721918,0.12994818385573503,0.638056076207231,123.45562000404436,0.7302698904160055,3.120771331721918,123.45562000404436
64,40000,7.841759806471953,0.29871794515451777,0.6396776187902914,123.75465731783737,0.9021302019971048,7.841759806471953,123.75465731783737
64,5000,52.13181142404693,0.11270425419276925,0.6432725445171542,126.28034612370028,0.5560766293046597,52.13181142404693,126.28034612370028
64,3000,86.19408364490029,0.5850959418202515,0.6417165109546681,128.2231321081637,3.055289524421093,86.19408364490029,128.2231321081637
64,1500,169.8090043541242,2.344647065269851,0.6403075535869046,139.37049943900044,1.9071187966095877,169.8090043541242,139.37049943900044
64,1000,257.0951646850291,0.07897503017332205,0.6399610119106868,152.32844777900115,0.7958010100430819,257.0951646850291,152.32844777900115
64,900,300.3848072537343,15.298714548378335,0.6414986393244898,167.03186891083996,5.859067429029118,300.3848072537343,167.03186891083996
64,800,377.79578449142986,0.6116301650881454,0.6449015829648769,217.4478685360959,0.10902182098531668,377.79578449142986,217.4478685360959
64,700,414.6533428483904,9.665704054680681,0.6401001493866624,262.8495675610108,9.918396954793396,414.6533428483904,262.8495675610108
64,550,424.6789009079965,1.10423247103182,0.6390828746626303,279.335804734595,1.18656131031493,424.6789009079965,279.335804734595
64,450,426.52804778040655,0.585116104456313,0.6411947390578224,279.0926152884974,0.5457051641106825,426.52804778040655,279.0926152884974
64,380,428.0064041494715,1.0161447972273245,0.6430312825000352,278.27270345872165,5.898766551931109,428.0064041494715,278.27270345872165
64,340,427.7158494221325,1.1536576579927027,0.6371115714819883,278.4265245571972,1.478092130084199,427.7158494221325,278.4265245571972
64,260,425.37531001223743,0.7367711977544125,0.6442972958542097,282.94882037619453,0.8841377982618082,425.37531001223743,282.94882037619453
64,160,429.0102775460926,0.6903869963082075,0.6405579016035577,291.3379102854227,1.4681106904314634,429.0102775460926,291.3379102854227
64,90,434.9352809662267,2.5748363239900027,0.6447470423549659,304.79341591296367,0.5390614127226196,434.9352809662267,304.79341591296367
64,80,433.6000554952743,2.095986032847161,0.641743739655959,309.47978438876186,0.653727172666146,433.6000554952743,309.47978438876186
64,70,435.15188434399823,2.4196328710186097,0.6402232867101962,309.93771463214745,1.473680915706292,435.15188434399823,309.93771463214745
64,65,436.1405834774627,1.7800792069313813,0.6390290966954565,309.63857492401957,1.4564255526954244,436.1405834774627,309.63857492401957
64,45,438.3187879244519,1.2129396740922223,0.6447612537734307,310.9325230546197,1.1446306284654943,438.3187879244519,310.9325230546197
64,40,438.41952134984325,0.5306483801178251,0.6418285406872362,312.9155315370006,0.8136419032791284,438.41952134984325,312.9155315370006
65,400000,1.2607434064000884,0.02617743419146747,0.6498056648528908,122.54757473803387,0.986414328869351,1.2607434064000884,122.54757473803387
65,200000,1.9267138078178618,0.001676207228122045,0.6517072615811125,122.52508931602058,1.4014139789456732,1.9267138078178618,122.52508931602058
65,100000,3.132944277139817,0.026067563881035996,0.6519045317808181,121.1992782726234,3.602440842636472,3.132944277139817,121.1992782726234
65,40000,6.978449644165955,0.2968154851050558,0.6505041685635111,122.0114474494878,1.5201900616195358,6.978449644165955,122.0114474494878
65,5000,54.181032222009506,3.5548896514507833,0.6482371272549822,125.89858502883966,2.4783462034678263,54.181032222009506,125.89858502883966
65,3000,89.86720232316024,6.037216703303818,0.6526626327135118,129.5736630198229,2.5573727776768482,89.86720232316024,129.5736630198229
65,2000,128.08512893534638,3.2606730709458795,0.6474057263046694,133.65091677481294,2.1922144033861657,128.08512893534638,133.65091677481294
65,1500,172.2775147030029,0.2485420938324624,0.6486365093738826,140.89128287822737,0.2643527543228899,172.2775147030029,140.89128287822737
65,1000,249.59787634696372,2.97342358977598,0.648425149013651,150.02904308389353,1.3037280839962506,249.59787634696372,150.02904308389353
65,900,277.12526456715665,2.6473937408133588,0.6514467254843577,157.85792496010166,1.1871633013476173,277.12526456715665,157.85792496010166
65,800,339.65241876944395,8.960436309738641,0.6502391658788326,186.72574618441897,5.497400713354891,339.65241876944395,186.72574618441897
65,700,401.29642680458846,0.6941774074714884,0.6549825249304442,238.97933282673625,0.4205849269553651,401.29642680458846,238.97933282673625
65,600,430.76265780404947,0.6189330164836614,0.6511508926668437,272.84578394173997,1.6177035140887128,430.76265780404947,272.84578394173997
65,550,427.26937548259184,1.174039760415501,0.6548334940725947,267.33753321560357,1.9450147710621115,427.26937548259184,267.33753321560357
65,450,427.5111419670475,2.7712135392903225,0.6523162912930207,271.26280997137843,2.2235361903262936,427.5111419670475,271.26280997137843
65,380,428.0433954947243,0.5524461458245966,0.6460344398641634,272.7312524318983,0.4102362246845895,428.0433954947243,272.7312524318983
65,180,427.40570393291154,0.16570676932497713,0.6524534129559393,287.6188802450844,2.1373597764332417,427.40570393291154,287.6188802450844
65,100,433.4243091771823,0.467929770297381,0.6470344996104521,305.360654700408,1.5244219924181241,433.4243091771823,305.360654700408
65,60,435.77521718822845,0.8705047778172744,0.652657474706213,312.5759857068772,1.4914736563771385,435.77521718822845,312.5759857068772
65,55,435.86131651693614,1.1093670282581456,0.6501845646364944,314.188387036157,0.8777782798561299,435.86131651693614,314.188387036157
65,50,436.7243728689554,1.1971025932059374,0.6480531621752862,309.8107890913014,2.2871873450415996,436.7243728689554,309.8107890913014
65,35,457.8262429266026,0.7044239786440423,0.6534461274567455,353.22384560757087,0.6080904249773175,457.8262429266026,353.22384560757087
65,30,458.84061620904157,0.863089447126432,0.6534704327362568,357.8962940539223,1.5645635230218182,458.84061620904157,357.8962940539223
65,25,462.8601922975841,0.26264878604286657,0.6531346140656158,402.545131575265,0.5053006611473329,462.8601922975841,402.545131575265
65,20,468.1906727790015,1.4002925924111873,0.6528394565532505,450.8036190023175,1.150538174208303,468.1906727790015,450.8036190023175
65,15,475.2314825123312,2.808671032303948,0.6526857927081378,491.0602804027287,0.7992885309697145,475.2314825123312,491.0602804027287
65,10,477.53606330364,0.9322227277371657,0.6531430587276961,521.2275639397568,0.3640319981063832,477.53606330364,521.2275639397568
65,5,478.12396900144046,2.128914207164314,0.6532187143847591,527.706592706374,0.3427821434684576,478.12396900144046,527.706592706374
65,0,480.12995352360235,0.7286753754097276,0.6533529257346568,528.0513507845595,0.22407717692926526,480.12995352360235,528.0513507845595
66,400000,1.2648632704033091,0.035464996662498194,0.6608079591923212,122.90619174591956,0.9050573968591502,1.2648632704033091,122.90619174591956
66,200000,1.8522277452779026,0.009068470821868796,0.6583179074271862,120.71190376429495,3.2166018171605018,1.8522277452779026,120.71190376429495
66,100000,2.997448452341102,0.025206057681205502,0.6628508068499005,120.51248460919128,3.059491185641098,2.997448452341102,120.51248460919128
66,5000,52.24497299326349,2.7783259482345257,0.660221955227654,125.18863808826002,2.2942519719068937,52.24497299326349,125.18863808826002
66,3000,87.73176364061636,4.381648889693649,0.6602442712103185,130.0244628944913,0.8093081737905782,87.73176364061636,130.0244628944913
66,2000,133.92848184122388,9.284171171311497,0.6595457918417614,134.83790121039476,3.005350551709307,133.92848184122388,134.83790121039476
66,1500,174.89157951421615,12.35081824282281,0.6612746349339143,140.42712603643093,2.7898543379673515,174.89157951421615,140.42712603643093
66,1000,284.7715993942732,0.4238995679630865,0.6620972728835414,159.78676530378502,0.8311697866986908,284.7715993942732,159.78676530378502
66,800,334.94211018024635,25.145753057921866,0.658989527784412,184.76874710498413,16.907541540007173,334.94211018024635,184.76874710498413
66,700,403.52916247231377,14.134786484989846,0.6597830163375907,241.82999836047267,16.71775395297387,403.52916247231377,241.82999836047267
66,600,430.2347463350322,0.6465178137294,0.6561295320058425,267.980431863208,2.541554906424129,430.2347463350322,267.980431863208
66,550,429.91828649812146,0.27054827752309984,0.6613892806859288,266.6649793425449,0.37370874901550266,429.91828649812146,266.6649793425449
66,450,430.1477638421059,1.168791567599581,0.659452743224077,268.93897970915987,1.8572080011754553,430.1477638421059,268.93897970915987
66,300,423.39270040960787,0.6793307413106069,0.6579384621243952,274.6083055471932,1.3249469329595853,423.39270040960787,274.6083055471932
66,220,426.38484341069756,1.8840876120417476,0.6619760472133317,280.5195516398611,0.6032314949927374,426.38484341069756,280.5195516398611
66,200,427.32495402480146,0.3800663829617843,0.6570031716914698,283.8796585173746,0.2644593218329554,427.32495402480146,283.8796585173746
66,140,422.419734260031,,0.6553367255671759,277.5417334463125,0.20740722879600926,422.419734260031,277.5417334463125
66,120,429.16068634668005,0.24343863884124525,0.6585431046294039,299.4167640282353,1.6937228326763552,429.16068634668005,299.4167640282353
66,100,426.1447099109778,1.2904797726345139,0.66431040185417,300.3082490432071,0.701831383666772,426.1447099109778,300.3082490432071
66,90,428.4293327508032,1.4372848845196096,0.6624852678765376,299.3609756828437,2.7747562756126576,428.4293327508032,299.3609756828437
66,80,428.9562668487519,0.6335367447459832,0.6595170366497727,301.448297062876,2.106021489769731,428.9562668487519,301.448297062876
66,70,430.044080335329,1.7657144640405469,0.6588389981173607,304.19719110316686,0.5606324393278291,430.044080335329,304.19719110316686
66,65,430.7648971808688,0.500332933696129,0.6560049654473655,304.5510403206584,1.4689320918663507,430.7648971808688,304.5510403206584
66,60,444.85006723309624,0.2780687857446655,0.65715939621511,305.255246193161,1.541446480364376,444.85006723309624,305.255246193161
66,55,445.0268528834899,0.6161666386707805,0.6560528020010571,307.3408278109014,0.22222274854259583,445.0268528834899,307.3408278109014
66,50,447.96687524964136,0.542245838334342,0.6558149081437409,310.43617239540663,0.41911780307761115,447.96687524964136,310.43617239540663
66,45,448.6662623936081,2.2797810013458295,0.6556929883657561,309.9934505095562,1.6653505197071339,448.6662623936081,309.9934505095562
66,40,449.035369134478,,0.6550102123099538,312.05292582728816,1.303749117968489,449.035369134478,312.05292582728816
67,400000,1.2229146064148548,0.02638200714858481,0.670178069987617,123.0048558240672,0.7675187940302718,1.2229146064148548,123.0048558240672
67,200000,1.9115732937446417,0.05595200404959787,0.670664217832973,120.14082275859506,3.438169187109592,1.9115732937446417,120.14082275859506
67,40000,6.81666182036707,0.005572245238290121,0.6692334364360532,121.93987373357517,0.4479985884761585,6.81666182036707,121.93987373357517
67,5000,50.0498290575043,0.7079096139985093,0.6662309703780159,126.18388786401097,0.5628529403336177,50.0498290575043,126.18388786401097
67,3000,81.52803154553128,1.5769969328585691,0.6683917542591588,128.51804013224262,2.354397134297565,81.52803154553128,128.51804013224262
67,2000,123.36635145787945,4.044456169063841,0.6680698510087754,134.22311486436723,0.7287078562638761,123.36635145787945,134.22311486436723
67,1500,159.06296166414543,2.9999340942744546,0.6697127476629495,139.00348984320078,0.376292378485613,159.06296166414543,139.00348984320078
67,1000,241.5155442412522,8.323704573071344,0.6682496899495706,148.29409176081302,2.175886229156296,241.5155442412522,148.29409176081302
67,900,279.36089015461044,23.425664672655817,0.670150526212656,159.33743437076095,8.828609178993124,279.36089015461044,159.33743437076095
67,800,306.2076343228984,0.200285517028901,0.6741837054636853,168.0946412961904,1.1079691943967231,306.2076343228984,168.0946412961904
67,700,376.74607182862815,0.6761062401658583,0.6748586730806868,213.6980726816216,0.1649239897526892,376.74607182862815,213.6980726816216
67,600,422.5289823094963,1.9737204390052152,0.6719051603040191,260.542922351997,3.0583319379747267,422.5289823094963,260.542922351997
67,550,431.3348344959074,0.3224762575582928,0.6666199986097691,264.5833757017576,0.3137346855221435,431.3348344959074,264.5833757017576
67,450,428.37294317740543,0.3662140278904716,0.6712190165765368,264.3601488469769,0.5666770136079057,428.37294317740543,264.3601488469769
67,340,423.57144181859735,0.20125569110337513,0.6711533497429526,267.83333913955,0.9785114168151655,423.57144181859735,267.83333913955
67,260,427.01295619522244,0.9848325447448172,0.6715360786249689,274.6223505382332,0.7802540389151701,427.01295619522244,274.6223505382332
67,160,425.7026011186687,2.0997182787713644,0.6701212924789409,270.4684001460542,2.794830211036619,425.7026011186687,270.4684001460542
67,120,419.92727797039424,0.7296272704254375,0.6736721807486994,290.1338753016349,2.6906504104339932,419.92727797039424,290.1338753016349
67,35,449.4339612737504,0.968494618347786,0.6740479877830081,334.1740647923801,1.4808128608141666,449.4339612737504,334.1740647923801
67,30,451.2371682538371,1.2408799794303025,0.6741577923840812,337.4389334525741,2.919299246382815,451.2371682538371,337.4389334525741
67,25,461.4715966130696,1.2191134104401804,0.673635301003895,389.36492039500104,0.21854408614365167,461.4715966130696,389.36492039500104
67,20,469.2887716963199,1.1011500793056572,0.6732860058842421,443.0371819126601,0.4152578094009611,469.2887716963199,443.0371819126601
67,15,476.84773361382014,0.7382126338300009,0.6729805781676589,485.8479487417105,0.22737064602321536,476.84773361382014,485.8479487417105
67,10,480.05739477095534,0.5405667022482468,0.6732863924348411,514.0780461986361,0.0682944427847315,480.05739477095534,514.0780461986361
67,5,481.70075372133414,0.24227696522297903,0.6735516777690567,519.7213380340769,0.4769883050392294,481.70075372133414,519.7213380340769
67,0,480.70009260717217,0.5786667124231737,0.6735282897793157,520.2932515374422,0.3819382839298237,480.70009260717217,520.2932515374422
68,400000,1.2071245031778428,0.027841149619486406,0.6799704254816665,122.74233937589118,1.1745883128139762,1.2071245031778428,122.74233937589118
68,200000,1.8718653566517989,0.0917458143119605,0.6820917871992046,121.11408795047903,3.8866212417091512,1.8718653566517989,121.11408795047903
68,100000,3.1321955485130295,0.07603746738104822,0.6796473972286023,123.35308282633771,1.055801358360276,3.1321955485130295,123.35308282633771
68,40000,6.494764148551243,0.017165801025504888,0.683018423650943,121.60382570139582,0.5766576072056483,6.494764148551243,121.60382570139582
68,5000,48.05012243941524,1.0235785320006887,0.680069422520322,126.98056805318218,0.6435138356753768,48.05012243941524,126.98056805318218
68,3000,76.92397202123804,0.08230128142720575,0.6799340456679769,129.59424039432474,0.8313451321806477,76.92397202123804,129.59424039432474
68,2000,114.65588903464226,0.26478431986825096,0.6797138633646244,133.16077820129973,0.2731896998459427,114.65588903464226,133.16077820129973
68,1500,153.1483901421773,1.422106296986193,0.6786627910186646,138.24055192506935,0.5656157375294466,153.1483901421773,138.24055192506935
68,1000,222.67292283245476,0.20592521300427474,0.6785605575524332,143.6048710347742,1.4020959017711179,222.67292283245476,143.6048710347742
68,900,246.67191988378457,0.24060092571611502,0.6789569238530646,150.078686202075,0.08272581192719095,246.67191988378457,150.078686202075
68,800,314.0986396546929,34.313490949209836,0.6789839715227892,174.79221585099594,19.752564758230193,314.0986396546929,174.79221585099594
68,700,399.68138254458,25.030401842421828,0.6778129889925122,236.23184190787538,26.092241093394204,399.68138254458,236.23184190787538
68,600,433.0740181953258,0.5730350684175327,0.6831350549438909,269.01119839948734,1.9734383422562936,433.0740181953258,269.01119839948734
68,550,432.2006273578705,1.2511556892825217,0.6829718429003176,266.9849251846342,1.289662888777042,432.2006273578705,266.9849251846342
68,380,427.13718262827814,0.7481717375751353,0.6802981172372791,268.68018033264656,1.7337120260568235,427.13718262827814,268.68018033264656
68,300,427.49310449513086,0.6482437213914554,0.6818298536301838,268.93643901575746,0.5647737918057792,427.49310449513086,268.93643901575746
68,200,421.9643194057653,1.2947614749826568,0.6821658240881002,268.8408120687832,1.2593419348553425,421.9643194057653,268.8408120687832
68,180,423.5455180970037,3.639459066282598,0.6775837858420112,271.282591415891,1.5948672122430911,423.5455180970037,271.282591415891
68,160,428.61558028839454,0.34585657441934614,0.6847969084057509,277.15333607192593,0.13142107466334754,428.61558028839454,277.15333607192593
68,140,424.49569941228134,1.4881957011788696,0.6760531957619288,284.65596116651284,2.1240842535461373,424.49569941228134,284.65596116651284
68,90,430.1837089921178,1.2612532813526083,0.6844830021883589,299.2735477209405,1.0206846398745082,430.1837089921178,299.2735477209405
68,80,435.61586145533335,5.84322672869141,0.6818309281474663,298.4716834363443,3.527519257804276,435.61586145533335,298.4716834363443
68,70,436.5218779023913,6.908780648847717,0.6803953741100511,299.9656999178528,2.310805005832651,436.5218779023913,299.9656999178528
68,65,438.0917418961175,4.400240480085258,0.6778415726118387,301.61418947835665,3.6535334567214193,438.0917418961175,301.61418947835665
68,60,437.0099426906934,1.4951448281136446,0.6825365949337915,287.8609238518513,1.2259335751566809,437.0099426906934,287.8609238518513
68,55,438.6008196045969,0.21817108852575806,0.6813320011723091,293.21209474251503,1.3440382816718988,438.6008196045969,293.21209474251503
68,50,438.7398417565235,0.9771422794644014,0.6802307708941085,293.3802347713638,1.1109429383090708,438.7398417565235,293.3802347713638
68,45,438.556737539184,0.8115148656526067,0.6783143921975263,294.52708383173626,0.6107510736112963,438.556737539184,294.52708383173626
68,40,439.51456435530537,0.3412658702768757,0.6773239678142291,295.0684295333696,0.4513057190495037,439.51456435530537,295.0684295333696
69,400000,1.139837418271573,0.055230194110305705,0.6906606154587437,122.14292207991984,1.7523791249412717,1.139837418271573,122.14292207991984
69,200000,1.8817738802412967,0.08971994481907315,0.6908786415299341,122.94421409933841,1.414797009384852,1.8817738802412967,122.94421409933841
69,100000,3.190358901578275,0.14332871375790382,0.6909475140897765,122.12664941524035,4.182294225375535,3.190358901578275,122.12664941524035
69,3000,80.85137932734743,0.11719147089673661,0.6854716784527023,130.19615284232637,0.68644245135295,80.85137932734743,130.19615284232637
69,2000,119.71974148889124,0.3102588852292507,0.6865846839834532,133.8724619468974,0.33152824553707283,119.71974148889124,133.8724619468974
69,1500,158.12634069086783,0.3761623938912033,0.687130281505179,137.92528974836068,0.33520117820753087,158.12634069086783,137.92528974836068
69,1000,232.51199430975984,0.29984842565304964,0.689266987150902,145.4855620794663,0.9152523299149927,232.51199430975984,145.4855620794663
69,900,259.31532431620275,0.8743693824017,0.6907288401099532,151.99556238300332,0.659514996176907,259.31532431620275,151.99556238300332
69,700,353.72299188919743,22.058958509541743,0.6891135204918984,195.47560566130744,14.835156252499873,353.72299188919743,195.47560566130744
69,600,402.56362997225807,14.94896348978519,0.6924491408730525,233.1947579569837,13.736764855962647,402.56362997225807,233.1947579569837
69,550,417.9761833781617,10.067404747547364,0.6900667779551352,248.835750346568,12.312007189203124,417.9761833781617,248.835750346568
69,340,428.5179677018535,0.4992876228246811,0.6920674062781291,262.65113592376275,0.49770724947093664,428.5179677018535,262.65113592376275
69,220,425.65872143601183,2.6446373592891783,0.6872578224794187,264.1427470458232,0.30643783389126106,425.65872143601183,264.1427470458232
69,180,426.5145148577329,2.042068285729888,0.6945830343171443,268.21052169092627,0.29217760704514545,426.5145148577329,268.21052169092627
69,140,417.88880469959946,0.515727059098623,0.6902064947972403,277.20132850876644,2.2028168878327214,417.88880469959946,277.20132850876644
69,100,434.90719298357703,5.35197837187133,0.6870053570617857,294.1953354737822,5.172645540825587,434.90719298357703,294.1953354737822
69,90,439.87659084864435,0.6308028699754067,0.6851500674751683,291.9506223340638,1.0012493426824012,439.87659084864435,291.9506223340638
69,35,446.0100991746279,0.976608938109809,0.6942862097968101,311.12168231917946,1.2577028387409621,446.0100991746279,311.12168231917946
69,30,447.1749281368047,1.5555612372817642,0.694395888551193,316.7127609999349,1.9947541201069228,447.1749281368047,316.7127609999349
69,25,458.2126050808062,1.0187023728392404,0.6939428373541018,363.6369913498475,1.32347519679969,458.2126050808062,363.6369913498475
69,20,467.66429870334133,1.1588144451587152,0.6935078433002554,413.09513769683696,0.8510126787491697,467.66429870334133,413.09513769683696
69,15,474.7894625149217,0.5237992223037256,0.6931124267836921,459.5802625891618,0.9266030243786189,474.7894625149217,459.5802625891618
69,10,483.1651523518401,1.5966948738520175,0.6934727163691731,499.87869592578636,0.431393559315021,483.1651523518401,499.87869592578636
69,5,482.6699391279363,1.0364725318299985,0.6935776310737131,506.46123775795326,0.3834659825240398,482.6699391279363,506.46123775795326
69,0,482.6408747171062,0.14489600878348116,0.6936659328025848,507.323233861202,0.13571777314932998,482.6408747171062,507.323233861202
70,400000,1.161145419002055,0.05888484397500102,0.6983005285212648,122.94303344904961,1.1416286373512243,1.161145419002055,122.94303344904961
70,200000,1.8540480476418055,0.029134244722665705,0.6995343499815053,121.45376078870059,3.5848677612045265,1.8540480476418055,121.45376078870059
70,40000,6.924131097060588,0.01231020517411556,0.6992270289141304,122.35407164753458,1.1707126599885307,6.924131097060588,122.35407164753458
70,5000,46.20590509199048,0.09951854152660425,0.6989536251050148,124.18557403745507,3.125320355971021,46.20590509199048,124.18557403745507
70,2000,110.25900591183405,0.04064290295215348,0.7047428116018281,132.8208068022592,0.7537278742762409,110.25900591183405,132.8208068022592
70,1500,146.902058364767,0.37664827157661684,0.7048196731268774,137.37095292430612,0.39969015551423387,146.902058364767,137.37095292430612
70,1000,217.45485016674056,0.3086790431169013,0.7046784152284534,148.269576878827,0.6308515929178353,217.45485016674056,148.269576878827
70,800,293.62784304642724,0.7171094115102934,0.6954271325169894,163.07635996084028,0.06774401132204091,293.62784304642724,163.07635996084028
70,450,426.9876053775974,0.7336167817394834,0.7027627127513906,248.86260283271272,1.2859217632046698,426.9876053775974,248.86260283271272
70,380,430.1295347710715,0.5645108992291279,0.7022052920003091,257.17091115517724,0.5805654626694622,430.1295347710715,257.17091115517724
70,260,420.28973641118273,1.7788058963499676,0.6962732970932329,257.51662077131573,0.31416991946033723,420.28973641118273,257.51662077131573
70,220,427.05325563416295,0.9288747193738301,0.7023572580263527,263.54053504158753,0.508234426039809,427.05325563416295,263.54053504158753
70,200,426.930345276561,0.8802692292426685,0.6983250924474366,265.44527500581074,0.36691294328203905,426.930345276561,265.44527500581074
70,160,425.1179207495484,0.9115961859004795,0.7021729837859793,261.4876181386624,0.48578812410742633,425.1179207495484,261.4876181386624
70,120,430.455093685601,7.672789717899856,0.6970011247076632,287.66346502606075,3.732006794848036,430.455093685601,287.66346502606075
70,65,434.0194347042789,0.1297853842239806,0.7042403869052715,284.04452167050755,0.19932172698086398,434.0194347042789,284.04452167050755
70,45,431.5176546667437,1.2168914705257217,0.704856047507004,279.2539259249584,1.3887209037769432,431.5176546667437,279.2539259249584
70,40,434.09847324140446,2.1716450171793897,0.7028925838321317,279.9491521317147,1.084604055108563,434.09847324140446,279.9491521317147
71,200000,1.7897743543541855,0.030790102438329994,0.7064514883088713,122.93462284833645,1.4795199330117683,1.7897743543541855,122.93462284833645
71,100000,3.0252479923116464,0.013037644204470063,0.7062990329669295,123.339837317629,0.9441263471095388,3.0252479923116464,123.339837317629
71,40000,6.570940029195797,0.01920483347696689,0.7088743628896932,122.46923030805351,1.169068635805911,6.570940029195797,122.46923030805351
71,3000,74.17938564031164,0.05872839484448849,0.7054324364185466,129.4934271484055,0.8368000177005988,74.17938564031164,129.4934271484055
71,900,241.32354836730076,0.4230781954272136,0.7055968365693935,147.36669794353415,0.8342178267143362,241.32354836730076,147.36669794353415
71,800,273.32511765573275,0.1997872911719052,0.7090939853148962,156.0376166391028,0.6194435228009437,273.32511765573275,156.0376166391028
71,700,345.2627578453127,0.2758371658411679,0.7069782227956795,191.58448103132423,2.9791551039340147,345.2627578453127,191.58448103132423
71,600,403.931366659202,0.3617564131257583,0.7110186066562334,229.44140492552523,0.1349311601311932,403.931366659202,229.44140492552523
71,550,427.4524276651036,1.0215230937364108,0.7058997824708734,254.70805908788032,0.22399554199616398,427.4524276651036,254.70805908788032
71,450,432.1467297682564,0.38850656230421,0.7133486377903271,249.9774444432287,0.23134406990736398,432.1467297682564,249.9774444432287
71,340,417.87078929024926,1.3200506030412198,0.7147081187948394,243.9398321708089,1.3127857432273116,417.87078929024926,243.9398321708089
71,300,426.21266588414204,3.1719975903345707,0.7065076505030418,253.55384242334125,0.9621760341910836,426.21266588414204,253.55384242334125
71,260,429.0804728026399,2.8184186384617043,0.7105585015198317,258.50748904245455,0.47256025136483154,429.0804728026399,258.50748904245455
71,200,421.59387487505455,1.4027624424080432,0.7129851962413518,259.781180402748,0.3815079828585927,421.59387487505455,259.781180402748
71,180,421.4977227568241,1.492621625710463,0.7090752278627398,262.73402964936264,0.6600245483356424,421.4977227568241,262.73402964936264
71,140,420.3826389899096,0.7684889886005463,0.7147520520308291,274.4297258238774,0.5326345946117372,420.3826389899096,274.4297258238774
71,100,428.4668404254722,0.3655409699473704,0.7119110491852032,279.1600747776031,1.1376866751313248,428.4668404254722,279.1600747776031
71,90,429.4442626850446,0.9005736610792279,0.7107146541574013,280.02828082449327,1.0436135128697346,429.4442626850446,280.02828082449327
71,80,430.28272231988666,0.2923321086647071,0.7073872753110604,281.47070662217027,0.48176049781612157,430.28272231988666,281.47070662217027
71,70,432.17334915090396,0.8223472120014239,0.706709715396087,281.9916633815249,0.22152392515834693,432.17334915090396,281.9916633815249
71,60,428.606333844619,1.6348814704061059,0.7098583257999652,277.0623448782947,0.903849117492683,428.606333844619,277.0623448782947
71,55,433.53025736894165,1.931288511697568,0.7084528961402108,280.44995244215005,0.2038948041910845,433.53025736894165,280.44995244215005
71,50,433.33142495786984,2.695357598700374,0.7072002315636826,282.8964388602386,0.3149641230355796,433.33142495786984,282.8964388602386
71,35,457.25720792195165,0.4242063233988867,0.7141232938807048,321.4573813795882,0.49829873080720205,457.25720792195165,321.4573813795882
71,30,458.9700587649413,0.33740305105720775,0.7143990430532631,328.7238466171911,0.2682359489596158,458.9700587649413,328.7238466171911
71,25,467.51208281821437,0.7833095054702587,0.7139400818234081,377.4689877435596,1.2657674876499516,467.51208281821437,377.4689877435596
71,20,475.20973741726704,0.538089014268475,0.7136849212132302,427.69631735631225,1.3134233750202475,475.20973741726704,427.69631735631225
71,15,482.63572224640956,0.5691611954681048,0.7133848850185899,473.3642183736567,0.10553977455961219,482.63572224640956,473.3642183736567
71,10,485.75854345416616,0.5771501468087125,0.7137559522124461,494.6530768587366,0.3649430801630657,485.75854345416616,494.6530768587366
71,5,486.9883976285708,1.3910726399062276,0.7138557647238174,499.32657087463093,0.025242844521876733,486.9883976285708,499.32657087463093
71,0,487.00938322535325,0.4784283367400265,0.7138954722745208,499.5651388140261,0.18847772418781022,487.00938322535325,499.5651388140261
72,200000,1.7868107254297456,0.04525910698626791,0.7185308830973874,122.28429971802831,0.3378668051081808,1.7868107254297456,122.28429971802831
72,100000,3.112677753823595,0.1419815157405174,0.7210627919877367,122.97399537967742,1.0943069485113635,3.112677753823595,122.97399537967742
72,40000,6.9617905999956164,0.008502159429886481,0.7231760010609977,122.12413027848777,1.3537354504702035,6.9617905999956164,122.12413027848777
72,5000,49.91910954753587,0.06368728697933916,0.7154536608282095,126.15449313796194,0.08387539028357685,49.91910954753587,126.15449313796194
72,3000,82.00564449754648,0.14091941611372633,0.7167494412786688,129.43925381568172,0.1984838958995563,82.00564449754648,129.43925381568172
72,2000,120.20762194149155,0.2177345984471869,0.7204654357935371,133.9563512709516,0.6341232324653933,120.20762194149155,133.9563512709516
72,1500,158.89526787333276,0.5488283224921652,0.7206829974755465,138.68394059005539,0.3831494058026032,158.89526787333276,138.68394059005539
72,1000,235.33195400218088,0.20675045788414145,0.7216123561318158,145.90934026065423,0.7235370913330558,235.33195400218088,145.90934026065423
72,900,262.20872563120935,0.6142345999786504,0.7240579581536547,153.3879558035395,0.10736269959761267,262.20872563120935,153.3879558035395
72,700,323.0195594343069,0.28429855480938016,0.7188886917054269,174.29783466206607,0.675319237947261,323.0195594343069,174.29783466206607
72,380,423.72573472885705,,0.7246633279127438,240.39199202520493,1.3855754176658053,423.72573472885705,240.39199202520493
72,300,428.89241494843947,1.2520964551737384,0.7190828771853094,253.86032890178618,0.1694736672320524,428.89241494843947,253.86032890178618
72,220,421.6871743184099,1.9296307969795639,0.7172198358810559,257.04629884895854,0.7532995756823074,421.6871743184099,257.04629884895854
72,160,428.47004711129284,4.7213405297457065,0.7225258011604686,263.7987775919091,1.1970930139077232,428.47004711129284,263.7987775919091
72,140,434.4343149022441,0.22059971362831196,0.7156982738850132,270.98648002440945,0.29159447575909053,434.4343149022441,270.98648002440945
72,120,423.8468072811847,0.5051740031371795,0.7207851316014686,273.65449610960917,1.5551562394695968,423.8468072811847,273.65449610960917
72,60,443.03977688037094,1.0705099050396407,0.7236415906159319,278.28004019675944,1.439696212065295,443.03977688037094,278.28004019675944
72,55,444.521254835995,0.7507023885564101,0.7218643487203783,279.1443871365873,1.3877438425850945,444.521254835995,279.1443871365873
72,50,445.179940141011,0.8950687383610455,0.720795278863268,279.5427446028748,1.514036526647823,445.179940141011,279.5427446028748
72,45,445.0218900341858,1.1639463659280322,0.7188771822032981,280.0360826403408,0.8821687150470565,445.0218900341858,280.0360826403408
72,40,446.081613266844,0.9153254769723704,0.7175442454518484,281.57054484476316,1.0213119336492342,446.081613266844,281.57054484476316
73,200000,1.7490154615754003,0.038472447054898516,0.7305385736048561,122.3846181187888,0.4646214534205452,1.7490154615754003,122.3846181187888
73,100000,3.037003868536562,0.09398708794892181,0.7307459230323319,122.88715487410745,0.665040867111869,3.037003868536562,122.88715487410745
73,40000,6.558971881076915,0.026723760297770623,0.7325977715076121,121.90582167681514,0.7376287834756958,6.558971881076915,121.90582167681514
73,5000,46.806175132994724,0.05546786602530032,0.7276349709735909,126.13571536001575,0.26353943285471604,46.806175132994724,126.13571536001575
73,3000,77.05845476852073,0.11413333699993393,0.730017585148805,128.53642644647144,0.40370039126793106,77.05845476852073,128.53642644647144
73,2000,114.0764078250047,0.2236435545385781,0.7309640499200664,132.37276165265712,0.4423317592058454,114.0764078250047,132.37276165265712
73,1500,148.9789474191761,0.42853186178393177,0.7324156852290337,137.7820999132031,0.4409474135813654,148.9789474191761,137.7820999132031
73,1000,219.30568838960536,0.3072124371214308,0.7341991818436512,148.40415653368225,0.15947876286205032,219.30568838960536,148.40415653368225
73,800,299.636576364602,0.14723613096648183,0.7301966428986838,165.93735022872423,0.060438793632551814,299.636576364602,165.93735022872423
73,600,382.2480150350064,0.5215921758961862,0.7267936739525407,211.85197197383783,0.1230622347726203,382.2480150350064,211.85197197383783
73,550,410.0611016162154,0.4772131896830531,0.7251011775982932,235.44166337624983,0.9427600775813105,410.0611016162154,235.44166337624983
73,380,427.66614960178924,1.1008096081448284,0.7301995303715099,244.08455074997354,0.4577179380692383,427.66614960178924,244.08455074997354
73,340,428.34590036387254,1.4597933678927122,0.7268957699998126,248.8544779068175,0.3632857509658648,428.34590036387254,248.8544779068175
73,300,419.9350642867075,2.415522280499841,0.7330147116348097,245.3054207678023,1.0087192142448957,419.9350642867075,245.3054207678023
73,260,418.2307833911065,1.6520350240303232,0.7250925384213499,251.67434103974233,0.6257094172181163,418.2307833911065,251.67434103974233
73,200,432.35942433182475,0.5675582421730959,0.7319244080679104,258.11067785672736,1.3306854901791088,432.35942433182475,258.11067785672736
73,180,428.6448019695609,3.163690255321112,0.7295497805840534,259.08099683544793,2.1873487995670153,428.6448019695609,259.08099683544793
73,140,422.06051288847385,2.0350732133799005,0.7344444039181327,265.6132860729044,1.1883656681060384,422.06051288847385,265.6132860729044
73,100,415.30728723557354,0.4232238689777062,0.7315965830648464,261.61914386795746,0.22192981756137503,415.30728723557354,261.61914386795746
73,90,420.1801427581698,3.1798224077445894,0.7304101195493864,266.1649256553996,2.9056185500000953,420.1801427581698,266.1649256553996
73,80,420.0468116693546,1.1773038909826194,0.7287451390416506,266.4759261138274,2.2001076737365297,420.0468116693546,266.4759261138274
73,70,422.070776829971,0.788092269538297,0.727752262936941,269.9397753140582,0.27069038468394785,422.070776829971,269.9397753140582
73,65,422.12036976428163,1.9845182717123688,0.7262343050016874,269.3491555829384,2.402953804690807,422.12036976428163,269.3491555829384
73,35,455.3169818323006,0.31108272093392836,0.7341341248079631,300.0107213537323,0.3784541171973809,455.3169818323006,300.0107213537323
73,30,457.6419599054646,0.7723631292808488,0.7339131188996877,305.0103025073136,0.7168193621310028,457.6419599054646,305.0103025073136
73,25,467.7116897090763,0.6305249094687405,0.7338017364370354,349.0932821028243,0.6662033286152084,467.7116897090763,349.0932821028243
73,20,475.4195769924495,0.7200013444758484,0.7337217606041752,400.5864584000229,0.376678008003924,475.4195769924495,400.5864584000229
73,15,483.0383051781193,0.8518364089869352,0.7333914467594215,445.0023454394268,0.3221862684337787,483.0383051781193,445.0023454394268
73,10,488.5614642570806,0.6426690310300653,0.73403988241942,480.58474947192053,0.07274138605795588,488.5614642570806,480.58474947192053
73,5,487.95179157838606,0.8331555378406059,0.734126694831656,485.5423281778076,0.2234848973467534,487.95179157838606,485.5423281778076
73,0,488.7181490229588,0.799551767737883,0.7341276260000735,486.39719498368146,0.08593308726830459,488.7181490229588,486.39719498368146
74,900,243.62126106367336,0.12743410707690855,0.7356647736080926,147.0210599970666,0.8821194667872883,243.62126106367336,147.0210599970666
74,800,275.826705795836,0.3467016920063998,0.7395327635570453,156.8187825205371,0.7071965771864904,275.826705795836,156.8187825205371
74,700,353.03616555389004,0.18083827421517334,0.7401234161978444,190.49647815920378,0.3309332898037345,353.03616555389004,190.49647815920378
74,600,407.4571141179891,0.9229269255296764,0.741821005982306,228.14568850424124,0.18170144965663743,407.4571141179891,228.14568850424124
74,550,428.5537248633086,0.34144905317087404,0.7371100218523067,247.74985445148,0.7075259556981985,428.5537248633086,247.74985445148
74,450,430.2794547947844,3.4187240522307496,0.7389617321105781,241.0180326193827,3.8970226998991007,430.2794547947844,241.0180326193827
74,340,415.33360943510905,2.19698223508121,0.7400872293630276,238.90364927030544,0.8446071439262139,415.33360943510905,238.90364927030544
74,260,433.49708218121435,1.5704521140475738,0.7442394291170348,249.91744899471078,1.3999976470732534,433.49708218121435,249.91744899471078
74,220,427.76946486988055,3.1605407051328234,0.7375129412051589,254.5548687665579,0.2763592442785062,427.76946486988055,254.5548687665579
74,200,424.439332365419,1.68669890368516,0.7355021119167477,256.548393730594,0.49729545832305266,424.439332365419,256.548393730594
74,160,428.11957546380035,0.9025395786895937,0.7421152333755509,252.29067977995592,0.6310664908429908,428.11957546380035,252.29067977995592
74,120,412.1452934496554,2.4335727101779807,0.7395032955516067,258.0234915194681,2.3470434418951314,412.1452934496554,258.0234915194681
74,70,440.7298346707018,0.36162685107752784,0.7437938891878049,270.646547580859,0.24035334127406366,440.7298346707018,270.646547580859
74,65,441.34566299139016,1.2999196097862475,0.7431771742988079,271.882239496266,2.1879166040143807,441.34566299139016,271.882239496266
75,200000,1.6578429682387856,0.019292711275114918,0.7512133820272225,122.90948292491392,0.7185710714668542,1.6578429682387856,122.90948292491392
75,100000,2.9117353789757736,0.07670183719776459,0.7483258804713947,123.0809565097407,0.7458416909710179,2.9117353789757736,123.0809565097407
75,40000,6.752219190472888,0.36616612560423634,0.7492125570396051,122.88737766170634,0.8673713106450772,6.752219190472888,122.88737766170634
75,5000,46.769370094716805,1.235436580383428,0.7516220785181074,126.54736616841252,0.5450270755182643,46.769370094716805,126.54736616841252
75,3000,78.76786373430357,2.7553641474429944,0.7491848419086716,128.47352133478446,2.670004574421968,78.76786373430357,128.47352133478446
75,2000,120.64424297114412,0.14778855981940495,0.7459855832521631,133.31049586157465,0.8146077651945304,120.64424297114412,133.31049586157465
75,1500,159.65405618053373,0.3697004293112012,0.7455417757058682,138.42530378605227,0.19494734428376867,159.65405618053373,138.42530378605227
75,1000,236.2323883176485,0.6684175195746183,0.7491540403490026,146.08015948434038,0.04815788974288681,236.2323883176485,146.08015948434038
75,900,263.6299582409595,0.5188062811241222,0.7520016907720392,153.51675072280668,0.10958367168958318,263.6299582409595,153.51675072280668
75,700,323.2943491331392,0.7459491905078899,0.7489438307299116,175.49044054923374,0.19671111724323334,323.2943491331392,175.49044054923374
75,380,413.3525621055466,3.1747704504656284,0.7473198692114528,233.70305102016314,1.0720844510160172,413.3525621055466,233.70305102016314
75,300,429.4759634555103,4.764679824628555,0.7527183758585766,244.6352386698353,0.7456339102427136,429.4759634555103,244.6352386698353
75,260,426.36323329869043,1.8430437354177323,0.7459894358661275,248.7628839360771,0.557206313254199,426.36323329869043,248.7628839360771
75,220,425.2698177430497,2.228651724235341,0.7542361403248478,249.55523969315286,0.5061865271432225,425.2698177430497,249.55523969315286
75,200,424.0283853548278,1.8008749466037604,0.7511675386008628,252.49473303822938,1.0084527481154686,424.0283853548278,252.49473303822938
75,180,425.14312112657103,1.6444677615137708,0.7484692932991712,254.801675385626,0.861200522427632,425.14312112657103,254.801675385626
75,140,408.6345088814838,5.238729204724094,0.7527223765378798,245.6372903948569,2.4027936665310032,408.6345088814838,245.6372903948569
75,100,437.7316937093012,0.8129906732552513,0.7493833636764858,271.76485312675686,2.510609923244951,437.7316937093012,271.76485312675686
75,90,438.5218111466183,0.46792427282273213,0.7481075766729036,271.748581470393,2.587093288304167,438.5218111466183,271.748581470393
75,80,439.6102481120284,0.5668640603157088,0.7455582972420851,271.06587611827905,2.142017469786739,439.6102481120284,271.06587611827905
75,60,441.9073621806074,0.9726240533575022,0.7544793356281545,273.4703329977529,0.152634910398175,441.9073621806074,273.4703329977529
75,55,443.8396106246017,1.0723244768821711,0.7527284170526132,274.59228479570487,0.26896936262230514,443.8396106246017,274.59228479570487
75,50,445.5274464956544,1.0218350529865794,0.7508963882957745,274.6849299942216,0.4598230000716905,445.5274464956544,274.6849299942216
75,45,445.37697006567345,0.42422699518121787,0.7482303145026025,272.8300685539645,0.17172088666693594,445.37697006567345,272.8300685539645
75,40,447.43124339945774,1.0177942108653872,0.7462752436389701,273.3175893514437,0.3251779154066676,447.43124339945774,273.3175893514437
75,35,460.78011361832614,0.29504390166731104,0.7548133964538026,307.7571028223174,0.580202046289827,460.78011361832614,307.7571028223174
75,30,460.9725131093449,1.6773592547129763,0.7548434415934487,314.3114654057479,0.526275494612241,460.9725131093449,314.3114654057479
75,25,473.5861838560891,0.2302368703096907,0.7544838777668245,359.9598567820788,1.100580518127273,473.5861838560891,359.9598567820788
75,20,481.58730481225757,0.9297204734902825,0.7542008741480245,412.23618246835326,0.4662284935995479,481.58730481225757,412.23618246835326
75,15,489.8955278537156,0.7807794567672363,0.7538535927453417,456.00827188283125,0.3391943864868485,489.8955278537156,456.00827188283125
75,10,492.8126709179524,0.23493221732236255,0.7542555454726102,474.7402830279491,0.4046685774652354,492.8126709179524,474.7402830279491
75,5,492.7197279798245,0.8607019156628435,0.7544264202059114,478.4873514084157,0.1296060233829541,492.7197279798245,478.4873514084157
75,0,493.5261314526205,0.393943604339802,0.7543455001025245,479.07207024376856,0.2144673004402171,493.5261314526205,479.07207024376856
76,200000,1.6693505893186709,0.07067541865567561,0.7597571428596342,121.5003637002128,2.393464310612432,1.6693505893186709,121.5003637002128
76,100000,2.992500219073231,0.030919407381861372,0.7591993364537318,123.78364234198602,0.6168456090592302,2.992500219073231,123.78364234198602
76,40000,6.750099534768474,0.060342211358754894,0.7598190608076973,122.89282272550547,1.2323733778742452,6.750099534768474,122.89282272550547
76,2000,111.17878986111167,0.3088804526074333,0.7580935714226408,133.57524167383545,0.34153828328710734,111.17878986111167,133.57524167383545
76,1500,145.74795817216753,0.30350034038585927,0.756709444969648,137.52036092564921,1.053807988590718,145.74795817216753,137.52036092564921
76,1000,215.79135785282574,0.6861766578377939,0.7579484901699435,147.3498722689001,0.26461926066836217,215.79135785282574,147.3498722689001
76,900,244.1956004561077,0.061081019674821484,0.7609890572113388,146.88767181989672,0.7584239332459685,244.1956004561077,146.88767181989672
76,800,299.42180224530415,0.5298700171797728,0.7579093923035604,164.6943013930675,0.6445498193166433,299.42180224530415,164.6943013930675
76,600,382.88952792351,0.6904832110485948,0.756563216954909,207.331713183206,0.07134291986448799,382.88952792351,207.331713183206
76,550,408.01980755091336,0.45636768458323923,0.7551314191197457,225.45112398474194,0.07591509474231758,408.01980755091336,225.45112398474194
76,450,430.3096429487391,0.4562553390612073,0.7617995314021934,237.07776509119603,0.6813580095875281,430.3096429487391,237.07776509119603
76,340,428.95282322134693,4.443314274988987,0.7601338499975164,238.99932397922285,0.688047460655091,428.95282322134693,238.99932397922285
76,260,423.5868405881518,0.6148645435841077,0.760371343855733,244.3965474585158,0.7097741370524384,423.5868405881518,244.3965474585158
76,160,416.3317012927076,0.7172773863634786,0.761467905147322,239.99263805414526,0.3215201649772334,416.3317012927076,239.99263805414526
76,120,431.7798295356061,3.376409994981797,0.7572234813158261,265.9908446606626,2.4832177628347174,431.7798295356061,265.9908446606626
76,60,443.62600926807386,2.0467742827738937,0.7622597932861601,266.2191220672941,1.0817789715832486,443.62600926807386,266.2191220672941
76,55,445.2403118315674,0.6313983938604288,0.7611203761956392,266.4521103027827,0.2849454053357621,445.2403118315674,266.4521103027827
76,50,447.0625436276942,0.6573917182635133,0.7600173026342021,268.97354259709806,0.6165714831416387,447.0625436276942,268.97354259709806
76,45,447.48788235695696,0.38753147335295035,0.7584044197299584,268.22068207516236,0.8148475475806125,447.48788235695696,268.22068207516236
76,40,448.24692630689316,0.2710628965523879,0.7573626581795293,269.6589417358926,1.121734795904803,448.24692630689316,269.6589417358926
77,200000,1.5561263123572893,0.10385833156395059,0.769197529004663,122.67348192525576,0.9224152741191289,1.5561263123572893,122.67348192525576
77,100000,2.802390981873437,0.01603394906587392,0.7677401605291151,121.80510695583466,4.143615325065753,2.802390981873437,121.80510695583466
77,40000,6.3037230118903205,0.010257935168307662,0.7670202118907635,122.10099551095271,0.7297577941274881,6.3037230118903205,122.10099551095271
77,5000,50.464817005265765,0.08401270538788959,0.7725079928553011,126.88417877513756,0.6082688979243437,50.464817005265765,126.88417877513756
77,3000,82.89774822684657,0.2938483492504583,0.7735007066584592,127.82235343157335,4.049028676114601,82.89774822684657,127.82235343157335
77,2000,119.56624526603059,6.415269873053703,0.7744701319080356,133.15078337283987,1.4153701536469514,119.56624526603059,133.15078337283987
77,1500,161.58054735168855,0.162310152197636,0.7749106720636476,139.0473712785098,0.7466514056017522,161.58054735168855,139.0473712785098
77,800,280.16071478142936,0.10125893842906623,0.7664965209377558,157.76841415085292,0.8300834732485769,280.16071478142936,157.76841415085292
77,700,349.72850856138757,0.45615068437312906,0.7670823178794999,186.22866708888205,0.08557227292099034,349.72850856138757,186.22866708888205
77,600,399.7740970583762,0.47079988480392704,0.7692077387177223,216.99209985330472,0.33383145373746753,399.7740970583762,216.99209985330472
77,550,421.19324001480413,0.973730110424085,0.7664325009306917,233.75149502623051,0.7758929762183046,421.19324001480413,233.75149502623051
77,380,429.8368050217228,5.126119531384336,0.7664752901808324,236.5139632504756,1.8780834076522814,429.8368050217228,236.5139632504756
77,340,421.580161081346,1.8810156820148454,0.7723071940433162,234.13596130581743,0.7840505585190609,421.580161081346,234.13596130581743
77,300,422.85753365855754,0.7513930543751575,0.7664631359305506,239.46414974767018,0.28985576718027883,422.85753365855754,239.46414974767018
77,220,412.1296965514966,5.604679082268497,0.7719880876343937,236.06192334593447,2.6812685069069224,412.1296965514966,236.06192334593447
77,200,409.77889744134836,4.446705392388233,0.7685384485401713,237.29945931677062,2.0507064504683172,409.77889744134836,237.29945931677062
77,180,407.8053483326869,5.492744746638832,0.7660603117194524,238.97973088609572,2.5870688820092083,407.8053483326869,238.97973088609572
77,160,433.1208083059648,0.8042291401997729,0.7747071537743034,246.55550263605252,0.30820284620919963,433.1208083059648,246.55550263605252
77,140,430.3838191098351,0.18337351524289197,0.7676642099898402,255.90202084817406,1.214557062818947,430.3838191098351,255.90202084817406
77,90,429.71011961086043,0.8804496351344003,0.7741613323578074,262.71183066870805,0.6198532706452103,429.71011961086043,262.71183066870805
77,80,431.49346707288913,1.9154788406311056,0.7724376218951378,263.59941241784844,0.7313109982572671,431.49346707288913,263.59941241784844
77,70,432.87493456144483,1.511119801163299,0.7703169974068796,264.61658650091414,0.5845120150061782,432.87493456144483,264.61658650091414
77,65,432.23986151151604,1.3433930823179845,0.7702342537571095,264.24684835091557,0.6376755568586324,432.23986151151604,264.24684835091557
77,35,467.3881973298159,0.9745483959205884,0.7744493759763446,286.0147282846368,0.03932094828468681,467.3881973298159,286.0147282846368
77,30,469.6852353921668,0.20100472550217197,0.7743448789646781,293.3205639339494,1.468961045515793,469.6852353921668,293.3205639339494
77,25,480.509923782736,0.3488441242836662,0.7741522794835932,338.3447083514012,1.692306502117676,480.509923782736,338.3447083514012
77,20,488.0759636511394,0.6702037095868761,0.7740859094074758,386.2536367117703,0.211315572667449,488.0759636511394,386.2536367117703
77,15,493.3408302130271,0.796367188559136,0.7739896942393812,428.63811945523884,0.25973691783422215,493.3408302130271,428.63811945523884
77,10,496.80004799592615,0.8488141906580229,0.7747264154332919,461.0225031036057,0.2074668009922915,496.80004799592615,461.0225031036057
77,5,496.65413780138266,0.2001120086915225,0.774737245258308,465.617444881116,0.1181374722990959,496.65413780138266,465.617444881116
77,0,497.94910691824475,0.8475924732946186,0.7747489416401333,466.2019168372237,0.3243094622848772,497.94910691824475,466.2019168372237
78,200000,1.5673231075262994,0.08120233734098237,0.7766526961676369,122.57831878718132,0.9674838844479153,1.5673231075262994,122.57831878718132
78,100000,2.86366655370361,0.06656521339543228,0.7783153052846485,122.69216528851102,0.4475850249797344,2.86366655370361,122.69216528851102
78,40000,6.563206418140015,0.00818665043625235,0.7776703441471801,122.50418416788881,0.505717344341917,6.563206418140015,122.50418416788881
78,5000,45.47214971354311,2.175031700585743,0.7799507313008855,126.19419939832841,0.32076873304804016,45.47214971354311,126.19419939832841
78,3000,75.10953131070843,3.1519442262815756,0.7810118300905214,128.61256832096686,0.15280233143190666,75.10953131070843,128.61256832096686
78,1500,142.84969644465914,0.5078178374964827,0.7764856518424926,136.63236991468253,0.05461793248534903,142.84969644465914,136.63236991468253
78,1000,223.90385858803612,16.56725202042064,0.7774709263220566,146.02509894889664,0.6217033070246463,223.90385858803612,146.02509894889664
78,900,250.37928440077314,18.462958459844245,0.780149033586366,149.2111838091346,5.619280295969978,250.37928440077314,149.2111838091346
78,800,269.04983223050544,0.9899291896756249,0.7840014024262599,153.12138118222074,0.7417323948207059,269.04983223050544,153.12138118222074
78,700,328.6669471227924,0.6186866882828207,0.775335437848293,178.26087533510017,2.1198307554650717,328.6669471227924,178.26087533510017
78,600,383.06276851341426,0.6216849827327395,0.7804051200733851,206.57501303139202,0.6306182526124736,383.06276851341426,206.57501303139202
78,550,405.0087284640934,2.570910689507635,0.7779047190049031,221.27208799933194,1.8707256078456962,405.0087284640934,221.27208799933194
78,450,431.2159640812593,6.176738667128452,0.7809148280592084,236.36610272209998,1.7107596547980402,431.2159640812593,236.36610272209998
78,380,417.8132308587944,0.9784743011144877,0.7780547847462929,228.0059674894114,0.4647246786817341,417.8132308587944,228.0059674894114
78,300,407.4665556169602,1.95734605028211,0.7826812368880631,224.61347009692267,0.21381096547935938,407.4665556169602,224.61347009692267
78,260,408.7576791932773,1.527475724065474,0.7772546031494995,229.922754686164,1.1159891109924722,408.7576791932773,229.922754686164
78,220,433.11872966965956,0.3953270535560063,0.7838558389849578,240.90711923895762,0.6001862107015324,433.11872966965956,240.90711923895762
78,200,433.3371144661419,0.9126188349227227,0.7808994790892393,243.13547366841422,0.865243266928473,433.3371144661419,243.13547366841422
78,180,433.55326643793234,0.6216553895025396,0.778311961887573,244.48243743992853,0.038180724496710464,433.55326643793234,244.48243743992853
78,120,424.56170486126183,0.5749627289820415,0.7822349610318731,255.67579219451065,1.046115600578337,424.56170486126183,255.67579219451065
78,100,429.3618336049476,1.5080840325822857,0.7798092474725511,258.84963583840806,2.5518616836080614,429.3618336049476,258.84963583840806
78,90,431.40501208902816,1.5418102604214277,0.782630770041134,257.7973567982401,1.340880860991456,431.40501208902816,257.7973567982401
78,80,434.6167758968126,0.8026092423104682,0.7815430775789084,258.9521488010075,1.886952827987857,434.6167758968126,258.9521488010075
78,70,434.229171039464,0.8256383090340906,0.7803308356433151,259.5851769166361,1.6288319588415414,434.229171039464,259.5851769166361
78,65,437.2462159470556,0.9586542050797742,0.7790693013275979,260.7813928656239,1.887269026554722,437.2462159470556,260.7813928656239
79,40000,6.145473780200651,0.035337970777872936,0.7860244112059714,121.98582852278521,0.397842330242357,6.145473780200651,121.98582852278521
79,5000,44.04967933480768,0.03359065916659992,0.7920527954837994,126.1936210618721,0.18532559531984985,44.04967933480768,126.1936210618721
79,3000,72.19201841448371,0.18510459960871622,0.7948656128326546,128.071540444421,0.5325868886933903,72.19201841448371,128.071540444421
79,2000,114.62444620935928,0.02360888155997762,0.7887026196344298,133.05255581242514,0.5658462598953211,114.62444620935928,133.05255581242514
79,1500,151.6148997527017,0.669394778640875,0.7883800875580391,138.16942698513913,0.4808856802417468,151.6148997527017,138.16942698513913
79,1000,225.5998679297459,0.5241605252114221,0.7906504599532119,148.77298218248995,0.8599097891641307,225.5998679297459,148.77298218248995
79,900,253.75449560974258,0.4804778738552165,0.7936958156823146,150.25290632468963,0.04439104084429197,253.75449560974258,150.25290632468963
79,800,306.6339616251548,0.4539357395933336,0.7883672085707909,167.81493030100418,0.6203369682426918,306.6339616251548,167.81493030100418
79,700,321.91813571098584,0.422244841850836,0.7932939564542102,173.98400963112513,0.15947258545259754,321.91813571098584,173.98400963112513
79,550,424.384355854459,0.19975819664538222,0.7936697427839888,230.70307147230537,0.8891061042156505,424.384355854459,230.70307147230537
79,450,432.9350530029167,0.9386551376007143,0.7901192867235828,231.65338380403833,0.7348355861129597,432.9350530029167,231.65338380403833
79,380,404.4176173485531,3.50854442075884,0.7937129995619752,222.46373314027247,3.363098335573002,404.4176173485531,222.46373314027247
79,340,403.6607252489087,2.983664010734224,0.7878340450312047,218.43113007445223,0.5379012631194687,403.6607252489087,218.43113007445223
79,300,432.73095213708604,0.14466987812341145,0.7945699864350817,233.41140030297268,0.27542059908064526,432.73095213708604,233.41140030297268
79,260,434.4014886015173,0.9209046889922105,0.789131126532831,237.6336094348974,0.936638441490605,434.4014886015173,237.6336094348974
79,140,424.56167473957004,2.7431331917050406,0.792474738345407,241.35127922530276,0.45921144952028087,424.56167473957004,241.35127922530276
79,120,426.4663243770251,0.7040973400607312,0.7912680984178384,253.44771930401035,2.047853563574636,426.4663243770251,253.44771930401035
79,60,453.5033901516901,0.2542794511295405,0.793041791288727,265.2547180943278,0.05580472250194852,453.5033901516901,265.2547180943278
79,55,454.7668964573639,1.1449620649537804,0.7914431795201574,265.5988594805746,0.13276113690539496,454.7668964573639,265.5988594805746
79,50,455.6901605802378,0.7888939446119291,0.7908885994507254,266.4731642154501,0.06523331666550947,455.6901605802378,266.4731642154501
79,45,456.24357743774857,0.7297309160083322,0.7878314971814584,262.9470510466743,0.07423455474876053,456.24357743774857,262.9470510466743
79,40,457.2524119627164,0.2850874696435542,0.7862963408090661,263.6548932996683,0.12955087573508647,457.2524119627164,263.6548932996683
79,35,471.2665010817349,0.6484408841385872,0.7949629142969548,298.81233543033903,0.42395725160376496,471.2665010817349,298.81233543033903
79,25,484.5976139428165,0.7430343588164423,0.7944634818230041,352.22592873361936,0.9962459073769282,484.5976139428165,352.22592873361936
79,20,491.20662210761316,0.6553454705934344,0.7943121873931004,401.86004469475637,0.7727910033231083,491.20662210761316,401.86004469475637
79,15,497.54676773860706,1.1339231897024526,0.7944064603094851,441.9021635302222,0.20230263279924293,497.54676773860706,441.9021635302222
79,10,500.4399071624878,0.7461500351263074,0.7949290022171654,457.90703274734943,0.14911955717762304,500.4399071624878,457.90703274734943
79,0,500.6124522825552,0.0777356498870108,0.7949668296542507,460.93528965343677,0.5002970645182904,500.6124522825552,460.93528965343677
80,100000,2.759907373418903,0.10354107661502628,0.7977636214543146,123.19235488447406,0.9730436592676788,2.759907373418903,123.19235488447406
80,40000,6.410715008561556,0.012132023048959311,0.7985984096063022,121.9631288327782,1.0080105060052564,6.410715008561556,121.9631288327782
80,5000,46.504072863347425,0.018290108322616645,0.8033290338106411,126.04419665671355,0.9966542759081201,46.504072863347425,126.04419665671355
80,2000,106.24578634600965,0.24135997608484502,0.7994130950523668,132.80871619146845,0.49016091979960025,106.24578634600965,132.80871619146845
80,1500,141.40912727228397,0.25163333857037523,0.7985083529722821,136.41243968914353,0.04680037948784065,141.40912727228397,136.41243968914353
80,1000,211.0560265079051,0.3036992075474496,0.8012307298278564,145.94017889086953,0.3248293644478888,211.0560265079051,145.94017889086953
80,900,235.29550096883005,1.04214227779429,0.8026788006521427,145.7487359798685,0.4687380563796752,235.29550096883005,145.7487359798685
80,800,291.03619821497074,0.5988948918082189,0.7994512311480121,162.5033701464549,0.17442546793501393,291.03619821497074,162.5033701464549
80,700,356.2473902398236,0.783770452136624,0.7964407343264189,194.7681420343529,1.3126846982681242,356.2473902398236,194.7681420343529
80,600,391.8165943996951,12.33654957386382,0.7975284952445051,208.85908672453832,7.7885266941313915,391.8165943996951,208.85908672453832
80,550,407.9568761557534,0.025278449756474055,0.7974913298094838,217.38353293012597,0.08663576586444496,407.9568761557534,217.38353293012597
80,340,431.33825534936386,0.11794870595319719,0.8001574549318083,229.68212196161699,0.5289070387525368,431.33825534936386,229.68212196161699
80,180,428.40296146020836,0.5517634980961408,0.8032508410733058,233.2408280121955,0.5130457627841499,428.40296146020836,233.2408280121955
80,160,429.5990482508918,3.1866082626956027,0.8003185336121806,233.70226407407776,1.1944410108271168,429.5990482508918,233.70226407407776
80,140,423.53660861738905,2.9063675345712947,0.8023826891853902,240.5218271807405,0.7051211689582523,423.53660861738905,240.5218271807405
80,60,454.4534784181883,0.8419250231943134,0.8035572323801441,261.6379720656712,0.73957377301312,454.4534784181883,261.6379720656712
80,55,455.3534928092159,0.4478023922242874,0.801807709835885,261.6863908832585,0.4698539587481565,455.3534928092159,261.6863908832585
80,50,458.1137593822197,0.36120618198544013,0.8003418806423199,262.587112642113,0.5504537101064938,458.1137593822197,262.587112642113
80,45,458.65190888175897,0.20986147226015578,0.798299432125967,261.139778267533,1.0659291344967758,458.65190888175897,261.139778267533
80,40,460.44437017015485,0.4399574163121172,0.7971650179207946,262.5356318741799,0.6160588518187772,460.44437017015485,262.5356318741799
80,30,475.59433088597126,5.004763212813736,0.7950294021676746,304.9799424769339,0.8886131118417967,475.59433088597126,304.9799424769339
80,5,500.28727948703647,1.6173817581629808,0.7950213107510591,460.626526092113,0.16075970870017545,500.28727948703647,460.626526092113
81,100000,2.7834016101651446,0.006852104282725836,0.8122678160807214,121.3552413577168,3.9134140408498372,2.7834016101651446,121.3552413577168
81,40000,6.040162646510289,0.03954121749943071,0.8061206242755743,122.03764274405601,1.3397692767975546,6.040162646510289,122.03764274405601
81,5000,43.08251218763903,0.0466624043211455,0.814555308666395,126.09270347880822,0.12349347608669062,43.08251218763903,126.09270347880822
81,3000,75.40802422589826,0.286928453520447,0.8068933608119249,126.39400580973027,3.129875016430865,75.40802422589826,126.39400580973027
81,2000,111.80619730356268,0.2501914045071552,0.8080091922436275,132.32557109118144,0.4058219728558261,111.80619730356268,132.32557109118144
81,1500,148.58297975652158,0.1532489401288312,0.809595671079629,136.9113030439037,0.24045423757447046,148.58297975652158,136.9113030439037
81,1000,221.9821778350894,0.1258747720901243,0.8124837356820896,148.17518985675636,0.5528910302324385,221.9821778350894,148.17518985675636
81,900,247.4592963139687,0.46426240094135773,0.8147310886962914,147.6446322542699,0.7343237955793054,247.4592963139687,147.6446322542699
81,800,266.1000276970496,0.35942984529107747,0.8060572497855581,151.8237925989075,2.657380406569068,266.1000276970496,151.8237925989075
81,700,324.0822866517667,15.753816382804416,0.8100753414442443,175.27280342170604,6.785900823902963,324.0822866517667,175.27280342170604
81,600,391.250905307745,0.4837378351886246,0.809518975474631,206.59511007955595,0.24054331560280107,391.250905307745,206.59511007955595
81,550,415.09187331233966,0.5771400828918541,0.8073425177097228,220.54616201065872,0.0419330161506332,415.09187331233966,220.54616201065872
81,450,425.50039875531047,7.035798459680188,0.8091271350502497,218.1993842797688,3.638114869093509,425.50039875531047,218.1993842797688
81,380,432.8606852103203,0.7094690623556115,0.8053375021232765,229.3094090961813,1.0455043309250678,432.8606852103203,229.3094090961813
81,260,423.8501380739577,2.579987391860454,0.8123022415295217,226.91062990831063,0.43074345244214673,423.8501380739577,226.91062990831063
81,220,427.5155162745461,1.0308597472319851,0.8077244841275698,229.82600410234522,0.5772043214159767,427.5155162745461,229.82600410234522
81,200,428.38699388010986,3.527436813078499,0.8095249557071007,232.20847910672265,1.3334906707549972,428.38699388010986,232.20847910672265
81,180,429.2392650304823,1.3203893497148969,0.8116495678681123,233.94433172139125,1.324283333761584,429.2392650304823,233.94433172139125
81,160,432.5908221251263,0.9112406353519823,0.8081564187404467,233.55491774371168,0.8020572744056667,432.5908221251263,233.55491774371168
81,100,439.12256523279166,0.3683467367125623,0.8114470475380934,253.25552153485387,0.11143062704517055,439.12256523279166,253.25552153485387
81,90,440.06292871127965,0.6310460904225036,0.8103118973977135,254.17476690578474,0.2531193693163859,440.06292871127965,254.17476690578474
81,80,441.76065280627745,0.8585929754196219,0.8085478074715118,255.0871087662047,0.1731239837434882,441.76065280627745,255.0871087662047
81,70,442.16846078991483,0.8746232482734617,0.8073519920364479,255.57235092919163,0.05045924557165471,442.16846078991483,255.57235092919163
81,65,443.00720034907454,0.8663792162367091,0.8062865868949682,256.1247292939667,0.21073779064905024,443.00720034907454,256.1247292939667
81,25,486.0871807205867,0.5796199151821342,0.8149514977867587,336.59305161120113,0.8109283852396532,486.0871807205867,336.59305161120113
81,20,494.6688088800647,1.2402626957962544,0.8148018377046048,379.7666823455152,0.2464382287094419,494.6688088800647,379.7666823455152
81,15,501.1331726083925,0.8025987831077528,0.8146563326063762,419.5501304704928,0.44548551088176813,501.1331726083925,419.5501304704928
82,100000,2.645688414695673,0.0883826905326663,0.8160552963868093,123.3356124011766,1.2632520479694218,2.645688414695673,123.3356124011766
82,40000,6.215060342335161,0.04314938587525935,0.8186107876974291,121.56634992810518,0.390966097438832,6.215060342335161,121.56634992810518
82,3000,70.76800141372186,0.07270946525907784,0.8171964571885232,128.51344910841365,0.8082467449897173,70.76800141372186,128.51344910841365
82,2000,103.74414445701944,0.26666441824976633,0.8195472600535535,131.7563311166206,0.4949243123439099,103.74414445701944,131.7563311166206
82,1500,136.66398835215904,0.1951660722691774,0.8216026995060548,135.87736647520205,0.38616654726730004,136.66398835215904,135.87736647520205
82,1000,205.3764555513334,0.5900532904507517,0.8233865999101647,143.64344865968724,3.6408154975254625,205.3764555513334,143.64344865968724
82,900,227.36226161578688,0.33148697800481647,0.8242099605001201,145.42047059866763,4.668085753924903,227.36226161578688,145.42047059866763
82,800,281.5633988484212,0.5548767772642375,0.8191416484289022,159.57665951323455,0.7723262540562289,281.5633988484212,159.57665951323455
82,600,366.77046428690846,0.7444041143693905,0.820045359867739,192.64506317704004,0.30014113329709907,366.77046428690846,192.64506317704004
82,550,389.9544105276272,1.353708229601771,0.8189104980626686,204.09665873480515,1.5320904856170858,389.9544105276272,204.09665873480515
82,450,438.40502340754136,1.2941759481848658,0.8173640282930915,229.9949773997361,0.605863983604017,438.40502340754136,229.9949773997361
82,340,420.7288300473626,2.4595258616869846,0.8225263350918021,222.33007012612856,1.2068829917581998,420.7288300473626,222.33007012612856
82,300,423.30392274048063,3.2411853028753326,0.8208368054543844,223.33187953777394,1.379295185263716,423.30392274048063,223.33187953777394
82,260,424.16903508004333,5.714880962399985,0.8200569350710428,225.9671288034583,1.0513096209187796,424.16903508004333,225.9671288034583
82,220,427.4465581185357,2.5023322023818317,0.8157113107153876,230.3453602403841,1.122164967326506,427.4465581185357,230.3453602403841
82,120,436.21598475403124,0.1691798226322404,0.8173187184945016,245.42051551740647,0.20489586030748966,436.21598475403124,245.42051551740647
82,100,439.0981115485356,0.8230825674113753,0.8226207144558338,251.7853134357587,0.9893661532636236,439.0981115485356,251.7853134357587
82,90,440.2339254900724,0.33891725179673904,0.8216268535313528,252.0963479749473,0.25494201215551704,440.2339254900724,252.0963479749473
82,80,441.94013105208455,0.9707592377126764,0.8197470230330092,253.41854503198317,0.6592480688553028,441.94013105208455,253.41854503198317
82,70,444.9578255483171,0.5894731084398999,0.819114536607008,254.7662239213017,0.9590330896286033,444.9578255483171,254.7662239213017
82,65,444.8174931470647,0.5880313768882198,0.8181207052320288,254.9915860383512,0.7573862103111856,444.8174931470647,254.9915860383512
82,50,458.1136581674462,1.167844048957695,0.8241800971445499,256.38252772636713,0.5372788132542684,458.1136581674462,256.38252772636713
82,45,460.0362541553457,0.9399727627168383,0.8217107381292896,254.25731750811153,0.10252074521468806,460.0362541553457,254.25731750811153
82,40,460.390534508548,0.458628949880671,0.8204433835763302,254.68813859140718,0.22819637621492508,460.390534508548,254.68813859140718
82,35,474.5107040791282,0.5608538691080369,0.8152603428493,284.2225806818991,0.08396900894497465,474.5107040791282,284.2225806818991
82,30,476.77725896524663,0.4486531653813616,0.8151908167439222,289.9973853861739,2.19764416429531,476.77725896524663,289.9973853861739
82,10,501.3343596899669,4.967512250719877,0.8152474096134116,444.59616721173415,0.47188325111776314,501.3343596899669,444.59616721173415
82,5,506.5722197516524,4.471925703215802,0.8152818279220074,447.61285335727916,0.1648689293004917,506.5722197516524,447.61285335727916
82,0,505.1442327391197,0.40780199846974186,0.8153024189886448,448.0273863509063,0.18627193139383807,505.1442327391197,448.0273863509063
83,100000,2.5664161961353398,0.10443726104326652,0.8297638195531042,122.46521615045197,2.7309245793376236,2.5664161961353398,122.46521615045197
83,40000,5.8869752905916,0.02192969953694157,0.8292436755014395,122.0124986006341,0.9643558973183953,5.8869752905916,122.0124986006341
83,5000,44.95339491149395,0.21575323034481864,0.8258543131850095,126.56587961898316,0.5260310725849812,44.95339491149395,126.56587961898316
83,3000,72.89172327943835,0.1753115150873914,0.8334542911095172,128.77285065390768,0.24401144950206327,72.89172327943835,128.77285065390768
83,2000,108.82692664966379,0.46532832269172575,0.8333007959717227,130.26818561864084,3.218312510973839,108.82692664966379,130.26818561864084
83,1500,144.18890058718975,0.6000382363834313,0.8343743711773858,134.78485008039272,3.580312768754566,144.18890058718975,134.78485008039272
83,800,257.81708903643533,0.5174595141135955,0.8278321605850474,152.0363013067788,0.2728829739784972,257.81708903643533,152.0363013067788
83,700,314.0769740011024,17.782068269684842,0.8299870622691429,170.8036281007697,6.391726941664963,314.0769740011024,170.8036281007697
83,600,383.48810696988556,0.6135573561970192,0.8296589136952252,199.46204018643184,0.08234745392752475,383.48810696988556,199.46204018643184
83,550,408.70659784873664,0.5949997923270306,0.8281145635593963,211.58122127536998,0.4168296041965833,408.70659784873664,211.58122127536998
83,380,418.6087282609545,7.168921784272768,0.8296479326147089,221.21285991852878,7.03341767973711,418.6087282609545,221.21285991852878
83,340,417.66076691067013,2.1701310643374594,0.8287131488770186,218.0384991842512,0.9516039558204725,417.66076691067013,218.0384991842512
83,180,434.9993734848431,0.9301925531026223,0.8335424416174778,225.90082981234255,0.1573064349351101,434.9993734848431,225.90082981234255
83,160,435.14369223079365,0.8597975386022816,0.8318738638121146,227.03900873666575,0.12503530198017418,435.14369223079365,227.03900873666575
83,140,433.61529365462707,0.6669640270776822,0.8259901322440024,230.70811078692972,0.35327693485063394,433.61529365462707,230.70811078692972
83,120,434.01841354494053,0.6373327383080313,0.8277361364563643,246.7822248716674,0.8445000341604226,434.01841354494053,246.7822248716674
83,60,455.4498437099035,0.6247037259353143,0.8264022524956447,254.60224884783455,0.792592118304283,455.4498437099035,254.60224884783455
83,55,455.69709046496945,0.9596407224584781,0.8250818302848404,255.60733876794237,0.1667916993035838,455.69709046496945,255.60733876794237
84,40000,6.153069197911176,0.04185630350906727,0.8414694592241205,121.9279980332124,0.5374315439188232,6.153069197911176,121.9279980332124
84,5000,41.81353989056269,0.10054308468863617,0.8379769335756686,125.96618158977684,0.3307527275538283,41.81353989056269,125.96618158977684
84,3000,67.89983975567667,0.045786989040607094,0.8445783389143638,128.3178907763701,0.8526769319272718,67.89983975567667,128.3178907763701
84,2000,100.68060672359644,0.20559743218880736,0.844381411151823,131.34765624848023,0.5688504141424803,100.68060672359644,131.34765624848023
84,1000,217.39234460747943,0.6235693177968944,0.8369357179044892,147.9587677501031,1.4717992719913702,217.39234460747943,147.9587677501031
84,900,240.8337126901714,0.8225024329573992,0.8387209051938461,146.88488610080285,0.6692168906032255,240.8337126901714,146.88488610080285
84,800,274.5832781047404,0.5098230984401014,0.8425840295956798,156.7689780180264,0.6133367595953939,274.5832781047404,156.7689780180264
84,600,351.78834085933687,0.7788627324612647,0.8406132582951621,185.67015846473632,0.9695677105915371,351.78834085933687,185.67015846473632
84,550,376.4734210559284,1.5489202364666992,0.8405460558320171,196.61062286542588,1.6411647392034372,376.4734210559284,196.61062286542588
84,450,431.815741759917,1.81847150673546,0.836619667712477,225.53526361731122,1.0993750045063526,431.815741759917,225.53526361731122
84,260,433.8594705085805,0.21804876026562725,0.840860549292044,222.42737827030246,0.28397741953439076,433.8594705085805,222.42737827030246
84,220,434.5306086265582,0.3234113819846798,0.8369658438384123,223.98939411460762,0.2658888797859769,434.5306086265582,223.98939411460762
84,200,433.2396112153938,1.2991843029297774,0.8399035749844134,225.08973964993254,0.2921443333666751,433.2396112153938,225.08973964993254
84,180,433.5793274480495,0.14099598484539339,0.8428287104480475,226.80242411269356,0.509889482253528,433.5793274480495,226.80242411269356
84,160,434.45559212290954,1.755182592252292,0.840735473270129,226.62368027907314,0.2715831196133512,434.45559212290954,226.62368027907314
84,140,431.3316023012931,2.3779844350742065,0.8365288117469709,233.12860840676294,0.44761224732799787,431.3316023012931,233.12860840676294
84,100,436.77391086070446,2.5540609045128186,0.8412222939003383,243.58682515159975,0.10202512669574552,436.77391086070446,243.58682515159975
84,90,437.0910028679966,1.6225250674934537,0.8402253701272359,244.44840392610203,0.3603596560478059,437.0910028679966,244.44840392610203
84,80,438.3615741154083,1.4800239412002238,0.8387893578044118,243.7193612010527,0.12126205977802784,438.3615741154083,243.7193612010527
84,70,441.51827209736007,0.47035255866445674,0.83776082292901,245.3807770535925,1.3733052721850085,441.51827209736007,245.3807770535925
84,65,440.5186188901166,1.583283102544486,0.8371700797600461,245.00060587263135,0.10584428443772555,440.5186188901166,245.00060587263135
84,60,461.56238222470546,0.6985515225486507,0.842361736336677,252.091380276721,0.1819226090631276,461.56238222470546,252.091380276721
84,55,461.48678426257965,0.32654262894251695,0.8410435051863608,252.14481729739995,0.19694256482168593,461.48678426257965,252.14481729739995
84,50,463.9726253600664,0.07908878690394928,0.8402677947295002,252.56388501400488,0.7336923716074485,463.9726253600664,252.56388501400488
84,45,464.15804044892866,0.35533513278799217,0.8386419805903289,251.2533937302876,1.2325231804577115,464.15804044892866,251.2533937302876
84,40,466.6015338618333,2.741272668189881,0.8377713236432794,252.3199882603375,0.4154150833476779,466.6015338618333,252.3199882603375
84,35,479.39352167386187,0.15471400037421243,0.8358665978233989,288.20802199734425,2.79520863579285,479.39352167386187,288.20802199734425
84,30,480.11171235424393,0.9146075115529128,0.8359344115908645,295.70975870717905,0.27978158473620335,480.11171235424393,295.70975870717905
84,25,493.2104922823767,0.6603079195452201,0.835589052450087,344.81731001665645,0.47833078049656347,493.2104922823767,344.81731001665645
84,20,500.6424543851699,0.9119216356849925,0.8353982591791422,391.49467933734377,0.8135257061825205,500.6424543851699,391.49467933734377
84,15,506.65797870438945,0.30255359810566623,0.835348847605104,426.91983754258735,0.7844897128674193,506.65797870438945,426.91983754258735
84,10,507.4811340999873,1.1242064768956046,0.835810478568847,441.33063118599154,0.5248359082118168,507.4811340999873,441.33063118599154
84,5,508.2221533460233,0.35277478266001716,0.835840953970154,443.5335325264793,0.11758565297532889,508.2221533460233,443.5335325264793
84,0,509.2176535177345,0.03745169486369135,0.8357969819693426,443.9168679037803,0.38326734590925277,509.2176535177345,443.9168679037803
85,100000,2.353538273466443,0.15124211527757778,0.8483706675049054,122.35589312272282,2.0181131687046303,2.353538273466443,122.35589312272282
85,40000,5.7109403260530724,0.0015894987613493763,0.8485216417668745,121.79003225487793,0.496129381402439,5.7109403260530724,121.79003225487793
85,3000,72.17313349929283,0.124520330974146,0.8527805266548473,127.75971124593293,0.31733451572358823,72.17313349929283,127.75971124593293
85,2000,106.10314895766071,0.11413728101406048,0.8548467364867133,132.0091895016612,0.8494937930687628,106.10314895766071,132.0091895016612
85,1500,135.47571285033158,0.18011773911733273,0.846489255585318,131.3577858614736,2.7758723670810976,135.47571285033158,131.3577858614736
85,1000,201.73830863898073,0.40494401516158895,0.8480392072457463,143.93862680350938,0.6754523079185069,201.73830863898073,143.93862680350938
85,900,223.03728191026963,0.3328153161979649,0.8489595368679103,149.10968518682844,0.3347160121512709,223.03728191026963,149.10968518682844
85,800,251.48654634958623,1.1782173693135227,0.8513323942879011,149.73632233287597,0.7366984041599468,251.48654634958623,149.73632233287597
85,700,318.76580963896043,0.30197233309868576,0.8486527126181073,172.84324572781634,0.10055570501489298,318.76580963896043,172.84324572781634
85,600,371.50060652892853,0.589245587083098,0.8527521316172123,191.3635307433533,0.4110253456085321,371.50060652892853,191.3635307433533
85,550,394.91217504228285,0.5333126912462475,0.8518448338921178,201.92705411733118,0.550257463253374,394.91217504228285,201.92705411733118
85,450,442.12106818470903,0.4692855226112816,0.8454902086341823,229.24841161672168,0.17910632975953222,442.12106818470903,229.24841161672168
85,380,439.4921096557962,1.063908013485383,0.8523740514393113,224.91226503108575,0.1625183348888756,439.4921096557962,224.91226503108575
85,340,436.72807442645654,0.4528104795695446,0.8504054148632324,223.9945953606656,0.09193061539136509,436.72807442645654,223.9945953606656
85,300,432.93205983751324,3.6495411552224657,0.8493327567611179,220.5306832344709,1.2096456357850738,432.93205983751324,220.5306832344709
85,260,431.290495885026,0.5397443196474225,0.8496016627038534,221.53570469986963,0.2819431260678276,431.290495885026,221.53570469986963
85,220,431.66743857568844,1.1666678815576987,0.8460748644509425,224.1056412923881,0.35013516007684864,431.66743857568844,224.1056412923881
85,140,434.79108883507894,1.9621060513708457,0.8544535833618564,224.66921019137644,0.23343663141622525,434.79108883507894,224.66921019137644
85,120,433.46880441334406,0.3192231582871931,0.8461785698760286,237.0646945068852,1.2104183167276386,433.46880441334406,237.0646945068852
85,80,449.43973581845495,0.8561970951339875,0.8547688152684912,244.86319137781845,1.3230783977893394,449.43973581845495,244.86319137781845
85,70,451.2549388260641,1.1176051615513742,0.8533132416108581,245.44100733190953,1.002115872741655,451.2549388260641,245.44100733190953
85,65,451.9905186297636,0.7751687445612826,0.8532884941145906,245.43781044853665,0.8435361149931048,451.9905186297636,245.43781044853665
86,40000,5.948557417270686,0.01127116145925069,0.8625074354105372,121.69950547630707,0.20917612874995287,5.948557417270686,121.69950547630707
86,5000,41.83508258848235,1.301977034996762,0.8589164245209817,123.89566309223999,2.6903474767387903,41.83508258848235,123.89566309223999
86,1500,140.00502287938355,0.19584900280751513,0.8567385405179238,134.10310097201156,3.400595044417102,140.00502287938355,134.10310097201156
86,1000,209.8883042016845,0.3661990663580897,0.8589465751162416,145.95655688879404,0.6485656928311394,209.8883042016845,145.95655688879404
86,900,234.9731126743161,0.30719944767529306,0.8609849673822199,144.98575318812848,0.870066699387119,234.9731126743161,144.98575318812848
86,800,268.45691863599865,1.126913507267493,0.8646008033934036,154.04027593070413,0.835300429031788,268.45691863599865,154.04027593070413
86,700,289.43758998863865,0.373240776151175,0.8559358531000455,162.47287282361296,0.03578996025061589,289.43758998863865,162.47287282361296
86,600,345.43084670437923,0.839207600093452,0.8628153167166607,181.56853274302247,0.15236361706819754,345.43084670437923,181.56853274302247
86,550,373.02246946640344,0.6271335393311849,0.8637851055937128,190.38240701613702,0.8518233559814606,373.02246946640344,190.38240701613702
86,450,427.7253298482431,0.649704696198605,0.8613019099670627,216.07611022301623,0.23010564911868867,427.7253298482431,216.07611022301623
86,380,432.5240613782378,2.6712579755644876,0.8604236171117696,223.70457205349086,0.6852944422543288,432.5240613782378,223.70457205349086
86,340,427.49382809860543,1.0654173353678444,0.8573789545170544,218.70840843040693,0.42692699658113925,427.49382809860543,218.70840843040693
86,220,431.3060582071931,2.5630107377696554,0.8636993189400766,218.74273643115893,0.5914105972674604,431.3060582071931,218.74273643115893
86,200,430.1487256236096,1.1486637269559696,0.8619483744817754,219.59620185566726,0.16132224074333448,430.1487256236096,219.59620185566726
86,180,430.3100167339873,1.9761341923015328,0.8602387401641939,221.48868363832358,0.6047677658309252,430.3100167339873,221.48868363832358
86,160,432.3108204449345,0.9037839455610077,0.8586510378657256,221.87614388815123,0.8466993456078068,432.3108204449345,221.87614388815123
86,120,441.7230415743909,0.41972368574727187,0.8621398755209615,237.751920735951,0.8287116944972421,441.7230415743909,237.751920735951
86,100,446.44538238573733,0.8245680582010679,0.8568497812613342,243.07431036760556,1.029507757976262,446.44538238573733,243.07431036760556
86,90,447.9713431936045,0.22014407271372177,0.8559369928998027,243.90702790992532,0.9108738861691754,447.9713431936045,243.90702790992532
86,60,464.0743284035488,0.8177692141557923,0.863763840974627,247.787251169168,1.0336274062196986,464.0743284035488,247.787251169168
86,55,465.02181259436946,0.30675570528115914,0.8627726486192847,247.29273787597091,0.27859972418981105,465.02181259436946,247.29273787597091
86,50,466.54178080283606,0.6556623565095148,0.8620413371787556,247.47166896475014,0.45086761630086325,466.54178080283606,247.47166896475014
86,45,467.71503166513,0.06352711963413331,0.8604265965574062,246.32965119954414,0.7902587610395285,467.71503166513,246.32965119954414
86,40,468.5106629904886,0.5130139658063996,0.8594532225087811,246.5558529907728,0.6293083521049603,468.5106629904886,246.5558529907728
86,35,483.871141904077,0.20010444112947184,0.8558778975021757,275.21715430798815,0.16507661890078218,483.871141904077,275.21715430798815
86,30,485.9868533289072,0.6552845327993098,0.8559390111313888,281.95655587966866,0.6111671632268437,485.9868533289072,281.95655587966866
86,25,496.92579111922714,1.0400599217677973,0.8558051504296538,327.96198067164005,1.0553560531258712,496.92579111922714,327.96198067164005
86,20,504.8293509795378,0.6441380328563063,0.8557178715920181,370.2331762618866,0.8503997665289242,504.8293509795378,370.2331762618866
86,15,509.0191892379244,0.5588459346180014,0.8556814653104029,407.2462819522046,0.1599378834767768,509.0191892379244,407.2462819522046
86,10,513.4957000689092,1.3762821326628687,0.8560272954913813,438.62210437763105,0.3498965622978313,513.4957000689092,438.62210437763105
86,5,513.687515316844,0.36972562849447704,0.856144532107301,440.73256300568806,0.4466104760328539,513.687515316844,440.73256300568806
86,0,512.171371657436,0.17933974156953883,0.8561015467200569,441.09836698003886,0.15620091981063472,512.171371657436,441.09836698003886
87,40000,5.494784054018669,0.022252763172123446,0.8687932399794871,122.58899288627414,1.0556677865030288,5.494784054018669,122.58899288627414
87,3000,65.77758703777987,0.10779033519770716,0.8677325428948984,128.49020104356575,0.3331792791702373,65.77758703777987,128.49020104356575
87,2000,100.2811623973977,0.30153543717486736,0.8698199129446507,131.19150625316092,0.39939008092330397,100.2811623973977,131.19150625316092
87,1500,133.6226141443592,0.1163289669892441,0.8709440413849855,134.994092309586,0.8066582116637911,133.6226141443592,134.994092309586
87,1000,195.8743560369876,0.38320492092091823,0.8724450930982387,143.2956277158029,0.37726969173017877,195.8743560369876,143.2956277158029
87,900,218.00549864171344,0.45626013250752107,0.8735705574974447,148.46437205033592,1.1517861998616306,218.00549864171344,148.46437205033592
87,700,315.27729616548726,0.3351001069559071,0.8706848960640441,171.62891049587083,0.14760763848653444,315.27729616548726,171.62891049587083
87,600,369.48252527875474,0.5380416256722423,0.8743024882524445,188.84296625804157,0.615818641261548,369.48252527875474,188.84296625804157
87,550,393.3215243995939,0.45413854729548164,0.8734043333799514,198.15819941268123,0.043654528396555606,393.3215243995939,198.15819941268123
87,450,436.4942915758,0.21897415655117425,0.8687230028016568,219.5546526232182,0.057116102087048586,436.4942915758,219.5546526232182
87,300,428.1335273470335,2.0652149742908548,0.8717493296967991,216.75138451059172,0.32636608984700755,428.1335273470335,216.75138451059172
87,260,430.7236856202118,1.3226770143283006,0.8675140228388322,217.70910028049457,0.5833390591512815,430.7236856202118,217.70910028049457
87,180,437.20414484108124,0.6917204792658723,0.8737616432613377,219.87434211787888,0.5394618545571608,437.20414484108124,219.87434211787888
87,160,437.6701499160645,0.6776022780701847,0.8725564593151246,220.50332451614554,0.26567294022033267,437.6701499160645,220.50332451614554
87,140,435.8340970873962,0.1464890002046363,0.8681382472677744,225.61244737898764,0.29682516224870126,435.8340970873962,225.61244737898764
87,90,448.430182713241,0.9870098015206422,0.8744999263460055,237.26391013740667,0.8063129287929325,448.430182713241,237.26391013740667
87,80,449.3317114458485,0.681055430270121,0.8734441845969879,237.5276700705964,0.21347075978233102,449.3317114458485,237.5276700705964
87,70,451.7404425133446,1.0009102689003266,0.872675357748394,238.99339116451392,0.39785955256658384,451.7404425133446,238.99339116451392
87,65,451.491828410205,0.874693105144637,0.87192360123675,239.2516850320544,0.7771227831174407,451.491828410205,239.2516850320544
88,40000,5.634117489066969,0.021487818295635345,0.8819044833722339,121.84767252647828,0.868936933205407,5.634117489066969,121.84767252647828
88,5000,41.304238155706976,0.10395403276749449,0.8783028076485658,125.77201653123745,0.6575410876786785,41.304238155706976,125.77201653123745
88,3000,69.03127419901178,0.15357498120204524,0.878108460972553,126.16038010130013,3.3595555606224257,69.03127419901178,126.16038010130013
88,2000,102.53849471311378,0.36406390430192453,0.8825216514020925,131.1446843626834,0.3674707900733627,102.53849471311378,131.1446843626834
88,1500,140.57161914973258,0.12082534026687253,0.8845890384736929,135.5821860434695,0.24689493946514335,140.57161914973258,135.5821860434695
88,800,245.95290080379678,0.2050317066899173,0.8756069625470957,148.48443786753452,0.04328699563178007,245.95290080379678,148.48443786753452
88,700,281.4106475212315,1.4084030515090369,0.8793742179990106,158.98224049454254,0.6852645983421332,281.4106475212315,158.98224049454254
88,450,420.8151184546857,0.4881027139329317,0.8848926299762513,207.46298647555844,0.06113802257823261,420.8151184546857,207.46298647555844
88,380,433.58357281172835,1.1814222960072918,0.876917289023971,217.2618243024327,0.7675063498146456,433.58357281172835,217.2618243024327
88,340,428.5906642367809,1.2557466033221458,0.8758468417178076,216.229292926147,0.39665521384047614,428.5906642367809,216.229292926147
88,300,437.4497241671616,0.7311582572982511,0.8830308647011634,216.31807852454713,0.1522301334436065,437.4497241671616,216.31807852454713
88,260,435.02454496017145,0.4184133653984112,0.8795567146115709,216.09279438217527,0.5617342552566403,435.02454496017145,216.09279438217527
88,220,436.42668837717173,0.44069987739353417,0.8764221343074016,217.71345803298652,0.6478906512802024,436.42668837717173,217.71345803298652
88,200,436.35465938639067,0.37564126284921395,0.8751343768468086,218.49432428094323,0.2882459770423333,436.35465938639067,218.49432428094323
88,120,443.0298214276429,0.4275084413457723,0.8789739619353053,229.82919642223374,0.9638581122145328,443.0298214276429,229.82919642223374
88,100,447.3412471014811,1.0468304278593314,0.8752937266049944,235.8104683431418,1.017828403111227,447.3412471014811,235.8104683431418
88,60,463.3219511675331,0.1760486973001217,0.8802031987899421,240.63456520405234,0.6056025281134277,463.3219511675331,240.63456520405234
88,55,463.7444831039841,1.4031401765998153,0.8794123062201941,241.95250688357706,0.21552192200838355,463.7444831039841,241.95250688357706
88,50,465.5981605173891,0.7123706463214178,0.8788523081427857,242.07385366504278,0.2580749403737862,465.5981605173891,242.07385366504278
88,45,466.72286185808326,0.9813305134576726,0.8778799161182183,242.1912678938353,0.9334163370613933,466.72286185808326,242.1912678938353
88,40,468.5536655964722,1.0916364233653089,0.8774546021660231,243.88264485799183,0.18537108344277162,468.5536655964722,243.88264485799183
88,35,484.6740842976039,0.604944400435024,0.8767862915898451,279.92516852319676,0.3310978954895146,484.6740842976039,279.92516852319676
88,30,486.4599225763031,0.34725111061779623,0.8769090479595808,286.1844343402018,0.7395747851824853,486.4599225763031,286.1844343402018
88,25,499.4268597738824,0.3914204846205573,0.8764363611783575,335.2768848211729,0.6534656513643179,499.4268597738824,335.2768848211729
88,20,506.94515174816934,0.9613191770195518,0.8763097181993668,377.3827875729262,2.92944281713241,506.94515174816934,377.3827875729262
88,15,512.9159941932623,0.7941543026197965,0.8761648192346111,414.49879898719445,0.39841329449937657,512.9159941932623,414.49879898719445
88,10,516.103979776539,0.44298586505510706,0.8764329846451432,435.6980557464899,0.16378886972005244,516.103979776539,435.6980557464899
88,5,516.1474366232668,0.11029543301588687,0.8764788298067039,436.92174336416093,0.29480850998278874,516.1474366232668,436.92174336416093
88,0,516.1585309505871,0.39150898453228083,0.8764274465906977,436.85988648840475,0.3113842081280932,516.1585309505871,436.85988648840475
89,40000,5.142252683241516,0.014502691281644853,0.8914853316562849,122.5021753793139,1.2269131903658756,5.142252683241516,122.5021753793139
89,5000,38.83751328465734,0.027959426637083725,0.8921804573966767,125.68640999400823,0.8390903562714447,38.83751328465734,125.68640999400823
89,3000,65.41051625963404,0.08557004892221796,0.8914270403862709,127.59405312964095,0.4452480214720603,65.41051625963404,127.59405312964095
89,1000,212.0898356851039,0.506612191555481,0.8872413477934687,146.1490473339899,0.03611564486520813,212.0898356851039,146.1490473339899
89,900,236.35450446916528,0.37284216941961734,0.8892262276816257,146.15674161238914,0.2298705805063961,236.35450446916528,146.15674161238914
89,800,272.44618566303865,0.4112926305562091,0.8928071494879788,156.37805460173885,0.6944439382525268,272.44618566303865,156.37805460173885
89,600,336.7253688603965,0.950532581218012,0.8854873547450133,177.78554026882958,0.2021239485116663,336.7253688603965,177.78554026882958
89,550,364.018452462838,0.7977769234182561,0.8866700820702098,185.54043421373072,0.8029053836611239,364.018452462838,185.54043421373072
89,380,445.3732229848578,0.5457905300377194,0.8883125567046486,220.97291514275503,0.40238186472327475,445.3732229848578,220.97291514275503
89,340,438.61245976769015,0.021672524055975712,0.8872370011880272,217.803684833661,0.11706703658230881,438.61245976769015,217.803684833661
89,220,438.5106925218974,0.14213734257447685,0.893169884212509,215.61195753744587,0.480729911413121,438.5106925218974,215.61195753744587
89,200,438.5705348857493,0.2133127990825569,0.8915278277537992,215.5668164662592,0.4280150433885072,438.5705348857493,215.5668164662592
89,180,439.15493668845403,0.3626213851557656,0.8901161586209394,216.0374155128953,0.35308773327707543,439.15493668845403,216.0374155128953
89,160,439.6188029966716,0.9058404203817958,0.8888373927296462,216.59085010100762,0.3237232906951602,439.6188029966716,216.59085010100762
89,140,438.8254593225806,0.3031919627331073,0.885649772728026,218.15563150783063,0.12229714047705892,438.8254593225806,218.15563150783063
89,120,437.34500569131933,1.2131715954553337,0.8930580275035297,227.24071668459786,1.0179236526338244,437.34500569131933,227.24071668459786
89,100,442.87840022254767,0.43313854986714917,0.890137131487244,233.12283774404503,1.0473729044343238,442.87840022254767,233.12283774404503
89,90,445.721590902734,0.8628223958613146,0.889559541188692,233.26018392386877,1.0460315920679546,445.721590902734,233.26018392386877
89,80,447.8884511977592,0.35810691055552846,0.8886924884157364,235.84487000364894,0.2636738623108696,447.8884511977592,235.84487000364894
89,70,451.19108406633524,0.7481488776683531,0.8877507290428782,236.91996616847803,0.16299912640355785,451.19108406633524,236.91996616847803
89,65,450.0709631662573,0.913522174208366,0.8875385100171648,235.60980980330214,1.1744146855052875,450.0709631662573,235.60980980330214
90,5000,41.66247650627381,0.06714104972192209,0.9020335615139651,125.59994693986096,0.0814325732814744,41.66247650627381,125.59994693986096
90,2000,97.44753912294846,0.11589582943728197,0.895847267110809,131.3067171695088,0.40590874702943147,97.44753912294846,131.3067171695088
90,1500,130.868862139343,0.17934189487510013,0.8976284253671788,134.9148378614049,0.5525369616853755,130.868862139343,134.9148378614049
90,1000,193.0637139132948,0.4195989633675996,0.8986530777127428,142.33500726140903,0.3821062831586863,193.0637139132948,142.33500726140903
90,900,212.18154633160376,0.42254475830741417,0.8989704839627667,144.12185246982565,3.7532883058617474,212.18154633160376,144.12185246982565
90,800,237.32473836043832,0.13915237794273008,0.9001774004556026,145.69698808590962,0.936724568088311,237.32473836043832,145.69698808590962
90,700,292.8906579966216,23.407264989681266,0.8996061325521117,163.24517669201524,8.376533168278913,292.8906579966216,163.24517669201524
90,600,351.929437884376,0.184644924554126,0.8972625756446598,182.1827823085348,0.7141162995110442,351.929437884376,182.1827823085348
90,550,377.85337590707314,0.27889511534818845,0.8974508727278737,189.0458808198529,0.3775328900307019,377.85337590707314,189.0458808198529
90,450,433.747126590893,2.855546782625998,0.8952506016106664,214.60926614142718,0.11099516017196663,433.747126590893,214.60926614142718
90,380,440.3819922584865,,0.9046498765605939,213.06302763806104,4.578202802979328,440.3819922584865,213.06302763806104
90,340,443.5147311645996,3.149692388614205,0.9034030486427221,219.76294392122895,0.7968924719170873,443.5147311645996,219.76294392122895
90,300,442.40729515914654,1.1030068726511346,0.9002307426093701,217.04243928128122,0.7179633755359752,442.40729515914654,217.04243928128122
90,260,441.1449644160932,0.7445481995390453,0.8966203392890116,215.28992565546517,0.21403492349155964,441.1449644160932,215.28992565546517
90,220,430.1907894166788,0.8908156626879042,0.9039981245558485,212.13018438597837,1.0358214400354846,430.1907894166788,212.13018438597837
90,200,428.76171565133336,1.5988296014865901,0.9028931335307826,212.81082421673054,0.9552955371557391,428.76171565133336,212.81082421673054
90,180,432.96735636963166,1.7594180380131583,0.9017071783669813,214.94687178914793,0.9821910019906923,432.96735636963166,214.94687178914793
90,160,432.9472451876195,0.5776683921445539,0.9008099290221177,215.64668326581167,0.8959896577322078,432.9472451876195,215.64668326581167
90,140,441.476797757484,0.514306093917904,0.898334521332223,218.54312790829226,0.41599217354568424,441.476797757484,218.54312790829226
90,60,465.3855411783022,0.4482314771988554,0.9002421577773635,236.39605411840034,0.646611665348634,465.3855411783022,236.39605411840034
90,55,465.8907669570974,0.817700186884738,0.8995832325364516,236.88562452951442,0.609711773776197,465.8907669570974,236.88562452951442
90,50,467.14816859584204,0.2222178891505775,0.8990254122980149,235.9246145405905,0.7036295139372445,467.14816859584204,235.9246145405905
90,45,471.342011790404,1.2682224117148253,0.8986043646035985,237.97063113422143,0.9011010077614888,471.342011790404,237.97063113422143
90,40,471.4611456584903,0.26607494653520947,0.8978986340847349,238.5198992944601,0.3754301598256116,471.4611456584903,238.5198992944601
90,35,486.7193447926293,0.3819982738174684,0.8972123483840541,269.6549568791072,0.49264465692684,486.7193447926293,269.6549568791072
90,30,489.22192176004455,0.7488587362045643,0.8972450588694011,275.76181659339267,0.9388032846667831,489.22192176004455,275.76181659339267
90,25,502.1317449729423,1.3111272779617404,0.8969391834948682,320.11943989505966,0.3332213431967331,502.1317449729423,320.11943989505966
90,20,510.36844714266084,0.8685390373711274,0.8969114682236133,359.2166521736258,1.329012567998432,510.36844714266084,359.2166521736258
90,15,516.6246469900195,0.2693462955954363,0.8967495688786219,394.9988734589437,0.6933065726264378,516.6246469900195,394.9988734589437
90,10,521.799744887291,0.9598663623002102,0.8968280771879918,429.3252966936819,0.02103190805995471,521.799744887291,429.3252966936819
90,5,521.6136058971987,1.0515859058468768,0.8968816970161101,431.32192988720794,0.31121685160209994,521.6136058971987,431.32192988720794
90,0,520.7286855307078,0.4973043746948815,0.8968831974292003,431.2709420471276,0.1077902937232849,520.7286855307078,431.2709420471276
91,40000,5.004379468863841,0.31113233042329297,0.9087768379989534,122.22196139598782,0.9610725245792703,5.004379468863841,122.22196139598782
91,3000,67.02892476314683,0.19407966154309703,0.9067239945241564,128.30843849232053,0.13397159961353616,67.02892476314683,128.30843849232053
91,2000,100.65677391573145,0.17515124529534756,0.9074605280783246,130.78816116877167,0.03997361912505426,100.65677391573145,130.78816116877167
91,1500,135.26381283306986,0.37599019594359584,0.90955598479231,134.58319717862426,0.19252677094150492,135.26381283306986,134.58319717862426
91,1000,200.64181728905592,0.1374787893447715,0.9109861717703663,143.78189110730833,0.9539220432178197,200.64181728905592,143.78189110730833
91,900,223.40308818668643,0.25282367405787026,0.9121163888590639,148.77533410284892,0.6149402596787551,223.40308818668643,148.77533410284892
91,800,253.72621707335307,0.965851560488637,0.9144561272590136,149.18281017889979,0.7574228622329805,253.72621707335307,149.18281017889979
91,600,324.38639392716107,0.449465004270658,0.9079736329407501,173.9197702960778,0.6506667587160839,324.38639392716107,173.9197702960778
91,550,352.581352362248,0.5170833860747114,0.9094089872174621,182.3255027978358,0.9509848879590561,352.581352362248,182.3255027978358
91,450,409.5456140306874,2.451565467679383,0.908619870838325,198.63347119050016,0.15688830851360724,409.5456140306874,198.63347119050016
91,380,438.5206469690858,7.995525948601641,0.9098528603499961,207.67901070608502,0.5949882086890069,438.5206469690858,207.67901070608502
91,340,428.5847641385291,2.894098623094557,0.9117218762697862,207.41032836511712,0.9359763254334443,428.5847641385291,207.41032836511712
91,300,425.0457613532612,0.7916323497735576,0.9087019834968886,207.96835896370976,0.3121864034462925,425.0457613532612,207.96835896370976
91,260,428.76641828568677,1.4894197948729717,0.9064735522555784,210.1907460975536,0.028933099096677326,428.76641828568677,210.1907460975536
91,120,441.93294808339516,0.9749640302241661,0.9100383076272931,221.34821872824782,0.2971885238752504,441.93294808339516,221.34821872824782
91,100,446.15062299093006,0.40556646424817466,0.9077698112262911,227.57998076069407,0.8461851571977612,446.15062299093006,227.57998076069407
91,90,448.1652082827248,0.6609590007957153,0.9072129117818749,228.05600521126362,0.22001097977243622,448.1652082827248,228.05600521126362
91,80,450.5130393156019,0.5383246802974258,0.9064373855614912,229.64519819989542,0.9131926501507907,450.5130393156019,229.64519819989542
91,70,451.77455510410056,1.6840273354885196,0.9060387034265703,231.5881484349036,0.11188548719092455,451.77455510410056,231.5881484349036
91,65,453.7700083913312,0.5153169022458031,0.9056316602140159,232.19951905512184,0.17194724374590345,453.7700083913312,232.19951905512184
92,5000,37.84659776669741,0.17402653729594045,0.9160652322332331,125.09968958622794,0.28531529450590903,37.84659776669741,125.09968958622794
92,3000,62.14690025095397,0.51042165522646,0.9188438047387119,125.49861144662005,3.347091650693797,62.14690025095397,125.49861144662005
92,2000,90.82217560056802,0.33995892734334143,0.9205620728971627,130.25961276439463,0.16681906149912085,90.82217560056802,130.25961276439463
92,1500,122.76671126992234,0.12936972479458653,0.9216788295748005,133.58892613298912,0.7710217233697392,122.76671126992234,133.58892613298912
92,1000,183.17774564465049,0.06801889988273369,0.9231797578171722,140.61570102036646,0.19503389444880057,183.17774564465049,140.61570102036646
92,900,203.10885415801684,0.17848998429413399,0.9239660832110573,144.72936413104597,0.27168953750895186,203.10885415801684,144.72936413104597
92,700,291.3299484823841,1.0646277848464136,0.917524191228931,162.3353179864878,0.46428579733323827,291.3299484823841,162.3353179864878
92,600,346.218962126188,0.30590896025733866,0.9212514946410147,180.2191941871705,0.6464534094294503,346.218962126188,180.2191941871705
92,550,372.2819657231123,0.14042199590130952,0.9214731427913536,186.3163626570249,0.16752699397406695,372.2819657231123,186.3163626570249
92,450,425.87447468138504,1.031232194699635,0.9194295598911322,204.1533922005423,0.08321673022795491,425.87447468138504,204.1533922005423
92,260,430.3744178919776,2.367662239038108,0.9226354401669083,209.406571387673,0.8569156584933622,430.3744178919776,209.406571387673
92,220,432.7555310242314,1.686176581177886,0.9204522838584194,210.551483898537,0.890439694434942,432.7555310242314,210.551483898537
92,200,434.138077358825,1.2358715793616588,0.9193243680474753,211.2627201219356,0.6505011544834497,434.138077358825,211.2627201219356
92,180,434.01158758339244,1.645559407494129,0.9182562010290362,211.2904073736186,0.40153963335928056,434.01158758339244,211.2904073736186
92,160,437.4569945663632,1.904627471737778,0.9171290406901512,213.2580139003592,0.6878012303743537,437.4569945663632,213.2580139003592
92,140,440.51342458834023,0.6963911640884413,0.9153404351353146,211.84757488719046,0.4955848629259259,440.51342458834023,211.84757488719046
92,90,452.0156040688692,0.8401682433800979,0.9246588234321287,226.22087557419513,0.17538808066445652,452.0156040688692,226.22087557419513
92,80,453.6561515863412,0.9395279797995195,0.9241642615407409,227.38896941104886,0.1483190455106958,453.6561515863412,227.38896941104886
92,70,456.49444098485407,0.46221734696456024,0.9237400601891572,228.1915093292329,0.1401298721378352,456.49444098485407,228.1915093292329
92,65,457.4762341483638,0.47065983711883125,0.9234578812345046,228.59165338401363,0.19749905398606807,457.4762341483638,228.59165338401363
92,60,474.1275419350604,0.36943040736722577,0.919024994327902,235.09533498068893,0.4308550869273571,474.1275419350604,235.09533498068893
92,55,475.8579617027637,0.7818650297130202,0.9185605557714002,235.6857979816584,0.23172319851606935,475.8579617027637,235.6857979816584
92,50,477.00822030433665,0.588654245079815,0.9182622797610712,236.6646155509301,0.2501571386325098,477.00822030433665,236.6646155509301
92,45,478.4773991511979,0.2358062960201899,0.9180700021350056,236.87843294915342,0.27675611794333654,478.4773991511979,236.87843294915342
92,40,480.0751921992907,0.4511621602970016,0.9178184213100321,238.55904494289294,0.0980056279673702,480.0751921992907,238.55904494289294
92,35,498.70414991145225,0.8161589939873868,0.9175319814685619,272.8513080571933,0.22202488547200439,498.70414991145225,272.8513080571933
92,30,501.039147671561,1.8956109064100854,0.9175403399667991,278.8724527696655,0.18022712258821874,501.039147671561,278.8724527696655
92,25,514.1681034614267,0.22109065498836397,0.9175445632465413,324.8789997301503,0.1813571210844414,514.1681034614267,324.8789997301503
92,20,520.6548953195341,0.8008858632028691,0.9174166291043931,363.15597908819615,0.7389589539976543,520.6548953195341,363.15597908819615
92,15,523.970779720521,0.5182473849750004,0.9174058457632498,392.54584677155026,0.11080229058220586,523.970779720521,392.54584677155026
92,10,525.9365624324856,0.5553046956264331,0.9173973800173827,421.68786166627007,0.03482391983475811,525.9365624324856,421.68786166627007
92,5,527.0417488346085,0.9935714622625162,0.9174560827747843,423.0137916850312,0.3422806842985473,527.0417488346085,423.0137916850312
92,0,525.6894345214818,0.8544299402331071,0.917489065820755,422.7865161713907,0.025451494154854735,525.6894345214818,422.7865161713907
93,40000,4.507962901862727,0.007945088990883668,0.9254867497225833,122.42485118132167,0.813305109122991,4.507962901862727,122.42485118132167
93,5000,39.0815365366121,0.0477857821283781,0.9280022807621191,124.84393934113017,0.502220049940617,39.0815365366121,124.84393934113017
93,3000,64.17420458235087,0.16420171891063934,0.931378531489763,127.44538059456198,0.45458221756270334,64.17420458235087,127.44538059456198
93,2000,95.26633741934897,0.11602992861290712,0.9342571839978611,130.71759715414763,0.40673850139207646,95.26633741934897,130.71759715414763
93,1500,125.8448293442596,0.18728251879014807,0.934875502586854,131.45054316057863,3.1459663652681713,125.8448293442596,131.45054316057863
93,800,230.88777722505847,0.7813859828444154,0.9255269059286491,142.70343955174204,1.081739776438753,230.88777722505847,142.70343955174204
93,700,265.56675901857983,0.3632113015096429,0.9278565331994638,152.33387375179555,1.4273093574052018,265.56675901857983,152.33387375179555
93,600,312.93976570699107,0.3167705033122028,0.9314381552064271,169.66282096780694,0.03834639468516071,312.93976570699107,169.66282096780694
93,550,341.84364864886544,0.7038418392580282,0.9327820268198264,178.80905735928638,0.8192019236454686,341.84364864886544,178.80905735928638
93,450,397.97237057684714,0.9292602145382101,0.9323512259947444,192.73523584639247,0.3258516391736995,397.97237057684714,192.73523584639247
93,380,442.40160282090136,0.6651439602385458,0.9303766686759456,210.02110848620592,0.3530659919486387,442.40160282090136,210.02110848620592
93,340,441.707375819913,3.1112358940078293,0.9280758590592675,214.2754571577003,0.9131410018895829,441.707375819913,214.2754571577003
93,300,433.2230728613513,2.4820086502748566,0.9253178662793369,209.5838767593034,0.8798103487452497,433.2230728613513,209.5838767593034
93,200,432.22092925579364,1.5454008809640916,0.9347815915614297,209.00953219439495,0.5345194734694655,432.22092925579364,209.00953219439495
93,180,434.69965399725044,1.086447635837939,0.9339873020878467,209.8811245207099,0.03998319355624575,434.69965399725044,209.8811245207099
93,160,435.84528271268056,0.1549658629038576,0.9331632421485204,210.79153030848363,0.2563262209683046,435.84528271268056,210.79153030848363
93,140,442.4875553541415,0.317956581243965,0.9311712663125622,212.52195635585758,0.11463259504255247,442.4875553541415,212.52195635585758
93,120,441.4554479006336,1.1316955937106656,0.9273857687177678,220.58910455470917,0.6266241015526531,441.4554479006336,220.58910455470917
93,100,450.08639766347,0.2684281583332846,0.9251540036217788,225.42069435386884,0.09456702730422074,450.08639766347,225.42069435386884
94,5000,35.454283239658196,0.06102785458069406,0.9411406428101851,125.7229798815901,0.6472041648539086,35.454283239658196,125.7229798815901
94,1000,186.11651860710822,0.06251847453332698,0.936224438129567,141.14636676159316,0.49792306338780074,186.11651860710822,141.14636676159316
94,900,207.08426452739275,0.4553911091542091,0.9370057211052427,145.45846210074978,0.5448193326624157,207.08426452739275,145.45846210074978
94,800,235.42850337331984,0.7292102410886998,0.9385706795898622,145.0268579885114,0.937678617825397,235.42850337331984,145.0268579885114
94,700,266.96151723255946,0.49169020180946643,0.9402677739029626,154.74553307724796,0.43614913293795055,266.96151723255946,154.74553307724796
94,600,316.53564947254046,0.30604082330924987,0.9432654491273764,170.34422646211502,0.8560214015413771,316.53564947254046,170.34422646211502
94,550,344.2161234276685,0.5084197356479669,0.9442278476399301,179.01211378241513,0.04883451483596127,344.2161234276685,179.01211378241513
94,450,403.8758886305612,0.7924524670987715,0.9438825367124632,194.58802403617653,0.04340131384841239,403.8758886305612,194.58802403617653
94,380,442.53134584547996,1.3839894226877476,0.9423602341600489,208.94698225883735,0.16779413838673946,442.53134584547996,208.94698225883735
94,340,432.0815053077002,0.5679788220655895,0.9407118405827762,209.1898245372685,1.0448932274835456,432.0815053077002,209.1898245372685
94,300,431.74974476602114,2.0286463023471604,0.9390816752965158,207.59663590602545,0.14568167763465134,431.74974476602114,207.59663590602545
94,260,431.74148958917914,0.7209163263889978,0.9374162953942164,208.14022567531637,0.23720616403264344,431.74148958917914,208.14022567531637
94,220,432.0640112557346,1.383185995412475,0.9356707316208336,208.90325972337345,0.1031938980385505,432.0640112557346,208.90325972337345
94,120,448.98542608730867,0.35185685438129544,0.9441396111857872,212.69953405243518,0.1246409593034951,448.98542608730867,212.69953405243518
94,100,448.8861503115791,0.8345362137501091,0.9427240141399222,220.71282079874746,0.21361051947029777,448.8861503115791,220.71282079874746
94,90,453.2991855765668,0.3483164084327175,0.9424315479076423,222.27824148566643,0.3357037642514213,453.2991855765668,222.27824148566643
94,80,457.4073586267559,0.9866762120081427,0.9421308916914691,223.79796145981024,0.2526021306114128,457.4073586267559,223.79796145981024
94,70,460.0269763653521,0.28249603764833653,0.9418532879618806,224.81774068654894,0.23434357112000978,460.0269763653521,224.81774068654894
94,65,460.93758571554343,0.5682401053266785,0.9417330139212415,225.23317840510913,0.1421126629906027,460.93758571554343,225.23317840510913
94,60,478.27646260385626,0.4580719714089166,0.938823974976949,231.4511355497269,0.12662765569352766,478.27646260385626,231.4511355497269
94,55,479.8224927155348,0.3800514516382625,0.9386473706026569,232.57742999959746,0.3902715021720948,479.8224927155348,232.57742999959746
94,50,482.51179943623873,0.4764695174853798,0.9384958640779576,233.75900592849896,0.22616671367848956,482.51179943623873,233.75900592849896
94,45,483.4380427663403,0.21726041774920057,0.9384819557471865,235.8027011701956,0.017049926775322764,483.4380427663403,235.8027011701956
94,40,484.7069301773695,0.6910768701545381,0.938282514620659,235.5470661776964,0.1992579551879014,484.7069301773695,235.5470661776964
94,35,501.4202559887986,0.8394216150406486,0.9382321825170012,263.76814783049485,0.19055702725618445,501.4202559887986,263.76814783049485
94,30,502.88760173683977,1.1866796485978948,0.9382420947373475,269.4264487108701,0.45224816183269145,502.88760173683977,269.4264487108701
94,25,514.7277816443933,0.44818681756677575,0.9381021602222027,306.8910498565505,2.2135453094426905,514.7277816443933,306.8910498565505
94,20,520.5852151380326,2.3041635303369152,0.9380200642965896,338.43461732917075,2.0818228737212254,520.5852151380326,338.43461732917075
94,15,525.9551532065096,0.8058414896485718,0.9379773573729383,369.2171130831173,0.33567065165497667,525.9551532065096,369.2171130831173
94,10,530.0793848393868,0.829064786398151,0.9379578873604667,408.0346367421616,0.5433349197699802,530.0793848393868,408.0346367421616
94,5,530.009412368304,0.5434938014665767,0.9380791903691215,413.7230336460316,0.302391581231469,530.009412368304,413.7230336460316
94,0,530.9600619555564,0.7771378636086054,0.9380865246792727,414.5756045510807,0.23667928863095564,530.9600619555564,414.5756045510807
95,3000,57.068582757178234,0.1586910628696971,0.9454197452589114,125.0010627259362,3.0812159263634107,57.068582757178234,125.0010627259362
95,2000,84.78347451489489,0.22474115201655603,0.9467492587582141,129.53054992559873,0.29893762169537214,84.78347451489489,129.53054992559873
95,1500,113.90770674173831,0.2304533874614455,0.9484914454946312,130.7880481059046,3.681465560754832,113.90770674173831,130.7880481059046
95,1000,169.72823866758839,0.02774067889830215,0.9496536964447727,138.41399401704095,0.41160739050267325,169.72823866758839,138.41399401704095
95,900,187.54583987391388,0.3495778615063726,0.9500679947917389,141.0630108258146,0.7120871849727931,187.54583987391388,141.0630108258146
95,800,211.81324048926115,1.4403923389343258,0.9508753496846603,145.92385965352852,0.7181553892624645,211.81324048926115,145.92385965352852
95,700,246.6084678048452,0.9022247360996543,0.9525519063858846,147.78402232438248,0.6488660280762224,246.6084678048452,147.78402232438248
95,600,283.2210027832418,0.4451793275042475,0.954208528491688,159.27634646685084,0.08170168253932428,283.2210027832418,159.27634646685084
95,340,442.2443737865842,0.28119748015856905,0.9548439557242342,207.31017987587498,0.3133172213337152,442.2443737865842,207.31017987587498
95,300,425.42079596229996,1.430121412072323,0.9528967201885375,202.1515267745311,0.14061356431819086,425.42079596229996,202.1515267745311
95,260,426.76313864166485,1.1238637375192249,0.9514864443270458,203.53505311639557,0.2667492435847014,426.76313864166485,203.53505311639557
95,220,427.76223507560366,0.807703444235418,0.9502479371368945,204.85074242112526,0.37561792874799804,427.76223507560366,204.85074242112526
95,200,427.92747750543185,0.8801226195589993,0.9496353347530045,205.71037431646673,0.25203438866792033,427.92747750543185,205.71037431646673
95,180,429.57676925918605,0.9858060309879879,0.9490378120152348,206.38833143050707,0.2113454354826152,429.57676925918605,206.38833143050707
95,160,431.19333899672046,0.25598641492612195,0.9484094072159291,207.41474070084485,0.13706891228960968,431.19333899672046,207.41474070084485
95,140,434.377770883212,0.6360528272078537,0.9477966972902431,208.10339054692977,0.21849669714763723,434.377770883212,208.10339054692977
96,5000,36.7430819114599,0.11918873318197537,0.9566741196559289,125.18216681394567,0.953331928704139,36.7430819114599,125.18216681394567
96,3000,59.3734223776514,0.06872862175043162,0.9603398342265949,127.28209502556484,0.9333864572333508,59.3734223776514,127.28209502556484
96,2000,88.59799784322827,0.19544537122870237,0.9623998803045605,129.3389631690197,0.6782519405471561,88.59799784322827,129.3389631690197
96,1500,115.7897441386512,0.36262494122150557,0.9634088458016032,132.247906169006,0.4727893420769648,115.7897441386512,132.247906169006
96,1000,170.6122212598717,0.3001583991461241,0.964522880509573,138.17338487056938,0.47930464379423604,170.6122212598717,138.17338487056938
96,900,189.51162795529487,0.32245776022336853,0.9649732732095012,140.49572420890658,0.6872392255376751,189.51162795529487,140.49572420890658
96,550,314.24270009426203,0.5637051300637166,0.9557495409497867,168.5213194319157,0.69213992857757,314.24270009426203,168.5213194319157
96,450,372.91831524682294,0.6926812350315179,0.9564000311905375,185.00738101429343,0.854251076501179,372.91831524682294,185.00738101429343
96,380,424.48061622455856,0.4043775387071121,0.9556804084975878,198.59293532877106,0.04205605386548083,424.48061622455856,198.59293532877106
96,220,444.2952579789349,0.37133492196081863,0.964383242675705,210.13500309460878,0.17035179979720327,444.2952579789349,210.13500309460878
96,200,445.92460336999164,2.866947974737237,0.9640313225167277,211.14132908567055,0.3352362580003235,445.92460336999164,211.14132908567055
96,180,448.7874114968219,1.4786477945934007,0.963690237144128,211.3281703838928,0.8539227772887941,448.7874114968219,211.3281703838928
96,160,451.70056722614277,0.710269972177524,0.9634018026926446,212.76236922891894,0.07164873176292044,451.70056722614277,212.76236922891894
96,140,454.2279346040818,0.6613027812598344,0.9631170376745217,212.9498039827118,0.22781582887518143,454.2279346040818,212.9498039827118
96,120,460.94590616390315,1.028972353876317,0.9616663570830872,217.14346388841557,0.2835512241534212,460.94590616390315,217.14346388841557
96,100,472.07158114782504,1.041254152548966,0.9609466603181551,224.622533094641,0.8871084288663887,472.07158114782504,224.622533094641
96,90,474.0782015584255,1.183162814776391,0.9607748197396209,225.6263792795927,0.17701229974965696,474.0782015584255,225.6263792795927
96,80,476.3782183334722,0.6091761885227646,0.9605298983140503,226.65664467267172,0.3881116720076217,476.3782183334722,226.65664467267172
96,70,480.0999682831536,1.0561571021438905,0.9600421791771682,227.62214351643672,0.45574183218603326,480.0999682831536,227.62214351643672
96,65,478.6481041093534,0.485986130184649,0.9602394441350289,226.58254094435267,0.7691535842517593,478.6481041093534,226.58254094435267
96,60,495.19970938582384,0.6994092976573989,0.9591314298914515,240.44326953103948,0.5638423314063077,495.19970938582384,240.44326953103948
96,55,496.41519740759514,0.39667807810233274,0.9591455478115855,243.70343182064292,0.3890464165005113,496.41519740759514,243.70343182064292
96,50,498.0359389878701,0.2839097220693968,0.959149544432924,245.45370694313678,0.9025976355651322,498.0359389878701,245.45370694313678
96,45,498.7865306779734,0.9867959858187494,0.95918598483979,248.1962323480785,0.12468468445577556,498.7865306779734,248.1962323480785
96,40,497.7080866094168,0.8592307090579606,0.9591310800848687,246.0412373449141,0.1526570922901597,497.7080866094168,246.0412373449141
96,35,509.6151471815153,0.32222845155510615,0.9590053368407473,272.57914154972485,0.3522243160145629,509.6151471815153,272.57914154972485
96,30,512.3122669258988,0.5865496544328177,0.9590205495119911,277.43100241630964,1.0201701229184845,512.3122669258988,277.43100241630964
96,25,518.4773544554073,1.183140731968066,0.9589306663436051,305.32694804004876,0.4324699336156388,518.4773544554073,305.32694804004876
96,20,525.8266574645027,3.795326403421618,0.9587381618985411,333.8758061028854,0.3518850458602573,525.8266574645027,333.8758061028854
96,15,529.5692048210499,0.4505466332785693,0.9586080450195397,356.9731404745252,0.2969606896865366,529.5692048210499,356.9731404745252
96,10,531.7912341123553,0.5787946358639788,0.9585402612643871,394.7120092993874,0.6296338045309918,531.7912341123553,394.7120092993874
96,5,531.4165236549327,0.9765485327952064,0.958607066671112,401.5450429813661,0.11145012816808815,531.4165236549327,401.5450429813661
96,0,532.1176273694117,0.8427870888420974,0.9586513670337483,402.89697010730765,0.05094403095467499,532.1176273694117,402.89697010730765
97,800,213.89153763773302,0.34220948553862457,0.9656551019416755,145.57147361861493,0.356871474623975,213.89153763773302,145.57147361861493
97,700,248.91137741093976,0.16600245325483573,0.9670133840407752,147.98810610938867,0.8105410873467402,248.91137741093976,147.98810610938867
97,600,300.5323030985758,0.506609658684944,0.9689950385591851,164.19391500325983,0.6006998717870633,300.5323030985758,164.19391500325983
97,550,331.26966453947364,0.9480428721247741,0.9697965567325548,173.14490266926484,0.21647659706822298,331.26966453947364,173.14490266926484
97,450,387.50057942208224,0.6431040948594998,0.9698859948672552,189.62570511550902,0.805807836909505,387.50057942208224,189.62570511550902
97,380,426.82277138834934,1.510124002906528,0.969256123754708,201.0800601113011,0.7745594680542505,426.82277138834934,201.0800601113011
97,340,409.1958211424447,1.9732531352544478,0.9693121684822801,195.97154634021763,0.45672097823925784,409.1958211424447,195.97154634021763
97,300,430.5831906778381,1.9987535657799114,0.9661044242335654,203.9568462030004,0.8551826847345653,430.5831906778381,203.9568462030004
97,260,434.1379227550274,0.1750657857961634,0.9650954288409365,206.3487012257781,0.15306940013039835,434.1379227550274,206.3487012257781
98,3000,52.79849746330844,0.08010494657152613,0.9754154453024325,126.34316122521817,0.8400952888226787,52.79849746330844,126.34316122521817
98,2000,76.96337601357853,0.06485001202703053,0.9777396695833017,125.77532380471685,3.4964757540465277,76.96337601357853,125.77532380471685
98,1500,102.1531085824724,0.4993616586881034,0.9787727584063637,131.033318036495,0.6329938228217806,102.1531085824724,131.033318036495
98,1000,150.62916910427555,0.2826258155802757,0.9798951035698186,135.48773047803851,1.1722045585932541,150.62916910427555,135.48773047803851
98,900,166.50732313397864,0.40319190548362926,0.9801877993862528,137.1045819901185,0.6057345789017585,166.50732313397864,137.1045819901185
98,800,187.56803471240548,0.0885187306323183,0.9805496069449283,140.24574991478858,0.6572911539548536,187.56803471240548,140.24574991478858
98,700,218.08192418055026,0.17077434267319447,0.9812542129380404,146.02254898215998,0.32451831435051415,218.08192418055026,146.02254898215998
98,600,263.39477287588187,0.574776062516494,0.9824386602891199,151.47631287251474,0.7231067164737337,263.39477287588187,151.47631287251474
98,550,293.2310614080068,0.6671959850233486,0.9830219306963338,160.24208337454198,0.030162477271636165,293.2310614080068,160.24208337454198
98,450,363.1148971682485,0.08659890731324135,0.9837558671795591,181.33757627514885,0.06413900538204645,363.1148971682485,181.33757627514885
98,380,412.54976746382187,0.4258941159298788,0.9834234066281801,194.13622060155845,0.06199933572098894,412.54976746382187,194.13622060155845
98,340,440.19180927669896,0.30901783826616663,0.9830882696167605,203.38735411817854,0.15910676600810134,440.19180927669896,203.38735411817854
98,300,401.11507816560356,3.217616738629495,0.9832844571994462,194.44257025865136,2.4951189922486767,401.11507816560356,194.44257025865136
98,260,389.61460134843543,3.214041881655518,0.9831291096612359,186.2314114752097,0.4767694740082885,389.61460134843543,186.2314114752097
98,220,444.9715948958219,0.4493321075658983,0.9806240831411775,204.74887917117437,0.05439872376182747,444.9715948958219,204.74887917117437
98,200,449.38348388461554,0.8683954623778778,0.9804979904480585,206.68765213217566,0.23872687642525425,449.38348388461554,206.68765213217566
98,180,450.99087189917145,0.31784883684198073,0.9803580015580861,207.6417467213305,0.1424378960410163,450.99087189917145,207.6417467213305
98,160,451.86149854959336,0.9390390578224863,0.9802635312013503,208.03248458595067,0.10261440112338915,451.86149854959336,208.03248458595067
98,140,450.9599769994365,1.0080075633434225,0.9801498571900068,207.42754962509468,0.15746388005729656,450.9599769994365,207.42754962509468
98,120,447.9186784247843,0.8226652677593664,0.9796446014757382,203.7463780451435,0.2474430980039075,447.9186784247843,203.7463780451435
98,100,455.5478623420068,0.7453975372213446,0.9794223385993931,208.85540977134767,0.026463342077868487,455.5478623420068,208.85540977134767
98,90,460.8025196510671,1.1585836277711998,0.979410832131005,211.05048195134336,0.21266994709814163,460.8025196510671,211.05048195134336
98,80,462.0715244912562,0.27047711132739494,0.9793967742978777,213.49316962196235,0.2943898012072442,462.0715244912562,213.49316962196235
98,70,463.7948914616295,1.2106546134351717,0.9794111088465461,214.46876128219265,0.0629872103238497,463.7948914616295,214.46876128219265
98,65,467.5431471476051,0.8987719308907681,0.9794012294724873,217.65240478492458,0.11947321188612879,467.5431471476051,217.65240478492458
98,60,479.9882104882654,0.30221922300382514,0.9794176094950983,236.61543906062795,0.20191020018148717,479.9882104882654,236.61543906062795
98,55,481.9363158814401,0.1358301654099075,0.9794146647212667,239.0405176165524,0.24081022087742082,481.9363158814401,239.0405176165524
98,50,483.112518653565,0.6840258917058247,0.9794083397822252,241.3171663641175,0.14734185376556405,483.112518653565,241.3171663641175
98,45,484.75280155241165,0.7367120403025261,0.9794630306603856,243.94712245561155,0.2092585358789146,484.75280155241165,243.94712245561155
98,40,484.2538292742065,0.6372819186164287,0.9794413695863294,242.8983903193838,0.31642772374339007,484.2538292742065,242.8983903193838
98,35,495.2722224736321,0.7008267857662926,0.9793813070692504,264.6136459397874,0.09102298101638165,495.2722224736321,264.6136459397874
98,30,497.5062507074885,0.16727341795028197,0.9794072607091061,270.06876179700305,0.36196372512744807,497.5062507074885,270.06876179700305
98,25,505.1102454020858,0.9576325981520074,0.9793618891619006,295.3505682735167,1.6811871651056138,505.1102454020858,295.3505682735167
98,20,513.9537250102107,0.9487178136447029,0.9793252768958937,322.59785703182087,1.8843767560174673,513.9537250102107,322.59785703182087
98,15,521.7005018879431,0.7559865464746931,0.9793045246509223,343.67013978193995,0.21339315632751543,521.7005018879431,343.67013978193995
98,10,530.1308170761318,0.6945049851251367,0.9792883163326142,381.26232804183184,0.8082272768269386,530.1308170761318,381.26232804183184
98,5,528.5849590085885,1.0276247192930736,0.9793175102549608,391.04250985759,0.22456103921991102,528.5849590085885,391.04250985759
98,0,529.9094535322489,0.8550371654751808,0.9793328088018659,391.78254773037685,0.12575288928851885,529.9094535322489,391.78254773037685
100,2000,72.38737399088238,0.12239827426061206,0.9956155328857946,127.80366881605575,0.38980938722880504,72.38737399088238,127.80366881605575
100,1500,95.18854884663324,0.22157526792125895,0.9969135194961322,130.02437329017087,0.3016261771700696,95.18854884663324,130.02437329017087
100,1000,138.0298766286163,0.28460123281498245,0.9981821528406464,134.4127744104645,0.8669711413765716,138.0298766286163,134.4127744104645
100,900,152.09481624895898,0.2785295402316707,0.9985362954431403,134.10937587882674,3.276258693399349,152.09481624895898,134.10937587882674
100,800,169.13814744496327,0.8327126065429873,0.9987297537248269,138.56570329044868,0.5281645875739097,169.13814744496327,138.56570329044868
100,700,191.15276245919844,0.5856042026909869,0.9990262150688377,140.57033957058596,0.46792846240605745,191.15276245919844,140.57033957058596
100,600,222.23461371701572,0.4608732979987862,0.9993319779688993,146.90569441981896,0.6388739067079829,222.23461371701572,146.90569441981896
100,550,244.13792633013813,0.1789686284484077,0.9995560438737989,144.7130010228274,1.0192582431811168,244.13792633013813,144.7130010228274
100,450,305.0366667058493,0.4902433101135026,0.9998198724003747,162.05534895167958,0.9193757261217991,305.0366667058493,162.05534895167958
100,380,347.1851751964973,0.4317765190872981,0.9999029393277477,171.59591987036197,1.8205165702272252,347.1851751964973,171.59591987036197
100,340,379.44372237626953,0.4861583824139708,0.9999317749810865,179.37664401243333,0.8101548103636892,379.44372237626953,179.37664401243333
100,300,393.96512551228415,0.29622583245813827,0.9999259277710223,182.45189485611755,0.17028365761995093,393.96512551228415,182.45189485611755
100,260,414.7060971806207,0.7278981031281415,0.9999383063173837,186.2105343033314,0.1463811873233723,414.7060971806207,186.2105343033314
100,220,434.13287600944244,0.7173620275788033,0.999940052998963,190.2259507883499,0.676973314512228,434.13287600944244,190.2259507883499
100,200,440.60460244135726,0.16409154381405422,0.9999423750842441,192.84439569019503,0.18748763584921857,440.60460244135726,192.84439569019503
100,180,449.0780440198453,0.3422968804192845,0.9999395065159122,195.11703192541214,0.08541313445260693,449.0780440198453,195.11703192541214
100,160,455.31329333851,0.42608213378592363,0.999946377850336,197.613834581315,0.07546070410201668,455.31329333851,197.613834581315
100,140,461.2836581904324,0.5188526415415324,0.9999487979710109,200.05011700249327,0.2454326576859425,461.2836581904324,200.05011700249327
100,120,461.1008686919943,0.7558904443440455,0.9999503534468444,205.64141776129009,0.07830726259621387,461.1008686919943,205.64141776129009
100,100,451.9522406373674,0.8823745923933961,0.9999479373524909,208.11229869578946,0.018900926823891332,451.9522406373674,208.11229869578946
100,90,454.56572650362233,1.2967352480508316,0.9999496467736438,208.7648758306393,0.04526625207181855,454.56572650362233,208.7648758306393
100,80,458.9919078034422,1.1591066103540892,0.9999420598581104,209.44895082804513,0.10122694211488817,458.9919078034422,209.44895082804513
100,70,462.88029740755866,0.2312114002567575,0.999941214837906,210.01959593728353,0.04666794071977881,462.88029740755866,210.01959593728353
100,65,464.4717326651692,0.5595776844112318,0.9999496914735989,209.98929299339216,0.08256255754762856,464.4717326651692,209.98929299339216
100,60,491.0451488543201,0.7004434544403866,0.9999563820833259,218.05629057543547,0.060860816878219856,491.0451488543201,218.05629057543547
100,55,494.1836522780604,0.8347397953595774,0.9999521877513492,218.87462934704547,0.16096279243019138,494.1836522780604,218.87462934704547
100,50,496.92072542579064,0.9303217097050286,0.9999456603396478,219.43465012025504,0.14825451089249556,496.92072542579064,219.43465012025504
100,45,499.52715924368175,0.72487166558195,0.9999528820562896,219.8387372587225,0.21089887085210793,499.52715924368175,219.8387372587225
100,40,500.59443992550354,0.6415449007038649,0.9999475254752638,218.2426152921672,0.13327313280399566,500.59443992550354,218.2426152921672
100,35,531.152786832755,0.4013092351739511,0.9999540462486921,243.13190384573815,0.35145619883805673,531.152786832755,243.13190384573815
100,30,534.5663946150624,0.9823441650364042,0.9999552208931418,249.94196664043776,0.06291291462160928,534.5663946150624,249.94196664043776
100,25,549.7644432500646,1.5837161369699568,0.9999519689864691,296.74467459168557,0.09747088750620478,549.7644432500646,296.74467459168557
100,20,557.3341794760113,0.3571385405084865,0.9999492617043279,331.7861441693693,0.5429623496306024,557.3341794760113,331.7861441693693
100,15,560.0415038197611,0.24976269961478595,0.9999570143813751,347.37376567236987,1.1997045621644966,560.0415038197611,347.37376567236987
100,10,561.2590944744034,0.5018556678978688,0.9999577550521037,388.0466043243511,0.15442631128769949,561.2590944744034,388.0466043243511
100,5,557.593319128226,0.7147851992133802,0.9999485473660239,389.18828390104517,0.6027312891164238,557.593319128226,389.18828390104517
100,0,556.2236557050159,1.5350325199299792,0.999959397224786,389.32475284816127,0.11047329002709043,556.2236557050159,389.32475284816127
