{
    "56": [
        [120.90440523851852, 660.1762884459234],
        [114.81234313481484, 402.6636906058136],
        [81.53389300148149, 276.18497403109603],
        [72.3944468148148, 258.7333450044453],
        [65.07355925333333, 243.97227687590063],
        [44.11277653333334, 219.99343667241888],
        [22.36061141333333, 206.46027215757044],
        [0.0, 193.7420810849177]
    ],
    "57": [
        [119.51432090074074, 621.9761677769715],
        [107.32773551407406, 350.7527309179232],
        [93.5744555851852, 297.2541266711219],
        [76.84117212444444, 262.1082781319072],
        [61.86239585185186, 237.48596526521803],
        [41.93547420444445, 217.95150116689896],
        [21.20302120296296, 205.85844330408813],
        [0.0, 193.68914954877096]
    ],
    "58": [
        [118.16997515851853, 628.6153454606462],
        [111.64693486222222, 368.53114225104576],
        [103.92069488592593, 328.28767903070667],
        [87.7921304651852, 280.66298688710214],
        [81.1627212562963, 266.5224275692329],
        [63.07863538962963, 238.11186882008704],
        [42.78405655703704, 218.15524752238684],
        [21.72052141037037, 205.91148816893863],
        [0.0, 193.08589197894943]
    ],
    "59": [
        [119.55032869925928, 634.4312031560152],
        [108.37142058666666, 342.0729263597239],
        [89.84187888592594, 282.89373970985224],
        [75.57986669037037, 256.21922093844177],
        [63.80729334518518, 238.2755223629605],
        [43.33834851555556, 218.57872935434705],
        [22.066764539259264, 206.1572458503324],
        [0.0, 193.46272608296047]
    ],
    "60": [
        [119.93425867851852, 625.7536292604652],
        [113.78271070814816, 367.8950844882775],
        [103.40408412444444, 319.74259909384426],
        [92.08688485925929, 290.5435170214501],
        [77.12733604740741, 260.7883576868609],
        [59.885449362962966, 232.7521455418821],
        [40.658076586666674, 216.14382010878705],
        [20.638387176296305, 205.22081919355355],
        [0.0, 193.3295286879196]
    ],
    "61": [
        [121.19722123851852, 600.4763869709276],
        [109.06413930666668, 333.24325714818406],
        [101.04809002666669, 304.1829590229891],
        [86.5697754074074, 276.53533774118426],
        [79.42326814814815, 260.067924066294],
        [61.43087418074074, 233.3860562802594],
        [41.71744174222223, 216.32985808641533],
        [21.62291477333333, 205.15501042432612],
        [0.0, 193.25145486027432]
    ],
    "62": [
        [122.60488970666668, 608.0222183839373],
        [113.6053363437037, 351.4685534075182],
        [105.64711310222224, 317.42223263672327],
        [91.80169325037036, 280.4164698372538],
        [73.91872730074074, 248.48746279266564],
        [63.48345976888889, 234.5774419390913],
        [43.10837769481481, 216.90792681520497],
        [21.31184064, 205.08836900259095],
        [0.0, 193.18598705170848]
    ],
    "63": [
        [125.80026558814816, 566.4351987036416],
        [106.79887978666666, 317.84033305774784],
        [99.14071144296295, 294.3403969216619],
        [79.85838293333332, 255.7726774867442],
        [61.328364913777776, 232.29091247662367],
        [40.49974146370371, 215.0935679572232],
        [20.512217125925925, 204.7600426336816],
        [0.0, 193.35403555790535]
    ],
    "64": [
        [126.72218101333334, 433.91975200077576],
        [110.65347474962964, 327.50638221040805],
        [102.67813426962964, 300.4740064791859],
        [88.79248676740741, 270.2280959076245],
        [76.51508458666667, 248.66250447769295],
        [61.41029770666668, 229.74128334941335],
        [40.87001601185186, 214.6267134349548],
        [20.67483265185185, 204.28118444449368],
        [0.0, 193.3218366678527]
    ],
    "65": [
        [130.5970219851852, 601.6599863945651],
        [125.58974211555557, 406.2706927833704],
        [107.73303407407408, 310.29312073733814],
        [99.7448784434568, 288.2880762581001],
        [86.53680948148148, 262.55674895552824],
        [74.60514144, 245.36901637164385],
        [58.71896384888889, 227.90268755601653],
        [20.144216402962964, 204.20911034354256],
        [0.0, 193.51296841380284]
    ],
    "66": [
        [133.24685113679013, 553.3535012740796],
        [128.10628527407408, 430.9752995987767],
        [117.14959983881482, 344.96738991581384],
        [97.71068302696295, 281.66221204263],
        [89.39889, 263.94522059832764],
        [68.04175011950618, 236.53737931976144],
        [54.16115720444445, 222.83177900500704],
        [18.842602595555555, 203.5605473022703],
        [0.0, 193.0593094930448]
    ],
    "67": [
        [130.76915019851853, 592.1740572676034],
        [123.97037287619048, 386.9063581631283],
        [114.45494068938274, 328.025043099898],
        [101.63752613333334, 289.9017285433516],
        [78.25290857373737, 248.47397546163012],
        [65.86457826765432, 233.73032126661187],
        [46.86067527111111, 217.95589976846057],
        [24.06304117728395, 205.8947122939443],
        [0.0, 193.36649372059404]
    ],
    "68": [
        [132.13668693333332, 558.6885708500598],
        [126.73177938962964, 379.63149570392176],
        [116.51786062222224, 323.05339304094014],
        [100.53258138074077, 280.5529569861024],
        [83.63127817481482, 252.2108584542896],
        [66.90432805925927, 232.51190128264025],
        [47.714815336296304, 217.26991586032764],
        [24.48384926814815, 205.266940270652],
        [0.0, 193.36279421760875]
    ],
    "70": [
        [137.68094833777778, 510.5060638439718],
        [132.19793012148148, 406.5538636123137],
        [121.78950452148148, 334.63330848158404],
        [111.09441581037038, 298.9015423162506],
        [95.7162637037037, 267.200768537673],
        [79.59957283555556, 244.547259169096],
        [63.69548306962963, 228.2501229284784],
        [45.48947392, 215.38066375565265],
        [23.26969810962963, 204.66438435974203],
        [0.0, 193.37600685813524]
    ],
    "72": [
        [136.1475530903704, 452.35669524704],
        [129.5043251674074, 361.5748188338964],
        [118.72070997333334, 313.42961459204093],
        [102.56336715851852, 275.5164760671992],
        [85.36598826666666, 249.59514925985357],
        [68.30472673185186, 231.4483159417325],
        [48.72042953481482, 217.0603262092041],
        [24.99053001481481, 205.51363158798904],
        [0.0, 192.83343250584247]
    ],
    "73": [
        [140.83803854222222, 520.8089591227339],
        [135.76826204444447, 394.3670113273613],
        [124.69139728592592, 325.1402265173048],
        [113.60961059555557, 292.52108623998555],
        [97.82306197333332, 263.5259557765357],
        [81.42281279999999, 242.30635835673917],
        [65.12508171851853, 227.27230762357783],
        [46.39764167111111, 215.0049093146142],
        [23.750427733333336, 204.4815273808806],
        [0.0, 192.51890595016403]
    ],
    "75": [
        [141.8310744888889, 435.7154568705377],
        [133.04811086222222, 353.1049635085041],
        [121.75110082370372, 306.8340419313068],
        [104.9543493214815, 271.37221091364535],
        [87.2786496474074, 246.879059043246],
        [69.76353562074074, 230.03132846628387],
        [49.682262494814815, 216.25099954326865],
        [25.4307154962963, 205.148253135976],
        [0.0, 193.17853431957343]
    ],
    "76": [
        [145.02808791703703, 516.6668232200424],
        [139.77581778962966, 387.3195443922133],
        [127.96323159703704, 319.2032373913645],
        [116.09604370962964, 287.9935378554059],
        [99.7654066251852, 260.4042223878496],
        [76.45434728296296, 234.48250153536728],
        [52.336963697777776, 217.21144917205137],
        [24.12042541037037, 204.4511280381171],
        [0.0, 193.2827712707094]
    ],