read_pct_rounded,pause,bandwidth_mean,bandwidth_std,rd_percentage_actual_mean,latency_mean,latency_std,bandwidth_smooth,latency_smooth
0,1778,9.858848389405674,0.026725729448802672,0.003314170858104103,176.17484633133333,0.025783362116267364,0.0,176.17484633133333
0,1778,9.858848389405674,0.026725729448802672,0.003314170858104103,176.17484633133333,0.025783362116267364,9.858848389405674,176.17484633133333
0,1000,16.098596702051292,0.11379035295845445,0.0022302517344143947,175.45265207366666,0.025372088620281716,16.098596702051292,175.45265207366666
0,562,24.33710343057007,0.049715118243888176,0.0016055274701610625,174.94695945833334,0.011201196661582815,24.33710343057007,174.94695945833334
0,421,30.932067776463153,0.08189686838485016,0.001382933245576985,174.51904639766667,0.04584851728755631,30.932067776463153,174.51904639766667
0,316,40.6943702237126,0.1181547258447289,0.0019458041792725477,174.62709718666667,0.04536330280651851,40.6943702237126,174.62709718666667
0,273,47.18246981881074,0.08303846852444098,0.0008003359011714532,175.2089094526667,0.057964007098257914,47.18246981881074,175.2089094526667
0,236,54.471977010395165,0.5293314039220426,0.001302004136704742,176.32709750849997,0.04269553264144867,54.471977010395165,176.32709750849997
0,204,61.722145454453525,0.05939645210021574,0.004237577203640295,177.10125754266664,0.06090239823867741,61.722145454453525,177.10125754266664
0,177,74.24679706038475,1.1456848309088452,0.0022532351047298413,177.73245666988888,0.11675737338886372,74.24679706038475,177.73245666988888
0,133,97.3604514984019,0.9748455345917048,0.0014712678212404668,179.056788836,0.10463021970763073,97.3604514984019,179.056788836
0,115,110.31870270858225,0.3160421769738428,0.0008820886721780807,179.7752733606667,0.06760666351180346,110.31870270858225,179.7752733606667
0,100,126.01758754501608,1.215068929892446,0.0010073013738614912,180.7230271447778,0.1564735162003457,126.01758754501608,180.7230271447778
0,86,144.39097868950887,1.1490051318438348,0.0011542691882930672,181.6309249911111,0.1833775559356639,144.39097868950887,181.6309249911111
0,74,165.04391777491003,2.465942813392088,0.0010752485203034306,182.74118111677777,0.1589475789063427,165.04391777491003,182.74118111677777
0,63,191.58387796390718,3.050823038036319,0.0006427555532900447,184.18476317033333,0.1916614451896775,191.58387796390718,184.18476317033333
0,58,201.20558553009582,2.0878860127992205,0.00013659038699525097,184.80641028633332,0.18115032167099884,201.20558553009582,184.80641028633332
0,55,212.02084687217283,3.4450641466018053,0.0007107097111302337,185.65566674766666,0.3066641489080256,212.02084687217283,185.65566674766666
0,50,227.51087558588435,0.7202829643458142,0.00014070732633631778,186.417381611,0.06440675431065483,227.51087558588435,186.417381611
0,47,242.31977891592845,2.308441853020944,0.0006329527788583072,187.43726634222222,0.2126696782318471,242.31977891592845,187.43726634222222
0,45,262.10160247554677,,0.004686127701931092,189.40002575466667,0.29126664953977116,262.10160247554677,189.40002575466667
0,41,274.55132053632923,4.057685239219539,0.0008603254960169385,189.43398929788887,0.3043465031478386,274.55132053632923,189.43398929788887
0,35,315.3902668805486,5.904105045594694,0.0012130397712362554,192.97632643308336,1.1223660859332092,315.3902668805486,192.97632643308336
0,33,331.0784469731571,1.9821220260666248,0.0003181637688646412,193.70398714733332,0.10840551461861292,331.0784469731571,193.70398714733332
0,32,338.4017582428792,1.1830872132727022,0.0003290691206780005,194.44280465833333,0.12340208841028531,338.4017582428792,194.44280465833333
0,31,346.09773682225784,5.1537730385583815,0.0004781588896494983,195.0090810442222,0.6780699018819338,346.09773682225784,195.0090810442222
0,29,371.0821592686576,5.099277674454994,0.0015168323020947182,198.6799712411111,1.6264264210831432,371.0821592686576,198.6799712411111
0,28,378.516055199537,5.890391637029403,0.0008526824054915014,198.45498907377777,0.9573543442262336,378.516055199537,198.45498907377777
0,26,401.72932798169455,7.42422715238147,0.0011091477767514774,202.70165241908333,2.6874297567620853,401.72932798169455,202.70165241908333
0,24,422.33945900944013,4.543899259955318,0.00032994043093172024,206.33327361,2.453982914753193,422.33945900944013,206.33327361
0,23,440.086818686748,7.4870085523769125,0.0011689670308200116,216.10760048333336,6.4297385035540096,440.086818686748,216.10760048333336
0,22,453.830076657122,7.578705397452749,0.0012596950978314965,224.60464586175,6.52139364806069,453.830076657122,224.60464586175
0,20,475.77961619835526,3.0429357646480275,0.0006346364208006382,236.15256560344446,1.8915457129244098,475.77961619835526,236.15256560344446
0,19,487.3767646898979,2.4738090729481264,0.0009602650107191337,251.30671408783334,11.193955934350164,487.3767646898979,251.30671408783334
0,17,499.035524904842,2.6802230153951108,0.0002554218992098099,259.03258400733336,4.24952676705284,499.035524904842,259.03258400733336
0,15,503.9384379964265,0.9506796502167121,0.00023819460947309374,264.6190421094445,5.2732882594953105,503.9384379964265,264.6190421094445
0,14,504.57715679994686,1.0672078039803121,0.00022705350892838827,263.9824507405556,5.753301003025053,504.57715679994686,263.9824507405556
0,13,504.9767969794272,0.907965062134141,0.0003054950047534492,264.61288948633336,5.4018357963301895,504.9767969794272,264.61288948633336
0,11,505.77680171325414,0.8751168049636066,0.00034722852703562737,264.6283732907778,5.368234989089756,505.77680171325414,264.6283732907778
0,10,504.49177964077626,3.932118237299061,0.0007413439566551186,266.86062763266665,7.4201809116733655,504.49177964077626,266.86062763266665
0,8,507.3988853648817,0.46041522044242794,0.00022263234664188084,263.5430171607778,4.832388916573128,507.3988853648817,263.5430171607778
0,7,507.38775154470045,1.0563583246688375,0.0004006526481819072,262.88584199722226,4.515746720210214,507.38775154470045,262.88584199722226
0,5,507.68002342283125,1.088883013602286,0.00030473427347006373,262.512322263,4.846544625766776,507.68002342283125,262.512322263
0,3,503.92981128607397,6.938027797412128,0.0013358990169487486,265.30405387524996,7.128296745729449,503.92981128607397,265.30405387524996
0,1,504.639137877075,7.285769709609024,0.0010171189409571351,266.6124499083333,10.306813185155464,504.639137877075,266.6124499083333
0,0,504.01804595848716,7.4358273813546125,0.001215187677984833,269.78068029975003,10.942770561065727,504.01804595848716,269.78068029975003
1,3162,5.634601283158567,0.0813443173371961,0.007985209601848724,177.15805872399997,0.04692972988064133,0.0,177.15805872399997
1,3162,5.634601283158567,0.0813443173371961,0.007985209601848724,177.15805872399997,0.04692972988064133,5.634601283158567,177.15805872399997
1,421,31.331764898309235,0.08699991181748026,0.008027186393822936,174.59139731000002,0.07609886976588014,31.331764898309235,174.59139731000002
1,316,41.71541097675247,0.065718510562669,0.013126777869268321,174.66874317,0.004559565085736572,41.71541097675247,174.66874317
1,273,48.557772010934094,0.12114979174437196,0.010672567058652943,175.31194255666665,0.04236314872883739,48.557772010934094,175.31194255666665
1,236,54.84030718831493,0.023290355860827474,0.006811979473545857,176.47258113933333,0.014943274056428032,54.84030718831493,176.47258113933333
1,133,99.28801594927972,0.10802444062632183,0.011741556283233558,179.33046865633332,0.018592437335089997,99.28801594927972,179.33046865633332
1,115,112.99296143228241,0.4980920609230542,0.01109044645090733,180.21303281,0.06930342606764629,112.99296143228241,180.21303281
1,100,128.2646493997302,1.0964546967521072,0.010390208207606283,181.10872368900002,0.060141546855870816,128.2646493997302,181.10872368900002
1,86,147.25168648105583,0.35764957620476234,0.008354977159681325,182.17601540500002,0.06970911524901682,147.25168648105583,182.17601540500002
1,74,171.05940465400485,1.2127169301295293,0.008347870026196616,183.47501066233335,0.1465092732722323,171.05940465400485,183.47501066233335
1,63,195.4564328578076,1.0586917340736293,0.006789771554006241,184.86923590233334,0.055789989676549835,195.4564328578076,184.86923590233334
1,55,218.86814055790146,0.20979948665388748,0.006978059508132705,186.58414971266666,0.07905578310598275,218.86814055790146,186.58414971266666
1,50,238.46494198932544,1.8910789240187038,0.006121232282723425,187.855807356,0.03822266753986439,238.46494198932544,187.855807356
1,48,249.21180466531248,1.869528974983997,0.006785759147168411,188.761201839,0.0690816914056473,249.21180466531248,188.761201839
1,47,248.28674427802534,2.8508670113042074,0.006512368314253717,188.54068932100003,0.1946594804782837,248.28674427802534,188.54068932100003
1,44,269.5372049001642,1.491501973684839,0.005757273868661163,190.157654898,0.07288948283741974,269.5372049001642,190.157654898
1,43,272.9374074359924,1.6533960140802633,0.006653174945411115,190.542152529,0.20011932992257678,272.9374074359924,190.542152529
1,41,281.4298202171801,1.0286908115186049,0.006473533805683168,191.02675879533334,0.2584837127281062,281.4298202171801,191.02675879533334
1,39,294.5155466274432,2.60418972918196,0.005832209045953824,192.046224001,0.1022863408465946,294.5155466274432,192.046224001
1,38,302.42167865248075,1.394544373205143,0.005484399429948258,192.73690676700002,0.2498098919044675,302.42167865248075,192.73690676700002
1,37,307.29973172153,2.174120992930558,0.0052588783547875065,192.90926087966668,0.25351895427098664,307.29973172153,192.90926087966668
1,31,360.0993963219412,2.4657418154938715,0.00633122151026642,198.84099251333336,0.5004805327398147,360.0993963219412,198.84099251333336
1,28,391.6751753300576,6.656366030607436,0.008296839692697578,202.29283340933333,0.5127517961429107,391.6751753300576,202.29283340933333
1,24,436.83431923452,2.4255261115261106,0.007730865450266264,215.298396863,1.2608688644076609,436.83431923452,215.298396863
1,20,472.4563283014843,5.64047784369883,0.006996793247039775,264.6778584416667,5.272402959135179,472.4563283014843,264.6778584416667
1,17,474.9438405881926,4.814448244452329,0.00755806426701125,277.205090225,1.266762890715775,474.9438405881926,277.205090225
2,364,36.68502500684439,0.09988934820834316,0.01730595125270133,174.464729692,0.038698820392565426,36.68502500684439,174.464729692
2,74,177.02695958891502,0.05056291406929182,0.022417730921332576,184.68370946566665,0.26007965998674953,177.02695958891502,184.68370946566665
2,68,186.8075469666825,1.6681208778045291,0.02291167672823917,185.39326889666668,0.2692266130631063,186.8075469666825,185.39326889666668
2,60,209.94518807422833,2.38120545202182,0.022454799424931726,187.01360077166666,0.2216851600304917,209.94518807422833,187.01360077166666
2,58,216.8694387787449,0.7921521694271767,0.023027824566563163,187.61654445133334,0.0290589574135578,216.8694387787449,187.61654445133334
2,55,222.78699518457802,1.7664644910917102,0.02104274839634503,187.95618454133333,0.1465929737295035,222.78699518457802,187.95618454133333
2,52,235.22941653546832,1.9634293100544555,0.023626907777562652,189.19532977233334,0.40454691567523926,235.22941653546832,189.19532977233334
2,50,244.34721076092504,1.5764871118163497,0.022775487106709524,189.93149147333335,0.1345173712110938,244.34721076092504,189.93149147333335
2,47,260.39661898782543,0.7868004511582782,0.02003632550212112,191.03253078766667,0.1315811257582194,260.39661898782543,191.03253078766667
2,43,280.27860463143566,1.75890345963072,0.018962638001696713,192.75435415533332,0.05315479168655857,280.27860463143566,192.75435415533332
2,41,289.6919519070573,1.7591898483263477,0.019838358369346432,194.04775972633334,0.07266991336018405,289.6919519070573,194.04775972633334
2,39,302.0134503138382,3.5869347605164705,0.019828924920716428,195.18916924833334,0.8419507880985023,302.0134503138382,195.18916924833334
2,38,308.01145085948065,4.516909828453441,0.018639208097930442,195.40323503033332,0.3679136359629242,308.01145085948065,195.40323503033332
2,37,316.84176588994916,1.9445014913341687,0.01844012094715667,196.54340368766665,0.271875826292376,316.84176588994916,196.54340368766665
2,35,332.8700321379125,1.1904172051755149,0.019415387637489293,198.65952841966669,0.26141519989674,332.8700321379125,198.65952841966669
2,32,357.42398564578804,1.6035902909422386,0.017934524338719324,202.06503054266668,0.3034314446308537,357.42398564578804,202.06503054266668
2,31,366.33045130792567,2.2071435191266833,0.017656727103042533,203.36197310933332,0.7064530558178392,366.33045130792567,203.36197310933332
2,29,387.6060629312419,0.8923675003792988,0.01795546372836501,208.96433864833332,1.043395895625204,387.6060629312419,208.96433864833332
2,28,398.27509033329284,1.5056113117489267,0.016653296298615176,210.49465896133333,1.859637722254461,398.27509033329284,210.49465896133333
2,26,419.1822664484607,1.5348446321970108,0.01907690125901199,224.77127198633332,3.2592196330298564,419.1822664484607,224.77127198633332
2,17,419.5431957988886,0.9464333005493234,0.023866010585302466,272.9783931526667,1.3296404334581196,419.5431957988886,272.9783931526667
2,19,420.208516440483,3.6310485527051104,0.023671209704601983,273.36067402833334,2.7630231998515784,420.208516440483,273.36067402833334
2,14,423.34950495714514,4.346184395607794,0.022828061639347086,272.6610537046667,1.542447443565332,423.34950495714514,272.6610537046667
2,13,424.0869472420998,4.022416941028593,0.02253543423462434,277.90144096266664,1.0954190718517811,424.0869472420998,277.90144096266664
2,10,426.4451331192513,2.9250833291183267,0.021209318404608626,276.483415423,1.498709589972044,426.4451331192513,276.483415423
2,1,429.9999300104452,7.436486595921512,0.01922934369011281,275.508124342,2.973984765853611,429.9999300104452,275.508124342
2,22,434.76528014816864,9.585247035931472,0.01857192512274655,269.2789291653333,3.570456260741859,434.76528014816864,269.2789291653333
2,0,436.3737229866578,3.7081694792400035,0.017728528682378092,277.7324733366667,2.9838776044362993,436.3737229866578,277.7324733366667
2,23,438.92770486977696,3.3078266630317694,0.01702299982786604,259.51738622299996,0.9769642380150195,438.92770486977696,259.51738622299996
3,486,28.800099164372572,0.03214129217164827,0.029759199816604787,174.632804553,0.04609885905569482,0.0,174.632804553
3,486,28.800099164372572,0.03214129217164827,0.029759199816604787,174.632804553,0.04609885905569482,28.800099164372572,174.632804553
3,133,101.8414403967703,0.05801434490344781,0.03367526478791857,179.805402255,0.055074418080423695,101.8414403967703,179.805402255
3,115,114.82910042109147,0.5878521147143091,0.03227539451983082,180.67397556133335,0.08737188458002529,114.82910042109147,180.67397556133335
3,100,133.93092426439657,0.31769349519335466,0.02650706829560295,182.05651494233334,0.1286506948611203,133.93092426439657,182.05651494233334
3,86,154.3855231268287,0.28370367355383863,0.02744173517026634,183.28232360133333,0.08579182444669312,154.3855231268287,183.28232360133333
3,63,200.25272257901037,,0.026133269706226692,186.37879171600002,0.0807835919214087,200.25272257901037,186.37879171600002
15,10000,2.3709016148319013,0.07580778500378076,0.14947440643621263,178.04654377133332,0.03047597540659349,2.3709016148319013,178.04654377133332
15,421,34.784291120010266,0.06616692206335471,0.15122148047674067,174.65526194833333,0.052948541265274505,34.784291120010266,174.65526194833333
15,316,44.8941604548702,0.04213635429171093,0.14579931641330113,175.30586430233333,0.04177353479158668,44.8941604548702,175.30586430233333
15,100,141.9407104912418,0.9829377854404886,0.15318512285247252,185.13106812033334,0.10821845029518588,141.9407104912418,185.13106812033334
15,86,161.59633101931664,1.039442373715624,0.15181009287643546,186.74313179133333,0.16602136319611444,161.59633101931664,186.74313179133333
15,74,187.68280565419406,0.4358139643138177,0.14705352750795445,189.094225625,0.07159688468715107,187.68280565419406,189.094225625
15,63,216.89574476113708,0.7706599651922938,0.14772774898055271,192.795197499,0.009229925781734464,216.89574476113708,192.795197499
15,55,241.95740144358538,0.7510710197938026,0.14641702160331116,197.2660008086667,0.20890530267736812,241.95740144358538,197.2660008086667
15,52,253.36616838663417,1.4290115789519997,0.1470630394507895,200.03346471,0.5411720615717819,253.36616838663417,200.03346471
15,50,259.9254950119228,2.1613761621206784,0.14702919802206657,201.52419904866667,0.6397975812146187,259.9254950119228,201.52419904866667
15,47,276.91686485231133,2.4477226397304466,0.14537317138973294,207.13787029233333,0.9180815868620751,276.91686485231133,207.13787029233333
15,41,313.39206020401645,,0.14548800852887284,228.04426487499998,1.729322977271214,313.39206020401645,228.04426487499998
15,17,386.03574509016886,0.35960732446464383,0.14613251776157857,416.33089408066667,1.5699562820452362,386.03574509016886,416.33089408066667
15,28,403.55863617462444,0.5490500731450829,0.1533205893774511,452.73502592,1.0299630670262152,403.55863617462444,452.73502592
18,421,35.09276400772781,0.03387166654438765,0.18129667292603036,174.801951778,0.06161396523312593,35.09276400772781,174.801951778
18,316,45.423988886651586,0.04704602585032296,0.17690873566738016,175.4480351356667,0.009440944544556159,45.423988886651586,175.4480351356667
18,86,164.48995320326193,0.07594001553663653,0.18443157190744813,186.89660800399997,0.20944811363023982,164.48995320326193,186.89660800399997
18,63,218.61425854284082,0.8441398875461058,0.1808948742567713,193.90275215466667,0.15742606600361178,218.61425854284082,193.90275215466667
18,60,227.31154122340945,0.4943403985805684,0.17692638811090453,195.42461686966666,0.06128258665017312,227.31154122340945,195.42461686966666
18,58,236.20199435485543,0.6363296404518641,0.1800516479288028,197.42342502633332,0.17511077066989322,236.20199435485543,197.42342502633332
18,55,241.70474145081346,2.8604065057815595,0.18015242852973132,198.54727356166669,0.6670932423052197,241.70474145081346,198.54727356166669
18,52,255.43252759989494,1.1780323947808595,0.17890212141529319,202.32599627433333,0.44683238456202384,255.43252759989494,202.32599627433333
18,50,264.5370080818459,,0.17687082244763175,206.32382827,0.5367751519313997,264.5370080818459,206.32382827
18,47,279.5983422420136,2.1034499615172666,0.17717021063472113,212.12458845133332,1.544395918484697,279.5983422420136,212.12458845133332
18,44,295.2633059749095,2.52048266320947,0.17709968902898066,221.62606346233335,2.9379403209937958,295.2633059749095,221.62606346233335
18,41,314.29889108141,2.242984817371006,0.17632951907637454,237.79571145366666,2.583435712784389,314.29889108141,237.79571145366666
18,39,323.3451996712556,,0.17782444511481688,249.15827525533334,2.4514807781372863,323.3451996712556,249.15827525533334
18,31,401.42371414917443,3.382209450098651,0.1831207065825757,419.8688886416667,11.76607785425316,401.42371414917443,419.8688886416667
18,29,414.97359751859926,0.9705666711864025,0.17754623482863163,484.88841149,5.772555955815049,414.97359751859926,484.88841149
18,28,419.73849088103435,0.5564999383465482,0.1767239564583093,517.132974305,4.3383507139525745,419.73849088103435,517.132974305
18,26,422.46033829214707,0.4206260514604665,0.17707913157280133,544.9182343906667,1.72754471252714,422.46033829214707,544.9182343906667
18,24,424.4342070919349,0.34855907740304515,0.1787826622385619,562.8382241846666,1.1637953461732378,424.4342070919349,562.8382241846666
18,23,424.7493046107668,0.22582500526621568,0.18015511976661228,575.2958471653334,1.8080595854681263,424.7493046107668,575.2958471653334
18,22,424.3631719382227,0.642696971134528,0.18021696761842745,573.8027802713333,3.53920814113639,424.3631719382227,573.8027802713333
18,20,425.2616454056091,0.2053693225348087,0.18341735529203806,583.0091445123334,2.4540921367102793,425.2616454056091,583.0091445123334
18,14,424.64184438376964,0.2759236077087438,0.18412920819570028,581.646335635,5.812638728152233,424.64184438376964,581.646335635
18,13,424.4237004785226,0.20975984745923004,0.18437247031577342,581.4504426130001,4.450271169979146,424.4237004785226,581.4504426130001
21,5623,4.165944505567132,0.0824816485510103,0.21060157504089297,177.69525879000003,0.02000758335644595,0.0,177.69525879000003
21,5623,4.165944505567132,0.0824816485510103,0.21060157504089297,177.69525879000003,0.02000758335644595,4.165944505567132,177.69525879000003
21,3162,6.998168264156203,0.5085715008239414,0.2100416387119244,176.88560389933332,0.04493950840930951,6.998168264156203,176.88560389933332
21,1778,11.637737818353454,,0.21413464745803168,176.04985904866666,0.027918371052142586,11.637737818353454,176.04985904866666
21,749,25.51576192316652,0.033097650884470024,0.2071726158165105,175.05266743,0.032802917701485336,25.51576192316652,175.05266743
21,421,35.59087641855542,0.03921388902859866,0.20872855614909044,174.94124496966666,0.1049979623372439,35.59087641855542,174.94124496966666
21,316,46.25078838193291,0.3476896275237219,0.20540825349354824,175.55988462266666,0.12453411927093376,46.25078838193291,175.55988462266666
21,86,165.48156069811398,1.7894212040433946,0.21439727306886752,186.85424625333334,0.10517801471233487,165.48156069811398,186.85424625333334
21,74,191.13631412060897,0.6289256699697305,0.21306404145974217,189.83605530600002,0.03515924881917994,191.13631412060897,189.83605530600002
21,63,220.31129567895834,1.2103052872801954,0.21143705150367034,194.69113551833334,0.2001156494904221,220.31129567895834,194.69113551833334
21,58,238.06513680169112,1.2441043592663,0.20822107687508007,199.03766483366667,0.4691231464637845,238.06513680169112,199.03766483366667
21,55,245.9349572084973,1.6231354938388782,0.21004171342921996,200.800169126,0.6194176220852591,245.9349572084973,200.800169126
21,52,260.04773574346905,0.1622023390218016,0.20982776589150895,205.488992932,0.21082243620144314,260.04773574346905,205.488992932
21,50,273.21570807437513,1.3735438791060055,0.2102735015735727,211.80569177466668,0.8052042203439879,273.21570807437513,211.80569177466668
21,47,286.2559148648273,1.3712519992014618,0.20966357010173423,217.8190764883333,0.5367276468154446,286.2559148648273,217.8190764883333
21,45,293.8789807659369,2.5030504265925395,0.20690724105360622,222.940397728,1.800981928561366,293.8789807659369,222.940397728
21,44,301.6061710971134,1.815013228101549,0.20780561511632997,229.33804043833334,1.3430765344047326,301.6061710971134,229.33804043833334
21,43,309.8042930841804,1.1211779967546913,0.20685295892646646,237.70317887133334,1.0286997872445198,309.8042930841804,237.70317887133334
21,41,318.8492742501446,2.155347716280307,0.20811185725961412,246.63483214166664,2.553910343489154,318.8492742501446,246.63483214166664
21,33,389.47458686151293,1.8030565223634052,0.21400301280662537,388.3149344616666,4.609877658662308,389.47458686151293,388.3149344616666
21,32,396.6335979801059,3.7077743059668107,0.21093856627039967,407.50343137666664,10.199514462536406,396.6335979801059,407.50343137666664
21,31,408.00557594670335,1.1729842055703963,0.21010987513074916,449.84156399066666,5.6676215333991635,408.00557594670335,449.84156399066666
21,10,434.90350868080026,0.27181090337002756,0.2086030140822556,638.235814749,1.3454243007950166,434.90350868080026,638.235814749
21,5,435.6078595258285,0.12409404776257683,0.21098212978154227,640.633980156,1.0556331331312194,435.6078595258285,640.633980156
21,3,436.4336873670135,0.3341234893487821,0.21441724278426577,647.7707424473333,2.5896080275603404,436.4336873670135,647.7707424473333
21,1,436.70202333007836,0.05201866507434327,0.214646194855167,645.1426626156666,2.6993401604656126,436.70202333007836,645.1426626156666
24,3162,7.414791286954634,0.3482695141835993,0.2393418750301757,176.896316986,0.10043463075673811,7.414791286954634,176.896316986
24,562,30.2313627706844,0.027227006911761137,0.24009786943129743,175.05312881399996,0.05377830645143489,30.2313627706844,175.05312881399996
24,74,194.77455814829176,0.7232999903838337,0.24463327558785294,190.61759373433333,0.08283472611512226,194.77455814829176,190.61759373433333
24,63,224.36834436493018,0.8791503129775361,0.24378145775352786,196.1414879816667,0.1982899210475609,224.36834436493018,196.1414879816667
24,55,249.2236920942868,3.2628583605084938,0.24116276390013006,202.86112703166668,1.1790090598937766,249.2236920942868,202.86112703166668
24,52,261.10236576170223,1.7879266536009897,0.24104978709895253,206.98293602066667,0.767878085150706,261.10236576170223,206.98293602066667
24,50,269.9358469152896,2.3994211728588097,0.24055356533423475,210.74445078166664,1.177041822446859,269.9358469152896,210.74445078166664
24,47,288.2666143593727,0.9613286713385358,0.23910504071362562,221.811587322,0.7413987522475025,288.2666143593727,221.811587322
24,44,304.87403015359433,1.0221550776408124,0.2384769738973441,235.78037627366666,1.5421317761978508,304.87403015359433,235.78037627366666
24,33,394.1345147200673,3.4055771578045433,0.24393909380905876,404.8679686376667,8.641092333157665,394.1345147200673,404.8679686376667
24,32,403.3797870916091,1.5077961288358892,0.2413904372092691,433.8394735416667,3.5250969896187403,403.3797870916091,433.8394735416667
24,31,412.0919388221833,3.274103502136065,0.23942847093773487,463.4371394,14.249640728064215,412.0919388221833,463.4371394
24,29,429.78915428057115,2.089431977527862,0.2359091848457693,543.2472447366666,9.511132470398223,429.78915428057115,543.2472447366666
24,20,440.75983581782907,0.25924321863815003,0.23554717431982986,663.9796763633334,1.0497770110971463,440.75983581782907,663.9796763633334
24,19,440.787257643921,0.06151809463401012,0.23680610941382138,664.6937175066668,0.8895164169960474,440.787257643921,664.6937175066668
24,17,440.7157764606288,0.17429192203111765,0.241621813620973,669.8895673236667,2.3512457106249047,440.7157764606288,669.8895673236667
24,13,440.6175148666278,0.47480241578939986,0.24056500249019722,668.016613394,3.5919821312942513,440.6175148666278,668.016613394
24,5,440.9815174833046,0.24195220355519856,0.23712338236298866,665.5516335689999,2.5797057185246692,440.9815174833046,665.5516335689999
24,3,441.3763810164005,0.20787697193406057,0.240306869737378,670.3682344086666,1.6521005070320567,441.3763810164005,670.3682344086666
24,1,441.5766550531191,0.3647521819358386,0.24242266811065286,668.3319206746667,1.7513792854715322,441.5766550531191,668.3319206746667
24,0,441.63668359825004,0.02820823178345895,0.2410100448979152,668.4917395680001,2.2495308835537657,441.63668359825004,668.4917395680001
25,1778,13.35119137534296,0.2083103893597766,0.24724703909079582,175.89479429633332,0.02797640749082024,0.0,175.89479429633332
25,1778,13.35119137534296,0.2083103893597766,0.24724703909079582,175.89479429633332,0.02797640749082024,13.35119137534296,175.89479429633332
25,1000,22.995720702159517,0.14480168322520856,0.25314387996626947,175.207630824,0.03556919403616453,22.995720702159517,175.207630824
25,749,25.954269829536685,0.032735341756171286,0.2525567405071354,175.060086576,0.06655197241444674,25.954269829536685,175.060086576
25,562,31.36943413264366,0.140373726378442,0.24690064288745184,174.997120379,0.03624602329725091,31.36943413264366,174.997120379
25,236,63.01332661676589,0.1499856920378858,0.254623499074471,177.9812301753333,0.04505470171790885,63.01332661676589,177.9812301753333
25,177,85.61977250018337,0.05454679290711785,0.2504636542583789,180.28011508433335,0.04377210492284743,85.61977250018337,180.28011508433335
25,133,112.23102704938458,0.09070827582054082,0.24938978964102718,182.58089934266664,0.1454459179757505,112.23102704938458,182.58089934266664
25,100,146.4581805815379,0.16363421078027854,0.24763136421091633,185.01753691833335,0.04485899607455189,146.4581805815379,185.01753691833335
25,86,167.42327644812968,0.3153944972837224,0.24731395097339126,186.97882868066665,0.16148686998111053,167.42327644812968,186.97882868066665
27,177,86.51663719104681,0.22676086355012498,0.2743632622799696,180.39731829733333,0.03629233730052551,86.51663719104681,180.39731829733333
27,115,129.37058616824325,1.1304250705403536,0.27476037277845755,183.054170021,0.08776941414544631,129.37058616824325,183.054170021
27,100,147.93840466773364,0.38734125574666983,0.27458698106335516,184.74555879033332,0.05519765624489371,147.93840466773364,184.74555879033332
27,86,169.76946227581035,1.9792501921213232,0.26970685652806164,187.297624123,0.1980746320672791,169.76946227581035,187.297624123
27,79,182.43620738072,0.25847178526986825,0.2729819651655792,189.08499211033333,0.05401132739885818,182.43620738072,189.08499211033333
27,74,195.04723438647898,1.3137910377017996,0.2729776106269601,190.98911018833334,0.2261951814103429,195.04723438647898,190.98911018833334
27,68,212.1208940535237,0.9659951092388321,0.26957663492823364,194.01395390599998,0.25935931713256305,212.1208940535237,194.01395390599998
27,63,228.58460472491768,1.0834611210006844,0.27231327709351993,197.77238959299999,0.28233278487844315,228.58460472491768,197.77238959299999
27,55,253.42510019887936,1.5657261418540087,0.2713331183470142,205.600815604,0.7415735020859706,253.42510019887936,205.600815604
27,52,264.7516613213545,2.058832731989792,0.2712295095002447,209.81572866966667,0.9445947756061164,264.7516613213545,209.81572866966667
27,50,273.09140309314415,2.9895523224171447,0.2705979850777596,214.11665686066667,1.9514348067631158,273.09140309314415,214.11665686066667
27,47,288.72666598615723,3.603271825312548,0.2696364240393142,224.7769434603333,3.282448895039096,288.72666598615723,224.7769434603333
27,45,302.36772971839014,1.4144529301408286,0.26905478794993304,235.53225047133333,1.9262795401626247,302.36772971839014,235.53225047133333
27,44,306.1927139002307,3.1163778778638562,0.2684432274657081,239.24790779966668,3.541671567507528,306.1927139002307,239.24790779966668
27,43,316.0757481755082,1.9387148474672138,0.26682887871608413,250.03209074400002,2.0441394741067014,316.0757481755082,250.03209074400002
27,35,380.4397715620078,0.6989776169944278,0.2717405474047993,370.80220691999995,1.950056743543228,380.4397715620078,370.80220691999995
27,33,399.63994553089947,3.2973207738752817,0.2669836804533614,424.53436950766667,9.455437542572406,399.63994553089947,424.53436950766667
27,3,444.3160323999682,0.173151761505677,0.2659442840985132,676.7419947403333,3.266936228125909,444.3160323999682,676.7419947403333
27,1,444.5703045785273,0.14301194630121863,0.2696110671391438,677.2257410983334,2.0178046408767143,444.5703045785273,677.2257410983334
27,0,444.47047421611904,0.21595489047804667,0.26757600627491035,677.3961411173333,3.3592441933720356,444.47047421611904,677.3961411173333
29,55,256.71853145729193,1.0672031846730952,0.2939002693676509,207.25307510633334,0.6715568168224176,256.71853145729193,207.25307510633334
29,52,272.041187981402,,0.2942611222995055,214.66414725366667,0.3847033600944149,272.041187981402,214.66414725366667
29,50,279.0253702533266,2.0833677019289096,0.2919864780085626,218.83231583766667,1.3926765584277911,279.0253702533266,218.83231583766667
29,47,292.05955536808864,2.25387815090679,0.2925939688630019,227.52694252433332,1.8269679525958606,292.05955536808864,227.52694252433332
29,44,311.0883947955818,0.054862156398082576,0.28974898953041067,245.70317508166667,0.5354210127530821,311.0883947955818,245.70317508166667
29,43,317.26687056091623,3.0353721520786556,0.2886024741158221,252.79607549166667,4.4782217013286605,317.26687056091623,252.79607549166667
29,41,331.3120805569001,0.8963469964215981,0.28743679598639316,272.461690402,1.321639821951273,331.3120805569001,272.461690402
29,35,384.0886190743917,3.2788198963522452,0.2942996655257958,381.60610207200006,8.26791134747549,384.0886190743917,381.60610207200006
29,33,406.71532957825974,1.8235973600331687,0.28878767908025244,442.9914309326667,4.674071779921231,406.71532957825974,442.9914309326667
29,32,415.9014796143194,2.3644703264730813,0.2864900822250491,476.5132812903333,7.862189164288395,415.9014796143194,476.5132812903333
29,31,425.3212543167452,1.0091481599562884,0.28568660716520966,510.57257744866666,3.5286466168816295,425.3212543167452,510.57257744866666
29,17,446.224494778448,0.18640279871392854,0.28760581944422164,684.5512589553333,1.62690436942091,446.224494778448,684.5512589553333
29,13,446.0854901484745,0.4060181981696263,0.2859973357562681,686.1151472483334,1.200251778301864,446.0854901484745,686.1151472483334
29,10,446.15207100441177,0.12079188906490837,0.2864618991155086,685.414234658,1.7311897320435414,446.15207100441177,685.414234658
29,3,446.77529260637453,0.09028097280019794,0.29389399003717087,684.5386225683333,1.5851383904143443,446.77529260637453,684.5386225683333
30,5623,4.626018706335468,0.0889729368925473,0.3022007424632485,177.6053555893333,0.013962170275194316,0.0,177.6053555893333
30,5623,4.626018706335468,0.0889729368925473,0.3022007424632485,177.6053555893333,0.013962170275194316,4.626018706335468,177.6053555893333
30,204,73.34087603856268,0.10250358107504368,0.30338766659658384,179.00214188666666,0.03332642528901255,73.34087603856268,179.00214188666666
30,177,88.64251393052128,0.10516890901673669,0.3028976667409132,180.409924889,0.056517779634195645,88.64251393052128,180.409924889
30,133,115.91588266138787,0.14423716133395315,0.30106287434604134,182.417510652,0.025787788899992788,115.91588266138787,182.417510652
30,115,130.5491329870781,0.8871676518985229,0.29994516847930014,183.06457184500002,0.06701822412075417,130.5491329870781,183.06457184500002
30,100,150.51322081591542,0.4213366849987141,0.2998534539030963,184.97241407433333,0.03855839637659892,150.51322081591542,184.97241407433333
30,86,173.1761695516478,0.5843571744287426,0.2977763178225398,187.77592205066665,0.11624750444767472,173.1761695516478,187.77592205066665
30,79,186.14527897365463,1.2999777819822325,0.2987729831938524,189.79824317933333,0.20571178991271577,186.14527897365463,189.79824317933333
30,74,196.83321627620546,1.952761460680133,0.29607226279105125,191.45617976633332,0.20782010137054394,196.83321627620546,191.45617976633332
30,68,215.674679807308,1.128679718471506,0.29671153733972355,195.31597341633332,0.34991618366168736,215.674679807308,195.31597341633332
30,63,231.51519515549515,2.5625889986840984,0.29669113238254236,198.93028621833332,0.6804337479034666,231.51519515549515,198.93028621833332
30,58,247.54114234674543,,0.29654093331021014,204.20215536,0.45981962856892405,247.54114234674543,204.20215536
30,38,360.84723905264235,2.191352650672096,0.29964908260659245,328.99329500666664,4.03498659180065,360.84723905264235,328.99329500666664
30,37,368.18852301949204,2.2141343842647654,0.29884575651050177,342.7882495073333,5.1072803329367735,368.18852301949204,342.7882495073333
30,1,446.7588961998848,0.040170746989602275,0.2963979864531314,684.2398758663334,2.0770909141350344,446.7588961998848,684.2398758663334
30,0,446.8623972158707,0.214975048965826,0.2953680486871321,684.2231909426667,0.37311183964688216,446.8623972158707,684.2231909426667
32,3162,7.722366205814002,0.08076510856001136,0.321941332788295,176.89325065100002,0.02357150627365326,0.0,176.89325065100002
32,3162,7.722366205814002,0.08076510856001136,0.321941332788295,176.89325065100002,0.02357150627365326,7.722366205814002,176.89325065100002
32,1778,14.310311175387717,0.1699171656095269,0.32341415746864666,175.86134851,0.02848471670382265,14.310311175387717,175.86134851
32,1000,24.875952303034193,0.262112168419195,0.32245779382284934,175.094311059,0.07328269459348076,24.875952303034193,175.094311059
32,562,31.11181713531308,0.05416556079783494,0.32270851906310766,175.082834964,0.04097678806729996,31.11181713531308,175.082834964
32,522,34.60432646461726,0.11154229041543708,0.32292019680870016,175.15986790666668,0.021893452992909835,34.60432646461726,175.15986790666668
32,133,116.76831532876517,0.018070164198317907,0.324319358478095,182.38928585833332,0.09718646492882571,116.76831532876517,182.38928585833332
32,100,151.8203522724424,0.20296736874834487,0.3241676072937449,185.29728107566666,0.016248457542836894,151.8203522724424,185.29728107566666
32,92,163.506002630913,1.160793055711456,0.32370885076579475,186.62072257833333,0.16432703232083543,163.506002630913,186.62072257833333
32,86,172.95246531815883,0.29905860328412,0.32311302668119257,187.92069293466668,0.0022282800429335153,172.95246531815883,187.92069293466668
32,79,188.3361115506219,0.45487181145046524,0.3223886828262293,190.37831978633335,0.263079947966233,188.3361115506219,190.37831978633335
32,74,200.7479661563749,1.187622934618478,0.321350580894616,192.46169426633332,0.19356591641197096,200.7479661563749,192.46169426633332
32,63,232.895950490957,0.287818330164339,0.3210835521298791,200.09903397000002,0.2584100412308746,232.895950490957,200.09903397000002
32,60,242.54312694418073,1.4141486788428101,0.31993105169847785,202.762030539,0.4165628454772155,242.54312694418073,202.762030539
32,58,250.06152579761707,1.4475238804828363,0.3189305587805895,205.28105508266665,0.5055589168759401,250.06152579761707,205.28105508266665
32,55,257.9156152606818,1.922754605329539,0.31903685665780485,208.51923293733333,0.9404762635196583,257.9156152606818,208.51923293733333
32,53,266.0795033153233,3.7481947527215294,0.31895427740034615,212.48096429966665,2.1312716855439193,266.0795033153233,212.48096429966665
32,52,273.12530650430017,0.491482767574122,0.31948522599702184,216.639063753,0.364205087354896,273.12530650430017,216.639063753
32,50,283.1366585237403,0.5764817849796059,0.31800085838046693,222.38178487666664,0.34077928517693756,283.1366585237403,222.38178487666664
32,39,352.4640796597164,4.357567744404187,0.32257220709830453,311.598781975,7.995453690809666,352.4640796597164,311.598781975
32,38,359.5750936959981,0.09902425734464033,0.3229446772653541,326.5612167946667,1.5708274739291506,359.5750936959981,326.5612167946667
32,37,372.4730007323674,2.228729534798264,0.31796208855479147,353.23733097099995,6.038365447778108,372.4730007323674,353.23733097099995
32,35,389.49268333105283,0.40664807846220113,0.31640751563376296,395.8670665316667,1.2893840024987202,389.49268333105283,395.8670665316667
32,7,448.85672748251227,0.24278898605154534,0.31601216195999365,686.0033921096666,2.4637079637098784,448.85672748251227,686.0033921096666
32,5,448.8312827336941,0.1676374975589511,0.3182254751853257,684.8955643549999,1.977863577842791,448.8312827336941,684.8955643549999
32,3,449.1885206263108,0.2638365490030704,0.3215367322421329,683.6202094213332,0.8350272072849042,449.1885206263108,683.6202094213332
32,1,448.8654299749707,0.07758733790001666,0.32370811590639076,684.702707084,2.6042686840445115,448.8654299749707,684.702707084
32,0,449.00583024135534,0.4193755876870667,0.3235438149865481,686.3992804146668,1.5874615348701289,449.00583024135534,686.3992804146668
33,486,33.12249924419357,0.1523055007920213,0.3324170772026065,174.97842490833332,0.059743333972248784,0.0,174.97842490833332
33,486,33.12249924419357,0.1523055007920213,0.3324170772026065,174.97842490833332,0.059743333972248784,33.12249924419357,174.97842490833332
33,421,37.644563353865244,0.013290873633483039,0.3313526981152425,175.1583209656667,0.02781432590200541,37.644563353865244,175.1583209656667
33,364,42.92280038679618,0.011908383369794473,0.33138877609780254,175.483763558,0.038302952610746545,42.92280038679618,175.483763558
33,316,48.49539573300192,0.05603080739033483,0.3317827627095343,176.124121841,0.03951359101869679,48.49539573300192,176.124121841
33,273,56.75302174605622,0.05060248204593307,0.33174953111828853,177.01449722333334,0.00508920793822001,56.75302174605622,177.01449722333334
33,236,65.38325284032828,0.025490993395309393,0.3295646700028601,178.32436759566667,0.08640914950872411,65.38325284032828,178.32436759566667
33,219,70.02274146525077,0.07265366021794006,0.3302232860643955,178.70515902266666,0.031364401114395604,70.02274146525077,178.70515902266666
33,204,74.80248631436535,0.11537795896577487,0.3281310133553304,179.21492365466668,0.03212824817048594,74.80248631436535,179.21492365466668
33,177,89.51966976262277,0.10458650797264635,0.3260108878967021,180.282893707,0.026650811823285377,89.51966976262277,180.282893707
33,153,102.59844014395425,0.220003459229437,0.32751579428131566,181.2220689546667,0.04129674924215103,102.59844014395425,181.2220689546667
33,115,133.73752041832688,1.028859100384111,0.3260587052537347,183.31639932366667,0.01115954888094194,133.73752041832688,183.31639932366667
33,58,253.811748830875,,0.3324993428270931,207.42763706166667,0.38932563504219725,253.811748830875,207.42763706166667
33,55,262.0427854338775,1.005979582000361,0.3339233216238596,211.616831104,1.260392682447959,262.0427854338775,211.616831104
33,50,284.76267101927715,,0.33140636740933305,225.03892778633335,0.48160694125994713,284.76267101927715,225.03892778633335
33,47,302.91281880981563,1.8943675059209617,0.33224592506349127,241.000545878,2.199691996781827,302.91281880981563,241.000545878
33,45,314.3843315966122,3.061496617591387,0.3295137627406269,252.54552700933334,4.20214363847548,314.3843315966122,252.54552700933334
33,44,319.38556502505554,1.5570235469060985,0.32896097954778414,259.23995409133335,2.5735125561404915,319.38556502505554,259.23995409133335
33,43,327.0334249927997,1.6803060718260596,0.32667378068228714,271.7349755,3.6843858518345756,327.0334249927997,271.7349755
33,41,341.17442960005184,2.0806486550084493,0.3256294592809361,293.2283506843333,3.006312535298223,341.17442960005184,293.2283506843333
33,23,450.9040534617961,0.019903925151300777,0.3348021344847487,675.3365301499999,0.4895190212412095,450.9040534617961,675.3365301499999
33,22,450.8238017517274,0.12418047667379556,0.33436519740995035,679.382105356,0.2829381811460957,450.8238017517274,679.382105356
35,10000,3.060514381564728,0.012233712744451387,0.35100817908234383,177.97395350666667,0.10056635805113136,0.0,177.97395350666667
35,10000,3.060514381564728,0.012233712744451387,0.35100817908234383,177.97395350666667,0.10056635805113136,3.060514381564728,177.97395350666667
35,5623,3.947017588307355,0.3260407660449619,0.3517089311751585,177.74426861683332,0.08424077581557968,3.947017588307355,177.74426861683332
35,3162,6.799681103589871,0.7448743806469981,0.3497495148097386,177.14594959833335,0.19161546999569656,6.799681103589871,177.14594959833335
35,749,30.941023906767853,0.12036674811919262,0.3537677024747468,175.15819319733336,0.036272837565460306,30.941023906767853,175.15819319733336
35,421,37.94578185053521,0.0004164587827230046,0.3545012626038756,175.184732583,0.04256960772563258,37.94578185053521,175.184732583
35,316,48.55028358587882,0.06506237260389944,0.353328430195545,176.21483177066668,0.0437061965582642,48.55028358587882,176.21483177066668
35,236,66.01502053564171,0.0868379342455675,0.3536951520219452,178.38958666833332,0.0754189968560526,66.01502053564171,178.38958666833332
35,177,90.33054264292632,0.141306183340306,0.35036904991272544,180.03412306200002,0.09434381428940256,90.33054264292632,180.03412306200002
35,133,118.36854609607103,0.12804048978195956,0.34855087299870996,182.208408788,0.030155468614559273,118.36854609607103,182.208408788
35,100,153.7892352487291,0.6206044871274486,0.34643390686871883,185.46266095399997,0.09121017890611609,153.7892352487291,185.46266095399997
35,86,174.9216379220403,0.7194836047815094,0.3463144312073321,188.350443747,0.05568908486264955,174.9216379220403,188.350443747
37,5623,4.640571016598316,0.06663222351547896,0.36935534441237045,177.527473604,0.035632297877916004,0.0,177.527473604
37,5623,4.640571016598316,0.06663222351547896,0.36935534441237045,177.527473604,0.035632297877916004,4.640571016598316,177.527473604
37,3162,7.8206377589376785,0.0602866605290579,0.3739394615799612,176.84680451966668,0.033755851125802906,7.8206377589376785,176.84680451966668
37,1778,13.073582691467468,1.056131142861427,0.3697977707027531,175.91333777500003,0.03926739892205325,13.073582691467468,175.91333777500003
37,1000,26.05725082069597,0.17366582710266745,0.3747435694659293,175.084727313,0.0638751436271078,26.05725082069597,175.084727313
37,562,37.940634990059316,,0.3653375422380944,175.38654463599997,0.028423615653647708,37.940634990059316,175.38654463599997
37,177,91.07496399293557,0.18150118356284806,0.3738480136551244,179.78453752466666,0.09058357794517362,91.07496399293557,179.78453752466666
37,133,119.12492169603058,0.1588311277669089,0.37326858861662987,182.05035493033333,0.029188803006013557,119.12492169603058,182.05035493033333
37,115,134.77395712306614,0.3209001333924293,0.37247361858840367,183.42164587700003,0.12566592293230008,134.77395712306614,183.42164587700003
37,100,154.52704896538702,0.7727381688889111,0.3733321375320436,185.61780913166663,0.17461375809455118,154.52704896538702,185.61780913166663
37,86,176.50557806175036,1.1704682491004215,0.3708850476167686,188.74022730366664,0.2926681489981667,176.50557806175036,188.74022730366664
37,74,204.89798821078364,0.47758236121331743,0.3703168631790472,193.779410872,0.15193596409088428,204.89798821078364,193.779410872
37,63,235.33876195598774,1.4143459422840037,0.36915594799393964,201.16830149,0.5790869335344134,235.33876195598774,201.16830149
37,58,253.67415655283116,2.143512117496408,0.36939315726312705,207.86637725533333,0.9928810156732364,253.67415655283116,207.86637725533333
37,55,263.12873316078293,1.7731859414302766,0.3682548244829021,212.40982124033334,0.9335175187037769,263.12873316078293,212.40982124033334
37,52,278.45028428487745,0.06276624368882644,0.3678059107326928,221.30407897999999,0.3147058458193864,278.45028428487745,221.30407897999999
37,50,287.47984700209054,3.3596296349741603,0.36758354347783984,227.573026357,1.6057357984266543,287.47984700209054,227.573026357
37,47,303.7951801358634,1.0247676188863413,0.36694594333631003,242.836538571,1.124087097584625,303.7951801358634,242.836538571
37,44,320.3177021495575,,0.36514780898324767,263.74618224066666,2.642776696243428,320.3177021495575,263.74618224066666
37,39,367.0407712079971,1.1178899671687965,0.3714132999626893,342.9333864993334,3.886824041074353,367.0407712079971,342.9333864993334
37,38,374.0696738619387,1.2325124905015328,0.3691563085127139,357.86655579333336,3.1300646251349,374.0696738619387,357.86655579333336
37,37,383.42345554988054,0.938324585183594,0.366784686644418,379.040393514,3.1983526518787606,383.42345554988054,379.040393514
37,35,403.5247673876379,,0.3654541326434472,425.79106363466667,3.801388254579213,403.5247673876379,425.79106363466667
37,13,452.7837819864187,0.1850020980431195,0.36641113223468924,694.2855020653333,2.5850022504714243,452.7837819864187,694.2855020653333
37,10,452.74525519132914,0.20585089571174484,0.3677240899341146,692.7055021346667,0.8702073068827194,452.74525519132914,692.7055021346667
37,3,452.8800225114219,0.13022329114051287,0.37128023956245887,690.8110353173333,1.6610338779680711,452.8800225114219,690.8110353173333
37,1,452.7313225954728,0.09730407431872896,0.37302721897715263,690.3013123216666,0.5751773415921765,452.7313225954728,690.3013123216666
37,0,452.9250722318743,0.11423792833029739,0.37286360985361905,690.102077721,1.4812359557428527,452.9250722318743,690.102077721
38,10000,3.1113613938368774,0.07640099607038595,0.38145945846696905,177.88949428866667,0.025422040899484067,0.0,177.88949428866667
38,10000,3.1113613938368774,0.07640099607038595,0.38145945846696905,177.88949428866667,0.025422040899484067,3.1113613938368774,177.88949428866667
38,1778,12.589139040481102,1.5189306183117353,0.38162790475227926,176.16272632283332,0.28931968243562484,12.589139040481102,176.16272632283332
38,562,33.04917762161955,0.015485988597811872,0.3789524656248722,175.26877620233333,0.05882731577906377,33.04917762161955,175.26877620233333
38,486,33.7849812272922,0.03143032475554925,0.37630689111886073,175.00643928733334,0.02865218182041865,33.7849812272922,175.00643928733334
38,421,38.399166032946994,0.017627405013272836,0.3774448437387894,175.29430698800002,0.06693854579324408,38.399166032946994,175.29430698800002
38,316,49.96704291505133,0.11098791920501552,0.3782993064715496,176.202772784,0.032005860411628,49.96704291505133,176.202772784
38,273,57.97618910971886,0.05930471174592969,0.3788964720203116,177.16745324533335,0.05271446365647755,57.97618910971886,177.16745324533335
38,236,66.1187166791296,0.07366519604264725,0.3771495450485916,178.3937875186667,0.023278262960862415,66.1187166791296,178.3937875186667
38,204,75.38873790717479,0.06060359151972786,0.37611865032728403,178.98516634666666,0.030052287418577482,75.38873790717479,178.98516634666666
38,63,241.10047985088318,0.20382008495020246,0.384110244105809,203.68213158466665,0.08484420335841653,241.10047985088318,203.68213158466665
38,55,270.36614405114636,0.7748406663137664,0.3815017916483927,216.90786885,0.6565825203386213,270.36614405114636,216.90786885
38,52,282.8363604039635,1.1854149867906258,0.38469820827070506,225.29871281233332,1.1342922413591765,282.8363604039635,225.29871281233332
38,50,294.5443794221846,0.6489063784800958,0.381703299389658,235.08409788466668,0.5056092798753713,294.5443794221846,235.08409788466668
38,47,310.9093351160198,1.7870007820869511,0.37850440838076177,252.14373334566667,2.06359997476058,310.9093351160198,252.14373334566667
38,45,320.3034899560458,1.537323728519941,0.38095157682712216,263.55768155100003,2.0393232402294643,320.3034899560458,263.55768155100003
38,44,327.37801998494643,0.6570105251057985,0.3775417655068214,273.173233831,0.7073961128923106,327.37801998494643,273.173233831
38,43,334.1540352375598,3.2468876518541645,0.3772076061896617,283.0526304476667,5.861485749544299,334.1540352375598,283.0526304476667
38,41,348.0426565726672,1.7951795524686407,0.37614208753373024,303.221626645,5.59690055114908,348.0426565726672,303.221626645
38,22,454.72209227516595,0.07400056263915432,0.3821804352630435,684.3073238066667,0.87990736964754,454.72209227516595,684.3073238066667
39,10000,2.9966291890200374,0.00926081353242975,0.3877166229864653,177.68759869466666,0.20712746555967992,0.0,177.68759869466666
39,10000,2.9966291890200374,0.00926081353242975,0.3877166229864653,177.68759869466666,0.20712746555967992,2.9966291890200374,177.68759869466666
39,3162,7.937310389300062,0.09546037039949846,0.3906846199575604,176.82057205233332,0.024925742542480693,7.937310389300062,176.82057205233332
39,153,105.59607425093822,0.10281382871667787,0.3928046512150605,180.417431627,0.060547553166768776,105.59607425093822,180.417431627
39,115,137.1551474858021,0.976323804543986,0.39377199006219565,183.530422113,0.14181498906291445,137.1551474858021,183.530422113
39,100,156.30569803195633,0.23996383874574123,0.3937027758313645,185.81779911499999,0.10100623604091352,156.30569803195633,185.81779911499999
39,86,181.28194967187673,0.4624761069023707,0.39067066118421484,189.55748858533335,0.12500070897192184,181.28194967187673,189.55748858533335
39,79,195.7998538749256,0.9470397645072792,0.3878195636407737,192.0679418356667,0.150188276741844,195.7998538749256,192.0679418356667
39,74,206.81067210883597,1.3294866005256663,0.3885099669996184,194.27402735866667,0.42019635774237196,206.81067210883597,194.27402735866667
39,68,224.92596869893075,1.2429162374374583,0.3870296866099709,198.55729330733334,0.390938705868159,224.92596869893075,198.55729330733334
39,58,260.80976448429305,0.10717282174282279,0.38658773756905557,212.09782311200001,0.23829849876669765,260.80976448429305,212.09782311200001
39,35,407.88455794002294,3.1495778539416417,0.3918547185788066,439.04567295433327,9.332147273014707,407.88455794002294,439.04567295433327
39,33,427.69522316728376,0.9691199038476498,0.3887264653321711,502.10119794966664,5.759756229662786,427.69522316728376,502.10119794966664
39,32,437.4525739683873,1.1088262347599143,0.38690925063657694,539.3325794086667,5.863158545007947,437.4525739683873,539.3325794086667
39,31,443.2406828934973,1.4709279016025407,0.3859223568085997,571.0478310383334,6.838109413977264,443.2406828934973,571.0478310383334
39,17,454.9371729367333,,0.3852263832630948,694.9410812740001,1.4495821728616372,454.9371729367333,694.9410812740001
39,13,454.7637385088471,0.08136005790869291,0.3878901928426907,697.1675275376666,1.4328422171485224,454.7637385088471,697.1675275376666
39,10,454.8853676366262,0.017765844695262805,0.3900192627085426,694.9398083843333,2.4444621239429147,454.8853676366262,694.9398083843333
41,10000,2.9455624458340193,0.0044325713848289965,0.4076635619632708,178.09873639666668,0.1408603555991284,2.9455624458340193,178.09873639666668
41,1778,13.726858372854245,0.09738916227650625,0.41025823324027316,175.92073439700002,0.07250351785898937,13.726858372854245,175.92073439700002
41,749,23.194297992570167,,0.4148110876708691,175.17364386533333,0.0505880524471986,23.194297992570167,175.17364386533333
41,648,36.66338276086864,0.05652967486274246,0.40713709650842056,175.250909051,0.029749914561661747,36.66338276086864,175.250909051
41,79,201.30047501555615,,0.41325372554447665,192.89470174933334,0.23529334218017617,201.30047501555615,192.89470174933334
41,74,209.56961964365695,1.8693521348574058,0.4142708368246562,195.00374922433332,0.3528743905111003,209.56961964365695,195.00374922433332
41,68,228.45886495133774,1.6089149676936447,0.4143422790103664,199.94296941133334,0.4043287019609621,228.45886495133774,199.94296941133334
41,63,243.81756741198816,1.696865280880562,0.4141213947103218,204.93296527233335,0.6915999224853248,243.81756741198816,204.93296527233335
41,58,263.58887080891697,1.259410265874582,0.4135941604367805,214.26220806499998,1.0547238461871102,263.58887080891697,214.26220806499998
41,55,273.81664045303154,1.8001632750571024,0.4134050062108838,219.98717361566665,0.7264160170374738,273.81664045303154,219.98717361566665
41,52,288.14008959035635,1.210578321295905,0.41266228512972675,230.61950615433332,0.795184995937037,288.14008959035635,230.61950615433332
41,50,297.19423023426424,1.3967574181729288,0.41230130281819183,238.039709605,1.344401757275976,297.19423023426424,238.039709605
41,48,310.3780772676834,2.1698470115932973,0.4109827548786788,252.35779478766665,2.548942867429882,310.3780772676834,252.35779478766665
41,47,315.34459795888046,1.7436103097259998,0.4098225068672441,258.545931785,3.0324121635189036,315.34459795888046,258.545931785
41,45,325.2623586935063,2.680913117442786,0.40993014659428956,270.625487805,3.73627199151744,325.2623586935063,270.625487805
41,44,335.2855287914361,0.9529314088477845,0.40892100659236874,285.77667519566666,1.699680732313923,335.2855287914361,285.77667519566666
41,33,430.8252026475603,1.6399659828082855,0.4123770952874309,507.060921911,7.215501413991203,430.8252026475603,507.060921911
41,32,438.76973549387503,2.2451884944390135,0.4112995270855862,542.3306067126667,9.388894258245353,438.76973549387503,542.3306067126667
41,31,446.3584609507149,0.21818781734934908,0.4114669486150506,576.2864506263332,4.707070143953941,446.3584609507149,576.2864506263332
41,29,454.5575683430487,0.2358372940949206,0.40987572257354615,637.1522939293333,0.45279603749276287,454.5575683430487,637.1522939293333
41,28,455.9001586703892,0.16988133661264257,0.4098876851206672,651.2616949623333,1.535158466142537,455.9001586703892,651.2616949623333
41,26,456.8530526939264,0.2608000978399114,0.40939028118601134,670.9404471973334,0.39334593532505463,456.8530526939264,670.9404471973334
41,24,456.6960460920684,0.023600967149683114,0.4089736267437645,678.1796335539999,1.0249157183457749,456.6960460920684,678.1796335539999
41,23,456.8940209950925,0.2332877193853035,0.40892146161442183,682.5155194243333,1.0583967470307676,456.8940209950925,682.5155194243333
41,22,456.8753999570591,0.07643384461506826,0.4091621014405926,686.0802672656667,0.806565551009025,456.8753999570591,686.0802672656667
41,19,457.06975352245126,0.04894670144642663,0.40896516275355355,695.67327926,1.2528178778265442,457.06975352245126,695.67327926
41,17,457.38774258357216,0.1762464330345915,0.41122149491968835,700.134083584,3.2410946359522796,457.38774258357216,700.134083584
42,5623,4.554522872619922,0.00345301023064435,0.4230413795375063,177.58368743366668,0.030588495931886846,0.0,177.58368743366668
42,5623,4.554522872619922,0.00345301023064435,0.4230413795375063,177.58368743366668,0.030588495931886846,4.554522872619922,177.58368743366668
42,1000,26.167301693250852,0.15108033441858515,0.4166603297108947,175.065828753,0.07669117314734741,26.167301693250852,175.065828753
42,562,33.02737685724059,2.7331904614890834,0.4187182354578128,175.274585273,0.15468902836938106,33.02737685724059,175.274585273
42,421,39.23842079545174,0.050267264455721015,0.4207996897914712,175.34571372733333,0.07581612489643352,39.23842079545174,175.34571372733333
42,316,51.004545999011036,0.09014483648153436,0.4218668054350864,176.33205359233332,0.03717931015017577,51.004545999011036,176.33205359233332
42,273,58.8665493709823,0.02629729432277553,0.42448374266179867,177.375082678,0.029833019305230607,58.8665493709823,177.375082678
42,236,67.77389738959515,0.07782232039381243,0.4229542234248595,178.30550016166663,0.12027105412481855,67.77389738959515,178.30550016166663
42,219,72.62483380653669,0.03523312158046599,0.42181078155883833,178.58980341400002,0.04247515397301533,72.62483380653669,178.58980341400002
42,204,77.15330403084276,0.09125446635488317,0.42108126946287094,179.13245313133334,0.05107885204642126,77.15330403084276,179.13245313133334
42,190,82.12163256109113,0.14960959076048846,0.42030967079968146,179.2013051273333,0.0055228416853200174,82.12163256109113,179.2013051273333
42,177,93.47993692221236,0.14172503107536863,0.41878469552100633,179.42480067766667,0.04450167162774851,93.47993692221236,179.42480067766667
42,164,100.48778093609293,0.03297232521066829,0.41851825419105704,179.81095970866667,0.04930210325273711,100.48778093609293,179.81095970866667
42,153,107.34624511043766,0.13535830195858728,0.41937362298428943,180.355045765,0.030242609642731184,107.34624511043766,180.355045765
42,133,122.58953993252665,0.10567892858445746,0.41822191373989687,181.97872517833332,0.05004015575235071,122.58953993252665,181.97872517833332
42,115,139.8888914317696,1.243646993708447,0.4175397933091379,183.86214019399998,0.1947424926924542,139.8888914317696,183.86214019399998
42,100,158.79411890013765,1.3935868696337421,0.4175911383853747,186.14585929733335,0.1860413956748148,158.79411890013765,186.14585929733335
42,86,184.25914030654212,1.013813745008537,0.41673665274735,190.08286780800003,0.2486089924500882,184.25914030654212,190.08286780800003
42,70,220.55878384151742,0.8544731035530032,0.41571414168285914,197.58295311933333,0.3082305957960407,220.55878384151742,197.58295311933333
42,65,234.7114443081307,,0.4152676193795681,201.88193832566665,0.2988965517938787,234.7114443081307,201.88193832566665
42,39,376.8448710664793,1.481034407968476,0.4222423201750704,359.0750866313333,4.701944335148138,376.8448710664793,359.0750866313333
42,38,381.0604133577067,1.127124621021851,0.4230167580246136,369.0216544313333,1.9260272679241237,381.0604133577067,369.0216544313333
42,37,389.0986244535158,0.3593500116708289,0.42186577853513646,388.5813265453333,0.9305233869382152,389.0986244535158,388.5813265453333
42,35,408.15917357961536,2.0303148969008964,0.41618909432913725,437.53566771933333,4.32191188860808,408.15917357961536,437.53566771933333
42,10,457.52158401144214,0.12113725051062486,0.41660503487042694,704.7971910463333,1.2687045200283025,457.52158401144214,704.7971910463333
42,1,457.2016542080881,0.21027967992073268,0.4199459787981827,703.4102660593334,1.9759038369836386,457.2016542080881,703.4102660593334
42,0,457.2532384383221,0.21547496846014655,0.41951807398258945,700.9234421753332,1.937158547292219,457.2532384383221,700.9234421753332
44,10000,3.221577964726903,0.016415792562710637,0.4371570951131923,177.92556795133336,0.013862203809765149,0.0,177.92556795133336
44,10000,3.221577964726903,0.016415792562710637,0.4371570951131923,177.92556795133336,0.013862203809765149,3.221577964726903,177.92556795133336
44,1000,27.791446005411434,0.20023458421716078,0.4429061956754703,175.14712978433332,0.10452829273523287,27.791446005411434,175.14712978433332
44,749,29.92060346950354,3.8959819367208457,0.4402162657960128,175.14047206766668,0.013395856223200496,29.92060346950354,175.14047206766668
44,421,39.36522027129917,0.045080412497109354,0.44311833825745556,175.467557551,0.035618531040739476,39.36522027129917,175.467557551
44,316,51.49028672162581,0.0019918835653894964,0.44353687976481165,176.298399486,0.015415427499298374,51.49028672162581,176.298399486
44,236,69.01942268367954,0.06837776960593402,0.44466814685590994,178.35192317133337,0.05694096144203314,69.01942268367954,178.35192317133337
44,204,78.99361926050977,0.044581124765817354,0.4424933742139179,178.86387746633332,0.012074698731715502,78.99361926050977,178.86387746633332
44,177,94.11273334762733,0.1582926201675871,0.441190775891053,179.38680856366668,0.08180789738976207,94.11273334762733,179.38680856366668
44,133,123.56018750488181,0.07229125508270913,0.440549913460919,181.93969561166668,0.0584803189862463,123.56018750488181,181.93969561166668
44,115,139.9054799190934,0.357897875404497,0.43851336209863684,183.611189328,0.04061321144597675,139.9054799190934,183.611189328
44,100,159.63660689801384,0.9371386418440469,0.4387733026242368,186.292586161,0.206442406485357,159.63660689801384,186.292586161
44,86,183.37760538792008,1.1887995566369318,0.43754617015760794,189.900357644,0.32181168879810607,183.37760538792008,189.900357644
44,74,212.8062673601245,1.121105518594407,0.43700695956020885,195.92023103833333,0.1944498000981181,212.8062673601245,195.92023103833333
44,68,228.6302821963075,1.3286581941872793,0.43589702779351197,200.00996824,0.535647379364273,228.6302821963075,200.00996824
44,63,247.29435665760948,1.0085123785984087,0.43664482196112986,206.59470783733332,0.44464661930483806,247.29435665760948,206.59470783733332
44,58,264.9842121764972,1.5265772853172468,0.43572170221037454,215.57741228466668,1.0095484312036738,264.9842121764972,215.57741228466668
44,52,291.3741144292809,,0.43546624583150517,232.378571731,1.549749560969827,291.3741144292809,232.378571731
44,50,299.56934074105055,0.48692213117250865,0.4358159507671236,241.58777415400002,1.2746591252996877,299.56934074105055,241.58777415400002
44,47,316.60256689767306,,0.4357787188356587,260.13957958633335,0.6087293238965422,316.60256689767306,260.13957958633335
44,38,390.2167628936366,2.635428992096014,0.443154673422987,389.51676050399993,5.880061290413438,390.2167628936366,389.51676050399993
44,37,397.85942144977224,2.5558542259466854,0.4417249680783703,405.463356792,5.518154945451348,397.85942144977224,405.463356792
44,35,418.8290952470034,1.672570972533874,0.43662080151290344,463.0050108986666,3.8428142965834153,418.8290952470034,463.0050108986666
44,13,459.58779169515566,0.1455573359039346,0.4379557100062484,714.1609319063333,2.3818331458167745,459.58779169515566,714.1609319063333
44,10,459.37725723309694,0.20863330254295792,0.4396028276105813,712.6431789233334,2.2202708173990824,459.37725723309694,712.6431789233334
44,1,459.56568572651867,0.2120888116909466,0.4423305914421405,712.4539929423332,2.5861479179355853,459.56568572651867,712.4539929423332
44,0,459.6113197400194,0.05223052901184059,0.4431688021888678,713.20704779,2.2800668338330268,459.6113197400194,713.20704779
45,1000000,0.24635533065103496,,0.45431885132768884,183.499243822,0.7173490405253942,0.0,183.499243822
45,1000000,0.24635533065103496,,0.45431885132768884,183.499243822,0.7173490405253942,0.24635533065103496,183.499243822
45,31622,1.0475834017197503,0.004219882063568192,0.44913934042511916,178.149469824,0.051603650707777976,1.0475834017197503,178.149469824
45,5623,4.75881436598853,0.0701760155016877,0.4520946720725782,177.61496011299997,0.07973531651940093,4.75881436598853,177.61496011299997
45,3162,8.06750555679902,0.13030168655453755,0.45290012518886685,176.89911243433335,0.03988416429298742,8.06750555679902,176.89911243433335
45,1778,14.135703292959269,0.039286690702898495,0.449914773690051,175.91804511966666,0.01631409081737176,14.135703292959269,175.91804511966666
45,1000,23.9603638558778,0.20456909890629435,0.4528651291696735,175.122589852,0.06385635424401843,23.9603638558778,175.122589852
45,749,35.1955789233464,0.05052452867202939,0.4506236737394087,175.14857349266666,0.017042776209962935,35.1955789233464,175.14857349266666
45,273,59.659629067748796,0.07120528510895856,0.45025563091850973,177.26993969633335,0.08396956382075171,59.659629067748796,177.26993969633335
45,68,231.6804297457282,1.1821273584701955,0.4543772390917966,201.30832075733335,0.3178589591775068,231.6804297457282,201.30832075733335
45,45,335.9700425759259,2.671264440805379,0.45376187528020306,287.0790803083333,3.5753445979689356,335.9700425759259,287.0790803083333
45,44,337.2173122389326,2.642245956415048,0.45402860092786224,288.95412290666667,4.7995467616136205,337.2173122389326,288.95412290666667
45,43,349.5161386804611,1.718130522881757,0.45281171003221243,309.026564148,2.4258029540511776,349.5161386804611,309.026564148
45,41,364.7687445103077,4.389592336928649,0.44886599152799084,335.8133771116666,7.561839215368404,364.7687445103077,335.8133771116666
45,39,376.6747666132019,2.683655375195067,0.4464248039390823,360.08556931233335,4.483306445665756,376.6747666132019,360.08556931233335
45,32,450.02686680888297,,0.45474124535576005,581.7145282896666,2.2742080356334964,450.02686680888297,581.7145282896666
45,29,459.5243154575378,0.2562608042189715,0.45362229746519,656.074357781,1.2915976845349904,459.5243154575378,656.074357781
45,28,460.1108894159079,0.13468243012541864,0.4533766919308441,667.999107655,1.7154104190659405,460.1108894159079,667.999107655
45,26,460.697792164051,0.006070542434534009,0.4528852442662626,683.3091098853333,2.382683482401901,460.697792164051,683.3091098853333
45,24,460.9840022707331,0.09671337849612957,0.4530178675486216,694.6946543603334,1.5319633815810714,460.9840022707331,694.6946543603334
45,23,461.1055495061582,0.018613319098466523,0.4524814659548131,699.3634033499999,1.9425203714817902,461.1055495061582,699.3634033499999
45,22,460.83159370412005,0.06413983251005437,0.4527571856144615,701.373019498,1.3829982814692916,460.83159370412005,701.373019498
45,19,461.1143713328113,0.422177908200537,0.45343869565287914,711.4870687633334,0.8068511753111075,461.1143713328113,711.4870687633334
45,17,461.23051925760984,0.1023001990764113,0.4542558382952382,716.4149703803333,0.6130377894463668,461.23051925760984,716.4149703803333
46,10000,2.8847402039845917,0.007880430972104932,0.4609541510545367,178.03468218833333,0.044263752210598264,0.0,178.03468218833333
46,10000,2.8847402039845917,0.007880430972104932,0.4609541510545367,178.03468218833333,0.044263752210598264,2.8847402039845917,178.03468218833333
46,5623,4.84295828228852,,0.46365880228111706,177.57587168466668,0.05844983723507526,4.84295828228852,177.57587168466668
46,1778,14.312820867856326,0.17015905658319538,0.45934393589285905,175.93920617966668,0.05360824918202948,14.312820867856326,175.93920617966668
46,1000,28.52474188148481,0.37115883504795577,0.46142318054979486,175.13343318666668,0.03281502324594608,28.52474188148481,175.13343318666668
46,749,30.91430925210753,0.08292072167596458,0.45601131574129633,175.111726249,0.006187860749993127,30.91430925210753,175.111726249
46,562,35.91210958493357,3.577884856143493,0.4607657182085183,175.36024827833333,0.21923287898437813,35.91210958493357,175.36024827833333
46,421,39.8578009358814,0.01055283481739396,0.46367628397888994,175.51333106966663,0.034315135134226675,39.8578009358814,175.51333106966663
46,316,51.87942071737007,0.0215318555414441,0.4647094915350465,176.23007839399997,0.02875752992979149,51.87942071737007,176.23007839399997
46,204,78.11777253231239,0.09560752184949461,0.464704346937462,178.73626438,0.0984585138278348,78.11777253231239,178.73626438
46,177,95.24119457277914,0.047856250884812886,0.4628527955690158,179.396009995,0.03260722182060682,95.24119457277914,179.396009995
46,133,124.94577984547789,0.20816242425541773,0.46309830830122073,182.013259411,0.020478664404472127,124.94577984547789,182.013259411
46,115,142.09524009069887,0.6770517783637053,0.4615453142117579,183.898041619,0.13153442583470398,142.09524009069887,183.898041619
46,100,162.13393616288624,0.5562704503673847,0.46137762652644637,186.53852591833333,0.04874468846584627,162.13393616288624,186.53852591833333
46,86,187.51878120852462,0.9889126525878884,0.45942556961259134,190.667553045,0.2459879014398738,187.51878120852462,190.667553045
46,74,214.9390831360555,1.767127614111613,0.4589120744719131,196.601739793,0.4250443868996633,214.9390831360555,196.601739793
46,63,248.84664889865073,1.5666899719627534,0.4592095297835151,207.632128,0.5683604805407093,248.84664889865073,207.632128
46,58,269.876426169745,0.9393669725011476,0.45864468768966726,218.49664626900002,0.515116503150602,269.876426169745,218.49664626900002
46,55,280.9181101735849,1.0212673853783822,0.4574464811785259,225.95220116566668,0.6019514552484687,280.9181101735849,225.95220116566668
46,50,305.3285656193109,1.1584102273523593,0.4571426992733024,247.33414667466664,0.9635976686613301,305.3285656193109,247.33414667466664
46,48,315.35518634666056,2.3174979206434467,0.45625484995580456,259.17101338233334,2.8315124503906723,315.35518634666056,259.17101338233334
46,47,318.7928334361205,3.699075116225615,0.45627475702484127,263.42625018633333,4.578423893346283,318.7928334361205,263.42625018633333
46,38,392.71631697953956,2.09218624102412,0.46475214507350426,392.019163702,4.1691382461563435,392.71631697953956,392.019163702
46,37,403.0000897951188,2.8012513605194345,0.462764711160625,416.5761638213333,7.432399502957887,403.0000897951188,416.5761638213333
46,35,419.8439077249603,1.8844137226608986,0.46044177680727216,460.0504940933333,5.622038055817997,419.8439077249603,460.0504940933333
46,33,445.37205266876316,1.0609831665461498,0.45576649798743635,552.3472609493333,4.467898450222173,445.37205266876316,552.3472609493333
46,31,455.012307292307,,0.4551143100620642,611.576224295,5.648727868269772,455.012307292307,611.576224295
46,14,461.6188453990615,0.027398027503844517,0.45606197603776094,719.315754658,2.528722821890025,461.6188453990615,719.315754658
46,13,461.6456134047556,0.19868877757792894,0.45628720950032015,719.9173035690001,2.2308734980149607,461.6456134047556,719.9173035690001
46,10,461.797330824691,0.27113818401692874,0.4585812836357612,722.4286305259999,0.09837783263492303,461.797330824691,722.4286305259999
46,5,462.01802457644544,0.12158984899350161,0.4604080490564493,726.5742124513332,0.3757275590031009,462.01802457644544,726.5742124513332
46,3,461.6191867218644,0.13628821795103033,0.4610735249734512,726.2494210143333,1.757738774544542,461.6191867218644,726.2494210143333
46,1,461.60954420809475,0.0799720818553778,0.4613875159999279,729.0254230726667,0.3688481336364809,461.60954420809475,729.0254230726667
46,0,461.53712984396634,0.10481348209577572,0.4616559769424793,728.023620289,0.6324531138744921,461.53712984396634,728.023620289
48,10000,2.7421496148284765,0.30638119879623193,0.48229091404318397,178.07981484633333,0.07056591707693041,0.0,178.07981484633333
48,10000,2.7421496148284765,0.30638119879623193,0.48229091404318397,178.07981484633333,0.07056591707693041,2.7421496148284765,178.07981484633333
48,3162,8.394183392544969,0.08863267306499348,0.47921526195566827,176.83627183366664,0.06673786438505871,8.394183392544969,176.83627183366664
48,421,40.39007317312036,0.0404125415002938,0.48347280008989385,175.46884227400002,0.08860434909826602,40.39007317312036,175.46884227400002
48,177,96.0796757721999,0.17908973882738008,0.48383924015899255,179.37711690566667,0.03979116917830823,96.0796757721999,179.37711690566667
48,133,126.10184206221577,0.2755460610801912,0.4825711631497602,181.974316876,0.0043891945357836,126.10184206221577,181.974316876
48,115,143.46200387262084,1.298372468621009,0.4825622054903951,184.08135463466667,0.1938772490717975,143.46200387262084,184.08135463466667
48,100,164.8529312397685,0.5231754104410912,0.48211300700459025,186.93568037600002,0.14584687167016955,164.8529312397685,186.93568037600002
48,86,189.18420482629867,1.0180323645135225,0.48288855831755,190.954352338,0.20548704787692917,189.18420482629867,190.954352338
48,74,218.47229670773504,1.5895344025089069,0.480917795872383,197.58128425966666,0.2739673965796057,218.47229670773504,197.58128425966666
48,68,235.7815196487044,1.6314690074068312,0.4802991815418349,202.98438242133332,0.6741898428507159,235.7815196487044,202.98438242133332
48,63,252.55370908149735,1.3400609670264723,0.48020585505133356,209.651653076,0.677281208004811,252.55370908149735,209.651653076
48,58,272.7860099572103,3.0891696043504098,0.47886248571395096,220.97342002066668,1.8580998851475643,272.7860099572103,220.97342002066668
48,55,285.820630189399,1.9427431496588756,0.47923517911062574,230.17294818433334,1.412762017199024,285.820630189399,230.17294818433334
48,50,310.72165420228475,2.794712668066075,0.47898624325267125,254.18449029766666,3.315861072145504,310.72165420228475,254.18449029766666
48,47,324.4474926298681,1.5969622952372944,0.47776091306871554,271.1070387793333,1.8904790086774546,324.4474926298681,271.1070387793333
48,45,337.80303302825683,2.8729835067953298,0.47624007317625683,289.331091082,4.296117500291857,337.80303302825683,289.331091082
48,43,350.15479000434067,,0.47514129264267213,311.1988774916667,4.691309873343616,350.15479000434067,311.1988774916667
48,38,400.58060974247377,,0.48469910506483205,406.2592667746667,4.83059063022992,400.58060974247377,406.2592667746667
48,37,408.3535435162333,1.8070663885331406,0.483829613555493,422.73062479400005,3.7964281189498568,408.3535435162333,422.73062479400005
48,35,429.3539643586428,1.3404181979591514,0.4801317819224722,482.443382804,4.947105161611676,429.3539643586428,482.443382804
48,33,446.55798469666274,1.6278889576500206,0.47808984197195875,551.257105306,5.604158451622295,446.55798469666274,551.257105306
48,32,453.7747982395697,0.3981277209385416,0.4770988324290741,587.7564740849999,6.734712173341332,453.7747982395697,587.7564740849999
48,31,458.1186212473796,0.8447442689220199,0.4764545076937135,620.8129197216666,5.915357275415076,458.1186212473796,620.8129197216666
48,29,461.5634846614828,0.19816883720343537,0.47563896627763924,663.0189101196667,1.0560614777347967,461.5634846614828,663.0189101196667
48,28,462.4519203797227,0.017371835688556665,0.47550001030046357,678.298273989,1.344116122152994,462.4519203797227,678.298273989
48,26,462.90520275939275,0.0761001996813988,0.4750932970395641,693.2578100773334,1.0282765779023366,462.90520275939275,693.2578100773334
48,23,463.30338363800183,0.08597574352345166,0.47570815140596223,710.1505240390001,2.3415273744381047,463.30338363800183,710.1505240390001
48,22,463.29290758514463,0.03527428444988537,0.47564629521290486,713.7714208269999,0.7664573931087568,463.29290758514463,713.7714208269999
48,19,463.43854691870524,0.28516133419488754,0.4765411479485393,724.0949898383333,2.125070077221075,463.43854691870524,724.0949898383333
48,17,463.70498201240207,0.20546941039374855,0.47717067329480817,730.3403969686666,1.6486368220702396,463.70498201240207,730.3403969686666
48,14,463.9440072455113,0.1669998928966221,0.4791453733479896,736.957860829,1.6854596950753684,463.9440072455113,736.957860829
48,13,464.00296233134145,0.10223796102507411,0.4795553705182693,736.8573750903333,0.7532927267166275,464.00296233134145,736.8573750903333
48,10,464.19737718522305,0.160903031037965,0.4809065504968395,738.8519424273333,2.5239859932722846,464.19737718522305,738.8519424273333
48,3,464.18377744421605,0.16771173468691447,0.4828464095914735,744.6972094833333,1.7535191663649394,464.18377744421605,744.6972094833333
48,1,464.08806735764307,0.05277969836775429,0.4830249733247048,747.3375960980001,2.3596977099480263,464.08806735764307,747.3375960980001
48,0,464.1117723764011,0.015972601706456122,0.48295185721569606,743.695958111,3.578352243069739,464.1117723764011,743.695958111
50,10000,2.960982655809965,0.0382194051019378,0.4996471419908842,177.95373352866667,0.05841414006191327,0.0,177.95373352866667
50,10000,2.960982655809965,0.0382194051019378,0.4996471419908842,177.95373352866667,0.05841414006191327,2.960982655809965,177.95373352866667
50,3162,8.33491554456029,0.15919890740049078,0.4963515022585077,176.90096076966665,0.05745218681504015,8.33491554456029,176.90096076966665
50,562,33.74336374411257,0.054328210334037244,0.49998766494734065,175.27386815033333,0.11585979790191685,33.74336374411257,175.27386815033333
50,421,40.7399743047282,0.07646868182899678,0.5036160182555957,175.47992297333334,0.01603335393478039,40.7399743047282,175.47992297333334
50,177,97.00914817589141,0.0537911894517636,0.5042909579079106,179.27237769566668,0.054830354690669394,97.00914817589141,179.27237769566668
50,133,127.58073979135844,0.1623183076409504,0.5043255597693014,181.965552637,0.031230379738338723,127.58073979135844,181.965552637
50,100,166.43569151107943,0.5139973246352453,0.5027300006553901,187.10396349500002,0.10394592606184502,166.43569151107943,187.10396349500002
50,86,190.05551828409477,1.1678922589101186,0.49829892674053283,191.07534058500002,0.22726141369712027,190.05551828409477,191.07534058500002
50,74,219.9895799230186,0.9051660031417044,0.5015836698835837,198.0733695073333,0.14819774369105487,219.9895799230186,198.0733695073333
50,68,237.08912145799096,0.8340509071344359,0.5012509871232426,203.49416824366665,0.3657865046228501,237.08912145799096,203.49416824366665
50,63,253.8261077789991,2.892058401319795,0.5009459535019731,210.62335821500002,1.5672176532124755,253.8261077789991,210.62335821500002
50,60,266.79143048942757,0.640479451943646,0.5006977584979628,217.24906122433333,0.3455083527256434,266.79143048942757,217.24906122433333
50,58,276.0058775126009,1.614076119478618,0.5002897832455823,222.99928699533334,0.9332565583115879,276.0058775126009,222.99928699533334
50,55,285.039549765189,1.1729783097198552,0.5003029315812094,229.41664129933335,0.7826581206213736,285.039549765189,229.41664129933335
50,52,298.79245981898526,0.8430464775483059,0.49977751867013337,241.30470814600002,0.6274032041919407,298.79245981898526,241.30470814600002
50,50,309.619121984763,2.0379184075875147,0.4969384566972111,252.87790841433335,2.270840692167384,309.619121984763,252.87790841433335
50,48,322.74999569999426,1.9671338372611549,0.4993948276938756,267.94445650566666,2.332822598006176,322.74999569999426,267.94445650566666
50,47,332.9404647505376,1.4954879813759951,0.4976859079039834,282.091010969,2.0862129607280013,332.9404647505376,282.091010969
50,45,342.8840910843539,1.4653428205954095,0.4962975641016594,296.84360086633336,2.550617403152425,342.8840910843539,296.84360086633336
50,44,349.6216256965428,2.4249828979123325,0.4959311944187317,307.35338267033336,4.036812932149692,349.6216256965428,307.35338267033336
50,43,355.5178763273079,2.3076519067712535,0.4952812209436798,317.103462949,3.4373816396134185,355.5178763273079,317.103462949
50,35,432.23276725666454,2.485623975082633,0.5017328558300864,486.81176934099994,7.845555333671914,432.23276725666454,486.81176934099994
50,33,448.4941491827303,0.6410958399757147,0.49963893357481154,550.3076510606667,3.3230149612615896,448.4941491827303,550.3076510606667
50,32,455.6985041981763,1.2985037795452756,0.49836568750193094,596.3545034986666,7.911206233700077,455.6985041981763,596.3545034986666
50,31,458.2687360335344,0.748707740128987,0.49853328889845067,616.7394605036667,4.848562342090613,458.2687360335344,616.7394605036667
50,29,462.455614928049,0.15833871965731586,0.49730343241936215,662.6372527093334,0.8513112699072661,462.455614928049,662.6372527093334
50,28,463.6348881961946,0.07749121149339322,0.49745791672890816,678.260196514,1.9181247630378535,463.6348881961946,678.260196514
50,26,464.12134883672115,0.2572240499563175,0.4973762595596929,693.500478386,6.101554241128625,464.12134883672115,693.500478386
50,23,464.62122280623316,0.2810213212891849,0.498071461756651,716.5642407283334,0.5526540711976681,464.62122280623316,716.5642407283334
50,22,464.7760156928673,0.15815537760702666,0.498070464665795,723.2307378336667,2.373347429844965,464.7760156928673,723.2307378336667
50,20,464.97210141785536,0.07397307178098364,0.49852007329445835,728.5339272503334,1.3624885662009625,464.97210141785536,728.5339272503334
50,19,464.9981367284601,0.1363299780189371,0.49862887170140374,733.002641253,0.831428438057811,464.9981367284601,733.002641253
50,17,465.3165029515794,0.17094262153267883,0.49970374219171926,740.976679937,2.3852065210500726,465.3165029515794,740.976679937
50,14,465.2512996720332,0.0711629156586607,0.5023632351778121,745.5485569126668,0.9514159932875003,465.2512996720332,745.5485569126668
50,13,465.4524293826412,0.08085734002897985,0.5020546405858394,747.2918345069999,0.7609429852006874,465.4524293826412,747.2918345069999
50,10,465.70291951520784,0.13123810512918227,0.5032278335701802,752.4775080186668,0.9512708622996626,465.70291951520784,752.4775080186668
50,7,465.963214766919,0.11523001752765474,0.5042484617539763,752.5828239966667,1.8257001907299304,465.963214766919,752.5828239966667
50,5,465.87243626391705,0.19471200258484692,0.5045078913416138,756.3447789213333,0.6399532325650805,465.87243626391705,756.3447789213333
50,3,466.11357322246704,0.060013206102803265,0.5046035032638775,758.9652948016666,2.5071143714944886,466.11357322246704,758.9652948016666
50,1,466.13772882988326,0.10310581990279036,0.5043864907175599,760.9090775553333,1.1448468396386253,466.13772882988326,760.9090775553333
50,0,466.44124722468285,0.09997777986363031,0.5046669128915594,761.652536387,1.9040461360129408,466.44124722468285,761.652536387
52,31622,1.1291461211314087,0.012133747692768034,0.5207785314207493,178.125978862,0.06136247588057859,0.0,178.125978862
52,31622,1.1291461211314087,0.012133747692768034,0.5207785314207493,178.125978862,0.06136247588057859,1.1291461211314087,178.125978862
52,10000,3.1283659927847993,,0.5240734435641159,177.97090101066667,0.028443898687662277,3.1283659927847993,177.97090101066667
52,5623,4.97762370641068,0.2249154851992784,0.5181386937898728,177.6080629055,0.07203590941104863,4.97762370641068,177.6080629055
52,3162,8.00490644408575,0.5580696439657346,0.5166171891701868,176.97296972433332,0.10172336597062845,8.00490644408575,176.97296972433332
52,1778,14.551099617384212,1.0691676665094765,0.5188267722890288,175.8940638475,0.09149766446506144,14.551099617384212,175.8940638475
52,1000,27.185888430455087,0.5578534974571175,0.5196747959466823,175.11969338783334,0.019704826246688418,27.185888430455087,175.11969338783334
52,562,36.334453486622685,0.09558111339387557,0.5183942754132037,175.36456965633332,0.05880659442050095,36.334453486622685,175.36456965633332
52,421,41.00504592634957,0.021833765916975934,0.5245164568595204,175.53232398866666,0.04747738713015874,41.00504592634957,175.53232398866666
52,177,98.01755905232535,,0.5247262667979201,179.39823449133334,0.04406680574639198,98.01755905232535,179.39823449133334
52,133,128.9908140756245,0.1636242890033974,0.523397522322975,182.117143018,0.018902033536025247,128.9908140756245,182.117143018
52,115,149.4326680679962,0.035856113215416326,0.5238376445039411,184.461765231,0.01002468523585548,149.4326680679962,184.461765231
52,100,170.58719102256984,0.027347486381972028,0.5223768814245884,187.70019830866667,0.03713359977896852,170.58719102256984,187.70019830866667
52,86,197.24420041955906,0.06268262449838756,0.5225221918529166,192.60702888266667,0.02945393042461985,197.24420041955906,192.60702888266667
52,74,226.330890120978,0.1596152429644504,0.521962216210888,200.17304505533335,0.08233748186491283,226.330890120978,200.17304505533335
52,63,259.65628251111525,0.3283597799933354,0.5218437103517259,213.465153965,0.10444217493515236,259.65628251111525,213.465153965
52,58,275.93066454929084,0.4045829352269168,0.5214482936538875,223.0979087863333,0.47872303259364846,275.93066454929084,223.0979087863333
52,55,291.2981562154909,2.0291480020298898,0.5214597042372643,234.92724572200004,1.688781867601523,291.2981562154909,234.92724572200004
52,50,316.5873379325651,1.9926786993679195,0.5197338010423044,260.20509522566664,2.713902859484731,316.5873379325651,260.20509522566664
52,48,326.59346844311415,0.6814287453865525,0.5178423684371127,272.8175959536666,0.7087760313391824,326.59346844311415,272.8175959536666
52,47,332.95884320315344,1.0585781548194761,0.519170485778101,281.03337567066666,1.6298851499279596,332.95884320315344,281.03337567066666
52,45,349.0085567272572,0.9990501839588787,0.5168465534575958,305.225883589,2.544730824920208,349.0085567272572,305.225883589
52,44,352.158079202728,1.1277747211307536,0.5169861092924349,310.223246271,2.1754693855195426,352.158079202728,310.223246271
52,37,420.26066946308697,,0.5248865385864171,439.50834427033334,5.205356093636466,420.26066946308697,439.50834427033334
52,35,438.20216112708914,1.6557224152310033,0.5216996414017553,496.74634046433334,5.023355757139538,438.20216112708914,496.74634046433334
52,33,452.0702794511423,1.015155323190337,0.5206301333521407,553.1454039473333,5.724705421049854,452.0702794511423,553.1454039473333
52,32,458.05691754836033,0.30781329462822354,0.5198032361909012,590.79961799,0.30549283540727745,458.05691754836033,590.79961799
52,31,461.7762802014533,0.24257432294099204,0.5196890292676674,626.5506942286667,3.873127650816562,461.7762802014533,626.5506942286667
52,29,464.10921061883636,0.030689713139035815,0.5193336294846305,662.9941005323334,3.1829539214194287,464.10921061883636,662.9941005323334
52,28,464.716357706779,0.25765798494847847,0.519718332112563,675.8634777816667,0.5675232925320005,464.716357706779,675.8634777816667
52,26,465.2223961898271,0.18816601328113752,0.5200186362898269,693.833340009,1.0621436747843924,465.2223961898271,693.833340009
52,24,465.3531114234748,0.27946786729050216,0.5206060290257697,706.268567309,2.6028372963448647,465.3531114234748,706.268567309
52,23,465.3966983556518,0.09900663034450426,0.5205165041457823,712.049408288,2.0758370218136157,465.3966983556518,712.049408288
52,22,465.40900228799984,0.13145515823605347,0.5210873040767826,717.2334600936666,0.11462380442059733,465.40900228799984,717.2334600936666
52,20,465.56282495936495,0.17507997877651224,0.5214773914101389,723.910481798,1.5945830116943354,465.56282495936495,723.910481798
52,19,465.5603156226892,0.035948347913721125,0.5220027213628101,725.177353393,0.9290598273193507,465.5603156226892,725.177353393
52,17,465.65970712620395,0.08328967685956834,0.522994121620433,728.2670594770001,1.8907259006350954,465.65970712620395,728.2670594770001
52,13,466.2357122412414,0.23799852589458736,0.5245487166717872,732.9169620643333,1.9482442051612086,466.2357122412414,732.9169620643333
54,31622,1.1442793659626704,0.019272213643815417,0.5416554228075539,178.12987418766667,0.028685561340029836,0.0,178.12987418766667
54,31622,1.1442793659626704,0.019272213643815417,0.5416554228075539,178.12987418766667,0.028685561340029836,1.1442793659626704,178.12987418766667
54,10000,3.1858694294057766,,0.543147716527441,177.94645045466666,0.006057895107658066,3.1858694294057766,177.94645045466666
54,2371,9.930229341090566,0.05704806199182014,0.5353514313038832,176.582412308,0.025040333150264254,9.930229341090566,176.582412308
54,1778,13.773673125192408,0.035971823725410336,0.5430256141337356,176.12746733966665,0.050737802212191034,13.773673125192408,176.12746733966665
54,421,41.34980949189716,0.027563609323053365,0.5442255612719131,175.61919191766665,0.03002557308674285,41.34980949189716,175.61919191766665
54,236,72.71293332991166,0.06216209487821262,0.5441174962037333,177.75274657033333,0.030942556422249367,72.71293332991166,177.75274657033333
54,133,130.77788895129257,0.06445268088594087,0.5438311894843676,182.18515832366666,0.012332301448480708,130.77788895129257,182.18515832366666
54,115,151.00759015178377,0.08230981773694822,0.5435275121382395,184.66782239633335,0.01910732518601303,151.00759015178377,184.66782239633335
54,100,172.4338820864714,0.0075804335830485965,0.5422032432646093,187.89435712833333,0.04804730664365044,172.4338820864714,187.89435712833333
54,86,199.03967377167268,0.03840918924666238,0.5420397824627422,193.0154596256667,0.08190738788346158,199.03967377167268,193.0154596256667
54,74,229.1868093957336,0.20565878836701862,0.5414697232859138,200.95804314633332,0.03724737490208661,229.1868093957336,200.95804314633332
54,68,242.91074296648617,1.6950948965497543,0.5414182934866537,205.9233693573333,0.4773553232676778,242.91074296648617,205.9233693573333
54,63,261.0831837637829,0.8704720757873342,0.5402271346218943,214.54942254733336,0.5532990511569632,261.0831837637829,214.54942254733336
54,58,282.30131256766674,1.9983446267876641,0.5417699266247062,227.71250047066667,1.475268704189605,282.30131256766674,227.71250047066667
54,55,291.0983255487702,2.6032062260130204,0.5408423341109483,235.10149750033335,1.5791475876654797,291.0983255487702,235.10149750033335
54,52,307.3432709868226,0.5442564592554574,0.5394229000557376,249.905591512,0.5881039348333013,307.3432709868226,249.905591512
54,50,322.41991629258183,1.2466834295963107,0.5387050761683798,266.948632917,1.488416334171601,322.41991629258183,266.948632917
54,47,339.68601012893555,1.628714386331719,0.538423807234545,289.50354649766666,2.136940301908049,339.68601012893555,289.50354649766666
54,45,351.92508179911357,0.2555761214352771,0.5361896928764783,308.7495415216667,1.668491263864301,351.92508179911357,308.7495415216667
54,44,359.1293243637731,,0.5354684080693639,321.4995335383333,1.7723398091549276,359.1293243637731,321.4995335383333
54,37,424.24816041992904,,0.5449785994794545,445.19274905033336,5.280859073884336,424.24816041992904,445.19274905033336
54,35,442.01414650028306,1.8644426778494108,0.5432972117108114,502.38594288933336,7.475690884273156,442.01414650028306,502.38594288933336
54,33,457.00264254603195,0.5453332686532876,0.5415788560585596,569.1301839833333,1.4692334399351716,457.00264254603195,569.1301839833333
54,32,462.81635880074674,2.8359406182739573,0.5410651918372019,601.3889629226666,7.0039616147346635,462.81635880074674,601.3889629226666
54,31,463.01167109808006,0.41460352070658996,0.5411192427654307,619.017170381,5.959008797616831,463.01167109808006,619.017170381
54,29,464.9738127747143,0.24160121236619986,0.5411984387091054,650.343118629,4.595818606915071,464.9738127747143,650.343118629
54,28,465.514987004512,0.15430055030992768,0.5411971787807773,662.5701034236666,1.3121628370361909,465.514987004512,662.5701034236666
54,26,465.8823483074712,0.04219791063099384,0.5415080679917428,678.2312082806667,1.3509413092366718,465.8823483074712,678.2312082806667
54,24,465.9908719614148,0.04527686281914465,0.5422318771789211,693.3930720069999,1.5201820205962269,465.9908719614148,693.3930720069999
54,23,465.9186121178991,0.2309553716216677,0.5421163699220904,694.7057689823333,1.846804059634979,465.9186121178991,694.7057689823333
54,22,466.1850620971886,0.021803787742923467,0.5424982718302426,698.9317248556667,0.6672519668115464,466.1850620971886,698.9317248556667
54,20,466.16729192726416,0.2195103080063135,0.5429056467410894,701.267965509,0.8568300191824436,466.16729192726416,701.267965509
54,19,466.2305775647658,0.05481158334321757,0.5431697793057518,703.893856773,0.29110507687033244,466.2305775647658,703.893856773
54,17,466.70168510102434,0.10851528372275422,0.543721557796538,705.966044325,0.4479440073513205,466.70168510102434,705.966044325
56,56233,0.6373691735783372,0.032768396912305764,0.5599173889250668,178.0047290135,0.15729536689373463,0.0,178.0047290135
56,56233,0.6373691735783372,0.032768396912305764,0.5599173889250668,178.0047290135,0.15729536689373463,0.6373691735783372,178.0047290135
56,31622,1.1570654328519623,0.0201125176729266,0.5634341926279363,178.13363544266667,0.11604248755525187,1.1570654328519623,178.13363544266667
56,10000,3.2171768030555365,,0.5629328037043636,177.99674635600002,0.0715542755205426,3.2171768030555365,177.99674635600002
56,1778,17.493038539096457,0.1311790896231704,0.5572606839472747,176.045616364,0.06234409846995642,17.493038539096457,176.045616364
56,1000,24.353517214345036,0.5922258186973328,0.5578858423822456,175.21251764800002,0.05006104649768217,24.353517214345036,175.21251764800002
56,486,36.6148321727614,0.03927833247453496,0.561585979227832,175.33802894133336,0.036639110396649396,36.6148321727614,175.33802894133336
56,421,41.855798577412514,0.11672459568513671,0.5630246062181928,175.61661964133336,0.06021067934191245,41.855798577412514,175.61661964133336
56,316,54.58965937621584,,0.5631479030822297,175.90277388566665,0.0070684463337023305,54.58965937621584,175.90277388566665
56,133,131.83155995593359,0.21572799872534518,0.5637604091765703,182.30526792133332,0.003515484029144266,131.83155995593359,182.30526792133332
56,115,150.17312936143776,0.6799765106591144,0.5637968053922258,184.46114364000002,0.06526872421653272,150.17312936143776,184.46114364000002
56,100,171.09904081043064,0.9013105801560695,0.5631109990715513,187.69122624399998,0.15697328326510845,171.09904081043064,187.69122624399998
56,86,197.64984238923648,0.9770881073776332,0.5627393061875806,192.7081716383333,0.1488387780188847,197.64984238923648,192.7081716383333
56,74,228.10809211203954,0.9862320829982185,0.5631004493363848,200.782130166,0.22151059651846017,228.10809211203954,200.782130166
56,68,245.3436445262482,1.083188898030462,0.5621098189614642,207.18807802266667,0.5435038280178884,245.3436445262482,207.18807802266667
56,63,265.5431399802175,1.1535015093291434,0.5615255360740082,217.11659534133332,0.4714621183633127,265.5431399802175,217.11659534133332
56,58,285.5009363683759,0.8002749196547702,0.5623343069309329,230.457716709,0.5468107351461328,285.5009363683759,230.457716709
56,55,296.4527328196762,1.045626362918895,0.5612849735561004,239.193575852,1.0216920352648549,296.4527328196762,239.193575852
56,52,310.65141164321665,2.2718711622793064,0.5607912935182816,252.96874912433336,2.3722413934676534,310.65141164321665,252.96874912433336
56,50,323.72857780146114,2.3011749994115545,0.5595807238880861,268.1743660133333,2.514991194937544,323.72857780146114,268.1743660133333
56,47,342.17443807943295,2.7654000469656954,0.5586408926533005,292.3150713316667,3.3562545443801906,342.17443807943295,292.3150713316667
56,35,445.66418307604204,2.6117846588324283,0.5635590985771782,508.092724914,9.346215648773216,445.66418307604204,508.092724914
56,33,458.3009966581885,0.6297981513444753,0.561674812384008,567.9309916880001,5.448711691886689,458.3009966581885,567.9309916880001
56,32,461.23673493554776,0.17050595914920913,0.562202229635845,590.1093097863333,3.528843570710693,461.23673493554776,590.1093097863333
56,31,463.66337149086576,0.0776361698336924,0.5621662034910462,611.438742237,1.1810765091815436,463.66337149086576,611.438742237
56,29,465.864077202254,0.3617700589834517,0.5619569394703211,642.5930706703333,2.0420679948054055,465.864077202254,642.5930706703333
56,28,466.4779775136162,0.20953060594913378,0.5620402489895366,653.7717127023333,1.9521068937331985,466.4779775136162,653.7717127023333
56,26,466.93597194647765,0.21811286304480457,0.5618911471184976,667.5080810683334,2.746280281295787,466.93597194647765,667.5080810683334
56,24,466.9983987676671,0.08190168757221805,0.562590678901112,675.5715023986667,1.493861722574522,466.9983987676671,675.5715023986667
56,23,467.20111382504064,0.0894822658998786,0.5625539810691226,678.5226895243333,1.2512715194957806,467.20111382504064,678.5226895243333
56,22,466.846798963697,0.1069473969922509,0.5629982883907333,679.7510127433334,1.999192824033787,466.846798963697,679.7510127433334
56,17,467.58262279805155,0.11386818406307199,0.5641202374360438,683.2356891343334,1.9242777072466188,467.58262279805155,683.2356891343334
58,74988,0.4430455150457191,0.015722501906983103,0.5778574891561533,178.24080555700002,0.07172434405079033,0.0,178.24080555700002
58,74988,0.4430455150457191,0.015722501906983103,0.5778574891561533,178.24080555700002,0.07172434405079033,0.4430455150457191,178.24080555700002
58,10000,2.9971083021881997,0.13591973172379263,0.5817438371776229,178.06879415644445,0.07872606093232726,2.9971083021881997,178.06879415644445
58,5623,5.794572975227673,0.026244078716008246,0.5765828620695157,177.605166986,0.042892072440585204,5.794572975227673,177.605166986
58,1778,13.619175055584757,0.10910514552273387,0.5770962397377285,176.099328202,0.019417161996791266,13.619175055584757,176.099328202
58,562,38.1368641667039,0.09256764911925283,0.5772053362615216,175.53424041766667,0.03896562596471369,38.1368641667039,175.53424041766667
58,486,37.039118918159694,0.023876517364902077,0.5792497445345174,175.280004351,0.029201924345878705,37.039118918159694,175.280004351
58,421,42.0875750351148,0.011034107067183177,0.5830402603964115,175.65133232466667,0.006773804554528373,42.0875750351148,175.65133232466667
58,316,55.002692062048396,0.05156986449284873,0.5836665665159966,175.754504838,0.042645998905297286,55.002692062048396,175.754504838
58,236,74.54009305313255,0.09924630206588203,0.5847583208070146,177.545453423,0.06670801550631443,74.54009305313255,177.545453423
58,133,133.20454235532765,0.20997570065021634,0.5831452034166192,182.357412406,0.014390694130485444,133.20454235532765,182.357412406
58,115,151.53367648903853,0.973214661408707,0.5821652357605647,184.63227397566666,0.02527456672510112,151.53367648903853,184.63227397566666
58,100,173.2124627750311,1.2929775576935292,0.5824070284356994,187.972720711,0.21916632765870153,173.2124627750311,187.972720711
58,86,199.7701711542176,0.9990232744286114,0.5820487192389722,193.22824084699997,0.30064859259340126,199.7701711542176,193.22824084699997
58,74,229.48831087633914,0.9763540937809675,0.5770363548964416,201.53119985433332,0.5285757656198548,229.48831087633914,201.53119985433332
58,68,247.53369199563903,0.5621917567871615,0.5809198672492699,208.2661573006667,0.4280200072858403,247.53369199563903,208.2661573006667
58,63,266.29912685304606,1.3192643350087698,0.5801206146548852,217.257562927,0.8114882428213868,266.29912685304606,217.257562927
58,58,288.8172489116871,1.9928450128842439,0.5804991712957009,232.553037787,1.671229743117368,288.8172489116871,232.553037787
58,55,299.09449603798447,1.478872001683144,0.5794315999676735,241.633693581,1.3375776379815134,299.09449603798447,241.633693581
58,52,314.97594371094175,2.893960250596362,0.5802033249843424,256.48241864966667,3.723025020986669,314.97594371094175,256.48241864966667
58,50,327.31787542379556,1.121108730608413,0.5795983098489034,271.2956071136667,1.1781602025029727,327.31787542379556,271.2956071136667
58,47,345.1120200185972,4.0335317096063354,0.5784240169600703,294.7679985693333,5.690822685024327,345.1120200185972,294.7679985693333
58,45,358.6785933127985,2.3673360714373404,0.5761989974022387,315.7332884873333,3.4287180543400155,358.6785933127985,315.7332884873333
61,56233,0.6248737184952907,0.006867936458200088,0.611611597330865,177.690243259,0.061504611279365906,0.0,177.690243259
61,56233,0.6248737184952907,0.006867936458200088,0.611611597330865,177.690243259,0.061504611279365906,0.6248737184952907,177.690243259
61,31622,1.106749331626478,0.08613955010198932,0.6115417450170094,178.18708342133334,0.13084042049548336,1.106749331626478,178.18708342133334
61,421,41.828012640952124,0.07146465095349393,0.6097376271285903,175.5854489776667,0.10131652533642029,41.828012640952124,175.5854489776667
61,316,54.5324547198582,0.061789688600421354,0.6103170281240092,175.598819531,0.006011437296598893,54.5324547198582,175.598819531
61,236,74.0060632265553,0.06390215479143765,0.6107354501388452,177.25082625933337,0.10079734179061511,74.0060632265553,177.25082625933337
61,177,99.9228064129178,0.13368577051007793,0.6123396810039697,179.005949422,0.051325569180880055,99.9228064129178,179.005949422
61,133,131.98834422900146,0.19623400272256647,0.610920231171591,182.04379909066665,0.04391641771858131,131.98834422900146,182.04379909066665
61,115,148.7286927755483,0.6847826547828243,0.6101226621018995,184.183693469,0.07369504712134489,148.7286927755483,184.183693469
61,100,172.48534784204676,1.0147295073326132,0.609775011642986,187.87465684433334,0.20166631931855203,172.48534784204676,187.87465684433334
61,86,197.7049143435015,1.5527445062883642,0.6098524982457557,192.73288509466667,0.3669848355759973,197.7049143435015,192.73288509466667
61,74,228.60539737114019,0.5187469817721705,0.6093718753572949,201.23556561233332,0.09634326235070965,228.60539737114019,201.23556561233332
61,68,247.299498012644,0.6128873201381353,0.608463841645003,208.11931871166666,0.4342689049316648,247.299498012644,208.11931871166666
61,63,263.7813929826038,1.340779868384901,0.607941239803994,216.21880564966668,0.8410212488715901,263.7813929826038,216.21880564966668
61,58,285.90213281091815,0.8244207157347,0.6077332545195132,229.88603489266666,0.6984715346743967,285.90213281091815,229.88603489266666
61,55,295.8064621613866,1.264420445204748,0.6077385031304566,237.82131210066666,1.23176820474966,295.8064621613866,237.82131210066666
61,53,306.0429320559851,0.7237431428155181,0.6078535916902014,246.78759734899998,0.9100605966678683,306.0429320559851,246.78759734899998
61,52,315.13153314314263,1.7825782835112587,0.6079946352915052,256.15925355533335,2.2966303584102414,315.13153314314263,256.15925355533335
61,50,324.3823835556172,1.9094578964966813,0.6068998884390212,266.67493830933336,2.4201028719354727,324.3823835556172,266.67493830933336
61,47,343.2369404724133,2.346427483310213,0.6056784265376257,290.581667757,2.8755842185741827,343.2369404724133,290.581667757
61,22,467.9060852960809,0.1346232873850811,0.614573369888851,626.7490459023334,1.0860072078170107,467.9060852960809,626.7490459023334
64,1000000,0.04908536309202395,0.007294041902915561,0.6413667151428383,183.77360068733333,0.03139898756227127,0.0,183.77360068733333
64,1000000,0.04908536309202395,0.007294041902915561,0.6413667151428383,183.77360068733333,0.03139898756227127,0.04908536309202395,183.77360068733333
64,177827,0.2284963530449844,0.0355874775510648,0.6415460863722662,179.47072428866667,0.08379453983548328,0.2284963530449844,179.47072428866667
64,133351,0.24027916811141004,0.0026327694292771235,0.6387663778245238,178.886678342,0.0874946024339511,0.24027916811141004,178.886678342
64,5623,4.652551449482634,0.28507803826098044,0.6397605442477394,177.70896510216667,0.10020222381100115,4.652551449482634,177.70896510216667
64,3162,7.715627096578294,0.671930317590811,0.6417129775146012,177.10212344933333,0.12094586831727609,7.715627096578294,177.10212344933333
64,1778,15.06152201400441,0.26537328843395896,0.6383089720387166,176.02549773266665,0.016761658991668232,15.06152201400441,176.02549773266665
64,1000,28.520294228372222,0.10860609156495346,0.638780348015993,175.311843091,0.050836633043184656,28.520294228372222,175.311843091
64,749,30.71954151591334,0.09714050946433211,0.6412161471084173,175.26634434766666,0.02737212028888616,30.71954151591334,175.26634434766666
64,486,35.93262673233703,0.05853593821379849,0.6364535958582628,175.43662317333334,0.050285050654238064,35.93262673233703,175.43662317333334
64,421,41.4065096264169,0.053244269942437555,0.6382466924929248,175.54002965733335,0.047988859697899656,41.4065096264169,175.54002965733335
64,316,53.856933001963824,0.04836931299587182,0.6400979167946782,175.40731670799997,0.032105980807195636,53.856933001963824,175.40731670799997
64,177,98.76326916804369,0.14140394706848713,0.6396842805114539,178.76417988033333,0.05705946969559091,98.76326916804369,178.76417988033333
64,153,114.6896764109133,0.021261078563478242,0.6384746494873788,180.0268480036667,0.011444630720082621,114.6896764109133,180.0268480036667
64,133,130.83329629710826,0.10959253424172434,0.637271987668235,181.76005832033331,0.03846827603276827,130.83329629710826,181.76005832033331
64,115,148.4979028847749,0.43570673104228286,0.6382211799118078,183.86771194166667,0.1183767850545697,148.4979028847749,183.86771194166667
64,100,171.65609019997112,1.0542237349842107,0.6378567186416528,187.45067471166666,0.17819661518016167,171.65609019997112,187.45067471166666
64,86,196.09363315727128,0.8299479749491337,0.6368886705460516,192.24947059299998,0.18186343541666308,196.09363315727128,192.24947059299998
64,74,228.54892190902623,0.924022168928717,0.6357197410317285,201.08040057066668,0.19966925833202256,228.54892190902623,201.08040057066668
64,61,271.7538256594615,0.8876934091718882,0.6355780254122068,220.96838849433334,0.5800908351628963,271.7538256594615,220.96838849433334
64,58,281.77507304002665,1.5508304349604451,0.6354237851201326,226.89510292533336,1.3665958083322667,281.77507304002665,226.89510292533336
64,53,304.31142554527037,4.7855964216242475,0.635450754877613,244.951632454,3.2508869079583276,304.31142554527037,244.951632454
64,52,309.5068609548647,0.12212120675423027,0.6352622221894854,250.38248855400002,1.4930828146439332,309.5068609548647,250.38248855400002
64,33,454.4351949573606,1.951250085930414,0.6432960957506811,506.06595139666666,6.248244301020415,454.4351949573606,506.06595139666666
64,32,458.2742621405093,0.4296823006439635,0.6420945286687362,522.3458068793334,3.9595251107488596,458.2742621405093,522.3458068793334
64,31,463.07389296321395,0.3610248669366562,0.6408857266112679,548.6322477773333,3.0924499192818895,463.07389296321395,548.6322477773333
64,22,468.40567914190115,0.13683089567831053,0.6410671713135039,601.735941331,0.3551013249068307,468.40567914190115,601.735941331
66,1000000,0.04989962510076218,0.005452102889136204,0.6615550627425086,183.84333274733333,0.07930704246458212,0.0,183.84333274733333
66,1000000,0.04989962510076218,0.005452102889136204,0.6615550627425086,183.84333274733333,0.07930704246458212,0.04989962510076218,183.84333274733333
66,316227,0.11629220857604462,0.006170777210509332,0.6608223417456066,181.41981991816667,0.15315771617990545,0.11629220857604462,181.41981991816667
66,177827,0.2015271619178908,0.014622328454023406,0.6589180468809815,179.959236951,0.05597587486129691,0.2015271619178908,179.959236951
66,31622,0.9840947272122915,,0.6641321084695971,178.12781801766664,0.06809580137664259,0.9840947272122915,178.12781801766664
66,10000,3.006121916256593,0.03723956083440698,0.6586427418729709,178.07415923550002,0.061019914028972895,3.006121916256593,178.07415923550002
66,3162,7.589538214628061,1.3754355941243666,0.6592235385534018,177.18792226333335,0.3826802630861656,7.589538214628061,177.18792226333335
66,1000,25.842125076817815,2.1247430433365877,0.6594160218135539,175.34985225066666,0.02188479989324782,25.842125076817815,175.34985225066666
66,562,34.55484228622864,,0.655049030926214,175.507019718,0.12240384210192815,34.55484228622864,175.507019718
66,421,41.26068904390384,0.16930060807317412,0.6640922070048545,175.51983825233333,0.05795301852791112,41.26068904390384,175.51983825233333
66,115,150.69121069609747,0.010642258792639287,0.6646830669728713,184.01800068066666,0.09757386096419433,150.69121069609747,184.01800068066666
66,100,172.04273326970917,0.06528043999824337,0.6639253434097087,187.55517199,0.03654305174906281,172.04273326970917,187.55517199
66,86,199.02811525682637,0.04602251135204138,0.6641655574567346,192.79372027033332,0.0484741670017943,199.02811525682637,192.79372027033332
66,82,207.2524642555677,0.12389400256724153,0.6623437220134237,194.83217155733334,0.05581231031324192,207.2524642555677,194.83217155733334
66,79,215.6497448502671,0.4555999861093266,0.6643881866998438,197.10239065333334,0.03198808659325927,215.6497448502671,197.10239065333334
66,74,224.1624109720849,0.11035027836197861,0.6632553449178542,199.660764741,0.19828789339063566,224.1624109720849,199.660764741
66,70,236.0928008328233,3.4288006298221725,0.6638049637435894,203.62274082833332,1.21803554381908,236.0928008328233,203.62274082833332
66,68,243.80085650098783,2.0335230474320216,0.6615681346997779,206.63037420166665,0.6380814875386241,243.80085650098783,206.63037420166665
66,63,262.45890258833833,1.491013893726076,0.6634827043472359,215.13479817333334,0.7662760706021317,262.45890258833833,215.13479817333334
66,58,279.03359959899467,2.9274117852658814,0.6622538892444177,224.53420129733334,1.833435715791401,279.03359959899467,224.53420129733334
66,55,292.0035175478599,0.7720678965605913,0.6620158715048308,233.456662658,0.3750219182795219,292.0035175478599,233.456662658
66,52,306.5248812816947,1.4565027005317928,0.661530865066622,245.14025691666666,0.8446798581775133,306.5248812816947,245.14025691666666
66,50,318.34355526519033,2.5769142753372574,0.6618173720728894,256.25743522566665,2.216118060597285,318.34355526519033,256.25743522566665
66,48,330.0583899208584,2.3239280892608574,0.661065853092205,269.3338515263333,2.281024332870397,330.0583899208584,269.3338515263333
66,47,340.49257035498636,3.958023359123978,0.6603379966720594,281.29587375666665,4.784171917265725,340.49257035498636,281.29587375666665
66,45,350.46670524667394,0.9635954674110475,0.6589141227681193,293.587329476,1.293615491604191,350.46670524667394,293.587329476
66,44,360.8775972613428,2.398574407173772,0.6573887490365461,307.44637951,2.8617272740957755,360.8775972613428,307.44637951
66,43,366.6855430346366,1.5553274151511114,0.657163267165797,316.63441465533333,2.3112839015315916,366.6855430346366,316.63441465533333
69,1000000,0.04396710987155847,0.0037696276627309662,0.6916407241345391,183.9991078495,0.22540947200421882,0.0,183.9991078495
69,1000000,0.04396710987155847,0.0037696276627309662,0.6916407241345391,183.9991078495,0.22540947200421882,0.04396710987155847,183.9991078495
69,177827,0.19285792226844053,,0.689690981667087,179.77426343966667,0.2986258771538106,0.19285792226844053,179.77426343966667
69,100000,0.33267278903092123,0.016279598725433206,0.6897268559260895,178.35965633266667,0.16588351861048758,0.33267278903092123,178.35965633266667
69,10000,2.8575808364242268,0.04088116585524675,0.6910570976317271,178.04852194766667,0.030429429629459707,2.8575808364242268,178.04852194766667
69,5623,4.470071872255586,0.21245021818477342,0.6878478979794349,177.76658856866666,0.027553467899108987,4.470071872255586,177.76658856866666
69,3162,7.689558760296277,0.010904005191440528,0.6877438929645399,177.11424356300003,0.013635207795837595,7.689558760296277,177.11424356300003
69,1778,13.539488244458298,0.6012344592644403,0.6903045852333397,176.28370645816668,0.11848093620462906,13.539488244458298,176.28370645816668
69,749,29.351541918970565,0.03786163800841778,0.6902491428916293,175.3892309076667,0.07594117260455448,29.351541918970565,175.3892309076667
69,421,40.933406798856424,0.018991632123436582,0.6901917299496413,175.50950575333331,0.05529465793461831,40.933406798856424,175.50950575333331
69,316,53.38369982471023,0.04846903610153114,0.6906851216633481,175.07791025633333,0.05503989177984497,53.38369982471023,175.07791025633333
69,273,62.11425172948841,0.08425624939683532,0.6939744968615583,175.590472872,0.05585852188997274,62.11425172948841,175.590472872
69,204,81.77689791429906,0.2687853983954866,0.6944678835143089,177.00117043233334,0.0345879740141261,81.77689791429906,177.00117043233334
69,177,97.73657466166723,0.07945541325853994,0.6918624891328037,178.23780908466665,0.026969631654217615,97.73657466166723,178.23780908466665
69,153,112.52433273755453,0.06926126465533966,0.6942423947607352,179.4468754656667,0.06482502831672499,112.52433273755453,179.4468754656667
69,133,128.89188919244214,0.05703983790455506,0.6878506085266617,181.1236771706667,0.021369989222369004,128.89188919244214,181.1236771706667
69,123,139.1134820984625,0.11138340768365808,0.6923371735646043,182.300318708,0.021582381762543727,139.1134820984625,182.300318708
69,115,146.13814777418202,0.05213152521458373,0.6928228428356815,183.28518516533336,0.09602253351384891,146.13814777418202,183.28518516533336
69,107,158.77338854559466,0.22941320728468026,0.6922878277563719,185.10392223833333,0.06008173091237839,158.77338854559466,185.10392223833333
69,100,170.83002999791282,0.09606434535276213,0.6923092941806601,187.20016684233335,0.007985026058995762,170.83002999791282,187.20016684233335
69,92,181.30808462924634,1.0555472312896825,0.6914302441694115,189.02470701833332,0.16163284851124166,181.30808462924634,189.02470701833332
69,86,192.7330411729338,2.0440436648390596,0.6877323728340005,191.40028174366668,0.3755398381816376,192.7330411729338,191.40028174366668
69,79,209.68959183581475,0.8632748351511099,0.6914818274703288,195.41164690033335,0.30193383133245044,209.68959183581475,195.41164690033335
69,74,223.4754533846921,0.5591409220794681,0.6890767334101079,199.47670755266665,0.12650352363306233,223.4754533846921,199.47670755266665
69,68,242.19514553151058,0.9777268708214669,0.6899122806252476,205.75647293366669,0.2228501035417531,242.19514553151058,205.75647293366669
69,63,260.39925389596016,1.571674003158976,0.6891729154225695,214.03755872566668,0.6668454476822127,260.39925389596016,214.03755872566668
69,58,280.6694708229014,0.32073957849538715,0.6897321778997231,224.96398753233333,0.19748048202602664,280.6694708229014,224.96398753233333
69,56,287.06259109066076,2.1262548697087964,0.6897391175841016,229.02162688533335,1.620500639718261,287.06259109066076,229.02162688533335
69,55,294.12970506910847,1.150175085508301,0.6899564100137597,234.04046525433333,0.986949954992174,294.12970506910847,234.04046525433333
69,53,299.16346429880764,0.8968284789557093,0.6892334569505015,237.98680546066666,0.825158177241058,299.16346429880764,237.98680546066666
69,52,304.01977729013635,2.869492604377338,0.6901079912177271,242.05689275266664,1.7325342340179177,304.01977729013635,242.05689275266664
69,50,322.7038372010678,1.237497151400475,0.6882606053877977,258.5544473846667,1.1159764240724581,322.7038372010678,258.5544473846667
69,48,331.21060819390925,1.3001144360759662,0.6890428997518009,267.739929367,1.069617840926901,331.21060819390925,267.739929367
69,47,336.0595880994528,0.6809184614299223,0.6874642215259777,273.27313618166664,1.2192893221162215,336.0595880994528,273.27313618166664
69,45,350.95128836141384,2.3403556831915813,0.6874074508062039,290.89757735066667,3.0998903985004844,350.95128836141384,290.89757735066667
69,44,361.04555087366026,1.283307406165766,0.685875767522608,304.3641588053333,1.8372708457230054,361.04555087366026,304.3641588053333
69,43,363.03090445811154,2.0519804736709615,0.685919720409118,307.14095713533334,2.6460400499246055,363.03090445811154,307.14095713533334
69,22,468.9494755625668,,0.6948305007985953,553.163110168,0.09225235849009651,468.9494755625668,553.163110168
69,13,468.5302496798929,,0.6869084346026341,558.6541990033334,0.8136196338583592,468.5302496798929,558.6541990033334
69,10,468.67983473099054,0.1714020974934055,0.6879678271788942,555.789742323,3.2132988715852866,468.67983473099054,555.789742323
69,1,468.8072795248631,0.0668710530272806,0.6914985737935998,554.6370660233333,1.2299190035267569,468.8072795248631,554.6370660233333
69,0,468.67946065649994,0.31774723887490114,0.6910893948297204,555.0346066426666,0.32799111188757496,468.67946065649994,555.0346066426666
71,1000000,0.045344294344579955,0.005592939770854024,0.7092215533730413,183.51850971983333,0.1574753282574774,0.0,183.51850971983333
71,1000000,0.045344294344579955,0.005592939770854024,0.7092215533730413,183.51850971983333,0.1574753282574774,0.045344294344579955,183.51850971983333
71,562340,0.07389443916101049,0.018701099596304956,0.7105559360688344,183.57664349155556,0.9743834053909796,0.07389443916101049,183.57664349155556
71,10000,2.826419592452314,0.10005899438721565,0.7111278678124943,178.12125829299998,0.012730439246065248,2.826419592452314,178.12125829299998
71,5623,4.178568906259434,0.04134591049176174,0.7092316191554111,177.83204934799997,0.06544991815859676,4.178568906259434,177.83204934799997
71,3162,7.244644570637611,0.1816644341348195,0.7129360011407005,177.299478837,0.07023432011665397,7.244644570637611,177.299478837
71,1778,12.93109516583196,,0.7073213872345063,176.42325989100001,0.09063419497836031,12.93109516583196,176.42325989100001
71,1000,17.61264250071494,0.04907593007498081,0.7121268589119644,175.90844173766666,0.041782848775745604,17.61264250071494,175.90844173766666
71,562,32.14673852289261,0.12291490488247134,0.7108747366402373,175.457385992,0.01750989533093115,32.14673852289261,175.457385992
71,133,127.74111263277742,0.15046217843350365,0.71468703479017,180.81362620766666,0.06932277219173558,127.74111263277742,180.81362620766666
71,53,302.05524142358416,2.475205940260069,0.7132719964990138,238.95649719766666,2.014648058900918,302.05524142358416,238.95649719766666
71,43,362.40510611359497,4.238920774122048,0.7100077445745933,301.00888952433337,5.567479541316513,362.40510611359497,301.00888952433337
71,41,380.2443940183936,4.884918210521403,0.7106123368985494,325.423649408,7.678146858685576,380.2443940183936,325.423649408
71,39,397.0877534715426,1.761287309101719,0.7084992540787339,351.8301784303333,2.4769616658672957,397.0877534715426,351.8301784303333
71,38,407.2923703630814,1.9427822804445587,0.7066231147887055,368.9861274713333,3.357160162098694,407.2923703630814,368.9861274713333
71,37,415.70154885911893,1.0758581493425472,0.7057874128168695,384.345574677,1.8967227090726277,415.70154885911893,384.345574677
71,17,468.5112630352474,0.1849809876297047,0.7075330770461069,539.2053143216666,0.7589043921115162,468.5112630352474,539.2053143216666
71,13,468.2431590380096,0.37382015947296454,0.7140605865356553,530.4790426256667,1.1888851889939207,468.2431590380096,530.4790426256667
72,1000000,0.04536228432249748,0.005547394643990204,0.7192768450532945,183.55665402891668,0.338644511332036,0.0,183.55665402891668
72,1000000,0.04536228432249748,0.005547394643990204,0.7192768450532945,183.55665402891668,0.338644511332036,0.04536228432249748,183.55665402891668
72,316227,0.10773151632758687,0.00035326155465960606,0.7203977976588023,181.2071541503333,0.32346465241383754,0.10773151632758687,181.2071541503333
72,100000,0.3178986850264559,0.012399065255989866,0.7210548054081248,178.407180015,0.12127962019302672,0.3178986850264559,178.407180015
72,31622,0.9196088394392481,0.010255647803451215,0.7189461043026893,178.11974359033334,0.06131455928234378,0.9196088394392481,178.11974359033334
72,10000,2.6430017463957944,0.12926774611960898,0.7201078312270475,178.09152546,0.033461772305921254,2.6430017463957944,178.09152546
72,1000,22.291438532095597,0.1103634453255745,0.7200587903600968,175.61368404133336,0.0915174888216258,22.291438532095597,175.61368404133336
72,562,31.84533619340468,,0.7153417000350127,175.46421460033332,0.05460107811228754,31.84533619340468,175.46421460033332
72,421,40.475688664878085,0.04424760107933362,0.7179206069637626,175.416734172,0.0620433388594798,40.475688664878085,175.416734172
72,316,52.828615416272896,0.015626046896832772,0.7216479344770138,174.91119012533332,0.05700610503261878,52.828615416272896,174.91119012533332
72,273,61.228335180992026,0.4342101653433399,0.719170053168891,175.40747544183333,0.05148489580731137,61.228335180992026,175.40747544183333
72,236,71.03663106980487,0.022368997150649446,0.7221313529197895,176.08471547966667,0.004142533546962354,71.03663106980487,176.08471547966667
72,204,81.22740303878578,0.06989344277010298,0.7219257644273465,176.61339643466667,0.002531334068887077,81.22740303878578,176.61339643466667
72,177,96.77358292765814,0.11354779122259824,0.7205784429166385,177.870936303,0.023792126543465145,96.77358292765814,177.870936303
72,153,112.14412790903458,0.15280911119433946,0.7209323936170292,179.11007563766668,0.03496895389455002,112.14412790903458,179.11007563766668
72,115,145.06743965288436,0.4506060254283148,0.7196899750909149,182.87074129333334,0.030490136324912487,145.06743965288436,182.87074129333334
72,100,167.01009580932353,0.9377665902223876,0.7194281776586662,186.20449472866667,0.15849958190029986,167.01009580932353,186.20449472866667
72,86,190.66904180778192,0.7820058446306766,0.7190032977520401,190.70757043933335,0.1568276853768541,190.66904180778192,190.70757043933335
72,74,220.29960803978523,1.1899726899699952,0.7174623554287584,198.22974364533331,0.41841709855520287,220.29960803978523,198.22974364533331
72,68,238.78147270387888,1.3601223220037146,0.7192807771393115,204.5019471956667,0.4478141785041474,238.78147270387888,204.5019471956667
72,63,256.2837236036125,1.8369347226652926,0.7178574807075293,211.66876285933333,0.7512874028730925,256.2837236036125,211.66876285933333
72,60,270.42214429920136,1.1801174525815348,0.7173222612298593,218.63918060866663,0.518488743930515,270.42214429920136,218.63918060866663
72,58,279.1640977035074,0.4791067558958813,0.7159051039854832,223.45635608300003,0.43933373948414306,279.1640977035074,223.45635608300003
72,56,285.3539386919978,0.7636210238343191,0.7163213631193107,227.21316625733334,0.3735442407341531,285.3539386919978,227.21316625733334
72,55,285.28666585315506,3.011837839584519,0.7166374548573003,227.10105195533333,1.8474305067032826,285.28666585315506,227.10105195533333
72,52,302.57439794465256,3.0714646943392627,0.7157871527802413,239.715260995,2.379959173080627,302.57439794465256,239.715260995
72,50,315.7074124144948,4.050401108013604,0.7161678434124052,249.76913180333335,3.666798148506955,315.7074124144948,249.76913180333335
72,48,328.7276446114401,1.9618185967886381,0.7164292570532876,262.589281675,1.6736426348930729,328.7276446114401,262.589281675
72,47,333.56260732015056,3.1120280256971826,0.7161753951476393,266.889399453,3.607375408567167,333.56260732015056,266.889399453
72,45,347.76399201452267,,0.7166177797397675,285.09951612366666,3.3493407893411513,347.76399201452267,285.09951612366666
72,44,357.1132321896726,1.629031135388802,0.7155576918718285,295.248233092,2.339263049370951,357.1132321896726,295.248233092
72,31,461.83563458545666,0.3019439359366551,0.7245250021968728,495.43462963866665,2.22341362053717,461.83563458545666,495.43462963866665
72,22,468.8865017732834,0.057122009810439925,0.7241382940691372,525.8505600383334,1.0586778771332406,468.8865017732834,525.8505600383334
72,10,467.9574554992807,0.06968146635275697,0.7224042211139271,526.2676561473332,0.11983408480021239,467.9574554992807,526.2676561473332
72,7,467.7598611149367,,0.7249654325665991,521.0895448843333,3.862818302389799,467.7598611149367,521.0895448843333
74,1000000,0.060777609905416544,0.06205967184106692,0.7401237943495492,183.85536020054167,0.5622906272752228,0.0,183.85536020054167
74,1000000,0.060777609905416544,0.06205967184106692,0.7401237943495492,183.85536020054167,0.5622906272752228,0.060777609905416544,183.85536020054167
74,562340,0.06449998122470599,,0.7412676097877486,183.137948608,0.08543950928239483,0.06449998122470599,183.137948608
74,100000,0.31482699381824775,0.021481600277070738,0.741284959631213,178.46230709255553,0.12416573526747342,0.31482699381824775,178.46230709255553
74,31622,0.9071944883188762,0.009191127724791647,0.7401814189849498,178.13316559111112,0.07662867075660394,0.9071944883188762,178.13316559111112
74,10000,2.70344495033446,0.06352186179769809,0.738264983037804,178.06338804766665,0.03971378215964542,2.70344495033446,178.06338804766665
74,3162,7.428649931032186,0.052242690607424494,0.7397918006275367,177.556880193,0.04489352670381176,7.428649931032186,177.556880193
74,1778,13.119541019576436,0.06963825980269192,0.7385153338225336,176.68264468633333,0.02052227288585885,13.119541019576436,176.68264468633333
74,1333,17.722693347240284,0.08905010853438822,0.7375168859477205,176.25142127799998,0.010379632696109085,17.722693347240284,176.25142127799998
74,1000,23.314654334520327,0.06003203989196506,0.7378042397678403,175.89220508733334,0.004867870411587937,23.314654334520327,175.89220508733334
74,562,34.159428552072804,0.0936574270997683,0.7387186939488632,175.48684886566664,0.034622446451526095,34.159428552072804,175.48684886566664
74,421,39.96762581232226,0.30494573499312144,0.7437618262006993,175.423914332,0.008795572802521929,39.96762581232226,175.423914332
74,316,52.290919090422214,0.029984872224918687,0.7432343491769112,174.75863365966666,0.01853011826983794,52.290919090422214,174.75863365966666
74,273,60.04079524436706,,0.7382237743580459,176.142466273,1.9401476629660905,60.04079524436706,176.142466273
74,79,207.1789459048414,0.608551077792742,0.7444756502498461,194.54283362833334,0.08904352222878101,207.1789459048414,194.54283362833334
74,68,238.29414402400266,0.8168209669931555,0.7438788838188843,204.18074171699996,0.3515670213721096,238.29414402400266,204.18074171699996
74,63,256.33169504019946,1.4195280058283684,0.7439530340175112,211.619031406,0.4002319424210479,256.33169504019946,211.619031406
74,60,267.6809179506469,1.5659759920294962,0.7439259431973452,216.62579014966664,0.879632571164439,267.6809179506469,216.62579014966664
74,58,278.64273589377854,1.6707063384198053,0.7440634469892228,222.60408974400002,0.5022267865810769,278.64273589377854,222.60408974400002
74,56,282.9449208795865,2.987642622742125,0.7438204380891397,225.07600023566667,1.596284996712277,282.9449208795865,225.07600023566667
74,55,287.281178844328,2.714881785262993,0.7402512135134839,227.58088776233333,1.501722552326463,287.281178844328,227.58088776233333
74,52,303.0893132920734,1.2923161824929288,0.7438081276635075,237.87706023566668,0.12030341869343873,303.0893132920734,237.87706023566668
74,50,311.42414278183645,2.2208955187841046,0.7435137231875751,244.21382745433334,1.7332080003169719,311.42414278183645,244.21382745433334
74,48,325.3329300639569,1.4338172789063546,0.7415560544574579,255.854486325,1.5228925625469971,325.3329300639569,255.854486325
74,47,331.2980762319715,2.4493024866812028,0.7425336681396838,261.24715249266666,2.506311678951302,331.2980762319715,261.24715249266666
74,45,345.1585412590957,3.0287038350718145,0.737141889382424,276.67841866966666,4.027306478150384,345.1585412590957,276.67841866966666
74,44,355.3034704089244,3.543883427390797,0.7404234200289118,287.058881607,4.103702042763113,355.3034704089244,287.058881607
74,43,360.7119892538767,1.5064009924543706,0.7402618750335191,294.0294400156667,2.20378931173132,360.7119892538767,294.0294400156667
74,41,375.57523905608485,1.8416551769740905,0.7384292960980595,313.4000251826667,1.7538337052717372,375.57523905608485,313.4000251826667
74,39,394.18111329817066,2.233140293368477,0.7367144817612425,341.212542559,3.477736847502415,394.18111329817066,341.212542559
74,13,467.7842238337437,0.15888712095171922,0.74390791065172,506.26379756233337,1.743686674519286,467.7842238337437,506.26379756233337
74,1,467.1311461286534,0.08515149428784438,0.7370871979951247,517.8418507746667,1.230580217882874,467.1311461286534,517.8418507746667
74,0,466.93114255222594,0.3335171125159322,0.738894616356219,516.7853299893333,2.6215213278746816,466.93114255222594,516.7853299893333
75,1000000,0.07358639174550484,0.08674042273421681,0.749498423034935,184.20798608683333,1.095089757706164,0.0,184.20798608683333
75,1000000,0.07358639174550484,0.08674042273421681,0.749498423034935,184.20798608683333,1.095089757706164,0.07358639174550484,184.20798608683333
75,100000,0.3124009201498598,0.019590977477899375,0.7493170961241079,178.26470584233334,0.2070221344902377,0.3124009201498598,178.26470584233334
75,31622,0.8874415264465949,0.005998787907592405,0.7496017210021024,178.05607361066666,0.04148902237876696,0.8874415264465949,178.05607361066666
75,5623,4.477952659586709,0.0956880987094365,0.7484725851000777,177.96338876833332,0.045976414162782406,4.477952659586709,177.96338876833332
75,749,27.704817076786554,4.24805121619509,0.7493666379696938,175.555016268,0.09810052176652036,27.704817076786554,175.555016268
75,562,30.037753209018348,0.003444970319157544,0.751874755033543,175.4272395733333,0.04080839253376832,30.037753209018348,175.4272395733333
75,421,39.65488879611263,0.10195997500342846,0.7470229531683341,175.40974954600003,0.07596144792797954,39.65488879611263,175.40974954600003
75,236,69.08666268085183,0.03731033198076902,0.7492642864729162,175.83483829033332,0.04818466272393855,69.08666268085183,175.83483829033332
75,219,73.65856034050671,0.11820330742712933,0.7493216065761071,176.14293404866666,0.020667449765886577,73.65856034050671,176.14293404866666
75,204,78.5981512383824,0.046709130445604416,0.7494205330980567,176.52582016933334,0.027127249129595347,78.5981512383824,176.52582016933334
75,190,88.05845020570331,0.117380703897491,0.7488758797342756,176.94668546366665,0.05438189859287429,88.05845020570331,176.94668546366665
75,177,96.56838424641256,0.24024953961217152,0.7479561471650115,177.66083652466668,0.030598209073592255,96.56838424641256,177.66083652466668
75,133,127.05228357528438,0.08854765480176294,0.7460811717589921,180.57358565799998,0.02926168279794497,127.05228357528438,180.57358565799998
75,123,136.82986017939058,0.16140530726514607,0.7463140661104611,181.60579210466668,0.07707010480038737,136.82986017939058,181.60579210466668
75,115,143.52022445459872,1.5017550135324091,0.7473174096293379,182.6036200133333,0.17558066375641107,143.52022445459872,182.6036200133333
75,100,165.32839707321622,0.7769922660596446,0.7466675312910459,185.87188236366669,0.08032007846171,165.32839707321622,185.87188236366669
75,86,191.69774621788753,0.6724263871876757,0.7454179068704402,190.86730041500002,0.1386203882569416,191.69774621788753,190.86730041500002
75,74,217.67773939005173,1.4785258585803238,0.746082069316498,197.60365935533332,0.6068535137949681,217.67773939005173,197.60365935533332
77,1000000,0.046822235404968174,0.014299583354394551,0.7714607845622646,184.19512101633333,0.0988322411051725,0.0,184.19512101633333
77,1000000,0.046822235404968174,0.014299583354394551,0.7714607845622646,184.19512101633333,0.0988322411051725,0.046822235404968174,184.19512101633333
77,177827,0.16882173927843436,,0.7705560376727639,180.953563687,0.27512588586044084,0.16882173927843436,180.953563687
77,100000,0.2943475160168794,0.0032622757871348697,0.7695507275804233,178.61263161333332,0.22041000759264062,0.2943475160168794,178.61263161333332
77,10000,2.553854469994302,0.04593449737901643,0.7686140286177396,178.074548356,0.023697488651539745,2.553854469994302,178.074548356
77,5623,4.330543413692023,0.1519463846515518,0.7685988444845532,177.87052855933334,0.017896818563050976,4.330543413692023,177.87052855933334
77,3162,7.0334393088618254,0.1573962814671807,0.7717498209914816,177.70361055,0.04744896782356231,7.0334393088618254,177.70361055
77,1778,12.30613342096224,0.11735132022915369,0.7696450136026455,177.595103474,1.2031407957032392,12.30613342096224,177.595103474
77,1000,21.8954594710807,0.08135500385905316,0.7691630908379808,176.004377711,0.017997693016591574,21.8954594710807,176.004377711
77,562,32.817762722732986,,0.7720785091311376,175.54946483566667,0.030862110437665582,32.817762722732986,175.54946483566667
77,522,33.96218341175961,0.39961037001073557,0.7686991372085146,175.37611439933335,0.02068994542204901,33.96218341175961,175.37611439933335
77,364,45.48753960815365,0.013293838484261248,0.7717311514221968,174.8667393943333,0.03589291870026218,45.48753960815365,174.8667393943333
77,316,51.96078897160661,0.11060541255142897,0.7706555295144911,174.52318832799997,0.0897125752545952,51.96078897160661,174.52318832799997
77,236,69.58629940378393,,0.7741391096349166,175.515740603,0.027514450458281405,69.58629940378393,175.515740603
77,219,74.35325467025291,0.24071096659704583,0.7744249432474214,175.84154690433334,0.03873548429037081,74.35325467025291,175.84154690433334
77,190,88.45982223817795,0.06548670311080865,0.7725736392343315,176.75504365933332,0.038606708631067445,88.45982223817795,176.75504365933332
77,177,95.39789325550657,0.15446687194860767,0.774459533083823,177.2937085673333,0.06421399133376372,95.39789325550657,177.2937085673333
77,133,125.52434942934751,0.1567746333455345,0.7732293490679156,180.05213353500002,0.018969727644782157,125.52434942934751,180.05213353500002
77,115,143.4076254889255,0.8221410968603382,0.7718755150847163,182.245984525,0.07813915925647688,143.4076254889255,182.245984525
77,100,163.6712624476195,1.2902521527493016,0.7740213878239408,185.35251734466667,0.11175704431925228,163.6712624476195,185.35251734466667
77,86,188.99739959395592,1.320888490235908,0.7712426717560453,190.00754209733336,0.2391534162226006,188.99739959395592,190.00754209733336
77,74,220.23870205602142,1.5959990066922223,0.7729529711991489,197.78834265833333,0.4885056031525816,220.23870205602142,197.78834265833333
77,68,236.58277188973173,1.3864449613813385,0.7715840258685485,203.72910630966666,0.3969219808004542,236.58277188973173,203.72910630966666
77,63,253.06723303547588,1.030736059472347,0.7697929035967728,209.77200653533336,0.4033642819502609,253.06723303547588,209.77200653533336
77,60,266.4593812852157,1.162874808828332,0.7706951069126523,215.87575594033333,0.5696051382494077,266.4593812852157,215.87575594033333
77,58,277.6659618059186,1.6384869736843684,0.7727551563743472,221.485453356,1.0046701334292496,277.6659618059186,221.485453356
77,56,278.6195924103152,3.0576417482998655,0.7675135127937258,222.13990311833334,1.3495828266680092,278.6195924103152,222.13990311833334
77,55,284.270010056996,3.1088520260142816,0.771047269678755,224.99290196433333,1.7042335871020322,284.270010056996,224.99290196433333
77,52,298.9672787392922,4.381711079662697,0.7709303487744025,233.72014533666666,2.824411718299196,298.9672787392922,233.72014533666666
77,50,310.65797271897026,1.772671410848741,0.7722849050473655,241.36075917533333,1.5557659921390907,310.65797271897026,241.36075917533333
77,48,326.4147544596523,2.4430815471924867,0.7717958441968688,254.08404646333335,1.8325055897194331,326.4147544596523,254.08404646333335
77,47,329.5220150606965,3.6720097969090832,0.7695727852787068,257.41448523633335,3.2103090551568525,329.5220150606965,257.41448523633335
77,45,347.2729474561722,1.550864793792308,0.7702301445694345,273.7000862853333,1.2619690186201653,347.2729474561722,273.7000862853333
77,44,350.6952599854406,1.495716818608699,0.7698194495214649,277.5288093076667,1.7628130291335604,350.6952599854406,277.5288093076667
77,43,358.7060575467638,1.4091315827733084,0.7694039090751253,285.8858973993333,1.4357168578734893,358.7060575467638,285.8858973993333
77,41,375.29434688003965,2.345537773877427,0.7685870592579578,305.95786927800003,1.6175826126808694,375.29434688003965,305.95786927800003
77,17,467.72183437372166,,0.7685814856546445,491.83912695866667,1.0745627897185668,467.72183437372166,491.83912695866667
77,0,467.0487858362082,0.6490012003781698,0.7688322349007185,495.7832987456666,3.092174441310095,467.0487858362082,495.7832987456666
78,1000000,0.05524573603675974,0.022126317464765573,0.7783718981896287,184.08975906988888,1.1318261560640972,0.0,184.08975906988888
78,1000000,0.05524573603675974,0.022126317464765573,0.7783718981896287,184.08975906988888,1.1318261560640972,0.05524573603675974,184.08975906988888
78,31622,0.86422233263734,,0.7752543308554826,178.05371474033333,0.034565016244432055,0.86422233263734,178.05371474033333
78,17782,1.4527805907548421,,0.7844299297049819,178.11751986666664,0.054182604605316834,1.4527805907548421,178.11751986666664
78,10000,2.4557371538967905,0.026695178220405777,0.7801229278117342,178.05208358433333,0.07435800876101446,2.4557371538967905,178.05208358433333
78,3162,6.75226673568677,0.06165222127608006,0.7823706598956686,177.61186574733333,0.08294429008573259,6.75226673568677,177.61186574733333
78,1778,12.135665537695635,0.09635683122590863,0.7828187952802924,176.870798981,0.0744601726021988,12.135665537695635,176.870798981
78,1000,21.357459539507506,0.11777559289804555,0.7821753883629348,176.01435067266667,0.024790558016698994,21.357459539507506,176.01435067266667
78,486,34.18408134701727,0.08700570178279747,0.7794760869090186,175.38528542633333,0.04324852276197959,34.18408134701727,175.38528542633333
78,421,39.14323346389531,0.15145909183894996,0.7812634855418175,175.34156950966667,0.015771560455825492,39.14323346389531,175.34156950966667
78,204,79.16067248119718,0.12890049841824486,0.775142430683891,176.14096222466665,0.07906589056054325,79.16067248119718,176.14096222466665
78,153,109.87789600272818,0.058352589044906734,0.7756391418193959,178.49628616766665,0.0850607573677969,109.87789600272818,178.49628616766665
78,100,162.01868770017364,0.6567896434887547,0.7803183276763002,185.19283726566667,0.17537745984937722,162.01868770017364,185.19283726566667
79,1000000,0.058267292738524566,0.024351652753346144,0.7915134667308156,183.82893828516669,0.2704451378670607,0.0,183.82893828516669
79,1000000,0.058267292738524566,0.024351652753346144,0.7915134667308156,183.82893828516669,0.2704451378670607,0.058267292738524566,183.82893828516669
79,316227,0.1315372540512659,0.06437135053603076,0.7907161268091831,182.7116028226667,0.5174300714398371,0.1315372540512659,182.7116028226667
79,100000,0.3114191194005948,0.0425132375109194,0.7920971514995123,178.81936877433336,0.024813031016212517,0.3114191194005948,178.81936877433336
79,31622,0.8528667151802035,0.003449741921102631,0.7877533370700815,178.018172535,0.05172511824945125,0.8528667151802035,178.018172535
79,5623,3.8491905967653914,0.1375893538833054,0.7887288866111148,178.07543489933335,0.04957682989668716,3.8491905967653914,178.07543489933335
79,3162,6.74133498447532,0.12652016322509138,0.7886549406667215,177.75633647566667,0.023474643464460584,6.74133498447532,177.75633647566667
79,1778,11.884406554830695,0.029224647010979786,0.7864908403297495,177.02909447800002,0.051098661587239844,11.884406554830695,177.02909447800002
79,1000,21.09264732841756,0.046589309523490365,0.7878348999166421,176.11112709933332,0.026750416447204297,21.09264732841756,176.11112709933332
79,486,33.8613419876492,0.025565404323795102,0.79186932544983,175.33545001233333,0.06558848163141212,33.8613419876492,175.33545001233333
79,452,36.1570345356456,0.00962251229042849,0.7881698534676823,175.30258761033335,0.011704983186901755,36.1570345356456,175.30258761033335
79,421,38.950462048601906,0.5750919039441785,0.7899465028973802,175.33845826333334,0.055965726477277274,38.950462048601906,175.33845826333334
79,364,44.17442246655858,0.03588792319395256,0.7929140504149982,174.81280147400003,0.032926815874107465,44.17442246655858,174.81280147400003
79,316,51.34617768704304,0.2833771259550502,0.790751066856252,174.44562482133335,0.04773194932312399,51.34617768704304,174.44562482133335
79,273,59.876972756620205,0.17532129287480192,0.7890712340264893,174.92874092733334,0.05752225725534687,59.876972756620205,174.92874092733334
79,74,215.8185554118147,1.053718209805494,0.7858434579568943,196.48933597433333,0.37778182084648765,215.8185554118147,196.48933597433333
79,63,255.88011293619493,,0.794858483990073,210.42064009166666,0.3581272382948376,255.88011293619493,210.42064009166666
79,58,272.48174931952286,0.5429233535439505,0.794152570636181,218.12351419666666,0.21048320459422812,272.48174931952286,218.12351419666666
79,53,293.36030175774704,1.8528855883271427,0.793856882016517,228.3321952376667,0.7695437407397502,293.36030175774704,228.3321952376667
79,48,323.57987926837933,0.9303450921687835,0.7923566989719585,248.80778376933335,0.8934578801514855,323.57987926837933,248.80778376933335
79,44,347.23559771940165,,0.7946829522333425,269.76656935933335,0.7071480731757319,347.23559771940165,269.76656935933335
79,43,357.3376086562946,0.33541823661607906,0.7942649204409441,279.969554547,0.5351071223265904,357.3376086562946,279.969554547
79,41,372.9784212850097,0.47375637527916686,0.7904409090017949,297.8391153513333,0.9150968414932624,372.9784212850097,297.8391153513333
79,39,388.2394747593675,1.677222733983673,0.7918750239944868,318.13144302666666,2.0501811002802786,388.2394747593675,318.13144302666666
79,38,399.16166034595,3.2668206615972792,0.7897867205150092,333.3493772696667,3.9943568673202052,399.16166034595,333.3493772696667
79,37,407.5791807710557,0.989357405947728,0.7882421923613526,346.40755903300004,1.803421030777966,407.5791807710557,346.40755903300004
79,1,465.5595154807128,,0.7934720790072063,474.4861476226667,2.1802664336317505,465.5595154807128,474.4861476226667
80,100000,0.34695829972569736,0.09408957184924854,0.7981100849387167,178.77938519249997,0.10515348460364715,0.0,178.77938519249997
80,100000,0.34695829972569736,0.09408957184924854,0.7981100849387167,178.77938519249997,0.10515348460364715,0.34695829972569736,178.77938519249997
80,31622,0.8339481940434424,0.0041889718353946784,0.80168961355847,178.03557639466666,0.0031714780495159696,0.8339481940434424,178.03557639466666
80,10000,2.4412792808322323,,0.7956081391155211,178.09432509833334,0.017801520789076587,2.4412792808322323,178.09432509833334
80,3162,6.478603937224257,0.02400056928829638,0.8011133115728258,177.75637325,0.030289547169159253,6.478603937224257,177.75637325
80,1778,11.42176276869553,0.13745127494074585,0.8001526871914879,177.03240095066667,0.01989117532218711,11.42176276869553,177.03240095066667
80,1000,20.38610209237356,0.10305491736589147,0.8027786248955581,176.13899802066666,0.07041856733965085,20.38610209237356,176.13899802066666
80,562,31.156766783357273,0.06817859117016656,0.8001244768164893,175.451109749,0.05320344807941398,31.156766783357273,175.451109749
80,421,38.59797760540149,0.17020168315355758,0.8014304927877876,175.76322139483332,0.9048235902498769,38.59797760540149,175.76322139483332
80,316,51.26640394783166,,0.7986580216557404,174.58100383266665,0.0506056941919227,51.26640394783166,174.58100383266665
80,273,59.221894697124945,0.08179791363707796,0.7993721341319843,174.90885322333335,0.011823943003956781,59.221894697124945,174.90885322333335
80,236,68.50940193041811,0.6086774921538906,0.8004354601150131,175.52969160966666,0.08435532870013239,68.50940193041811,175.52969160966666
80,219,73.69049564626035,0.11915582828246714,0.7985723907206012,175.68295033366667,0.07059135964975909,73.69049564626035,175.68295033366667
80,204,78.46300154740412,0.06899775775112059,0.7992693575220025,176.03138616,0.06478092450760194,78.46300154740412,176.03138616
80,190,88.32127290586362,0.1496972193417515,0.7985687131158499,176.56835805466667,0.045938245867160624,88.32127290586362,176.56835805466667
80,177,94.97146684216496,0.020126568190803946,0.799918590709242,177.130733752,0.015457176615169904,94.97146684216496,177.130733752
80,133,125.2384286185005,0.05753241605873832,0.7989197454178614,179.9294647846667,0.05783420430366393,125.2384286185005,179.9294647846667
80,115,142.00788699070108,0.30969996930682425,0.7992049320891552,181.93390899333335,0.04130030741866676,142.00788699070108,181.93390899333335
80,92,174.8779287999346,2.0398809112567062,0.7982316064106963,187.05119138733335,0.39467268814448314,174.8779287999346,187.05119138733335
80,86,189.2605867543324,0.2759331060074618,0.7984245619009442,189.89607007966666,0.07185536189064506,189.2605867543324,189.89607007966666
80,79,203.57934419865626,0.6965805502203067,0.7980432794962128,193.27119796833335,0.3028067361213681,203.57934419865626,193.27119796833335
80,68,235.39933093499806,1.704061095356918,0.7962868501909837,202.53830348199998,0.4700642187553613,235.39933093499806,202.53830348199998
80,55,285.2315443383662,0.9787067843324785,0.7960541827700593,224.13179846666665,0.5175386385784223,285.2315443383662,224.13179846666665
80,52,303.1096537582157,0.22868483461533765,0.7966630805926126,233.79669783833333,1.7484870933550396,303.1096537582157,233.79669783833333
80,50,309.35546747657173,5.193279121561615,0.7984307880874848,238.47826050333333,3.612536953294514,309.35546747657173,238.47826050333333
80,47,329.48173836618435,2.341166339681382,0.7959210948482228,253.3790906083333,1.7406540576759528,329.48173836618435,253.3790906083333
80,45,343.9921555505387,1.4658540054563005,0.7957310961157384,265.892778171,1.0896796621188234,343.9921555505387,265.892778171
80,32,453.2136583256907,0.020877072951646702,0.8039989586593368,425.8200643823333,4.967363818316104,453.2136583256907,425.8200643823333
80,31,458.3106150873702,1.5168995342479024,0.8035724472077614,443.58782794833337,3.045131719799229,458.3106150873702,443.58782794833337
80,17,466.585461382088,0.27682880287344797,0.7960429229184577,472.2299347333333,2.0800304765992603,466.585461382088,472.2299347333333
80,13,465.34623140923685,0.8505548995081919,0.8044684878604751,464.26611722,0.9115758015339058,465.34623140923685,464.26611722
80,0,466.27135322610013,0.9458781801912985,0.7968340472003018,475.135171521,2.4174454717053937,466.27135322610013,475.135171521
82,1000000,0.1024723444385898,0.005072682894393816,0.8213975504875515,183.4656476785,0.4247712229456485,0.1024723444385898,183.4656476785
82,542467,0.05479466335924103,,0.8194687192545865,183.03848379166666,0.07085232536855275,0.0,183.03848379166666
82,542467,0.05479466335924103,,0.8194687192545865,183.03848379166666,0.07085232536855275,0.05479466335924103,183.03848379166666
82,177827,0.16527309909532292,,0.821200251035907,181.00678382433333,0.03098775128953648,0.16527309909532292,181.00678382433333
82,31622,0.8075704930571898,0.01316171664299422,0.8187421912748096,178.4734801268889,0.8656501034269134,0.8075704930571898,178.4734801268889
82,10000,2.409782786473007,0.014247789897542175,0.8164546599261273,178.10439673300002,0.04710455054934626,2.409782786473007,178.10439673300002
82,5623,3.630493526079222,0.09850645993386069,0.8169020480006374,178.08937968433335,0.022969330569496148,3.630493526079222,178.08937968433335
82,3162,6.3037368838638015,0.04538953571534888,0.8153523095494798,177.78815547533335,0.07593841065201934,6.3037368838638015,177.78815547533335
82,316,50.29102908688305,0.44267454041920223,0.8193900739462028,174.6663903825,0.1967934959523017,50.29102908688305,174.6663903825
82,273,58.92546235326639,0.13497223187130156,0.8192685233702557,174.73827562766667,0.053422628425630364,58.92546235326639,174.73827562766667
82,204,78.16727493766211,0.7826830777224102,0.8198315186642956,175.86000970033334,0.03629447305815522,78.16727493766211,175.86000970033334
82,190,86.63577414299334,0.06489190894632549,0.8222090628221072,176.34455867066666,0.030087010686833074,86.63577414299334,176.34455867066666
82,177,93.67805927728388,0.21380089842959232,0.8218603921298607,176.90074137499997,0.04082118755339267,93.67805927728388,176.90074137499997
82,133,123.49676275401242,0.15179106761130556,0.8215588265446607,179.48964310300002,0.02892716045272738,123.49676275401242,179.48964310300002
82,115,140.6710797509899,0.6467545638364446,0.8220671825184994,181.50995712866666,0.13357448891464724,140.6710797509899,181.50995712866666
82,100,160.77074416233154,1.39360042192962,0.8204542087255406,184.5214630513333,0.23159025340877187,160.77074416233154,184.5214630513333
82,86,186.07393519107316,1.3591676471445442,0.8212169669194394,189.031065553,0.3098211657105937,186.07393519107316,189.031065553
82,74,215.13518810247092,1.2995597476010738,0.8181476877259181,195.98333347999997,0.42751048718603113,215.13518810247092,195.98333347999997
82,68,232.79061738045002,1.2449331133546993,0.8185023626077911,201.39952052066667,0.34387436391891524,232.79061738045002,201.39952052066667
82,63,252.20428121623888,0.4498033706942328,0.8175320330705539,208.59638925366667,0.1208833561213686,252.20428121623888,208.59638925366667
82,58,270.7390218749513,2.7890498759119184,0.8161292965093768,216.36943671433335,1.3237879908535284,270.7390218749513,216.36943671433335
82,55,282.6082985513095,0.9404879320466697,0.8168871280472684,221.952896054,0.26583768929354745,282.6082985513095,221.952896054
82,53,291.8493013680689,1.1366869619077453,0.8160269075505515,226.70422125633334,0.3080790534784317,291.8493013680689,226.70422125633334
82,52,296.27630654665495,0.5419081260266272,0.8167934052335685,229.32342965633333,0.277196579109086,296.27630654665495,229.32342965633333
82,41,369.5895040087374,,0.8160482361373929,290.260499256,4.97621954605635,369.5895040087374,290.260499256
82,17,465.69527083569966,0.7627408822801863,0.8217751359532147,455.27347360566665,0.9518236356140547,465.69527083569966,455.27347360566665
82,1,463.97649175267856,0.29851723235613636,0.8209507983884506,456.2221022356666,0.40686719342745964,463.97649175267856,456.2221022356666
82,0,464.41178501912435,0.8355315712000242,0.8219557915121528,457.92279798733335,3.568995605328264,464.41178501912435,457.92279798733335
84,100000,0.2823076552106869,0.023370329932589133,0.8396280088878344,178.98974381641665,0.11829948823282538,0.0,178.98974381641665
84,100000,0.2823076552106869,0.023370329932589133,0.8396280088878344,178.98974381641665,0.11829948823282538,0.2823076552106869,178.98974381641665
84,56233,0.46424004429409627,,0.8367274825339978,178.81403830733333,1.0745632131213028,0.46424004429409627,178.81403830733333
84,31622,0.7804121624232586,0.009468491636407343,0.8404042651509086,178.11817011633332,0.050586878743576175,0.7804121624232586,178.11817011633332
84,1778,10.808523911293355,0.09292786763279662,0.8446480029812987,177.33309836466665,0.035245774322062245,10.808523911293355,177.33309836466665
84,1000,19.327498870335656,0.06371129238377267,0.8445319407297309,176.37622424433334,0.06656295138676731,19.327498870335656,176.37622424433334
84,421,37.66638389760254,0.1163810237785658,0.840997017287374,175.51711720966668,0.025687806050488985,37.66638389760254,175.51711720966668
84,236,67.86590658022291,0.4904150777800463,0.8369932359175756,175.46613256266667,0.045459875504536756,67.86590658022291,175.46613256266667
84,196,81.43386214284408,0.10411601322519945,0.8368414368303745,175.957511552,0.06086760020695517,81.43386214284408,175.957511552
84,192,82.96117620760542,0.1420941214933393,0.8373465164417061,175.984971209,0.02944918858994082,82.96117620760542,175.984971209
84,183,90.25716222541519,0.046155983221341915,0.8400387689695132,176.41578506966667,0.031351387158371824,90.25716222541519,176.41578506966667
84,177,92.98608741222138,0.1576349384693262,0.8416947746344686,176.64904812533334,0.03779409303280351,92.98608741222138,176.64904812533334
84,164,100.87753053008682,0.19840098691859348,0.8428829676319438,177.14211895566666,0.019179772330222136,100.87753053008682,177.14211895566666
84,153,107.56812278011346,0.1255585450387483,0.838193754499561,177.77406398666668,0.03459878949605947,107.56812278011346,177.77406398666668
84,142,115.56317793076518,0.3503015375567342,0.8425099953504849,178.38860339766666,0.04896270479254705,115.56317793076518,178.38860339766666
84,133,123.72135873323225,0.9340634970083872,0.8424574994696873,179.27226330066665,0.05526987879626591,123.72135873323225,179.27226330066665
84,115,141.14785658693887,0.7314528778051964,0.8434737042633222,181.34956066133336,0.21931851347764406,141.14785658693887,181.34956066133336
84,100,160.63490216544986,0.08974203453404775,0.8435235484705946,184.179839127,0.029765339907982892,160.63490216544986,184.179839127
84,55,278.49949691828573,1.4007206606595126,0.8399730321882798,219.01867177466667,0.5643648586567123,278.49949691828573,219.01867177466667
84,10,463.5005922331881,0.45451872977574065,0.8412394141582759,442.38998571266666,2.0158678517588915,463.5005922331881,442.38998571266666
84,1,464.0041028318623,0.9621165427411277,0.8391456073583106,446.6609093273333,1.7148571949270843,464.0041028318623,446.6609093273333
84,0,464.0598404609616,0.457676480736107,0.8383493805157518,446.902839586,1.1323074763957552,464.0598404609616,446.902839586
86,31622,0.7480191900361247,0.005589237447184481,0.8597181422558289,178.11143916633333,0.09764886535149135,0.0,178.11143916633333
86,31622,0.7480191900361247,0.005589237447184481,0.8597181422558289,178.11143916633333,0.09764886535149135,0.7480191900361247,178.11143916633333
86,10000,2.194848254477862,0.04005345023542729,0.8594736821865707,178.11312613966666,0.07959915758691684,2.194848254477862,178.11312613966666
86,3162,5.850894862771315,0.08572786815033298,0.8622640498164658,177.80126060300003,0.02990151024725238,5.850894862771315,177.80126060300003
86,1778,10.587294638428208,0.08656081675358437,0.8609604493099977,177.32657411533333,0.04116217512541838,10.587294638428208,177.32657411533333
86,1000,18.915989488402086,0.17461308971607412,0.8613473368558013,176.39491616533334,0.03429503551720777,18.915989488402086,176.39491616533334
86,421,37.13526691059058,0.17567737712198878,0.8605237775239208,175.51652689716664,0.08299533083876548,37.13526691059058,175.51652689716664
86,364,42.611732843178025,0.11051936985533803,0.8601070674649257,174.88792178633332,0.05329894145101509,42.611732843178025,174.88792178633332
86,273,57.00589347406598,0.25465088160046884,0.8574369881863954,174.85487984716667,0.053557702025704416,57.00589347406598,174.85487984716667
86,236,65.44409783041901,0.013063763649910031,0.8586950041450105,175.26142553466664,0.02112372013304567,65.44409783041901,175.26142553466664
86,204,77.5565920473919,0.11490635437698106,0.8585295660855713,175.75614633933333,0.019511135973150146,77.5565920473919,175.75614633933333
86,177,91.8186451575764,0.31184683193472756,0.85910409606554,176.54025565233334,0.06479512591966503,91.8186451575764,176.54025565233334
86,153,106.70122754974646,,0.8567513502401675,177.53859064633332,0.011102835627949148,106.70122754974646,177.53859064633332
86,133,122.31125696622011,0.08794828283081904,0.8611102547599101,178.91503616766667,0.03845245462759589,122.31125696622011,178.91503616766667
86,100,162.30979205869974,0.18156160839739396,0.8626061784118049,184.285520226,0.05508888863888489,162.30979205869974,184.285520226
86,92,172.4474412545575,0.23489107088696462,0.8623996537108809,187.28864611433335,1.1714870785342124,172.4474412545575,187.28864611433335
86,86,183.56177361711667,,0.8644743437047717,187.83211025766664,0.18154356380045397,183.56177361711667,187.83211025766664
86,82,191.08074654070018,1.162080292827192,0.8561992061725645,189.51289590000002,0.15786437503072542,191.08074654070018,189.51289590000002
86,79,199.2754568150613,1.5647559756257707,0.8610629720678187,192.68073213533333,1.408449304883211,199.2754568150613,192.68073213533333
86,74,213.72147111325629,1.4220430671720932,0.8640884841596702,194.766415932,0.5567274017891661,213.72147111325629,194.766415932
86,68,229.01088397243112,0.5130117494715816,0.8637916221906643,199.94419965400002,1.262245129963871,229.01088397243112,199.94419965400002
86,63,248.22685000075674,1.8075537699710047,0.8623120944940563,205.92596601699998,0.7332202955988875,248.22685000075674,205.92596601699998
86,58,268.15771221720763,1.5184959409927752,0.8602554285109237,214.24688490366668,1.6885173669185478,268.15771221720763,214.24688490366668
86,55,280.08282533435096,1.3521671669699808,0.8618980837227044,218.509084576,0.7811249019462086,280.08282533435096,218.509084576
86,52,294.08618807017496,1.0740349647072003,0.8613079786843567,226.42543878433335,0.6741775891997448,294.08618807017496,226.42543878433335
86,50,305.04338946606504,4.381329648402216,0.8615037408561607,231.08837355,2.165242956901803,305.04338946606504,231.08837355
86,47,324.6319109986694,3.9668780268752566,0.8616764830500075,241.87690789866667,2.7250208245089853,324.6319109986694,241.87690789866667
86,44,344.44829540613046,1.6456063209802534,0.8615183189556769,256.91185907766663,1.3679414699935322,344.44829540613046,256.91185907766663
86,43,351.07818053562454,2.609476087819216,0.8594315734484278,261.245763267,2.2812094312048883,351.07818053562454,261.245763267
86,41,366.60923115376517,0.17145679017300464,0.8577833334660857,275.81147200333334,0.8560145393176739,366.60923115376517,275.81147200333334
86,38,392.96603953877394,3.5315140462806207,0.8570527643164881,304.96496637266665,4.556944308084235,392.96603953877394,304.96496637266665
86,37,404.85703059508313,1.7999310980108532,0.8571652615527356,320.268840733,2.0407580998721335,404.85703059508313,320.268840733
86,35,422.89610987241224,0.06050891888473316,0.8573567225659793,348.005044153,1.1291599153166054,422.89610987241224,348.005044153
86,33,439.006692150082,3.0332895472419605,0.8550909713952641,382.0402781386667,7.400014050209897,439.006692150082,382.0402781386667
86,22,464.65063061431874,0.19698068401792698,0.8615975117154427,431.984232587,1.0732145158613655,464.65063061431874,431.984232587
86,3,461.42290714164756,0.925447130779172,0.8619203519991722,428.4568877603333,1.825622600076936,461.42290714164756,428.4568877603333
86,1,462.2943819126155,0.5034336678522932,0.8608006730930079,429.51733579566667,1.1913939112834835,462.2943819126155,429.51733579566667
86,0,461.80944794102584,0.1100159379354626,0.8596053696334608,429.715164431,0.3068465809156134,461.80944794102584,429.715164431
87,316227,0.18776018733347538,0.13855140529634,0.8729359102641943,181.64632951,0.05267562593920772,0.18776018733347538,181.64632951
87,177827,0.14956463335195802,,0.8675289768439617,181.259823145,0.1553739539467813,0.0,181.259823145
87,177827,0.14956463335195802,,0.8675289768439617,181.259823145,0.1553739539467813,0.14956463335195802,181.259823145
87,100000,0.27490015911687865,0.024360549481077434,0.8692674392842106,179.68603103399997,0.052234826141263214,0.27490015911687865,179.68603103399997
87,562,30.389089119569707,,0.8682099175376431,175.86424194533333,0.047945867946294074,30.389089119569707,175.86424194533333
87,316,48.40375552622394,0.05225695715273291,0.8705639975148408,174.63216796266667,0.07188855068385935,48.40375552622394,174.63216796266667
87,219,70.0745522719942,,0.8715450699949716,175.27869777066667,0.0504166102663017,70.0745522719942,175.27869777066667
87,204,75.09833809941613,0.13678203751333215,0.8702365413590829,175.61310355700002,0.06041841108880281,75.09833809941613,175.61310355700002
87,177,91.45414970084082,0.20176547663206418,0.8686484795789403,176.41621445866667,0.05215453143217285,91.45414970084082,176.41621445866667
87,133,121.1761913715615,0.2537265003775808,0.8675581290457773,178.85494411733336,0.057866611477167436,121.1761913715615,178.85494411733336
87,115,139.6141025113784,2.7484343490584857,0.8655678661493224,181.23300737450003,0.9702497773347096,139.6141025113784,181.23300737450003
87,92,171.6320875368847,0.5694478752791895,0.8729315679587537,185.72898283633333,0.13759469531705584,171.6320875368847,185.72898283633333
87,74,211.9731955075124,1.7124459736687487,0.8725858534108394,194.239475728,0.4147074101249801,211.9731955075124,194.239475728
87,68,226.38561723261182,0.7499677629372902,0.874108263188601,198.18075492833336,0.5908781162295496,226.38561723261182,198.18075492833336
87,47,320.81883898158327,0.9814618041584132,0.8685059769367335,238.42380956600002,0.5945765763351076,320.81883898158327,238.42380956600002
87,35,418.8190705181548,0.8477328352924841,0.8686396028365269,335.1597135943333,1.2906111063963204,418.8190705181548,335.1597135943333
87,32,448.5972659579462,,0.874445985907909,385.81979777,1.9182016700989288,448.5972659579462,385.81979777
87,19,463.9288500463327,0.5614395313088519,0.8654218927196901,428.59904767200004,2.16067828812621,463.9288500463327,428.59904767200004
87,17,462.58825031425494,0.450878643764493,0.8729730618403032,422.03961530533326,3.158123619540769,462.58825031425494,422.03961530533326
87,10,461.1258471556724,0.9298477447393975,0.8674085589504577,423.6980599976667,2.6683421347955836,461.1258471556724,423.6980599976667
87,1,462.0132519013983,,0.8743852725706007,420.2982023283334,2.358407689956528,462.0132519013983,420.2982023283334
87,0,461.29198994909535,0.029836414087255788,0.8737243713484646,420.94504814500004,0.8660543656509904,461.29198994909535,420.94504814500004
88,316227,0.08497950688177892,,0.8800325365850018,184.02857437633335,0.11427261360039202,0.0,184.02857437633335
88,316227,0.08497950688177892,,0.8800325365850018,184.02857437633335,0.11427261360039202,0.08497950688177892,184.02857437633335
88,100000,0.2645008563635844,0.013514106524057061,0.8803341642145348,179.39149681266667,0.03991802269288376,0.2645008563635844,179.39149681266667
88,10000,2.1301512492570644,0.024738105427121675,0.8773287989122189,178.0762396276667,0.0637569381454483,2.1301512492570644,178.0762396276667
88,3162,5.7910015020757095,0.20195645250632313,0.8771638417474882,177.93304414933334,0.029843887898778957,5.7910015020757095,177.93304414933334
88,1778,10.172712682446567,0.051387164258716075,0.8781816173561473,177.43423540433332,0.06299202471284614,10.172712682446567,177.43423540433332
88,1000,18.259789342245387,0.015510445111078908,0.8783563861891541,176.630343368,0.021706994997017306,18.259789342245387,176.630343368
88,562,30.882587831504043,0.0901093840745767,0.8797565841248245,175.78128124266667,0.08519659762467893,30.882587831504043,175.78128124266667
88,486,32.103531353275024,0.03265085726825872,0.8841665179960029,175.61785405166665,0.03933383170270224,32.103531353275024,175.61785405166665
88,421,36.60209351916037,0.02791041119873841,0.882876146259397,175.55532728633332,0.048320068047023906,36.60209351916037,175.55532728633332
88,273,56.29971319412648,0.029172737933709413,0.8761502970024132,174.81669704466665,0.026517624922690594,56.29971319412648,174.81669704466665
88,236,65.9326054162385,0.11611833103811323,0.8816354416640356,175.14156124800002,0.05906330469557923,65.9326054162385,175.14156124800002
88,190,83.56137663464035,0.10455176151265327,0.8845944706334996,175.80475747166668,0.006366342207485474,83.56137663464035,175.80475747166668
88,177,89.41283493003509,0.42353243247740285,0.8800378213927099,176.2944316208333,0.037537444942207294,89.41283493003509,176.2944316208333
88,133,119.65512215631007,0.2894351072343662,0.8802965738081169,178.661991286,0.08549918848781202,119.65512215631007,178.661991286
88,115,136.88618074276226,1.4978194103695783,0.8824611609080858,180.4821824385,0.1640190584049889,136.88618074276226,180.4821824385
88,100,157.76913974086384,0.6700127325629486,0.879629921868088,183.36513640166666,0.16863878855067135,157.76913974086384,183.36513640166666
88,86,183.45344982440946,1.5897272105591773,0.877137962611509,187.682416077,0.23722501593935927,183.45344982440946,187.682416077
88,82,190.16979365021612,1.0585839059883755,0.8777109221277954,189.25552570800002,0.28202889311909884,190.16979365021612,189.25552570800002
88,79,197.66050143235236,1.0964038140066248,0.8798825851768987,190.67576843833334,0.2406517038488956,197.66050143235236,190.67576843833334
88,68,229.1737367880578,3.539978423844904,0.8780952902896901,199.61776291766668,0.27736001175795155,229.1737367880578,199.61776291766668
88,63,246.54871899954128,2.4293159223087324,0.8802796423538427,204.82223657199998,0.9317871248181536,246.54871899954128,204.82223657199998
88,58,266.4425339019267,0.3388397255956534,0.8793794736307751,212.38358460266667,0.1461675919075379,266.4425339019267,212.38358460266667
88,56,267.25603561682755,0.3158612904159938,0.8791420120165018,212.71155718466665,0.07231551233572853,267.25603561682755,212.71155718466665
88,52,292.98164319945863,1.6220748181369855,0.8795669892068411,223.54456280933334,0.7224493405138006,292.98164319945863,223.54456280933334
88,50,302.95920882954283,1.246214299845544,0.8796441133643776,228.32793466566667,0.23005262142834731,302.95920882954283,228.32793466566667
88,48,319.19680948455306,1.4558871136959088,0.879985509856278,236.61742120733334,0.5269954419410974,319.19680948455306,236.61742120733334
88,45,333.4335289606918,1.6391341354837254,0.8799767445586685,245.17306650433332,1.280008733538183,333.4335289606918,245.17306650433332
88,44,340.38833172204636,3.4555750780317833,0.8802243429842663,249.73330098833333,2.5227844278610654,340.38833172204636,249.73330098833333
88,43,350.2787920606283,0.6269482642979365,0.8774614183915084,257.2980379443333,0.4728931222224717,350.2787920606283,257.2980379443333
88,41,367.930275509013,1.284717944697015,0.8789440829926886,271.94939198000003,1.325620647095268,367.930275509013,271.94939198000003
88,39,382.23535158150077,1.2112263635016016,0.8800847398350254,286.0562961253333,0.5375543565659489,382.23535158150077,286.0562961253333
88,38,389.2675990854156,3.5471910807575147,0.8792597671432727,293.0953235506667,3.9472389283702514,389.2675990854156,293.0953235506667
88,37,402.3058463708639,0.0943858357857209,0.8780060824601347,309.381461721,0.556893483728143,402.3058463708639,309.381461721
88,33,437.67443969829066,0.6223249431413013,0.8761857985373972,364.27700720133333,1.4458562803617478,437.67443969829066,364.27700720133333
88,31,454.5941168513256,0.7521019149090464,0.8759219313784601,398.7131927503333,1.3667271375613737,454.5941168513256,398.7131927503333
88,22,463.96754243930803,0.48307383102858825,0.8814708469308424,418.79988316966666,2.4941576685310642,463.96754243930803,418.79988316966666
88,13,461.5227474656837,1.068684594007062,0.8797288829090387,418.07645008266667,0.8309421239443094,461.5227474656837,418.07645008266667
88,3,460.5152408879094,0.5335276384907399,0.879152754039088,419.01587090366667,2.032990784305513,460.5152408879094,419.01587090366667
89,100000,0.2546326268101035,0.0019343694806471157,0.892125458678461,179.76275935933333,0.15621445607542003,0.0,179.76275935933333
89,100000,0.2546326268101035,0.0019343694806471157,0.892125458678461,179.76275935933333,0.15621445607542003,0.2546326268101035,179.76275935933333
89,31622,0.7297307072365846,,0.8882759906640354,178.29703310666665,0.036886780092469124,0.7297307072365846,178.29703310666665
89,10000,2.1169373978588037,0.004456237140085183,0.8932964470693718,177.97240979266667,0.04358078791064347,2.1169373978588037,177.97240979266667
89,562,29.848595290831913,0.045241988903213425,0.8941275490997422,175.93234184666667,0.072527412060624,29.848595290831913,175.93234184666667
89,421,38.136474817964796,0.15650170931402652,0.8934184096761534,175.63128379033333,0.02462756937573062,38.136474817964796,175.63128379033333
89,316,48.071919470104284,0.16466465135882907,0.8883648879029828,174.62012907300002,0.031044174635811855,48.071919470104284,174.62012907300002
89,236,65.13864125693254,0.07366918018034939,0.8933262152762095,175.194822947,0.07553378235235529,65.13864125693254,175.194822947
89,204,74.26715181279502,0.1505531601336476,0.8885157768563561,175.61401847599998,0.0611623389282318,74.26715181279502,175.61401847599998
89,177,91.04948523003792,,0.8939053958055155,176.19559498566665,0.06268309091085392,91.04948523003792,176.19559498566665
89,153,103.38076274228848,0.16171258751496717,0.8930059400886244,177.00188655933334,0.07082796054063932,103.38076274228848,177.00188655933334
89,79,194.33992055159206,1.672880919555562,0.8889425474599855,189.835684757,0.31638944882454517,194.33992055159206,189.835684757
89,74,207.9846959562392,0.4711781749132506,0.8924106803726753,192.84696213066664,0.07796746063610902,207.9846959562392,192.84696213066664
89,65,235.69886063031169,0.973058205814466,0.893696736054088,200.88220382133332,0.5998615072043368,235.69886063031169,200.88220382133332
89,61,248.69715911574906,1.2766101232581437,0.891338446455233,205.50641784666666,0.5608199962288796,248.69715911574906,205.50641784666666
89,60,255.22493339659437,2.163388165199131,0.8925395279718765,207.77295575066668,0.7949700095461455,255.22493339659437,207.77295575066668
89,55,269.52863647941086,2.131857426443238,0.8932834451515297,213.22990701066666,0.823039829613196,269.52863647941086,213.22990701066666
89,53,282.0179226431405,3.092764581666413,0.894173707843993,218.28000203166667,1.443464030983773,282.0179226431405,218.28000203166667
89,47,319.2700619275758,2.8591332349465954,0.8932689931877326,235.81003839333334,1.3369048700049153,319.2700619275758,235.81003839333334
89,45,331.5389103152419,1.5293249407427056,0.8933234425303592,242.70583302233334,0.8633889894060878,331.5389103152419,242.70583302233334
89,44,336.50208388007434,,0.8946831988660524,246.42663024333334,1.623666731747618,336.50208388007434,246.42663024333334
89,41,362.02295401390467,0.5159934237721093,0.8883825467070038,264.59685554333333,0.5480222409999836,362.02295401390467,264.59685554333333
89,38,384.1714004490235,1.0946516652808538,0.8947280898118253,285.631014397,2.9758830469099617,384.1714004490235,285.631014397
89,33,438.61618887521405,,0.8927783755027145,353.99344626400006,4.472251021341011,438.61618887521405,353.99344626400006
89,31,450.6042071807201,1.4947379325717034,0.8894958913343087,382.5343513423333,1.0843706498963777,450.6042071807201,382.5343513423333
89,22,462.64118154825786,,0.8943185428200253,408.665856314,1.0355302993894933,462.64118154825786,408.665856314
89,17,462.0443712634407,0.525071015696288,0.8903684652435048,410.63615101433334,1.3184754713340343,462.0443712634407,410.63615101433334
89,10,460.34040057008536,0.03693470965460315,0.8857970783247768,415.2761332083333,1.1222649667466633,460.34040057008536,415.2761332083333
89,1,460.37832085987435,0.6522443424697651,0.8881024315872774,409.38281365833336,2.3800130831779565,460.37832085987435,409.38281365833336
89,0,461.11088372293887,0.9349356539525834,0.8885881569436478,410.7116378888333,3.6340465892573475,461.11088372293887,410.7116378888333
90,100000,0.26950165625053707,0.03693991333030194,0.9014081143697675,179.62763872300002,0.05837644863387214,0.0,179.62763872300002
90,100000,0.26950165625053707,0.03693991333030194,0.9014081143697675,179.62763872300002,0.05837644863387214,0.26950165625053707,179.62763872300002
90,3162,5.534350072390066,0.03127290329580569,0.8955272601500717,177.933748393,0.028492095695255456,5.534350072390066,177.933748393
90,1778,9.814657687532113,0.014739223300296379,0.8959442453555239,177.47903315033332,0.014430479709796716,9.814657687532113,177.47903315033332
90,1000,17.57896651844029,0.055512132856238405,0.8961145397916163,176.55306941666666,0.024361152016185564,17.57896651844029,176.55306941666666
90,562,31.080658166755928,0.051457373116052744,0.8964643315172008,176.067822353,0.013392227909577349,31.080658166755928,176.067822353
90,421,39.750586663483546,0.002544181252075095,0.9013659206788014,175.70725073433334,0.023000203564343062,39.750586663483546,175.70725073433334
90,316,48.82732432238345,0.03925090410503744,0.8972827646689132,174.85815556600002,0.0724609712046352,48.82732432238345,174.85815556600002
90,273,56.00173825010017,0.21273747679786434,0.9021176220243053,174.9265280126667,0.04470612483707916,56.00173825010017,174.9265280126667
90,177,89.72674934708473,1.4415568940949965,0.8984615793834569,176.14763038,0.017659421653454365,89.72674934708473,176.14763038
90,133,118.16162369589699,0.8192917059972213,0.899856216089696,178.3364557315,0.11392703726804809,118.16162369589699,178.3364557315
90,115,134.08473819152454,,0.9029802599547754,180.00839862933333,0.03696649064784409,134.08473819152454,180.00839862933333
90,107,143.47369468887968,,0.9049625154389905,181.407618426,0.16639817633143303,143.47369468887968,181.407618426
90,100,155.47813493320663,1.4320225275863936,0.8955149429643213,183.04781655266666,0.20899181508417122,155.47813493320663,183.04781655266666
90,86,179.31950838174282,0.27555062685889714,0.8975780321153359,186.948087236,0.1991002007116036,179.31950838174282,186.948087236
90,74,207.04845237389674,,0.9037789758875288,192.22174402233335,0.43855341088228433,207.04845237389674,192.22174402233335
90,68,224.3842194749669,0.6748061411015311,0.9026946309847305,197.63320100166666,0.19555374992420374,224.3842194749669,197.63320100166666
90,63,241.38639340102162,0.7561661175612446,0.8979400958531926,202.70066154916665,0.4698701576579208,241.38639340102162,202.70066154916665
90,58,261.5796559363242,2.2455888782243876,0.8999133215247065,209.79265209649998,1.1537510874234163,261.5796559363242,209.79265209649998
90,52,287.99860273151893,3.177240372301543,0.895225120044506,220.75009729533335,0.8166427312590598,287.99860273151893,220.75009729533335
90,50,299.8564106515928,0.8161727850789927,0.8958158366749506,226.26583146833332,0.6216796608266697,299.8564106515928,226.26583146833332
90,43,346.195627600425,1.1496865045111444,0.8976285699530789,250.90053477683333,1.315802900357919,346.195627600425,250.90053477683333
90,39,378.91786715569225,3.454871414451844,0.896509068989797,276.69088351733336,3.8925401740764545,378.91786715569225,276.69088351733336
90,37,397.88883671448815,0.29147546129685725,0.8954993424185153,298.210132786,0.7255483710259996,397.88883671448815,298.210132786
90,35,417.6805621956478,2.1323554052079663,0.8955757280776147,324.03400066800003,2.217953262150191,417.6805621956478,324.03400066800003
90,32,443.67770997353546,0.8333591785311204,0.8955997817073134,365.811174432,1.7001830635255863,443.67770997353546,365.811174432
90,13,460.2004641469524,1.1022860803297612,0.8971949030212831,406.4485144266667,2.6815342841636873,460.2004641469524,406.4485144266667
90,10,459.96087405920986,0.9489001014229961,0.9005506512402063,404.52990037399996,1.4219311829178571,459.96087405920986,404.52990037399996
90,3,459.27529434513923,1.0275912380822247,0.8997532114432311,404.3554241736667,2.414986756720922,459.27529434513923,404.3554241736667
90,1,459.976078628475,0.2557214753300909,0.897171302646962,404.665088834,0.9523147136163512,459.976078628475,404.665088834
90,0,460.57501940951823,0.9470611207549454,0.8998396539860933,400.4781480986667,1.4393154859870345,460.57501940951823,400.4781480986667
91,100000,0.32699162555389594,0.11128474359102271,0.9079371705378719,180.03969661233336,0.42292873016460264,0.0,180.03969661233336
91,100000,0.32699162555389594,0.11128474359102271,0.9079371705378719,180.03969661233336,0.42292873016460264,0.32699162555389594,180.03969661233336
91,10000,2.0754145802465627,0.0377053154872014,0.9103118150733222,178.02993394700002,0.05667780351822291,2.0754145802465627,178.02993394700002
91,3162,5.409932491273242,0.08856391735984248,0.9143487100328085,178.010930293,0.04448220562011379,5.409932491273242,178.010930293
91,1778,9.52721770763564,0.2704788631208126,0.9129323597378084,177.59724818166669,0.05634404313311185,9.52721770763564,177.59724818166669
91,562,29.46172263299039,0.5166548049460205,0.9124741494321322,175.996700822,0.03384758280455512,29.46172263299039,175.996700822
91,421,37.409436820562526,0.15590624202106113,0.9085556490417487,175.559870542,0.009662616874130982,37.409436820562526,175.559870542
91,273,56.08593916082012,0.07239213019403506,0.9114281200971946,174.640101853,0.013845928863858924,56.08593916082012,174.640101853
91,236,63.66962238308651,0.21258530237861012,0.9077846183255619,175.2564763263333,0.05525934112274728,63.66962238308651,175.2564763263333
91,204,73.70553704054969,0.9782313912819277,0.912379855368606,175.4546395261667,0.07571865342415154,73.70553704054969,175.4546395261667
91,115,133.7597713870307,0.829710166126197,0.9089537243900796,179.90581275099998,0.09294550104888351,133.7597713870307,179.90581275099998
91,100,152.95480302602215,0.3351593760347923,0.9136909249345728,182.53296381533332,0.18356791401387995,152.95480302602215,182.53296381533332
91,86,176.27033320278247,0.6192702946700832,0.9070616491868752,186.41905854033334,0.10391847551566569,176.27033320278247,186.41905854033334
91,79,194.0016117143667,1.3858263511668185,0.9080479591178205,189.5970064275,0.24773882938276992,194.0016117143667,189.5970064275
91,74,204.9641570426848,0.4412883507198271,0.9097322643319513,191.98385874766666,0.052969177301279015,204.9641570426848,191.98385874766666
91,68,220.9642354521762,0.46377037219429645,0.9105439006952838,196.48109526966667,0.08617329587045472,220.9642354521762,196.48109526966667
91,63,239.07381631339513,1.1651366150590179,0.9113276547979923,201.50401824966664,0.477084112959312,239.07381631339513,201.50401824966664
91,61,246.51504836894253,0.11266196258079493,0.9144930582279112,204.05864549366666,0.2169343780909828,246.51504836894253,204.05864549366666
91,58,259.74653706319305,0.12477857179456671,0.9110426782859977,208.78853770499998,0.1651467783063657,259.74653706319305,208.78853770499998
91,56,262.1854202197747,4.256194228377417,0.9142758715897866,209.39354499299998,0.9377231164443646,262.1854202197747,209.39354499299998
91,55,269.70545799135357,0.853367623364154,0.9070743069475609,212.90975878333333,0.5563505740849262,269.70545799135357,212.90975878333333
91,52,285.28307715209536,2.066385051120576,0.9069719666053161,219.06228966499998,0.8936052668367034,285.28307715209536,219.06228966499998
91,50,294.660966078135,2.698519118719663,0.9104647936956657,222.62594845166666,1.1340214153216641,294.660966078135,222.62594845166666
91,48,308.8202672416498,3.304334828079895,0.907731008244358,229.07318751933335,1.468850625728953,308.8202672416498,229.07318751933335
91,47,314.2432755406244,0.8994898481551244,0.9106683045061592,231.005782875,1.3175910713157621,314.2432755406244,231.005782875
91,45,329.34292853330106,1.147952472811834,0.9086183945017671,239.3995176743333,0.7461264554755697,329.34292853330106,239.3995176743333
91,44,335.21582934960196,2.5084316054056974,0.9084950219266152,242.78920788916665,1.3824467924187125,335.21582934960196,242.78920788916665
91,43,338.5729314350619,0.5224436224957871,0.9142996721954718,243.48611576200003,0.02118563307020164,338.5729314350619,243.48611576200003
91,41,358.23046883311923,2.134305130905518,0.9087242502427341,258.258543024,0.9594262025053827,358.23046883311923,258.258543024
91,39,374.87285263217973,3.1070405642074155,0.9112134996902128,270.26587882116667,3.170511805757656,374.87285263217973,270.26587882116667
91,38,382.7772049868883,1.7543529321762856,0.9089119317893717,277.63352455066666,0.24215958098567655,382.7772049868883,277.63352455066666
91,37,394.99090962702553,2.470369331403837,0.9081223018887363,290.8001366523333,2.522506729212938,394.99090962702553,290.8001366523333
91,35,415.1896373949565,1.886068866116836,0.9068980116938262,315.301623391,2.496822295388522,415.1896373949565,315.301623391
91,33,430.90983396170395,0.6067715278177208,0.9057758355571929,339.52632846833336,1.0441734706708932,430.90983396170395,339.52632846833336
91,32,440.1998715143706,2.209933116235307,0.9079524727884776,355.60507559033334,4.78776727906319,440.1998715143706,355.60507559033334
91,31,449.12563919633106,1.5061523800318946,0.9112406179641311,371.06107983066664,2.5358884700973476,449.12563919633106,371.06107983066664
91,22,461.2374523589695,1.1425229996027688,0.9105252099017583,397.66945609383333,4.706778266830439,461.2374523589695,397.66945609383333
91,17,460.2017112750889,0.4527041925191556,0.9089235952178041,399.872211197,0.6736463472236808,460.2017112750889,399.872211197
91,13,459.48478717603007,0.8541670160564957,0.9088300194470468,396.3983242576667,2.591182200530365,459.48478717603007,396.3983242576667
91,10,459.35764172731456,0.5442644861561151,0.9118160885748341,396.93297899666663,1.5483077923285902,459.35764172731456,396.93297899666663
91,3,458.1560214874057,1.2983556260674785,0.9117832457284608,394.8678537513333,2.334453132065077,458.1560214874057,394.8678537513333
91,1,459.87992912714907,1.621071633678478,0.9077744702167069,394.77292594166664,3.506711435796618,459.87992912714907,394.77292594166664
91,0,459.18609986692576,0.8953153654110281,0.9131331158383488,388.1127346245,2.7507331396835673,459.18609986692576,388.1127346245
92,100000,0.24586344055514298,0.002853369789894573,0.9201742124794796,179.69388607166664,0.18938475476810943,0.0,179.69388607166664
92,100000,0.24586344055514298,0.002853369789894573,0.9201742124794796,179.69388607166664,0.18938475476810943,0.24586344055514298,179.69388607166664
92,31622,0.7372860596531022,,0.9230123717027476,178.71461907800003,0.04041343478385039,0.7372860596531022,178.71461907800003
92,10000,2.0389307602024362,0.028234066446274776,0.9231365973521685,177.97031471033333,0.0487126382373135,2.0389307602024362,177.97031471033333
92,1000,17.100494044252155,,0.9151989338510758,176.77267913033333,0.02156162940607658,17.100494044252155,176.77267913033333
92,562,30.37754196825006,0.011512791025150735,0.915305750569251,176.09016491766667,0.028672928501435387,30.37754196825006,176.09016491766667
92,316,48.75215802722898,1.0607818749176863,0.916495946295234,174.68375314333332,0.06695818911816295,48.75215802722898,174.68375314333332
92,177,87.98712668100943,0.045228670857046474,0.9177093669918283,175.95676030033334,0.024392334651908293,87.98712668100943,175.95676030033334
92,153,101.24210096627247,0.3183736236416755,0.9225722482597462,176.953725165,0.12275015454563709,101.24210096627247,176.953725165
92,133,115.98155005062188,0.8993935564881193,0.9207421787141735,178.11912745716666,0.09201411332889811,115.98155005062188,178.11912745716666
92,100,152.38982440457784,0.9679328785185028,0.9194885954605676,182.6724869133333,0.04708824613611375,152.38982440457784,182.6724869133333
92,92,166.3141511042296,0.6118312612668166,0.9180564465682662,184.5970540666667,0.1377006521079683,166.3141511042296,184.5970540666667
92,86,176.38980662984633,1.1803578890674054,0.9209371018209409,186.2828792043333,0.2582013656683528,176.38980662984633,186.2828792043333
92,79,190.7615651892328,1.460326681643822,0.9198740452759062,188.97954201966664,0.3313851471480854,190.7615651892328,188.97954201966664
92,74,203.72320636887147,0.7336899421465015,0.9172729625792443,191.758916762,0.1407781956520491,203.72320636887147,191.758916762
92,68,221.38161013049626,0.36136939011232994,0.922962618667771,196.35694594799998,0.133288954757867,221.38161013049626,196.35694594799998
92,60,249.4217643482513,1.0138911293089499,0.919977113666032,204.96505571233334,0.5317985044839117,249.4217643482513,204.96505571233334
92,58,258.60686136415984,2.260670177078282,0.9236389879101599,208.30533285833334,0.710355264985153,258.60686136415984,208.30533285833334
92,56,263.80154487063095,0.7434711636138617,0.922104828442738,209.80817584466664,0.41281215185758446,263.80154487063095,209.80817584466664
92,55,268.5189078508104,3.013645239759322,0.9179730719950694,211.66168915633332,1.0743111166732948,268.5189078508104,211.66168915633332
92,53,277.59214576546333,2.7125028387790904,0.916069502785647,215.16288656533334,0.9645559902589865,277.59214576546333,215.16288656533334
92,52,280.4314298079425,3.453772542218864,0.9175753522848877,216.18009587933332,1.5338221831963188,280.4314298079425,216.18009587933332
92,48,305.5057027502675,,0.9244114572907615,225.896317846,0.14711673799101163,305.5057027502675,225.896317846
92,45,327.4993176267539,4.313458146604019,0.9191139051804561,237.15938909166667,1.8429310200104523,327.4993176267539,237.15938909166667
92,44,335.4360202620772,2.3060942396015496,0.92367420775794,240.37322223933333,0.9664834837100233,335.4360202620772,240.37322223933333
92,41,355.1272306978792,2.5815267946053715,0.9161263791747444,253.97693775333335,1.4830585118630475,355.1272306978792,253.97693775333335
92,39,371.4199934124049,,0.9246009789221863,264.818630638,0.349257603466064,371.4199934124049,264.818630638
92,38,380.2105868399023,5.77821628215115,0.9167085979959357,275.5238346026667,5.081118371280807,380.2105868399023,275.5238346026667
92,37,391.97819289737936,2.1268818356344146,0.9180181752969023,283.9576394736667,3.3869704027761527,391.97819289737936,283.9576394736667
92,35,410.897741957097,1.946426902528932,0.920134582589122,304.26758135383335,2.5075032959558397,410.897741957097,304.26758135383335
92,33,430.3387838966094,1.4033651592151122,0.9179190825356652,333.30339899566667,1.8306987479021137,430.3387838966094,333.30339899566667
92,32,436.2302618756342,2.5638566310077064,0.9194658894072268,343.47414563899997,4.295298231939129,436.2302618756342,343.47414563899997
92,31,446.84366240279013,0.8435659367774258,0.9196542659381551,362.55190595066665,1.4151224829021467,446.84366240279013,362.55190595066665
92,22,459.7527640425368,0.8277546848924672,0.9211612481595075,386.74394654033335,0.5275600075648414,459.7527640425368,386.74394654033335
92,17,459.369969625726,0.6386990371638842,0.918918211918532,392.90916839516666,3.197124933182255,459.369969625726,392.90916839516666
92,13,458.17024917105226,0.5706621100156614,0.9192946832589397,388.6252640655,2.668354841253186,458.17024917105226,388.6252640655
92,10,457.7005825751823,0.738809583590987,0.9206369615811364,389.0681382841667,2.140720450711543,457.7005825751823,389.0681382841667
92,1,459.2545161240212,0.9187567499683797,0.9214216570213548,386.18780795333333,3.080187808297182,459.2545161240212,386.18780795333333
93,177827,0.13888673083446293,,0.9338168796645626,182.48646299300003,1.4837698864789912,0.0,182.48646299300003
93,177827,0.13888673083446293,,0.9338168796645626,182.48646299300003,1.4837698864789912,0.13888673083446293,182.48646299300003
93,100000,0.2474967166716175,0.014244825677071322,0.9302653133167571,179.74765139066668,0.1762419974341346,0.2474967166716175,179.74765139066668
93,3162,5.139133498998116,0.06569019959644928,0.9335113078579117,178.06371270266666,0.028361594161729866,5.139133498998116,178.06371270266666
93,1778,9.349216996366751,0.07948238565331177,0.9340066651312192,177.65550465733335,0.048003417624818676,9.349216996366751,177.65550465733335
93,1000,16.86568355600541,0.07633612560747101,0.9339672484950089,176.84241684333333,0.028091297022939356,16.86568355600541,176.84241684333333
93,562,29.454806414989722,0.013145711242394258,0.9349577403361715,176.15180319700002,0.048366505539411984,29.454806414989722,176.15180319700002
93,421,36.87512450513206,0.04819708096542413,0.9287839864386193,175.67490847733333,0.02919034513458227,36.87512450513206,175.67490847733333
93,364,42.26806707105229,0.46678108179828676,0.9296824335061092,174.91057539666667,0.09575737205835681,42.26806707105229,174.91057539666667
93,316,48.677548147960344,1.2992090805461982,0.9326803019130285,174.8531365951111,0.13413576475250033,48.677548147960344,174.8531365951111
93,236,64.47886304290371,0.3193258369433388,0.9304466562176635,175.058125335,0.04342013287619245,64.47886304290371,175.058125335
93,177,86.9610729256227,0.07134905607909654,0.9315157968539158,175.88555033266667,0.01702752502312594,86.9610729256227,175.88555033266667
93,115,131.56561683464645,1.134356729545471,0.9338187261620838,179.66913918166665,0.08312614020969636,131.56561683464645,179.66913918166665
93,100,151.92164248379652,0.5696173358792941,0.9276830396889447,182.534526903,0.01807418584804586,151.92164248379652,182.534526903
93,86,173.80206708954,0.8360034023648433,0.9315748225529612,185.90543996166664,0.154897169071242,173.80206708954,185.90543996166664
93,74,201.63096994808927,1.1780695036188593,0.9280764751565628,191.46984643333334,0.30512287496705326,201.63096994808927,191.46984643333334
93,63,236.1562573141079,1.7687978936974793,0.9308331080320816,201.09882966400002,0.6059932470118947,236.1562573141079,201.09882966400002
93,55,268.90559345842,1.9319403589432806,0.9272398158006543,211.67465800166667,0.7634645662389923,268.90559345842,211.67465800166667
93,53,278.17704205376793,1.2265763951293154,0.926491463496604,214.95699118833332,0.3404652713654689,278.17704205376793,214.95699118833332
93,50,294.5907915175242,3.668370853420187,0.9273430877592898,221.751379004,1.5796982508216917,294.5907915175242,221.751379004
93,47,312.75044978159195,3.1384645250583785,0.9262074532041887,229.231336479,1.2265826972671523,312.75044978159195,229.231336479
93,43,341.2660546365887,1.2321167401263216,0.9270266102688298,243.540288176,0.7137925943105945,341.2660546365887,243.540288176
93,41,355.31327326736164,1.454076172154986,0.9297002003684657,251.41153127433336,1.4424540724398056,355.31327326736164,251.41153127433336
93,38,378.59255689492676,3.270106797010231,0.9267551384708504,268.90020918066665,2.4579433189322675,378.59255689492676,268.90020918066665
93,37,390.92064824343475,2.1184050204149414,0.929723219528174,280.3846767546667,1.2418713217480728,390.92064824343475,280.3846767546667
93,33,427.61156598162125,1.4729624378045838,0.9277086284043197,323.9198350333333,1.4615338165096965,427.61156598162125,323.9198350333333
93,32,435.40571917750884,2.147141571841844,0.9284631901368782,336.87858613333333,3.6728914743479746,435.40571917750884,336.87858613333333
93,31,442.7296867973261,0.8270533015487466,0.9290433882614587,349.8946942493333,0.7908777181470201,442.7296867973261,349.8946942493333
93,17,458.6890199403719,0.15694962620528546,0.9291526740931385,385.18214305300006,0.998716224614766,458.6890199403719,385.18214305300006
93,13,457.96528885026373,0.12688841963759745,0.9258192595953592,384.4135926513333,1.2734665241474719,457.96528885026373,384.4135926513333
93,10,456.9322867490126,0.28640129717657503,0.9300636245282158,381.5221679046667,0.21104092178584288,456.9322867490126,381.5221679046667
93,5,457.1883363227768,0.9892268335736518,0.9321171151344099,380.880297166,1.806316909338542,457.1883363227768,380.880297166
93,3,458.78898676395505,0.7896727716641749,0.9344371102266719,378.936560225,2.563821736609456,458.78898676395505,378.936560225
94,31622,0.6880259097589132,0.005527150078183723,0.942808731139698,178.64628489733332,0.059355075409681886,0.0,178.64628489733332
94,31622,0.6880259097589132,0.005527150078183723,0.942808731139698,178.64628489733332,0.059355075409681886,0.6880259097589132,178.64628489733332
94,10000,1.9726416501536168,0.010790137406778953,0.9366866386994569,177.975000065,0.03030315721847878,1.9726416501536168,177.975000065
94,421,38.86571134730844,0.13553686065948778,0.9351454921136941,175.7268268043333,0.02475088546619947,38.86571134730844,175.7268268043333
94,316,50.39991961393507,1.443365688988841,0.935672736506502,174.81294334266667,0.06689655203080942,50.39991961393507,174.81294334266667
94,273,55.69341953230759,0.5149495474724248,0.9429299678916718,174.90066431216667,0.11414573826640624,55.69341953230759,174.90066431216667
94,177,86.44624008644183,0.19555916666301154,0.9432084623218826,175.86067116633333,0.04759365764554911,86.44624008644183,175.86067116633333
94,100,150.77781642439328,0.9561647714199358,0.9413051838277268,182.32443785166666,0.09850050650696847,150.77781642439328,182.32443785166666
94,86,172.77233717453413,1.9885980155753074,0.9363263210015007,185.68866320166669,0.31256897840118164,172.77233717453413,185.68866320166669
94,79,189.52188007168715,0.903475414113777,0.9426145109386493,188.42283201533334,0.25193061568352193,189.52188007168715,188.42283201533334
94,74,199.16492492202133,0.9086885162738138,0.9393641725129807,190.820931234,0.24686057343007503,199.16492492202133,190.820931234
94,68,219.0134366791523,0.718204836384793,0.9409478557560657,195.67448712133333,0.15004085821698743,219.0134366791523,195.67448712133333
94,63,235.42555139141373,0.6878126955247834,0.943731211542079,200.227848626,0.26818859795166683,235.42555139141373,200.227848626
94,60,246.98751294505374,0.5687010626588825,0.9412037871176805,203.9616218146667,0.19881247904893593,246.98751294505374,203.9616218146667
94,58,257.88808704804325,0.2857520497178851,0.9401926923932535,207.47155111566667,0.17190851545056487,257.88808704804325,207.47155111566667
94,56,259.1897093731074,1.9223602753156672,0.9413283318795506,207.700555143,0.45223371285600394,259.1897093731074,207.700555143
94,55,266.6920151750073,2.0498794931251805,0.9393895007475135,210.55525875833334,0.7336002346266378,266.6920151750073,210.55525875833334
94,52,276.5500604627434,2.3261734349985006,0.9390940649577568,213.99055970966666,1.0158878938678286,276.5500604627434,213.99055970966666
94,50,289.9234982860126,1.1030154819600635,0.9424117740613206,218.578074621,0.5701483796168715,289.9234982860126,218.578074621
94,47,309.142868283238,2.5031960726403804,0.9409691564811332,226.35041916683335,1.256769433840727,309.142868283238,226.35041916683335
94,44,326.65103370044613,2.018885145299904,0.9432269284880306,234.26360674916668,1.0673243393402234,326.65103370044613,234.26360674916668
94,43,334.39252770633215,0.3816672000026806,0.9434458827543787,237.73780781233333,0.6665330859208399,334.39252770633215,237.73780781233333
94,41,349.3703455704355,2.3511090426271566,0.9402412584833822,245.7889197305,1.0119857587214611,349.3703455704355,245.7889197305
94,39,368.0371189675452,2.1574348298986314,0.9423886359860059,258.1066854153333,1.6521789897099983,368.0371189675452,258.1066854153333
94,38,375.71214283113665,1.7907187375191522,0.9438581754963665,263.8347407096667,1.6278223389820485,375.71214283113665,263.8347407096667
94,37,387.37294774647575,2.197912487556072,0.9402881323070859,274.3523232823333,1.274874455351099,387.37294774647575,274.3523232823333
94,35,403.3449678182655,1.2055618003405093,0.9433472191590602,289.725514641,1.4780762986431752,403.3449678182655,289.725514641
94,33,421.6438739964406,2.508583810336753,0.9417018726368461,311.536102294,2.9829496591761964,421.6438739964406,311.536102294
94,32,431.5960823450356,0.9664636534111426,0.9413536772523893,325.40987343766665,2.5997029112426002,431.5960823450356,325.40987343766665
94,31,435.35492515278105,2.9618924324537272,0.9411580051930661,333.59859593983333,2.8724254858777822,435.35492515278105,333.59859593983333
94,29,446.1937284884471,1.7213418538310936,0.9440022899282664,351.6877513683333,2.5667599241392707,446.1937284884471,351.6877513683333
94,28,451.7391569098425,1.1394405326421226,0.9434774361654622,360.21904236566667,2.779474802518917,451.7391569098425,360.21904236566667
94,26,456.8081651030896,0.22107613136617157,0.9436376261875598,369.86498176133335,0.6735801369125582,456.8081651030896,369.86498176133335
94,24,458.22195313291036,0.3360457924605114,0.9434450574867806,373.3127821676667,0.3312125980079976,458.22195313291036,373.3127821676667
94,23,457.8327554028297,0.4763804436054602,0.9429378996981361,372.93503913600006,0.8541962200204501,457.8327554028297,372.93503913600006
94,22,458.65836925099984,0.27062053300640354,0.942161219415025,374.971007783,0.14088100703319895,458.65836925099984,374.971007783
94,19,458.3210989226004,0.2811843148478138,0.9416099398101113,376.080195756,0.979902365119775,458.3210989226004,376.080195756
94,17,457.7257103230101,0.46217516728934493,0.9379736801866174,376.03644296400006,2.913329325341129,457.7257103230101,376.03644296400006
94,15,458.01360994123615,0.05843697770537093,0.937310163677717,379.1746074093333,1.1993751034381945,458.01360994123615,379.1746074093333
94,14,457.5448287068959,0.33976394746027755,0.9385198688163935,377.33322667199997,1.1686325830908344,457.5448287068959,377.33322667199997
94,13,457.82353101283934,0.17709238297830301,0.9373086436327034,378.7182714896667,0.8198155468225122,457.82353101283934,378.7182714896667
94,11,457.2951231162244,0.21975138423620708,0.939185516856783,376.7455102916667,1.1692806288581556,457.2951231162244,376.7455102916667
94,10,456.9562531981131,0.26215288103506035,0.9380259059137662,376.82241428333333,1.2721501247892852,456.9562531981131,376.82241428333333
94,7,456.9414112280118,0.4232036825129663,0.9406377038185054,378.7557056366666,1.5172350142839717,456.9414112280118,378.7557056366666
94,5,456.3944030167509,0.46150185896230106,0.9418677855819234,374.01408590766664,0.037083532263187925,456.3944030167509,374.01408590766664
94,1,456.74665636207766,1.1785993394078293,0.9435278640197047,371.18226412933336,2.7659516299220304,456.74665636207766,371.18226412933336
94,0,458.1713909102355,0.8313825898268747,0.939817847791739,371.6627445706667,2.4098479310380077,458.1713909102355,371.6627445706667
95,100000,0.24846670776582325,0.017932199051372257,0.9492991631702161,180.30646473066668,0.052001452762994456,0.0,180.30646473066668
95,100000,0.24846670776582325,0.017932199051372257,0.9492991631702161,180.30646473066668,0.052001452762994456,0.24846670776582325,180.30646473066668
95,10000,1.9171392638048848,0.004561462345680465,0.953561586686918,177.94493798733333,0.00951025458729823,1.9171392638048848,177.94493798733333
95,5623,2.8987378811837368,0.03045803568235769,0.9528709237297789,177.94597011200003,0.05156648373723094,2.8987378811837368,177.94597011200003
95,3162,5.069712805057981,0.060537286252311084,0.953902471026565,178.10130350199998,0.04781642385464945,5.069712805057981,178.10130350199998
95,1778,8.927655812733784,0.08301347955679371,0.9545601218539428,177.76162763733336,0.017942814513921154,8.927655812733784,177.76162763733336
95,273,56.88328482205882,0.43007647408823946,0.9456868096228187,174.97917423599998,0.01874362935259359,56.88328482205882,174.97917423599998
95,236,63.62129639353387,0.17195245311861765,0.9496205406461026,175.10253942566666,0.04131589917520074,63.62129639353387,175.10253942566666
95,133,115.23952629538933,0.7178216318274314,0.9500597249324583,177.768452485,0.015386214848538905,115.23952629538933,177.768452485
95,100,148.5530061337265,0.2886900346599001,0.954537477502261,181.98273529633335,0.03589228944027197,148.5530061337265,181.98273529633335
95,74,201.39410163971343,0.5842183027031858,0.9497037368608329,191.08663451266668,0.07598703779916631,201.39410163971343,191.08663451266668
95,68,217.28841288134126,1.6492338350132263,0.9540276745317818,194.88234930666667,0.17074376975129488,217.28841288134126,194.88234930666667
95,63,233.96912522412867,1.8198729904890494,0.9542608323855607,199.4266240333333,0.45230085977649565,233.96912522412867,199.4266240333333
95,58,253.33314056736563,2.8513688732263267,0.9535047219686831,205.52457536366668,0.9803524954641314,253.33314056736563,205.52457536366668
95,55,262.8054364185447,3.4613190150472275,0.9508108656532199,208.3830517155,0.9472973532156866,262.8054364185447,208.3830517155
95,52,281.3030614728972,1.7979360132326045,0.9537947698548361,214.443186577,0.6733408518462213,281.3030614728972,214.443186577
95,45,320.69684103074655,0.11277572425314272,0.9466196354723082,231.69710781133335,0.9036997834162271,320.69684103074655,231.69710781133335
95,43,337.447383327547,1.7399412086129218,0.949118054814129,238.66527100899998,0.5050516636564144,337.447383327547,238.66527100899998
95,38,378.02901499917516,3.384116903712805,0.946201627914579,263.83855493233335,3.3521131439886087,378.02901499917516,263.83855493233335
95,37,387.39275216223746,2.0890387431052853,0.9471645688013483,271.596644313,2.1599332590684237,387.39275216223746,271.596644313
95,26,454.1471134711444,0.6532490086586354,0.946706417476686,362.3504871503333,0.9109013308866595,454.1471134711444,362.3504871503333
95,23,456.4826317997093,0.7698457941227801,0.9463369532149136,367.92914156300003,0.2681869061420515,456.4826317997093,367.92914156300003
95,22,457.7396332328422,0.4669728069870092,0.9471421986314912,369.3106004686667,0.30622144443231697,457.7396332328422,369.3106004686667
95,20,456.10149321965696,0.22993415439337433,0.9547645371256149,362.9898442183333,0.529591085629891,456.10149321965696,362.9898442183333
95,19,457.86053288960886,0.1848001839346467,0.945668558944806,371.241847137,0.9734457559850933,457.86053288960886,371.241847137
95,10,455.86559901313586,0.8563305780360779,0.9534577317922577,367.05395792066673,1.3521092683877391,455.86559901313586,367.05395792066673
95,7,457.157862016068,0.5085138741966327,0.9452685441514084,373.08245438,0.8706960227575912,457.157862016068,373.08245438
95,5,456.5714813468929,0.7139758636222407,0.950043715581858,369.84967920866666,2.302087898864283,456.5714813468929,369.84967920866666
95,3,457.3208048395383,1.0145484537603267,0.9502052211321359,369.5339684396667,2.1133837690427915,457.3208048395383,369.5339684396667
95,1,458.221121629694,0.6185603803185818,0.9498561588506654,365.96912691083327,2.6404487474165945,458.221121629694,365.96912691083327
95,0,460.05790576718954,0.8662574785609862,0.9504591158540059,362.5417430116667,1.6571435536992953,460.05790576718954,362.5417430116667
96,100000,0.23206926308544773,0.00019427661471788058,0.9600610068352557,179.83409687433334,0.031009203775691885,0.0,179.83409687433334
96,100000,0.23206926308544773,0.00019427661471788058,0.9600610068352557,179.83409687433334,0.031009203775691885,0.23206926308544773,179.83409687433334
96,31622,0.6751149162000044,0.010328466363559174,0.9590014595919097,178.69620604800002,0.039064986918447155,0.6751149162000044,178.69620604800002
96,1000,16.19885369280065,0.058236751113323146,0.9552464792646121,177.062013771,0.058152975118396295,16.19885369280065,177.062013771
96,749,21.68119246245742,0.06253630962196362,0.9555078520015599,176.777118352,0.030386580826542345,21.68119246245742,176.777118352
96,562,28.70988184843865,0.041985243838923166,0.9557035227547683,176.40878424666667,0.07251221759966131,28.70988184843865,176.40878424666667
96,421,37.636493411289905,0.1003039068443568,0.9557234861124808,175.93157115666668,0.050015133554040414,37.636493411289905,175.93157115666668
96,316,49.887402129791475,0.05813280029163064,0.9558581902247978,175.02639864800003,0.07617057170024534,49.887402129791475,175.02639864800003
96,273,57.791923588833164,0.21394343800913765,0.955972975650115,175.13058541,0.046753059029839256,57.791923588833164,175.13058541
96,236,63.45128592534736,1.54866876835646,0.9578293426130668,175.130823729,0.16155490106066397,63.45128592534736,175.130823729
96,204,72.50065479484397,1.7706116912328875,0.9613683949329364,175.3199495228889,0.17538702046381482,72.50065479484397,175.3199495228889
96,177,85.70000562780065,0.25113193960275665,0.9625044525532253,175.68671583533333,0.05520224453754285,85.70000562780065,175.68671583533333
96,133,114.06501273164943,0.799399335307403,0.9590194171943776,177.60128012150003,0.06053028698770519,114.06501273164943,177.60128012150003
96,115,129.83078079165577,1.5632375110573524,0.9581502254116478,179.31733766066668,0.15820217219177946,129.83078079165577,179.31733766066668
96,100,147.09474650565866,1.3844198037759046,0.9599094240997781,181.60156084466666,0.22468154022356418,147.09474650565866,181.60156084466666
96,86,172.47991544551158,2.2118477544344954,0.960462200659302,185.4414769555,0.2882714872308255,172.47991544551158,185.4414769555
96,63,229.04169624105964,0.5553732849956341,0.9631219314322562,198.013972629,0.23372374288944772,229.04169624105964,198.013972629
96,55,258.4580253045122,,0.9632430473576997,206.57687899666666,0.45983904781480994,258.4580253045122,206.57687899666666
96,53,269.47134847215136,,0.9564112256362683,210.40605235833334,0.14453957933934483,269.47134847215136,210.40605235833334
96,50,289.02424048252414,0.11314795209147609,0.9581424791945078,217.06789856199998,0.25042826885565184,289.02424048252414,217.06789856199998
96,47,306.6226841411724,0.6279963549366735,0.9557508851313518,224.3737536893333,0.09677975070567522,306.6226841411724,224.3737536893333
96,45,319.6413788963873,5.041950976043579,0.9565178562807161,229.63718661866665,1.7937475485503762,319.6413788963873,229.63718661866665
96,44,330.16844844806104,0.8800452768689943,0.9628939394281507,232.80417477499998,0.08635044437534721,330.16844844806104,232.80417477499998
96,41,350.7749211135336,1.6899496982767837,0.9575926930047842,244.844008498,0.22329299424963617,350.7749211135336,244.844008498
96,39,365.7781970256923,2.716795995848152,0.9608560410233643,252.79662163366666,2.247446993082832,365.7781970256923,252.79662163366666
96,38,380.6085395487078,3.237112530285509,0.9582262044593225,263.64938348566665,2.9169415593564723,380.6085395487078,263.64938348566665
96,37,383.9837654239414,2.328974498244901,0.9589418550068097,266.20689175033334,1.6093394934742318,383.9837654239414,266.20689175033334
96,35,406.92382225102523,1.2217132277510796,0.9606862936520422,286.01615039766665,1.1852449986160154,406.92382225102523,286.01615039766665
96,33,420.69027925652506,3.5172467146351596,0.9600502789848818,305.957316403,2.2134119666178123,420.69027925652506,305.957316403
96,32,425.1905902292947,5.70175617899394,0.9589566443236665,317.6634800863333,2.7585011443286414,425.1905902292947,317.6634800863333
96,31,430.55222726397943,0.7866859315969492,0.9566614964460186,323.6162834136667,1.154361496071224,430.55222726397943,323.6162834136667
96,29,441.3065939721153,3.5743913628331208,0.9597147817023961,334.5247746113333,6.43953842492197,441.3065939721153,334.5247746113333
96,28,447.7516720216607,3.0340721417800345,0.9585152001465445,349.068288432,1.6564501166425212,447.7516720216607,349.068288432
96,26,449.0955340752787,2.060183512514286,0.959115998691255,345.5455518498334,6.117429227213368,449.0955340752787,345.5455518498334
96,24,452.9197384614994,2.4707480599868394,0.9597664333436083,350.1031674248333,6.371920315896754,452.9197384614994,350.1031674248333
96,23,455.0680581837934,0.5900460735767802,0.9586365192840626,357.4428616416667,1.1037761711707583,455.0680581837934,357.4428616416667
96,22,454.4202796878687,1.9646943188248267,0.962341049010625,356.7950971553334,0.2463341235706905,454.4202796878687,356.7950971553334
96,20,455.56515987199276,0.7758809004421211,0.9616319679592573,353.324851568,0.7868812834059254,455.56515987199276,353.324851568
96,19,456.6112404167251,1.2304867241234092,0.9600307312086578,359.46912225250003,5.193205376495095,456.6112404167251,359.46912225250003
96,17,457.3821846144313,0.6524142563340131,0.9603296668446455,361.66624543433335,4.548270055107813,457.3821846144313,361.66624543433335
96,13,457.5929238611737,0.3689264419109976,0.9578406190884926,364.3657341946667,1.2102151505316379,457.5929238611737,364.3657341946667
96,3,457.42318515067876,0.37687977849428156,0.9618260733414229,363.2451561796667,5.290021292803459,457.42318515067876,363.2451561796667
96,1,458.9939246885997,0.6791952505187071,0.9619134866674067,357.05379617933335,2.966174775527202,458.9939246885997,357.05379617933335
96,0,461.9987092908054,0.9181332948452486,0.9585652816383613,358.967413046,0.36938373585094186,461.9987092908054,358.967413046
97,56233,0.3985317514412846,0.0026648690813540336,0.9735305252853448,178.59699967533334,0.09498892264712304,0.0,178.59699967533334
97,56233,0.3985317514412846,0.0026648690813540336,0.9735305252853448,178.59699967533334,0.09498892264712304,0.3985317514412846,178.59699967533334
97,10000,1.9378986456204812,0.033807564631843874,0.9714855007540933,177.966596913,0.02757458987711291,1.9378986456204812,177.966596913
97,5623,2.7724893623380473,0.0022829381051975386,0.974091187384751,177.89781374733334,0.012221560926139883,2.7724893623380473,177.89781374733334
97,236,63.87976552188079,0.14183287096738603,0.9680983638576862,175.08372165799997,0.044471013878377236,63.87976552188079,175.08372165799997
97,177,85.178635221067,0.10081480087382708,0.9693650523692461,175.65837072500003,0.05874801623682753,85.178635221067,175.65837072500003
97,133,112.95449402623747,0.4723070138568536,0.9737307016840028,177.44254122466668,0.019590377889445697,112.95449402623747,177.44254122466668
97,115,128.26831745919472,0.17034487174585322,0.9746785949713729,179.06238907133334,0.029103707034001225,128.26831745919472,179.06238907133334
97,100,145.56877984432387,0.13735729985562198,0.9743310934170187,181.36833440733335,0.10219877965619589,145.56877984432387,181.36833440733335
97,74,197.21392046768804,0.9910461396644292,0.9704053183754747,189.818382351,0.017120625314932438,197.21392046768804,189.818382351
97,52,271.95630875092064,3.2688212278627504,0.9667736296187383,210.8257564953333,0.9557500354348615,271.95630875092064,210.8257564953333
97,50,283.6699330233392,0.9476499705747583,0.9709107961337252,213.1839718985,1.010049290182212,283.6699330233392,213.1839718985
97,48,300.52709943352903,1.2265639496133516,0.9670681196316727,220.84339327266665,0.31813700152049773,300.52709943352903,220.84339327266665
97,47,311.2484033933636,1.57881907441804,0.966470721897259,224.83809821166665,0.3005487630871566,311.2484033933636,224.83809821166665
97,45,318.4547952197324,1.2820073729401371,0.972145545090687,226.5141757606667,0.4399246603065654,318.4547952197324,226.5141757606667
97,44,323.6979204530637,1.9920965574582283,0.9663667652664746,229.60173078100001,1.0707884608668234,323.6979204530637,229.60173078100001
97,43,333.8266143665714,1.5303166179665717,0.9664875066578672,234.503409316,0.8828407303918645,333.8266143665714,234.503409316
97,41,350.9527276665006,0.8400561115781295,0.9663454447261599,243.04508561499998,1.0804440898103973,350.9527276665006,243.04508561499998
97,39,367.7925426059985,1.4431888847440801,0.966839237060946,253.14607548966669,1.382026541538898,367.7925426059985,253.14607548966669
97,38,373.59717907974544,2.7048754264694916,0.9675268204024223,256.283399133,2.6981203116894785,373.59717907974544,256.283399133
97,37,381.8762723372226,3.8363691583115407,0.9663983624628063,262.86469307433333,2.8277635420290754,381.8762723372226,262.86469307433333
97,35,400.75644614877086,4.888760185701157,0.9671961229145426,279.0355654356667,5.118846112416873,400.75644614877086,279.0355654356667
97,33,417.97913596352413,1.4108534829835087,0.966305458134743,297.63153699733334,2.331413382521617,417.97913596352413,297.63153699733334
97,31,424.4396623403693,3.038747054795101,0.9684597743856296,310.1841466001667,5.227562569954367,424.4396623403693,310.1841466001667
97,32,424.4936534497354,3.575851581824229,0.9681368308099614,309.01446124833336,3.4130661474583697,424.4936534497354,309.01446124833336
97,29,434.26429768968364,3.8476843941108387,0.97314569494587,316.788751349,2.0350931785132746,434.26429768968364,316.788751349
97,26,440.9064801097549,4.611130271858309,0.9701551094966099,326.392307763,2.150739297732865,440.9064801097549,326.392307763
97,28,446.56157499754437,0.10996398495127045,0.9662104796670408,335.8029303083333,2.4941405995395445,446.56157499754437,335.8029303083333
97,24,446.6860611591695,2.7614163751469336,0.970741515331634,333.06048162166667,0.524147521804202,446.6860611591695,333.06048162166667
97,23,448.6894089066979,3.578336100533463,0.969172114192971,341.7208509428333,7.7767918229626165,448.6894089066979,341.7208509428333
97,22,449.21589169067556,2.2888471221087654,0.9710179492744946,344.0247383955,6.150704052555352,449.21589169067556,344.0247383955
97,20,453.00941514647263,1.2334005982093563,0.9709530423408972,343.92160099733337,0.9783278448935396,453.00941514647263,343.92160099733337
97,19,453.5379916481354,1.5638841398256929,0.9705070888463386,345.5920209646667,1.7405942203803675,453.5379916481354,345.5920209646667
97,17,456.2498197488942,0.10093808497480868,0.9730899858443053,349.7895875213333,1.0742202443564872,456.2498197488942,349.7895875213333
97,13,457.8442013680014,0.9718665380463237,0.9717370047389552,353.8721621306667,0.8453336493342006,457.8442013680014,353.8721621306667
97,14,457.84630438918043,0.9805898533828116,0.971848186272512,353.71407740399997,0.5296353436148508,457.84630438918043,353.71407740399997
97,15,457.91949954598755,0.5836565934741283,0.972881466218047,352.0124002336667,0.3087269875693041,457.91949954598755,352.0124002336667
97,10,456.6825191622193,0.21801110493965037,0.9691496493196835,355.7881644355,4.332757167761383,456.6825191622193,355.7881644355
97,3,457.43824820719067,0.868151764724306,0.9701287824353465,353.7053070443333,0.8278167930654968,457.43824820719067,353.7053070443333
97,1,459.2993458102758,1.5814893553752625,0.970307000601931,351.32949592899996,0.9099401926486074,459.2993458102758,351.32949592899996
97,0,460.40356986930357,1.3276247225029014,0.9713963602084327,348.8970256346667,2.946052252777832,460.40356986930357,348.8970256346667
98,3162,4.854047759761391,,0.9750591582529066,177.97236118433332,0.038867880996408415,0.0,177.97236118433332
98,3162,4.854047759761391,,0.9750591582529066,177.97236118433332,0.038867880996408415,4.854047759761391,177.97236118433332
98,1778,8.647909134906904,0.17029829424196202,0.9758559581459484,177.72689946233334,0.024572723611022005,8.647909134906904,177.72689946233334
98,1000,15.721516438978105,0.028822380144510402,0.9765140093313555,177.07170518733335,0.04239176952569095,15.721516438978105,177.07170518733335
98,749,21.054468135090413,0.06142604698365289,0.9770491613330242,176.64327861566667,0.06889021428435063,21.054468135090413,176.64327861566667
98,562,27.76557557379837,0.05119225858953374,0.9772082100275599,176.28550233966666,0.040833239436237304,27.76557557379837,176.28550233966666
98,421,36.63309683279329,0.05324592089407639,0.9771284922940339,175.806053923,0.02517771717770267,36.63309683279329,175.806053923
98,316,48.50026194221908,0.06592993685448689,0.9775238995093073,174.78188300066665,0.024160348689330105,48.50026194221908,174.78188300066665
98,273,56.324685156782294,0.2265640069786643,0.9776129397396037,174.874071042,0.01730025652747972,56.324685156782294,174.874071042
98,236,64.47803155197948,0.10386946868635956,0.9776516018636178,175.107110124,0.028944183371635703,64.47803155197948,175.107110124
98,219,69.09153052952138,0.17824187716052883,0.9776127590119469,175.20371310433333,0.005586771385373591,69.09153052952138,175.20371310433333
98,204,73.98821967751407,0.21246793755652132,0.9777144654663822,175.33375883033332,0.05826571254304914,73.98821967751407,175.33375883033332
98,190,83.52069073055293,0.24185176524481025,0.9775388915874429,175.60580444866665,0.016120360153494166,83.52069073055293,175.60580444866665
98,177,87.25469031158855,1.8704149629602753,0.979653883223221,175.71791408977776,0.1515279335807208,87.25469031158855,175.71791408977776
98,153,101.10895782839272,1.7906339948746952,0.9812649695973775,176.51833990233334,0.15758424105229896,101.10895782839272,176.51833990233334
98,133,117.14353279324858,2.520026495778122,0.9795077964197062,178.02647937400002,0.08493795302272292,117.14353279324858,178.02647937400002
98,115,132.63063665422226,2.3310961701147157,0.9810434635433603,179.48797632183334,0.22717986160481501,132.63063665422226,179.48797632183334
98,100,151.20212180110147,1.7722370206359608,0.981095407868123,182.032696995,0.3164874922734566,151.20212180110147,182.032696995
98,86,169.42885158674105,1.3104546599035407,0.9768829950866097,184.56843834166668,0.2534534778496973,169.42885158674105,184.56843834166668
98,74,199.0351444782638,0.6193827659162515,0.9789830796018321,189.8546626148333,0.24638361281559634,199.0351444782638,189.8546626148333
98,63,229.65824892561668,0.8999521843191806,0.9801087471158514,197.13509299516667,0.3724057520590232,229.65824892561668,197.13509299516667
98,58,247.72785741608004,1.5661131480234203,0.9845664820702,201.3612797513333,0.28999654838845895,247.72785741608004,201.3612797513333
98,55,257.9805898469178,1.06995656108357,0.9804725723961166,204.62342310366668,0.9127122768984801,257.9805898469178,204.62342310366668
98,52,272.0184414178405,0.2195488470264846,0.9794333310383392,209.13975356799997,0.11043593226105591,272.0184414178405,209.13975356799997
98,50,281.7561575209148,1.4448207119245617,0.9808789514830474,211.31744765300002,0.26409442674171807,281.7561575209148,211.31744765300002
98,48,298.57769179822327,2.5389176160886766,0.9775591513096714,217.96577958599997,0.9091826017368849,298.57769179822327,217.96577958599997
98,47,306.67038265574564,2.129784931746375,0.9782607659075954,220.953502082,0.772373204677154,306.67038265574564,220.953502082
98,45,319.27482712539705,1.4738475570607847,0.9804358443066364,224.55514616866665,1.472584053166578,319.27482712539705,224.55514616866665
98,44,325.9923627255883,2.0376888174591183,0.9804976307572079,227.0746556865,1.6670183320854066,325.9923627255883,227.0746556865
98,43,329.87602593884816,0.9098230732360465,0.9767280267313078,230.41965401633334,0.5671603500230101,329.87602593884816,230.41965401633334
98,41,347.8430025967037,2.532875778461188,0.9829674988827722,236.32178640133336,1.4781717492775202,347.8430025967037,236.32178640133336
98,39,362.68682315912463,2.3860685579717926,0.9810116269065039,244.9760812543333,1.4439558001916808,362.68682315912463,244.9760812543333
98,38,371.70493002004156,1.2702048079503514,0.9790802223282802,250.79776297833334,1.7385480369783075,371.70493002004156,250.79776297833334
98,37,383.42277550460955,1.2099431418997795,0.9816814777840194,257.66978299199997,1.94871767079571,383.42277550460955,257.66978299199997
98,35,399.4369630105977,1.7049922735471013,0.9765215005653078,274.801599049,1.9197554549840012,399.4369630105977,274.801599049
98,33,418.08435621131594,2.65483038739507,0.9809924290694365,287.4008539503333,1.1039341855284346,418.08435621131594,287.4008539503333
98,32,428.3400788258679,2.1528428525775065,0.9799141734467436,300.68600529633335,4.544739468049511,428.3400788258679,300.68600529633335
98,29,431.22700814597715,2.821786719461676,0.9799975934386649,311.28338700166665,1.3660132793366602,431.22700814597715,311.28338700166665
98,28,435.0830162888604,5.995724959307628,0.9781804695592221,317.8736767988333,1.5349776779755622,435.0830162888604,317.8736767988333
98,26,440.9561809932425,1.6739554985413438,0.9811240569004923,322.2895780283333,1.172860269794628,440.9561809932425,322.2895780283333
98,24,447.47294178657984,0.3385391651221483,0.9807389783298022,328.90534576700003,0.36060596481720186,447.47294178657984,328.90534576700003
98,23,450.6159990747699,0.6113390770908259,0.9814969854319674,333.057720749,1.088546262068819,450.6159990747699,333.057720749
98,22,451.6954499938209,0.16700924252212038,0.9811088938215531,335.11065248533333,0.5510992717021241,451.6954499938209,335.11065248533333
98,20,454.5750665776356,0.535882920814946,0.980092837884992,340.78988941766664,0.2948552746114181,454.5750665776356,340.78988941766664
98,19,459.3984923328587,1.8570743447255975,0.9809761821746421,343.968953429,1.2330095717137328,459.3984923328587,343.968953429
98,17,458.3507597509021,1.021032655596988,0.9803670941385935,344.810010881,0.34771976741869903,458.3507597509021,344.810010881
98,15,455.83037226815276,0.7793207561710832,0.9826944841262826,340.6753379676666,1.338536935577719,455.83037226815276,340.6753379676666
98,14,455.8851707990987,0.822781518451005,0.9803830717169397,343.39964321433337,0.15988374109010395,455.8851707990987,343.39964321433337
98,13,455.9291952783721,0.5552677574559346,0.9793477833855215,343.85501228333334,0.9049370230229535,455.9291952783721,343.85501228333334
98,10,456.5772898304262,0.6532694573058063,0.9778317815775368,345.963478972,0.4320681682250993,456.5772898304262,345.963478972
98,1,458.24685376658,3.681120117041012,0.9807912399494936,344.21909487733336,1.466975616136972,458.24685376658,344.21909487733336
98,0,459.4197291517356,3.0008166712509925,0.9796193019833972,345.7168030473333,1.8428336485329884,459.4197291517356,345.7168030473333
99,5623,2.7155206571605888,0.002699502488804996,0.9938025243841029,177.73244121833332,0.26318066349931774,0.0,177.73244121833332
99,5623,2.7155206571605888,0.002699502488804996,0.9938025243841029,177.73244121833332,0.26318066349931774,2.7155206571605888,177.73244121833332
99,133,113.47453448356536,0.24865862218065546,0.9887060615278838,177.37849328133333,0.0504177670393339,113.47453448356536,177.37849328133333
99,115,129.1848407680682,0.8549809559778518,0.9935050105206534,178.96675632966665,0.12621141530551683,129.1848407680682,178.96675632966665
99,100,148.86844653462336,0.6153677245072404,0.9939755431824405,181.31677304033335,0.12123072099818191,148.86844653462336,181.31677304033335
99,92,161.0480430657506,1.4653210941771788,0.994394607813262,183.11075708366664,0.11566449617002754,161.0480430657506,183.11075708366664
99,86,172.25015006883663,1.0779522549580225,0.9931427501353068,184.6352051131111,0.2699200108811986,172.25015006883663,184.6352051131111
99,79,187.37757654343753,0.7147050419981467,0.9937863309587938,186.66003318100002,0.08261034294523924,187.37757654343753,186.66003318100002
99,74,198.6228499378638,1.0329864244988232,0.9906440078290585,188.80750548400002,0.07119249949540356,198.6228499378638,188.80750548400002
99,71,205.58945955859645,1.1631679485538,0.9939915205312603,190.366826095,0.14504310726848912,205.58945955859645,190.366826095
99,70,208.7160758082613,1.030074831355434,0.9939464944621997,191.03504118166666,0.26005435881666394,208.7160758082613,191.03504118166666
99,68,216.5609664738788,0.06725269797412933,0.9940897395757444,192.8176428303333,0.16115065135301448,216.5609664738788,192.8176428303333
99,65,224.78117077312007,0.16087260423837174,0.9941551401628311,194.47505668199997,0.08346971411410938,224.78117077312007,194.47505668199997
99,63,230.65799857150049,1.0141794167374871,0.994072111451966,195.99016795900002,0.23092947541660186,230.65799857150049,195.99016795900002
99,58,248.97492948138515,1.6048999313138557,0.9914793092897566,200.70029971666668,0.3261157111082221,248.97492948138515,200.70029971666668
99,55,258.5352051763174,2.018398434653213,0.9917571061641512,203.12392718366667,0.4390265435846114,258.5352051763174,203.12392718366667
99,53,268.4149117177935,2.1024125207009066,0.9942059791407395,205.64434361633334,0.5192690670165491,268.4149117177935,205.64434361633334
99,52,272.90586415110323,1.4903379301275568,0.9907465682103714,207.37955954100002,0.8192610074386208,272.90586415110323,207.37955954100002
99,50,284.25628281265926,0.6758965277992435,0.9916045385948635,210.31835553333335,0.41907636753822797,284.25628281265926,210.31835553333335
99,48,300.8621842228773,2.915180380664104,0.9905838824394867,216.37394138133334,0.7195661489798418,300.8621842228773,216.37394138133334
99,47,307.4983316147521,0.6160998005238983,0.9901786413570873,218.844255708,0.3839567770965932,307.4983316147521,218.844255708
99,45,323.2259228172761,1.7649803893826927,0.9935875709565676,223.8605441453333,0.5019844336666407,323.2259228172761,223.8605441453333
99,44,324.96550080297715,1.3470160912996654,0.9941371569448817,224.51975639499997,0.49246179318852007,324.96550080297715,224.51975639499997
99,43,333.1646876849269,2.036346320427109,0.9904158493623131,227.85131690100002,0.8195132076160808,333.1646876849269,227.85131690100002
99,41,347.9751096748809,0.319526464256352,0.993270729127205,233.145586564,0.14386829750591631,347.9751096748809,233.145586564
99,39,367.9096697648818,3.317831683822398,0.9917765713187171,241.7371471573333,1.194444444322146,367.9096697648818,241.7371471573333
99,38,376.2271754611453,2.396266084755484,0.9906159713873214,245.49746303633333,0.9599203344624304,376.2271754611453,245.49746303633333
99,37,385.97118655656664,1.5694134182773827,0.9928459229952447,250.764116174,0.9869092989468276,385.97118655656664,250.764116174
99,35,403.62129888377007,3.5120295878914707,0.9898211395659513,265.82105264566667,1.9116304243847795,403.62129888377007,265.82105264566667
99,33,424.94006907811337,0.32522675817589486,0.9931763283461889,279.79256450733334,0.2652201611062294,424.94006907811337,279.79256450733334
99,32,434.3290393853761,1.0678494566309489,0.9933347463153156,289.294777207,0.896075580804519,434.3290393853761,289.294777207
99,31,440.60389593087154,2.9759615596367617,0.9894974113499988,303.6495157695,2.988908183587824,440.60389593087154,303.6495157695
99,22,465.149125624725,0.08522935144758939,0.9901963900586405,338.520003368,0.415624443047343,465.149125624725,338.520003368
99,17,463.34477672818934,1.439265429630317,0.9889147084422634,336.6085839223333,2.518450406592137,463.34477672818934,336.6085839223333
99,13,462.587236101667,0.4828725887051853,0.9881327859335904,336.1188506583333,1.0479443456699227,462.587236101667,336.1188506583333
99,10,461.2637429437813,0.7941630495055532,0.9877992886221222,334.7531982103333,1.5502826864948656,461.2637429437813,334.7531982103333
99,1,462.5334671954216,0.18581025645160476,0.9863969150105307,336.1217610323333,2.007696687996186,462.5334671954216,336.1217610323333
99,0,462.55647880427694,1.2183396501700114,0.9854249420835639,335.15013922233334,1.5077251101569389,462.55647880427694,335.15013922233334
100,3162,4.809100518785272,0.06693417151461946,0.9959522180874132,177.941238981,0.026639284796303328,0.0,177.941238981
100,3162,4.809100518785272,0.06693417151461946,0.9959522180874132,177.941238981,0.026639284796303328,4.809100518785272,177.941238981
100,1778,8.496626998599275,0.0993332098505143,0.9977881343364418,177.73762945800001,0.025378240724305674,8.496626998599275,177.73762945800001
100,1000,15.14669748409372,0.09097065784754488,0.9984513058879037,177.08836648966667,0.05142035681639222,15.14669748409372,177.08836648966667
100,749,20.552436204227387,0.06020584070576262,0.9989066014675704,176.63498797600002,0.06667810614559125,20.552436204227387,176.63498797600002
100,562,27.086973828694738,0.045566527340391384,0.999212414454352,176.466762349,0.02716967647381852,27.086973828694738,176.466762349
100,421,35.610062045749665,0.08257356370548743,0.9993260972113781,175.82608565833334,0.023724373223018968,35.610062045749665,175.82608565833334
100,364,40.745912443000485,0.09575753250133245,0.999416642721276,175.00703563166667,0.0385973132399534,40.745912443000485,175.00703563166667
100,316,47.12496031384301,0.06958219768377041,0.9994293491622083,174.65089770866666,0.017667592339442227,47.12496031384301,174.65089770866666
100,273,54.576592219618696,0.07389698723621066,0.9995115577792992,174.74638393866667,0.035496039838537594,54.576592219618696,174.74638393866667
100,236,62.64741199397292,0.4417039082418826,0.9995451290996319,174.938931606,0.06626043430561317,62.64741199397292,174.938931606
100,204,71.90536095565047,0.14205616642913094,0.9996175516332592,175.11480779433336,0.03467192898751851,71.90536095565047,175.11480779433336
100,177,86.52869632294981,0.2739698620667107,0.9996228226331155,175.62052485900003,0.06925244034140825,86.52869632294981,175.62052485900003
100,133,114.79972302845488,0.2520530496690533,0.9995619577433517,177.50890302766666,0.04475992814277697,114.79972302845488,177.50890302766666
100,115,129.26351523304737,1.3889533107614402,0.9996708003661525,179.10263471566668,0.11883261636915118,129.26351523304737,179.10263471566668
100,100,148.39401348066647,0.4054613300628081,0.999721901188212,181.6019767183333,0.09412473033932103,148.39401348066647,181.6019767183333
100,86,170.80668827566342,0.4340923213327785,0.9996463174924285,184.51501805566667,0.19097680359966562,170.80668827566342,184.51501805566667
100,79,185.1101501097656,0.845034487887952,0.999702763208902,186.58257297066666,0.07725113725381684,185.1101501097656,186.58257297066666
100,74,197.7798273195966,1.1994401012696159,0.9979593092730954,188.98745316249997,0.37936884991490083,197.7798273195966,188.98745316249997
100,68,213.96212074382865,1.8189616898097765,0.9981931689441401,192.3166422905,0.48873835190238746,213.96212074382865,192.3166422905
100,63,230.67159686867566,1.6867368495730308,0.99874466164575,196.0519110425,0.4850988826421033,230.67159686867566,196.0519110425
100,60,240.9148434650596,1.2026873353124838,0.9980277763492547,198.441930161,0.22848907306920296,240.9148434650596,198.441930161
100,58,250.01387906138885,1.6900719261006383,0.9989925041456567,200.87765650883333,0.42508508039877174,250.01387906138885,200.87765650883333
100,56,253.11438959407175,2.5843298322682657,0.9981362456481816,201.40077767399998,0.6652794402223253,253.11438959407175,201.40077767399998
100,55,258.594931039709,1.774492405891876,0.9989742417687753,203.10116153516665,0.552796308280004,258.594931039709,203.10116153516665
100,52,273.7793798219114,3.014623725052191,0.9989071782503708,207.43345286666667,1.0203992605614645,273.7793798219114,207.43345286666667
100,50,283.3351051495838,1.1983856529766392,0.998995783085208,210.46323095449998,0.42802289502060176,283.3351051495838,210.46323095449998
100,48,302.40524702581195,1.2063192896939452,0.9990143340852055,216.64158436266666,0.4979303434353574,302.40524702581195,216.64158436266666
100,47,307.46103594452256,0.8923096850378233,0.9989691598926954,218.26017552966667,0.3878834035233641,307.46103594452256,218.26017552966667
100,45,321.5480336351507,2.4642932402934896,0.998743519343053,223.213064429,0.9987362208851638,321.5480336351507,223.213064429
100,44,326.9326747814725,2.8733961313064142,0.998841730503615,224.97471684799999,1.0905499295192789,326.9326747814725,224.97471684799999
100,43,333.8759086629786,2.639703841371753,0.9988542648144968,227.341223879,1.001398538813561,333.8759086629786,227.341223879
100,41,349.3172632958269,2.294139568986325,0.9988525126675976,232.95354407666665,0.7723133786156922,349.3172632958269,232.95354407666665
100,39,365.9137497770508,0.6582461927040933,0.9989107105409194,239.35579478149998,0.7289557387729353,365.9137497770508,239.35579478149998
100,38,375.04897124514054,2.4892557769565586,0.998942709936279,243.71883401133334,1.3827806107395393,375.04897124514054,243.71883401133334
100,37,383.9799056355994,2.992498007265779,0.998666767792301,247.654807364,1.8115982004422215,383.9799056355994,247.654807364
100,35,402.59271266806417,4.244063281762791,0.9988344534721204,258.2118817458333,2.6398135022245928,402.59271266806417,258.2118817458333
100,33,422.96321095093964,1.8799432531449145,0.9988049738098681,272.2199638105,1.9413607212457362,422.96321095093964,272.2199638105
100,32,431.189526315771,2.0979731009670135,0.9987373547327238,279.1978414423333,2.5563611777406994,431.189526315771,279.1978414423333
100,31,441.09292004203917,1.4097727721330167,0.998627844290955,288.89727235233335,2.796499862449977,441.09292004203917,288.89727235233335
100,22,465.5282275216896,0.4317481973635785,0.9986426951419736,322.13977991,6.494592590739715,465.5282275216896,322.13977991
100,17,464.4020321996811,1.1677291888815984,0.9985339149982352,320.2561142525,8.031758641970383,464.4020321996811,320.2561142525
100,13,464.1309155902652,0.6959037044291843,0.9984520446239241,320.3294853908333,5.246510834941043,464.1309155902652,320.3294853908333
100,10,462.6140067651345,1.3567130585248557,0.9985116389194632,319.1652153543333,6.339554062593993,462.6140067651345,319.1652153543333
100,1,463.9122182857208,0.964651881726695,0.9976805551368931,320.171255777,7.049353436092719,463.9122182857208,320.171255777
100,0,463.5353861701271,0.8101788005793908,0.9978760265911776,318.78619570983335,6.863302426773821,463.5353861701271,318.78619570983335
