read_pct_rounded,pause,bandwidth_mean,bandwidth_std,rd_percentage_actual_mean,latency_mean,latency_std,bandwidth_smooth,latency_smooth
50,5000,10.547267413333334,0.1543126605009922,0.5014939533063106,153.94765529422455,0.029127231080145446,10.547267413333334,153.94765529422455
50,3000,17.5250944,0.038254807172369946,0.5009697656319573,154.45644563409056,0.03226864795764821,17.5250944,154.45644563409056
50,2000,26.044304639999996,0.010416085470613992,0.500429296591006,155.20115008608167,0.033603866024945195,26.044304639999996,155.20115008608167
50,1500,34.05660245333333,0.2026219623451149,0.500371986470742,155.8341389611418,0.04503356317323056,34.05660245333333,155.8341389611418
50,1000,50.193599999999996,0.45123387441500196,0.5003421240008854,157.03638846066323,0.044365467298708196,50.193599999999996,157.03638846066323
50,900,54.14277034666666,0.6994622873698451,0.5002880239345212,157.17568117910216,0.05816739172732665,54.14277034666666,157.17568117910216
50,800,62.66660309333333,0.14911917472367398,0.5002011539516705,157.7312010789433,0.11519921691697932,62.66660309333333,157.7312010789433
50,700,70.18304896,1.0631665308106384,0.5005575048179933,158.22417129242513,0.1559330077949737,70.18304896,158.22417129242513
50,600,80.75879637333333,1.0343037456904247,0.5004199666433652,158.9511872102982,0.08991879163461401,80.75879637333333,158.9511872102982
50,550,86.99533226666667,0.23970339634323135,0.5001484551843006,159.39575837440518,0.049537871175335146,86.99533226666667,159.39575837440518
50,450,106.50048127999999,1.147891696876796,0.5001193155695569,160.31910280727735,0.13281748758105044,106.50048127999999,160.31910280727735
50,380,124.58557610666668,0.7382386369583452,0.5000923558636754,161.36735462302397,0.036344075683711174,124.58557610666668,161.36735462302397
50,340,136.18181546666665,0.40852830592672396,0.5000462585416532,161.8121085666757,0.06459692168838588,136.18181546666665,161.8121085666757
50,300,151.92384554666668,0.9175240420224756,0.5002983566610825,163.3822030145983,0.09903504582121136,151.92384554666668,163.3822030145983
50,260,171.87833984,0.13482735243233498,0.5001370659111722,164.79123891193123,0.06430492136376668,171.87833984,164.79123891193123
50,220,197.77339989333336,0.10018623988621726,0.5003400639514074,167.05431791140575,0.11357473410978088,197.77339989333336,167.05431791140575
50,200,214.38320384,0.08330802804345178,0.5001190388463522,168.2860468325687,0.11016847796874484,214.38320384,168.2860468325687
50,180,238.79167018666666,0.5649739678069867,0.5002938941931608,170.2432557979822,0.0861516550455556,238.79167018666666,170.2432557979822
50,160,262.4203195733333,0.15906706455312156,0.5001091450766254,172.44395557220204,0.3244585705824211,262.4203195733333,172.44395557220204
50,140,361.19225002666667,0.4414081581530773,0.5000748846691594,178.85491869076097,0.031088651630881353,361.19225002666667,178.85491869076097
50,120,417.5279022933334,0.7235252551891486,0.5000713395676076,185.8958478682795,1.7756263962935455,417.5279022933334,185.8958478682795
50,100,473.1314658133333,0.5516483893865114,0.5001151450909035,196.17036416047458,0.13531730544456205,473.1314658133333,196.17036416047458
50,90,512.9876590933333,0.676987649041578,0.5000380481124224,203.98542477785074,0.07923080945204189,512.9876590933333,203.98542477785074
50,80,549.6401160533333,0.4763125036476019,0.5000250261970942,202.93747069509448,0.6370259244159258,549.6401160533333,202.93747069509448
50,70,566.9848477866667,0.6165014676750492,0.5000552924511369,199.3004698667484,0.02689622684730349,566.9848477866667,199.3004698667484
50,65,632.9644087466667,1.4401058965093054,0.5000027411962812,181.46570089432714,0.06058240722835839,632.9644087466667,181.46570089432714
50,60,668.37987712,0.8247321483079445,0.4998380561943306,187.15659648712145,0.20653306535148833,668.37987712,187.15659648712145
50,55,696.5015889066666,1.6885227641502203,0.49957461992941554,192.2331520475126,0.10336870839361074,696.5015889066666,192.2331520475126
50,50,731.6687854933334,3.1141554667637155,0.4983423331923546,199.7844349484883,0.5544988548166868,731.6687854933334,199.7844349484883
50,40,797.4828514133334,0.8683045846925435,0.499951236807876,212.98197930484537,0.12126863160475018,797.4828514133334,212.98197930484537
50,25,824.9437828266667,1.940706768262947,0.5029077837455816,222.2508629928246,0.28376975257834974,824.9437828266667,222.2508629928246
50,20,828.7912187733333,7.056691441573533,0.50100352947844,223.28109926205676,0.1585411834671772,828.7912187733333,223.28109926205676
50,15,833.4478596266666,0.7400162082848788,0.5016607096084734,224.68304025254966,0.16516032357447707,833.4478596266666,224.68304025254966
50,10,847.7697032533333,4.876617010331292,0.5022367071234414,226.1548185119037,0.10007901936799304,847.7697032533333,226.1548185119037
50,5,853.2525320533333,1.3229875294573525,0.5016259668495414,226.06439659716412,0.16431480026737613,853.2525320533333,226.06439659716412
50,0,856.1509265066667,6.280614610619437,0.5013655605571762,226.002865807009,0.25761948003241614,856.1509265066667,226.002865807009
51,100000,0.76485888,0.014385606630629239,0.5103314948938595,152.85225462559694,0.03175160159255768,0.76485888,152.85225462559694
51,40000,1.6031168000000002,0.10825223334434447,0.5085036768305363,152.9729804089909,0.146608874857382,1.6031168000000002,152.9729804089909
51,5000,10.00155264,0.04841148542494567,0.5116753018262754,152.43669678284388,0.11345144314691291,10.00155264,152.43669678284388
51,3000,17.061655893333334,0.3639841382214796,0.5101461454965964,153.4629634112396,0.16969849862853637,17.061655893333334,153.4629634112396
51,2000,26.125543680000003,0.1114520243512569,0.5101557591226779,154.07125449139187,0.12641507363841056,26.125543680000003,154.07125449139187
51,1500,34.37433344,0.21683004899996372,0.5098197855959788,155.08280394553358,0.5289550473395076,34.37433344,155.08280394553358
51,1000,50.51264042666667,0.20456792348439565,0.5092450059580754,155.7957895308069,0.6231460694300599,50.51264042666667,155.7957895308069
51,900,55.63373312000001,0.41814695472365165,0.5092129351413872,156.24908898144835,0.5035181405333303,55.63373312000001,156.24908898144835
51,800,62.54163114666667,0.0920003523206213,0.5093675132374479,156.57720474080193,0.4538763312911087,62.54163114666667,156.57720474080193
51,700,70.16830549333334,1.3415508999692989,0.5095754094409904,156.83715765189115,0.18690795221561,70.16830549333334,156.83715765189115
51,600,81.59379072,0.3334553642820316,0.5096314465025339,157.60100158689912,0.25784378782061856,81.59379072,157.60100158689912
51,550,87.76099328,0.9335220374460342,0.5098782076446357,158.4950519255066,0.652297435589431,87.76099328,158.4950519255066
51,450,106.33952682666666,0.8791423013898171,0.5099570370490969,159.05929258281674,0.24746182135182532,106.33952682666666,159.05929258281674
51,380,124.72445482666666,0.5455235255716196,0.5107543229752403,159.69663325703903,0.07800914172505076,124.72445482666666,159.69663325703903
51,340,135.59912362666668,0.37894175099017585,0.510825907558513,160.42195649993616,0.642456738197946,135.59912362666668,160.42195649993616
51,300,150.31879381333331,0.13015961089881606,0.5114657377296864,161.3271470101739,0.35640317726318954,150.31879381333331,161.3271470101739
51,260,171.18671872000002,0.6215205770811896,0.5116282411765609,162.32332635601836,0.5931602006246534,171.18671872000002,162.32332635601836
51,220,196.78375168000002,0.20415146421979685,0.5117104728127408,165.10836862653323,0.333577040038797,196.78375168000002,165.10836862653323
51,200,213.65741397333332,0.12194593377320086,0.5115129934852664,165.79169859649895,0.1532652759688806,213.65741397333332,165.79169859649895
51,180,235.21549653333332,0.34255577421946404,0.5119711954760321,168.10293632506222,0.20497612043823588,235.21549653333332,168.10293632506222
51,160,256.7155776,0.21927902606865576,0.5114657615264261,170.8257144631668,0.33786056766148104,256.7155776,170.8257144631668
51,140,356.8724898133333,0.4177890253822127,0.5114247325809083,175.85509018457,0.3060325578696784,356.8724898133333,175.85509018457
51,120,412.9252177066667,0.046236450806158985,0.5112718438040479,183.70742173109798,0.23915896413777055,412.9252177066667,183.70742173109798
51,100,470.9503863466667,0.16642589130427582,0.5109629912259605,193.94481595279777,0.1484485804023967,470.9503863466667,193.94481595279777
51,90,522.8319808,1.4866833020798524,0.5107004434747332,205.89116459676907,0.2749825997210142,522.8319808,205.89116459676907
51,80,567.8666564266666,0.6720386366746396,0.5104842697365213,204.97680947356085,0.683097641383544,567.8666564266666,204.97680947356085
51,70,622.4740330666667,1.7729288241481296,0.510195824189038,201.83354557086105,0.43189018514939453,622.4740330666667,201.83354557086105
51,65,642.4877627733333,1.706309699233701,0.5100098771239437,202.31563624702912,0.755153786709986,642.4877627733333,202.31563624702912
51,60,673.3149388800001,1.6427425833219749,0.5096379583704786,193.79782266877922,11.012574265233734,673.3149388800001,193.79782266877922
51,55,713.0285939199999,0.9692618180384321,0.5089004529791609,195.32483390913023,0.14893174328105072,713.0285939199999,195.32483390913023
51,50,741.1055581866667,12.065782987063411,0.5080394944623204,199.81469203026623,0.5958739789242641,741.1055581866667,199.81469203026623
51,45,764.5270967466668,2.9548423695879973,0.5064607124095638,207.11654152300923,0.0768537884696341,764.5270967466668,207.11654152300923
51,40,803.9184362666666,1.30400318856213,0.51171141893236,215.4448580497507,0.09529675633815958,803.9184362666666,215.4448580497507
51,35,814.2669943466667,1.2868423817141537,0.5079557362735544,218.62152682063154,0.603060871556852,814.2669943466667,218.62152682063154
51,30,823.48505024,3.9209430792724462,0.5052607752737857,220.70364902067936,0.179272791278941,823.48505024,220.70364902067936
53,200000,0.5105207466666667,0.02777904069869465,0.5269736413992887,151.69955927957153,0.27958248330135843,0.5105207466666667,151.69955927957153
53,100000,0.80994688,0.01570639118072385,0.5309973807561893,151.82572224300324,0.6433758491757874,0.80994688,151.82572224300324
53,40000,1.6066204159999997,0.04143049099389103,0.5301307482657658,151.9836967260436,0.3287909520683003,1.6066204159999997,151.9836967260436
53,5000,10.885999786666666,0.25059237948405183,0.5282685559319624,153.04393023478784,0.37382815936325764,10.885999786666666,153.04393023478784
53,3000,18.123432533333332,0.6424874961197913,0.5274569823094978,153.4234199023476,0.583975863440312,18.123432533333332,153.4234199023476
53,2000,26.944430506666667,1.2309612730192223,0.5278840610284488,154.2647848626382,0.5143815669085279,26.944430506666667,154.2647848626382
53,1500,35.68267221333334,1.4815309048710141,0.5275240626236642,154.99931123708842,0.5189190198081342,35.68267221333334,154.99931123708842
53,1000,52.54352917333333,2.150929441863815,0.5276822624194218,156.178267531089,0.5882335499909279,52.54352917333333,156.178267531089
53,900,58.02052757333333,2.2726819394759716,0.5276729095576042,156.67026359680114,0.4446715426421394,58.02052757333333,156.67026359680114
53,800,64.57181056,2.4545557790745733,0.5282370907136196,157.30323216895633,0.34320739512401416,64.57181056,157.30323216895633
53,700,73.14859114666667,2.605668747235995,0.5277969780624172,157.66148698983105,0.5290595959821506,73.14859114666667,157.66148698983105
53,600,84.17774784000001,2.715744934170645,0.5277035806128544,158.10071513351082,0.6888737819446253,84.17774784000001,158.10071513351082
53,550,90.49038058666666,3.4701330895325717,0.527851405381163,158.5359225913488,0.6546644226088004,90.49038058666666,158.5359225913488
53,450,108.97376831999999,4.897588348949391,0.5279095622306496,159.42135364202127,0.7788434242506896,108.97376831999999,159.42135364202127
53,380,127.42305877333332,4.764582553245731,0.5278870550537641,160.5440223002171,1.0735592654933863,127.42305877333332,160.5440223002171
53,340,140.94679978666667,6.062803354006951,0.5279463004995925,161.0928411747811,1.0720253643695277,140.94679978666667,161.0928411747811
53,300,157.20690154666667,6.984904594911592,0.5294921485003851,162.38497563798418,1.333655950316168,157.20690154666667,162.38497563798418
53,260,186.4838033066667,0.11327756891644784,0.5294930106709054,165.61963391752485,0.04589451414433035,186.4838033066667,165.61963391752485
53,220,213.34311807999998,0.02684376660405411,0.5291120547903586,167.78650942995182,0.08566353355078174,213.34311807999998,167.78650942995182
53,200,231.43984085333332,0.1619062234636992,0.5290641598460964,169.31745582819605,0.2133583961104241,231.43984085333332,169.31745582819605
53,180,243.21779797333332,11.986350927161764,0.5312221337997859,169.10549736275917,1.848624874275633,243.21779797333332,169.10549736275917
53,160,265.88648277333334,11.657622523036313,0.5309380221136148,170.98142795725096,0.4244655118004963,265.88648277333334,170.98142795725096
53,140,386.3139810133334,0.14418701234701348,0.5293040393189674,180.56209242538384,0.00948546683140303,386.3139810133334,180.56209242538384
53,120,446.5843515733334,0.28414580687101626,0.5294479015854919,191.30060913712495,1.4141093747845748,446.5843515733334,191.30060913712495
53,100,505.0041937066667,0.4093401284666448,0.5292387669154809,204.1167275877419,0.04920213551324986,505.0041937066667,204.1167275877419
53,90,526.8292535466666,2.990240227597736,0.5278446460570624,207.2530788667685,0.19033047267412348,526.8292535466666,207.2530788667685
53,80,566.5919786666667,22.19868212834449,0.531688455768045,205.51377835759286,1.7346050113936398,566.5919786666667,205.51377835759286
53,70,628.5346464,12.029651832986625,0.5313028780510234,201.71648675564646,0.7799393647584348,628.5346464,201.71648675564646
53,65,654.3369725866667,15.252035588504333,0.5312371322308191,193.69155611541342,8.686941661603807,654.3369725866667,193.69155611541342
53,60,683.1523357866666,15.791067944084972,0.5310082345135835,195.09308773073914,7.82986080675275,683.1523357866666,195.09308773073914
53,55,718.5313922133333,15.030965290544591,0.5301584933056157,195.63100023026084,2.8857119944410528,718.5313922133333,195.63100023026084
53,50,751.8761977600001,10.929259752358542,0.5288836842130135,202.43087219885842,2.1740264127430784,751.8761977600001,202.43087219885842
53,45,769.4367022933334,3.182152608403775,0.5321939154087008,206.4867627494444,0.02193232172932674,769.4367022933334,206.4867627494444
53,40,790.8317649066666,2.66979800029239,0.529508084708958,212.48015886365928,0.15108750724181347,790.8317649066666,212.48015886365928
53,35,800.0853776,2.089682158747586,0.5307992218489096,218.37448403709718,0.34049974485514045,800.0853776,218.37448403709718
53,30,801.8741602133333,0.1218572815819852,0.5298911430107566,219.37819787613202,0.23096735554298778,801.8741602133333,219.37819787613202
53,25,812.4050850133334,2.146844719114324,0.5275770916685342,221.81911047900212,0.11791855924606842,812.4050850133334,221.81911047900212
53,20,813.3178022400001,2.131237147195503,0.5263529812702248,221.65096617072524,0.13206922231133392,813.3178022400001,221.65096617072524
53,15,813.7431953066666,3.652714985719814,0.526542067054316,222.69588489684637,0.1932380038190042,813.7431953066666,222.69588489684637
53,10,819.7565009066666,3.9381632246249287,0.5257821852095916,223.3419052597554,0.08457787679724746,819.7565009066666,223.3419052597554
54,200000,0.52542176,0.015924096500256564,0.5392197110334991,152.17803797669274,0.5828665751122868,0.52542176,152.17803797669274
54,100000,0.8087061333333333,0.014603421513677313,0.5365268703844676,151.4533038981929,0.47170455126287275,0.8087061333333333,151.4533038981929
54,40000,1.6331904,0.06754326165316372,0.539109956184272,151.82029458390278,0.3571003662751581,1.6331904,151.82029458390278
54,5000,10.679350613333334,0.3681596159916405,0.5389824134689025,152.8784291011514,0.06768442369532755,10.679350613333334,152.8784291011514
54,3000,18.04980138666667,0.1414452241935958,0.5389233298139714,153.51586757112466,0.08158055090986759,18.04980138666667,153.51586757112466
54,2000,27.499274240000002,0.05286391013648367,0.538948017620226,154.19244793946004,0.09522871830902854,27.499274240000002,154.19244793946004
54,1500,36.44256085333333,0.07034337290662622,0.5389786460278256,155.46409726666585,0.7930171775823017,36.44256085333333,155.46409726666585
54,1000,53.56621525333333,0.18322699174415324,0.539337164491066,155.82691236455892,0.13192805647696146,53.56621525333333,155.82691236455892
54,900,59.31654698666667,0.060500882057930756,0.5389770593232833,156.24102495667725,0.18660947228662447,59.31654698666667,156.24102495667725
54,800,66.05831850666665,0.32862803535756213,0.5391313329961165,156.81698162775777,0.1706923153388501,66.05831850666665,156.81698162775777
54,700,74.49077973333333,1.0680935302823098,0.5389924469006738,157.46555714357382,0.270842439558532,74.49077973333333,157.46555714357382
54,600,85.92932010666665,0.7090375948958014,0.5397129706470809,158.38283929411259,0.36469580853946276,85.92932010666665,158.38283929411259
54,550,92.94613290666666,0.7269948134254753,0.5390005768196886,158.38301468083887,0.1331966329726748,92.94613290666666,158.38301468083887
54,450,111.92392277333333,0.9689497260477972,0.5391275883292895,159.4361792739284,0.12832077315868126,111.92392277333333,159.4361792739284
54,380,130.32177024,0.9163103246651703,0.5392682819741581,160.70305117757053,0.566329288301407,130.32177024,160.70305117757053
54,340,144.01336021333333,0.8022916541154284,0.5394433954450274,161.11795931633847,0.3637913585025141,144.01336021333333,161.11795931633847
54,300,160.83775744,0.6871592865542826,0.5418631398203639,163.29522392857362,0.1589063144970252,160.83775744,163.29522392857362
54,260,173.71816576,0.22634729595247055,0.5364119474446996,162.76426513800553,0.551800968007788,173.71816576,162.76426513800553
54,220,198.83174485333333,0.04359993454066404,0.5363603340863508,165.54896627580638,0.32329277411779894,198.83174485333333,165.54896627580638
54,200,215.06426282666666,0.07700601685563958,0.5361479094105389,166.0856054541999,0.311875327049381,215.06426282666666,166.0856054541999
54,140,353.2686523733333,1.113427973086957,0.5363081441309153,174.8888764601461,1.9678636687734792,353.2686523733333,174.8888764601461
54,120,406.49385216,0.5615820654870985,0.5361242651125812,180.85331597414563,0.5705866592068564,406.49385216,180.85331597414563
54,100,473.1110976,0.4379082525346702,0.5356694092760969,193.97240946038005,0.1219412181948266,473.1110976,193.97240946038005
54,90,517.8769873066667,0.08094252071314872,0.5352137649928373,205.13826536071386,0.22157179697610332,517.8769873066667,205.13826536071386
54,70,598.7365623466667,1.2122641308439939,0.5445790305303301,199.42947368439613,0.036280938044630485,598.7365623466667,199.42947368439613
54,65,649.8557021866667,0.39215781658091003,0.5441430774301322,186.0683050755632,0.13047327582401158,649.8557021866667,186.0683050755632
54,60,682.8005073066666,0.3355766388203271,0.5434256995015101,191.87375226666413,0.20153445427438824,682.8005073066666,191.87375226666413
54,55,713.5775342933333,1.5813339269413584,0.5429278179236133,197.38231310505216,0.17139569834506152,713.5775342933333,197.38231310505216
54,50,740.5722542933332,2.139058463879362,0.5425638409436301,204.27086438121614,0.19222680362218342,740.5722542933332,204.27086438121614
54,45,770.8132765866667,0.9316031952157587,0.5410483294129986,211.25617669149526,0.22082715928207464,770.8132765866667,211.25617669149526
54,40,791.6300343466668,1.8797502003228654,0.5367600789123422,215.69334411002282,0.6929208808434772,791.6300343466668,215.69334411002282
54,30,819.4939519999999,2.5670889872046847,0.5423964250307667,219.90481098313606,0.23224960665727057,819.4939519999999,219.90481098313606
54,25,825.0823852799999,5.812338036096984,0.5417095784199495,220.61525825383842,0.43214957478433047,825.0823852799999,220.61525825383842
54,20,829.7381877333333,7.356436292452868,0.5401322542759206,221.25065538058507,0.5140826759540662,829.7381877333333,221.25065538058507
54,15,830.11932352,7.985092535321732,0.5405847074623009,222.56111662773762,0.6517329827756145,830.11932352,222.56111662773762
54,10,837.0118901333334,6.30144966470989,0.5396089354886506,223.14210076836386,1.0240730893434518,837.0118901333334,223.14210076836386
54,5,840.6587445333333,6.611509958397452,0.53890383288427,223.14303191791262,1.1703597454405232,840.6587445333333,223.14303191791262
54,0,843.2315332266667,8.370231588234391,0.5389810424733404,222.9126036935368,1.4099572200003785,843.2315332266667,222.9126036935368
55,200000,0.5047003733333334,0.02274422218869544,0.5505986194832232,151.29941123298747,1.005555708115876,0.5047003733333334,151.29941123298747
55,100000,0.79112192,0.014485893933580116,0.5499212358860143,151.93974191573182,1.007469634552338,0.79112192,151.93974191573182
55,40000,1.6207488,0.026837887392266994,0.5511302830333944,151.87080043952108,1.1648418302756345,1.6207488,151.87080043952108
55,5000,10.88052608,0.21738876137552732,0.5504964708240108,153.15016066714725,0.915628356434406,10.88052608,153.15016066714725
55,3000,17.34694698666667,0.21974106902960325,0.5491966970132219,152.79938228588028,0.11081017842326567,17.34694698666667,152.79938228588028
55,2000,25.983450453333333,0.07230988980044473,0.5480767346813677,153.3102952011794,0.1712858904220042,25.983450453333333,153.3102952011794
55,1500,33.381143466666664,0.2637435491182404,0.5484125272935947,153.82948191519958,0.14207702496430633,33.381143466666664,153.82948191519958
55,1000,50.52711808,0.04595959250033318,0.5483355244770537,155.3516479160679,1.1249835480229353,50.52711808,155.3516479160679
55,900,55.26232234666666,1.0141728207463678,0.5495001952515125,155.42061254446807,0.5576644840271965,55.26232234666666,155.42061254446807
55,800,62.590225919999995,0.050963113873592224,0.5480534885961612,155.79025167308126,0.37014696410225095,62.590225919999995,155.79025167308126
55,700,69.10255914666666,0.45129793947733665,0.548679707372956,156.46234284584656,0.13106896594704,69.10255914666666,156.46234284584656
55,600,80.91156010666667,0.5895398846136259,0.5483653675630814,157.00282226067327,0.42714840922630926,80.91156010666667,157.00282226067327
55,550,87.72415146666667,1.0069552852805306,0.5482450985787198,157.55693321132276,0.18162004042860186,87.72415146666667,157.55693321132276
55,450,105.40532821333333,0.9479292208466417,0.5483113434736243,158.56472776519755,0.25825264329820213,105.40532821333333,158.56472776519755
55,380,122.59141973333332,0.7310907193287515,0.5484760431711342,159.79582817372378,0.35869079790860925,122.59141973333332,159.79582817372378
55,340,135.83985066666665,0.5540925200997734,0.5484810814456942,159.9494346690299,0.3071302805817905,135.83985066666665,159.9494346690299
55,300,150.86937472,0.849799806594279,0.5495838673199384,160.83234130811897,0.4709668572764351,150.86937472,160.83234130811897
55,260,185.16405120000002,0.5380254922464339,0.5477362834281355,165.46935060098323,0.7278331102151419,185.16405120000002,165.46935060098323
55,220,211.26094165333333,0.052303135749465025,0.5478156060177457,167.70601617863548,0.2858076395766107,211.26094165333333,167.70601617863548
55,200,230.03751637333335,0.2040429167441849,0.5476289386136449,169.46630381801398,0.25567405529361714,230.03751637333335,169.46630381801398
55,180,248.22075434666667,0.3554480870467253,0.5477705564411556,169.02436776440166,0.13226540150273708,248.22075434666667,169.02436776440166
55,160,272.61080362666667,0.19360503425004721,0.5465742145676115,170.90336180520922,0.27730948776913433,272.61080362666667,170.90336180520922
55,140,382.38084224,0.27178878494149505,0.5478721183654977,180.4908865850563,0.17957573991338452,382.38084224,180.4908865850563
55,120,439.3910404266667,1.096081759450562,0.5473901726825458,190.9012029193216,0.08824237948618947,439.3910404266667,190.9012029193216
55,100,493.3673096533333,0.4362223921328468,0.5463709314614492,201.96972018245287,0.12305606471672666,493.3673096533333,201.96972018245287
55,90,530.7164275199999,0.6142310390196883,0.5458833479041764,207.6361576252435,0.2792347807871779,530.7164275199999,207.6361576252435
55,80,573.0436049066667,1.9724334640307966,0.5455385593754861,202.78582109707045,1.2318528229953627,573.0436049066667,202.78582109707045
55,65,626.2726963199999,0.8880772767995052,0.5547795665906133,181.76601851303016,0.11877846015572915,626.2726963199999,181.76601851303016
55,60,657.4715328,1.1139019060576272,0.5538158045565592,185.76597450670388,0.22535228834344476,657.4715328,185.76597450670388
55,55,693.0182634666667,0.2745598360296344,0.5529942471140575,191.55311327785293,0.13158257094200038,693.0182634666667,191.55311327785293
55,50,720.0862920533333,1.1336019284782213,0.5525250697452734,197.34980069831443,0.1735634026827305,720.0862920533333,197.34980069831443
55,45,759.29512832,0.14102449466526737,0.5518846711017033,205.08972432078102,0.29722852701747327,759.29512832,205.08972432078102
55,40,799.6829853866666,8.972921723249854,0.5514455548649457,213.79663405664965,0.8731497751632946,799.6829853866666,213.79663405664965
55,35,815.4790199466667,3.507726305880918,0.547054921037278,218.55789033182376,0.2629507572717532,815.4790199466667,218.55789033182376
55,30,825.4904443733334,0.37631531962118836,0.5456596650260551,219.3926720151027,0.19286164996222,825.4904443733334,219.3926720151027
55,10,834.0193527466666,1.8269079537616588,0.5548564000925746,221.83774964251225,0.10012956479887056,834.0193527466666,221.83774964251225
55,5,841.6035502933333,0.41485415497777234,0.5535951731301818,221.5917120006727,0.12024916297079295,841.6035502933333,221.5917120006727
55,0,843.1853777066667,2.4133726897174097,0.5531127240755719,221.20553150573366,0.21881018503291494,843.1853777066667,221.20553150573366
56,200000,0.5131745828571429,0.02380792001631371,0.561204548354895,152.41803653634597,0.24096039820989143,0.5131745828571429,152.41803653634597
56,40000,1.55643808,0.02808616164510913,0.5591915151263807,152.3693990143767,0.11520702303094238,1.55643808,152.3693990143767
56,5000,10.63483328,0.588598206946157,0.5599821394401738,153.2823297169457,0.02007918043288113,10.63483328,153.2823297169457
56,3000,17.903995946666665,0.5192671698921684,0.5596330210577996,154.27308745374978,0.40392583324251125,17.903995946666665,154.27308745374978
56,2000,25.934984959999998,0.36465691718728144,0.5607526720910914,154.48151713349588,0.10803184531537484,25.934984959999998,154.48151713349588
56,1500,35.05142784,1.153770836960705,0.5599894708562374,155.59643461026147,0.416367695411015,35.05142784,155.59643461026147
56,1000,51.15267562666667,2.274282912643152,0.5601852007696284,156.89148449639583,0.46212634068468017,51.15267562666667,156.89148449639583
56,900,56.99373098666667,1.7842713306755686,0.5603146610014154,157.16779907073425,0.45841157673717187,56.99373098666667,157.16779907073425
56,800,62.94503509333333,2.488052617993855,0.5605118260578871,157.57952107204528,0.5310119666499256,62.94503509333333,157.57952107204528
56,700,72.39420437333334,2.4187835806427738,0.560367827076028,158.22512997791526,0.5102645906149446,72.39420437333334,158.22512997791526
56,600,83.17424874666666,3.01045775502224,0.5605327259199558,158.8350289940369,0.540033858885078,83.17424874666666,158.8350289940369
56,550,89.68194645333334,2.5770055627014705,0.5605765538787328,159.20775030933277,0.5583190324859842,89.68194645333334,159.20775030933277
56,450,108.62070037333332,3.6123634751265987,0.5605637234824314,160.30866896246548,0.5047106943019121,108.62070037333332,160.30866896246548
56,380,125.90818368000002,3.652744420050069,0.5609501993166858,161.2703406826114,0.44941394853736955,125.90818368000002,161.2703406826114
56,340,138.91829056,4.380924127290113,0.5608232962266986,161.8838712243578,0.579289742668483,138.91829056,161.8838712243578
56,300,159.6744951466667,0.13135984350210966,0.5594583267818224,163.09664692479407,0.1374654370444988,159.6744951466667,163.09664692479407
56,260,174.4805047466667,0.5196540947968409,0.5573586578856232,163.87646054976346,0.446342189292978,174.4805047466667,163.87646054976346
56,220,199.76946944,0.1928104434209344,0.5570567527940932,165.68234099427266,0.3323095273766689,199.76946944,165.68234099427266
56,200,216.33906176000002,0.14639002356669595,0.5570608061414526,166.5827710469921,0.1637464796966347,216.33906176000002,166.5827710469921
56,180,236.41700096,0.24234082454969355,0.5569341556728339,168.33173877221859,0.15354290136857335,236.41700096,168.33173877221859
56,160,259.50629589333334,0.1452885978796411,0.5564350034850443,170.00874774673596,1.5384903167439776,259.50629589333334,170.00874774673596
56,140,363.75926656,0.2900183336666455,0.5577925753596246,177.28495878805427,1.070852844374656,363.75926656,177.28495878805427
56,120,419.64791808,0.24935529993943104,0.5580693157690476,185.3370453300979,0.41863675749845236,419.64791808,185.3370453300979
56,100,485.2087426133333,10.904283188974262,0.5608748596303986,199.13132301289738,4.1834851952990135,485.2087426133333,199.13132301289738
56,90,520.1544369066667,19.159431097418835,0.5602300347788028,205.70324255590012,4.596773012708365,520.1544369066667,205.70324255590012
56,80,558.2498807466667,25.428085190627304,0.5594664239080679,207.8334296024003,0.8641432514483914,558.2498807466667,207.8334296024003
56,70,614.8192868266666,22.381343543707235,0.558651261503905,203.52566159357005,2.3055555226532465,614.8192868266666,203.52566159357005
56,65,656.5192682666667,0.89766841581239,0.5612670499544405,205.95975214331426,0.2672450276577632,656.5192682666667,205.95975214331426
56,60,688.6664503466667,1.0959475083956645,0.5607545832418205,209.52154080973514,0.39601284404551684,688.6664503466667,209.52154080973514
56,55,730.08661376,1.094165439961379,0.5601822834972617,197.64839873677184,0.3161089471277007,730.08661376,197.64839873677184
56,50,764.7339566933333,0.4312090351062868,0.5594995305816884,204.5986543631271,0.43800278274008536,764.7339566933333,204.5986543631271
56,45,788.0839953066667,0.16781711175795067,0.5575012893641507,210.25304274028247,0.579942267500364,788.0839953066667,210.25304274028247
56,35,809.2206873600002,2.6680372266480505,0.5630109059164079,214.98099538142512,0.08418078257699448,809.2206873600002,214.98099538142512
56,30,816.434737152,1.9711313539095456,0.561714537933345,216.26398455673504,0.8123776404505492,816.434737152,216.26398455673504
56,25,827.8517988266667,3.42898275047279,0.5598324440253596,218.62732307836555,0.43077884430264024,827.8517988266667,218.62732307836555
56,20,833.0297644799999,4.2990567748116755,0.5586758643434042,219.33962995909735,0.7279205421073609,833.0297644799999,219.33962995909735
56,15,832.0065154133334,2.7602844779594884,0.5586162663725531,220.8250606220423,0.3715474423429683,832.0065154133334,220.8250606220423
56,10,844.9776516266666,0.09769787873794059,0.5605544174267948,221.30967112347153,0.22807261661556696,844.9776516266666,221.30967112347153
56,5,845.2763383466666,1.8298239010496224,0.5593834662103185,221.15868703702904,0.1029622032056611,845.2763383466666,221.15868703702904
56,0,849.65331968,0.46607610460405346,0.5590687222143159,220.69561862760858,0.09617526362428927,849.65331968,220.69561862760858
57,200000,0.5066630400000001,0.010526391564266786,0.5690453244315212,152.26496610211436,0.09649625320837031,0.5066630400000001,152.26496610211436
57,100000,0.76572032,0.027773458144128457,0.5716825442871931,152.26327175007634,0.06618814084198178,0.76572032,152.26327175007634
57,40000,1.5899874742857143,0.0674290344087054,0.570487405275961,152.3617014633614,0.07528929102378387,1.5899874742857143,152.3617014633614
57,5000,10.95290528,0.44109220012502115,0.5695597296436337,153.41027493490847,0.03563794676414422,10.95290528,153.41027493490847
57,3000,17.64369152,0.1916230683297532,0.5701360787926797,154.02776110509512,0.04162359111290592,17.64369152,154.02776110509512
57,2000,27.03147936,0.02479768928314807,0.5690965015227648,154.97041611168422,0.36137501511337017,27.03147936,154.97041611168422
57,1500,35.38125013333333,0.06017001917363729,0.569710454624543,155.44890504858327,0.05388761541634997,35.38125013333333,155.44890504858327
57,1000,51.84651008,0.5447286157026628,0.570124588225769,156.65162901949483,0.030924164355491342,51.84651008,156.65162901949483
57,900,56.900676266666665,0.24966669466709365,0.5703771735110542,157.0412929756858,0.04400091194518693,56.900676266666665,157.0412929756858
57,800,64.77428352,0.11358504157697094,0.5699486048283469,157.47847143070658,0.05546669584238382,64.77428352,157.47847143070658
57,700,73.45523456000001,0.2161413537474933,0.5700981104351951,157.99604349989121,0.024464589267267797,73.45523456000001,157.99604349989121
57,600,84.41265194666666,0.718053684062048,0.5701906491607435,158.71852576268338,0.035326287293891055,84.41265194666666,158.71852576268338
57,550,91.12832256000002,0.5007827815463979,0.5701102094058718,159.07162199616297,0.06163558264496803,91.12832256000002,159.07162199616297
57,450,109.88658304,0.5135484105236077,0.5702335848688704,159.9965025669865,0.15469545605625318,109.88658304,159.9965025669865
57,380,127.28404352,0.26553909845499957,0.5704243295889919,161.1390703413481,0.010063138353476638,127.28404352,161.1390703413481
57,340,141.35480362666667,0.6108441112449532,0.5704678714723536,161.8169663687303,0.01676991036903089,141.35480362666667,161.8169663687303
57,300,153.91253333333333,4.033843460736554,0.5692443963728798,162.54076365918885,0.1982987993286713,153.91253333333333,162.54076365918885
57,260,184.03754837333335,0.06077602744017375,0.5664547070384054,164.78217994628898,0.07284081809397167,184.03754837333335,164.78217994628898
57,220,210.3186176,0.16264767178395245,0.5658505811836666,166.85298803357597,0.1764342260633103,210.3186176,166.85298803357597
57,200,227.35443584000004,0.06549173293714898,0.565320117286705,168.33987202483277,0.08658600296187392,227.35443584000004,168.33987202483277
57,180,243.40799530666666,6.480063618222454,0.5702690598494704,169.67106178577563,0.25073643657297157,243.40799530666666,169.67106178577563
57,160,264.88422784,6.136245705731231,0.5698888800438197,171.31326075682225,0.1300329872052792,264.88422784,171.31326075682225
57,140,369.89897856,0.3019282530015845,0.5657976280714022,178.21869170779507,0.23799336542153793,369.89897856,178.21869170779507
57,120,424.22707669333334,0.4608181460984085,0.5654953332202907,184.32494848255195,0.17945617247992063,424.22707669333334,184.32494848255195
57,100,470.27958613333334,0.3245126983795127,0.5744198840948629,195.18864311620544,0.07165127995264853,470.27958613333334,195.18864311620544
57,90,493.95310592000004,0.7577239440978466,0.5731210998386117,201.330988714666,0.17900151698015077,493.95310592000004,201.330988714666
57,80,542.0393109333332,0.5427361142246167,0.5713780781430841,208.66468569439402,0.09484087517366421,542.0393109333332,208.66468569439402
57,70,576.3375718399999,0.45347797089379716,0.5704924098870047,206.45208399826095,0.31658475351676624,576.3375718399999,206.45208399826095
57,65,619.7222694400001,1.828924532732136,0.5693292317455901,201.1086654155449,0.09056608539131025,619.7222694400001,201.1086654155449
57,60,661.9308625066666,15.327730257528316,0.571370666697189,203.68497112472062,2.5024407845507053,661.9308625066666,203.68497112472062
57,55,701.6587374933333,15.474430359380799,0.5702542625773328,191.05179235163487,2.1693937372370082,701.6587374933333,191.05179235163487
57,50,735.42276416,15.760484583660052,0.5699956343577007,197.48304571097108,2.44430222464737,735.42276416,197.48304571097108
57,45,763.01524224,14.211527564068213,0.5698107628019421,203.35073639142107,1.8012377461397322,763.01524224,203.35073639142107
57,40,791.2171991466666,7.839208370508589,0.5686682907867252,209.94244263317,0.8598134495029905,791.2171991466666,209.94244263317
57,35,810.9199176533334,1.7308377935459807,0.567537224599762,214.046754666745,0.14338141204179328,810.9199176533334,214.046754666745
57,30,811.14103776,6.6723092258637795,0.5724166364565013,215.23758574773387,0.17079704152504988,811.14103776,215.23758574773387
57,25,820.0433288533335,0.6749782519653608,0.5720746770565838,218.21125020745072,0.1144183083720261,820.0433288533335,218.21125020745072
57,20,823.58120576,0.5623472286134722,0.5704261357685905,219.32810189356368,0.22606960944104443,823.58120576,219.32810189356368
57,15,828.6889877333333,4.41246605996419,0.570353935721377,220.87283514026237,0.1617092174897567,828.6889877333333,220.87283514026237
57,10,836.1082952533334,2.223652363505501,0.5689816096176483,222.08200174954413,0.139707304843591,836.1082952533334,222.08200174954413
57,5,840.7607462400001,5.531619091558362,0.5708551385753922,222.27996523210274,0.2682882406119118,840.7607462400001,222.27996523210274
57,0,846.0155790933333,2.3332879201064864,0.5710099933457751,221.4050196777931,0.5773005482814948,846.0155790933333,221.4050196777931
58,200000,0.50427264,,0.5817526011325936,152.7153128336716,0.10644537151783391,0.50427264,152.7153128336716
58,100000,0.7973442133333334,0.0645924963161644,0.5780245668414152,152.22950616318914,0.05891705612134486,0.7973442133333334,152.22950616318914
58,5000,9.860631893333334,0.06312254328550897,0.5760705563909078,153.44976959284494,0.1647472397412407,9.860631893333334,153.44976959284494
58,3000,17.172820053333336,0.10188301072675542,0.5785344229578743,153.9542002696248,0.03328882700600757,17.172820053333336,153.9542002696248
58,2000,25.429872639999996,0.057656856461404796,0.5782190317445871,154.59949568850917,0.02249165425613152,25.429872639999996,154.59949568850917
58,1500,33.46386645333333,0.0771100166320457,0.577246133686964,155.1980223813282,0.14648637156411778,33.46386645333333,155.1980223813282
58,1000,47.65164842666667,0.3956735598806017,0.5780560806090349,156.4509114443432,0.04199588383952971,47.65164842666667,156.4509114443432
58,900,54.542774613333336,0.13590065734352463,0.5775898821935942,156.75256914092913,0.09568129607082529,54.542774613333336,156.75256914092913
58,800,60.93417472000001,0.17465319936662563,0.5778250922296874,157.2370810060562,0.0541515086472436,60.93417472000001,157.2370810060562
58,700,69.02192896,0.3431767476190536,0.5779659701191563,157.72043894538294,0.04524798934333123,69.02192896,157.72043894538294
58,600,78.62571989333333,0.8762714711853467,0.578239292724192,158.15733479772865,0.3930408559022138,78.62571989333333,158.15733479772865
58,550,85.79084117333333,0.7108447432151789,0.5782037481672865,158.74616322339273,0.1668751863816216,85.79084117333333,158.74616322339273
58,450,103.94085034666666,0.04891470614046608,0.5780661282144268,159.7901831657864,0.04685811035779259,103.94085034666666,159.7901831657864
58,380,119.42251178666667,0.24498917302388615,0.5785815625538001,160.69758861161566,0.02353754302202342,119.42251178666667,160.69758861161566
58,340,132.68179157333333,0.5671828445838516,0.5785312914691162,161.39181652697712,0.03536236282033665,132.68179157333333,161.39181652697712
58,300,149.05022250666667,0.39770143446371725,0.5808312166182357,162.26576911372788,0.04693587957457791,149.05022250666667,162.26576911372788
58,260,175.6886690133333,0.29103100998934106,0.5779527059338833,164.5721822097424,0.07514554395093152,175.6886690133333,164.5721822097424
58,220,200.75026304000002,0.30807722866420517,0.5773736003414308,166.69343415935637,0.036887746966338446,200.75026304000002,166.69343415935637
58,200,215.73090176000002,0.20965530159832937,0.5764507017008633,167.96245743580195,0.07346758326507861,215.73090176000002,167.96245743580195
58,180,253.68494336,0.27527028027023137,0.5845575136084394,170.05524670114627,0.012409778200628387,253.68494336,170.05524670114627
58,160,276.05693397333334,0.03906538183599669,0.5835462727036376,171.88170538007765,0.08891255499070755,276.05693397333334,171.88170538007765
58,140,361.85824,0.23380432634838336,0.5769179484451028,178.2909015711641,0.13677165005656244,361.85824,178.2909015711641
58,120,425.008440832,13.191999737034495,0.5794796302651203,184.25531954131785,1.3385379335215772,425.008440832,184.25531954131785
58,100,495.2341179733333,0.35297216769150813,0.5819609438696255,203.53111313081695,0.041636263247093866,495.2341179733333,203.53111313081695
58,90,523.6477230933334,0.42629373010311034,0.5805711781162421,208.58180215302113,0.1273173634985817,523.6477230933334,208.58180215302113
58,80,581.1204040533333,0.6116949300649627,0.5782466109006476,207.36077221289312,0.15558754727437832,581.1204040533333,207.36077221289312
58,70,626.85276416,0.5377685843647707,0.5763897585221841,206.16391351029787,3.2762816527482292,626.85276416,206.16391351029787
58,65,646.1116723200001,0.13058781954910467,0.5755691909736179,203.17502945042108,0.01282114930959782,646.1116723200001,203.17502945042108
58,60,640.5826589866666,1.2251229536469341,0.5837785020066465,182.58879326812288,0.02482569712608279,640.5826589866666,182.58879326812288
58,55,674.84172544,0.84572681360204,0.5815564440328537,187.10415271215717,0.17600111214143774,674.84172544,187.10415271215717
58,50,702.6684693333333,1.8761959136144253,0.5802910146427579,191.96091761629373,0.0829844602495345,702.6684693333333,191.96091761629373
58,45,735.5759470933334,0.7891999478047582,0.579461633044121,198.4555157540634,0.03768190946944498,735.5759470933334,198.4555157540634
58,40,767.6521779199999,1.126675186915231,0.5792962955568873,205.7131966102747,0.03006961878515489,767.6521779199999,205.7131966102747
58,35,801.0568032,6.075908592840387,0.5808194661079654,213.08193302584024,0.6587280380032867,801.0568032,213.08193302584024
58,30,817.7650662400001,1.5930599074665897,0.5809087899352039,216.01346266460834,0.1620997372092822,817.7650662400001,216.01346266460834
58,25,822.0689821866667,4.275297421094664,0.5787161972780744,217.5570373367374,0.18522535541163104,822.0689821866667,217.5570373367374
58,20,830.40161664,1.2485171164943105,0.5768614984192119,219.57261727428354,0.1678714811729314,830.40161664,219.57261727428354
58,15,833.88934784,0.48072424682694004,0.5772291378369405,220.82744810444657,0.34296116279519534,833.88934784,220.82744810444657
58,10,835.58164288,3.2681730706073155,0.5795843751303145,221.06294604182855,0.5949177684744031,835.58164288,221.06294604182855
58,5,844.2212464,1.1894433056464495,0.581089426502263,221.59093994705134,0.16177184009303763,844.2212464,221.59093994705134
58,0,846.8755246933333,0.47616822492219724,0.5823999307894628,221.65368765839284,0.15760212526219372,846.8755246933333,221.65368765839284
59,200000,0.50246144,0.024204825884280162,0.5892425902935851,151.58553253651414,0.67790732233527,0.50246144,151.58553253651414
59,100000,0.77970432,0.014343303054122536,0.5901649781138616,152.49997415258972,0.2521737594282231,0.77970432,152.49997415258972
59,40000,1.56695008,0.012620561149869687,0.5895169628979084,152.38683036648743,0.062287332944665035,1.56695008,152.38683036648743
59,5000,10.666202026666667,0.454701159017576,0.5901189871935496,153.4098957858774,0.044046400287207695,10.666202026666667,153.4098957858774
59,3000,17.8456096,0.8043479219943303,0.5896333548924586,154.03741721821407,0.03857830255360319,17.8456096,154.03741721821407
59,2000,26.7788544,0.20264345812622542,0.5875598463475433,154.77869428149003,0.03707547668499514,26.7788544,154.77869428149003
59,1500,34.76276693333333,0.16992707914603877,0.5881071557689626,155.35479952376966,0.07721837655830917,34.76276693333333,155.35479952376966
59,1000,51.54477312,0.27112823031737915,0.5884854704519387,156.65307431351118,0.027940716627863817,51.54477312,156.65307431351118
59,900,57.981085013333335,0.19628821082775524,0.5884409811279251,157.0289980650601,0.046430815007449944,57.981085013333335,157.0289980650601
59,800,64.49956309333334,0.3017764252468525,0.5890013349231232,157.41013267932072,0.03728192237753817,64.49956309333334,157.41013267932072
59,700,72.73079850666666,0.333526341592307,0.5889876377782994,157.91316902300116,0.1172860751960678,72.73079850666666,157.91316902300116
59,600,84.51101653333335,0.17782067292401948,0.5890900593168578,158.5991528705241,0.039932197366409815,84.51101653333335,158.5991528705241
59,550,91.25096661333333,0.7428184859775505,0.5890465057267851,158.90617550941616,0.11651854338238771,91.25096661333333,158.90617550941616
59,450,110.27702272,0.2970378672420699,0.5890648779716545,160.0971020258677,0.01584893379673269,110.27702272,160.0971020258677
59,380,127.09199786666666,0.11003139302917186,0.5894435097783141,161.0640331550209,0.06343602900632699,127.09199786666666,161.0640331550209
59,340,141.15597909333334,0.5532738009072549,0.5893587410127661,161.79565451968404,0.14058471158886823,141.15597909333334,161.79565451968404
59,300,157.30125653333334,0.16746714726385722,0.5922801088435955,162.56727958422258,0.12765555941000645,157.30125653333334,162.56727958422258
59,260,185.35279701333332,0.2929654850634581,0.5882479976535765,164.79507216885156,0.04853128564656915,185.35279701333332,164.79507216885156
59,220,212.35726634666665,0.18091944162037119,0.5875804025854565,166.8181367725343,0.011183426956039928,212.35726634666665,166.8181367725343
59,200,230.41793621333332,0.08871223781508072,0.5876808019719645,168.40082095358343,0.07387867303756158,230.41793621333332,168.40082095358343
59,180,236.54728832,0.8443213382953336,0.5935940822572293,169.315690947921,0.09542108849337538,236.54728832,169.315690947921
59,160,257.0380544,0.5143274712924141,0.5920263341360584,171.14851427191465,0.04280380133117717,257.0380544,171.14851427191465
59,140,383.51751210666663,0.0425735568006535,0.5865092031580053,179.28973298823072,0.0738547951502147,383.51751210666663,179.28973298823072
59,120,439.60326912,,0.5850664407361175,187.7318841400776,0.022511783354090344,439.60326912,187.7318841400776
59,90,498.83073664,0.571053199381009,0.5931074258855838,201.79587950308164,0.05079379322093227,498.83073664,201.79587950308164
59,80,550.49268992,1.6026062627888285,0.5897834208790118,209.2308934119859,0.09401984453629907,550.49268992,209.2308934119859
59,70,576.19056,1.4421302857397345,0.5884690563468422,206.18057002094693,0.9201724511926984,576.19056,206.18057002094693
59,65,631.4857666133333,18.128135672321534,0.590170299969912,201.65534531021194,0.30749877753761823,631.4857666133333,201.65534531021194
59,60,676.4969770666667,0.0998454927911902,0.5922633783323437,185.67222290892232,0.09576581257306276,676.4969770666667,185.67222290892232
59,55,711.8778491733334,0.1651550717498732,0.5896641509021688,192.10130250571115,0.048946236243039655,711.8778491733334,192.10130250571115
59,50,735.9360712533335,2.853517067248112,0.5883978046023907,197.26770595143543,0.11783076907752477,735.9360712533335,197.26770595143543
59,45,757.9913173333334,2.4825031380155544,0.587453812827693,202.34973396777175,0.09385946887003305,757.9913173333334,202.34973396777175
59,40,762.8207624533334,23.74323247572323,0.5906691598831181,203.29539155240434,5.118908538253882,762.8207624533334,203.29539155240434
59,35,762.2625412266666,0.44114023540517305,0.5934085896395328,203.9764587312786,0.09185864654591387,762.2625412266666,203.9764587312786
59,30,778.7752610133333,0.6543365548972361,0.5915354840844231,207.59337970546778,0.245021621956911,778.7752610133333,207.59337970546778
59,25,810.0612718933334,18.417744060617633,0.5917055465301928,214.51522144186666,3.535131819014712,810.0612718933334,214.51522144186666
59,20,818.4137540266667,11.219763249828585,0.5894301297718283,216.585173689708,2.3612337977883215,818.4137540266667,216.585173689708
59,15,818.5129858133333,9.439954675180816,0.5894885739442218,218.7073641466155,1.7695283450430659,818.5129858133333,218.7073641466155
59,10,841.9176644266666,4.386756574165096,0.5911481718221887,220.72708867490505,0.27699029019444815,841.9176644266666,220.72708867490505
59,5,845.5205256533333,0.4233208793730574,0.5903816219367651,220.85287122741883,0.028096032280930366,845.5205256533333,220.85287122741883
59,0,850.1976580266668,1.092799732193469,0.58954296161444,227.7821913598675,12.58198654034539,850.1976580266668,227.7821913598675
60,200000,0.4968273066666667,0.03382949040401601,0.5996633245961063,151.30353134548218,0.5733546851467255,0.4968273066666667,151.30353134548218
60,100000,0.7648817066666668,0.027254278961556605,0.6011739898974543,150.8628352628167,0.5583213230208891,0.7648817066666668,150.8628352628167
60,5000,10.740606293333334,0.1363649831319309,0.6015909702730294,153.38997765668896,0.1309404561183762,10.740606293333334,153.38997765668896
60,3000,17.31042752,0.6871242351607574,0.5995343986026652,153.826571696036,0.12360012129633417,17.31042752,153.826571696036
60,2000,25.639347968,0.8642009415735165,0.5989234771022647,154.53588363503218,0.09203459295198473,25.639347968,154.53588363503218
60,1500,33.19942656,0.11431196567272539,0.5962436758160394,155.25622144534285,0.0403992223208601,33.19942656,155.25622144534285
60,1000,48.57168597333333,0.14293152594216446,0.5964680446267877,156.42008084729295,0.030054256332932065,48.57168597333333,156.42008084729295
60,900,54.18756607999999,0.11997920176798892,0.596547144158993,156.82388414418148,0.09320776274420967,54.18756607999999,156.82388414418148
60,800,60.278089386666664,0.4095762684851852,0.5968145678602146,157.11135281948273,0.18964457057791556,60.278089386666664,157.11135281948273
60,700,68.08967509333333,0.5061376429709561,0.5970532848155584,157.66562099962928,0.13251402077084204,68.08967509333333,157.66562099962928
60,600,78.63044565333333,0.2357241738109197,0.5976587372866614,158.18778368031818,0.3029726394986707,78.63044565333333,158.18778368031818
60,550,85.04097877333334,0.05608168589473051,0.5972534492916723,158.76878768802194,0.013373699513508626,85.04097877333334,158.76878768802194
60,450,102.70588714666667,0.4283210609906952,0.5974034456781496,159.75547973715462,0.03843548089847318,102.70588714666667,159.75547973715462
60,380,119.52404053333333,0.2390647534122951,0.5974661222361766,160.68762998126877,0.028637756163308346,119.52404053333333,160.68762998126877
60,340,132.13812693333333,0.44200971553312624,0.5974699672524674,161.3013772840745,0.08021397853593898,132.13812693333333,161.3013772840745
60,300,148.20834517333336,0.37034370491005936,0.6023371147109833,162.2113915589093,0.022637967126585987,148.20834517333336,162.2113915589093
60,260,180.25130965333332,3.780728699686083,0.600681023327441,164.50738678278412,0.09318894234564991,180.25130965333332,164.50738678278412
60,220,205.98650304,4.657588803495331,0.5999272150481194,166.48615463110335,0.11248925730277275,205.98650304,166.48615463110335
60,200,222.34120127999998,5.448453429460127,0.5999640522149755,168.14553255845604,0.048262108886620574,222.34120127999998,168.14553255845604
60,180,248.12116863999998,0.15183992923176315,0.5999606942863095,169.74436068944405,0.054778092735870504,248.12116863999998,169.74436068944405
60,160,271.05785685333336,0.32779540969953286,0.5997898481231912,171.4573949802897,0.04632764761725541,271.05785685333336,171.4573949802897
60,140,373.18378218666663,10.003373326010863,0.601303535863777,179.02185162610866,0.7540899161331601,373.18378218666663,179.02185162610866
60,120,417.6699989333333,1.645140156266548,0.5995818015530515,183.88194499123577,0.7715191244426562,417.6699989333333,183.88194499123577
60,100,487.92546918399995,14.217405153143707,0.5989993946163203,197.5574760811118,4.110592298174587,487.92546918399995,197.5574760811118
60,90,540.3763579733333,0.8789454824251977,0.5994145239142981,208.49274273582918,0.14598537801711609,540.3763579733333,208.49274273582918
60,80,563.3551022933334,0.7920236109617318,0.5984451609263807,207.92818889684432,0.18422699196560882,563.3551022933334,207.92818889684432
60,70,596.8455733333334,29.90105507941422,0.6004934176527236,205.13902226948792,3.4696074823661593,596.8455733333334,205.13902226948792
60,65,613.4302557866666,0.7633474462206482,0.603564910145251,203.75652366813816,0.13316722676968729,613.4302557866666,203.75652366813816
60,60,639.6023662933334,0.41508870050387936,0.6021309576844232,201.75418524024568,0.2600951835271172,639.6023662933334,201.75418524024568
60,55,670.3439995733333,1.1904822962805077,0.5998427689092316,185.0030578310875,0.12449281017767984,670.3439995733333,185.0030578310875
60,50,696.2227370666666,1.8336022138229278,0.597606186385664,189.74364242587498,0.18170513171748714,696.2227370666666,189.74364242587498
60,45,720.8564718933334,0.5468713995567029,0.595907511406013,194.5087237209051,0.23637669159871716,720.8564718933334,194.5087237209051
60,40,782.9183104,2.1026665507177507,0.6032880727868983,207.45456575077,0.18314008743219748,782.9183104,207.45456575077
60,35,802.9314368,0.6354766221271632,0.6008960617673825,212.29486474643986,0.03419734889759824,802.9314368,212.29486474643986
60,30,815.19808768,2.073687213568576,0.5980176427226347,215.4130750875676,0.08813862701384573,815.19808768,215.4130750875676
60,25,811.47895424,,0.6048108777135893,216.38322334557418,0.059629716938649824,811.47895424,216.38322334557418
60,20,820.8031513599999,1.1065666859950058,0.6023694771413007,218.31854606869683,0.053876597391900205,820.8031513599999,218.31854606869683
60,15,824.6805141333333,5.991341744029388,0.6025872347501671,219.70851686030414,0.12981262063134172,824.6805141333333,219.70851686030414
60,10,832.7916616533333,2.3398469619493283,0.6001568733021957,221.26047449886406,0.060190932005596616,832.7916616533333,221.26047449886406
60,5,832.97610368,3.5189941708969243,0.5992624785282837,221.43168243855533,0.4219134126393808,832.97610368,221.43168243855533
60,0,845.31507328,2.086255522860314,0.5980882180071299,220.91566520677952,0.3495174472334485,845.31507328,220.91566520677952
61,200000,0.49509858461538464,0.02544093587023631,0.6084262299413606,151.73864615554066,0.9638143057691533,0.49509858461538464,151.73864615554066
61,100000,0.751889408,0.03539140349594162,0.6107804538921416,150.9675928292513,0.595949920328613,0.751889408,150.9675928292513
61,40000,1.5811003733333333,0.07109242795626554,0.6091095591202718,151.899384924239,0.7818424917068396,1.5811003733333333,151.899384924239
61,5000,10.2988864,0.2063947293359077,0.610684133264627,152.28307965525866,0.09614618189925861,10.2988864,152.28307965525866
61,3000,17.02980448,0.7540681036833018,0.6117795944149392,153.32295177838174,0.6905707694769564,17.02980448,153.32295177838174
61,2000,25.45570368,0.8978503793681937,0.6108542394209739,154.0402434872352,0.8050649406671249,25.45570368,154.0402434872352
61,1500,33.94255744,0.8009478506684494,0.6088075385186651,154.65170760316275,0.8168886630889549,33.94255744,154.65170760316275
61,1000,49.91968448,1.4891202316724714,0.6099231750732069,155.88783366425105,0.5970133721143471,49.91968448,155.88783366425105
61,900,55.58504554666666,2.001457858595084,0.6100773857350243,156.14050940311955,0.9178164936384887,55.58504554666666,156.14050940311955
61,800,61.96480085333334,2.3195938626767227,0.6104449484814339,156.69402439153365,0.8198196095795995,61.96480085333334,156.69402439153365
61,700,70.38594410666667,2.8803391632432853,0.6103558751794801,157.247001525632,0.7567691102248492,70.38594410666667,157.247001525632
61,600,81.676933632,3.2710176076081896,0.6097179535094146,157.83658462262193,0.9051427374731129,81.676933632,157.83658462262193
61,550,89.45951552,3.5123244990760734,0.6084239925044315,158.99380776746844,0.015379628931087375,89.45951552,158.99380776746844
61,450,109.21022634666666,0.349876201774716,0.606671524603652,160.0568859559517,0.07310690370991257,109.21022634666666,160.0568859559517
61,380,127.30267306666667,0.3094873831564736,0.6065913223067111,161.0173527891284,0.088884843127202,127.30267306666667,161.0173527891284
61,340,141.58664192,0.27199865058452805,0.6075091950516837,161.7685110956634,0.01502712041436331,141.58664192,161.7685110956634
61,260,174.0754769066667,0.33999501286737877,0.6142994749995566,163.75373384575673,0.11663448261445465,174.0754769066667,163.75373384575673
61,220,198.71784661333334,0.28717019020466894,0.613746225116009,165.78708082761227,0.03127171316643726,198.71784661333334,165.78708082761227
61,200,215.73598378666665,0.17973676434425215,0.6137644960011776,167.3578197932048,0.10293833393342387,215.73598378666665,167.3578197932048
61,180,233.46805418666668,0.2923713866954483,0.6086700138154469,168.71491130616252,0.15637791107081625,233.46805418666668,168.71491130616252
61,160,252.30108202666665,0.5331550626173908,0.6069105269872727,170.0709309498736,0.35446817065120306,252.30108202666665,170.0709309498736
61,140,360.04003711999997,,0.6147469558398873,177.27315213537963,0.06123898236748977,360.04003711999997,177.27315213537963
61,120,415.0394432,0.42188086867178626,0.6142821755254821,183.44160453337938,0.4140002705266343,415.0394432,183.44160453337938
61,100,465.54164864,0.5538844534013936,0.6103369760123621,193.9252963457167,1.145735086485688,465.54164864,193.9252963457167
61,90,503.10203946666667,0.9523424643030521,0.6085541877951106,202.7772202178089,0.08901087928276709,503.10203946666667,202.7772202178089
61,80,542.6633437866667,2.386854272110877,0.6065294552591253,208.5741508095358,0.2584465180632638,542.6633437866667,208.5741508095358
61,60,684.6394380800001,1.0807219704047677,0.612713346924522,186.2001889153794,0.14915277225458462,684.6394380800001,186.2001889153794
61,55,716.4886348800001,1.087455322682665,0.6096567897167987,191.85743944776405,0.1345391738603916,716.4886348800001,191.85743944776405
61,50,742.3196283733333,1.7099290124158582,0.6071894124256499,197.20891236551552,0.08876167369192409,742.3196283733333,197.20891236551552
61,45,766.4370688,1.0402993706185795,0.6051600150234074,202.17654438780832,0.08498565085390071,766.4370688,202.17654438780832
61,40,757.0221299199999,2.878555302980926,0.6138450164804657,202.92400356098577,0.2174531090499194,757.0221299199999,202.92400356098577
61,35,779.8666427733333,1.286385543755626,0.6105052702901043,208.77270731621059,0.15736745393037666,779.8666427733333,208.77270731621059
61,30,796.1126510933333,1.2741048835853135,0.6089557977755699,213.09468775219207,0.18766139524834588,796.1126510933333,213.09468775219207
61,25,799.010217472,13.403250910819947,0.6103812018587896,210.25832345335652,0.19986908387065658,799.010217472,210.25832345335652
61,20,809.5706965333334,9.47219753292611,0.6126573588915435,215.62898335489191,2.037240973424042,809.5706965333334,215.62898335489191
61,15,811.8719633066667,8.051434635763355,0.6121431366396439,217.6716133088712,1.654091991854688,811.8719633066667,217.6716133088712
61,10,826.6315005866667,3.9370061093396274,0.6102218083878298,219.2713977519248,0.563223122677425,826.6315005866667,219.2713977519248
61,5,831.8406311822223,1.9462560589752196,0.6111025294114694,220.58377853426293,0.38516432300085846,831.8406311822223,220.58377853426293
61,0,837.8051416177777,3.907437487596594,0.6108158678443997,219.85813882816097,0.4397207408951585,837.8051416177777,219.85813882816097
62,200000,0.477611776,0.014818050384948777,0.6216425151611156,151.55568363853436,0.5464656584577211,0.477611776,151.55568363853436
62,100000,0.7211097599999999,0.05932857634240014,0.6199419721557177,151.53501204660404,0.6406122073194904,0.7211097599999999,151.53501204660404
62,40000,1.5242177828571428,0.07705325873636873,0.6189794606733242,151.32910143357734,0.31468115893939724,1.5242177828571428,151.32910143357734
62,5000,10.269648822857144,0.29492523718017216,0.6200244035790233,153.0338593891964,0.7641297417807557,10.269648822857144,153.0338593891964
62,3000,16.992106879999998,0.5203762754373638,0.6202291397769475,153.5791507636366,0.8723091710230946,16.992106879999998,153.5791507636366
62,2000,25.980909226666665,0.05118708048731452,0.6174143528775816,155.02749033165966,0.07268904629926255,25.980909226666665,155.02749033165966
62,1500,34.15923968,0.5780627277967899,0.6180637957039568,155.6574502614658,0.02978416339935597,34.15923968,155.6574502614658
62,1000,50.72570581333334,0.10242701311163697,0.6194927180548447,156.94085913349411,0.04896784887708669,50.72570581333334,156.94085913349411
62,900,55.977902933333326,0.07691754914790126,0.6196726676478939,157.30957064080243,0.02441767459908532,55.977902933333326,157.30957064080243
62,800,62.47883861333333,0.0743987106003304,0.6196356265876067,157.68855793704063,0.0515561256890927,62.47883861333333,157.68855793704063
62,700,71.12095573333333,0.0758130536468895,0.6198303728938691,158.13980650886407,0.032003382762171344,71.12095573333333,158.13980650886407
62,600,80.78954496,1.8589480190549323,0.619190823019391,158.94607712537163,0.035435295859264394,80.78954496,158.94607712537163
62,550,87.17610496,2.2745608451025516,0.6183301058705912,158.23075302897442,1.1570291522304148,87.17610496,158.23075302897442
62,450,104.47449728,2.2338413979057483,0.6179525336392087,159.33578625640646,1.067979624177757,104.47449728,159.33578625640646
62,380,121.59686869333332,2.63303942888328,0.618264105955684,160.228637322887,1.240018420133274,121.59686869333332,160.228637322887
62,340,134.84650090666665,2.668056541365631,0.6187976830858276,160.9517385062553,1.0250017718247415,134.84650090666665,160.9517385062553
62,300,151.36197856,5.256892582250507,0.6203433453241616,162.0863555117307,0.5761156622505315,151.36197856,162.0863555117307
62,260,185.38253568000002,0.02185925571768066,0.6239502972029373,164.8547471892264,0.0864900055131074,185.38253568000002,164.8547471892264
62,220,212.57325482666667,0.11483683537033157,0.623645513864392,166.70163066445846,0.07584205317294059,212.57325482666667,166.70163066445846
62,200,227.21037525333335,0.21485743006562127,0.6212041875662196,168.00746356970453,0.047203420785983254,227.21037525333335,168.00746356970453
62,180,243.7941248,0.31731326454092906,0.617031334892424,169.12364654847855,0.0214676045879582,243.7941248,169.12364654847855
62,160,257.0288224,12.243032978496373,0.6195135557688206,170.61218736109925,0.7768098783689805,257.0288224,170.61218736109925
62,120,443.3086587733333,0.06559265116873018,0.6248280915733154,186.32611298768177,0.14785301145622343,443.3086587733333,186.32611298768177
62,100,502.3216682666667,0.7439051209276127,0.6221846379259127,201.03399477284668,0.14479007407629368,502.3216682666667,201.03399477284668
62,90,541.99963008,0.4837664521945778,0.620123850678933,208.7763846162318,0.10552577037051424,541.99963008,208.7763846162318
62,80,587.2854208,0.7688237649570496,0.6183410262714325,206.7440663597895,0.4654204578646365,587.2854208,206.7440663597895
62,70,627.8632362666667,0.9377247364960426,0.6167477751162375,205.62426717760334,5.112293602348682,627.8632362666667,205.62426717760334
62,65,654.42159104,1.5102344649947996,0.6151643809774962,202.45432633366633,0.10299586311427326,654.42159104,202.45432633366633
62,60,649.2800482133333,1.8464009778724277,0.6240604874214599,183.6522682470255,0.29471070977933106,649.2800482133333,183.6522682470255
62,55,680.3259285333334,0.5622648177158546,0.6215822302856681,187.03911298953017,0.1326960814678317,680.3259285333334,187.03911298953017
62,50,704.0011037866667,6.61578680447666,0.6210728905046632,191.35770481905323,0.5763267506207074,704.0011037866667,191.35770481905323
62,45,727.9401924266667,10.455483045476866,0.6186094975055484,196.02423649824766,1.3854461278394796,727.9401924266667,196.02423649824766
62,40,738.2658478933334,1.208158689917633,0.6190281594737473,198.24236960883573,0.3434164581067189,738.2658478933334,198.24236960883573
62,35,770.8692902399999,14.80709940432469,0.6197339993639981,205.6577483394583,3.219445543289601,770.8692902399999,205.6577483394583
62,30,787.1781751466666,15.344151718702525,0.6178116319643132,209.43744591232291,3.914262831884697,787.1781751466666,209.43744591232291
62,25,803.5423406933334,10.053049219449779,0.6195639806669768,214.4157848217776,1.7058866969134143,803.5423406933334,214.4157848217776
62,20,805.36822528,2.582036104013041,0.6197442385994626,215.0854478459696,0.06794087569428225,805.36822528,215.0854478459696
62,15,809.6913049600001,1.6215099708540763,0.6189831888421046,217.0778596426718,0.07288379068231346,809.6913049600001,217.0778596426718
62,10,821.8191415466667,4.801890052193839,0.619572826667677,220.27459319507605,0.5466120203967534,821.8191415466667,220.27459319507605
62,5,835.98536832,6.7230334935675495,0.620631577820651,222.2838323339483,0.331322967821174,835.98536832,222.2838323339483
62,0,840.6837858133334,0.6385284735065299,0.6188280121552775,222.23764317342818,0.6790624637279756,840.6837858133334,222.23764317342818
63,200000,0.47123199999999993,0.01364913858228423,0.6309897714930104,150.56631470681234,0.2595509127414535,0.47123199999999993,150.56631470681234
63,100000,0.7067189333333334,0.0732592626729706,0.6289279544985555,152.17782694926348,0.6602939364312079,0.7067189333333334,152.17782694926348
63,40000,1.5021853866666666,0.06435046906954033,0.6301069083156928,150.92324824163038,0.20076494429597988,1.5021853866666666,150.92324824163038
63,5000,9.92550784,0.4054107905251078,0.6292041215519144,152.66663687705633,0.1631292652885031,9.92550784,152.66663687705633
63,3000,17.237535573333332,0.02525931322776034,0.6289548645966022,153.91835399697945,0.008176700500203561,17.237535573333332,153.91835399697945
63,2000,24.727004586666666,0.5136693926468829,0.6284450413691965,154.0887022541213,0.5640430160389737,24.727004586666666,154.0887022541213
63,1500,33.09882837333333,0.8146920254966578,0.6296256310073214,154.70211457385986,0.6416269354165685,33.09882837333333,154.70211457385986
63,1000,49.04782485333333,1.2403791408017708,0.6307299240344699,155.69244061209415,0.7900029880400146,49.04782485333333,155.69244061209415
63,900,53.96789504,1.7464659173172288,0.6310202080796582,156.08986429994087,0.7660820942195675,53.96789504,156.08986429994087
63,800,60.5488736,1.7182105028245078,0.6311693885620427,156.38458830191618,0.8500487516091693,60.5488736,156.38458830191618
63,700,68.36578346666667,1.615375604475147,0.6317131680861374,157.0118603324353,0.8363846648791986,68.36578346666667,157.0118603324353
63,600,78.89487509333334,2.5113649258282313,0.6321295323801985,157.73223481121622,0.7276004003505905,78.89487509333334,157.73223481121622
63,550,83.55350912,0.29129162877915576,0.6298242385718313,157.54878130636757,0.4347033392685495,83.55350912,157.54878130636757
63,450,101.06657962666667,0.6024621455606302,0.6295237416503816,158.26771677667713,0.20176743177937648,101.06657962666667,158.26771677667713
63,380,118.23917226666667,0.21047292449676697,0.6306438755209004,158.98977984818654,0.3404197133277797,118.23917226666667,158.98977984818654
63,340,130.99202047999998,0.07044063059089646,0.6325625820708659,159.95006105160152,0.11053404587667606,130.99202047999998,159.95006105160152
63,300,156.41929557333333,0.40354664588684663,0.6313515159101776,163.18011452376996,0.08616612097069097,156.41929557333333,163.18011452376996
63,260,174.49950293333336,0.19821836426691183,0.6333249767132602,164.42590519216924,0.24054219964351356,174.49950293333336,164.42590519216924
63,220,199.26997504,0.0796401839951361,0.6329580925638271,165.4254689030927,0.3662575654551791,199.26997504,165.4254689030927
63,200,214.69373994666668,0.2704024141490095,0.6316584838244629,166.86920164921116,0.27027828580737046,214.69373994666668,166.86920164921116
63,180,234.66515882666667,4.709043904899816,0.6288939713260966,168.59169478154783,0.8861996005684319,234.66515882666667,168.59169478154783
63,160,260.88044458666667,1.0991739540370327,0.6304311036159502,171.13042905767324,0.3641323111570507,260.88044458666667,171.13042905767324
63,140,366.0825096533333,21.295992550657942,0.6301595208322851,177.0625663696811,2.050906793124617,366.0825096533333,177.0625663696811
63,120,400.70803370666664,0.8210316958199803,0.6340275341493564,180.11735472155928,0.09216621011335568,400.70803370666664,180.11735472155928
63,100,473.11537408000004,0.9549473206484855,0.6322527713784624,192.09166372163358,0.314457664454665,473.11537408000004,192.09166372163358
63,90,508.83515008,0.830936437265999,0.6305896806714081,199.9731143521717,0.23746049862856067,508.83515008,199.9731143521717
63,80,550.5484817066666,6.488647631121937,0.6308679716632833,208.52067048015547,0.7819194903341525,550.5484817066666,208.52067048015547
63,70,585.6166289066667,16.91061922840656,0.6284921482388677,205.658212704216,1.9688292896435484,585.6166289066667,205.658212704216
63,65,618.7854026666666,1.877130951127189,0.6279344178308447,201.68605483159863,0.8156501112025314,618.7854026666666,201.68605483159863
63,60,647.8029755733334,3.646542535522565,0.6284036403199281,201.83457200350225,0.1627385120590511,647.8029755733334,201.83457200350225
63,55,676.66381248,1.4233502994671148,0.6302668043305046,186.62261739259336,0.3262755872717713,676.66381248,186.62261739259336
63,50,707.6213736533333,1.1451763428130501,0.6332458668455644,190.9641011580254,0.38848240408857915,707.6213736533333,190.9641011580254
63,45,734.0189326933332,1.0974840656464397,0.6302160096861841,196.23554686444893,0.16660286968317556,734.0189326933332,196.23554686444893
63,40,754.8962020266666,4.017792319994135,0.6274628737424157,201.69489227451865,0.7301505502649703,754.8962020266666,201.69489227451865
63,35,765.9663660800001,4.636909670998908,0.6299836501917166,204.92412763117224,0.929840614501213,765.9663660800001,204.92412763117224
63,30,780.0376352,4.462470223148419,0.6284313090535381,208.31140707526026,0.892455991769925,780.0376352,208.31140707526026
63,25,785.2891003733333,6.6990584660184815,0.628944004496193,211.70260569734737,0.44940187393072695,785.2891003733333,211.70260569734737
63,20,805.9290944,8.462040193065299,0.6263594852540583,214.8378671333959,0.10919755980753808,805.9290944,214.8378671333959
63,15,810.3702016000001,2.228963323731314,0.6264218525903624,217.0904957070113,0.20727001232851422,810.3702016000001,217.0904957070113
63,10,820.4095807999998,1.878825473722781,0.6330052960614546,221.76052858365406,0.5070372257397536,820.4095807999998,221.76052858365406
63,5,826.8296544,6.309002701568566,0.6323470956883703,221.74288093777844,1.890578828931993,826.8296544,221.74288093777844
63,0,832.5985290666667,3.8249397036101076,0.6318938932015894,221.1358125843974,2.1386135305258405,832.5985290666667,221.1358125843974
64,100000,0.7348636159999999,0.09213137544532635,0.6406838715625613,151.44038062223566,0.40259044188131093,0.7348636159999999,151.44038062223566
64,40000,1.3867590399999998,0.08424706372415909,0.6394254239526861,151.71293689855347,0.8639276841909241,1.3867590399999998,151.71293689855347
64,5000,9.15529728,0.05709428200055132,0.6421717977393814,152.11526170287445,0.3690915959830072,9.15529728,152.11526170287445
64,3000,15.512169386666665,0.05728065175703834,0.6362263568648142,152.70899702370752,0.2972920747630955,15.512169386666665,152.70899702370752
64,2000,23.850218666666667,0.090103573609052,0.6385364371679906,153.8865092939102,0.30747242763420346,23.850218666666667,153.8865092939102
64,1500,31.501796266666663,0.17359121313720816,0.6400204992229097,154.74614748203453,0.32172322111464663,31.501796266666663,154.74614748203453
64,1000,46.837028266666664,0.045657765379384554,0.6420692526188054,155.09499872554304,0.2335962663727377,46.837028266666664,155.09499872554304
64,900,51.83734442666667,0.09309155052937623,0.6420393504497038,155.78599454214358,0.2954409343115991,51.83734442666667,155.78599454214358
64,800,57.66599594666666,0.4878667988641944,0.6430542532484557,155.9442474470616,0.47898698167021897,57.66599594666666,155.9442474470616
64,700,65.66827008,0.1473659161996782,0.6427083387068019,156.4605686894998,0.7001577791413217,65.66827008,156.4605686894998
64,600,75.48843861333333,0.3869129037827571,0.6432721984669159,157.28047493281895,0.15433940425138556,75.48843861333333,157.28047493281895
64,550,85.14398165333334,3.2024281100112506,0.6391622171110839,158.09961528436625,0.630529980147162,85.14398165333334,158.09961528436625
64,450,102.16469354666667,4.059232741653818,0.6396334266745838,159.07279783914808,0.7457424866872004,102.16469354666667,159.07279783914808
64,380,119.11610218666665,4.766173616927275,0.6399185160359615,160.0045918161593,0.789627445741598,119.11610218666665,160.0045918161593
64,340,131.78526528,4.953356929731403,0.6406675570709984,160.7920682548478,0.7147019833372308,131.78526528,160.7920682548478
64,300,151.73801408,3.0762874671820493,0.641338840427807,162.23626940298377,0.701854715740128,151.73801408,162.23626940298377
64,260,175.76885696,4.871314816723508,0.6412265318641263,164.2764554121187,0.7167397572129556,175.76885696,164.2764554121187
64,220,200.89650432,6.000353056577338,0.6405535658825947,166.11694910893635,0.6192766909884484,200.89650432,166.11694910893635
64,200,217.49489248,5.077188616976109,0.6416981493457714,167.43352362763594,0.9048593338202079,217.49489248,167.43352362763594
64,180,232.07650474666664,3.02792681393286,0.6421465282606972,168.56377023700227,0.5098137599058389,232.07650474666664,168.56377023700227
64,160,250.55102527999998,6.793371336640577,0.6387787248024613,170.25369414238057,0.7359999304331729,250.55102527999998,170.25369414238057
64,140,374.76984192000003,0.9936284925407076,0.6407544002930522,178.8347420749013,0.06944259704337831,374.76984192000003,178.8347420749013
64,120,429.8917009066667,1.205933745980645,0.6395663651635886,185.14760577091388,0.14635916779970093,429.8917009066667,185.14760577091388
64,100,475.74870272,9.61035699051128,0.6409008517579626,193.17406423534064,3.789121860563279,475.74870272,193.17406423534064
64,90,508.9567400228571,12.970773289957872,0.6401334308004075,200.31278173653735,5.011261909221397,508.9567400228571,200.31278173653735
64,80,538.9646528,0.5614458467500575,0.6425390658551549,206.39911748192995,0.47715406032332497,538.9646528,206.39911748192995
64,70,586.9120104533333,1.1631289320902127,0.6411121281316657,205.29324461215836,1.0180617919336823,586.9120104533333,205.29324461215836
64,65,620.0122766933333,5.760722247469465,0.6399029641187832,192.7487135722024,10.421019094258233,620.0122766933333,192.7487135722024
64,60,647.9421339733333,6.581418475409761,0.6382187640959404,184.09258248592232,0.4081690724990705,647.9421339733333,184.09258248592232
64,55,682.4356241066666,1.593609363270357,0.6374047758668281,187.2307156697797,0.1217912876439879,682.4356241066666,187.2307156697797
64,50,694.6840810666667,1.1298875864929638,0.6434077948133455,189.39780039384195,0.08336292618812098,694.6840810666667,189.39780039384195
64,45,718.5534745600002,1.7235111141357378,0.639553522689866,194.50828236303016,0.11534267538901721,718.5534745600002,194.50828236303016
64,40,739.7559662933332,1.2173173418439174,0.6359756572199058,198.76543526124382,0.31296302884887606,739.7559662933332,198.76543526124382
64,30,767.0913877333332,7.06840637111995,0.6438935330888808,207.28546170922584,2.624063254124792,767.0913877333332,207.28546170922584
64,25,781.3102839466668,6.342596733423194,0.6414029016889384,210.75204706697056,2.3558756062378983,781.3102839466668,210.75204706697056
64,20,794.4757233066667,3.958063405584162,0.6385429784228346,214.09362438256085,1.954115277833388,794.4757233066667,214.09362438256085
64,15,796.8794901942857,3.2394743598089564,0.6383027410037335,216.34443863959154,1.6051903523458968,796.8794901942857,216.34443863959154
64,10,818.9122195200001,5.0459885674125236,0.6391762911619444,217.1318084301555,1.4127165917979752,818.9122195200001,217.1318084301555
64,5,822.9664831999999,10.94254464912769,0.6409216228501241,217.58992656472938,0.93999386321521,822.9664831999999,217.58992656472938
64,0,833.4968861866668,9.449552164773108,0.6411554944322316,216.52050408332752,0.2726199020621764,833.4968861866668,216.52050408332752
65,200000,0.47528277333333335,0.013435558950323834,0.6516541707316692,151.9973085127396,0.37098264390777086,0.47528277333333335,151.9973085127396
65,100000,0.6980928,0.004809683757088452,0.6525323751828067,151.58894672445626,0.16426478904341624,0.6980928,151.58894672445626
65,40000,1.50462208,0.22604830298145043,0.648811643178567,152.31025983051052,0.054087113791607654,1.50462208,152.31025983051052
65,5000,9.755695217777777,0.5799357382029118,0.6488407966609695,152.80581331995165,0.593187601360719,9.755695217777777,152.80581331995165
65,3000,15.983937706666666,0.910135543589068,0.6508803316295427,152.93818779632372,0.45218525218004807,15.983937706666666,152.93818779632372
65,2000,23.954826624,1.2271286835693744,0.6517942066863793,153.36956287809735,0.4500861098926666,23.954826624,153.36956287809735
65,1500,31.95333319111111,1.6553654085519973,0.6523761709275079,154.33181741596056,0.3027320548208384,31.95333319111111,154.33181741596056
65,1000,45.70618112,1.2523725126522864,0.6518738833647802,154.8477126859003,0.4957365263295268,45.70618112,154.8477126859003
65,900,52.04010166857143,2.500682557132128,0.6529187706621186,155.47766966188567,0.5562316281435251,52.04010166857143,155.47766966188567
65,800,55.842651733333334,0.1366804145067253,0.6502037150885186,155.5574735488514,0.34866483310946816,55.842651733333334,155.5574735488514
65,700,63.07478058666667,0.08117099266792499,0.6500571936436909,156.2477539900091,0.1521425847476428,63.07478058666667,156.2477539900091
65,600,72.16432298666666,0.19666523432068309,0.6503705852605502,156.7331048096058,0.05137454214966711,72.16432298666666,156.7331048096058
65,550,79.00724394666666,0.03480018130834171,0.6502989157457325,157.1305113326142,0.11626087004447694,79.00724394666666,157.1305113326142
65,450,95.18752384,0.10969087204631098,0.6508711910379088,157.91678849766285,0.1071352120261271,95.18752384,157.91678849766285
65,380,110.03773994666666,0.450395207373193,0.6509783451776245,158.7821929081774,0.321687154830806,110.03773994666666,158.7821929081774
65,340,122.03434709333334,0.5124877677777193,0.6513307000363212,159.36318283487142,0.662317658989717,122.03434709333334,159.36318283487142
65,300,139.42922752,3.6740778435923156,0.6503376964207884,160.78655637660475,0.2505968962189264,139.42922752,160.78655637660475
65,260,170.26506112,6.701378043257919,0.6492570284188651,163.53091213680577,1.300749792783095,170.26506112,163.53091213680577
65,220,195.05986837333333,7.962878860708092,0.6491370455186264,165.55283607396112,1.2200074254798072,195.05986837333333,165.55283607396112
65,200,206.57645472000002,7.769119219003895,0.6503616678448401,165.68265561421222,0.7225581153652874,206.57645472000002,165.68265561421222
65,180,215.11905472,2.8271400434955747,0.6509042119729422,166.32278416618388,0.44518864336229,215.11905472,166.32278416618388
65,160,235.15990698666667,4.786321456775989,0.6504756779937085,168.49779251961442,0.17719128119373617,235.15990698666667,168.49779251961442
65,140,339.00242190222224,23.186022346574372,0.6490103185722655,174.82286815506646,2.660778491971368,339.00242190222224,174.82286815506646
65,120,387.59091242666665,29.207531744715297,0.6490090929689155,179.96765296188948,4.665591673214208,387.59091242666665,179.96765296188948
65,100,465.48494421333334,16.675991651681322,0.649591341787427,189.4605587716142,3.7995803988790047,465.48494421333334,189.4605587716142
65,90,502.235746304,14.229415116266757,0.6495971190523837,199.0333079205707,3.322498741146687,502.235746304,199.0333079205707
65,80,534.3919833599999,1.0916135305221433,0.6515926339085238,206.01072657482084,0.08367021912134182,534.3919833599999,206.01072657482084
65,70,585.1985467733333,0.585772948498182,0.650210772595368,209.5206804011375,0.3590352002857528,585.1985467733333,209.5206804011375
65,65,607.3358340266667,0.08991886080486934,0.6495599414182324,206.36798361373096,0.25977425383041935,607.3358340266667,206.36798361373096
65,60,633.2298926933332,0.7935702935821328,0.6485496837498995,196.7530122912608,9.936185802718393,633.2298926933332,196.7530122912608
65,55,663.4439982933334,0.6750217181745349,0.646574928466019,185.47015990951874,0.04191756552561921,663.4439982933334,185.47015990951874
65,50,669.74644352,1.9192671894755131,0.6543768242691792,186.36115582818937,0.18402404083151078,669.74644352,186.36115582818937
65,45,711.3984243199999,14.226918384006236,0.6529916575491509,193.83330245570633,4.153245740839839,711.3984243199999,193.83330245570633
65,40,733.6192052622223,10.261020632743278,0.6510711814048572,198.04070006940307,3.0361469932762195,733.6192052622223,198.04070006940307
65,35,752.6949866666668,7.297173156159356,0.6479743709605166,202.61816932386128,2.885624245806387,752.6949866666668,202.61816932386128
65,30,757.1910333440001,5.991741610022805,0.6514200129706558,203.46041592601344,0.19321275828100817,757.1910333440001,203.46041592601344
65,25,773.7330722133333,6.569428450215208,0.6502593858567306,206.7043320138104,0.7460498135897689,773.7330722133333,206.7043320138104
65,20,787.3057220266668,5.4166352069444565,0.6487425690872551,209.94915219574588,0.48589398234877906,787.3057220266668,209.94915219574588
65,15,787.26231296,6.469410665061256,0.6485356731819527,211.63369420921876,0.5015609777630633,787.26231296,211.63369420921876
65,10,804.0107272533334,4.7606539442883635,0.6517159437998657,213.36470896345944,1.9384946282431934,804.0107272533334,213.36470896345944
65,5,817.7188785066668,4.0010238398786395,0.6504571902118385,215.42686764728876,1.2290177721056696,817.7188785066668,215.42686764728876
65,0,824.58626624,2.2914943818317277,0.6498443066612594,214.24555763710043,1.0779454991106474,824.58626624,214.24555763710043
66,200000,0.47655509333333335,0.01394182335742737,0.6589487416284762,151.24536925100566,0.16630229976202202,0.47655509333333335,151.24536925100566
66,100000,0.6602752,,0.6586305831265509,150.83750901021122,0.3683358274533947,0.6602752,150.83750901021122
66,40000,1.30504096,0.054941024344349394,0.6578424734451137,151.92679799887364,0.6635513344246581,1.30504096,151.92679799887364
66,5000,8.764477905454545,0.5048475546540883,0.6612898991755854,152.95115477774186,0.7346101617708377,8.764477905454545,152.95115477774186
66,3000,14.573199075555557,0.4055125980198464,0.661297678433804,153.43075076132558,0.9721244070941006,14.573199075555557,153.43075076132558
66,2000,21.643505493333336,0.707339640466214,0.6608178086317538,154.01969907908324,0.3344400299744723,21.643505493333336,154.01969907908324
66,1500,28.780723083636364,1.0155700137899528,0.6604272670618788,154.56512427487579,0.7168609637280211,28.780723083636364,154.56512427487579
66,1000,43.71077752,3.1960756058620055,0.6596902274698737,155.51225050735212,0.7942665282443483,43.71077752,155.51225050735212
66,900,48.13393770666667,3.1430040631173317,0.6597762186421636,156.10824999486908,0.6832950000227354,48.13393770666667,156.10824999486908
66,800,55.369620736,3.9334214134490932,0.6582218759669465,156.39348039642982,0.5431005305013783,55.369620736,156.39348039642982
66,700,62.88836573866667,4.859713748071861,0.6583394886297071,156.69917918767976,0.6153711412112959,62.88836573866667,156.69917918767976
66,600,72.23001728,5.367333166088621,0.6584476701477395,157.41065934697298,0.42177060896146407,72.23001728,157.41065934697298
66,550,78.68575231999999,6.089553375933633,0.6586840133184066,157.7693935463631,0.5093426276490481,78.68575231999999,157.7693935463631
66,450,94.71443191466666,7.325185689239983,0.6588575810284596,158.6696883939685,0.5407347367384976,94.71443191466666,158.6696883939685
66,380,110.132664832,8.646385221190537,0.6589425131521964,159.39865733278768,0.5807360498327538,110.132664832,159.39865733278768
66,340,121.45648017066667,9.456200346267881,0.6591435445447712,159.85832413349266,0.7087512697643082,121.45648017066667,159.85832413349266
66,300,135.12826316800002,10.400721701534835,0.660311328057818,160.879755562598,1.2275391412684074,135.12826316800002,160.879755562598
66,260,154.78688796444442,11.411301187484359,0.6609330945644855,162.0356042371698,1.2844631986714938,154.78688796444442,162.0356042371698
66,220,177.39088654222223,13.155300191007475,0.6608809191764493,164.1784996870409,1.3550941980323665,177.39088654222223,164.1784996870409
66,200,191.20243584000002,13.863833781430131,0.6605197629513709,165.0987619720714,1.2603817749806978,191.20243584000002,165.0987619720714
66,180,207.58527291733333,15.649449487998423,0.6609522830113547,166.26549774712606,1.619399358734506,207.58527291733333,166.26549774712606
66,160,227.93356526933334,16.64803011720069,0.660733853910898,167.8358423746546,1.7513191428127897,227.93356526933334,167.8358423746546
66,140,319.087557376,16.879157585597387,0.6615860434465568,173.46235644093383,2.2517603519088434,319.087557376,173.46235644093383
66,120,358.47349344,20.600874601114505,0.6608087962131156,176.61576968983817,2.629292004399257,358.47349344,176.61576968983817
66,100,435.72460151466663,25.328914092987386,0.6616274606116958,185.4000875869976,4.048405626982402,435.72460151466663,185.4000875869976
66,90,474.44180616533333,25.317758434110182,0.661374445465554,192.98748145633382,5.092696236708387,474.44180616533333,192.98748145633382
66,80,511.2553890986666,23.20014139886489,0.660988953878483,200.09187676618222,4.981744619274673,511.2553890986666,200.09187676618222
66,70,555.0403828906667,24.19214718754155,0.6606248597122977,204.67479608625345,2.1042244909576584,555.0403828906667,204.67479608625345
66,65,582.4963090773333,23.595976624211456,0.6603093922873275,201.52257354918427,8.195465508964087,582.4963090773333,201.52257354918427
66,60,604.5754149647059,28.0167537302015,0.6603955082251914,192.81141262824207,9.882211186186558,604.5754149647059,192.81141262824207
66,55,634.3224093866667,27.46453006719989,0.6600562745440208,191.2777464108134,8.809764044318959,634.3224093866667,191.2777464108134
66,50,662.0213784746667,26.816531086249537,0.6603362614051133,189.78254224293468,7.120614069642927,662.0213784746667,189.78254224293468
66,45,683.88159392,16.252372958043455,0.6604112921389537,186.77550213674576,3.111752265783262,683.88159392,186.77550213674576
66,40,705.1057639822222,5.09989659402039,0.6612698059403617,189.40090361194967,1.8282546299723144,705.1057639822222,189.40090361194967
66,35,730.5580049066667,5.872896240234106,0.660129833513658,194.62723226333347,2.382001920735128,730.5580049066667,194.62723226333347
66,30,741.7379574857143,7.6256843158270335,0.6603338050888351,197.61133736110597,2.868626261035487,741.7379574857143,197.61133736110597
66,25,751.3173809777777,5.940535493592097,0.6617597797193402,200.11672663327846,1.8602386969429139,751.3173809777777,200.11672663327846
66,20,766.0472861866666,8.201086582942231,0.6618254311480093,203.26935851877496,2.056148156811309,766.0472861866666,203.26935851877496
66,15,764.06030464,8.544105968617785,0.6609274621414675,204.92827861556606,2.021041602357986,764.06030464,204.92827861556606
66,10,795.56168704,9.271170338731112,0.6610414025425695,210.84693700060896,2.610547708501395,795.56168704,210.84693700060896
66,5,807.2888443733333,7.635029328272905,0.6599009844843101,212.57568307732313,2.8325130483040915,807.2888443733333,212.57568307732313
66,0,814.4216684088889,10.077202727364474,0.6592086875761967,211.3588464647318,2.8188129750322344,814.4216684088889,211.3588464647318
67,200000,0.4950830933333332,0.030421510196026305,0.6688885460499483,151.65617707973098,0.03838508927479987,0.4950830933333332,151.65617707973098
67,40000,1.3010619733333333,0.0018932252934433708,0.6719591176392304,150.69082480361777,0.4429900964107974,1.3010619733333333,150.69082480361777
67,5000,8.821408,,0.6661526685989356,153.13305776630867,0.10413051301365242,8.821408,153.13305776630867
67,3000,13.267911253333333,0.007944969829756445,0.6652105192883888,153.05012798125506,0.2323992460877956,13.267911253333333,153.05012798125506
67,2000,20.586483456000003,1.5631062486983067,0.6658084270285302,153.78310064897215,0.9310021106347355,20.586483456000003,153.78310064897215
67,1500,26.52536896,1.3081403960721802,0.6659024815320261,153.9493710091638,0.2410992226665281,26.52536896,153.9493710091638
67,1000,37.899795626666666,0.08570618155458912,0.6661399851295661,154.94929595256602,0.2672691862412417,37.899795626666666,154.94929595256602
67,900,43.40792217600001,2.5426295882784866,0.6656529800160252,154.93426440466376,0.4250014615202711,43.40792217600001,154.93426440466376
67,800,48.588314880000006,2.7850042115960973,0.6656090711523783,155.3477094909499,0.2931426345842572,48.588314880000006,155.3477094909499
67,700,55.69844693333334,2.825457548593798,0.6660188241298838,156.04146542328496,0.6872782522947846,55.69844693333334,156.04146542328496
67,600,64.34474581333333,3.32411430055459,0.6665924570396746,156.25675994626772,0.289567504414199,64.34474581333333,156.25675994626772
67,550,69.46445930666665,3.607168862822039,0.6663159269185978,156.65634863601744,0.313379260832101,69.46445930666665,156.65634863601744
67,450,83.45298026666667,4.377979667829633,0.6661215296858444,157.29929450281097,0.5349775742585998,83.45298026666667,157.29929450281097
67,380,97.24471125333334,5.250610550172873,0.6662389980182198,157.79304278905366,0.29301553974771444,97.24471125333334,157.79304278905366
67,340,106.95959893333334,5.565711765590828,0.6661561556318532,158.3097191664709,0.3690970928295017,106.95959893333334,158.3097191664709
67,300,118.76821589333333,6.390183097786737,0.6661841747974826,158.77405396545268,0.4283375085076449,118.76821589333333,158.77405396545268
67,260,134.97273664,7.407767170928052,0.6662823912430542,159.71953433289437,0.522271379346692,134.97273664,159.71953433289437
67,220,154.77959424,8.502382797873889,0.6664046085734261,160.9317257461262,1.083924487774554,154.77959424,160.9317257461262
67,200,167.40850432,8.870964421137392,0.666331513907521,161.8971789861849,1.3960171353564144,167.40850432,161.8971789861849
67,180,184.1783872,8.017285038731314,0.6662057234449094,163.1510433946921,1.6027432039372853,184.1783872,163.1510433946921
67,160,199.75350272,9.559197628090136,0.6661709118147848,164.80831839232536,0.9635964533363821,199.75350272,164.80831839232536
67,140,279.12211640888887,15.523767622388323,0.6660332592241667,169.94556929070166,1.1932227131216397,279.12211640888887,169.94556929070166
67,120,348.4886270933334,46.27700952133462,0.665831500900891,176.3219753927575,6.387442225836687,348.4886270933334,176.3219753927575
67,100,377.5737789155556,14.717572055710754,0.6660904746780907,177.46807271703713,2.5580940129714684,377.5737789155556,177.46807271703713
67,90,410.0156626488889,14.484060544771632,0.6661170960655176,181.2772631025109,3.0504299925397533,410.0156626488889,181.2772631025109
67,80,456.3691367822222,19.98444584876816,0.6660594184514586,188.03914177002846,5.515599244106295,456.3691367822222,188.03914177002846
67,70,505.8725485511111,12.781333954509899,0.6660129259896257,198.7389614856879,2.894005467328056,505.8725485511111,198.7389614856879
67,65,528.53309824,11.428178646004948,0.6659716361150568,203.21897353835556,4.268826661580986,528.53309824,203.21897353835556
67,60,549.5161557942857,13.495496559333414,0.6661997469906895,206.53552017785717,2.515822448742598,549.5161557942857,206.53552017785717
67,55,575.8944524799999,11.866192137370334,0.6663747402157408,204.7255310405964,3.318087748812178,575.8944524799999,204.7255310405964
67,50,607.1068772266667,14.094811997006047,0.6663471265856382,194.63631382163263,11.53935983157342,607.1068772266667,194.63631382163263
67,45,641.3596302933333,15.156730080915132,0.6663037860419111,193.2466973921147,8.459936334797735,641.3596302933333,193.2466973921147
67,40,675.5807409066666,13.211958508341663,0.6662615278743065,186.3983589875495,2.3524472359044153,675.5807409066666,186.3983589875495
67,35,709.6283402666667,9.707417904706254,0.6661074372638879,191.94421779374423,2.941280854024666,709.6283402666667,191.94421779374423
67,30,729.6275340799999,4.371159803810434,0.6657910624442854,199.99291588044036,9.309511953708292,729.6275340799999,199.99291588044036
67,25,740.7075754666666,1.4777896139287698,0.6657868861141315,196.79002369396161,0.07148313144345578,740.7075754666666,196.79002369396161
67,15,741.2590220799999,5.373328412906513,0.6653368418186251,200.24525784198306,0.04319639405954644,741.2590220799999,200.24525784198306
68,200000,0.48921664000000004,0.03419002708393199,0.6802813946454289,150.7081824855625,0.23592498403804205,0.48921664000000004,150.7081824855625
68,100000,0.7038807466666667,0.022428116832892264,0.6800562458920799,152.23778956604727,0.025256628613043678,0.7038807466666667,152.23778956604727
68,5000,8.69915648,0.03219815684742148,0.6805714860733608,152.72674180780186,0.30043764558256714,8.69915648,152.72674180780186
68,3000,14.068365653333332,0.03937638588265519,0.6814192831733109,153.54576704999658,0.2302644703112504,14.068365653333332,153.54576704999658
68,2000,21.027963733333333,0.04186984571159535,0.6832833732362924,153.7070741168218,0.2696313517167498,21.027963733333333,153.7070741168218
68,1500,27.747992746666664,0.183526725321888,0.6831774447898399,154.15685944703236,0.2445355723005373,27.747992746666664,154.15685944703236
68,1000,39.99043584,0.46862350269204545,0.6827821452668225,155.28467514489446,0.12170741514106903,39.99043584,155.28467514489446
68,900,45.0879232,0.08534672914481323,0.6833090836801402,155.21518590143322,0.10597824092642825,45.0879232,155.21518590143322
68,800,49.800760319999995,0.2823848480108732,0.6831745479950255,155.6183249388971,0.5475134376395597,49.800760319999995,155.6183249388971
68,700,57.005207893333335,0.08473111978534975,0.6834441984429187,156.06700989442663,0.18076278495895345,57.005207893333335,156.06700989442663
68,600,65.73621589333334,0.1020280770594528,0.6836223336979428,156.8102995234657,0.3180170167985906,65.73621589333334,156.8102995234657
68,550,70.84818389333334,0.266079594609395,0.6836437583769762,157.02204613803772,0.3470018782165662,70.84818389333334,157.02204613803772
68,380,99.33523797333334,0.36603992559245335,0.6838441371247262,158.3968769827568,0.31230569783961937,99.33523797333334,158.3968769827568
68,340,109.62698453333333,0.3086799590433683,0.6838740660540101,159.03448129701334,0.14421678377014674,109.62698453333333,159.03448129701334
68,300,120.93046954666666,0.17828388963557185,0.6837264353810067,159.4681403713399,0.02451302234077345,120.93046954666666,159.4681403713399
68,260,138.28172373333334,0.2946983656002766,0.6838974512329673,159.90384049707077,0.5025558341650674,138.28172373333334,159.90384049707077
68,220,158.38842410666666,0.3603160309876637,0.6839184048184066,160.829975632185,0.5107192579253926,158.38842410666666,160.829975632185
68,200,171.41035648000002,0.09684556024021375,0.6840585217621244,162.7214415496594,0.46426324474830616,171.41035648000002,162.7214415496594
68,180,189.02513962666663,0.12130776643388173,0.6839199024798687,164.98226617115577,0.0753954521005687,189.02513962666663,164.98226617115577
68,160,206.4319483733333,0.3212437134704116,0.6839845526879026,165.08383599013584,0.20599088576140787,206.4319483733333,165.08383599013584
68,140,289.5979392,0.4014578159047905,0.6839898485025252,170.22470310940966,0.25689008838224003,289.5979392,170.22470310940966
68,120,334.36058581333333,0.542048679445156,0.6840501843094055,173.9169360094601,0.21787539740675124,334.36058581333333,173.9169360094601
68,100,383.64246570666666,0.4420637866293756,0.6841052517464671,177.91312418238442,0.16261789888768624,383.64246570666666,177.91312418238442
68,90,430.7206656,1.1354098479306667,0.6841276681023373,185.8142786531986,0.16790648131543606,430.7206656,185.8142786531986
68,80,472.4140992,1.1598570388082543,0.6841813666221431,190.37637364604907,0.9795874956900189,472.4140992,190.37637364604907
68,70,511.25392938666664,0.22238625367301668,0.6841912752523172,198.61326969045226,0.3726425874542298,511.25392938666664,198.61326969045226
68,65,530.74065536,0.19067494024053205,0.6842434703235339,203.62400859658212,0.24763914296209835,530.74065536,203.62400859658212
68,60,559.5155392,0.5637559798515726,0.6841930152564997,208.70409715734408,0.32442110830195015,559.5155392,208.70409715734408
68,55,583.6574660266666,0.9387105962017842,0.6842213504984102,205.13313832523292,0.6748588775967022,583.6574660266666,205.13313832523292
68,50,613.7149879466666,1.7480835141502544,0.6842613011828544,183.5324977893326,0.24645516637969814,613.7149879466666,183.5324977893326
68,45,648.4667921066666,1.1444806471255773,0.6842360354831841,184.26943908151557,0.1522150174259147,648.4667921066666,184.26943908151557
68,40,680.8765892266667,0.4893074594576309,0.684135480348839,186.68359218811142,0.2716477084138853,680.8765892266667,186.68359218811142
68,35,709.2148373333333,0.3230097552522776,0.6839880160836259,190.82356352172835,0.049394452031179086,709.2148373333333,190.82356352172835
68,30,724.2010397866667,0.4219051137233918,0.683711945756622,193.91623158816012,0.4498434801795786,724.2010397866667,193.91623158816012
68,25,738.1644731733332,1.0812618816412864,0.6830829317262905,196.57956242314103,0.15483456121835518,738.1644731733332,196.57956242314103
68,20,751.4992004266666,0.7512743159205371,0.6823967109233623,200.29070198898634,0.13390986405535965,751.4992004266666,200.29070198898634
68,15,751.7155059199999,0.874485342282555,0.682343478367836,202.1029999594457,0.15126523890578497,751.7155059199999,202.1029999594457
68,10,785.6771101866666,0.713508307050395,0.6799811108987918,209.32125641420268,0.12609545542229436,785.6771101866666,209.32125641420268
68,5,800.2579584,0.731159932227888,0.6783183603188118,210.73682070136883,0.23464207280057708,800.2579584,210.73682070136883
68,0,805.3599202133333,2.309922850636759,0.677755427560209,209.81222979281804,0.368172941303507,805.3599202133333,209.81222979281804
70,100000,0.7077467022222222,0.04852685987268951,0.7018990887099287,151.6011799267428,0.565734138639783,0.7077467022222222,151.6011799267428
70,5000,8.430376959999998,0.09431121591829493,0.6970277271876527,152.2159900185643,0.5127695406094658,8.430376959999998,152.2159900185643
70,3000,13.684480426666667,0.004383792454454736,0.6985788933205995,152.39348457175427,0.42992814517853,13.684480426666667,152.39348457175427
70,2000,20.313984,0.20022972685126167,0.7005306709760677,153.06669798176605,0.23766070429304822,20.313984,153.06669798176605
70,1500,26.727620266666666,0.17862968201047508,0.7006174047107149,153.46446115447023,0.3133906072117632,26.727620266666666,153.46446115447023
70,1000,39.08365866666667,0.1281239872479818,0.6999225426647101,154.45063147685437,0.15669292416781352,39.08365866666667,154.45063147685437
70,900,43.2218048,0.05766763514225362,0.7000253378848692,154.60412243930293,0.41930515513133276,43.2218048,154.60412243930293
70,800,48.345118293333336,0.054148509774675134,0.700011225267179,155.15378923851117,0.32216897305909115,48.345118293333336,155.15378923851117
70,700,54.809658453333334,0.02920361144103621,0.7000233156020522,155.60207122037744,0.144249821500823,54.809658453333334,155.60207122037744
70,600,62.43691648,0.45973788950471234,0.7001124647544451,155.9586306774792,0.31286801791603935,62.43691648,155.9586306774792
70,550,67.72737664,0.2904301521485407,0.6999683322057134,156.15749122250708,0.5486266965317491,67.72737664,156.15749122250708
70,450,81.07682176,0.024723447118616713,0.700061755205461,157.1550683626374,0.05948673326111598,81.07682176,157.1550683626374
70,380,95.31126528,0.11356186361015744,0.7004165385844928,157.70368951523687,0.17468528401700312,95.31126528,157.70368951523687
70,340,104.90603434666667,0.21670673596319126,0.7003633423902983,158.28487804425362,0.3633888714744183,104.90603434666667,158.28487804425362
70,300,116.24047744,0.10466290433412578,0.7003448922611115,158.63808078324624,0.1258739158279384,116.24047744,158.63808078324624
70,260,132.54992256,0.372981200291692,0.7004723952641303,159.02097729006044,0.1885846134225921,132.54992256,159.02097729006044
70,220,151.84542421333333,0.0483283427323363,0.7004648700116908,160.81958956831156,0.3148838631078941,151.84542421333333,160.81958956831156
70,200,163.92551253333335,0.3301752685640094,0.700469074131069,162.42104725028778,0.31230391946867114,163.92551253333335,162.42104725028778
70,180,180.7694434133333,0.22879160797394746,0.7004837382013687,163.84025188264988,0.319264444416077,180.7694434133333,163.84025188264988
70,160,196.53895125333335,0.39513457100062077,0.7006823387458779,165.50411669872167,0.07345850237591448,196.53895125333335,165.50411669872167
70,140,275.54329088,0.3142905374609322,0.7005647704056849,170.50764775864383,0.896254735241524,275.54329088,170.50764775864383
70,120,311.48347392,0.51918711319608,0.7006561613541917,171.28045928855485,0.46897395413531895,311.48347392,171.28045928855485
70,100,365.42538837333336,0.19038120312331708,0.7006473972854962,176.17330489349115,0.3550835686150041,365.42538837333336,176.17330489349115
70,90,401.5569838933334,0.11522895651250166,0.7006636195866589,179.81476437969062,1.6391505196000988,401.5569838933334,179.81476437969062
70,80,444.11743189333333,0.2551233118207952,0.7007364878476433,184.85524582280382,1.6002897826981093,444.11743189333333,184.85524582280382
70,70,488.12263808000006,0.16929663062233766,0.7007773164883583,190.81762608600488,0.3268697285754856,488.12263808000006,190.81762608600488
70,65,511.0829888,0.8163368559949824,0.700765076911196,196.87734337795425,0.16158765537740485,511.0829888,196.87734337795425
70,60,536.5504008533334,1.20524993629229,0.7008067904775132,203.69088271562046,0.16188848070483428,536.5504008533334,203.69088271562046
70,55,566.3835729066667,0.6285838705351701,0.7007974931618542,208.37294538942191,0.6092401182346697,566.3835729066667,208.37294538942191
70,50,590.7840989866667,1.2226688055619563,0.7007909805369977,205.89553052817362,0.3142065676456324,590.7840989866667,205.89553052817362
70,45,621.44210304,1.011848239426807,0.7008102496687654,187.43211745436557,0.24300809658987052,621.44210304,187.43211745436557
70,40,659.3416354133333,0.3513521910187825,0.700713687196409,184.88693804631131,0.10651011792412027,659.3416354133333,184.88693804631131
70,35,689.8423671466667,3.0034315605239894,0.700521409197766,187.03896078422454,0.10360087808862956,689.8423671466667,187.03896078422454
70,30,712.4490542933332,1.064245785146312,0.7001593678752895,190.50797655218932,0.42698479951447277,712.4490542933332,190.50797655218932
70,25,726.9119790933333,4.328023619264518,0.6993550301935848,193.89638679512197,0.046958568631303106,726.9119790933333,193.89638679512197
70,20,738.97226112,6.074322826550397,0.6982803081679653,197.2972822565208,0.12033733434466057,738.97226112,197.2972822565208
70,15,740.3223496533334,2.4116492995126197,0.6987302673268937,198.3952739587057,0.16662192079887087,740.3223496533334,198.3952739587057
70,5,776.3102604800001,5.326328020357293,0.7028010038041129,207.58849297027254,0.19033696497907265,776.3102604800001,207.58849297027254
70,0,782.4194406400001,3.07425826086221,0.7020582077214268,206.3254430127644,0.21684840484648849,782.4194406400001,206.3254430127644
72,100000,0.6786941439999999,0.02325387187554969,0.7203648492077918,151.28092597567039,0.48952805382616227,0.6786941439999999,151.28092597567039
72,2000,21.46176768,,0.7150650509697438,153.63541552309763,0.6257522633046684,21.46176768,153.63541552309763
72,1500,28.40402752,0.17517512672152202,0.7150790671755292,154.21372224391774,0.4479877362548006,28.40402752,154.21372224391774
72,1000,41.60515157333333,0.11741931816641436,0.7154439143144651,155.30906543191415,0.13856515171221087,41.60515157333333,155.30906543191415
72,900,45.69866538666667,0.22521131944470765,0.7155071703868637,155.60122267595816,0.200490528155633,45.69866538666667,155.60122267595816
72,800,51.372949760000004,0.04538018085788456,0.715769387745547,155.74594652960488,0.17856769442229756,51.372949760000004,155.74594652960488
72,700,58.15412138666667,0.05666141653166457,0.7158031030990623,155.94904220880412,0.19569548966737177,58.15412138666667,155.94904220880412
72,600,66.93200128000001,0.09562068522497544,0.7158901331633182,156.64694920053284,0.5363333804501454,66.93200128000001,156.64694920053284
72,550,71.84241024,0.04526041317480882,0.7159032245616016,156.73040119769487,0.3273851983316474,71.84241024,156.73040119769487
72,450,86.63072896,0.19014862469447735,0.7161470688512787,157.75599112937692,0.11150956533616029,86.63072896,157.75599112937692
72,380,101.24814079999999,0.06993209630687594,0.7161514691204065,158.1121802813197,0.17294900910088773,101.24814079999999,158.1121802813197
72,340,111.17705472,0.20296556742717742,0.7161452094838329,158.93587845953377,0.41587677554790237,111.17705472,158.93587845953377
72,300,123.66306730666668,0.0930361530094307,0.7162518072467216,159.66876583891212,0.6986450819137908,123.66306730666668,159.66876583891212
72,260,140.68447616,0.3355283836743173,0.7162614790630464,160.22571741534753,0.5121822930879844,140.68447616,160.22571741534753
72,220,160.93230805333334,0.1026443642709178,0.7162709506877033,161.60706732959204,0.4237043655402975,160.93230805333334,161.60706732959204
72,200,174.14925653333333,0.24380772237922607,0.7162648335113683,163.3708630798835,0.05048328883640053,174.14925653333333,163.3708630798835
72,180,189.35706112,0.15969484617603746,0.7163500047626604,164.40255091099976,0.8817697643976362,189.35706112,164.40255091099976
72,160,207.32526165333334,0.14234801950018222,0.7163606240683094,165.7273784716017,0.6627103349856044,207.32526165333334,165.7273784716017
72,140,276.42625535999997,0.20621936652768033,0.7164723852337067,169.48549029942,0.627830223982583,276.42625535999997,169.48549029942
72,120,318.76595199999997,0.16913468767830453,0.7164990042886045,172.59718423200346,0.2077807536909465,318.76595199999997,172.59718423200346
72,100,386.4622626133334,0.44841660543574746,0.7165772125020645,178.79637990808422,1.2213905932654003,386.4622626133334,178.79637990808422
72,90,422.1747985066667,6.126705144690151,0.7166283365558487,185.63286423169635,0.2100839502160563,422.1747985066667,185.63286423169635
72,80,445.4408661333334,0.1469500081633877,0.7166398228020167,186.98138344758263,1.284385004057276,445.4408661333334,186.98138344758263
72,70,504.8296917333334,0.420594599305096,0.71671446642776,198.05930441330804,0.5684377646377262,504.8296917333334,198.05930441330804
72,65,524.8428646399999,0.6275875198086408,0.7166777485102909,204.09512214047652,0.34887812662706846,524.8428646399999,204.09512214047652
72,60,547.5429969066666,0.6794876260695069,0.716661267042932,206.19011893803838,3.572118891133029,547.5429969066666,206.19011893803838
72,55,567.9906487466666,1.1713061031260752,0.7166825721328771,207.53282629261727,0.16177976418982729,567.9906487466666,207.53282629261727
72,50,593.1745574400001,0.5619324152695095,0.7165666410274399,191.8507693547107,11.07414846664886,593.1745574400001,191.8507693547107
72,45,624.5616443733334,2.616774400168167,0.7164688200275146,188.08485024086383,0.0810093757835692,624.5616443733334,188.08485024086383
72,40,653.9158933333333,2.3278393776017823,0.7162286919394997,185.74071691845154,0.030643804819216178,653.9158933333333,185.74071691845154
72,35,679.3783236266667,1.3301862005129093,0.7157077264851966,187.022583574261,0.06564805952659138,679.3783236266667,187.022583574261
72,20,736.8322244266666,3.297357898658456,0.7243054341877905,195.76628934006817,0.23826708080056622,736.8322244266666,195.76628934006817
72,15,734.5034222933333,0.9724605746931213,0.7238518228964453,196.75645194482547,0.15143235687159698,734.5034222933333,196.75645194482547
72,10,769.2059528533333,1.7558554275574323,0.7181712483817465,203.76321653513992,0.1358960726430657,769.2059528533333,203.76321653513992
72,0,767.0037597866667,0.4268995342227673,0.7236914363902739,199.88263217420476,0.20908731513396078,767.0037597866667,199.88263217420476
73,100000,0.6474313142857143,0.01344038555310932,0.7294387311314062,152.8515600205525,0.07917845679073156,0.6474313142857143,152.8515600205525
73,5000,8.519494826666666,0.014944574883447373,0.7271647219800897,152.0562482769925,0.1912722740225115,8.519494826666666,152.0562482769925
73,3000,13.95977344,0.08655002411305973,0.7304032901056493,152.44635811351907,0.1198454010564632,13.95977344,152.44635811351907
73,2000,20.53600768,0.06591443929633713,0.7301863961542625,153.07166937758745,0.5774960089028183,20.53600768,153.07166937758745
73,1500,27.044701866666667,0.12223094520823372,0.7303026861286401,153.62273106285963,0.12333520951865788,27.044701866666667,153.62273106285963
73,1000,39.712573866666666,0.16468665079803196,0.7307564714852388,154.28795637996419,0.2843187434664469,39.712573866666666,154.28795637996419
73,900,43.939268266666666,0.10061807046054622,0.7309172569218308,154.67679046351134,0.4145474562612214,43.939268266666666,154.67679046351134
73,800,48.66634325333333,0.20121020942439452,0.7309787384318206,154.6488516326203,0.2527305009372797,48.66634325333333,154.6488516326203
73,700,54.96699818666667,0.14007005145504398,0.7309282183355684,155.47928173513122,0.19806700681002004,54.96699818666667,155.47928173513122
73,600,63.88982698666666,0.26275369898938544,0.7311594950737099,155.88410162843286,0.5174800796243129,63.88982698666666,155.88410162843286
73,550,69.24203008,0.40395045394189605,0.7313115658954411,156.19009542970755,0.20696593851153974,69.24203008,156.19009542970755
73,450,83.47383594666667,0.249698027717581,0.7314079139313207,157.23381690495805,0.18876312049969082,83.47383594666667,157.23381690495805
73,380,97.02591786666666,0.14382726744494545,0.7315043964941035,157.62112059298423,0.07021047959858567,97.02591786666666,157.62112059298423
73,340,107.41560362666667,0.15495251621415354,0.7316108060950516,158.16125408145027,0.12803874975210822,107.41560362666667,158.16125408145027
73,300,118.89192533333333,0.19657353856452098,0.7317802674780113,158.70804323865147,0.31703230906730295,118.89192533333333,158.70804323865147
73,260,134.67393578666668,0.07457395046785466,0.731768012973257,159.59102814094743,0.6287051084919365,134.67393578666668,159.59102814094743
73,220,154.96016640000002,0.13829939568456132,0.731852609487797,159.9840769780136,0.07276060369029926,154.96016640000002,159.9840769780136
73,200,166.94915584,0.13870924190181697,0.7317514493111696,161.49323291832934,0.2729999323724481,166.94915584,161.49323291832934
73,180,184.93908053333334,0.16908690243441182,0.7318469444871187,163.4997512441823,0.25274402760628734,184.93908053333334,163.4997512441823
73,160,201.04725248,0.26007832896505734,0.7318302247589629,165.27604658350967,0.20436753285796846,201.04725248,165.27604658350967
73,140,270.1220872533333,0.19498769229641288,0.7319998022204652,169.87025119515923,1.4592798836477554,270.1220872533333,169.87025119515923
73,120,324.1612096,0.3827686056434131,0.732101634719791,171.650945960496,0.18617867416214026,324.1612096,171.650945960496
73,100,372.94195797333333,0.5984155582816935,0.7321095726886785,175.6985784302777,0.3863721672786574,372.94195797333333,175.6985784302777
73,90,410.40848896000006,0.2476503586488864,0.7322039754037503,180.51219033477062,2.9048967397486063,410.40848896000006,180.51219033477062
73,80,454.64432000000005,0.43757010973706,0.732267466254259,186.50211279877377,1.207911684737428,454.64432000000005,186.50211279877377
73,70,474.25500672,0.3213799428371664,0.7322238986660615,188.30589463090715,0.04092944009582353,474.25500672,188.30589463090715
73,65,520.1903168,0.9206806858092087,0.7322469454985998,197.33890917627375,0.2407722035965935,520.1903168,197.33890917627375
73,60,543.3569779200001,0.7215302650367862,0.7321854457838651,204.74556564612053,0.3206695205109355,543.3569779200001,204.74556564612053
73,55,567.9352763733333,0.453304819772579,0.7321341391585149,207.1714287553248,0.4028589968310686,567.9352763733333,207.1714287553248
73,50,592.4867694933333,1.7481705354869446,0.7319690053527236,205.42533159972785,0.36607552794121334,592.4867694933333,205.42533159972785
73,45,620.8665664,1.30546390567356,0.7316663751154443,188.35512477574446,0.09287938829426647,620.8665664,188.35512477574446
73,40,654.0451003733334,0.48327005219459335,0.7310701185177009,187.09869609631383,1.6635686698738157,654.0451003733334,187.09869609631383
73,35,685.3985629866667,2.8753959222655365,0.7301618720002612,186.55104333885367,0.04939772858740936,685.3985629866667,186.55104333885367
73,30,706.4031893333334,2.5314839883868077,0.7287262657806556,188.90859555630254,0.16169656074864422,706.4031893333334,188.90859555630254
73,25,720.9955882666667,1.4801976928881972,0.7263400310043009,192.06347913733904,0.08011841289211882,720.9955882666667,192.06347913733904
73,10,751.8655560533334,1.2896007347803187,0.7302837365479468,200.06980633643005,0.23876824120399479,751.8655560533334,200.06980633643005
73,5,760.5626530133335,4.263235588825081,0.7253240827286221,201.33881723379454,0.4270147938859038,760.5626530133335,201.33881723379454
73,0,752.3418700799999,14.145337612260395,0.7346078734624534,198.5857724484434,0.06898698157891343,752.3418700799999,198.5857724484434
75,40000,1.3530470399999999,0.029928433012211007,0.7498866615066248,151.65945482409595,0.26579317446704726,1.3530470399999999,151.65945482409595
75,1500,29.142971306666666,0.27236257105883105,0.7464628371682357,154.7634578388055,0.047846788550464696,29.142971306666666,154.7634578388055
75,1000,42.41524352,0.36547991406880226,0.7459385942744475,155.69476541653077,0.16282157658234275,42.41524352,155.69476541653077
75,900,47.138784853333334,0.11089696479618909,0.7461430310394839,156.00293704113665,0.024892232878447915,47.138784853333334,156.00293704113665
75,800,52.28078592,0.4333636733538101,0.7460794200104536,156.31590306904067,0.12480095584996806,52.28078592,156.31590306904067
75,700,59.462257066666666,0.27625625082334937,0.7462578178722459,156.81816942708528,0.031710629142398104,59.462257066666666,156.81816942708528
75,600,68.79360938666666,0.15323859252823002,0.7466626528282404,157.23552429605036,0.12883195164635325,68.79360938666666,157.23552429605036
75,550,74.10954069333333,0.5657959817471436,0.7464018649022627,157.5841064533229,0.11509740707448711,74.10954069333333,157.5841064533229
75,450,89.57842218666667,0.07764072624283289,0.7464774853005092,158.39812394144806,0.06416728110374782,89.57842218666667,158.39812394144806
75,380,104.03894143999999,0.30993727775534063,0.7468389122422675,159.0660206015906,0.04282789773496982,104.03894143999999,159.0660206015906
75,340,114.71345280000001,0.3593231280811144,0.746607689639662,159.7937313575745,0.05296814323007348,114.71345280000001,159.7937313575745
75,300,127.26256255999999,0.15369308320330635,0.746721741407402,160.30145330449088,0.06268277118890042,127.26256255999999,160.30145330449088
75,260,144.60713429333333,0.11598584866678321,0.7468653531423018,160.98528647469195,0.03815552359559779,144.60713429333333,160.98528647469195
75,220,165.38030464,0.03471768832563034,0.7466982096949911,161.75243175600426,0.05622682649793043,165.38030464,161.75243175600426
75,200,178.88890197333333,0.09286633631319954,0.7467903812510436,163.26356055330805,0.04891463031903049,178.88890197333333,163.26356055330805
75,180,196.74371029333335,0.2188634035731952,0.746794588671979,164.3339841078245,0.167087981780187,196.74371029333335,164.3339841078245
75,160,214.87859712,0.258337417265113,0.7468414689570547,165.83097248453961,0.04052684095478921,214.87859712,165.83097248453961
75,140,300.9806638933333,0.5253229998634854,0.7469749815507366,171.98913771274275,0.9105081704645507,300.9806638933333,171.98913771274275
75,120,344.8218909866667,0.2239032095865091,0.7470275099970715,174.2506140462859,0.05365009260744679,344.8218909866667,174.2506140462859
75,100,398.28699306666664,0.28682859716646014,0.7471181048214333,179.4251334677624,1.2221774192598558,398.28699306666664,179.4251334677624
75,90,426.6031901866667,0.08864562077156177,0.747132677683276,183.32883114341303,1.2985024426394423,426.6031901866667,183.32883114341303
75,80,478.93190527999997,0.6210809583152977,0.7471655793913526,188.17973307600866,0.0738838267277237,478.93190527999997,188.17973307600866
75,70,520.1815479466667,0.3161378493742659,0.7471359607031337,196.97797336663618,0.8629015511540745,520.1815479466667,196.97797336663618
75,65,541.5296985599999,0.37369938754331544,0.7470547703230598,204.36301648158587,0.23574229434451238,541.5296985599999,204.36301648158587
75,60,562.1947477333333,0.3163848799333305,0.7468285017308819,210.23288593948436,0.16242355996209024,562.1947477333333,210.23288593948436
75,55,582.9210568533333,0.7496663273566117,0.7465607452764292,211.25993704238348,0.10356883946223457,582.9210568533333,211.25993704238348
75,50,603.5614024533334,0.8188480322733017,0.7461354502461979,209.40545143707698,0.05212317291680864,603.5614024533334,209.40545143707698
75,45,624.7225314133334,1.1081822501030032,0.7455071962952883,191.54744235976315,0.12444465772494616,624.7225314133334,191.54744235976315
75,35,655.10920832,1.0324021483360237,0.7547783634193306,190.98342232923622,0.04789493870515018,655.10920832,190.98342232923622
75,30,673.0993774933335,0.7395987466383726,0.7531110873687595,187.06112196759463,0.2554842650277699,673.0993774933335,187.06112196759463
75,25,699.9957888,0.9887149813571539,0.7510374671793718,187.59193481714223,0.17977801551458644,699.9957888,187.59193481714223
75,20,717.8172932266666,0.36156919216706745,0.7488626816952348,190.69878060982515,0.2494190975319696,717.8172932266666,190.69878060982515
75,15,716.4525367466666,4.202392091349361,0.7481946024952183,191.86278723086275,0.02400228503043158,716.4525367466666,191.86278723086275
75,5,752.2832488533332,8.776809512408029,0.7518666021271243,201.6140684447546,1.0385439757576995,752.2832488533332,201.6140684447546
75,0,758.4324164266667,6.696966183368298,0.749739908661805,200.79210693466982,0.9986371505545132,758.4324164266667,200.79210693466982
76,100000,0.61596672,0.021405009068197027,0.7574830144215742,150.82617558407375,0.26099299277158233,0.61596672,150.82617558407375
76,40000,1.31617184,0.03497188223885017,0.7566196128027886,151.63383810286822,0.17670960607384908,1.31617184,151.63383810286822
76,5000,8.583830613333333,0.07062395310724945,0.7554794635314379,153.13850716393594,0.0389613265223307,8.583830613333333,153.13850716393594
76,3000,14.11635968,0.013175221559034162,0.7575181651097488,153.634260978947,0.036478560824408666,14.11635968,153.634260978947
76,2000,20.78670848,0.055973541679220445,0.7585955952818493,154.23467718720056,0.04109906177947483,20.78670848,154.23467718720056
76,1500,27.52249472,0.017360660715172338,0.7592151181034636,154.75238268565283,0.14952723380117952,27.52249472,154.75238268565283
76,1000,40.421978026666665,0.043739297443594664,0.7596231632976546,155.621653368349,0.05027501283712141,40.421978026666665,155.621653368349
76,900,44.66928768,0.10367658284146618,0.7597072643909494,155.95325546072868,0.05781401703566964,44.66928768,155.95325546072868
76,800,49.95388629333333,0.09827116236820987,0.7598222859676729,156.21329243543227,0.04815826150392977,49.95388629333333,156.21329243543227
76,700,56.68891605333334,0.10669488555073485,0.7601178224957907,156.58642428740578,0.0036598718396124493,56.68891605333334,156.58642428740578
76,600,65.21832362666667,0.2937990042151776,0.7601472163603996,157.0410275958213,0.08783769686135802,65.21832362666667,157.0410275958213
76,550,70.13640576,0.21030826225942753,0.7600906010263193,157.37665800797973,0.04604629475639605,70.13640576,157.37665800797973
76,450,85.25715541333334,0.2283132086920075,0.7603861295666784,158.28433200066522,0.06678451945192035,85.25715541333334,158.28433200066522
76,380,98.85901098666666,0.2769101671247109,0.7604526423929908,159.00497044563758,0.019810940051833193,98.85901098666666,159.00497044563758
76,340,109.70149077333333,0.1355747316695582,0.7605507574988412,159.432010315543,0.15322658244645768,109.70149077333333,159.432010315543
76,300,121.06344192,0.19974072680278185,0.7605769377920927,160.07770374396924,0.07708319264681526,121.06344192,160.07770374396924
76,260,137.83835989333332,0.2417203553183342,0.7608968210944256,160.9603037504633,0.18016545670611142,137.83835989333332,160.9603037504633
76,220,157.78770645333336,0.1939720045566979,0.7607543417561994,162.35562841736365,0.03234518189568507,157.78770645333336,162.35562841736365
76,200,170.61749504,0.18896867694788197,0.7608148773961,163.46906139746957,0.06556170234421158,170.61749504,163.46906139746957
76,180,186.26726357333334,0.22975125590163795,0.760885178895653,164.59158488185992,0.04835216421819041,186.26726357333334,164.59158488185992
76,160,205.43313749333333,0.16301109399414523,0.7609334449537531,166.00359471927825,0.09766728932059277,205.43313749333333,166.00359471927825
76,140,274.6093717333333,0.40041537704023505,0.7610035770384652,171.25785316301616,0.11627394735191973,274.6093717333333,171.25785316301616
76,120,308.68543999999997,0.2736012808982355,0.7610797962363839,172.3450425950073,0.04564497063450736,308.68543999999997,172.3450425950073
76,100,377.73071445333335,0.3131368298833559,0.7611366307947135,177.84838323424182,0.0670453149693185,377.73071445333335,177.84838323424182
76,90,425.7745109333334,0.4561676390933421,0.7611195118325836,184.28643057022916,1.2330557430193232,425.7745109333334,184.28643057022916
76,80,465.16642688,0.5648340579789407,0.7610916701284937,186.49174377787827,0.13443940997068926,465.16642688,186.49174377787827
76,70,477.41728213333334,0.5231546987250146,0.7611464584490985,188.2289027703242,0.12302631839197609,477.41728213333334,188.2289027703242
76,65,518.0769109333334,0.538146470381866,0.7609356354333922,195.95942722015408,0.15370026218601646,518.0769109333334,195.95942722015408
76,60,542.1892270933333,0.27504205726236186,0.7606140193757834,203.02755706080896,0.15113100890588654,542.1892270933333,203.02755706080896
76,55,562.3446596266666,0.7424460123455813,0.760089780375238,208.57361498472798,0.15350903209598918,562.3446596266666,208.57361498472798
76,50,579.4979127466667,0.4869445255614845,0.7594373236368762,208.6254424542167,0.04555717990365203,579.4979127466667,208.6254424542167
76,45,599.6011221333333,0.44410696138396183,0.7583094649886849,208.02561581379896,0.10793972231259574,599.6011221333333,208.02561581379896
76,40,623.76338304,0.26909468130098785,0.756874566155506,191.12754529905192,0.16072746092206192,623.76338304,191.12754529905192
76,20,714.7918370133333,1.457812534653123,0.7644906842264191,192.4458540681164,0.01803397274944184,714.7918370133333,192.4458540681164
76,15,711.8211264,3.7572023719322485,0.7624096186878231,193.74395218410453,0.13555884064821214,711.8211264,193.74395218410453
76,10,732.8427387733333,8.561382229108187,0.7585548736771708,197.8220063728002,1.8608999658392253,732.8427387733333,197.8220063728002
76,5,733.8974775466668,7.021259512099746,0.7641014534427554,200.7027518136,0.5239124611362929,733.8974775466668,200.7027518136
76,0,738.1082321066666,0.5104504940790907,0.7619069411099307,199.47101474866432,0.7793006498951623,738.1082321066666,199.47101474866432
78,100000,0.5521757866666667,0.034103399677318666,0.7760311380497648,151.742230319827,0.2976500829579436,0.5521757866666667,151.742230319827
78,40000,1.2766456000000002,0.07078430009318967,0.7815056470083315,151.94418424592655,1.0737937628762682,1.2766456000000002,151.94418424592655
78,5000,8.704352853333333,0.09150928576687538,0.7802930689526258,152.4938908375663,0.36965850169946535,8.704352853333333,152.4938908375663
78,3000,14.535613226666667,0.8348676507211997,0.7788188234671457,153.04973651848368,0.3217915413925191,14.535613226666667,153.04973651848368
78,2000,21.833697792,0.9639840634211111,0.7791094476838933,153.99324607541152,0.58523028557839,21.833697792,153.99324607541152
78,1500,28.530880853333333,1.3911326042493195,0.780556312285559,154.41622536490522,0.17151573970380127,28.530880853333333,154.41622536490522
78,1000,42.64275456,1.4832457802689056,0.7790168156789737,155.2409412881435,0.01526677716613943,42.64275456,155.2409412881435
78,900,47.236218560000005,1.7855073413055758,0.7790962596518586,155.40432403980634,0.17361488572097605,47.236218560000005,155.40432403980634
78,800,52.374894080000004,2.3899059863620966,0.780500905249266,155.58038021590872,0.4424137324344627,52.374894080000004,155.58038021590872
78,700,60.12742912,2.4362776085289375,0.7794687831483568,155.9759039937479,0.5788741167647998,60.12742912,155.9759039937479
78,600,70.79496917333333,0.06913688884433841,0.7778095722680312,156.44353849338586,0.2404753030859009,70.79496917333333,156.44353849338586
78,550,76.63463423999998,0.1443504107369045,0.7778319435839821,157.35165948768625,0.33846859400424956,76.63463423999998,157.35165948768625
78,450,91.98107093333333,0.32753137464494575,0.7779631563853272,157.66142440655892,0.2883193241609644,91.98107093333333,157.66142440655892
78,380,107.48816682666666,0.16435679473296588,0.7782073713358164,158.51525319784403,0.17758798767313885,107.48816682666666,158.51525319784403
78,340,118.4535424,0.2173389049635932,0.7782855012504886,158.90609760780342,0.14540399405662285,118.4535424,158.90609760780342
78,300,131.67986346666666,0.02985741524678943,0.778458389412502,159.65210435189877,0.3869412677248623,131.67986346666666,159.65210435189877
78,260,149.75847381333332,0.22464327439239523,0.778695760023831,160.94333634834507,0.29292501699570106,149.75847381333332,160.94333634834507
78,220,171.49840725333334,0.24821234853960383,0.7787861242418573,161.98792208775666,0.17828516645221537,171.49840725333334,161.98792208775666
78,200,186.78648021333333,0.05538329918153826,0.778800502713608,164.01326060225247,0.0749703714452183,186.78648021333333,164.01326060225247
78,180,204.43497429333334,0.2336806413894046,0.7788482483390903,165.12841304871486,0.3985184422166764,204.43497429333334,165.12841304871486
78,160,223.61498922666667,0.31595528725284333,0.7789430579415645,166.53204358159905,0.6058388143975051,223.61498922666667,166.53204358159905
78,140,311.70911829333335,0.2991033962790723,0.778960627832706,171.72456863806443,0.3611640674062055,311.70911829333335,171.72456863806443
78,120,359.9680746666666,0.4887985396252532,0.7789908081864453,175.16506208575575,0.5196352400213257,359.9680746666666,175.16506208575575
78,100,415.11489365333335,0.12057616068158838,0.7789689074765977,181.19799948133593,1.0515472623418318,415.11489365333335,181.19799948133593
78,90,456.55728896,0.5385855876325736,0.7789999805145609,186.59612969334708,0.8449818532121114,456.55728896,186.59612969334708
78,80,494.39756757333333,0.4481714905736722,0.7789445805862202,189.8241512608762,0.14910559337659254,494.39756757333333,189.8241512608762
78,70,538.8147033600001,0.4820787348536461,0.7787777709661681,201.27329984304933,0.41483825058855867,538.8147033600001,201.27329984304933
78,65,556.0662818133334,0.7043902887939572,0.7785637597568033,205.76488654407595,0.31984916979972056,556.0662818133334,205.76488654407595
78,60,573.9070408533333,0.7129472977646247,0.7780161544456491,208.29178576969574,0.1787281063591049,573.9070408533333,208.29178576969574
78,55,571.6742141866666,21.475278892189777,0.7810788857133327,207.45379468720924,2.8023967316550427,571.6742141866666,207.45379468720924
78,50,587.4803822933334,22.843786993665542,0.7796307163569768,200.22628944952433,8.769477568358035,587.4803822933334,200.22628944952433
78,45,579.5270084266666,0.4170499054098843,0.7815515180792949,209.37430627566323,0.47250499374666527,579.5270084266666,209.37430627566323
78,40,595.40182016,0.4400087078032012,0.7793388804915974,210.9982313605132,0.2396400486074032,595.40182016,210.9982313605132
78,35,613.1288635733333,0.6149794879232134,0.7766271349275957,192.8358980610938,0.19608646770625054,613.1288635733333,192.8358980610938
78,30,623.0213713066668,0.5001368142817347,0.784861761589336,197.0756384451548,0.24226657577452612,623.0213713066668,197.0756384451548
78,25,647.1217544533333,0.7166509375400294,0.7826474614440696,196.36964675765043,0.3310249861902354,647.1217544533333,196.36964675765043
78,20,667.62660608,3.4835708410720754,0.7799525862200483,194.14844151741067,0.3019430602100641,667.62660608,194.14844151741067
78,15,666.460096,1.2472689433668789,0.7787278588690844,195.27263726655335,0.12912687186775815,666.460096,195.27263726655335
78,0,725.6522547200001,1.5395790181905205,0.7841562973068017,194.56906189692003,0.21440033732286776,725.6522547200001,194.56906189692003
79,5000,9.06492928,0.032860773094934397,0.7918625273666254,152.45744504145387,0.20663609204616587,9.06492928,152.45744504145387
79,2000,21.747892800000002,0.4242193993476601,0.7924046867031,153.59401437307903,0.1707487357266253,21.747892800000002,153.59401437307903
79,1500,29.239729920000002,,0.7947228754703901,154.29045804455833,0.2088388046468658,29.239729920000002,154.29045804455833
79,1000,40.38388288,0.06499408748828815,0.7851575097836707,154.64332539630806,0.27931812628102365,40.38388288,154.64332539630806
79,700,56.419930879999995,0.014208207681370138,0.7851996941651509,156.45334461199363,0.8320202924576562,56.419930879999995,156.45334461199363
79,600,64.77035050666667,0.21228768872605303,0.7853474990358028,156.4794260703895,0.25250818401416836,64.77035050666667,156.4794260703895
79,550,70.42646442666667,0.03405276637514943,0.7856528586595607,156.97407841063736,0.4946329268770779,70.42646442666667,156.97407841063736
79,450,84.94383445333334,0.25615206380458594,0.7858095115951933,157.2491626352557,0.8326160910616264,84.94383445333334,157.2491626352557
79,380,98.86210773333335,0.3878543500137827,0.7860968712081094,157.73873610952586,0.2912285276532154,98.86210773333335,157.73873610952586
79,340,109.50251349333332,0.21134071083694986,0.7863140437395986,158.2553955875977,0.07570181358567962,109.50251349333332,158.2553955875977
79,300,121.0833088,0.06649307898569626,0.7868024358752198,158.8418145047666,0.45125676036675383,121.0833088,158.8418145047666
79,260,137.82963285333335,0.25073561006840633,0.7874579906257497,159.53959814837563,0.24742396682990186,137.82963285333335,159.53959814837563
79,220,158.2219012266667,0.1366075521961603,0.7875210708192384,160.82619903730173,0.26458883880147366,158.2219012266667,160.82619903730173
79,200,171.07120256,0.12757277916205134,0.787539966377361,162.2846524496792,0.342571840224774,171.07120256,162.2846524496792
79,180,186.54294826666668,0.2058637759549638,0.787686194625711,163.73707769409577,0.5437707219395108,186.54294826666668,163.73707769409577
79,160,203.59327018666667,0.18422478178922247,0.7877638146305972,164.7904511768456,0.6745125880736774,203.59327018666667,164.7904511768456
79,140,277.03257984,0.12029156525964961,0.7879518377126646,170.43145949809877,1.418153087793817,277.03257984,170.43145949809877
79,120,323.6633194666667,0.26209572353698035,0.7880677108583217,172.17742121828584,0.14671905094103554,323.6633194666667,172.17742121828584
79,100,376.28247296,0.35603494679947056,0.7880569980667192,177.43313628638808,1.4792271037894626,376.28247296,177.43313628638808
79,90,426.0065390933333,0.9003894496576021,0.7879698584328017,183.85046267907163,0.12726585454575282,426.0065390933333,183.85046267907163
79,80,462.5871125333333,0.8146583814565403,0.7877281380837164,185.71253598051968,1.261122631357578,462.5871125333333,185.71253598051968
79,70,480.00044928000005,0.6877083437227739,0.7875143492218122,187.35430094610294,0.1488300152148035,480.00044928000005,187.35430094610294
79,65,515.91268096,0.4146520613527207,0.7868246888214139,194.20244592480083,0.5272327819674922,515.91268096,194.20244592480083
79,60,535.8159633066666,0.4013069952765896,0.7859654599233105,199.81604481156455,1.231851768382257,535.8159633066666,199.81604481156455
79,50,568.9372142933333,0.562446224157059,0.7938224352494497,187.75645330014356,0.19047562414125055,568.9372142933333,187.75645330014356
79,45,579.5231739733334,0.9888032145415077,0.7916590661363543,190.26854728359805,0.11924025699441206,579.5231739733334,190.26854728359805
79,40,589.8269145600001,0.48423649779021466,0.7893283970619525,192.9902099805549,0.10690698293392907,589.8269145600001,192.9902099805549
79,35,608.9943812266666,0.30628573107185525,0.7866856738724283,194.7433856375413,0.22931351940516853,608.9943812266666,194.7433856375413
79,10,689.2064874666667,2.284323123846781,0.7916019767493698,191.8412133458228,0.05968154031133814,689.2064874666667,191.8412133458228
79,5,724.6564595199999,1.1504631926434474,0.7853674472967315,195.8206058807094,0.18846145053701463,724.6564595199999,195.8206058807094
79,0,726.9690713599999,5.314736296862936,0.7941629163622151,193.79310021029679,0.30054353728639926,726.9690713599999,193.79310021029679
80,40000,1.2176605866666668,0.03282411380375098,0.7981734552753065,151.02813968000612,0.29383538796787123,1.2176605866666668,151.02813968000612
80,5000,8.537570133333332,0.0066439282940544235,0.8023421049125443,152.69743909786425,0.7320437954772395,8.537570133333332,152.69743909786425
80,3000,14.3031104,0.8147346068278655,0.8023685841827128,153.11870002703168,0.4489974855589884,14.3031104,153.11870002703168
80,2000,19.78472704,0.2651852103455894,0.803696293202766,153.76607403089665,0.3075504789916076,19.78472704,153.76607403089665
80,1000,42.78031872,0.2687626035182554,0.7970349006178723,155.08684131370492,0.014709806896895026,42.78031872,155.08684131370492
80,900,47.113128960000004,0.09887787854087197,0.7966582986747884,155.04451723777632,0.16638666952889117,47.113128960000004,155.04451723777632
80,800,52.44913408,0.19848033993283284,0.7967719780121026,155.82981425584398,0.2143321021968975,52.44913408,155.82981425584398
80,700,59.43406506666667,0.2652843015258167,0.7969991568511916,155.94959152315855,0.26670116929263554,59.43406506666667,155.94959152315855
80,600,68.68793216,0.31883578630770937,0.7969505811484208,156.37361572012406,0.3329487418042917,68.68793216,156.37361572012406
80,550,74.16425130666666,0.21155112769042314,0.7975632186437912,156.75946962471625,0.1482200681877121,74.16425130666666,156.75946962471625
80,450,89.29694037333333,0.05763477819875783,0.7979248786855692,157.54688055248675,0.22638952976729199,89.29694037333333,157.54688055248675
80,380,104.66539562666667,0.09693867272206623,0.7981368564791319,157.90256457971518,0.3772845212531678,104.66539562666667,157.90256457971518
80,340,115.73466623999998,0.1139959449363869,0.7985036328688747,158.64288754468853,0.2912891037519417,115.73466623999998,158.64288754468853
80,300,129.03672746666666,0.4117778725604101,0.7992141857330362,159.35481732770464,0.2413535204613169,129.03672746666666,159.35481732770464
80,260,147.47602986666666,0.047863130324130615,0.8006290862024937,161.6277309774431,0.29087945660917613,147.47602986666666,161.6277309774431
80,220,168.23902165333334,0.4410493120869213,0.8006862234923262,163.3700168650815,0.6853452497838557,168.23902165333334,163.3700168650815
80,200,182.66376533333332,0.17896499164009935,0.8007715390446296,164.60571046285276,0.3029830467911014,182.66376533333332,164.60571046285276
80,180,196.82363690666668,0.33796285039910723,0.8008847775905511,165.40925773490787,0.6319665443167344,196.82363690666668,165.40925773490787
80,160,216.04832981333334,0.15099285163683832,0.8010110906828173,166.76059823669775,0.3478689545240976,216.04832981333334,166.76059823669775
80,140,305.56781909333336,0.29947164760990547,0.8012671599654183,172.96673839942355,1.0049208852788478,305.56781909333336,172.96673839942355
80,120,353.11567274666663,0.11723621181147535,0.8013171740694002,177.05171124241554,1.9076158288003162,353.11567274666663,177.05171124241554
80,100,405.3838464,0.6010376467686234,0.8011905261575718,182.87732703986754,0.4388746196588188,405.3838464,182.87732703986754
80,90,436.63131647999995,0.3586786404913438,0.8010701031272379,183.45264495774927,0.27734558516072083,436.63131647999995,183.45264495774927
80,80,474.37181568,0.6801471167873,0.8006562567198685,185.97760289303292,0.29007993132154447,474.37181568,185.97760289303292
80,70,512.4752072533333,1.168594280506829,0.7996300325247122,191.35954385730952,0.22944420448817684,512.4752072533333,191.35954385730952
80,65,525.8445802666666,0.030248244983733522,0.7989424338101218,194.4155076231325,0.08912795339445669,525.8445802666666,194.4155076231325
80,60,541.8196381866667,0.4894967400431272,0.7976333018380019,198.2801041471054,0.0634514457267148,541.8196381866667,198.2801041471054
80,55,556.41180544,0.3731039750657999,0.7959312632710936,202.28096475106983,0.43484763735784804,556.41180544,202.28096475106983
80,40,570.2606459733333,2.06781327349322,0.8035558790466059,212.16604898110018,0.8353018878096004,570.2606459733333,212.16604898110018
80,35,582.4288669866665,0.4999364392378266,0.8021848562942062,212.72680380143137,0.29205669774197984,582.4288669866665,212.72680380143137
80,30,595.2913911466667,1.3091997953213705,0.8009929201567845,212.9896615565267,0.44852099621061453,595.2913911466667,212.9896615565267
80,25,615.33056256,0.14234053559965015,0.7995862644200865,205.08530276448616,11.458004725743958,615.33056256,205.08530276448616
80,20,636.2952674133334,0.4395957693559473,0.7983177834109708,194.338877472387,0.25881111698148096,636.2952674133334,194.338877472387
80,15,639.9123933866667,2.3364824844444807,0.797102848014042,194.79757654365463,0.20660996926397848,639.9123933866667,194.79757654365463
80,10,690.6845623466667,0.6007000929384276,0.8014561695126973,193.35306665856874,1.3624875700033043,690.6845623466667,193.35306665856874
80,5,715.3655197866666,4.1851209017453,0.7961931002403052,195.82666158285159,0.566016368017739,715.3655197866666,195.82666158285159
81,5000,8.858774613333333,0.050965271576466506,0.8119699935112243,151.9312190773278,0.42847826031709124,8.858774613333333,151.9312190773278
81,3000,14.01866752,,0.8055465060348332,152.86767555299232,0.21099948289241374,14.01866752,152.86767555299232
81,2000,20.763236480000003,0.41697170476182244,0.8146977106296431,152.91396339715538,0.30258802003892843,20.763236480000003,152.91396339715538
81,1500,26.913960533333334,0.009469317184029338,0.8053066147070426,153.78565383848655,0.21170983155677367,26.913960533333334,153.78565383848655
81,1000,39.50594304,0.05906134932890103,0.8062631729232174,155.29289213594146,0.5275975598996737,39.50594304,155.29289213594146
81,900,43.621887146666666,0.13269499405846136,0.8064299332514752,155.03235461860564,0.26726502955481374,43.621887146666666,155.03235461860564
81,800,48.86744234666667,0.10135914249605091,0.806575598080205,155.84517500841886,0.7632467153399278,48.86744234666667,155.84517500841886
81,700,55.03002965333334,0.3686951649265113,0.8068716065297795,155.55990658777193,0.2541816347156661,55.03002965333334,155.55990658777193
81,600,64.39396735999999,0.7133672377114381,0.8080780034841983,156.16765469272454,0.1198987281454107,64.39396735999999,156.16765469272454
81,550,68.81226538666665,0.07230763600458885,0.8071055415202976,156.3429753369942,0.18028195942897562,68.81226538666665,156.3429753369942
81,450,83.19814229333333,0.404644751184994,0.8076477718232695,156.82398427012117,0.07023980048788858,83.19814229333333,156.82398427012117
81,380,97.06463829333332,0.23330972266798408,0.8082198901384391,157.62184977125796,0.07413890941783485,97.06463829333332,157.62184977125796
81,340,107.43472768,0.40714307912217923,0.8085167311748386,158.26966836737952,0.4070013173800338,107.43472768,158.26966836737952
81,300,119.46658090666666,0.06928127191613856,0.8098308191974257,158.70938610534262,0.32223216899922325,119.46658090666666,158.70938610534262
81,260,137.8256789333333,0.1924524692523437,0.8130336385166038,160.42874130468593,0.80903990857461,137.8256789333333,160.42874130468593
81,220,157.91167530666664,0.1641745292500095,0.8129012411135902,161.27116063382095,1.1586646978930042,157.91167530666664,161.27116063382095
81,200,170.43591338666667,0.19738242623555685,0.8130077756559467,162.31651626677356,0.7458603292657386,170.43591338666667,162.31651626677356
81,180,186.34477994666668,0.22652081281106062,0.8131621418619743,163.68054740595338,0.2239257435761906,186.34477994666668,163.68054740595338
81,160,204.96030848,0.29463140766045204,0.8132939231339303,164.6121227556035,0.7073156700991737,204.96030848,164.6121227556035
81,140,288.30641706666665,0.19109050385819865,0.813612215021991,170.5896733143015,1.2860569328114297,288.30641706666665,170.5896733143015
81,120,332.89418752,0.36426606208463586,0.8137162478828165,172.26969242276877,0.5675144841451473,332.89418752,172.26969242276877
81,100,380.17110698666664,0.13959350226704623,0.8137595737601654,177.29887824524488,1.1181302200372112,380.17110698666664,177.29887824524488
81,90,403.7403067733333,0.291451108476714,0.8135903636471823,180.56581356678032,1.4656401734567288,403.7403067733333,180.56581356678032
81,80,455.60207786666666,0.6794993941304164,0.8130714864555387,185.148292863511,1.1765649269545002,455.60207786666666,185.148292863511
81,70,473.01017471999995,0.49862095728236633,0.8126611739002761,185.99654823769333,0.35356978320125787,473.01017471999995,185.99654823769333
81,65,505.2556552533333,0.38702991577003787,0.8114454388173556,191.00640581209154,0.14419759014393765,505.2556552533333,191.00640581209154
81,60,520.5790152533333,0.48891936131403285,0.810372204619965,195.27806120821012,0.3212097105265232,520.5790152533333,195.27806120821012
81,55,538.5014724266666,1.135425914000846,0.8089978526328068,201.17150102843485,0.4562749235401822,538.5014724266666,201.17150102843485
81,50,551.70494848,0.6126829339998744,0.8073130115616248,205.9828963518637,0.33377780189884637,551.70494848,205.9828963518637
81,45,568.1110743466667,7.272575330489666,0.8098686553863724,207.59304638218873,1.6548058704811008,568.1110743466667,207.59304638218873
81,40,582.6786786133333,0.2645976179277083,0.812334955683661,208.51260128993985,0.4985641863978796,582.6786786133333,208.51260128993985
81,35,593.2751121066666,1.7819638623402505,0.810310312798984,210.95865488080366,0.6460851444713614,593.2751121066666,210.95865488080366
81,30,603.02041088,0.3907325559021485,0.808883952611975,211.26726694950958,0.29088054687332926,603.02041088,211.26726694950958
81,25,620.5648576,2.7965358027119764,0.8076848934662371,193.22891489443273,0.1814376102483083,620.5648576,193.22891489443273
81,20,635.8741725866666,1.112092656294069,0.8064044903431324,194.44825313550155,1.4106944960732244,635.8741725866666,194.44825313550155
81,15,638.1800392533333,4.090354688063741,0.8058490709657882,196.15980613869127,0.29565333151969314,638.1800392533333,196.15980613869127
81,10,667.47251584,1.4499605134927553,0.81368570764474,199.35603851599262,0.160727223274026,667.47251584,199.35603851599262
81,5,707.44539648,3.76460077792336,0.8085207406566005,195.43130646361604,0.41101431859073,707.44539648,195.43130646361604
81,0,717.19443584,1.7415742120680036,0.8070502667487954,193.0639897417591,0.3331362629735587,717.19443584,193.0639897417591
82,40000,1.16502016,0.006869683800583571,0.8193414296778294,151.0325042181247,0.2753542124312635,1.16502016,151.0325042181247
82,5000,8.162556586666666,0.03247145986062989,0.8194279642972534,152.6619095029606,0.17277934351209678,8.162556586666666,152.6619095029606
82,3000,13.999576746666667,0.6916123743729565,0.8185421762809367,152.68799469077558,0.30044840355436964,13.999576746666667,152.68799469077558
82,2000,20.00285248,0.5437840062786661,0.821485900864247,153.4946676986617,0.34136177144427965,20.00285248,153.4946676986617
82,1500,26.928303573333334,1.0619003893783454,0.8197293318798972,153.84935927481953,0.315761637962162,26.928303573333334,153.84935927481953
82,1000,40.327089920000006,1.77882041892855,0.8197576831623932,154.6271354252946,0.140136445075643,40.327089920000006,154.6271354252946
82,900,45.384078933333335,0.09089238790011872,0.8170597089979976,154.35093499163023,0.0765216819811811,45.384078933333335,154.35093499163023
82,800,51.15916458666667,0.31718998108797114,0.8169562944504706,154.74925287625925,0.12276871708559045,51.15916458666667,154.74925287625925
82,700,57.76995712000001,0.10227989474009624,0.8171618690139364,155.43690484793294,0.6985091950495079,57.76995712000001,155.43690484793294
82,600,66.96507306666666,0.3317261134206556,0.8176904850378043,155.50105681794176,0.10568395011778312,66.96507306666666,155.50105681794176
82,550,72.70548394666666,0.2709493123495334,0.8178089867355617,156.4360046381284,0.1515580910555529,72.70548394666666,156.4360046381284
82,450,87.79639466666667,0.19468192549033844,0.8182780818957278,156.87381061019073,0.1602255337883265,87.79639466666667,156.87381061019073
82,380,102.20903296,0.3712410553472553,0.8187351511258661,157.27974612691162,0.09714931699804948,102.20903296,157.27974612691162
82,340,113.10999936,0.13766220174594682,0.8192190573527306,157.97749535312758,0.20616974683070333,113.10999936,157.97749535312758
82,300,127.36872021333333,0.2236299467452384,0.821055130523734,158.4995118212107,0.36043852260405485,127.36872021333333,158.4995118212107
82,260,147.07051861333335,0.3132546405427652,0.8245590551606701,159.8298296966318,0.8173168340110326,147.07051861333335,159.8298296966318
82,220,168.26257664,0.1928268968702857,0.8245426086624112,161.7948290899235,0.6843090319056807,168.26257664,161.7948290899235
82,200,183.09223338666666,0.34476718054557765,0.8246111262258914,162.9912630540463,0.0551695848054523,183.09223338666666,162.9912630540463
82,180,201.6127086933333,0.1334724048693328,0.8248757303536962,165.0425458540155,0.07163092827393212,201.6127086933333,165.0425458540155
82,90,442.41599616,1.1782281222965598,0.824769034861272,184.06004036009992,0.1307344368732334,442.41599616,184.06004036009992
82,80,475.33417984,0.575814697422684,0.8238861058647524,184.54517087689658,0.4691237092284678,475.33417984,184.54517087689658
82,70,511.77674666666667,0.7300417731861842,0.8221429150316656,189.18050675913,0.3383783131898622,511.77674666666667,189.18050675913
82,65,527.78625408,0.48680674133109714,0.8208954971089956,192.85706762370742,0.04889911304913082,527.78625408,192.85706762370742
82,60,541.4238242133333,0.7639109703599428,0.8195226691640757,196.225354429593,1.3491505573368807,541.4238242133333,196.225354429593
82,55,555.4931746133334,0.5925033561298084,0.817894149564068,200.48597132994018,0.06727931567707107,555.4931746133334,200.48597132994018
82,50,566.9018811733333,0.6749925817479913,0.816035142600977,203.16215977680523,0.14663840883884802,566.9018811733333,203.16215977680523
82,45,560.8353821866667,0.11810226181443133,0.8248937689553891,207.68753663592994,0.11779509448477941,560.8353821866667,207.68753663592994
82,40,568.6654037333333,0.6290898329611088,0.8230226405621762,211.1791724746931,0.16420197595478708,568.6654037333333,211.1791724746931
82,35,578.4258120533333,0.6351130566527428,0.8214919738215131,214.70145523365568,0.32862280999338805,578.4258120533333,214.70145523365568
82,30,585.2759744,0.8620658596338006,0.8202978902777961,215.93098189384702,0.8320826312866901,585.2759744,215.93098189384702
82,25,598.2513860266666,0.410217453011725,0.8188707819746806,218.41662283596406,0.41126428398677756,598.2513860266666,218.41662283596406
82,20,618.0168349866667,1.431916755106986,0.8179496179058434,216.6160321293618,0.3373938617805245,618.0168349866667,216.6160321293618
82,15,613.33385472,0.5345052257079669,0.8178493865164155,213.8643107816008,0.2839595794119171,613.33385472,213.8643107816008
82,10,637.5663168000001,0.8341383472726409,0.8249285201800308,197.016217759731,0.18907626697465826,637.5663168000001,197.016217759731
82,5,679.8535470933333,0.8027839163327067,0.8201568936791649,202.8855037814686,0.13635376225217807,679.8535470933333,202.8855037814686
82,0,686.2612825599999,2.259017946622199,0.8191898550096125,200.29343488387136,0.2485838572261212,686.2612825599999,200.29343488387136
83,40000,1.1024531199999998,0.04161631164922402,0.8286594822716776,150.75221120998222,0.13732752541697998,1.1024531199999998,150.75221120998222
83,5000,8.46071296,0.030935494521652195,0.8308572913675807,153.70281387612314,0.055232139828654304,8.46071296,153.70281387612314
83,3000,14.000043519999998,0.03609427565810483,0.8347779912780378,154.19187402827285,0.028259904101349664,14.000043519999998,154.19187402827285
83,900,41.87001514666667,0.32728799030157335,0.8254225256755907,154.9810432273266,0.42974763269622235,41.87001514666667,154.9810432273266
83,800,46.55824298666666,0.1520251948726884,0.8255824634948844,155.3998547520024,0.1573587600673348,46.55824298666666,155.3998547520024
83,700,53.09538816,0.185759847475977,0.8260082563100862,155.4216973070691,0.23772139307427578,53.09538816,155.4216973070691
83,600,61.52790613333334,0.152230776268375,0.8265506719803994,156.12506411390135,0.16450264732190867,61.52790613333334,156.12506411390135
83,550,66.5566912,0.1784986754874379,0.8266346023060508,156.31776959623963,0.2611724265878619,66.5566912,156.31776959623963
83,450,80.24402389333333,0.02548293561705758,0.82746706941104,157.1093532868446,0.22748166788094867,80.24402389333333,157.1093532868446
83,380,93.81810048,0.19147508484360512,0.8282489102831224,157.66345341016273,0.16897255161621877,93.81810048,157.66345341016273
83,340,104.15592448,0.20231902321641543,0.828941382540283,157.7435576322304,0.5498604264383502,104.15592448,157.7435576322304
83,300,117.01247061333333,0.21412208413983036,0.8307363706416471,158.74195403586097,0.41362339385500063,117.01247061333333,158.74195403586097
83,160,217.25143850666666,0.174806215330876,0.8251422185213918,165.5297878814956,0.7004596858974603,217.25143850666666,165.5297878814956
83,140,306.70944256,0.2972820536116283,0.8255339657388928,170.37571225501014,0.27978315378112556,306.70944256,170.37571225501014
83,120,354.02641919999996,0.17837081174790276,0.8255664191035806,174.15900745047415,0.10133808156002647,354.02641919999996,174.15900745047415
83,100,405.06719146666666,0.48957490869055564,0.8253074297984964,180.5178075213887,0.3676481774583343,405.06719146666666,180.5178075213887
83,80,446.6294890666666,0.9386695522342082,0.8337302607180455,183.83063082455433,1.1991527857520103,446.6294890666666,183.83063082455433
83,70,472.07314687999997,0.6511689035865978,0.8326693660098163,185.17828248109322,0.3288285023212157,472.07314687999997,185.17828248109322
83,65,504.1759995733333,0.1389780135102134,0.8310600905599023,189.20098953622414,0.1112244236937166,504.1759995733333,189.20098953622414
83,60,521.8300983466667,1.0165684662052887,0.8299178180562358,192.87957439816464,0.23555171957898596,521.8300983466667,192.87957439816464
83,55,539.3270830933334,0.1560997100631586,0.8285261965211576,198.70306214392596,0.5283977378465986,539.3270830933334,198.70306214392596
83,50,551.31770624,1.2282971093171462,0.8268069732015558,203.5196377544913,0.12243403372365709,551.31770624,203.5196377544913
83,45,553.4119765333334,0.3182893328652155,0.833947663815834,204.09314911358987,0.2045313404386053,553.4119765333334,204.09314911358987
83,40,560.40740224,0.27923934493532543,0.8323324994112881,206.95122437895498,0.10955819903103874,560.40740224,206.95122437895498
83,35,572.7693691733334,0.44358919569904615,0.831013386319763,208.8776047932637,2.6182779411558688,572.7693691733334,208.8776047932637
83,30,578.2801096533334,0.8982569914999465,0.8299590283372003,211.8601048386237,0.15379326626245607,578.2801096533334,211.8601048386237
83,25,588.7671095466667,0.1938772539526315,0.8290355657226329,213.76225275092386,0.3463842493875143,588.7671095466667,213.76225275092386
83,20,602.4581499733333,0.6784118398004263,0.8282216952835362,214.95410353666318,0.15856785229748818,602.4581499733333,214.95410353666318
83,15,594.7045452799999,0.7333329049495145,0.828170091084136,213.4689420615392,0.09505706691930936,594.7045452799999,213.4689420615392
83,5,652.1497088,0.5730577199762443,0.8319693097885855,204.36371579802707,0.11779895836948588,652.1497088,204.36371579802707
83,0,669.2289617066667,3.3319373032412556,0.8297181431641691,203.08980967148526,0.0767633926664995,669.2289617066667,203.08980967148526
84,40000,1.0459189333333334,0.05402264412243539,0.8423394872561936,152.57907552463803,0.32707016830562663,1.0459189333333334,152.57907552463803
84,5000,7.786517333333333,0.032628507902122544,0.838883564773643,153.72055220893412,0.022530911051542837,7.786517333333333,153.72055220893412
84,3000,12.6124864,0.0851072915962821,0.841417188816559,154.12066432993535,0.01911722593692257,12.6124864,154.12066432993535
84,2000,19.633778133333333,0.9234376986135256,0.8393898650385955,154.6423578180176,0.04084666962737788,19.633778133333333,154.6423578180176
84,1500,25.833054463999996,0.9609542086988037,0.8393391039252756,155.10240781228944,0.058050194548295866,25.833054463999996,155.10240781228944
84,1000,39.968811093333336,0.030373034132516838,0.8369646006049667,155.99491227706974,0.016040828860652764,39.968811093333336,155.99491227706974
84,900,43.71532288,0.28148977810013,0.8372384757706538,156.31534308343268,0.07715388027569842,43.71532288,156.31534308343268
84,800,49.471838719999994,0.10566757810925055,0.8378978508640055,156.60029020273637,0.06266294037220596,49.471838719999994,156.60029020273637
84,700,55.85518720000001,0.2724146802210275,0.8381693761147777,156.87768965545297,0.040112461709625624,55.85518720000001,156.87768965545297
84,600,64.80892245333332,0.25557046743216544,0.8385749493173681,157.01807536826266,0.4694662157607933,64.80892245333332,157.01807536826266
84,550,70.35210368,0.1428107679708348,0.8387196861788496,157.60327271066373,0.1213142364632546,70.35210368,157.60327271066373
84,450,84.28263210666667,0.1511739964390138,0.8391794619201652,158.2391791563588,0.20852128881436274,84.28263210666667,158.2391791563588
84,380,98.19548714666666,0.14335332419504232,0.8397915989871577,158.90920934257227,0.0249971310382497,98.19548714666666,158.90920934257227
84,340,108.76083967999999,0.07665828128619984,0.8403529070351238,159.30628318659356,0.050735732789943803,108.76083967999999,159.30628318659356
84,300,122.35882709333333,0.40270314028109516,0.8419230315950795,159.90012164350117,0.10994299980651005,122.35882709333333,159.90012164350117
84,260,136.33285717333334,0.16423796545494104,0.8355107124862001,159.19118042977837,0.29630401269871665,136.33285717333334,159.19118042977837
84,220,155.99951658666666,0.178840573584613,0.8353890155641822,159.79859488144913,0.3612412857973507,155.99951658666666,159.79859488144913
84,200,168.75769728,0.2653048202530126,0.8354599277584119,161.3755250730964,0.33172732842970165,168.75769728,161.3755250730964
84,180,179.84714581333333,0.07562174637314767,0.8355748600245426,161.81678269104955,0.39731552940764925,179.84714581333333,161.81678269104955
84,160,198.79684522666665,0.08154677888017675,0.8357029100857719,163.89765822206024,0.5040901097109313,198.79684522666665,163.89765822206024
84,140,280.2660526933333,0.100140321238898,0.8360905790649166,170.10787358979874,0.22243777389175992,280.2660526933333,170.10787358979874
84,120,316.7755387733334,0.33538776826798117,0.8361040135510581,170.595209951339,0.03352397049057584,316.7755387733334,170.595209951339
84,100,380.59775658666666,7.042201237944236,0.8401923388011098,176.45183666479082,1.642455259068476,380.59775658666666,176.45183666479082
84,90,415.5769821866667,7.779102444581546,0.839147459010405,181.04189076545074,3.5267394983189173,415.5769821866667,181.04189076545074
84,80,456.3924676266667,0.6069192348431027,0.8418689142420934,185.34768641095908,0.7882769306561207,456.3924676266667,185.34768641095908
84,70,487.51455530666664,0.12163230243341029,0.8405716353711404,187.51041838166307,0.22831753395966678,487.51455530666664,187.51041838166307
84,65,503.72928213333336,1.0854745347142454,0.8397386991503072,189.87873036777785,0.21474422850866481,503.72928213333336,189.87873036777785
84,60,520.8651571199999,0.5815278488566356,0.8385295856623572,193.6378790895304,0.1011232334538894,520.8651571199999,193.6378790895304
84,55,536.63115904,0.5112569670482074,0.8370946240468983,197.40347502338943,0.3886363266325095,536.63115904,197.40347502338943
84,50,545.7034645333333,0.08363855263886082,0.8356034626937937,200.90933499172402,0.1420399975251679,545.7034645333333,200.90933499172402
84,40,546.4941610666666,1.7197741533843767,0.8439049500988075,202.91186835399807,0.40084902140080764,546.4941610666666,202.91186835399807
84,35,558.3332014933334,0.6187465327080954,0.8428142423086814,208.61314219646803,4.262193540971529,558.3332014933334,208.61314219646803
84,30,565.0097322666667,0.12688703320221723,0.8417346566744083,208.7158191177813,0.09545003385962814,565.0097322666667,208.7158191177813
84,25,574.41341568,0.653764872918598,0.8408765277836419,211.91538523434238,0.30103451149492133,574.41341568,211.91538523434238
84,20,584.5546850133334,0.25972524189435947,0.8398631274953164,213.56445186596088,0.593373466280275,584.5546850133334,213.56445186596088
84,15,581.2719458133333,0.8609042650457733,0.8397342402100305,211.9316174726046,0.4183684777967649,581.2719458133333,211.9316174726046
84,10,612.0532932266666,1.4107013395004415,0.8371634242536018,215.77633370120876,0.0977442144186887,612.0532932266666,215.77633370120876
85,40000,1.0135355733333333,0.04686703570129156,0.85165078798336,151.37767825721107,0.3513957605649887,1.0135355733333333,151.37767825721107
85,5000,8.107532800000001,0.0075683683225381965,0.8480079031226846,151.66999138067118,0.1679230219528928,8.107532800000001,151.66999138067118
85,3000,12.953117866666666,0.22886598101812256,0.8507609273646154,152.64513243411818,0.3078005460450548,12.953117866666666,152.64513243411818
85,2000,19.339357866666667,0.02830053902970389,0.8520215365921405,153.05102948944509,0.10345426444469293,19.339357866666667,153.05102948944509
85,1500,25.36253792,0.2320324842208514,0.8513180290195184,153.26236728099607,0.3372984598659051,25.36253792,153.26236728099607
85,1000,36.907116800000004,0.624847406666734,0.8500104674383909,154.93683894262662,0.9958077542145265,36.907116800000004,154.93683894262662
85,900,40.76463914666667,0.3701138507312078,0.8500598972995598,155.3068231693871,0.8428855444849902,40.76463914666667,155.3068231693871
85,800,45.77210645333333,0.7916218502460322,0.8504852579429537,155.52793770327776,1.0104390313707785,45.77210645333333,155.52793770327776
85,700,51.30457184,1.0432943458186388,0.8484527346345153,156.6334463400452,0.0970783008835592,51.30457184,156.6334463400452
85,600,58.86394325333333,0.31040174069043297,0.847195290060153,156.7969104870712,0.45075850102641335,58.86394325333333,156.7969104870712
85,550,63.363162026666664,0.05677613248744888,0.8472265877851832,157.2207733728573,0.06551011107930631,63.363162026666664,157.2207733728573
85,450,76.72254975999999,0.27188809959413013,0.8476619315123458,158.02833512856986,0.10839305555718638,76.72254975999999,158.02833512856986
85,380,89.5069888,0.052320519575656116,0.8480011920468616,158.60378490067146,0.04578348551198227,89.5069888,158.60378490067146
85,340,99.49238186666666,0.17326735290838946,0.8487893967394875,158.93960814341827,0.065531118847044,99.49238186666666,158.93960814341827
85,300,111.24989696,0.0544528210233604,0.8495893755734296,159.53686761787225,0.049735919975008376,111.24989696,159.53686761787225
85,260,136.49246570666665,6.984199608816333,0.8503901373121638,160.31941796665194,0.18962289923178058,136.49246570666665,160.31941796665194
85,220,156.37288234666667,7.33693318464613,0.8505001494636667,161.88039300330394,0.37047394966635705,156.37288234666667,161.88039300330394
85,200,169.07820117333333,7.899770517397729,0.8505174769132045,162.91205670639783,0.4837350549130491,169.07820117333333,162.91205670639783
85,180,195.30126421333333,0.162434740212457,0.8462332425944656,164.62014972823465,0.02447908497155585,195.30126421333333,164.62014972823465
85,160,210.89045930666668,0.10269459968437288,0.8462085200173575,166.07288055972236,0.05879858815009715,210.89045930666668,166.07288055972236
85,140,295.43625685333336,0.3373215932439843,0.8461448527151818,172.3598305301961,0.1706715182538952,295.43625685333336,172.3598305301961
85,120,339.54339114666664,0.13361138133858752,0.8455133735325613,174.20431622924704,0.08642526229648129,339.54339114666664,174.20431622924704
85,100,356.62697088,0.43513038930341036,0.8544505817289488,177.06399108134497,1.2712161085641618,356.62697088,177.06399108134497
85,90,397.0522564266667,1.0844668422048231,0.8533562514094669,181.64558988297517,1.2739790106387294,397.0522564266667,181.64558988297517
85,80,429.42667050666665,0.8651030866758118,0.8520717983280829,184.88166485987986,1.5403005232019944,429.42667050666665,184.88166485987986
85,70,438.02006272,0.46051808929805005,0.8516256607676164,185.52135159750924,1.0664622634142678,438.02006272,185.52135159750924
85,65,474.2923029333333,0.554089596401531,0.8499907629201157,186.66226504809563,0.2873176895856827,474.2923029333333,186.66226504809563
85,60,492.1280507733333,0.7834294904784425,0.8489755757914311,188.7306351607234,0.2565402940691761,492.1280507733333,188.7306351607234
85,55,511.4007317333333,0.06366690428345717,0.8479087050955522,192.27214332260357,0.35119160072779665,511.4007317333333,192.27214332260357
85,50,526.4381815466667,1.3193224702949573,0.8465981349637784,196.5393419228807,0.3572023776433809,526.4381815466667,196.5393419228807
85,45,539.2701683199999,1.6502680748182774,0.849969013356905,198.34123651175545,1.7989625593053522,539.2701683199999,198.34123651175545
85,40,549.6751176533334,0.3792016883570289,0.8537078682014309,199.82110659579857,0.2055214286300265,549.6751176533334,199.82110659579857
85,35,561.4409864533334,1.0765093311309566,0.8530807863056262,203.82644104593305,0.08863462565332324,561.4409864533334,203.82644104593305
85,30,568.9888955733333,0.31259708639585415,0.8524169065139704,206.47274568339387,0.3936011211965378,568.9888955733333,206.47274568339387
85,25,579.8653358933333,0.7176032547650414,0.8520369428976875,209.89898630623944,0.21840458006788646,579.8653358933333,209.89898630623944
85,20,589.73734912,0.27344263051986883,0.8515682888424997,212.92245529916735,0.20076590110665446,589.73734912,212.92245529916735
85,15,587.1599031466667,0.2696557619944899,0.851557725161095,211.6874803341417,0.3030415485141469,587.1599031466667,211.6874803341417
85,10,615.1072123733334,1.0995343856846143,0.8500099510469329,214.4586141655823,0.29488973799707513,615.1072123733334,214.4586141655823
85,5,649.0360913066667,1.9495171605206707,0.8465259701069124,200.91199478893148,0.1742557442039339,649.0360913066667,200.91199478893148
85,0,666.1694775466666,2.589209292097569,0.8456933199203518,208.49195592304443,11.053823267570865,666.1694775466666,208.49195592304443
86,40000,0.97110784,0.06882741135351228,0.860743556064023,151.6140284413763,0.1374652664675145,0.97110784,151.6140284413763
86,5000,7.445568000000001,0.015038590735677133,0.8573080939900363,151.62359591767301,0.29621488765131937,7.445568000000001,151.62359591767301
86,3000,12.110184106666665,0.08374916129136442,0.8613842308118113,152.19227908280723,0.4822749866831428,12.110184106666665,152.19227908280723
86,2000,17.137943039999996,0.23257545306528551,0.8621133761475668,152.7232616985082,0.22643632976307196,17.137943039999996,152.7232616985082
86,1500,23.466832639999996,0.02859752186813261,0.8635015765618882,152.91803003967033,0.27194836693096053,23.466832639999996,152.91803003967033
86,1000,34.52044842666667,0.041508340706654226,0.8647653696224009,153.90598485232363,0.24859637608318103,34.52044842666667,153.90598485232363
86,700,52.551104640000005,0.12034799023875847,0.8550814149109495,155.2230850361113,0.9101267129016033,52.551104640000005,155.2230850361113
86,600,60.55634602666667,0.1707468715959514,0.8552951314764202,155.38060301353923,0.6232640153042361,60.55634602666667,155.38060301353923
86,550,65.44746538666666,0.3050483907390142,0.8555194324832608,156.1175171015045,0.8006028881811292,65.44746538666666,156.1175171015045
86,450,78.83775530666666,0.48556364057463725,0.8559620424882773,156.41496940703448,0.11993566471056706,78.83775530666666,156.41496940703448
86,380,92.36462720000002,0.15695071807890112,0.8565131888479303,157.4111473116014,0.8290932320185351,92.36462720000002,157.4111473116014
86,340,102.14072362666667,0.29507579435961895,0.8569131777850058,157.2433700234346,0.3327504468981687,102.14072362666667,157.2433700234346
86,300,114.21121621333333,0.1829686634979225,0.8581556233834701,157.77496982476893,0.07349176801472025,114.21121621333333,157.77496982476893
86,260,133.03595904,0.19861209532566249,0.8617115168391732,158.48854955141576,0.4793167804667628,133.03595904,158.48854955141576
86,220,152.23889962666667,0.10944131846939859,0.8618941470691567,159.56079967693418,0.29392196016515065,152.23889962666667,159.56079967693418
86,200,165.24830378666664,0.07624212421792219,0.8619018862925358,160.68802613080103,0.15323572021125506,165.24830378666664,160.68802613080103
86,180,180.0481890133333,2.419563645982332,0.858624474724559,162.84209596741127,1.0173480726780812,180.0481890133333,162.84209596741127
86,160,195.69829205333335,2.2761402073903207,0.8587444181112575,164.51584669936233,0.8400510126640597,195.69829205333335,164.51584669936233
86,140,268.8380898133333,7.8983343559139,0.8590312239727652,170.15190452863362,0.7233021753670777,268.8380898133333,170.15190452863362
86,120,312.2406122666667,5.106034327755309,0.858727327679801,171.37733879583922,1.153920314114302,312.2406122666667,171.37733879583922
86,100,362.79611818666666,0.1176934371207254,0.8617099155888043,173.84901734333002,0.16527244826970233,362.79611818666666,173.84901734333002
86,90,398.7027989333333,1.1708229301743052,0.8609342942064298,176.6912821885591,0.2881751242880003,398.7027989333333,176.6912821885591
86,80,433.3858026666667,0.8195783561764314,0.859879889687816,181.79782288270496,1.5044257300608006,433.3858026666667,181.79782288270496
86,70,468.2424896,0.6354839235655906,0.8587492140258064,183.48706470729113,0.12185757613110872,468.2424896,183.48706470729113
86,65,483.6631872,0.5180385544484023,0.8581447053633006,184.3124708061109,0.16474931670788867,483.6631872,184.3124708061109
86,60,497.98716885333334,0.3677080430873934,0.8574963449319507,186.1479850851226,0.2381169899213878,497.98716885333334,186.1479850851226
86,55,517.5233664,0.4154756128164569,0.8566177489031026,189.7672490688194,0.3151514700071685,517.5233664,189.7672490688194
86,50,530.5047185066666,0.805819567534474,0.8556702927563653,193.16646506358907,0.2618713388702554,530.5047185066666,193.16646506358907
86,25,574.25124608,0.49124365829944766,0.8646136265783221,202.31681604849234,0.2994369160036251,574.25124608,202.31681604849234
86,20,585.7024661333334,0.6367630848290528,0.8641737262371684,204.91635981102652,0.2956555831401087,585.7024661333334,204.91635981102652
86,15,580.3192994133334,0.9006135492143037,0.8640778231909317,198.07372221357136,11.060805460577162,580.3192994133334,198.07372221357136
86,10,604.5841019733334,1.727243953744041,0.8625991277692507,190.77913620016412,0.01897314265129352,604.5841019733334,190.77913620016412
86,5,625.68491648,0.7724639341244839,0.8597912022788309,199.58657434875258,0.11991828487497676,625.68491648,199.58657434875258
86,0,640.13738624,2.7980106900119304,0.8592367406444641,222.4708097527733,0.3505353163789545,640.13738624,222.4708097527733
87,40000,0.9331272533333332,0.02082957683807652,0.8681899750818318,151.5431367588882,0.0716987181315946,0.9331272533333332,151.5431367588882
87,5000,7.51833152,0.22277148065867566,0.869730151564071,151.66103675858687,0.340627121048854,7.51833152,151.66103675858687
87,3000,12.473954133333335,0.006487875094892699,0.872160186814078,151.92898317324935,0.23110599567067783,12.473954133333335,151.92898317324935
87,2000,18.06131648,0.2186069987319238,0.8714588278973149,152.72329341197744,0.32115639665642093,18.06131648,152.72329341197744
87,1500,24.1820672,,0.8748650239463399,153.46506435437337,0.5460264704496817,24.1820672,153.46506435437337
87,900,37.960788906666664,0.29427084609453275,0.8651773061833414,154.16216858655937,0.17279292781071062,37.960788906666664,154.16216858655937
87,800,42.782525013333334,0.04618302503050984,0.8654287091986065,154.56407503719402,0.08280870926203723,42.782525013333334,154.56407503719402
87,700,48.535052799999995,0.05180875537633484,0.8658805934290305,154.89520393981317,0.22110760318225528,48.535052799999995,154.89520393981317
87,600,55.561822293333336,0.42308545882440307,0.8661745788561751,154.72532663863922,0.16532361396672157,55.561822293333336,154.72532663863922
87,550,60.59418837333333,0.28065597460602215,0.8664502182879552,154.98325200076712,0.3690571885343847,60.59418837333333,154.98325200076712
87,450,72.95132586666666,0.15492211570105183,0.8669250784907699,155.60104107613506,0.3549062043289806,72.95132586666666,155.60104107613506
87,380,85.26556928000001,0.017702682143815856,0.8674849764579626,156.2984007812693,0.18163569760183373,85.26556928000001,156.2984007812693
87,340,94.00578175999999,0.1868088983031266,0.8681472762013294,156.7680997726108,0.2669274540551847,94.00578175999999,156.7680997726108
87,300,105.18282922666667,0.09416994655221707,0.8691556796309543,157.31931670986665,0.11652354015480845,105.18282922666667,157.31931670986665
87,260,121.8034368,0.23313019654691208,0.8717944511652581,158.05080150828746,0.13201831265650257,121.8034368,158.05080150828746
87,220,140.14319061333333,0.07142963767667064,0.8721452601741443,159.54802410811962,0.07315872616187015,140.14319061333333,159.54802410811962
87,200,151.43988607999998,0.10049988015918647,0.8724386326638217,160.72660755259324,0.19381380098351816,151.43988607999998,160.72660755259324
87,180,166.77936682666666,0.23053590209250113,0.8738939018510304,161.67902886809023,0.865154985528305,166.77936682666666,161.67902886809023
87,160,182.88324778666666,0.2217070233058989,0.8741776759301151,163.29626501255885,0.7597437413853132,182.88324778666666,163.29626501255885
87,140,250.81641344,0.4446614111291899,0.8744208622705819,168.03108178584708,0.5770907411412493,250.81641344,168.03108178584708
87,120,287.19524522666666,0.15966457403042209,0.8743019340423407,171.4605027725985,0.5046531758502809,287.19524522666666,171.4605027725985
87,100,338.4833096533333,0.20014317637815432,0.8738184852550464,172.8243920155377,0.6653432976498294,338.4833096533333,172.8243920155377
87,90,369.0159995733333,0.6653009398662355,0.8730258197879127,176.82257962777786,0.7751916711800277,369.0159995733333,176.82257962777786
87,80,385.43005098666663,0.32672410958984194,0.8723124755390458,179.42427190071825,0.19444040968623708,385.43005098666663,179.42427190071825
87,70,423.6891652266667,0.7968303488844699,0.8710937866095253,180.83174781472465,1.0881259190443653,423.6891652266667,180.83174781472465
87,65,458.42944938666665,0.34257790797982096,0.8698664023187052,181.8547361439503,0.4534149606534356,458.42944938666665,181.8547361439503
87,60,476.82527616,1.425393122494804,0.8690977708525537,182.9101783928945,0.21415124448457984,476.82527616,182.9101783928945
87,55,499.74652928,0.6670968388702525,0.8683016611914011,185.1973345988171,0.28938097999071155,499.74652928,185.1973345988171
87,50,518.1927765333334,0.3701143895890273,0.8675263427697107,188.00947366793037,0.20061504952852832,518.1927765333334,188.00947366793037
87,45,530.1663496533333,0.37206156078414143,0.8668532380595643,189.4897673787149,0.23344428322525335,530.1663496533333,189.4897673787149
87,40,542.3591223466666,0.46737740456349497,0.8661045641482946,192.39826692821188,0.21512211312155008,542.3591223466666,192.39826692821188
87,35,554.3360977066667,0.752274511231881,0.8655009429688345,196.20653811638195,0.25994151874540705,554.3360977066667,196.20653811638195
87,30,563.34006784,1.0991511502785645,0.8650739693257585,198.5909844969168,0.267074217891206,563.34006784,198.5909844969168
87,5,620.52740864,0.6365428792049301,0.8730425702408072,197.33657597532877,0.12038665261320718,620.52740864,197.33657597532877
87,0,631.4217582933334,1.6431182563911961,0.8724084949715025,222.13113541963693,0.46555328033057813,631.4217582933334,222.13113541963693
88,5000,7.215260799999999,0.2146246706124607,0.8792890266149401,151.76176487790283,0.2340265009849516,7.215260799999999,151.76176487790283
88,3000,11.499092906666666,0.023490527683791403,0.8825997918007977,152.32000792507878,0.22182918963852213,11.499092906666666,152.32000792507878
88,1500,23.287841706666665,1.4900328584413816,0.8783600115001189,152.706310632995,0.1800974595501883,23.287841706666665,152.706310632995
88,1000,35.48374485333334,0.1323500612273233,0.8762242619418159,153.95295805520718,0.24134514179695937,35.48374485333334,153.95295805520718
88,900,39.51264810666666,0.12767127222112898,0.8764255902240591,154.68943996198917,0.5378576410180105,39.51264810666666,154.68943996198917
88,800,43.68296149333333,0.516565674034326,0.8765946468340552,154.81685443752136,0.8186146964056906,43.68296149333333,154.81685443752136
88,700,49.883032320000005,0.07286416895755599,0.8771931140819945,154.41236321616353,0.2975098336342057,49.883032320000005,154.41236321616353
88,600,57.34138581333334,0.14830218486677338,0.8773248587154163,155.75047436021546,0.6859334478924223,57.34138581333334,155.75047436021546
88,550,61.74991317333333,0.1508212458410657,0.8775398266981754,155.9590576578179,0.6592641143886023,61.74991317333333,155.9590576578179
88,450,74.23429973333333,0.1074888239017354,0.8782459223687663,156.35040218002567,0.6615783284419855,74.23429973333333,156.35040218002567
88,380,87.13533738666666,0.43293121231849546,0.8787296935007216,156.48747200402474,0.09346586785461267,87.13533738666666,156.48747200402474
88,340,96.36930090666665,0.36792786753807677,0.8791829615115517,156.7832398309126,0.3633612032405642,96.36930090666665,156.7832398309126
88,300,107.67824384000001,0.4105506893140938,0.8798274637558193,157.4007876419084,0.017741127297998895,107.67824384000001,157.4007876419084
88,260,123.95868757333334,0.2741205188349491,0.882206104834175,158.2496405181066,0.20263750295901511,123.95868757333334,158.2496405181066
88,220,142.09936384,0.1394522404677387,0.8823989388236039,158.72290066030507,0.571307989154869,142.09936384,158.72290066030507
88,200,154.31350528,0.04138159344960809,0.8826991983762257,159.66067837719314,0.353713716949325,154.31350528,159.66067837719314
88,180,172.03546026666666,0.34970784476884703,0.8838857003254401,161.6296496291142,0.30024450077753934,172.03546026666666,161.6296496291142
88,160,186.41127424,0.4194175945154782,0.8841260974371247,162.76766496399372,0.16883526805409105,186.41127424,162.76766496399372
88,140,260.47612842666666,0.2024611676755359,0.8841668077497805,167.93981704301282,0.6798851708633917,260.47612842666666,167.93981704301282
88,120,299.1167761066667,0.2641215393615742,0.8839176753137906,169.01640247732237,0.2965645681697004,299.1167761066667,169.01640247732237
88,100,340.5182493866667,0.2133623313671833,0.8832997297455218,171.7212908635751,0.8551573204130087,340.5182493866667,171.7212908635751
88,90,358.3988407466666,0.5382554548867428,0.8826963570696758,174.79032930120334,1.012524506196852,358.3988407466666,174.79032930120334
88,80,403.2416533333333,0.04039223733590902,0.8816025067971279,180.15229032650936,0.3769222198330833,403.2416533333333,180.15229032650936
88,70,436.8382314666667,1.1813502133112896,0.880699183559642,181.55707840513165,1.0747730933588096,436.8382314666667,181.55707840513165
88,65,451.42321194666664,0.427208711417316,0.8803113035867697,181.990037303648,0.41389808063813954,451.42321194666664,181.990037303648
88,60,467.35749290666666,0.212837290863969,0.8798934802568428,183.16783814688858,0.41044896164437766,467.35749290666666,183.16783814688858
88,55,486.4171874133333,0.5706811372156,0.8795790746466478,184.70779886251765,0.38749179008474693,486.4171874133333,184.70779886251765
88,50,501.38935850666667,0.6684991447469566,0.8791599112447287,186.5946959042137,0.13041120805925996,501.38935850666667,186.5946959042137
88,45,513.6729459200001,0.4561751754042378,0.87866887468918,188.82440288738155,0.11704699657233243,513.6729459200001,188.82440288738155
88,40,523.6676168533334,0.39333070472049403,0.878138078826605,192.28961068516062,0.25204402066144416,523.6676168533334,192.28961068516062
88,35,536.24553344,0.24640923481748164,0.8779436443065123,196.14527417390204,0.08446693152311625,536.24553344,196.14527417390204
88,30,545.8508134399999,0.5736469901550402,0.8775713814367833,198.56008263876257,0.2860720130452744,545.8508134399999,198.56008263876257
88,25,555.2482764800001,0.8962613075339442,0.877338802428748,202.18139735177522,0.2328674082853472,555.2482764800001,202.18139735177522
88,20,568.6709128533333,1.2088747969940994,0.8769057520054888,204.67508074286673,0.5315038384821172,568.6709128533333,204.67508074286673
88,15,566.0200644266666,0.7219237705709912,0.8769619632668135,203.8603409057046,0.5954841816095343,566.0200644266666,203.8603409057046
88,10,588.7476689066667,2.178212427005146,0.8758618780354133,208.74478348830152,0.23328978166552553,588.7476689066667,208.74478348830152
89,5000,6.94830592,0.08358408020087946,0.8910841252296121,151.68210719991092,0.2340776534812998,6.94830592,151.68210719991092
89,2000,16.842928213333334,0.056305171143567354,0.8853715185472694,152.82371962800372,0.24694210029720523,16.842928213333334,152.82371962800372
89,1000,32.63344810666666,0.06423427531819231,0.8878953776750028,153.5165084014795,0.16132340668678016,32.63344810666666,153.5165084014795
89,900,36.277332480000005,0.0851309288045752,0.8881726269609945,154.04018624684116,0.36939120171156115,36.277332480000005,154.04018624684116
89,800,40.521408853333334,0.047032775758006296,0.8886158569336792,154.0381269078815,0.13045372323079954,40.521408853333334,154.0381269078815
89,700,45.36906026666667,0.5164496398318666,0.8888335262391983,154.65023721176803,0.5461651784845358,45.36906026666667,154.65023721176803
89,600,52.39760768,0.332049885894827,0.8893734452871599,155.2643728769679,0.9201676533315909,52.39760768,155.2643728769679
89,550,57.21732735999999,0.08747588947226424,0.8894778279459477,155.0600251189421,0.2419358126175995,57.21732735999999,155.0600251189421
89,450,68.36981290666667,0.40580150347706556,0.8900012535057122,155.64911374633112,0.3867514406950153,68.36981290666667,155.64911374633112
89,380,80.31348181333333,0.10294869654457046,0.8905884595536935,156.09510455278874,0.27316978803008374,80.31348181333333,156.09510455278874
89,340,88.42686634666667,0.24070191481391132,0.8907756191745501,156.58965606229464,0.39290804977793664,88.42686634666667,156.58965606229464
89,300,98.16635221333333,0.1819501395752421,0.8907803041305956,156.9944345339017,0.17594530255511165,98.16635221333333,156.9944345339017
89,260,113.00176597333332,0.08365889055675445,0.8926093514645445,157.49892077392002,0.22302249623370143,113.00176597333332,157.49892077392002
89,220,129.94115285333334,0.0789998655139077,0.8926868138982966,158.1806431520004,0.20186373254110931,129.94115285333334,158.1806431520004
89,200,140.62265728,0.22483038699748806,0.8929910850903036,158.4159024292162,0.26352299303938087,140.62265728,158.4159024292162
89,180,155.70272042666667,0.1336530261118558,0.8934887512174279,159.19031337034485,0.5509442087456692,155.70272042666667,159.19031337034485
89,160,169.84155776,0.07662727100771115,0.8934975360419353,160.29063629030654,0.3719548682554528,169.84155776,160.29063629030654
89,140,236.96192213333333,0.25561472192395274,0.8937776082155681,165.82904034783755,0.2760440402026851,236.96192213333333,165.82904034783755
89,120,272.2837585066667,0.3329546786519816,0.8936341470305958,168.3033010651532,0.10768105283514792,272.2837585066667,168.3033010651532
89,100,310.82702549333334,0.39029800131232373,0.8935402928223155,170.04471445050197,1.6568433482088174,310.82702549333334,170.04471445050197
89,90,329.24493909333336,0.38442461733975025,0.8932331974850919,170.9435132049225,0.18195882396616847,329.24493909333336,170.9435132049225
89,80,372.3632059733333,0.2991915384159449,0.8926978066761585,174.32352620074346,0.17685380472229342,372.3632059733333,174.32352620074346
89,70,396.07588437333334,0.6599393842327874,0.8924182030424378,176.6330659241486,0.0229698925867601,396.07588437333334,176.6330659241486
89,65,430.67091626666667,0.6788343048457115,0.8919427122024675,181.12765616432137,1.1717080397406365,430.67091626666667,181.12765616432137
89,60,451.09456511999997,0.7860509393964198,0.8916766819417564,181.75134213369165,0.016416536075506184,451.09456511999997,181.75134213369165
89,55,473.02149333333335,0.4747660822971814,0.891415593061768,183.15293788663556,0.22671727608645167,473.02149333333335,183.15293788663556
89,50,489.7412394666667,1.2495135408609157,0.8911143636889891,184.50234245558693,0.49692739648304146,489.7412394666667,184.50234245558693
89,45,503.91011456,0.4913792790876348,0.890830419148072,186.22001489276545,0.05097561679106411,503.91011456,186.22001489276545
89,40,515.7763639466666,0.8496902273181345,0.8905174313857804,188.3996667433304,0.09285379090528759,515.7763639466666,188.3996667433304
89,35,530.2541175466666,0.3978947152004104,0.8902261184188293,191.80695185528975,0.3181040029139389,530.2541175466666,191.80695185528975
89,30,538.5252919466667,0.1889655370940508,0.8899579055538115,194.97828248072685,0.9399757730202215,538.5252919466667,194.97828248072685
89,25,549.5068475733333,0.20989952178099058,0.8898176996191975,198.22159076367112,0.11518976589965385,549.5068475733333,198.22159076367112
89,20,560.1025369600001,0.6264263829731684,0.8897025112973106,202.2488288278323,0.3761035440106607,560.1025369600001,202.2488288278323
89,15,556.1195106133333,0.5804534970646009,0.8895439431571254,202.87014958712442,0.4068214043618338,556.1195106133333,202.87014958712442
89,10,583.20382592,0.9676987747460717,0.8888072117587207,209.41273938777474,0.24200376716053765,583.20382592,209.41273938777474
89,5,614.7297655466667,0.26985105213096644,0.8867587690631002,213.3009735036891,0.3241500317097639,614.7297655466667,213.3009735036891
89,0,631.1489749333333,0.8692903838684648,0.8862688652026979,223.56725294979483,0.17861345804499415,631.1489749333333,223.56725294979483
91,3000,10.937415253333334,0.03606193525281373,0.9090904733473634,152.33352834495952,0.21606949214723345,10.937415253333334,152.33352834495952
91,2000,16.035588693333334,0.039401721795421715,0.9116738449327468,152.49422082512334,0.13868643768927294,16.035588693333334,152.49422082512334
91,1500,21.08637696,0.17440518277686376,0.9127385718214168,152.87939759760772,0.35652364480906895,21.08637696,152.87939759760772
91,1000,30.9724992,0.08224215356931262,0.9144660272764432,153.56441451983522,0.1397504104858182,30.9724992,153.56441451983522
91,180,153.01853568,0.3779647531473713,0.90509319365064,159.43708228403423,0.3012581661590367,153.01853568,159.43708228403423
91,160,169.30150186666665,0.2949751331350058,0.9052416155706259,161.35716323087266,0.22666056035886972,169.30150186666665,161.35716323087266
91,140,236.36062933333332,0.34169007196943996,0.9054578863612424,166.06374629381332,0.3040074268043288,236.36062933333332,166.06374629381332
91,120,270.40981674666665,0.4355217101111164,0.9054268299849362,169.2917934180125,0.09680056010408282,270.40981674666665,169.2917934180125
91,100,312.1211950933333,0.2649072870968252,0.9054247129852128,170.01643024706013,0.32856501821810086,312.1211950933333,170.01643024706013
91,90,347.85491328000006,0.049083313674634574,0.9052908541173856,173.96673992432497,0.9601624963362371,347.85491328000006,173.96673992432497
91,80,382.27375488,,0.9050023312968485,176.0456942097836,0.03811403626447738,382.27375488,176.0456942097836
91,0,629.4903458133333,1.1971133656580228,0.91465665533152,191.5748955563987,0.07443456904690501,629.4903458133333,191.5748955563987
92,5000,6.647707520000001,0.050288076632966264,0.9177587906653663,152.9063474940805,0.1385385309422623,6.647707520000001,152.9063474940805
92,3000,10.989826133333333,0.09848416136226101,0.9231549309200501,153.18514677428956,0.13841916428289572,10.989826133333333,153.18514677428956
92,900,34.34512,0.06443745303013465,0.9151225843704698,153.6993182678613,0.1029297839761726,34.34512,153.6993182678613
92,800,38.4983296,0.06424951971147089,0.9154755132432068,153.94212880191134,0.35610686417375753,38.4983296,153.94212880191134
92,700,42.80820352,0.14626660331291896,0.9155071310999366,154.06883355966795,0.30380663981975803,42.80820352,154.06883355966795
92,600,49.31335125333334,0.1311047117763747,0.9155785947491344,154.44106181846686,0.14422503119850208,49.31335125333334,154.44106181846686
92,550,54.35526442666667,0.15939074335593062,0.9160382992110817,154.66441465689323,0.24063505282927902,54.35526442666667,154.66441465689323
92,450,65.10865450666667,0.4352907131366184,0.9165733670438788,155.09485515849437,0.2958993841634539,65.10865450666667,155.09485515849437
92,380,75.89301546666665,0.42058246162825336,0.9168816495486038,155.94830038017417,0.3464628917257985,75.89301546666665,155.94830038017417
92,340,84.32957781333333,0.4890673737776072,0.9171573545876074,155.95391191381918,0.24701055096921923,84.32957781333333,155.95391191381918
92,300,93.24354944,0.5277771236856048,0.9172435965438085,156.49190994307443,0.31672482590520806,93.24354944,156.49190994307443
92,260,106.9676928,0.3591850161682651,0.9179306560233457,156.98265019909093,0.3297660129839881,106.9676928,156.98265019909093
92,220,122.38435882666666,0.18328027534040353,0.9179936431459054,157.32113715950643,0.01805319102817772,122.38435882666666,157.32113715950643
92,200,132.22249301333332,0.027687112966004384,0.9183385340494402,158.15803964739823,0.31703979236292523,132.22249301333332,158.15803964739823
92,180,144.17062783999998,0.09069126491682356,0.9186794885385249,158.9801870973952,0.22203323716622034,144.17062783999998,158.9801870973952
92,160,156.90572714666666,0.07137109366491833,0.9188115947774181,160.17293929833025,0.1123279614392104,156.90572714666666,160.17293929833025
92,140,223.5317393066667,0.4159763966430492,0.919194421790347,165.86799806373003,0.7442296880328981,223.5317393066667,165.86799806373003
92,120,257.4629000533333,0.5203123082127026,0.9193523749022531,168.41642773296724,0.2172082560372897,257.4629000533333,168.41642773296724
92,100,294.0896328533333,0.694975856306544,0.9194434120056137,169.81813165224864,1.3997126452362358,294.0896328533333,169.81813165224864
92,90,311.6914154666667,0.2840136360970504,0.9194625044481105,170.39590157134208,0.27118281355697593,311.6914154666667,170.39590157134208
92,80,337.62735445333334,0.8339078456133121,0.9192585111679167,172.5902237285519,0.7373484848903039,337.62735445333334,172.5902237285519
92,70,373.78597802666667,0.036613924809170535,0.9191831275564485,177.67220167189055,1.2020352040756854,373.78597802666667,177.67220167189055
92,65,405.6560810666667,0.5079830754158756,0.9188492171440444,179.8457157458104,1.3099315349713863,405.6560810666667,179.8457157458104
92,60,423.64563712,0.7563477091273391,0.9186534520260219,180.1353564980694,0.9602431243060592,423.64563712,180.1353564980694
92,55,441.98468608,0.2579562105034647,0.9184900533045285,180.36462606441407,0.525538347863532,441.98468608,180.36462606441407
92,50,458.5425715200001,0.3303434530447952,0.9183114351344268,181.09107129252888,0.11630234246814895,458.5425715200001,181.09107129252888
92,45,474.82301738666666,0.8237605696082231,0.9180662522133627,182.11784769115812,0.21409764675584816,474.82301738666666,182.11784769115812
92,40,487.8032034133333,0.6326728493589463,0.9178295387179456,183.4619154050666,0.19682124333097756,487.8032034133333,183.4619154050666
92,35,503.17198463999995,0.9481751123700243,0.9176681694642131,184.51909962669183,0.33777702069501553,503.17198463999995,184.51909962669183
92,30,511.9055189333333,0.7056066135302542,0.9174925018398309,185.66722489897373,0.06122951956956826,511.9055189333333,185.66722489897373
92,25,524.5708753066666,0.9971775492460155,0.9172859456479762,188.39274082875167,0.2619564251320614,524.5708753066666,188.39274082875167
92,20,534.2588125866667,1.8118732257483485,0.9173530266768949,192.3454640745831,0.4368334784346467,534.2588125866667,192.3454640745831
92,15,525.30282368,2.7075928091921893,0.9172122452079723,193.12577265312746,0.3287753681230287,525.30282368,193.12577265312746
92,10,547.89487488,1.405962376091648,0.9168355275323398,199.34869743106682,0.4717234402087858,547.89487488,199.34869743106682
92,5,594.38153344,0.7562967121593004,0.9153512450411742,187.5833478580254,0.11539863195066387,594.38153344,187.5833478580254
93,5000,6.1337506133333335,0.06269045677214152,0.9312419285474397,153.4087975336209,0.020368399920301702,6.1337506133333335,153.4087975336209
93,3000,10.306007039999999,,0.933652426459045,153.6292495765267,0.1166170679842042,10.306007039999999,153.6292495765267
93,2000,16.55296853333333,0.04012869475294469,0.9268750414989425,153.69403494331615,0.0741996805049688,16.55296853333333,153.69403494331615
93,1500,22.035066880000002,0.2508154017470793,0.9279369731021635,154.0137599592321,0.013489450384726796,22.035066880000002,154.0137599592321
93,1000,32.12300629333333,0.03912292840649868,0.9297648258074936,154.68695064250707,0.03243785017914355,32.12300629333333,154.68695064250707
93,900,35.67283285333333,0.24860409039991163,0.9299876125416028,154.93369909488632,0.05912543978072308,35.67283285333333,154.93369909488632
93,800,39.94971221333333,0.06431123372486469,0.9301155695407567,155.17216170711362,0.04153569171071932,39.94971221333333,155.17216170711362
93,700,44.58949205333334,0.3637321019364682,0.9309158544360372,155.48239073129594,0.027874481064143232,44.58949205333334,155.48239073129594
93,600,52.13579434666667,0.08767986183775289,0.9312651794306651,155.7659782079138,0.03597560746903764,52.13579434666667,155.7659782079138
93,550,55.99944106666667,0.5591577474009685,0.9315126368890875,156.008838815591,0.1246868133358671,55.99944106666667,156.008838815591
93,450,68.14727552000001,0.05251026821959265,0.9317414967015235,156.56493410087725,0.06601602260997518,68.14727552000001,156.56493410087725
93,380,79.0799488,0.20563975709588125,0.9322949983971509,157.10202096038563,0.034386156192056705,79.0799488,157.10202096038563
93,340,87.00648149333334,0.042087528010836296,0.9324803038005363,157.5144709425547,0.04223370980392348,87.00648149333334,157.5144709425547
93,300,96.565216,0.08952755272689443,0.932634204614669,157.86385616168113,0.09914220528870947,96.565216,157.86385616168113
93,260,110.15679573333334,0.24215282632240828,0.9328428007022511,158.36491014066493,0.039037960527511475,110.15679573333334,158.36491014066493
93,220,126.00141952,0.23367430498579558,0.9328370240862398,158.8645181760874,0.11811596089940052,126.00141952,158.8645181760874
93,200,135.96427178666667,0.04855629211949347,0.9331162747034726,159.99165850085316,0.057290468568226234,135.96427178666667,159.99165850085316
93,180,147.98941824,0.024460790589228287,0.933239978539839,160.833101599829,0.0783329073591208,147.98941824,160.833101599829
93,160,160.75107584,0.17178666696656975,0.933390091156201,161.84097005924423,0.08030333617625621,160.75107584,161.84097005924423
93,140,229.3482112,0.21934109918558994,0.933631557080528,166.56361885776306,0.10248179118783306,229.3482112,166.56361885776306
93,120,264.36299861333333,0.1614202461680457,0.9337221032853692,169.21176611938282,0.24527407439171017,264.36299861333333,169.21176611938282
93,100,302.1212462933333,0.5335442183525454,0.9336092915182085,171.49353017718627,1.0776529318785375,302.1212462933333,171.49353017718627
93,90,335.12713173333333,0.3922676888558969,0.9333783911447776,173.30264026064495,0.02910501543342158,335.12713173333333,173.30264026064495
93,80,354.3900189866667,0.16608920139296593,0.933269860895981,174.98664807708323,0.07010937243277128,354.3900189866667,174.98664807708323
93,70,393.89882069333333,0.12507643696477858,0.9329108676015192,179.01641254549517,1.18898698549244,393.89882069333333,179.01641254549517
93,65,409.45969536,0.3126307085004295,0.9327528063363423,179.74820136354913,0.07583658313747017,409.45969536,179.74820136354913
93,60,425.68861056,0.9031908473690597,0.9327052939371008,180.94910425083367,0.06602831660004702,425.68861056,180.94910425083367
93,55,445.9363968,0.3190624497759771,0.9325918217342206,181.77220871385086,0.08042271660769125,445.9363968,181.77220871385086
93,50,458.71030272,0.132799563090571,0.9325116133057482,182.47615286431528,0.14892509496540485,458.71030272,182.47615286431528
93,45,471.33979008000006,0.3900644278686311,0.9323598973853245,183.4636953077977,0.15501806855040695,471.33979008000006,183.4636953077977
93,40,482.65503957333334,1.402560315420436,0.9322325932539636,184.6189866151196,0.10476089936583312,482.65503957333334,184.6189866151196
93,35,493.90951423999996,0.591769397185625,0.9320897349899736,186.0325003527747,0.40443699865324123,493.90951423999996,186.0325003527747
93,30,502.81075072,1.3773909665150308,0.9320329283293214,187.62430778365697,0.11138953915204028,502.81075072,187.62430778365697
93,25,511.6484782933333,1.7035732869730997,0.9320054615927456,190.54376614925835,0.09464063146301499,511.6484782933333,190.54376614925835
93,20,517.5641058133333,1.3344224220255094,0.9319439596928488,193.85160475813004,0.10332893236471373,517.5641058133333,193.85160475813004
93,15,504.4244215466667,2.3686533763123134,0.9319444620389093,196.3634822703341,0.18487918570829534,504.4244215466667,196.3634822703341
93,10,529.4702805333333,2.101845725802021,0.9316236199493892,202.13774702977045,0.19318344035372684,529.4702805333333,202.13774702977045
93,5,597.6284010666667,1.370651736047678,0.930481516855238,204.1889857262873,0.11978014209402837,597.6284010666667,204.1889857262873
93,0,630.7039287466667,0.7201248474782396,0.9299991454671422,208.04680979119834,0.2031441519295434,630.7039287466667,208.04680979119834
95,3000,10.34582528,0.05174111292972372,0.9530661325823852,152.62119836843905,0.20071918053071985,10.34582528,152.62119836843905
95,600,46.72598613333333,0.2674426253205873,0.9455183004701256,156.04635640543813,0.1345464764583945,46.72598613333333,156.04635640543813
95,550,50.97855744,0.01884101786057123,0.9457670339934864,156.22810242274468,0.01749689519375243,50.97855744,156.22810242274468
95,450,60.822265173333335,0.1905682347309137,0.9460719525759131,156.67104925949627,0.17249424228231627,60.822265173333335,156.67104925949627
95,380,70.77703253333334,0.15442448019796481,0.9462976209271311,156.93556043744675,0.15922726470909163,70.77703253333334,156.93556043744675
95,340,78.25442261333333,0.12341977160890592,0.9465641742430436,157.33531381339648,0.10462825897987676,78.25442261333333,157.33531381339648
95,300,87.58436906666667,0.047234415571107906,0.9468183389770575,157.6798061613705,0.020135463951545158,87.58436906666667,157.6798061613705
95,260,99.38951936000001,0.048598815827553474,0.9471092067265888,158.00979672719504,0.10995679872737273,99.38951936000001,158.00979672719504
95,220,113.6732096,0.072875438299737,0.9471550598265015,158.49070721076927,0.005418065396842565,113.6732096,158.49070721076927
95,200,122.6424,0.09342989745716171,0.9471108267316287,158.72808622030962,0.11688748037678058,122.6424,158.72808622030962
95,180,133.24023168,0.11584816181279418,0.947252561543053,159.61357327228177,0.030529707793407686,133.24023168,159.61357327228177
95,160,145.6157312,0.13524194532515063,0.9472440645339102,160.54417675163918,0.05843398516970334,145.6157312,160.54417675163918
95,140,195.80991573333333,0.1658583214406261,0.9475860568185039,163.99777516361314,0.08389082825686298,195.80991573333333,163.99777516361314
95,120,224.30126890666665,0.22539976952362617,0.947660730750842,166.24738323091498,0.0821223274380002,224.30126890666665,166.24738323091498
95,100,264.71766442666666,0.11798758620437172,0.9477404802495905,169.60957683287117,0.10059489078227299,264.71766442666666,169.60957683287117
95,90,289.7985233066667,0.22396378266968917,0.9477212598909919,171.23679987849096,0.04514260162571109,289.7985233066667,171.23679987849096
95,80,325.5307072,0.26570290872830793,0.94747270217515,172.51177172703117,0.05250358797426543,325.5307072,172.51177172703117
95,70,354.81053653333333,0.10833971312794605,0.9475128440299444,174.62434611359527,0.18205867680574842,354.81053653333333,174.62434611359527
95,65,377.3579306666666,1.1261545567129583,0.9473856845671494,177.9035344930379,1.2802000289281512,377.3579306666666,177.9035344930379
95,60,395.9530082133333,0.8476643651118198,0.9472070226271376,178.8451269670791,0.09685244009976976,395.9530082133333,178.8451269670791
95,55,416.7548292266667,0.836640397751514,0.9470904728832704,179.94184951252132,0.11208902074556237,416.7548292266667,179.94184951252132
95,50,433.8537847466667,0.7840055436659568,0.9470238696763676,181.13372282949027,0.6835672993513678,433.8537847466667,181.13372282949027
95,45,448.50349312,0.7391415440527458,0.946915991448127,181.496049863611,0.1479694475426699,448.50349312,181.496049863611
95,40,463.1783035733333,0.7808646834032111,0.9468977709752533,182.44863373987343,0.09481404803992463,463.1783035733333,182.44863373987343
95,35,478.03157845333334,0.39047031496314655,0.9468704362987849,183.99313206585603,0.20425766916720983,478.03157845333334,183.99313206585603
95,30,489.96522239999996,1.20599063143399,0.9467404371909991,184.93265942554584,0.2248698975694652,489.96522239999996,184.93265942554584
95,25,505.2026487466667,0.44434758562869736,0.9467692320442537,187.17296003317588,0.14396284680053587,505.2026487466667,187.17296003317588
95,20,517.4438417066667,0.9822489818854355,0.9467564258896758,190.1180215735325,0.06941868972049968,517.4438417066667,190.1180215735325
95,15,507.9145186133333,2.473247897944899,0.9466827516354864,192.1262949807469,0.1390395024123455,507.9145186133333,192.1262949807469
95,10,527.44898944,1.124179683959186,0.9466383429602159,198.0319103415526,0.37887653311163927,527.44898944,198.0319103415526
95,5,559.4103185066667,1.237372882970582,0.9463086520293537,200.1254885330446,0.178687614832991,559.4103185066667,200.1254885330446
95,0,611.56371712,1.886302502194213,0.9459162872121464,203.0951676979923,0.29237988947362253,611.56371712,203.0951676979923
96,5000,5.746356053333333,0.012287607349282357,0.9605335575025608,152.26810732197814,0.33716395268208305,5.746356053333333,152.26810732197814
96,2000,14.961745493333334,0.2305593099158204,0.9558463255410645,153.00411446831254,0.09473451443166057,14.961745493333334,153.00411446831254
96,1500,20.36300288,0.035280608932250414,0.9585392011650246,153.4709580292537,0.28022710995553013,20.36300288,153.4709580292537
96,1000,29.947401386666666,0.030684387072965807,0.9602931508174887,153.5900612289179,0.12463814428268973,29.947401386666666,153.5900612289179
96,900,32.913278293333335,0.31305567327949196,0.960507934918137,154.22843778469573,0.15949052445042464,32.913278293333335,154.22843778469573
96,800,36.707413333333335,0.1880162241543584,0.9608372326866442,154.3054409614289,0.3968086232390613,36.707413333333335,154.3054409614289
96,700,41.23789141333334,0.16530614684406475,0.9609682887221153,154.26588084823155,0.15180147458452245,41.23789141333334,154.26588084823155
96,600,47.68444928,0.5686184727282747,0.9610077488374872,154.79156932851927,0.1840487271819617,47.68444928,154.79156932851927
96,550,51.59680085333333,0.23704563481557775,0.9615380656566037,154.63557646081404,0.24223366288261317,51.59680085333333,154.63557646081404
96,450,62.591845973333335,0.4971608938118279,0.9621072000304528,155.06802576192607,0.10777845659625453,62.591845973333335,155.06802576192607
96,380,72.56256170666667,0.055581249992844625,0.9622930785150811,155.9914401941933,0.04620521074075033,72.56256170666667,155.9914401941933
96,340,80.3430592,0.11817799038497628,0.962505660711697,156.23771125884278,0.3706791031480828,80.3430592,156.23771125884278
96,300,89.70264576,0.3697981787219335,0.9626112026195023,156.54897211531477,0.4226849425289874,89.70264576,156.54897211531477
96,260,101.56085589333334,0.11651880934007029,0.9629189904338333,156.50732541977445,0.3992076264763499,101.56085589333334,156.50732541977445
96,220,116.36602282666666,0.04587235763219404,0.9630860666739752,156.9521418118039,0.24480996016669457,116.36602282666666,156.9521418118039
96,200,125.52809258666666,0.24343819254775423,0.9631645421439621,157.2845500073624,0.23462622063725805,125.52809258666666,157.2845500073624
96,180,135.12230058666665,0.09159477403537106,0.9632269206813918,158.0498279346971,0.2948693707673265,135.12230058666665,158.0498279346971
96,160,148.87895338666667,0.18423477685494263,0.9633245593810811,159.0344811573693,0.18046042696928694,148.87895338666667,159.0344811573693
96,140,206.49660245333334,0.7190026934376931,0.9635485650106114,163.2894469883361,0.5299055683531323,206.49660245333334,163.2894469883361
96,120,234.90679594666665,0.45249128390539506,0.9636256739474418,165.24013445817172,0.23230881758903868,234.90679594666665,165.24013445817172
96,100,274.5618850133333,0.39768427281342944,0.9636828757229855,168.57971799781382,0.1540054014736307,274.5618850133333,168.57971799781382
96,90,298.9989294933334,0.19810905432546294,0.9636850551445727,169.27195467628124,1.3902871663540857,298.9989294933334,169.27195467628124
96,80,328.43114496000004,0.20184057703822733,0.9636327424274983,170.97826077841543,1.210812039763842,328.43114496000004,170.97826077841543
96,70,358.4053704533333,0.5330934264290914,0.9636065604267552,174.60150816078155,1.493030984558728,358.4053704533333,174.60150816078155
96,65,375.7365568,0.5052135074427823,0.9636373125941651,175.9136162192027,1.237533614769163,375.7365568,175.9136162192027
96,60,392.4729937066666,0.4184114075575403,0.9636344398240682,178.60178089718409,1.657028589976013,392.4729937066666,178.60178089718409
96,55,409.07103402666667,0.2095505455235653,0.9636414554803178,179.3027149939659,1.0788835032009443,409.07103402666667,179.3027149939659
96,50,425.34780032,0.2948646404667696,0.963642707814568,180.22655331296968,1.1019818604339486,425.34780032,180.22655331296968
96,45,440.63104512,1.0900533260495533,0.9635591456714735,180.83627784161044,1.102709561162991,440.63104512,180.83627784161044
96,40,452.4391377066666,0.24008781379501715,0.9634941676580676,181.56341582943682,0.8726867500793697,452.4391377066666,181.56341582943682
96,35,466.18789461333336,0.9332637349817426,0.9635133826153188,181.9175622765196,0.17701534647738315,466.18789461333336,181.9175622765196
96,30,479.07934378666664,1.2542518341264668,0.9634813815529948,183.44546259211282,0.37538210427740015,479.07934378666664,183.44546259211282
96,25,488.8855424,0.55819717231746,0.9634681272530177,184.83340806901222,0.16781766352190872,488.8855424,184.83340806901222
96,20,490.55434410666663,1.765111882171867,0.9634521899344429,187.48785744281918,0.49690234636275366,490.55434410666663,187.48785744281918
96,15,489.5769860266667,1.845771230952735,0.9634174686398236,189.14563224236966,0.3609911734189797,489.5769860266667,189.14563224236966
96,10,506.3746837333333,3.4748373654560734,0.9633544237840895,194.80005461651197,0.22257092244394341,506.3746837333333,194.80005461651197
96,5,573.5422592,1.5260039667001202,0.9631274895589228,183.4426615782002,10.521748123093186,573.5422592,183.4426615782002
96,0,613.9012782933333,5.869994529098852,0.9629276555837487,179.5493204777672,0.09277097219109083,613.9012782933333,179.5493204777672
98,5000,5.4899455999999995,0.02540557430033011,0.9789709727539745,152.1160964483868,0.2713045204642749,5.4899455999999995,152.1160964483868
98,1000,25.94677333333333,0.5615363225037898,0.9760725105892171,153.76417026187738,0.38817408328224645,25.94677333333333,153.76417026187738
98,900,28.86267605333333,0.5080212246163202,0.9767062361354547,153.88106902595163,0.13133140547961694,28.86267605333333,153.88106902595163
98,800,32.44652586666667,0.21286860930604043,0.9770063427253243,154.1027368266723,0.11164760501509663,32.44652586666667,154.1027368266723
98,700,36.592226133333334,0.5773331537353711,0.977605402791902,154.20106486066467,0.23067917527103557,36.592226133333334,154.20106486066467
98,600,42.47800149333333,0.3976597034149622,0.9780488378588347,154.65588058820967,0.24078029234813822,42.47800149333333,154.65588058820967
98,550,45.793938346666664,0.6168817575619335,0.9781930410089784,154.95323668600687,0.030266657586844915,45.793938346666664,154.95323668600687
98,450,55.54722090666667,0.279450214854097,0.9786135255372318,155.12703930975522,0.22160122779621316,55.54722090666667,155.12703930975522
98,380,63.94155690666667,0.10697440627389446,0.9788413057951814,155.45959398785337,0.2246152926490305,63.94155690666667,155.45959398785337
98,340,70.65818112000001,0.23201509640439547,0.9789331280399324,155.90860653983154,0.36745057942984904,70.65818112000001,155.90860653983154
98,300,79.19093205333333,0.15983906496602887,0.9791396547425878,156.25635820522777,0.2869948876101594,79.19093205333333,156.25635820522777
98,260,89.19198506666667,0.17148871253423903,0.9794281531806557,156.4103925046812,0.2576705576432738,89.19198506666667,156.4103925046812
98,220,102.31127338666666,0.021367828563489778,0.9796029424109083,156.8900713126278,0.7652295213301552,102.31127338666666,156.8900713126278
98,200,110.72388949333333,0.09270224378389182,0.9797258732130828,157.1261459407735,0.5020632407941666,110.72388949333333,157.1261459407735
98,180,120.71441749333333,0.30380651651582236,0.9797862970340327,157.1763205955664,0.6354520368233003,120.71441749333333,157.1763205955664
98,160,129.57946026666664,0.17315101300073776,0.979865779111082,157.69744067910852,0.3031645049846472,129.57946026666664,157.69744067910852
98,140,177.72722005333333,0.35941323720030105,0.9800392472382239,161.51257144663577,0.1460645646535077,177.72722005333333,161.51257144663577
98,120,211.06938965333333,0.41773964199243524,0.980160609843387,164.32322343228395,0.4295189021902049,211.06938965333333,164.32322343228395
98,100,239.33232384,0.4043165489938226,0.9801900721121779,165.70673233690147,0.09611739209037906,239.33232384,165.70673233690147
98,90,261.43428394666665,0.3203394943753927,0.9801664140480787,167.85920744987348,0.34148341041731495,261.43428394666665,167.85920744987348
98,80,294.83940522666666,0.4769599886458826,0.9802471032519873,169.96483347261932,1.6019788040359058,294.83940522666666,169.96483347261932
98,70,311.92290389333334,0.41169052406495893,0.9802517503679411,170.0297641897583,0.11571441876549675,311.92290389333334,170.0297641897583
98,65,342.10666026666667,0.6388968244669285,0.9802376151670172,172.28895359641777,0.4278215427285317,342.10666026666667,172.28895359641777
98,60,360.63214848,0.8866748275274375,0.9802289011773122,174.56403761567208,1.0839265368338737,360.63214848,174.56403761567208
98,55,381.01627434666665,0.24281922971584735,0.9802125477818032,176.52072290159023,1.0817777477931807,381.01627434666665,176.52072290159023
98,50,398.3557329066666,1.3455989931289911,0.9802024169351946,178.92245048880133,1.5392938151203495,398.3557329066666,178.92245048880133
98,45,415.4955554133333,0.27108783684194515,0.9802243833786112,179.28427442913872,0.9296229158922852,415.4955554133333,179.28427442913872
98,40,430.24980394666665,1.7140385621827041,0.9802326011385499,179.6682850490898,0.9745309473051026,430.24980394666665,179.6682850490898
98,35,446.45045077333333,0.08131533928904436,0.9802492017679899,179.73347403732615,0.2617491227693964,446.45045077333333,179.73347403732615
98,30,461.5679428266667,0.8050452005905891,0.9802459570178025,180.79940143889166,0.3055521478835326,461.5679428266667,180.79940143889166
98,25,478.23182549333336,0.9347301614501095,0.9802575668829365,182.18948522996274,0.4476387421466513,478.23182549333336,182.18948522996274
98,20,494.44550784000006,1.4042563342846326,0.9802779706370032,183.9718015877448,0.36306651776032844,494.44550784000006,183.9718015877448
98,15,494.03454719999996,2.020670998743607,0.9802762281060087,185.0893868424827,0.41367428624502095,494.03454719999996,185.0893868424827
98,10,503.9275694933333,4.846657999116937,0.9803382103385968,189.87378300764294,0.07126185771216527,503.9275694933333,189.87378300764294
98,5,543.5418722133332,2.426944398113348,0.9803289683850145,191.3112402965854,0.22104038425241157,543.5418722133332,191.3112402965854
98,0,595.3877397333332,0.22113873285057303,0.9803221617755851,191.65350796406804,0.38134585162569445,595.3877397333332,191.65350796406804
100,1000,25.431194880000003,0.04414009370233642,0.9953290910024707,153.46110696167514,0.2835639132606612,25.431194880000003,153.46110696167514
100,900,27.19564032,0.11498888232690269,0.9954236792911386,153.86143538278984,0.3598823335594819,27.19564032,153.86143538278984
100,800,30.904501760000002,0.38803526227835256,0.9961009382450855,154.16862051754967,0.4940754833122488,30.904501760000002,154.16862051754967
100,700,35.082910293333335,0.4597772179980905,0.9965744503740049,154.1427630794495,0.4655922104222929,35.082910293333335,154.1427630794495
100,600,40.64324224,0.3532458108070906,0.9970353205553203,153.9767739397041,0.6218317620380789,40.64324224,153.9767739397041
100,550,44.40387370666667,0.047906423753070346,0.9970354323565958,154.45728921299067,0.0985078677858078,44.40387370666667,154.45728921299067
100,450,52.971712000000004,0.5420105622035367,0.9977122111266935,154.9039366983802,0.49709373202403084,52.971712000000004,154.9039366983802
100,380,61.67661738666667,0.7797371713871333,0.9975068906707468,155.24147484518508,0.2563032428156015,61.67661738666667,155.24147484518508
100,340,68.35098538666666,0.8864315213547642,0.9978184337053877,155.4394052714884,0.5493887665522179,68.35098538666666,155.4394052714884
100,300,75.40470442666667,0.25135330441522774,0.9983563398468168,155.6566994163841,0.341630674655338,75.40470442666667,155.6566994163841
100,260,85.27385130666666,0.030662709146976788,0.998542288392516,156.0258111900274,0.5645477788743772,85.27385130666666,156.0258111900274
100,220,97.87460735999998,0.06396408352833617,0.9987572045544688,156.97239288451433,0.1567224243276555,97.87460735999998,156.97239288451433
100,200,105.43809578666666,0.08350974938924989,0.9986923424361877,157.19240249132488,0.30838851343976015,105.43809578666666,157.19240249132488
100,180,113.83823189333333,0.24276969691345157,0.9989025414764369,158.1061329869523,0.11179028817182422,113.83823189333333,158.1061329869523
100,160,124.35820714666666,0.09137245453592197,0.9989747761582546,159.0615443540935,0.2318683054924271,124.35820714666666,159.0615443540935
100,140,176.32132479999999,0.30583957205111595,0.9992780935398476,162.85382481156907,0.4663796092748012,176.32132479999999,162.85382481156907
100,120,202.53790634666666,0.2702425277928744,0.9993297312465037,165.49268489968037,0.6212192752444798,202.53790634666666,165.49268489968037
100,100,230.95066496,0.3273040633575384,0.9994485002003209,166.47440026463576,0.264311438549848,230.95066496,166.47440026463576
100,90,247.95003690666667,0.30448078771038667,0.9994128851784319,168.5377643917553,1.7185426151360894,247.95003690666667,168.5377643917553
100,80,271.3395690666667,0.29940080784737133,0.9995230750944449,170.94982779126454,0.47819942089570205,271.3395690666667,170.94982779126454
100,70,282.93526058666663,0.07965114872062282,0.9995390082920309,169.00813825918033,0.10891749598202116,282.93526058666663,169.00813825918033
100,65,323.29008384,0.4771536711581154,0.9995795733436447,172.2981849312273,0.43448602218235705,323.29008384,172.2981849312273
100,60,340.39069141333334,0.47762126227667373,0.9996015640311106,173.5807322555955,0.10149271775884137,340.39069141333334,173.5807322555955
100,55,359.58219392,0.2106444830801316,0.9996161773391664,175.88782769860975,1.0582871086824146,359.58219392,175.88782769860975
100,50,376.4822698666667,0.42560196339295564,0.9995925689573378,176.35025575921455,1.0232624067314355,376.4822698666667,176.35025575921455
100,45,391.00714837333334,0.5167933036184883,0.9996206468478853,177.23285367857423,0.2982443486819036,391.00714837333334,177.23285367857423
100,40,404.3223927466667,0.3336471251599214,0.9996505473492414,176.77358374830837,0.2565837416571598,404.3223927466667,176.77358374830837
100,35,420.1846549333334,0.3246688921671979,0.9996309704105331,178.00878717572633,0.04621495983176183,420.1846549333334,178.00878717572633
100,30,433.99408938666664,0.32748436546354004,0.9996739809307037,178.88939546317292,0.06723706076609909,433.99408938666664,178.88939546317292
100,25,450.40905685333337,0.3823615212026238,0.999685599823417,179.8724159002726,0.24205970453265693,450.40905685333337,179.8724159002726
100,20,464.2101802666666,2.0749719187090823,0.9996902746930205,181.37643274657134,0.15005376788234343,464.2101802666666,181.37643274657134
100,15,456.5779246933333,3.14883434800839,0.999681968601774,182.3068242656541,0.36631223961040116,456.5779246933333,182.3068242656541
100,10,483.54717184,1.7925124285234701,0.9997023914018017,185.24116609257422,0.6142197951334661,483.54717184,185.24116609257422
100,5,540.5679637333334,2.748167272909868,0.9997168555799493,168.46070146074234,0.09342872371662271,540.5679637333334,168.46070146074234
100,0,606.2665041066667,1.7784963020067337,0.9997608529562725,170.76072501886824,1.1609824863186402,606.2665041066667,170.76072501886824
