{
    "50": [
        [833.4478596266666, 224.6830402525497],
        [797.4828514133334, 212.9819793048453],
        [731.6687854933334, 199.7844349484884],
        [668.37987712, 187.15659648712145],
        [512.9876590933333, 175.44316167422497],
        [473.1314658133333, 166.5233554320357],
        [361.1922500266666, 150.73628998874892],
        [238.79167018666664, 143.3236972065537],
        [124.58557610666668, 135.87098670164454],
        [0.0, 128.88847913043483]
    ],
    "51": [
        [803.9184362666666, 215.4448580497508],
        [741.1055581866667, 199.81469203026623],
        [673.3149388800001, 187.51710392522423],
        [522.8319808, 175.88217259640908],
        [470.9503863466667, 165.4657580687248],
        [412.9252177066667, 156.83188335934688],
        [235.2154965333333, 143.20870731655586],
        [106.33952682666666, 135.8700736343595],
        [0.0, 128.5653421668006]
    ],
    "53": [
        [800.0853776, 217.1723886134463],
        [769.4367022933334, 206.48676274944444],
        [718.5313922133333, 195.63100023026084],
        [654.3369725866667, 183.45562980281048],
        [505.0041937066667, 173.30405466665607],
        [446.5843515733334, 161.08888277750742],
        [386.3139810133334, 152.04851737405565],
        [243.2177979733333, 143.47878658816725],
        [127.42305877333332, 136.14468052045285],
        [0.0, 128.94467075391023]
    ],
    "54": [
        [830.11932352, 222.5611166277376],
        [770.8132765866667, 211.25617669149528],
        [713.5775342933333, 197.38231310505216],
        [649.8557021866667, 186.06830507556325],
        [517.8769873066667, 175.60666366852112],
        [473.1110976, 165.37272137565267],
        [353.2686523733333, 148.85233280397128],
        [111.92392277333332, 136.233532396061],
        [0.0, 128.94177287605942]
    ],
    "55": [
        [799.6829853866666, 213.79663405664965],
        [720.0862920533333, 197.34980069831445],
        [657.4715328, 185.76597450670397],
        [493.3673096533333, 174.02107561093882],
        [439.3910404266667, 162.79788837433452],
        [382.38084224, 153.90265736745602],
        [211.26094165333333, 142.78631768191744],
        [105.40532821333332, 135.2816654060505],
        [0.0, 128.660307847411]
    ],
    "56": [
        [832.0065154133334, 220.82506062204232],
        [788.0839953066667, 210.25304274028244],
        [730.08661376, 197.6483987367719],
        [558.2498807466667, 180.1834587313461],
        [485.2087426133333, 168.8897924192446],
        [363.75926656, 150.91870102822458],
        [216.33906176, 142.30110507975044],
        [108.62070037333332, 135.02234140009853],
        [0.0, 128.4258250347001]
    ],
    "57": [
        [810.9199176533334, 214.04675466674504],
        [763.01524224, 203.3507363914211],
        [701.6587374933333, 191.05179235163487],
        [542.0393109333332, 179.35104784241162],
        [470.2795861333333, 164.55433979196897],
        [369.89897856, 150.14997461049515],
        [227.35443584000004, 141.8515315984005],
        [109.88658304, 134.7386986104368],
        [0.0, 128.2373797971234]
    ],
    "58": [
        [817.7650662400001, 216.01346266460837],
        [767.6521779199999, 205.71319661027465],
        [702.6684693333333, 191.96091761629373],
        [581.1204040533333, 180.294720842926],
        [495.2341179733333, 171.51730474487144],
        [425.008440832, 156.6587565562784],
        [253.68494336, 143.28748959617147],
        [119.42251178666667, 135.365033483876],
        [0.0, 128.2972654427474]
    ],
    "59": [
        [810.0612718933334, 214.51522144186663],
        [757.9913173333334, 202.34973396777173],
        [711.8778491733334, 192.10130250571115],
        [550.49268992, 180.6547259939912],
        [472.91947648, 163.94350813376624],
        [383.5175121066666, 151.06575279424797],
        [230.4179362133333, 141.83010983523732],
        [110.27702272, 134.85078291655142],
        [0.0, 128.40022275095978]
    ],
    "60": [
        [820.8031513599999, 218.31854606869683],
        [782.9183104, 207.45456575076997],
        [696.2227370666666, 189.74364242587495],
        [540.3763579733333, 178.5831040229112],
        [487.925469184, 166.8035826944337],
        [373.1837821866666, 150.78567851819594],
        [248.12116864, 142.99993562082454],
        [119.52404053333332, 135.40861147178313],
        [0.0, 128.35215965902287]
    ],
    "61": [
        [796.1126510933333, 213.09468775219207],
        [757.0221299199999, 202.92400356098577],
        [716.4886348800001, 191.85743944776405],
        [542.6633437866667, 178.78825261150837],
        [465.54164864, 163.5332998233107],
        [415.0394432, 154.60269081933794],
        [252.30108202666665, 143.28285676137838],
        [127.30267306666669, 135.61440007141383],
        [0.0, 128.69863461453534]
    ],
    "62": [
        [809.6913049600001, 217.0778596426718],
        [770.8692902399999, 205.65774833945832],
        [704.0011037866667, 191.3577048190532],
        [541.99963008, 178.54301284937674],
        [502.3216682666667, 169.46127025725653],
        [443.3086587733333, 157.01405983422825],
        [257.0288224, 144.07764823288613],
        [121.59686869333332, 135.9286101207396],
        [0.0, 129.15597158924672]
    ],
    "63": [
        [805.9290944, 214.83786713339592],
        [754.8962020266666, 201.69489227451865],
        [707.6213736533333, 190.9641011580254],
        [585.6166289066667, 180.96215858881024],
        [508.83515008, 172.31171775749203],
        [473.11537408, 163.40641412634363],
        [400.7080337066666, 153.3338402584956],
        [260.88044458666667, 144.17345952660526],
        [118.23917226666669, 135.9751631300509],
        [0.0, 128.87921667961257]
    ],
    "64": [
        [767.0913877333332, 207.28546170922584],
        [718.5534745600002, 194.50828236303013],
        [586.9120104533333, 182.67644061430116],
        [508.9567400228571, 172.3056228788725],
        [475.74870272, 163.69973360099792],
        [374.76984192, 150.61856798382811],
        [232.07650474666664, 142.67089660586075],
        [119.11610218666664, 135.80778514070144],
        [0.0, 128.63554586972333]
    ],
    "65": [
        [773.7330722133333, 206.7043320138104],
        [711.3984243199999, 193.8333024557063],
        [585.1985467733333, 183.9584841642029],
        [502.235746304, 170.29267297683825],
        [465.4849442133333, 161.38977692271192],
        [387.59091242666665, 152.7300524755304],
        [235.15990698666667, 143.32777309394712],
        [110.03773994666666, 135.42654040119993],
        [0.0, 128.63652593082966]
    ],
    "66": [
        [764.06030464, 204.9282786155661],
        [730.5580049066667, 194.6272322633335],
        [582.4963090773333, 182.97152859839628],
        [511.2553890986666, 173.3374021243295],
        [435.7246015146666, 158.1168186239221],
        [319.087557376, 147.65941410048123],
        [121.45648017066668, 135.8984353560753],
        [0.0, 128.98612429841057]
    ],
    "67": [
        [709.6283402666667, 191.94421779374423],
        [549.5161557942857, 179.9562850546363],
        [505.8725485511111, 170.7483029370044],
        [410.0156626488889, 154.22655819122923],
        [279.12211640888887, 144.33082688651012],
        [106.95959893333334, 135.53221724077727],
        [0.0, 128.98612429841057]
    ],
    "68": [
        [785.6771101866666, 209.32125641420268],
        [724.2010397866667, 193.91623158816012],
        [559.5155392, 182.26607364739556],
        [511.2539293866666, 172.46135533042266],
        [430.7206656, 158.45751345244153],
        [289.5979392, 145.15412813884257],
        [99.33523797333334, 135.3536175728745],
        [0.0, 128.61959935645174]
    ],