read_pct_rounded,pause,bandwidth_mean,bandwidth_std,rd_percentage_actual_mean,latency_mean,latency_std,bandwidth_smooth,latency_smooth
50,5000,24.16525618687785,0.5179183160420032,0.5006957657430212,176.6154547725574,0.2105047813958416,24.16525618687785,176.6154547725574
50,3000,38.79434072730444,1.0555733511020315,0.5006776862914301,176.3122019921103,0.43604907383859065,38.79434072730444,176.3122019921103
50,2000,56.63334767195942,1.086149897388321,0.5004740748544884,176.71794614811674,0.01350234030608058,56.63334767195942,176.71794614811674
50,1500,77.00653602336773,0.7940427462316233,0.5004258131734528,178.35230005992437,0.22280966920008408,77.00653602336773,178.35230005992437
50,1000,111.71214563047032,1.4622437143210367,0.5003311177033393,182.88626581190647,0.38173521506985386,111.71214563047032,182.88626581190647
50,900,125.61801293385827,1.1241869498802497,0.5003002931093051,185.19592969067307,0.4940182390952992,125.61801293385827,185.19592969067307
50,800,139.7094932163674,1.4942021659165494,0.5002631768451439,187.79621125509735,0.36310140273182234,139.7094932163674,187.79621125509735
50,700,159.45337240583896,2.8309541366722932,0.5002443899328228,192.50530085661816,0.765322161936089,159.45337240583896,192.50530085661816
50,600,183.3732507267029,1.9631188703976967,0.5021423965823514,201.29252744864257,0.9942553769139378,183.3732507267029,201.29252744864257
50,550,197.90203658033957,4.571634473210588,0.501416522159941,212.33777773905197,3.3361198602375577,197.90203658033957,212.33777773905197
50,450,241.66810439215064,2.331330958521056,0.5014366125933909,260.8733197346583,2.4223905264644494,241.66810439215064,260.8733197346583
50,380,288.40351813402737,2.3622738979686453,0.5003601331294983,308.0604062745538,3.138560000627431,288.40351813402737,308.0604062745538
50,340,321.22821800315705,3.155267689789123,0.5002234344388924,336.1308743429383,2.0008636780505262,321.22821800315705,336.1308743429383
50,300,359.4418973477278,2.678191609729853,0.5014396065142646,391.24689987712514,2.6078774041373047,359.4418973477278,391.24689987712514
50,260,375.50251490016194,0.9129401572799797,0.5002286856432211,514.6015153552066,0.9370019366325654,375.50251490016194,514.6015153552066
50,220,374.9015795151967,1.226821788373918,0.500235002834052,538.0524055314959,4.738959694026031,374.9015795151967,538.0524055314959
50,200,375.17578961465284,2.2485235604704603,0.5002576775645905,543.1183564121834,2.279695854420845,375.17578961465284,543.1183564121834
50,180,372.75379802489823,5.122694522536428,0.5002524044416485,554.3382661004947,2.9387097222526912,372.75379802489823,554.3382661004947
50,160,374.02442234999995,0.6466288087015137,0.5002545010473968,559.523245740573,2.9990682300347364,374.02442234999995,559.523245740573
50,140,371.05342900700043,2.548638106357117,0.5004976480145281,569.600375247705,8.759101824821004,371.05342900700043,569.600375247705
50,120,375.3645313345516,0.9964426374979866,0.5002452032247601,565.8827723302365,1.4175688281315255,375.3645313345516,565.8827723302365
50,100,375.84614183272674,1.18647422931437,0.5002298940650448,565.2552181225095,0.4936951612089845,375.84614183272674,565.2552181225095
50,90,375.0580857707644,0.7267061286879278,0.5002255895302141,569.4206773473326,2.156231942280181,375.0580857707644,569.4206773473326
50,80,375.51685248134646,1.5437019772935612,0.5003283454795501,568.4652072004916,2.3797345702124604,375.51685248134646,568.4652072004916
50,70,374.73353405048994,1.5218414824007973,0.5002748023761922,566.1409094281881,1.1643054973710674,374.73353405048994,566.1409094281881
50,65,374.9044555746894,0.9267585978626898,0.5002571772673163,569.6684581852618,3.9331345830350752,374.9044555746894,569.6684581852618
50,60,375.04201428212644,1.4918221649285528,0.5002655838949192,569.8005514597832,2.251967988827815,375.04201428212644,569.8005514597832
50,55,375.6129876208558,1.7283218335840995,0.5003610181870682,573.2313624150669,7.223428952725484,375.6129876208558,573.2313624150669
50,50,373.54171763654244,1.7856445585629726,0.5002422731322637,565.6971950127892,1.0528622871478241,373.54171763654244,565.6971950127892
50,45,375.81733102831345,1.1074341986137226,0.5002514099731361,569.0607682778449,7.087659442064433,375.81733102831345,569.0607682778449
50,40,374.4098310549207,2.8291851354254955,0.5002681225058213,583.3732605155202,5.2011222152362295,374.4098310549207,583.3732605155202
50,35,373.9434839702212,1.7024159232665508,0.5005744412062682,619.4224024493641,4.671112782368263,373.9434839702212,619.4224024493641
50,30,373.0153847645483,2.7670485707423365,0.5002522794528006,608.3142102724911,1.372865911532566,373.0153847645483,608.3142102724911
50,25,376.30629598104844,0.14267291774731986,0.5003318112506672,604.0913620040475,3.467569606606634,376.30629598104844,604.0913620040475
50,20,374.1640339599287,1.2158252248419976,0.5002519874135004,605.1636822594156,3.4574003039633263,374.1640339599287,605.1636822594156
50,15,374.0271887747505,1.0068321007493408,0.5004326165977487,625.8879607833242,2.2943289501814466,374.0271887747505,625.8879607833242
50,10,368.8878556461821,0.5914042724018997,0.5002625597397029,639.6421573896137,1.9473641182219095,368.8878556461821,639.6421573896137
50,5,369.8714619885108,1.1121066000934583,0.5002485014009443,641.994296285007,4.2903001476661355,369.8714619885108,641.994296285007
50,0,368.14385149746323,0.5614037611326579,0.5002659101071111,644.6293289604764,0.847672306680862,368.14385149746323,644.6293289604764
51,40000,3.2461245271716117,0.03457443580485491,0.5101992999594103,178.4675161769707,0.4215179902581416,3.2461245271716117,178.4675161769707
51,5000,23.871450662112196,0.5261566519348806,0.5092754045338916,176.3965354169962,0.2774616018423719,23.871450662112196,176.3965354169962
51,3000,39.774300051175075,1.5899339013253577,0.5076886571019791,176.0922477507144,0.1896518071470251,39.774300051175075,176.0922477507144
51,2000,58.473911075060734,1.577261414647334,0.5076440211628205,176.8851633164658,0.34646294434015146,58.473911075060734,176.8851633164658
51,1500,77.98703879171343,3.5683306275225237,0.5076434115173805,178.67506888699015,0.6817180930370409,77.98703879171343,178.67506888699015
51,1000,114.66367663519725,4.127715387811259,0.5076440722015001,183.95182331996557,0.7844905755536505,114.66367663519725,183.95182331996557
51,900,128.33666838186045,5.900606686884786,0.5076492945024169,186.23368700088574,1.0683106816518515,128.33666838186045,186.23368700088574
51,800,143.30810406740832,4.453379805392615,0.5077107468568364,189.4132614672898,0.8629451282901835,143.30810406740832,189.4132614672898
51,700,163.74479312845907,5.429436458004692,0.5076606754185522,194.75585694031201,1.6648730751416252,163.74479312845907,194.75585694031201
51,600,190.7638229490843,4.354523638223613,0.5088960082283543,205.438642922188,2.993164516990066,190.7638229490843,205.438642922188
51,550,207.40020469331094,6.961586560772747,0.5081216528445301,226.45782426636356,2.4761387205446055,207.40020469331094,226.45782426636356
51,450,246.52121463384577,13.302791964358482,0.508251041520155,267.6535209236462,12.511866754384231,246.52121463384577,267.6535209236462
51,380,293.81867039401277,8.914578393283433,0.5076360920005194,311.5071174025713,6.996074283313472,293.81867039401277,311.5071174025713
51,340,326.4873256296966,9.906480109573248,0.507628819386814,340.9030638746255,9.653902693002303,326.4873256296966,340.9030638746255
51,300,367.1446131760338,8.300566606239498,0.5082569604671703,405.39477878976635,25.408510629102675,367.1446131760338,405.39477878976635
51,260,373.9986498986337,2.3503184073171783,0.5077527107920318,531.9271963691527,6.0231750104771455,373.9986498986337,531.9271963691527
51,220,374.0495557327834,1.7236138839066224,0.5077938385792915,542.1899543230769,3.4333351355521873,374.0495557327834,542.1899543230769
51,200,375.47830754996625,0.9888097708508156,0.5077140619536774,555.3981785263865,4.764649944827533,375.47830754996625,555.3981785263865
51,180,374.6627875680618,3.2679958944051206,0.507838287433486,558.9417098489245,10.172546100258213,374.6627875680618,558.9417098489245
51,160,376.40511625829777,0.8104560318612293,0.5077102445490329,561.699939589746,4.0237122054858325,376.40511625829777,561.699939589746
51,140,376.46734557514924,1.2432958374630907,0.50780083534111,567.4438007377462,2.8073716948335976,376.46734557514924,567.4438007377462
51,120,376.16553715171494,2.0625004176861506,0.5077221447355692,574.4512091132307,6.413920703220388,376.16553715171494,574.4512091132307
51,100,375.59207223821596,3.20840693307722,0.5077466633191713,573.280828309583,2.737037641512353,375.59207223821596,573.280828309583
51,90,375.5971118181914,1.4054388299200695,0.5077707444314888,576.520012178668,5.548066802691924,375.5971118181914,576.520012178668
51,80,376.5696684271329,1.5200222842889974,0.5078355863451854,575.411650223043,6.941044168510851,376.5696684271329,575.411650223043
51,70,375.03089473655564,0.787815342653723,0.5077700905939972,575.1200137279553,3.0305944986160105,375.03089473655564,575.1200137279553
51,65,375.2904195574907,1.8884482659756352,0.5078315634885989,572.1630324950412,2.6568985778847996,375.2904195574907,572.1630324950412
51,60,375.9714340576566,1.5670436277787223,0.5077628945405357,570.019937156818,3.691496146317801,375.9714340576566,570.019937156818
51,55,376.8004628043913,1.4294797616010904,0.5077466880806222,571.259153874822,5.425064915822517,376.8004628043913,571.259153874822
51,50,376.2716330810369,1.2974168195901739,0.5077498857015612,570.453444905459,3.1896198322188787,376.2716330810369,570.453444905459
51,45,375.58216283621135,3.115412413506957,0.5078498468865547,569.9780590142552,2.4973277926470945,375.58216283621135,569.9780590142552
51,40,376.0698489595068,1.5315752962996672,0.5078527744674411,584.5649408460177,2.8821954852090568,376.0698489595068,584.5649408460177
51,35,375.6876317624506,1.752846872358758,0.5079534756535365,604.6238601584554,4.666858859152643,375.6876317624506,604.6238601584554
51,30,375.4129814819924,2.2103827499711004,0.5078608878804032,608.6635606257637,6.473634744305946,375.4129814819924,608.6635606257637
51,25,376.21069450302645,1.7937989640220962,0.5078978150696459,608.9030241001753,7.457163642338386,376.21069450302645,608.9030241001753
51,20,376.43972260828565,1.2742951832845482,0.5078649108020431,609.9168910192433,6.2486571994904585,376.43972260828565,609.9168910192433
51,15,374.9163127877046,3.2764627204242696,0.508022672004285,627.8927719290459,4.616524954139902,374.9163127877046,627.8927719290459
51,10,375.82963944527916,1.9500059081872148,0.5079256664036947,631.2901309396993,4.2528238496517075,375.82963944527916,631.2901309396993
51,5,374.89847242189927,2.292339684105556,0.5079744573933779,635.8443169092197,4.57143746232266,374.89847242189927,635.8443169092197
51,0,375.2883853453836,1.0381619385269074,0.5078751653592156,638.8006605453768,5.0481634199775245,375.2883853453836,638.8006605453768
52,40000,3.3179000636634335,0.16673041284449333,0.5197955335986406,178.79877934322678,0.3438099931673096,3.3179000636634335,178.79877934322678
52,5000,24.296119616006266,1.033597380421532,0.5191056209629388,176.15707726790956,0.24990919671650785,24.296119616006266,176.15707726790956
52,3000,39.04203797516499,0.8391604890469607,0.5180909302342424,176.3681276051549,0.3452072157276787,39.04203797516499,176.3681276051549
52,2000,58.649413049964515,1.8960648720318825,0.5181898996070823,177.26541785155442,0.2905472850729413,58.649413049964515,177.26541785155442
52,1500,77.76835851992874,2.9422272409165857,0.5183333959512967,178.72086343452816,0.45202659953178137,77.76835851992874,178.72086343452816
52,1000,113.88511537443473,4.024041537632393,0.5181696664467911,184.1731733263307,0.9768653840461068,113.88511537443473,184.1731733263307
52,900,127.4180620802026,3.2905640606207593,0.5180854152116708,186.61298725195869,0.5307018426938884,127.4180620802026,186.61298725195869
52,800,141.88539072969888,5.454488259561392,0.5182990520755713,189.42426070416704,1.1149338884682363,141.88539072969888,189.42426070416704
52,700,163.36663008022322,6.002069143218651,0.5181017729645676,195.12416663246597,2.2388324028770197,163.36663008022322,195.12416663246597
52,600,189.21860877468282,6.928781408575715,0.5180330052919687,207.74059045973584,4.5811452866228635,189.21860877468282,207.74059045973584
52,550,203.06795901974047,9.926495511872417,0.5181194321737296,218.50740151401234,10.13985878160273,203.06795901974047,218.50740151401234
52,450,245.03780357501742,9.54280964049535,0.5181894652995523,268.9639913233284,9.217170766908849,245.03780357501742,268.9639913233284
52,380,289.7574527252596,11.424832216245166,0.5183450713670692,306.84281684203967,8.22580791785204,289.7574527252596,306.84281684203967
52,340,322.6918914200329,12.46932315804179,0.5182421304984782,337.7744063481817,11.131641152473785,322.6918914200329,337.7744063481817
52,300,358.23711681224523,11.988207327107325,0.5182804423827064,393.34423805510755,30.988493387750413,358.23711681224523,393.34423805510755
52,260,377.26542609816767,1.0822704943007873,0.5182628520881362,524.9605891104225,2.798945943943118,377.26542609816767,524.9605891104225
52,220,377.8503159623269,0.850893519602646,0.5182329919743016,536.2100573417985,4.4132250476795765,377.8503159623269,536.2100573417985
52,200,377.13942360525,2.196912534147272,0.5183083176128216,544.6460334610324,3.6384279120321152,377.13942360525,544.6460334610324
52,180,377.7710781334781,0.7712446797666462,0.5183488087993543,557.1429902973114,2.1231529392141697,377.7710781334781,557.1429902973114
52,160,378.4760904741215,1.7207619059367085,0.5183618308547461,562.3168638963119,3.1790552431999886,378.4760904741215,562.3168638963119
52,140,378.24023449899886,2.4307192142791,0.518432950392835,565.4167124801241,2.88753999895088,378.24023449899886,565.4167124801241
52,120,376.3884762884741,1.3839785973529917,0.5184993431280568,573.7995284001003,4.879666951915543,376.3884762884741,573.7995284001003
52,100,377.07082152043535,1.171255443574768,0.5184259758679529,574.8372129208675,5.233821992825206,377.07082152043535,574.8372129208675
52,90,377.1111788662218,1.2869838239513676,0.5184137800597292,575.3823849750341,8.981135094226737,377.1111788662218,575.3823849750341
52,80,376.579458315521,1.5508451389449773,0.5182697744173681,576.2964496245723,2.50178239057263,376.579458315521,576.2964496245723
52,70,376.41432373377506,3.1888097505545834,0.5184416048946515,574.504709934051,5.674510529368113,376.41432373377506,574.504709934051
52,65,375.9830261439597,2.427738360946016,0.5184571066900298,573.823920401856,4.853810033679473,375.9830261439597,573.823920401856
52,60,377.72831674992466,2.1033702003256796,0.5184559323960408,573.7437946176934,2.8485904433929963,377.72831674992466,573.7437946176934
52,55,377.6939973645461,1.0008918832287679,0.5183890512151593,575.6412235162187,5.71072170127438,377.6939973645461,575.6412235162187
52,50,377.43761744478553,1.378750004361057,0.518479857902656,574.5804072092664,1.311527457506932,377.43761744478553,574.5804072092664
52,45,378.5382865788422,1.1260107257370346,0.5184426658722129,573.5453278298659,5.418607215508774,378.5382865788422,573.5453278298659
52,40,377.0356742857081,1.034483733753453,0.5184647209636041,585.3906132898725,6.30329098728864,377.0356742857081,585.3906132898725
52,35,378.031932613067,1.0815479634674596,0.5183885179727316,609.1956276347513,2.848554395340029,378.031932613067,609.1956276347513
52,30,377.61601767735664,0.7479728994157364,0.5184375229347785,606.7971608205514,3.872260884845584,377.61601767735664,606.7971608205514
52,25,377.87954932616253,1.1553208901590457,0.5183739720326868,607.4585239133145,2.7727508497745794,377.87954932616253,607.4585239133145
52,20,377.65132707775433,1.1426969899256787,0.5185045863364915,608.52254293331,3.4323025377429457,377.65132707775433,608.52254293331
52,15,377.79236224387734,2.413227043833332,0.5183385298594415,620.1006536422714,4.2918129196902575,377.79236224387734,620.1006536422714
52,10,378.30305687768697,1.097018031215909,0.518380883798949,623.8901189247601,2.563593483317617,378.30305687768697,623.8901189247601
52,5,377.16799479874675,1.3685858222323743,0.5182829704244883,628.6775917034605,4.641788427422491,377.16799479874675,628.6775917034605
52,0,377.10717261888675,1.1937206907342022,0.5184499486244659,628.9396243950736,6.883056610821513,377.10717261888675,628.9396243950736
53,40000,3.262206160187115,0.08670917505831346,0.5286137941720224,178.55535038385412,0.12903534575809314,3.262206160187115,178.55535038385412
53,5000,23.71298546944872,1.0696350391132625,0.5288415186318902,176.4281139264168,0.34586323247294126,23.71298546944872,176.4281139264168
53,3000,38.96053865235819,0.9497053246024072,0.5291898788246893,176.14172555729712,0.1279283090010889,38.96053865235819,176.14172555729712
53,2000,58.27407728691617,2.2848325611082054,0.5291809809448661,177.04170383168267,0.03994670180825529,58.27407728691617,177.04170383168267
53,1500,75.6854805461402,1.8893166559555556,0.5291792785589599,178.53697399471653,0.3330155560448475,75.6854805461402,178.53697399471653
53,1000,114.89675587598055,4.409343569000572,0.5291825573004477,184.0281774815029,0.6090695230977677,114.89675587598055,184.0281774815029
53,900,125.28811128695436,4.673169374503771,0.5291059825215348,186.019961222373,0.7625154788950589,125.28811128695436,186.019961222373
53,800,141.67990187155942,3.7065899477965454,0.5291187044253253,189.28624418972257,0.9488015583319249,141.67990187155942,189.28624418972257
53,700,159.4051255806258,5.785112423122641,0.5290838627223803,193.86024791736915,1.8146437554362485,159.4051255806258,193.86024791736915
53,600,184.12512841509803,5.980361547653545,0.5291094867378333,204.4881420029748,3.348998900574351,184.12512841509803,204.4881420029748
53,550,198.1992391970106,6.599639748617025,0.5292032009097686,214.84767248415537,5.959912083219948,198.1992391970106,214.84767248415537
53,450,239.49375343635742,12.203484258180346,0.5291393145379805,261.58581415867434,11.297050374720744,239.49375343635742,261.58581415867434
53,380,284.86321098104327,13.912291663270386,0.5292319235247718,303.49032591017556,9.034953701015127,284.86321098104327,303.49032591017556
53,340,317.46569335173484,10.088017508832538,0.5292263255032011,329.3876233386787,6.474129711411598,317.46569335173484,329.3876233386787
53,300,353.25554280506344,12.29981200438052,0.5291804063083585,375.45304022197155,14.873085808317803,353.25554280506344,375.45304022197155
53,260,379.8186937417451,1.6477696019096983,0.5293685359966228,510.9735095150461,3.183525511221766,379.8186937417451,510.9735095150461
53,220,378.53086511616135,2.086486138898966,0.5291972094050093,530.0370452824374,4.391779808401998,378.53086511616135,530.0370452824374
53,200,379.57991621078116,2.214857083390576,0.5291933990968544,541.5389666743603,2.4997434784459154,379.57991621078116,541.5389666743603
53,180,378.8655242817356,2.992823428157564,0.5294430952480773,549.8114383545462,2.1801692010053517,378.8655242817356,549.8114383545462
53,160,377.94721139832876,1.9266679294275928,0.5295664479697381,562.9312311703906,6.254281296506633,377.94721139832876,562.9312311703906
53,140,379.19490215323873,1.2542130546373884,0.5294640258537905,563.1597097600869,6.01990742367694,379.19490215323873,563.1597097600869
53,120,379.4924940169271,1.6547273167751697,0.5294805895184936,567.2526709587439,3.3086861994520054,379.4924940169271,567.2526709587439
53,100,379.6183967022016,1.8861582351402952,0.5295586337606829,568.2715543799917,2.9376050353934566,379.6183967022016,568.2715543799917
53,90,378.510751439778,2.136675804492247,0.5294832410757104,570.2111130719906,4.5778287881069595,378.510751439778,570.2111130719906
53,80,380.1158692437325,0.790223283873758,0.5294903361542299,572.8082899903602,4.70628528926757,380.1158692437325,572.8082899903602
53,70,377.33178837692043,2.3265250766444523,0.5296501719801615,570.9369522070473,3.334803539146688,377.33178837692043,570.9369522070473
53,65,379.1217011079896,1.8871686503836915,0.5295180999024258,573.6007301045321,2.0816894427043207,379.1217011079896,573.6007301045321
53,60,380.2724807205893,1.1304000003391939,0.529563949282688,573.5390355400647,3.7747334273785005,380.2724807205893,573.5390355400647
53,55,378.91941248962263,2.008707475211391,0.529595877252765,573.174593617263,6.53689630295239,378.91941248962263,573.174593617263
53,50,378.0915632625688,1.7807926774461573,0.5294733483827526,571.9482569821023,2.386121344541927,378.0915632625688,571.9482569821023
53,45,377.13361818965546,2.5140417503980377,0.5295602145935988,574.180796915338,6.448143838733034,377.13361818965546,574.180796915338
53,40,379.5803519424553,0.8217357687312555,0.5295264031092611,581.92649547181,2.586134734453361,379.5803519424553,581.92649547181
53,35,379.15792156784966,1.7809336447759265,0.5296419185894771,598.1155787228087,2.3852761187472455,379.15792156784966,598.1155787228087
53,30,379.3955596463293,1.9952851449078561,0.5295538916165038,597.5660600502417,2.6356130571430585,379.3955596463293,597.5660600502417
53,25,379.17922854369635,1.5310565278681911,0.5294544568474266,599.8603887726181,0.5348158746200266,379.17922854369635,599.8603887726181
53,20,380.2320720662433,0.7423330538346188,0.5294814808769253,602.7951019212964,3.8216317668807425,380.2320720662433,602.7951019212964
53,15,378.12545193963183,4.177448784593247,0.5295244374079381,613.3594495292501,4.065571454325899,378.12545193963183,613.3594495292501
53,10,379.35757759509215,2.4290841081114296,0.5294005685946005,617.0762599153522,4.090787870856188,379.35757759509215,617.0762599153522
53,5,378.35338942229436,1.6156962666726793,0.5293847327122176,621.6600515835752,4.530320186569644,378.35338942229436,621.6600515835752
53,0,378.80236697864535,1.5097678881526626,0.5293704454832914,625.4845531123739,5.86650465922575,378.80236697864535,625.4845531123739
54,100000,1.3559734345573196,0.05309671565725459,0.541825624395204,178.69332567547758,0.1985072962370933,1.3559734345573196,178.69332567547758
54,40000,3.324384949675176,0.18527398188968797,0.5382258298593139,178.7979951477381,0.3510742246272893,3.324384949675176,178.7979951477381
54,5000,23.615229018339367,0.6911301245813776,0.5402011783746525,176.47333161984264,0.16869452430679377,23.615229018339367,176.47333161984264
54,3000,38.92135733572284,1.4753417044551493,0.5404722118330298,176.26568885993265,0.3313278909644462,38.92135733572284,176.26568885993265
54,2000,57.27814263890795,2.192033207708622,0.540606505634112,176.87493976651515,0.17602375809738618,57.27814263890795,176.87493976651515
54,1500,76.68078063128094,2.728103675572243,0.5406522655648202,178.7291499923507,0.17865956613878214,76.68078063128094,178.7291499923507
54,1000,113.30982432223259,4.557286114939524,0.5406566694097285,184.37630040667602,0.40033965036188696,113.30982432223259,184.37630040667602
54,900,124.72235174127532,3.487677795500472,0.5407461909238919,186.2184369306933,0.5387176848237918,124.72235174127532,186.2184369306933
54,800,139.58610189798836,3.977633688554351,0.540635749128017,188.80033793978214,0.8632814069611945,139.58610189798836,188.80033793978214
54,700,158.00055427153464,5.202447501971661,0.5406499867109127,193.71792417800384,1.6231404550192268,158.00055427153464,193.71792417800384
54,600,182.16943764096683,6.445054339502432,0.5406310009301966,203.6835116660751,3.3259057964322816,182.16943764096683,203.6835116660751
54,550,200.75635205564825,9.336589191988983,0.540709908291045,218.1351029253553,9.624647954995288,200.75635205564825,218.1351029253553
54,450,240.16705046774962,8.23880597929986,0.5407202920038969,261.1044879565002,7.322753087211371,240.16705046774962,261.1044879565002
54,380,284.43540611195135,9.711651157127985,0.5407622608550617,299.62389594720736,7.308430407373284,284.43540611195135,299.62389594720736
54,340,316.28913825604286,10.951005927257519,0.5408784050215273,326.0685092117359,8.286555960965853,316.28913825604286,326.0685092117359
54,300,349.43390596491594,13.677921786499816,0.5406900491080971,360.38994061515695,15.32885239639844,349.43390596491594,360.38994061515695
54,260,379.063857087737,2.2891954770540313,0.5408541792087086,475.5664387614351,16.03172026527355,379.063857087737,475.5664387614351
54,220,379.07875802353834,1.6709982155085992,0.5405380817511878,522.1324960086894,6.268849300594136,379.07875802353834,522.1324960086894
54,200,381.8615294903127,1.16318231039582,0.5404560144736134,535.4471844706965,2.5989084624247702,381.8615294903127,535.4471844706965
54,180,381.1806078567358,1.4966689633354056,0.5409540777849975,543.9938179940892,2.8606769557838825,381.1806078567358,543.9938179940892
54,160,381.51826408668717,2.2369450439518275,0.5410013182812845,546.854586361815,1.8683363819978727,381.51826408668717,546.854586361815
54,140,382.7196856223439,0.8615774087557048,0.5409702927701966,557.4471802966741,3.5175348687029038,382.7196856223439,557.4471802966741
54,120,381.6113480897891,1.1066219773319594,0.541065323295408,558.4663846293516,3.200766407036237,381.6113480897891,558.4663846293516
54,100,381.0006485846698,1.4775380751349658,0.5410845936198071,562.7852273776255,4.865017696813663,381.0006485846698,562.7852273776255
54,90,381.5921605872573,1.1896679384947788,0.5410726053493136,564.2978912270775,3.836680777683824,381.5921605872573,564.2978912270775
54,80,379.44025308324467,3.153027213111674,0.5410657254113728,566.364428385427,1.2664400160344074,379.44025308324467,566.364428385427
54,70,382.1793191158402,2.029758656336353,0.5410444545235218,565.207137311723,2.5969496053549905,382.1793191158402,565.207137311723
54,65,381.44116320078564,1.7677727053223837,0.54087817322093,565.1630940001968,3.4142837654922955,381.44116320078564,565.1630940001968
54,60,381.39089287115263,1.8727201846001695,0.5409089706655784,567.9134734869359,3.939260852964133,381.39089287115263,567.9134734869359
54,55,380.418296640203,2.1694774200360087,0.5409170225761276,568.6779969403891,5.8996594286508515,380.418296640203,568.6779969403891
54,50,381.1790459208317,1.0006313479935578,0.5411553454901544,573.1812524197155,4.685024851160149,381.1790459208317,573.1812524197155
54,45,381.3883742460951,2.1580007464206368,0.5411687532913003,570.7594012222894,4.752065608155487,381.3883742460951,570.7594012222894
54,40,381.2224202699115,1.0282351281545288,0.5411958748599143,577.6757251466447,1.8232146324365324,381.2224202699115,577.6757251466447
54,35,381.7324676227988,1.886771137435032,0.5413279900855565,592.8766838048147,4.546346424773611,381.7324676227988,592.8766838048147
54,30,382.66614497341885,1.013650855178555,0.5412187572347498,590.6345851723041,1.7127176494850307,382.66614497341885,590.6345851723041
54,25,381.1860887841437,1.4285284422348221,0.5412551744811682,591.3060716453527,2.2254685232975833,381.1860887841437,591.3060716453527
54,20,381.0544005919598,0.8938386108484313,0.5411600442731284,601.893562074841,3.9650755984416235,381.0544005919598,601.893562074841
54,15,381.0312808670366,2.2047132514289185,0.5412353902858079,604.6277099859657,1.4104432952492352,381.0312808670366,604.6277099859657
54,10,381.5775513479645,1.5021069794012607,0.5411743916311543,609.488282341288,8.049769633519631,381.5775513479645,609.488282341288
54,5,380.52046558494277,1.0486491932043327,0.5411568804137884,611.798550108679,3.8930587957090865,380.52046558494277,611.798550108679
54,0,380.1353277508829,1.615963394896453,0.5411293041086059,619.440181739557,4.533595855941391,380.1353277508829,619.440181739557
55,100000,1.3115376346165253,0.05697183197330754,0.5485239427144137,178.71078296254777,0.28771208173048973,1.3115376346165253,178.71078296254777
55,40000,3.1456564931485094,0.09780563345279442,0.5497229535312294,178.69798771203145,0.38521314147901364,3.1456564931485094,178.69798771203145
55,5000,23.192490972032243,1.1344709934101618,0.5521105563131209,176.31248343876416,0.055337687599276444,23.192490972032243,176.31248343876416
55,3000,36.382184667865765,0.2669923758752358,0.5496434576985543,176.35242312834143,0.2438197821379594,36.382184667865765,176.35242312834143
55,2000,55.821264175120014,1.41237483647059,0.5496791572415168,176.93101052557074,0.29013038973124805,55.821264175120014,176.93101052557074
55,1500,73.292117460259,1.434395254513382,0.5498293155186441,178.36901606775965,0.14217592057154113,73.292117460259,178.36901606775965
55,1000,109.84093816498496,2.1347660552888814,0.5497828354395922,183.06296231132185,0.34520002058655963,109.84093816498496,183.06296231132185
55,900,120.6727406505906,0.3458091901210059,0.550157836713078,185.11522643791056,0.5203545693357688,120.6727406505906,185.11522643791056
55,800,135.31237305454138,1.9980846224077669,0.5496091130577562,187.9651099737172,0.6393042462161005,135.31237305454138,187.9651099737172
55,700,153.6508316206223,1.9755524285606156,0.5496361901140671,192.04548090628631,0.40272285748507025,153.6508316206223,192.04548090628631
55,600,178.79154649110865,0.9211409638246236,0.5496946093782685,201.2416176573462,0.3242346350107503,178.79154649110865,201.2416176573462
55,550,191.7830658194977,1.9604949958535214,0.5497889474574557,209.42889136002057,1.2639315998959175,191.7830658194977,209.42889136002057
55,450,231.80230025098112,1.4477137420508608,0.5496999885549343,254.38121354393346,3.8090641781644345,231.80230025098112,254.38121354393346
55,380,267.25088958243055,0.9721284572558622,0.549923743222209,284.3566840356399,2.090779320310541,267.25088958243055,284.3566840356399
55,340,294.7748679425495,0.7716468985441337,0.5500208650843348,304.5969025233729,2.597579884155762,294.7748679425495,304.5969025233729
55,300,329.932312964087,1.4047903592341036,0.5498814213743083,333.50822785828643,0.45902084406885324,329.932312964087,333.50822785828643
55,260,374.4902670592965,3.220296673172192,0.5498283984061437,414.3019993080495,6.076577016781821,374.4902670592965,414.3019993080495
55,220,381.0674021308852,0.34960995592127153,0.5496394190094128,479.14040604945194,0.7738390024189421,381.0674021308852,479.14040604945194
55,200,382.40011963737544,0.5857853345705469,0.5496385084835919,511.16447979561235,4.018049423997756,382.40011963737544,511.16447979561235
55,180,380.54210199055586,2.9122399998895148,0.5502193409510964,530.4820593261356,0.9274753395702658,380.54210199055586,530.4820593261356
55,160,383.1172646025045,0.38795817774591657,0.55006522517446,537.0622717215119,0.9095756345397967,383.1172646025045,537.0622717215119
55,140,381.92331105978434,1.4446171562705892,0.5501358608425743,544.433695181282,1.441857000149123,381.92331105978434,544.433695181282
55,120,381.5330898383952,2.72677567267629,0.5501766674517446,550.876051599204,2.197014659933527,381.5330898383952,550.876051599204
55,100,382.6337563038432,1.5565062404576886,0.5502851009303168,551.071565288215,2.2152804015571688,382.6337563038432,551.071565288215
55,90,382.5062481844374,1.4100159073232323,0.5501368966501825,561.4874845719891,3.105890825493082,382.5062481844374,561.4874845719891
55,80,380.3500471099994,1.6926724213965134,0.5502768571554283,561.1255789693145,1.7231791860356545,380.3500471099994,561.1255789693145
55,70,380.3889983084114,3.7002750301303466,0.5502882502268279,560.5858098855958,3.4105220581715128,380.3889983084114,560.5858098855958
55,65,384.3467760418827,1.3892640343944114,0.5502302393892166,558.5734192495287,1.0668454265899996,384.3467760418827,558.5734192495287
55,60,382.1236785081614,3.4446695234889897,0.5503029563535371,560.8628963800762,0.9600271299624246,382.1236785081614,560.8628963800762
55,55,382.97714766245934,3.6364335124444382,0.5503166635856834,559.0032359993975,2.2333170550395027,382.97714766245934,559.0032359993975
55,50,382.2432740758013,2.5609396405906626,0.5503265775301905,561.8630900539993,1.936224149588989,382.2432740758013,561.8630900539993
55,45,380.4827959544817,3.231803489343327,0.5501982682820428,568.2480928590022,3.3819289431434787,380.4827959544817,568.2480928590022
55,40,381.1690297106679,1.4559530016190736,0.5503383377231724,567.8979914584474,0.7279566571444577,381.1690297106679,567.8979914584474
55,35,380.9937705450987,3.011427948747131,0.5503867233268648,585.033442595999,5.283662740202607,380.9937705450987,585.033442595999
55,30,381.9603655416974,1.5159408330280677,0.5503032544187884,583.0522165769931,1.2529376764782294,381.9603655416974,583.0522165769931
55,25,382.361580177826,1.937345665425858,0.5502382550504611,593.602305621963,5.455308847779273,382.361580177826,593.602305621963
55,20,382.450641658582,1.7246278308739156,0.5503202193465752,590.0360711772928,1.2513592218044292,382.450641658582,590.0360711772928
55,15,383.43011893716147,0.9872916816150652,0.5504004951470264,594.5998966315747,1.018124753233151,383.43011893716147,594.5998966315747
55,10,384.6063478844696,0.9093498386147241,0.5502661847572332,599.6374597495883,2.3888535209892874,384.6063478844696,599.6374597495883
55,5,381.5616612668277,1.167348135823299,0.5501425618424085,608.3894130222719,1.1360667518832006,381.5616612668277,608.3894130222719
55,0,383.40230947785767,0.38894393937308863,0.5503561135270777,610.2099613348016,7.546720757451035,383.40230947785767,610.2099613348016
56,100000,1.3290853332674304,0.03791262220311903,0.5590802708795187,178.61825702341727,0.11944726016468477,1.3290853332674304,178.61825702341727
56,40000,3.1777750010300725,0.1268335303045758,0.5599315373689439,178.41077627044933,0.17900181757883166,3.1777750010300725,178.41077627044933
56,5000,22.198151770798944,0.28804687277914987,0.5615095983852717,178.09004271887537,1.1286136913175568,22.198151770798944,178.09004271887537
56,3000,38.04552387964899,1.445725060289589,0.5586755166394267,176.2522329897998,0.2822491044743516,38.04552387964899,176.2522329897998
56,2000,56.7764138152794,2.66321956257311,0.5589664517140104,176.87841421518797,0.18618918260146325,56.7764138152794,176.87841421518797
56,1500,75.38214911141644,3.4487777406483526,0.558842968101395,178.49506116283888,0.23432847076801724,75.38214911141644,178.49506116283888
56,1000,109.96171661072964,5.548261778683029,0.5589817074099585,182.9475389781522,0.9303060795327888,109.96171661072964,182.9475389781522
56,900,123.4936098715916,4.035819345000094,0.5589025591952612,185.4555812053927,0.8010427007344877,123.4936098715916,185.4555812053927
56,800,135.96933048083415,4.1132938242975206,0.5588632863646064,187.75902092751642,1.1387636409317257,135.96933048083415,187.75902092751642
56,700,155.45886199664963,5.466043557892505,0.5588754532624701,192.3316444055973,1.8293071924792377,155.45886199664963,192.3316444055973
56,600,178.44145228005365,6.768290148813063,0.5588824778488719,201.23147444859333,4.076211927798707,178.44145228005365,201.23147444859333
56,550,192.42057928372597,7.5916073735382605,0.5589474752105462,210.5418715563517,7.097173108667314,192.42057928372597,210.5418715563517
56,450,229.48557521402836,9.740931549935238,0.5588943562526931,249.3810253658244,11.675436230219688,229.48557521402836,249.3810253658244
56,380,268.63900008992,13.212525390375657,0.5591295284819112,283.52376718361546,10.763393755409313,268.63900008992,283.52376718361546
56,340,296.3652473555057,15.188736600003955,0.5589796447129993,307.11128608862003,12.130162999826423,296.3652473555057,307.11128608862003
56,300,325.1642476050504,16.879486429497984,0.5589805063795196,331.47861083400807,16.628314040933823,325.1642476050504,331.47861083400807
56,260,368.246967824358,17.212776947264036,0.5591869928833849,413.0972204458053,28.54470876526786,368.246967824358,413.0972204458053
56,220,384.83599639994776,5.691803572113725,0.5588999550861137,462.60824556168376,29.0495202365551,384.83599639994776,462.60824556168376
56,200,383.4858965265809,0.9062375568266906,0.5588260997009257,494.96719477182137,21.367476735484065,383.4858965265809,494.96719477182137
56,180,384.640878204539,1.0510578622748648,0.559156247152756,517.7329542616495,11.542278647353507,384.640878204539,517.7329542616495
56,160,383.7200541009408,2.8191236543769578,0.5590971454100927,528.0977262182433,11.672885241290562,383.7200541009408,528.0977262182433
56,140,384.3719142887641,2.553447344536641,0.5592006727497448,535.8108549224894,8.215114714706631,384.3719142887641,535.8108549224894
56,120,385.6584654031969,0.9396811933138804,0.5590856271840486,542.031714431331,5.4614403693569935,385.6584654031969,542.031714431331
56,100,384.7640876353694,1.7379227223015647,0.5591646373392645,548.9289985222198,7.150708115883503,384.7640876353694,548.9289985222198
56,90,384.7599909765074,1.0905470632852945,0.5590562094082642,548.9069910418021,3.111391728933119,384.7599909765074,548.9069910418021
56,80,385.10223937255324,1.2759651477213432,0.5591273751775322,555.8393316788032,2.5913774492581707,385.10223937255324,555.8393316788032
56,70,384.653343487517,3.326105633222076,0.5591260840612096,555.4366197501705,3.6892153116900404,384.653343487517,555.4366197501705
56,65,383.96796252814033,2.2158790348031623,0.5591416874754161,555.1968200045867,2.8784940320253436,383.96796252814033,555.1968200045867
56,60,383.2874338415122,3.043962354244772,0.5591113702489361,552.6971282619269,6.144440570154277,383.2874338415122,552.6971282619269
56,55,384.6098620421367,1.277003301213653,0.5591384050704221,557.3345004128122,7.018792961438673,384.6098620421367,557.3345004128122
56,50,383.64143892094853,3.015285956300302,0.5591631754821494,556.8152826249492,6.63191926995841,383.64143892094853,556.8152826249492
56,45,382.51561878091184,2.5741326494657106,0.5591681791675748,555.7947714311191,1.9026266851678377,382.51561878091184,555.7947714311191
56,40,384.76478461238867,2.0106599070841926,0.5591103480723753,563.6128818038703,7.053800852594234,384.76478461238867,563.6128818038703
56,35,381.33506769141735,3.511985700799175,0.5590812283867994,582.6873086763164,6.548024597520925,381.33506769141735,582.6873086763164
56,30,384.57444045812326,2.032496047226514,0.5590432769534154,576.6749340943363,2.8052841724638213,384.57444045812326,576.6749340943363
56,25,384.52753120076994,0.9631966914534218,0.5592069356696857,578.1022005591824,3.6757022790758307,384.52753120076994,578.1022005591824
56,20,385.18108602375145,1.7674912242482348,0.5590306067558196,580.1507358416189,4.39778603169829,385.18108602375145,580.1507358416189
56,15,384.60744258523283,1.8785389394154275,0.5589851458446542,589.8830721686163,5.398531634691089,384.60744258523283,589.8830721686163
56,10,384.4850875731622,1.5146446980960788,0.5589693436851723,597.4524224171298,3.810344363785748,384.4850875731622,597.4524224171298
56,5,384.14723420107225,2.1194657034156807,0.5590812105049312,598.6666081772244,2.0325367717748395,384.14723420107225,598.6666081772244
56,0,384.11725776422537,0.5710675769557191,0.5590881372040504,597.5896225767248,1.7266934803668235,384.11725776422537,597.5896225767248
57,100000,1.3346410162100564,0.049359661324588126,0.5687055088523949,179.01804566761817,0.2759400315226003,1.3346410162100564,179.01804566761817
57,40000,3.111187290340447,0.11162267392663879,0.5706678159408661,178.55246983172614,0.07582748974771505,3.111187290340447,178.55246983172614
57,5000,22.954246588812328,0.5431798605669207,0.570873419821071,176.3495955333441,0.18480521957225224,22.954246588812328,176.3495955333441
57,3000,38.170114194049745,1.3270040478687812,0.5706129413630334,176.3549070387628,0.512879493512058,38.170114194049745,176.3549070387628
57,2000,56.07833026214167,1.9638877419607221,0.5715472988434094,176.6771674497071,0.30254768433818513,56.07833026214167,176.6771674497071
57,1500,73.55415931887966,2.9505807562216106,0.5715632642618292,178.23477181028477,0.6034588120329617,73.55415931887966,178.23477181028477
57,1000,109.5582016255175,3.26061152257309,0.5708521772346753,182.61349028771073,0.5877169856683382,109.5582016255175,182.61349028771073
57,900,121.8888422154594,5.631569776713207,0.5707815244048076,184.6336678114828,1.1028551085403175,121.8888422154594,184.6336678114828
57,800,133.69241720153636,5.295224711474181,0.5715436654155613,187.05134724759895,1.3623817793322432,133.69241720153636,187.05134724759895
57,700,153.08950341038232,3.8766719207503373,0.5715037422917836,191.76384969819583,1.507344290804978,153.08950341038232,191.76384969819583
57,600,174.75568818906578,6.8720127696902304,0.570846850183683,199.09391553452676,3.8093046674751383,174.75568818906578,199.09391553452676
57,550,190.89168579773312,5.987711319824873,0.5709068597301046,213.1399224493616,2.516145927338907,190.89168579773312,213.1399224493616
57,450,226.44772681368195,8.385251691912131,0.5709626140951943,253.9029067041589,2.7707840026449095,226.44772681368195,253.9029067041589
57,380,267.25750074169554,9.79906557816411,0.5699830672768489,275.58828548723346,9.932039832052109,267.25750074169554,275.58828548723346
57,340,288.0291174627943,11.43514127323396,0.5710420503033247,293.8206732159949,10.900961066195602,288.0291174627943,293.8206732159949
57,300,319.8291768684669,7.956974716550958,0.5700328153782097,326.52218959034275,4.528009622565633,319.8291768684669,326.52218959034275
57,260,367.07363298905926,7.287360446517321,0.5710897075488752,383.5282962671923,3.6382896104340916,367.07363298905926,383.5282962671923
57,220,378.06980661132957,4.037023065874814,0.5714577826735409,411.2099225623417,22.1610473071681,378.06980661132957,411.2099225623417
57,200,384.8332418057801,1.156013091583098,0.5714687137014799,451.37722527613573,20.88058255434595,384.8332418057801,451.37722527613573
57,180,387.61086433955535,0.6497117213952925,0.5715388275315144,492.96325063074164,9.728300441451943,387.61086433955535,492.96325063074164
57,160,386.6755115450142,0.978917293993445,0.5713767111811401,504.3660536744789,6.830476040959845,386.6755115450142,504.3660536744789
57,140,385.53527466642663,0.899120773739634,0.5712084379820994,517.9189709710917,6.651338702029944,385.53527466642663,517.9189709710917
57,120,386.18829378229844,1.7809681531571198,0.5710744260471768,525.300147886843,3.216427993702444,386.18829378229844,525.300147886843
57,100,387.6057860047428,2.203095402544011,0.5708519418153826,534.347478095766,7.585512408690371,387.6057860047428,534.347478095766
57,90,386.71557568533717,1.0065398741300684,0.5706538497554321,539.4369062665897,1.0112942335041857,386.71557568533717,539.4369062665897
57,80,387.4750595109272,1.2494829860762624,0.5705712602175702,538.3457540881049,5.827860228496281,387.4750595109272,538.3457540881049
57,70,387.44220968916585,0.7536652472069695,0.5704116389073768,542.702375177293,5.040042642533468,387.44220968916585,542.702375177293
57,65,387.8227232548572,0.7995611136637235,0.5703969128855706,542.4951145896626,3.500815025054343,387.8227232548572,542.4951145896626
57,60,386.7195022124086,1.1648666142653359,0.570387474986945,545.6558819662338,5.375444323647953,386.7195022124086,545.6558819662338
57,55,386.41806629207485,1.1917883313349316,0.5703173459070414,544.0454067909803,5.904622687109036,386.41806629207485,544.0454067909803
57,50,386.11249035720454,3.1557087000910884,0.5705106954742604,547.2438049346965,4.49767664994712,386.11249035720454,547.2438049346965
57,45,383.88207524639483,2.511700274501713,0.5703829446601872,546.3283882032594,3.5363005588931644,383.88207524639483,546.3283882032594
57,40,387.14906927656494,0.8772868555675397,0.5702387808857078,554.3349077148965,4.328358388045797,387.14906927656494,554.3349077148965
57,35,386.7925455661352,2.835984725629696,0.569938259545434,563.3601402334225,5.068585526248688,386.7925455661352,563.3601402334225
57,30,387.0785655036232,2.1645100883284742,0.569984290700848,568.2741969589669,3.505364275994074,387.0785655036232,568.2741969589669
57,25,386.535677941529,1.9073186766308956,0.5701144465575962,568.1932920983044,4.652717781076626,386.535677941529,568.1932920983044
57,20,387.4681462448904,2.034477242588729,0.5700178351425699,569.3815016132122,5.081405297960581,387.4681462448904,569.3815016132122
57,15,386.31224615890056,0.999195573880498,0.5699094889925999,578.2972438119037,3.6198913671183504,386.31224615890056,578.2972438119037
57,10,386.794440957777,1.7584575559188775,0.5699465198589461,582.9615742893675,8.308741859008231,386.794440957777,582.9615742893675
57,5,386.68049111482355,0.9536494594923767,0.5704966871622537,590.4976829111947,7.855141857191333,386.68049111482355,590.4976829111947
57,0,385.5651600676959,1.1936134854555902,0.5707604399626435,591.1308494331827,6.827671060631641,385.5651600676959,591.1308494331827
58,200000,0.6884394096749902,0.027014019114541495,0.5800364704436436,178.3072826700566,0.17209953070294481,0.6884394096749902,178.3072826700566
58,100000,1.2832940068370804,0.0450216361348293,0.5794917198260354,178.95456329884436,0.2777722469193073,1.2832940068370804,178.95456329884436
58,40000,3.1598040077454717,0.002890405618624865,0.5786259600489938,178.65426030436882,0.13970624260560383,3.1598040077454717,178.65426030436882
58,5000,23.698750576122393,0.6163242690994072,0.5806589328530135,176.53792013038216,0.08230537347488383,23.698750576122393,176.53792013038216
58,3000,37.356082789800915,1.3802299600656935,0.5796313284681812,176.08831994479564,0.07804887488275121,37.356082789800915,176.08831994479564
58,2000,56.98725292807137,1.0127480949046441,0.5816445033040295,176.85065154609637,0.09150830688771144,56.98725292807137,176.85065154609637
58,1500,74.6150457508516,0.6047655170613646,0.5814418423587328,178.3531623192563,0.2840145869139452,74.6150457508516,178.3531623192563
58,1000,110.66819884782774,3.0782422956921858,0.5799334864014036,183.0557061002859,0.08808377310358921,110.66819884782774,183.0557061002859
58,900,120.07001013360343,2.735272414078649,0.5798565264805056,184.36777161002166,0.3501864950646731,120.07001013360343,184.36777161002166
58,800,136.76203798258732,0.8161499333772627,0.581360098899221,187.48405650799472,0.054071393954027464,136.76203798258732,187.48405650799472
58,700,154.5847869270555,3.3176046797355494,0.5813817972279226,191.6758363448812,0.9972479777417972,154.5847869270555,191.6758363448812
58,600,175.89190458317017,6.208313965826595,0.5799888536129211,200.64656268057126,1.0906222386182425,175.89190458317017,200.64656268057126
58,550,190.19980927470058,3.8840731466171774,0.5798942983398618,206.03860008915248,2.747999294506922,190.19980927470058,206.03860008915248
58,450,222.78089040209198,3.9297123435288897,0.5800168282049027,236.01546191910293,5.590368553106698,222.78089040209198,236.01546191910293
58,380,260.1985118518823,6.729968398313152,0.5791833670493908,278.08385645295294,1.9188813177113049,260.1985118518823,278.08385645295294
58,340,287.6293195011963,7.500338088089903,0.5800828026377,295.829027638862,1.5608079304648301,287.6293195011963,295.829027638862
58,300,312.3280984938764,5.472966406218666,0.5790359393991542,310.02545557806906,2.7695853543232483,312.3280984938764,310.02545557806906
58,260,368.217494044285,5.454834259507949,0.579956185411326,361.0830631230032,7.192667209018263,368.217494044285,361.0830631230032
58,220,380.1217202278185,0.8937974004742752,0.5816569087547395,402.41823175586137,4.630438156513351,380.1217202278185,402.41823175586137
58,200,382.9865877690977,4.9033331557354405,0.5814332463681889,446.0161780105721,7.204030563001363,382.9865877690977,446.0161780105721
58,180,384.5785266758343,4.774253005571651,0.5816672998113139,485.55969125406955,2.093342657773938,384.5785266758343,485.55969125406955
58,160,387.527086300918,2.208245447458899,0.581586998745263,498.65152380735935,2.269840187931532,387.527086300918,498.65152380735935
58,140,387.3445566560079,2.3307593992534055,0.5816360969249056,509.77647253042574,1.194727477095147,387.3445566560079,509.77647253042574
58,120,387.2166779709035,3.241329403381902,0.5814838400818091,517.1383062293108,1.8012131882122042,387.2166779709035,517.1383062293108
58,100,387.2627640966955,1.9288359889518398,0.5812369653359452,525.755716329449,6.743800449345057,387.2627640966955,525.755716329449
58,90,388.1394794877763,1.5066933272076901,0.5810732030031536,532.0469703107279,5.380615835684354,388.1394794877763,532.0469703107279
58,80,386.7373151846666,2.2012326654798122,0.5810585008156418,531.8364127316308,1.2443390319747865,386.7373151846666,531.8364127316308
58,70,386.9560929890488,3.477409346863633,0.5813653441013259,533.3357934709859,0.11092199062262892,386.9560929890488,533.3357934709859
58,65,386.9392493816535,1.292955280205882,0.5809501890418333,535.5183541866094,3.0843993554423004,386.9392493816535,535.5183541866094
58,60,388.0934008994215,4.1488179467345425,0.5811324085335856,536.4236313828765,2.634050749213914,388.0934008994215,536.4236313828765
58,55,387.971660618553,2.0601222131649863,0.5810039582273926,534.8349064557912,1.9740707153606958,387.971660618553,534.8349064557912
58,50,388.8679662273974,1.3089775318878083,0.5810174019912133,536.7135174507129,1.6730865847061795,388.8679662273974,536.7135174507129
58,45,386.7621323032766,0.8165194222824786,0.5810485425160122,536.0525777296765,2.3602339105197685,386.7621323032766,536.0525777296765
58,40,388.17011703329445,1.7598086877741486,0.5808522297324825,539.5892698842978,3.9466792949985425,388.17011703329445,539.5892698842978
58,35,389.2639045856208,0.797657061228037,0.5807560455851616,555.7813000687526,2.7751002089268595,389.2639045856208,555.7813000687526
58,30,386.36500629584447,1.5140020095072777,0.5807260603978692,561.9538696308665,1.683715584397825,386.36500629584447,561.9538696308665
58,25,388.376953007697,0.5301306173697845,0.5809196576842511,567.886992398336,4.32916374440385,388.376953007697,567.886992398336
58,20,388.7711314088706,1.234210484866177,0.580797285858157,560.6509671168985,2.4379485843243773,388.7711314088706,560.6509671168985
58,15,389.6086832828528,1.323045657106679,0.580624847508236,568.1029063314639,2.227337107470142,389.6086832828528,568.1029063314639
58,10,390.51556183072285,0.33759460164121835,0.5807926701112852,573.8241764707676,1.540154258831806,390.51556183072285,573.8241764707676
58,5,389.5438829007817,0.6380501641187001,0.5809865707108469,577.6625802156886,1.5267485178971956,389.5438829007817,577.6625802156886
58,0,388.15090460653664,2.345999298145342,0.5810830693298704,582.8810428623119,0.6226994506819712,388.15090460653664,582.8810428623119
59,100000,1.2802088479138176,0.046122157219603326,0.5913263463606332,178.71252976958968,0.07884156377428288,1.2802088479138176,178.71252976958968
59,40000,3.0683189885857503,0.10609655755172306,0.5886549376903036,178.54256431500565,0.3718204675837568,3.0683189885857503,178.54256431500565
59,5000,22.72506245718373,0.7656857363067402,0.5909098858956994,176.33115592608456,0.21144434698187248,22.72506245718373,176.33115592608456
59,3000,37.75155372329838,1.555843475881838,0.5907554863606668,175.78860200009618,0.030616402654057195,37.75155372329838,175.78860200009618
59,2000,53.69023566917699,0.452187933603733,0.588129119708403,176.26823408858058,0.17174958926744596,53.69023566917699,176.26823408858058
59,1500,70.41484107087845,0.6840727666561393,0.5881792471671304,177.32428471513515,0.14642994593568145,70.41484107087845,177.32428471513515
59,1000,103.9264020573559,1.0322409605457552,0.5883506074376347,181.3407013190109,0.326475520928807,103.9264020573559,181.3407013190109
59,900,114.07795564734757,0.39065396780129347,0.5883392231344086,182.7551408766934,0.14936088094125724,114.07795564734757,182.7551408766934
59,800,127.87712840888457,2.34493130929795,0.5881979698997758,185.39089589994754,0.4775800480486842,127.87712840888457,185.39089589994754
59,700,145.6276294270301,1.7707500064177164,0.5881381598731261,189.1346626306362,0.31004005238777904,145.6276294270301,189.1346626306362
59,600,167.32964881480703,2.142304878715856,0.5881361883453698,195.26940449715838,0.9286794753676497,167.32964881480703,195.26940449715838
59,550,179.47150082329563,1.758825966958847,0.5883040297334524,199.90200116062647,0.5961239378433992,179.47150082329563,199.90200116062647
59,450,213.16282303204608,1.7110435410587976,0.5882542377944867,227.54576404110992,2.5405146898984765,213.16282303204608,227.54576404110992
59,380,245.79862603603178,1.8762263393720655,0.5882162988714038,256.54401989957483,4.4492739644148775,245.79862603603178,256.54401989957483
59,340,271.18295851615704,1.0911993612795747,0.5882121569719759,277.2261476149599,1.3572077359066932,271.18295851615704,277.2261476149599
59,300,298.79646342345654,1.0629276443806948,0.5883641769292908,293.9911874537404,1.0722813520984988,298.79646342345654,293.9911874537404
59,260,355.80369223435997,2.100349870959613,0.5884840229419797,339.80977015715507,2.2905023943334704,355.80369223435997,339.80977015715507
59,220,370.99872630441376,0.4111808606435644,0.5883573996354757,368.9265417006762,4.215824088599456,370.99872630441376,368.9265417006762
59,200,381.5899328645418,1.7675594315882277,0.5883161907292385,407.8600670168307,3.2565730610774235,381.5899328645418,407.8600670168307
59,180,388.36934927641624,1.3334753099984022,0.588477591666373,470.97840342437866,8.119792130392693,388.36934927641624,470.97840342437866
59,160,389.3600823394611,1.955653238266207,0.5883851230976754,490.36584753050766,2.6281414825403053,389.3600823394611,490.36584753050766
59,140,388.9953001410062,2.104242899752821,0.5884325210779918,503.9127299308204,3.04155238608975,388.9953001410062,503.9127299308204
59,120,391.62673249105995,1.1094184562653442,0.5884224317786563,511.91610862950444,1.7020125473279284,391.62673249105995,511.91610862950444
59,100,387.2499918598548,2.6583146446526533,0.5883590265244111,520.451881793978,0.9377853942845913,387.2499918598548,520.451881793978
59,90,389.431987905413,0.4537536304732331,0.5884310058060854,529.0717716451313,3.2437340515270954,389.431987905413,529.0717716451313
59,80,388.533990614269,1.661999696934933,0.58828352510827,526.0692830115341,1.6920990776262161,388.533990614269,526.0692830115341
59,70,387.15719053591323,1.5577384362502913,0.588376129721567,528.0603648648789,3.2473592735053347,387.15719053591323,528.0603648648789
59,65,389.3672237214283,2.132345678370918,0.5883891640869572,530.3273173728318,0.4407776649234718,389.3672237214283,530.3273173728318
59,60,389.9562926244112,1.8500151147847945,0.5883762501419231,530.8974509010723,1.6303117654000177,389.9562926244112,530.8974509010723
59,55,386.112291540395,2.520189050011101,0.5883948094021939,535.8058246231861,3.3322467547055794,386.112291540395,535.8058246231861
59,50,389.39512465858667,0.9721613538023184,0.5886058141397569,536.1205177362225,4.829760056710268,389.39512465858667,536.1205177362225
59,45,386.3018654102416,3.5795642143266,0.5885666069298551,534.517817638691,5.937657931307871,386.3018654102416,534.517817638691
59,40,388.25860272152823,4.431215395591932,0.5884575225619294,545.1290154828038,0.487566907905905,388.25860272152823,545.1290154828038
59,35,388.971403817661,1.236765816913141,0.5884422409048767,554.63621893459,7.837213536358249,388.971403817661,554.63621893459
59,30,389.9507165347158,2.092231344037036,0.5883448839949016,552.3277882078763,3.1541708950920824,389.9507165347158,552.3277882078763
59,25,389.62170192460775,0.6466455208581697,0.5884736298218841,550.2537883056693,0.6059824208505247,389.62170192460775,550.2537883056693
59,20,389.68888394869896,1.5057569882258381,0.5885184521980928,550.7031969782805,0.3903890181975319,389.68888394869896,550.7031969782805
59,15,388.9856316036294,2.494607256170404,0.5885413797825799,558.5338647216204,3.399484488992881,388.9856316036294,558.5338647216204
59,10,387.56247016236375,2.1812780285488134,0.5886201510929867,571.1887012081269,6.958006789461186,387.56247016236375,571.1887012081269
59,5,389.8498015118205,0.4384682641867486,0.5886873081639982,577.0354352864146,4.17704701786478,389.8498015118205,577.0354352864146
59,0,388.02520601569086,1.8899568285751218,0.5888133330533364,578.995715089262,1.1172925478446945,388.02520601569086,578.995715089262
60,200000,0.6712336488256699,0.026136326034493715,0.5984802734584646,178.32919868914584,0.1890451331638224,0.6712336488256699,178.32919868914584
60,100000,1.2380152717530921,,0.6026173388436356,178.7553396127939,0.6753765029785339,1.2380152717530921,178.7553396127939
60,40000,2.988362538050144,0.025507592406697265,0.60157338499309,178.3304842472909,0.20943251681342853,2.988362538050144,178.3304842472909
60,5000,21.991936793186802,0.9359672764337952,0.6017415776441777,176.40965879046374,0.15826035263546073,21.991936793186802,176.40965879046374
60,3000,36.91105908832654,1.0853044999504255,0.6008716811760513,176.24387133940806,0.3637486054001247,36.91105908832654,176.24387133940806
60,2000,55.130231731168145,2.267408844169215,0.5989690121614754,176.6844113556352,0.27257187742037065,55.130231731168145,176.6844113556352
60,1500,72.65966187304676,2.857660941537299,0.5989835272776731,177.7186345738459,0.27793917918710614,72.65966187304676,177.7186345738459
60,1000,106.52498151730641,2.7658225603903075,0.5989026662427411,181.77364792011818,0.6170401895817597,106.52498151730641,181.77364792011818
60,900,117.31689901631802,3.2946705663973916,0.5989689154941966,183.290448021672,0.5910989926835509,117.31689901631802,183.290448021672
60,800,129.36334191057736,4.9088410821138,0.5989128480072363,185.21916721040668,0.8538378720655753,129.36334191057736,185.21916721040668
60,700,147.76873881957906,3.799286590857764,0.5989299210000025,189.03560001755045,0.9544798318656647,147.76873881957906,189.03560001755045
60,600,170.14692208669845,5.229127343736671,0.5989069531605908,195.72623868435838,1.7245096247988283,170.14692208669845,195.72623868435838
60,550,184.0801615842004,4.874358488473354,0.5988933765127725,201.98961883231405,2.4509401476130717,184.0801615842004,201.98961883231405
60,450,216.4461650701213,7.288492391609361,0.5988927029039021,226.8598750756187,7.251600503949989,216.4461650701213,226.8598750756187
60,380,251.18978825674208,6.687851560586698,0.5990712006974229,258.02990731489655,6.010036383068172,251.18978825674208,258.02990731489655
60,340,274.37880478219876,7.163235078162959,0.5990935976092525,274.89679789497865,5.464519929374839,274.37880478219876,274.89679789497865
60,300,298.83629669392576,7.826218997234085,0.5991182897992248,290.88610882011693,5.607721824083864,298.83629669392576,290.88610882011693
60,260,353.66249683004025,6.982706828855114,0.599298436472635,331.69355778837604,7.90072904781309,353.66249683004025,331.69355778837604
60,220,371.377987893276,6.114751864542167,0.5990933672285251,355.8641285810613,11.995772291602714,371.377987893276,355.8641285810613
60,200,384.12534267079076,3.2748626801012173,0.5992140462006307,385.1766538905743,14.227993845572517,384.12534267079076,385.1766538905743
60,180,391.9974607958443,1.17237208135726,0.5992618905094731,461.6639139263889,12.595032066387962,391.9974607958443,461.6639139263889
60,160,390.15102345149836,2.4737187698969985,0.5994457886193472,484.1422412413646,8.57020220612818,390.15102345149836,484.1422412413646
60,140,392.1415844507397,1.8170957041491806,0.599566766522612,497.3364346592388,7.40541460630881,392.1415844507397,497.3364346592388
60,120,391.60450106527463,2.708320119960379,0.5997252005080593,507.7748446267946,6.5808345926647975,391.60450106527463,507.7748446267946
60,100,392.88360944617574,1.2659173088768791,0.6001374987098712,513.5015284911246,4.9043279094739765,392.88360944617574,513.5015284911246
60,90,391.6350626691808,1.863751735408248,0.6001047322725865,520.6395248167918,7.078883285502413,391.6350626691808,520.6395248167918
60,80,391.6182973303494,2.549551260707182,0.600296348715537,521.9941741910872,6.850242247279794,391.6182973303494,521.9941741910872
60,70,392.3912276903025,0.9274049918128876,0.6003735070199625,521.6506919357253,3.6691630733603353,392.3912276903025,521.6506919357253
60,65,392.51258509039354,2.0078995774280752,0.6004312618557498,523.7908903629831,4.135876126024234,392.51258509039354,523.7908903629831
60,60,392.0465758522779,1.394263474808093,0.5997392694548609,523.5109335196852,2.286643896995701,392.0465758522779,523.5109335196852
60,55,392.22440882150613,2.197108738790556,0.6005195513250875,524.7414136745521,3.0158170848063217,392.22440882150613,524.7414136745521
60,50,391.9638900418302,2.196237592752712,0.6005247951486458,525.3491908607506,4.005342158215476,391.9638900418302,525.3491908607506
60,45,390.93707260690167,2.162901846495901,0.6004564541938923,532.2566686326055,5.665071475753659,390.93707260690167,532.2566686326055
60,40,391.7554792329348,1.5213057117903153,0.5985712252994793,540.2506080307513,2.1648269422897446,391.7554792329348,540.2506080307513
60,35,392.6966639475548,1.2186272167894292,0.5987325244340147,542.934657222247,0.9476499208579712,392.6966639475548,542.934657222247
60,30,392.39091134741176,1.5599671337718068,0.6008082222784119,540.7173813109072,4.057006489370133,392.39091134741176,540.7173813109072
60,25,393.0646621748721,0.8029098184480004,0.5999493887013732,543.4463795058101,7.714623243594279,393.0646621748721,543.4463795058101
60,20,392.6221334552076,1.5376179378180177,0.6008134280179989,541.2018958988672,3.8312476318304247,392.6221334552076,541.2018958988672
60,15,389.86966266978965,1.580137032083628,0.5968691680827352,559.1735139166377,2.9059311579389333,389.86966266978965,559.1735139166377
60,10,390.6642937584285,0.5608302863289795,0.5987869418517872,557.0203535363795,8.201863839563797,390.6642937584285,557.0203535363795
60,5,390.4041961192626,0.571077080350766,0.6007465799501801,563.676037458151,4.3298619990203555,390.4041961192626,563.676037458151
60,0,391.51029915444474,1.502487913754763,0.6004590965593404,563.4697353823559,4.5117765617512475,391.51029915444474,563.4697353823559
61,400000,0.33507837016434994,,0.6102826899551529,178.55680335359872,0.10936728997759157,0.33507837016434994,178.55680335359872
61,200000,0.6816680217511669,0.006706333365142673,0.6091483702111468,178.33605916539022,0.03348105656954295,0.6816680217511669,178.33605916539022
61,100000,1.2734096175957847,0.05505163522800843,0.6101992872554209,178.68535663005449,0.12224292745467016,1.2734096175957847,178.68535663005449
61,40000,3.113880970799945,0.03378735991133817,0.609118472600683,178.60796782866032,0.2350189888631807,3.113880970799945,178.60796782866032
61,5000,22.590650096624234,0.2424875011575694,0.6101506544224395,176.5893130543118,0.043496886806811685,22.590650096624234,176.5893130543118
61,3000,38.56518072317838,1.1549085064281295,0.6103014081390409,176.46220974480556,0.6526956707003297,38.56518072317838,176.46220974480556
61,2000,54.14932893182663,0.6570850733800109,0.6104560058657663,176.59977344089643,0.2726892011591861,54.14932893182663,176.59977344089643
61,1500,74.07359630009886,0.8736958759516511,0.6105290942846392,178.6308064604904,0.29895449175332467,74.07359630009886,178.6308064604904
61,1000,106.7807549352518,1.705226604649454,0.6102941295497936,182.00353347453927,0.5437222155802582,106.7807549352518,182.00353347453927
61,900,118.69370677101536,0.8486057665197783,0.6104307703614612,183.86754645485755,0.5046833726052643,118.69370677101536,183.86754645485755
61,800,131.1525474086193,0.5248555226485121,0.6104203999812146,185.9760868097212,0.4930031498667821,131.1525474086193,185.9760868097212
61,700,150.2224583703101,2.2689440714506453,0.6102046221896581,189.91379169720517,0.49989820579800404,150.2224583703101,189.91379169720517
61,600,171.43579567612053,2.468324208122109,0.610228422015234,196.76726478045373,1.0365767865755924,171.43579567612053,196.76726478045373
61,550,184.82627323437472,3.4719226535308083,0.610234759310257,202.96446066278358,1.726683350056723,184.82627323437472,202.96446066278358
61,450,220.2391381956552,0.7796540056446284,0.6103408422551695,232.0532754506497,1.863231665308951,220.2391381956552,232.0532754506497
61,380,251.51654735617262,3.28081674895357,0.6102518352312662,257.59880375747656,1.759927877933552,251.51654735617262,257.59880375747656
61,340,273.926868789451,1.2802969080442816,0.6102744367999655,273.5042340486024,0.8827791918608442,273.926868789451,273.5042340486024
61,300,299.18198655542255,2.202108774273668,0.6103343892063564,292.8852846921582,1.8697999185160945,299.18198655542255,292.8852846921582
61,260,356.4174682634143,0.679118280798092,0.6107460179355303,334.1127289951534,0.5176319594500332,356.4174682634143,334.1127289951534
61,220,369.8531376232247,2.0949508973530047,0.6105192178806457,348.97506342111063,1.816410898827279,369.8531376232247,348.97506342111063
61,200,383.56120752484753,0.5255645593364362,0.610608989235441,378.82240103469775,4.465030510562264,383.56120752484753,378.82240103469775
61,180,390.7865399402496,0.42716610532388893,0.6110360322871178,452.36980704888066,3.3522665487517007,390.7865399402496,452.36980704888066
61,160,394.38526900521794,0.6342380493970297,0.6110714174140863,472.9986623515637,6.700737185168846,394.38526900521794,472.9986623515637
61,140,392.43382070459865,3.9003182782777333,0.6113914254931694,486.83052580545103,2.0578167135912,392.43382070459865,486.83052580545103
61,120,391.69383004814637,2.2735465678284,0.6116116801226941,497.806060092898,0.4210453767061799,391.69383004814637,497.806060092898
61,100,393.3231313766398,1.109391211265228,0.6121015842715353,510.64698995707175,1.3017066551409457,393.3231313766398,510.64698995707175
61,90,392.59578863710345,1.4237620363661159,0.6121544394334176,516.0427935272072,7.008020502570468,392.59578863710345,516.0427935272072
61,80,394.29688251220324,1.2789265349549606,0.6123790714131515,515.7547990144594,3.488924817558554,394.29688251220324,515.7547990144594
61,70,393.621246265443,1.2258135159663524,0.6124774397061464,514.561153061365,2.166136468679708,393.621246265443,514.561153061365
61,65,395.45261328127594,0.6744930912029481,0.6125843878687932,515.6879960106531,0.6842037547132201,395.45261328127594,515.6879960106531
61,60,395.7788559948342,0.9377225139143082,0.6107843555533097,518.1909903467562,4.8453668534573255,395.7788559948342,518.1909903467562
61,55,393.06074034665124,0.384284577811936,0.612678257059299,519.3029851837406,1.7467576607343818,393.06074034665124,519.3029851837406
61,50,391.7057193826813,2.9889957218560554,0.6126526029938595,517.89579298119,2.5370405163917544,391.7057193826813,517.89579298119
61,45,393.2037284421718,0.7709620854996034,0.6127089887854318,519.58394409617,0.809242617497656,393.2037284421718,519.58394409617
61,40,393.9422865028442,2.0122990454966665,0.6097722057999923,527.9839466662728,2.5168067280724586,393.9422865028442,527.9839466662728
61,35,393.50644289629247,1.6884313677364564,0.6099023692279629,534.8411907466934,1.856632318739148,393.50644289629247,534.8411907466934
61,30,394.04350458738736,0.5528122330132073,0.6131929924754185,534.9270717163778,2.0680140667835425,394.04350458738736,534.9270717163778
61,25,393.0238343700306,3.5337907400353665,0.6109164394270397,533.3359280240466,1.0806185754516804,393.0238343700306,533.3359280240466
61,20,394.17255134594666,2.290386157850104,0.6130621372900166,534.4239383669783,1.7357060191603602,394.17255134594666,534.4239383669783
61,15,393.2323567247143,2.176448885557029,0.6090414307146651,547.6362623467634,13.871800862182592,393.2323567247143,547.6362623467634
61,10,379.7111902937296,28.10905213481567,0.6098180682708523,543.9111253763803,2.3809209388272863,379.7111902937296,543.9111253763803
61,5,392.00416184211446,1.760913529561236,0.6127068056003662,549.8323315542673,0.7141845643069913,392.00416184211446,549.8323315542673
61,0,392.7168906515637,1.3235355936041902,0.6120826859907061,560.7131073955688,2.156616920284007,392.7168906515637,560.7131073955688
62,400000,0.33163823157553673,4.2754448999235704e-05,0.618811131735975,178.66223906854074,0.10839539645867569,0.33163823157553673,178.66223906854074
62,200000,0.6674747796941715,0.03674341346280284,0.6185770919157412,178.30773416282793,0.30899216361689064,0.6674747796941715,178.30773416282793
62,100000,1.2349014293201,0.030663100381101826,0.621268392965392,178.5519528663949,0.0894261877599652,1.2349014293201,178.5519528663949
62,40000,2.9979732678143964,0.053579675321452,0.6210908420248855,178.61937047563595,0.35610210911963947,2.9979732678143964,178.61937047563595
62,5000,21.23635992718077,0.3559912479597316,0.6181553333041853,176.4878860050048,0.066216112364669,21.23635992718077,176.4878860050048
62,3000,35.30411208116464,0.5344974119972792,0.6182129893650101,176.0581809755753,0.03642003055204869,35.30411208116464,176.0581809755753
62,2000,51.79325313663338,0.9245969820103328,0.6184409221319561,176.50590340606604,0.2641860928077215,51.79325313663338,176.50590340606604
62,1500,68.60382651162583,1.489561151258442,0.6183742243603803,177.44610996231123,0.32236641845101527,68.60382651162583,177.44610996231123
62,1000,100.76621858439871,2.156403754122532,0.6180997108875914,181.26599016707914,0.2947854912184407,100.76621858439871,181.26599016707914
62,900,110.23812585754665,2.286364235007653,0.6179427707050253,182.18167979825049,0.19927840210850692,110.23812585754665,182.18167979825049
62,800,126.66545975513965,0.8688590527727369,0.6179608858784574,184.84748705080747,0.4834337118691848,126.66545975513965,184.84748705080747
62,700,140.79231540460788,1.134018664413126,0.6179367387211986,187.4477220252235,0.3740724896048695,140.79231540460788,187.4477220252235
62,600,165.21987887899996,6.061448599607692,0.6196598269396525,194.7810438676377,2.1755079997217326,165.21987887899996,194.7810438676377
62,550,175.21071641965275,1.55577277853849,0.6179681771476885,198.0331948930817,0.4569924559344667,175.21071641965275,198.0331948930817
62,450,204.8035330244619,1.2386775501871115,0.6181425918564093,215.82249580969946,1.1670176348023913,204.8035330244619,215.82249580969946
62,380,238.19325919901812,0.6758424091232518,0.6179960105715577,246.31177603250498,0.4553370910876367,238.19325919901812,246.31177603250498
62,340,259.5438175412446,2.010087780351676,0.6181296706994469,261.3507099519866,2.720825323573803,259.5438175412446,261.3507099519866
62,300,287.2586123333042,3.1255967728988256,0.6182718830883448,281.3132159353194,0.23185216054797209,287.2586123333042,281.3132159353194
62,260,339.31501572185397,1.8106899566219,0.6183456953948236,316.9392021543095,2.367139759845868,339.31501572185397,316.9392021543095
62,220,355.55986834803554,0.6577315755097256,0.6183469554607944,333.2115325890217,3.0011830076980703,355.55986834803554,333.2115325890217
62,200,374.3464849965147,2.2136048612456527,0.6185353230036603,352.3084137707245,1.646581385320178,374.3464849965147,352.3084137707245
62,180,393.7805912649328,0.7631285421721575,0.6186992218219219,425.1225911957563,3.676573250656163,393.7805912649328,425.1225911957563
62,160,394.2735899702804,0.13823042390981324,0.6187147630535312,464.68818220307594,5.103203609692802,394.2735899702804,464.68818220307594
62,140,395.02089461255855,0.9902117775384226,0.6189811381275244,475.74532746204386,2.4888497528066056,395.02089461255855,475.74532746204386
62,120,393.4442659612446,1.0899053134031285,0.6191445991496637,488.0247858338669,3.7484772175997234,393.4442659612446,488.0247858338669
62,100,393.1917505187327,2.1114920155249908,0.6195778184673216,500.8319593712511,2.148537900025722,393.1917505187327,500.8319593712511
62,90,391.63327818502745,1.2054932528147295,0.619898834918607,505.0688435209824,1.814432936269964,391.63327818502745,505.0688435209824
62,80,395.0193654870736,0.5796013153262385,0.6200789768823858,511.6280375137526,2.679306019899846,395.0193654870736,511.6280375137526
62,70,395.7903308670174,1.1377502929791132,0.6202946703865998,508.0165196828278,2.3261014290561435,395.7903308670174,508.0165196828278
62,65,395.12881541403084,0.14672802396365114,0.6203127434801675,510.76753241396085,2.278449333393234,395.12881541403084,510.76753241396085
62,60,394.8664905393762,1.2867190888197289,0.6204236482460342,513.1708756032779,5.866839440658547,394.8664905393762,513.1708756032779
62,55,395.224967928571,2.102330269171035,0.6206535159291197,509.1956222336653,1.3746025333538021,395.224967928571,509.1956222336653
62,50,394.5852059386525,1.7167495047149024,0.6205324456182695,513.6820666027442,0.7894465458331705,394.5852059386525,513.6820666027442
62,45,393.74945073142754,0.5581580265296188,0.6205948234360944,516.582519764158,1.798757026233087,393.74945073142754,516.582519764158
62,40,391.6636154349769,2.59684328504529,0.6208564824638135,522.8288867236957,1.9342398088983914,391.6636154349769,522.8288867236957
62,35,392.9167532330373,2.6017737633584734,0.6209052688923189,529.7378998465261,3.51393455849521,392.9167532330373,529.7378998465261
62,30,394.01091534361507,1.1531114064729702,0.6208949840309436,531.4872555485954,4.492609781123775,394.01091534361507,531.4872555485954
62,25,392.1528534581236,1.3648844856926852,0.6208333383410829,534.7406763610355,4.968791650946682,392.1528534581236,534.7406763610355
62,20,393.4898394726544,1.558996548709313,0.620851071837862,535.138839896512,2.7097709463313873,393.4898394726544,535.138839896512
62,15,394.0351504730841,1.1717756924614775,0.6209050657532068,536.7594792513279,0.8257322997077634,394.0351504730841,536.7594792513279
62,10,393.2818831631635,1.3309356177940659,0.6207272832172178,542.6978735341111,2.571842070020412,393.2818831631635,542.6978735341111
62,5,395.37761098514505,0.8735510957793465,0.620674317249536,543.5512915895935,0.6458219036534609,395.37761098514505,543.5512915895935
62,0,394.20782486979624,2.116293068571985,0.6198870706627261,548.1358550794204,1.6790805086758356,394.20782486979624,548.1358550794204
63,400000,0.33434082813824706,0.011431828440412552,0.6296201347598958,178.5214870234055,0.1325564412234045,0.33434082813824706,178.5214870234055
63,100000,1.2422200296678139,0.031141053215500886,0.6293016069513646,178.46726964343262,0.23594203212031156,1.2422200296678139,178.46726964343262
63,5000,23.12012939219464,0.3870495798010681,0.6268276890073031,176.24644045974333,0.07274874035321963,23.12012939219464,176.24644045974333
63,3000,36.812783998305825,1.2530541991969715,0.6297432076607465,176.0027390673131,0.17839749605150815,36.812783998305825,176.0027390673131
63,2000,53.818535481411665,2.2575665129318505,0.6305041153901498,176.58376854995802,0.14833319054863384,53.818535481411665,176.58376854995802
63,1500,70.87571029849043,2.7251568324808173,0.6302769635915909,177.63805757347913,0.2470554652843282,70.87571029849043,177.63805757347913
63,1000,103.5674300100103,3.569666770715514,0.6298761416169453,181.16662753956885,0.5372385476285,103.5674300100103,181.16662753956885
63,900,114.37436790142804,5.371282273090234,0.6299820798254276,182.62650179233916,0.7997926288938181,114.37436790142804,182.62650179233916
63,800,127.85373364594291,5.142049871484356,0.6300373180680366,184.91747265595995,0.9398363979791515,127.85373364594291,184.91747265595995
63,700,142.89901418859867,4.5005164905343955,0.6299868290491243,187.65709625904108,1.135777345023121,142.89901418859867,187.65709625904108
63,600,164.8510360472515,6.649354515992009,0.6304945173427692,191.83855303006973,0.46390657188098083,164.8510360472515,191.83855303006973
63,550,179.62156537414208,7.7023365953041285,0.62955642318483,200.2867790146372,4.307971996072962,179.62156537414208,200.2867790146372
63,450,213.92313251212508,7.442439088792365,0.6298766971805919,223.00150441923094,7.954793708382158,213.92313251212508,223.00150441923094
63,380,246.00481539035732,8.238714863190019,0.6297572047911513,249.27199244095365,7.2029529715110385,246.00481539035732,249.27199244095365
63,340,269.4312326352417,12.067237056262666,0.6297277087016925,265.85824072627787,7.6706017751493105,269.4312326352417,265.85824072627787
63,300,295.51329439136146,11.15412421261165,0.6298471341796561,282.15393601516286,5.876300769592061,295.51329439136146,282.15393601516286
63,260,345.3229783875243,13.306662898888945,0.6299830745215622,316.5560012359245,11.326500370771624,345.3229783875243,316.5560012359245
63,220,361.5406758539302,11.77798304275032,0.6298286827139601,333.12496515651475,10.122047438003017,361.5406758539302,333.12496515651475
63,200,376.6695707406993,9.484693935095263,0.6297316032451015,357.7993172649968,18.693062234810412,376.6695707406993,357.7993172649968
63,180,393.7628148775695,3.1342941808610703,0.6300225237752998,424.605832257003,25.996426461234122,393.7628148775695,424.605832257003
63,160,397.3447362744089,0.8156003888721546,0.6302878358514846,454.22743874949236,19.651302013117334,397.3447362744089,454.22743874949236
63,140,395.9506806675463,1.5003069481578697,0.6304325395474837,474.3291499206475,11.83819931118137,395.9506806675463,474.3291499206475
63,120,395.90002774223376,2.096052437134029,0.6305910124804478,486.1024798495819,10.502472400688244,395.90002774223376,486.1024798495819
63,100,397.3403753111303,1.2977647174263085,0.6302645559109158,502.93466397808305,0.3033770358980452,397.3403753111303,502.93466397808305
63,90,396.31453819469897,0.8594784240425468,0.6274325288392032,502.51498556909036,0.6854895329895836,396.31453819469897,502.51498556909036
63,80,396.8518646780878,1.6444299424672928,0.6274112294551062,506.71561601677223,5.398878207191574,396.8518646780878,506.71561601677223
63,70,397.4103633624456,0.7563430274684734,0.6276497030428424,507.3538463122277,1.5804234562579624,397.4103633624456,507.3538463122277
63,65,395.8690090727593,0.9411856061508209,0.6276174717469957,510.16871796061974,0.5767476061351966,395.8690090727593,510.16871796061974
63,60,397.16236080720415,1.2058854399987882,0.6279431015395898,511.8380037273777,0.9374218257226921,397.16236080720415,511.8380037273777
63,55,396.49092308339294,0.8549381701644042,0.6278909567516648,507.9446861897688,0.36267955909795546,396.49092308339294,507.9446861897688
63,50,395.6887713740548,1.8216100357931928,0.6279848652764228,510.6957637183634,3.4441463263430068,395.6887713740548,510.6957637183634
63,45,397.3466910903359,1.8708361650663485,0.6279717559911676,509.8345193595071,0.8141358356548141,397.3466910903359,509.8345193595071
63,40,394.7322067556119,1.5328237806700906,0.6283280625504574,513.1835262728097,2.4072675997547472,394.7322067556119,513.1835262728097
63,35,396.88643636415696,1.8665655115509332,0.6285108747918265,519.3832572964699,3.336060905737304,396.88643636415696,519.3832572964699
63,30,398.3393991432029,0.7265357957543945,0.6284267489094071,519.929259973221,3.007110869789472,398.3393991432029,519.929259973221
63,25,396.47587351707324,1.5544315844475969,0.6286617963877581,519.046217722086,1.855501649936894,396.47587351707324,519.046217722086
63,20,396.34016024492934,1.9719088274341938,0.6280603129223373,518.5262472597778,1.140462084242632,396.34016024492934,518.5262472597778
63,15,394.173072322043,1.5526506181806146,0.6284676135654621,527.3667390706181,0.9585548729712909,394.173072322043,527.3667390706181
63,10,394.278866446296,1.559087106350126,0.6285985581847222,533.9048745573418,0.9066496223636502,394.278866446296,533.9048745573418
63,5,395.61801774203195,0.6113101335266604,0.6286267333891988,540.6235605111955,0.8801040680735667,395.61801774203195,540.6235605111955
63,0,395.61268769431416,1.434805822301944,0.6312917796541774,541.4900640569062,5.604046320226861,395.61268769431416,541.4900640569062
64,200000,0.6690713318615323,0.038993207582972506,0.6405375645075067,178.23960814887437,0.019442756027055565,0.6690713318615323,178.23960814887437
64,100000,1.2701732078097256,0.035393633620654494,0.6399296348029117,178.6158188708597,0.3471145545960336,1.2701732078097256,178.6158188708597
64,40000,2.956629932056785,0.15172298569499598,0.6392302366313544,178.52695311954713,0.24926192106704126,2.956629932056785,178.52695311954713
64,5000,21.367658775564305,0.4601494178438402,0.6396155477105351,176.87961156211543,0.2930442133017519,21.367658775564305,176.87961156211543
64,3000,35.94662316789229,1.5073141804883106,0.6409287149198455,176.15822223498637,0.16664586298891518,35.94662316789229,176.15822223498637
64,2000,54.18488519524666,0.2962944745744508,0.6426667944730613,176.2262392877443,0.1688404308988875,54.18488519524666,176.2262392877443
64,1500,72.33565259865422,1.3547229474725089,0.6428692910063628,177.5745383138939,0.26243168494287666,72.33565259865422,177.5745383138939
64,1000,104.648459628934,1.151804860569845,0.6427394627024513,181.24747996131768,0.45238869823603445,104.648459628934,181.24747996131768
64,900,115.8020551841772,1.1186356743218473,0.6425829699062681,182.5796920356964,0.19689268546459673,115.8020551841772,182.5796920356964
64,800,126.87207743032883,1.4489432575226147,0.6426347849808284,184.55312078599195,0.4759958462969776,126.87207743032883,184.55312078599195
64,700,146.4984353950722,0.5818618252527452,0.6426911198193852,188.11650974921056,0.32924947032691615,146.4984353950722,188.11650974921056
64,600,167.1201305814002,0.8015308957190296,0.6424941780956036,194.0035320829344,0.21595170218300871,167.1201305814002,194.0035320829344
64,550,180.714137749201,0.21357809473800055,0.6424861803901438,199.07800916602378,0.6257751314927821,180.714137749201,199.07800916602378
64,450,212.14774288734768,0.9327213629061042,0.6423557920899013,220.97023028372612,2.2600833478463476,212.14774288734768,220.97023028372612
64,380,243.42172971907902,0.9994242152767925,0.6424479117298804,245.48934006846116,0.3901676636065682,243.42172971907902,245.48934006846116
64,340,266.403348875924,1.9285927633730084,0.6424486834831059,261.20059621105105,0.7822774826320968,266.403348875924,261.20059621105105
64,300,283.7739588084933,1.7250832270738694,0.6415492312196416,277.8157181707016,0.9478410378010743,283.7739588084933,277.8157181707016
64,260,334.73811394831415,1.4826473369537096,0.6414913780318486,312.55784393596076,2.68079227378343,334.73811394831415,312.55784393596076
64,220,355.0497537738955,4.569167519421639,0.641801757845467,321.545146221786,3.70645912954286,355.0497537738955,321.545146221786
64,200,370.930237423057,2.825919757472267,0.6416636271489361,342.0622317865622,2.8184953886402404,370.930237423057,342.0622317865622
64,180,394.9353760669926,1.57206104107583,0.6417387709645811,395.80063995483687,1.6817260994284944,394.9353760669926,395.80063995483687
64,160,397.0681864005119,3.7417577399435635,0.6417701651741728,432.9140779539933,3.9471456415874857,397.0681864005119,432.9140779539933
64,140,398.9203247325285,1.8989419206760694,0.6418697485320218,453.7433519503226,0.5523905674802647,398.9203247325285,453.7433519503226
64,120,396.6085072068374,2.444982402804915,0.6418593628180921,470.1891392101736,1.2131516974409464,396.6085072068374,470.1891392101736
64,100,397.53307972649475,2.4128226637326735,0.6401398623531709,487.7059242270507,4.679333501175558,397.53307972649475,487.7059242270507
64,90,397.91082308740414,2.459029403387333,0.6385471433198527,489.56312738586536,1.8978375164417798,397.91082308740414,489.56312738586536
64,80,398.9582741487573,1.6587213375690222,0.6384807686796333,493.2646417857599,4.349251005613418,398.9582741487573,493.2646417857599
64,70,397.65704456945264,1.4654291884761312,0.6386248165410188,495.50519211734604,2.7546305990776907,397.65704456945264,495.50519211734604
64,65,397.4674482660384,2.2888469179999267,0.6386347908373229,497.2786966229094,2.871414542359262,397.4674482660384,497.2786966229094
64,60,398.56715545055425,1.8668985243266416,0.6387404692229097,498.02131813730983,3.1018777442920844,398.56715545055425,498.02131813730983
64,55,399.03757510372196,1.1116632618427085,0.6386821216187986,497.9757121308178,3.5221688459882357,399.03757510372196,497.9757121308178
64,50,397.25820841894756,3.3527182302245717,0.638697005264133,500.52557136623926,3.100146002982497,397.25820841894756,500.52557136623926
64,45,397.6627375754685,2.4129021099699095,0.6386969537346554,502.45822544184534,2.195252468493499,397.6627375754685,502.45822544184534
64,40,397.65546021313656,1.1863723419328154,0.6388770603382957,506.958179118655,3.7979422412986636,397.65546021313656,506.958179118655
64,35,396.4939966075097,1.7778502850900186,0.6388920435432791,512.2065670179438,4.283512962652184,396.4939966075097,512.2065670179438
64,30,398.0289287470091,2.235337223039528,0.6388038744339707,513.3517490308424,1.951438930663256,398.0289287470091,513.3517490308424
64,25,396.61859472940887,3.225466116556289,0.6388677492703377,516.3526603893729,4.978903883973149,396.61859472940887,516.3526603893729
64,20,397.44390836559137,2.108730995282227,0.638873553463687,516.2626874298971,2.4381176039481534,397.44390836559137,516.2626874298971
64,15,397.1702241913741,2.179942474118232,0.638802001234934,518.6107709263705,2.2483617630472206,397.1702241913741,518.6107709263705
64,10,397.57191849053646,1.8287738038317949,0.6386925563680003,524.1631009693484,2.686766106202573,397.57191849053646,524.1631009693484
64,5,397.9296702169922,2.282817302898429,0.6389288974896772,530.1870679236004,3.6283507963327737,397.9296702169922,530.1870679236004
64,0,398.4376058778914,2.2324717203023035,0.6418849352176292,531.921850278549,4.171618786491786,398.4376058778914,531.921850278549
65,400000,0.3292276661364315,0.012399842966431214,0.6507726387046132,178.38242984946856,0.17879325137237156,0.3292276661364315,178.38242984946856
65,200000,0.6278643820246982,0.0286873814052139,0.6478359343719683,178.32778988927546,0.24867824703913177,0.6278643820246982,178.32778988927546
65,40000,2.7503423997683165,0.01637680122405876,0.6531287794973025,178.57328583033663,0.07778628996613263,2.7503423997683165,178.57328583033663
65,5000,21.116796362185667,0.09865709977196956,0.6514349114100323,177.38226461790916,1.391626556696275,21.116796362185667,177.38226461790916
65,3000,34.005476867234854,0.8693568887203265,0.6508858987414351,176.50305217477776,0.3364005843605752,34.005476867234854,176.50305217477776
65,2000,50.24382035864929,0.8809144432645309,0.6508042416666248,176.53107724334245,0.08224418475558709,50.24382035864929,176.53107724334245
65,1500,67.83007536534559,0.7402176381630706,0.6505587191066861,177.28171361828436,0.16904207043321884,67.83007536534559,177.28171361828436
65,1000,98.68348437252307,1.2328393800526276,0.6505046383350792,180.22541563971285,0.06433980431336983,98.68348437252307,180.22541563971285
65,900,106.92671388876306,1.8925089862347848,0.6504656552133179,181.26394506250662,0.2865270356923591,106.92671388876306,181.26394506250662
65,800,120.2139619171158,1.3916234438988848,0.6503233417406372,183.2005139673331,0.07477888013418123,120.2139619171158,183.2005139673331
65,700,137.3400721631714,2.6703861572489966,0.6502827590769967,186.12830839556887,0.4761609600603708,137.3400721631714,186.12830839556887
65,600,155.8273984339763,1.5425417345557173,0.6503100499016202,190.2288892236444,0.3613940194903221,155.8273984339763,190.2288892236444
65,550,167.96373615535995,1.1174367745940068,0.6502329835564024,194.2909025617589,1.1696523069774094,167.96373615535995,194.2909025617589
65,450,200.37033070695975,0.8331460610567601,0.6501130069084432,210.1305876821273,1.0449041267860881,200.37033070695975,210.1305876821273
65,380,228.27737600273827,1.1565619438214336,0.6498104551668934,233.05132952307756,0.7425315450948236,228.27737600273827,233.05132952307756
65,340,252.06653414320056,1.24543788787313,0.6498073028654185,252.35316134908558,4.348149622481111,252.06653414320056,252.35316134908558
65,300,275.17650452125235,1.2535351351469861,0.6497448337566418,268.13781240725126,1.738419849446705,275.17650452125235,268.13781240725126
65,260,325.66927061351885,1.8978226607248425,0.6496933690831546,298.1294300628202,0.8763622517852108,325.66927061351885,298.1294300628202
65,220,338.6504648451806,1.9481305051335762,0.649743980907655,310.4047856635645,4.598497698965667,338.6504648451806,310.4047856635645
65,200,357.0219868064184,2.247410827079541,0.6497075069248188,324.5555650165239,3.595506579006222,357.0219868064184,324.5555650165239
65,180,390.00553118763264,0.3879039150916328,0.6494983704023034,368.69328140928957,1.9826395581221767,390.00553118763264,368.69328140928957
65,160,396.9002240019848,0.5333224943593348,0.6496721023588848,399.3111885457509,1.6400274869194054,396.9002240019848,399.3111885457509
65,140,397.6207590484689,0.9257615864531945,0.649463886572576,436.129416936875,4.081999205951151,397.6207590484689,436.129416936875
65,120,398.4669649883113,1.4559735206306874,0.6494796293115589,453.3444089837175,4.833101490754754,398.4669649883113,453.3444089837175
65,100,398.9018972689239,1.5961938634120671,0.6490626857796437,470.3174031297205,1.539619075430444,398.9018972689239,470.3174031297205
65,90,398.80930438154047,1.4735854158505488,0.6489030034911988,476.3506706919896,0.7041541513417388,398.80930438154047,476.3506706919896
65,80,399.239969935732,1.0030398099685585,0.6489474364208702,483.18052849165946,4.328106566697199,399.239969935732,483.18052849165946
65,70,396.59120904542357,2.139561870552237,0.6487714251768507,487.5733934100096,3.8554275950954753,396.59120904542357,487.5733934100096
65,65,399.9005909968245,1.6591421380288962,0.6487004085697256,489.5687524880527,1.823265150068786,399.9005909968245,489.5687524880527
65,60,398.46691704364474,2.170242289189659,0.648707141111645,493.09418513272993,3.0840679145423615,398.46691704364474,493.09418513272993
65,55,400.8861741202734,0.7794626528513717,0.6487311374467417,491.9069014334445,0.27205953884170014,400.8861741202734,491.9069014334445
65,50,400.46770595956303,1.409070436508564,0.6486453134734177,489.59359733262187,2.156508135967787,400.46770595956303,489.59359733262187
65,45,398.7441880767806,1.2852308724145245,0.648537794653841,493.2181569078766,1.0773341198300357,398.7441880767806,493.2181569078766
65,40,398.0930783979681,4.011744571899225,0.648610216756823,499.71368544908256,1.9968039146262087,398.0930783979681,499.71368544908256
65,35,400.958263089982,0.3859400018167793,0.6485685505980802,503.4128569656329,1.0377018187899116,400.958263089982,503.4128569656329
65,30,400.4877328121338,1.89808440670894,0.64849133283961,512.1673235524535,9.998185189231673,400.4877328121338,512.1673235524535
65,25,399.54401874744394,0.42655418514065574,0.6485339689423426,514.2208799234332,9.0754720615512,399.54401874744394,514.2208799234332
65,20,398.426845190643,1.5728853639916016,0.6501403551494446,506.51418841133176,1.8447841007807748,398.426845190643,506.51418841133176
65,15,398.14638060509355,0.4474565989259253,0.6485432750606387,511.810344269945,1.1591724323390902,398.14638060509355,511.810344269945
65,10,399.8931078161283,0.6448682955693225,0.6487476945971534,520.4208540421554,3.3718220794842675,399.8931078161283,520.4208540421554
65,5,400.23468820659326,2.1567306294725603,0.6489929001919776,524.2153633261711,4.042677111646579,400.23468820659326,524.2153633261711
65,0,399.87395402970463,1.8145601744428375,0.6491933516916462,529.4909769176201,1.8502779470696444,399.87395402970463,529.4909769176201
66,400000,0.32432468941164383,0.009816537687221738,0.6600685981970251,178.65351459135982,0.22952466643217823,0.32432468941164383,178.65351459135982
66,200000,0.6429210272430843,0.020759546062874223,0.6621753752995072,178.09621460448173,0.11992516083525603,0.6429210272430843,178.09621460448173
66,100000,1.2556105892987595,0.03700115676477806,0.6584729897634011,178.85898823079881,0.20810204571439297,1.2556105892987595,178.85898823079881
66,40000,2.9351836390725716,0.038931265290582315,0.6574228508599581,178.55342830929544,0.04581551027135075,2.9351836390725716,178.55342830929544
66,5000,21.86867946048987,0.772699181700846,0.6596179542529882,176.78491824340315,0.1827199829834372,21.86867946048987,176.78491824340315
66,3000,36.356271747963234,0.4978540249132645,0.659626117174907,176.2687460191793,0.09489272169039958,36.356271747963234,176.2687460191793
66,2000,53.894316848974974,0.5455749635831544,0.6591807938894662,176.67648678976988,0.17956250974801521,53.894316848974974,176.67648678976988
66,1500,70.71191911738066,1.1075041425641328,0.659318271279986,177.83719343005316,0.3645209589867225,70.71191911738066,177.83719343005316
66,1000,102.39377841735336,0.7417268950514481,0.6591268829737595,180.74939033162772,0.13514056267486965,102.39377841735336,180.74939033162772
66,900,112.54065105926202,2.0845611150877437,0.6591293722623631,181.99055523717948,0.4264062446046381,112.54065105926202,181.99055523717948
66,800,126.60748347412209,1.6735068841837004,0.659053808399701,184.45573248990658,0.25661015266688597,126.60748347412209,184.45573248990658
66,700,141.42686238822714,3.4304380516662523,0.6589433952423931,187.67451309278044,0.47733152992321437,141.42686238822714,187.67451309278044
66,600,164.1568991338173,1.9375679332553473,0.6589329977215622,192.7175270800351,0.821999327426438,164.1568991338173,192.7175270800351
66,550,177.44865203798153,1.51326464836428,0.658706823461956,197.98919208368082,0.6645107325284396,177.44865203798153,197.98919208368082
66,450,210.0354849968686,0.7383947395829578,0.6583826594319894,217.4843928064307,1.1148122953941944,210.0354849968686,217.4843928064307
66,380,239.90793530435545,1.4614059235582713,0.6580294347067944,241.84680790413188,1.5800709437210145,239.90793530435545,241.84680790413188
66,340,262.19569747673,1.279031240532819,0.6580814008661963,256.7070808534652,0.5729753100818332,262.19569747673,256.7070808534652
66,300,283.0167663917358,1.2622352741637044,0.6577484338497642,270.5787649105029,0.4449430541069979,283.0167663917358,270.5787649105029
66,260,338.6038500711249,2.955699497187859,0.6576469809698325,304.9934396274522,2.2626821793665313,338.6038500711249,304.9934396274522
66,220,352.58137699948406,0.799531955996186,0.6577411257889086,314.4734960189905,0.8270969448715679,352.58137699948406,314.4734960189905
66,200,371.5967294026754,0.5065523650068691,0.6576562832369922,332.45442098116536,1.7037839638270427,371.5967294026754,332.45442098116536
66,180,396.09904905839016,0.2696599497896616,0.6571694616743193,384.21716637329337,1.6769742455831729,396.09904905839016,384.21716637329337
66,160,398.8212750452038,1.958052012253385,0.6575222754999334,422.5353700316559,1.883820402035791,398.8212750452038,422.5353700316559
66,140,401.26269126388326,0.31599659080506165,0.6569355975555425,448.430795106103,3.9155922916729082,401.26269126388326,448.430795106103
66,120,398.1155200635913,2.0499868661290392,0.6610022255376521,441.1089354778713,24.734021296640236,398.1155200635913,441.1089354778713
66,100,401.4250184236255,1.115877419089415,0.6605061685136441,460.99903911278125,16.85175151059533,401.4250184236255,460.99903911278125
66,90,401.8725112064474,2.090748995609002,0.6601394187078763,463.2343849800613,17.153085899045173,401.8725112064474,463.2343849800613
66,80,401.4061706697589,0.685511444715969,0.6597988769623163,471.10153020965873,15.187121097827045,401.4061706697589,471.10153020965873
66,70,401.9592383886074,1.4431796674928428,0.6596253556448968,474.24203789092195,12.971034950110646,401.9592383886074,474.24203789092195
66,65,401.5620431721818,3.092899852789822,0.6595897711547906,474.847148003275,11.26230427312106,401.5620431721818,474.847148003275
66,60,402.67794052111776,1.0260904123545083,0.6595085549990775,477.36029064324316,12.392073650873867,402.67794052111776,477.36029064324316
66,55,402.22679467359467,1.2382224627129665,0.6595561871108946,478.7032696266051,10.36514004959059,402.22679467359467,478.7032696266051
66,50,401.86022589823136,1.2174414124459159,0.6592810613453383,480.9971411990354,9.585834564300269,401.86022589823136,480.9971411990354
66,45,402.4647401256115,1.0195679676429377,0.6592435758402222,482.2517984982662,9.254857656582987,402.4647401256115,482.2517984982662
66,40,402.1156509128701,2.013360845058027,0.6590282849014432,486.8627795483092,7.240571649624971,402.1156509128701,486.8627795483092
66,35,401.79335818734734,0.9990028003785939,0.6590479265173993,493.3311467327717,5.289657342001964,401.79335818734734,493.3311467327717
66,30,401.4471960195704,1.5668053407139588,0.6589984204983294,496.76804225257706,5.887227576562197,401.4471960195704,496.76804225257706
66,25,401.29926085642836,1.5335190632919626,0.6590226477284727,495.3172586127019,5.431371458120082,401.29926085642836,495.3172586127019
66,20,401.3058106831019,2.623458716651151,0.6596683399263026,496.0614173963841,3.6201162781736818,401.3058106831019,496.0614173963841
66,15,402.61417224555413,0.436534018305876,0.6589791636161092,503.11373307094567,3.728985917700307,402.61417224555413,503.11373307094567
66,10,400.1127430301129,1.8508744381093252,0.6591489932815535,507.6942755923554,3.8870762913757924,400.1127430301129,507.6942755923554
66,5,401.043509217495,2.7985284031894317,0.6591223063186327,518.009551043706,5.379489355585674,401.043509217495,518.009551043706
66,0,403.25200021330784,1.8145813688900285,0.6601827398046941,521.3406687869068,5.686620778715149,403.25200021330784,521.3406687869068
67,400000,0.32796055191784423,0.03699726753956106,0.671169765258916,178.6051270660649,0.0577588875764794,0.32796055191784423,178.6051270660649
67,200000,0.61511455169675,0.012693102395907938,0.6702522404552125,178.1473570283343,0.2227917168842143,0.61511455169675,178.1473570283343
67,100000,1.2004536359728983,0.07014568969002553,0.6715164556530375,178.5968644860369,0.19480878054099443,1.2004536359728983,178.5968644860369
67,40000,2.704830287290877,0.08209958538407014,0.6703943941793495,178.53318058683024,0.2077350966976912,2.704830287290877,178.53318058683024
67,5000,20.283250593644734,0.3774033936636962,0.6674613577144863,176.9371141307145,0.24826772304350722,20.283250593644734,176.9371141307145
67,3000,33.001565890258696,0.48725065693851755,0.667187123215801,176.1460085242263,0.21877541549993496,33.001565890258696,176.1460085242263
67,2000,48.975885363879144,0.22167191013210433,0.6671327674500599,176.42938151511268,0.07766718922678806,48.975885363879144,176.42938151511268
67,1500,64.77493187399703,0.23494678728014076,0.6672481562170628,176.84633899010808,0.008945533731510583,64.77493187399703,176.84633899010808
67,1000,95.84706098749284,0.9777810241233386,0.6670691998825499,179.80833654777936,0.043829462342845814,95.84706098749284,179.80833654777936
67,900,101.47609253068312,3.3012917030781135,0.6672454460798161,181.1832112005633,0.32217720518000315,101.47609253068312,181.1832112005633
67,800,115.1202672588816,1.3021021210753307,0.6670690725171001,182.5855261513433,0.04019907093243229,115.1202672588816,182.5855261513433
67,700,130.94056275727368,1.2287792543037577,0.6670558286016232,185.37677901481518,0.23619829194591702,130.94056275727368,185.37677901481518
67,600,149.5723265361222,0.9961045620732502,0.6670359080928664,189.5253464204718,0.3475159006874814,149.5723265361222,189.5253464204718
67,550,160.5341144826946,0.46401284216272515,0.6670208149589465,192.48995786982573,0.07847212883839676,160.5341144826946,192.48995786982573
67,450,191.61818320094594,1.5909945664852652,0.6667115099278681,206.41055372249033,0.9813854672222015,191.61818320094594,206.41055372249033
67,380,219.74353958078373,0.7420010677977679,0.6668032818309885,227.11604732576916,0.26047456903196897,219.74353958078373,227.11604732576916
67,340,240.13624187189933,1.4446102433026426,0.6667337474778311,243.40195079728895,2.016106974330462,240.13624187189933,243.40195079728895
67,300,261.66068729501814,1.3234174520053923,0.6665680831843163,257.55063337263795,1.5454661774762413,261.66068729501814,257.55063337263795
67,260,305.7305667045786,1.961533365960872,0.6665903183900149,285.77389309980896,3.078799839966626,305.7305667045786,285.77389309980896
67,220,327.75855040389496,1.638339656022282,0.6664868178639246,295.9611964217006,0.8780956979658644,327.75855040389496,295.9611964217006
67,200,343.46670626169663,1.319111231603402,0.6663170055434144,306.96881782493057,0.6336667997840121,343.46670626169663,306.96881782493057
67,180,371.88047170978194,1.6700967407298974,0.6660690967955126,334.0879880987978,4.001406787290736,371.88047170978194,334.0879880987978
67,160,388.9628047142519,3.146111012441227,0.6657919962416677,359.7577693644694,3.263589095084457,388.9628047142519,359.7577693644694
67,140,396.676009533368,0.8783187918070477,0.6654542414744663,384.1271615913643,4.909030957294327,396.676009533368,384.1271615913643
67,80,404.88716393090004,1.1906193501342586,0.6747226480620929,465.0313374911022,4.705349086106927,404.88716393090004,465.0313374911022
67,70,404.70439958640117,1.4325924827060124,0.674539630906844,467.2507750982442,2.3324676431522313,404.70439958640117,467.2507750982442
67,65,405.717889378508,1.162309244225464,0.6744944430013389,468.924553791016,2.1579504116177737,405.717889378508,468.924553791016
67,60,404.6359666380072,1.688727469960393,0.6744993866822244,469.2872937882944,5.3581217536484615,404.6359666380072,469.2872937882944
67,55,404.7134029670155,1.3484959899739202,0.6742821667610244,474.719234998151,2.8350753433022096,404.7134029670155,474.719234998151
67,50,404.92313557080746,1.217711318135759,0.6739868999248989,472.97221955112894,3.4858022495823873,404.92313557080746,472.97221955112894
67,45,402.4420639336983,1.7084217059659843,0.6738718698970078,472.3703963871347,1.0672634528865792,402.4420639336983,472.3703963871347
67,40,404.093599890354,0.5903669894410573,0.6737986393939056,477.9001640169031,1.8906178520759782,404.093599890354,477.9001640169031
67,35,404.3682001379154,1.2263716762455519,0.6735864457558621,487.07895918452544,5.032073398467212,404.3682001379154,487.07895918452544
67,30,405.16670511948956,1.6156446989501068,0.6735920555381466,490.96837343498396,6.229544348237411,405.16670511948956,490.96837343498396
67,25,403.37211377438206,2.4626060397784695,0.6735902329948299,485.48914959275993,0.509855480251905,403.37211377438206,485.48914959275993
67,20,387.15640957203965,20.556883204226914,0.6734796372596351,486.1028580224681,2.849198790711938,387.15640957203965,486.1028580224681
67,15,404.7556405440304,0.6557252200002873,0.6733552686043396,493.27041814372524,0.7850508458062027,404.7556405440304,493.27041814372524
67,10,402.68331719176695,1.565980868516507,0.673426970214417,495.97814157226185,2.7434161753216317,402.68331719176695,495.97814157226185
67,5,405.0885714392187,1.8007618716510967,0.6727143944744656,511.9658879623433,1.3879370195744631,405.0885714392187,511.9658879623433
67,0,404.86557846899376,1.352525934558541,0.6739743804448617,508.00094350646265,2.759268867844803,404.86557846899376,508.00094350646265
68,100000,1.2435315469278696,,0.6761903574194006,178.5929333857338,0.21847195080096576,1.2435315469278696,178.5929333857338
68,40000,2.810019651268896,0.07966023891987219,0.6788166173132901,178.61810820914187,0.24808088750779167,2.810019651268896,178.61810820914187
68,5000,21.01980410107588,0.34057542139359587,0.6773057321654273,176.63271644273559,0.1255993523326879,21.01980410107588,176.63271644273559
68,3000,33.94860243005659,0.4700451448855093,0.6771368827943105,176.37332296004482,0.31105241817924134,33.94860243005659,176.37332296004482
68,2000,52.13126214476035,0.20683305804304575,0.6768496474692082,176.52525632149988,0.3630667113222829,52.13126214476035,176.52525632149988
68,1500,67.49171805789084,2.092194663768748,0.6768510429305662,177.6104518534531,0.15511289845100457,67.49171805789084,177.6104518534531
68,1000,98.25903967259626,2.0288766265624876,0.6767638705468172,180.2878071312392,0.2052764495586106,98.25903967259626,180.2878071312392
68,900,108.95668714787367,0.6663890201891703,0.6766290492808507,181.57246494868528,0.14445753414515072,108.95668714787367,181.57246494868528
68,800,119.7049232996755,1.2946478940569717,0.6766937511260135,183.30541429815585,0.1655323667500382,119.7049232996755,183.30541429815585
68,700,136.37071888738626,1.441906433672953,0.6765682743122531,186.39742166379656,0.1922416197993778,136.37071888738626,186.39742166379656
68,600,156.51837100616444,1.8116702315558815,0.6766744717019973,190.85093889580125,0.6203252680479979,156.51837100616444,190.85093889580125
68,550,168.69001324247145,0.8421348438972305,0.6765185522421348,194.21262547796087,0.649471637620008,168.69001324247145,194.21262547796087
68,450,199.5415573412112,0.7310335049474098,0.6760382140720692,209.2770091523689,0.44727494550441904,199.5415573412112,209.2770091523689
68,380,228.3247446737133,1.2080873371350311,0.6758976111288626,230.84268948881746,1.0210860306539107,228.3247446737133,230.84268948881746
68,340,248.90814381934516,1.4810873048284063,0.6758333825835874,245.34262161379354,0.9469177911644582,248.90814381934516,245.34262161379354
68,300,270.6901038739025,0.49872429317147743,0.6759659830476273,262.6747710954187,3.361706532899186,270.6901038739025,262.6747710954187
68,260,323.0790966264655,2.136616360552443,0.6762217840839743,291.64270364420486,1.6933416917369974,323.0790966264655,291.64270364420486
68,220,336.9153346551974,1.9232278895570327,0.6760395622849854,297.7100089632886,1.0111985666354635,336.9153346551974,297.7100089632886
68,200,355.39788877272525,1.3433044827203284,0.6760468791267144,312.28690358234536,1.0844314482824353,355.39788877272525,312.28690358234536
68,180,387.3701143469795,3.0498806397909277,0.676015209721082,349.06062417182903,1.3782777517739515,387.3701143469795,349.06062417182903
68,160,398.7767340111864,2.0201683074227264,0.6759861926198866,379.1653473700212,0.7122098198901342,398.7767340111864,379.1653473700212
68,140,403.0963449771016,1.6148047236621756,0.6758843382276719,406.10470048241706,2.2739768413079577,403.0963449771016,406.10470048241706
68,120,404.10329617253336,2.1026901689261317,0.6758345437167163,433.84703911094243,0.615180564938291,404.10329617253336,433.84703911094243
68,100,404.05164661503494,1.7465282793499055,0.6754540326255333,449.8519783458496,1.82249909209219,404.05164661503494,449.8519783458496
68,90,403.22989459940777,5.188057380326031,0.6753703759723677,459.1343670075453,1.664499658868836,403.22989459940777,459.1343670075453
68,70,403.19424989004006,1.0589737494110236,0.6849132538396513,454.6746910698459,4.2881888871362115,403.19424989004006,454.6746910698459
68,65,399.8471449030166,4.765533208683071,0.6847721845608566,454.1454147138713,3.886080315246671,399.8471449030166,454.1454147138713
68,60,405.5407608652039,2.3258528095447377,0.6847302893579672,459.51491279529245,2.6499940966987574,405.5407608652039,459.51491279529245
68,55,405.2289312182506,1.2007853151425072,0.6846451101229952,459.475276600272,0.911030549796565,405.2289312182506,459.475276600272
68,50,404.16653035543305,2.7965148993610853,0.6847463581460911,463.64868682022535,3.577709056406723,404.16653035543305,463.64868682022535
68,45,404.5721378886881,1.5836374980592915,0.684848070402467,463.6823878367655,1.288800436198722,404.5721378886881,463.6823878367655
68,40,402.7374037653442,3.543011860634071,0.6849054226747915,465.6263116137573,1.378108124224223,402.7374037653442,465.6263116137573
68,35,405.7840240271705,0.9371612500971455,0.6847715975470903,475.95752760989416,1.4502071640508958,405.7840240271705,475.95752760989416
68,30,403.82973842782053,1.755802756837603,0.6846557710260855,476.8838419130664,1.4483829339091183,403.82973842782053,476.8838419130664
68,25,406.78270532207995,1.5691504078649563,0.6846266948454539,477.62970767713995,1.5413758781116902,406.78270532207995,477.62970767713995
68,20,405.37096512340105,2.2457549814391924,0.6845670149394198,479.12657925595755,1.5783152293608342,405.37096512340105,479.12657925595755
68,15,404.8048675583544,1.5498252626557305,0.6845372727614857,483.1059098132525,0.5915241784323798,404.8048675583544,483.1059098132525
68,10,405.07342376359844,1.3819960445932973,0.6843678170912438,487.1284501002212,1.03326828838582,405.07342376359844,487.1284501002212
68,5,407.3533628196351,1.2041543890295954,0.6834879218510772,497.18744730931286,0.8573902170460984,407.3533628196351,497.18744730931286
68,0,405.442658170214,2.033192986180679,0.6845080547976624,497.9130544035243,1.5999941093448402,405.442658170214,497.9130544035243
69,400000,0.30598911050602406,0.011005043003613706,0.69182079335244,178.6030087894694,0.10820972895111645,0.30598911050602406,178.6030087894694
69,200000,0.6131226246643418,0.01295443812067739,0.6908948776219951,178.19799728893034,0.13070948737053484,0.6131226246643418,178.19799728893034
69,100000,1.1758057330784584,0.03748720124547461,0.6925399514984332,178.70441631056312,0.16632059691768158,1.1758057330784584,178.70441631056312
69,5000,19.250051666482054,0.7423358141638693,0.6870758279544286,176.75541875314923,0.2040560190151195,19.250051666482054,176.75541875314923
69,3000,32.28958978290392,0.21522445813524005,0.686328733222679,176.2488431516009,0.15454782441939105,32.28958978290392,176.2488431516009
69,2000,47.22726776539876,0.9170172724030154,0.6862960490350565,176.2281998991127,0.11454038997918453,47.22726776539876,176.2281998991127
69,1500,60.99266167538429,1.1265127303825895,0.6863174546992047,176.89782919565258,0.11770222240833901,60.99266167538429,176.89782919565258
69,1000,90.13124719938219,1.3549059747166439,0.6862250984487147,179.35285697042255,0.23224394139758298,90.13124719938219,179.35285697042255
69,900,100.89329182858847,0.5891584807469311,0.6861742889176788,180.53529740092128,0.27852421494367907,100.89329182858847,180.53529740092128
69,800,112.01630489911639,1.2803975343233167,0.6860775037602092,182.14591193416732,0.5667650284697795,112.01630489911639,182.14591193416732
69,700,127.1305688468377,3.6737698655559674,0.6882172687098509,184.65827413285558,0.45524702065269324,127.1305688468377,184.65827413285558
69,600,145.26234728406192,2.537877228435934,0.6860986866702286,187.64107773515994,0.6133810947321996,145.26234728406192,187.64107773515994
69,550,156.36437796146552,0.6508884881573775,0.6858443090582945,190.66728581469704,0.43083499427215743,156.36437796146552,190.66728581469704
69,450,185.40490867831366,2.4939526856173297,0.6858197373302003,201.27362100161267,1.0883657259385155,185.40490867831366,201.27362100161267
69,380,214.47104082093384,1.6079232310419243,0.6858451464366854,221.16089340952286,1.6961912520308056,214.47104082093384,221.16089340952286
69,340,231.76890863580715,1.0725927235059332,0.6855778434108863,233.42635774004466,0.43112135520197775,231.76890863580715,233.42635774004466
69,300,253.9528514100257,1.3942851024072216,0.6855690654024068,248.8697479878814,0.7396210048559451,253.9528514100257,248.8697479878814
69,260,304.00330311345436,3.3070576902662356,0.6862626226903993,278.42639256501485,1.3052816266784084,304.00330311345436,278.42639256501485
69,220,312.8116360187841,0.10920407261956967,0.6856212475811096,286.13122096290607,0.9436691162952233,312.8116360187841,286.13122096290607
69,200,332.3779350008827,1.5765910153678218,0.6857369884949825,295.7140147451087,1.4961002826652305,332.3779350008827,295.7140147451087
69,180,369.6620783192688,1.0333962282091822,0.6858004981182253,322.7452865698028,1.2325364446541014,369.6620783192688,322.7452865698028
69,160,389.68876816316333,0.3956218758429769,0.6860112878912208,344.8066478407293,0.6912341832996438,389.68876816316333,344.8066478407293
69,140,402.355127040691,0.6787327580487515,0.6861349423027786,380.01034168299583,5.595542256150558,402.355127040691,380.01034168299583
69,120,403.9041182713125,1.3008645482791672,0.6857489466999298,401.90752714158316,1.5254391268074619,403.9041182713125,401.90752714158316
69,100,405.6235953330352,0.6755065424130545,0.6857073534829788,433.0822663644415,2.050085309069444,405.6235953330352,433.0822663644415
69,90,405.72711762793193,1.8196258560521619,0.6852636811879497,438.42433849283066,1.1972248960726648,405.72711762793193,438.42433849283066
69,80,404.05084601497043,0.9838218387571906,0.6853921248664819,448.29595256712554,0.380021191138942,404.05084601497043,448.29595256712554
70,400000,0.3102618508375565,0.013253818309293565,0.6998198877558454,178.49257669825752,0.1259652590383876,0.3102618508375565,178.49257669825752
70,200000,0.6023487464282773,0.0012668373147773516,0.7019095921058245,178.0483716782528,0.2770369377607036,0.6023487464282773,178.0483716782528
70,100000,1.1336944368042228,0.03069644945785143,0.6997306135253929,178.7955524547208,0.04031981980333858,1.1336944368042228,178.7955524547208
70,40000,2.827970047804048,,0.6953454941900766,179.11660908837268,0.2665129808337746,2.827970047804048,179.11660908837268
70,5000,20.26935324667699,0.3052524106467291,0.697130348394182,176.7024908376359,0.02426598644553217,20.26935324667699,176.7024908376359
70,3000,33.13914742969124,0.4249657429076341,0.6966934441144356,176.18725000418252,0.015801064066133262,33.13914742969124,176.18725000418252
70,2000,49.80140997729038,1.20245052317728,0.6963887528323421,176.33324487093498,0.05312341155433849,49.80140997729038,176.33324487093498
70,1500,64.4095372983048,1.33003846467885,0.6965220510736666,177.12060872464508,0.24230900540614755,64.4095372983048,177.12060872464508
70,1000,94.88515485654233,2.4645730252830313,0.6963250767424752,179.64294408732383,0.3270427646790314,94.88515485654233,179.64294408732383
70,900,102.65977374945933,2.235054415468148,0.6981097260409233,180.60469807957577,0.07865400508383925,102.65977374945933,180.60469807957577
70,800,116.3918351130705,1.0124882614531991,0.6961312226089706,182.49142660323994,0.2046797748103427,116.3918351130705,182.49142660323994
70,600,150.56670020431162,0.44460479749055226,0.6959545962772106,188.7638580847189,0.10631828916011626,150.56670020431162,188.7638580847189
70,550,160.2217822521268,1.1805002729193967,0.6958816861406167,191.14402997703633,0.6676231541940018,160.2217822521268,191.14402997703633
70,450,188.75774689473727,3.637597081007707,0.6957874586125204,203.02645751218793,1.8186746171685066,188.75774689473727,203.02645751218793
70,380,216.1348284658043,1.7030817139464018,0.695725742357574,220.9036895440522,1.0801646874409958,216.1348284658043,220.9036895440522
70,340,238.72575636121587,1.8827209907631115,0.6956986796163376,237.37742401330772,2.421162566128552,238.72575636121587,237.37742401330772
70,300,259.40501708754726,2.973608261552617,0.6955509233598911,250.93583123683467,1.1593553969137322,259.40501708754726,250.93583123683467
70,260,307.92261303548884,5.009477681125266,0.6960881647771737,278.09713315688305,2.422040536148891,307.92261303548884,278.09713315688305
70,220,319.06192963488235,3.0824270538821223,0.6959897614609779,283.8262435432883,0.3588268389654557,319.06192963488235,283.8262435432883
70,200,339.6980303113309,1.807140099195571,0.6965048677033181,295.0208690393051,0.4743462071418697,339.6980303113309,295.0208690393051
70,180,373.57673004108455,6.987364449139421,0.6962198093784872,322.638139226161,2.2981018889772864,373.57673004108455,322.638139226161
70,160,391.8375167738939,4.60353436715976,0.6961192388096288,345.2720408699511,5.5219354835321095,391.8375167738939,345.2720408699511
70,140,397.9427302252616,2.4812676290698215,0.6962249059860576,369.41738889062066,0.8874720499549781,397.9427302252616,369.41738889062066
70,120,403.96676613324917,0.6976174912990633,0.696251372987916,395.241561647021,4.258787704618241,403.96676613324917,395.241561647021
70,100,406.6870529790604,0.7077195881473086,0.6961762594630748,425.5255014300877,1.8515650926634226,406.6870529790604,425.5255014300877
70,90,407.2093155265793,1.3650027923638008,0.6963035534071449,437.5456700670756,1.1312310842574687,407.2093155265793,437.5456700670756
70,80,404.5895925726457,0.6359980158451056,0.6963765803953548,439.84225534921234,3.7050522924320344,404.5895925726457,439.84225534921234
70,70,406.8972542423335,0.8541986343726707,0.6969663907764695,443.4409583436079,0.1885729740465767,406.8972542423335,443.4409583436079
70,65,407.6359869359823,1.397456641693824,0.6970313693402052,446.02928262836184,1.5937979734489838,407.6359869359823,446.02928262836184
70,60,408.7192488443947,1.0440464976219581,0.6969213353432991,451.4374403068835,3.869527373644133,408.7192488443947,451.4374403068835
70,55,407.557259633251,1.6779842985593219,0.6969783582848881,450.9562624721695,0.8801454422240251,407.557259633251,450.9562624721695
70,50,406.1682572752282,2.4199397087130485,0.6968095544307745,450.5261211582083,2.298168246322005,406.1682572752282,450.5261211582083
70,45,407.2082286501309,1.025539908258493,0.6965501591809159,458.3500528755967,0.666090072156903,407.2082286501309,458.3500528755967
70,40,405.83183373532216,1.4787716546985654,0.6965944593462838,464.09109379804846,0.39823252178324436,405.83183373532216,464.09109379804846
70,35,407.49247875325,2.1270709480193455,0.6967893472440273,467.307176252355,2.376388921911998,407.49247875325,467.307176252355
70,30,406.4143414334171,1.214231563033677,0.6967037770851747,468.51666220381793,0.9449949768144645,406.4143414334171,468.51666220381793
70,25,405.02174390762184,3.336099870459403,0.6965746242076395,467.9680591994929,0.7079956831942988,405.02174390762184,467.9680591994929
70,20,404.9665227490215,2.257316197686998,0.6965263673466767,470.0108930267311,3.728872679882574,404.9665227490215,470.0108930267311
70,15,406.6663529952851,1.2164547978216398,0.6962980824763143,475.9760187624942,5.412087282126673,406.6663529952851,475.9760187624942
70,10,403.18247181994957,2.8344637455832125,0.6961091144686978,485.38553906687906,1.3676410145295435,403.18247181994957,485.38553906687906
70,5,409.4752973532384,0.36184486429184987,0.6951297717653812,485.9502694569699,1.9523235086715456,409.4752973532384,485.9502694569699
70,0,408.722426740406,0.41310109387516797,0.6955503963315955,489.69905438598045,2.906813804218233,408.722426740406,489.69905438598045
71,200000,0.5720684549112051,0.00243249328215351,0.7118503748585585,178.05929487083276,0.10066592729318669,0.5720684549112051,178.05929487083276
71,100000,1.1422575159073884,0.05127300284370784,0.7122826858311945,178.7289304586519,0.19936096800486486,1.1422575159073884,178.7289304586519
71,40000,2.5426076749259696,0.016045430859870244,0.7090649592981073,178.9378913059761,0.06763120285922691,2.5426076749259696,178.9378913059761
71,5000,18.936293874478476,0.31742957470023875,0.7080345815262983,176.7481882389334,0.4198460806843468,18.936293874478476,176.7481882389334
71,3000,31.04101115107905,0.6165037487928383,0.7074869682542309,176.55834282650872,0.3138536264406138,31.04101115107905,176.55834282650872
71,2000,45.77877134731639,0.7310390774667238,0.7074583470480543,176.39881903602455,0.13619019908383298,45.77877134731639,176.39881903602455
71,1500,60.240332391024054,0.2835396879383492,0.7070456354275921,176.74723972582103,0.27764055343760635,60.240332391024054,176.74723972582103
71,1000,88.58258353309543,0.44104159876532417,0.7069511003280841,179.17174497756005,0.2073458193648629,88.58258353309543,179.17174497756005
71,900,97.36659631974285,2.3302529949656567,0.7069547778529228,180.5625962681008,0.1467963552254711,97.36659631974285,180.5625962681008
71,800,109.00353275253549,0.6813192977180181,0.7068952847821252,181.20789745590469,0.18588334926556255,109.00353275253549,181.20789745590469
71,700,123.4696950119173,0.4178406082788014,0.7069480932458062,183.47983720437244,0.38918790584299373,123.4696950119173,183.47983720437244
71,600,141.16252898182492,1.4730712480992518,0.7069669187070069,186.34652906255755,0.13008195194688205,141.16252898182492,186.34652906255755
71,550,152.46497168433223,0.3639612268009823,0.706750901486358,189.35359399081096,0.8226202119314311,152.46497168433223,189.35359399081096
71,450,178.7973746282938,1.078284454230068,0.7066330259021818,197.00462749147482,0.6251313514108146,178.7973746282938,197.00462749147482
71,380,206.99913864226372,2.3170235552668164,0.7065165264506086,212.3290384423699,1.637425875226277,206.99913864226372,212.3290384423699
71,340,227.7231201796319,0.9384994742775125,0.7065387867684301,226.79855750873722,1.49613502676777,227.7231201796319,226.79855750873722
71,300,246.40285528670347,1.6502145806892594,0.706663951541257,240.5016077269389,1.2953745355929485,246.40285528670347,240.5016077269389
71,260,292.0570978634491,1.6602551547708821,0.7073925744122675,267.9466738447133,0.9722223809851432,292.0570978634491,267.9466738447133
71,220,304.70720691343735,1.9029266903617437,0.7072283303714038,274.0613407174605,0.5852829850300968,304.70720691343735,274.0613407174605
71,200,324.95680228064856,2.23583203360754,0.7071728040704778,284.04649052809623,1.595628102176793,324.95680228064856,284.04649052809623
71,180,365.1398263121505,0.7423723166390235,0.7078021574446529,307.6016827564206,1.4072775736083243,365.1398263121505,307.6016827564206
71,160,377.23796416843805,0.8942670149247951,0.7080674308698093,321.81469802959685,2.2209500798407995,377.23796416843805,321.81469802959685
71,140,397.12682584726866,1.3998713215889127,0.7082959043716124,343.81075173832716,2.6284427496052802,397.12682584726866,343.81075173832716
71,120,404.0998713748301,1.9940671378804735,0.7085905531893717,370.57581255027463,4.49240747775436,404.0998713748301,370.57581255027463
71,100,407.58519790986276,1.5021942160724828,0.7089602523912021,400.98143472528346,1.8723286130777623,407.58519790986276,400.98143472528346
71,90,408.00828043375805,1.9973703662106652,0.7091885362585643,414.1365841152742,1.1100414765746058,408.00828043375805,414.1365841152742
71,80,407.49655769737984,1.578614341222385,0.7093223083396664,423.1403421629272,1.1582733284112818,407.49655769737984,423.1403421629272
71,70,409.2381454417914,2.186900605910284,0.7095749104130764,433.0267459506515,0.43170411027628786,409.2381454417914,433.0267459506515
71,65,409.18906085757834,1.3649009493396547,0.7096864218214828,436.0352011381339,0.7055275090292746,409.18906085757834,436.0352011381339
71,60,409.43023826401577,1.4804643071700803,0.7098251478526643,437.580555160604,1.0964136982504857,409.43023826401577,437.580555160604
71,55,410.4097063117941,0.5542664438134354,0.709851832433183,443.0669834857968,3.6925722916447374,410.4097063117941,443.0669834857968
71,50,408.9356663851008,0.9563155731779761,0.709871879892798,443.52070109857004,0.9393903835382073,408.9356663851008,443.52070109857004
71,45,406.84720039410786,6.099474692280293,0.7097581898216087,442.1341536456359,2.4000570801392107,406.84720039410786,442.1341536456359
71,40,408.164695048255,0.9011193642200996,0.7099331268731931,451.3076058948054,3.185536154125127,408.164695048255,451.3076058948054
71,35,408.55967542564946,2.068794458427532,0.7096793038364488,455.705956861565,0.2933914564528844,408.55967542564946,455.705956861565
71,30,404.7308653670886,2.022673582097645,0.7098731168799951,454.1848096347732,1.779775188795527,404.7308653670886,454.1848096347732
71,25,409.1055449874564,1.594812384486859,0.7097002482080942,460.17949366226304,2.23395770801173,409.1055449874564,460.17949366226304
71,20,406.0571192434968,1.454551921680782,0.709801716149252,457.02392984367253,0.8143282384658862,406.0571192434968,457.02392984367253
71,15,408.60308396752254,0.6388259020170405,0.7092376509848505,466.7761554141818,0.3526104410881191,408.60308396752254,466.7761554141818
71,10,408.72813252831673,2.2470478428212974,0.7087563337381669,472.50503917158386,2.631240586199978,408.72813252831673,472.50503917158386
71,5,409.1757056621722,0.1558885441355618,0.70772308817411,483.28695578572706,2.8961952012395633,409.1757056621722,483.28695578572706
71,0,407.16997787033216,2.732713297949667,0.7076082396953346,477.85686367840157,1.4147636677661781,407.16997787033216,477.85686367840157
72,400000,0.31280214965726577,0.02677150938688429,0.718315307610233,178.72031258722723,0.2867507947739044,0.31280214965726577,178.72031258722723
72,200000,0.6265108753805577,0.042837441696619606,0.7219307924095917,178.0527590389083,0.24375536110982962,0.6265108753805577,178.0527590389083
72,100000,1.1291692838316167,0.042869078007109714,0.7198689132470037,178.5835810487065,0.025887957156226046,1.1291692838316167,178.5835810487065
72,40000,2.7104624972799787,0.04389719411579078,0.7172215955761416,178.6512054889239,0.05310459253710631,2.7104624972799787,178.6512054889239
72,5000,19.897011568124384,0.04221678525123033,0.7198136352782605,176.59572181726674,0.09288067005347946,19.897011568124384,176.59572181726674
72,3000,31.93214302685386,0.470138431167068,0.718997043936546,176.23371140093116,0.14626437259737032,31.93214302685386,176.23371140093116
72,2000,47.028643906236944,0.39182545109135286,0.7192035227070521,176.29471865063897,0.1208741506072624,47.028643906236944,176.29471865063897
72,1500,61.79128424575108,0.613943897879983,0.7191048128579429,176.81334039043668,0.030122944611759205,61.79128424575108,176.81334039043668
72,1000,91.17132390449109,3.084043642164857,0.7189242441426721,179.22563455174767,0.3206797439601332,91.17132390449109,179.22563455174767
72,900,99.9765137837735,1.910467484329533,0.7189134854428242,180.37901707738385,0.31994849544251175,99.9765137837735,180.37901707738385
72,800,112.28055709241919,2.0140854005537614,0.7185135104516536,181.8757198823489,0.2510231228646567,112.28055709241919,181.8757198823489
72,700,125.8985351770062,2.156687250949325,0.7184557716474266,183.6405906866552,0.32967018151919353,125.8985351770062,183.6405906866552
72,600,144.2023187921678,0.6146703285772527,0.7182912011976524,187.0774303555354,0.10002595240280847,144.2023187921678,187.0774303555354
72,550,155.47833272479235,1.9882399454833362,0.7183977301409706,189.63723555161982,0.7062531699508294,155.47833272479235,189.63723555161982
72,450,184.81298264304755,2.2260326816942144,0.7185618556502206,199.52988859454294,0.7805996338114124,184.81298264304755,199.52988859454294
72,380,209.96244395297845,0.805273316868497,0.7182425692368234,216.4926664329629,1.9878130940953886,209.96244395297845,216.4926664329629
72,340,228.66033860523257,2.433215227316431,0.7182588963772026,229.45655152257095,1.3427087695808864,228.66033860523257,229.45655152257095
72,300,246.34848566423875,0.5801968800841222,0.7182724188865959,241.592281885047,1.3687767641735622,246.34848566423875,241.592281885047
72,260,290.5512914032561,6.302988446376792,0.7189178682618141,266.07716804788123,0.4461413303962136,290.5512914032561,266.07716804788123
72,220,309.99166051460617,1.648069709124876,0.7191335529922148,276.2908521819965,2.089871969572093,309.99166051460617,276.2908521819965
72,200,320.58473422961464,3.6632503357638373,0.7187759492394781,282.6105583894179,0.5546856741465865,320.58473422961464,282.6105583894179
72,180,358.0799512069291,10.956880896627768,0.7193726025220536,306.05867205575964,5.339019013121207,358.0799512069291,306.05867205575964
72,160,378.935150917724,3.6395349538199433,0.7199526776899302,316.81555313983125,1.2847493154888547,378.935150917724,316.81555313983125
72,140,394.3852880298612,1.294605751752549,0.719902337972301,336.570558655305,2.282851288405578,394.3852880298612,336.570558655305
72,120,402.07690005941885,0.7159814123525746,0.7204823917118238,361.2191056752931,5.242056742431644,402.07690005941885,361.2191056752931
72,100,408.814927360849,0.588940015845768,0.7208982040137956,385.6844189583887,1.414901856686844,408.814927360849,385.6844189583887
72,90,409.6569170681046,1.6425482280545995,0.7211109870032897,400.24263507387104,1.51331547188464,409.6569170681046,400.24263507387104
72,80,405.7770148391214,2.1351690305562565,0.7214200419132508,410.353006083175,4.024185615202579,405.7770148391214,410.353006083175
72,70,407.21330861792677,1.9336276401215653,0.7216350582429434,418.5237220335328,1.6332754072933224,407.21330861792677,418.5237220335328
72,65,408.27963768588205,1.3607107703141135,0.7220028340446462,422.86870417404253,1.5334464618678092,408.27963768588205,422.86870417404253
72,60,408.83539223443194,1.74151533143921,0.7221766820588531,425.852208780666,0.8203668030483644,408.83539223443194,425.852208780666
72,55,409.5007897974937,1.085949994357346,0.7221907679604816,430.35419599500074,2.0923431242814945,409.5007897974937,430.35419599500074
72,50,409.10542243039845,3.4770227594470122,0.7222828962739177,428.3813917558064,1.9505881654586426,409.10542243039845,428.3813917558064
72,45,408.6369200710103,3.4453513584109126,0.7223932608769424,429.68272386582,0.9864840132426913,408.6369200710103,429.68272386582
72,40,410.46095128973747,1.1592498483144273,0.7224981842655933,436.973121872129,2.3652318484501462,410.46095128973747,436.973121872129
72,35,408.67810581069125,3.475811161855722,0.7225565333942412,445.5328649010623,0.7839443125682102,408.67810581069125,445.5328649010623
72,30,411.4646016295633,0.9460051462928012,0.7225328064854132,448.1112290037159,1.0572076420293677,411.4646016295633,448.1112290037159
72,25,410.19219679127497,1.242134416438515,0.7224794292855669,447.4051829887624,1.3811343016872564,410.19219679127497,447.4051829887624
72,20,408.6854394126661,1.401401414176864,0.7226359068774096,449.8471563614435,0.904940562179409,408.6854394126661,449.8471563614435
72,15,404.75717667410044,6.507548071937062,0.7223041160055129,455.095297519477,2.001574154324303,404.75717667410044,455.095297519477
72,10,408.8341097062752,1.2843973525233234,0.721396447389039,461.1215866500927,1.0274802678981572,408.8341097062752,461.1215866500927
72,5,407.10680454977074,1.2779343535181575,0.7211226543116869,468.5291546496267,4.478950358238949,407.10680454977074,468.5291546496267
72,0,403.73436807518755,4.891836851994125,0.7207097984864772,467.4076313478211,0.5108745429205206,403.73436807518755,467.4076313478211
73,400000,0.2980051252273771,0.00571304768910485,0.7301142187169571,178.36168758462685,0.22887226516370443,0.2980051252273771,178.36168758462685
73,200000,0.6280345801622265,0.08552414933905894,0.7294837149351149,178.2403516796402,0.07818212379869496,0.6280345801622265,178.2403516796402
73,100000,1.1101055671179973,0.03847765304169458,0.72875496791643,178.81328996367233,0.37201984442857877,1.1101055671179973,178.81328996367233
73,40000,2.447096520748849,0.08364906071005958,0.7300785985734901,178.9917412902083,0.24987586254042074,2.447096520748849,178.9917412902083
73,5000,17.739735659983154,0.6136471972033365,0.7330468872138275,176.87092204746762,0.05637868945312399,17.739735659983154,176.87092204746762
73,3000,29.84340166419459,0.5574269817654651,0.7316560234613441,176.03064142816274,0.1505986477479837,29.84340166419459,176.03064142816274
73,2000,43.650159381687864,0.9063766951220299,0.7315245659778512,175.90237875101556,0.046847640160344164,43.650159381687864,175.90237875101556
73,1500,58.070090822648616,0.3669422994417484,0.7315278005249753,176.28727243167248,0.03211633700942181,58.070090822648616,176.28727243167248
73,1000,84.84885333485433,0.7335410874209711,0.7313955334761996,178.22321216062184,0.12262841807128443,84.84885333485433,178.22321216062184
73,900,90.74876923846568,1.4855109060682228,0.7313578679195153,178.7949927310693,0.09812905056957211,90.74876923846568,178.7949927310693
73,800,102.10233229753828,1.881203764528615,0.7310356977023164,180.32500442859478,0.17062223721782677,102.10233229753828,180.32500442859478
73,700,116.40321078393451,0.8143354378234853,0.731108102437684,182.21954780259716,0.14063723324258412,116.40321078393451,182.21954780259716
73,600,133.36465542439768,1.8399102522824708,0.7308322715376665,184.81318286948465,0.22213517450569695,133.36465542439768,184.81318286948465
73,550,142.270365143276,3.0882754747885945,0.7309472104117883,186.47079612299908,0.7176345914774099,142.270365143276,186.47079612299908
73,450,168.097701282858,2.461945119282262,0.7307095730935368,192.8771114517456,0.8654330322123341,168.097701282858,192.8771114517456
73,380,195.96378110541488,3.3412820952826774,0.7306911342524285,204.84801600691029,1.6040551747011709,195.96378110541488,204.84801600691029
73,340,215.7441304641252,0.8544800684443946,0.7303467838184879,217.66598726614075,2.246031678697047,215.7441304641252,217.66598726614075
73,300,232.34420266171728,0.8465748024656385,0.7304698904656074,230.37545068666552,1.5957739389982695,232.34420266171728,230.37545068666552
73,260,272.16632851789376,3.252868835647823,0.7309886701214294,255.45856026057075,0.8341139956106649,272.16632851789376,255.45856026057075
73,220,286.21426590600373,3.3660587223182894,0.7304000123956461,263.1153443622784,0.1287257643762137,286.21426590600373,263.1153443622784
73,200,301.04123413201523,0.646454849247297,0.7302509050786522,270.905368880165,0.7646740623757843,301.04123413201523,270.905368880165
73,180,336.06212208846074,2.2664435815395367,0.7311175632907188,289.5278284584935,1.0428977107822206,336.06212208846074,289.5278284584935
73,160,352.7439462068193,2.338773056053994,0.7312094599995365,299.3491228977954,1.424605150098906,352.7439462068193,299.3491228977954
73,140,375.0273676607896,4.002834609687165,0.7312777623253014,317.04470183326947,5.347278967078201,375.0273676607896,317.04470183326947
73,120,388.0302618699347,3.763431295401964,0.7315365137435057,334.678927765864,2.981177244685342,388.0302618699347,334.678927765864
73,100,400.65284145187906,3.693813120588331,0.7320201030096016,361.6599513449235,2.0626009820545064,400.65284145187906,361.6599513449235
73,90,406.20089958993367,1.428406502315721,0.7324708006608001,371.9012621375213,2.0469195360586907,406.20089958993367,371.9012621375213
73,80,405.21007176642274,4.245820962463642,0.7327457718596314,381.38015855137746,1.6946399337783586,405.21007176642274,381.38015855137746
73,70,409.9193058095064,1.5618971485357331,0.7329765039694977,396.7204295034062,2.1430510728931687,409.9193058095064,396.7204295034062
73,65,408.05652074368237,2.3961943591546286,0.7333026379043227,401.21844786957007,4.286292325226905,408.05652074368237,401.21844786957007
73,60,409.74886821550575,1.6211451352001036,0.7333385044009146,406.50114857502814,4.112279521895814,409.74886821550575,406.50114857502814
73,55,408.468960711929,1.7611199743299188,0.7335398116542319,407.8982936293634,1.8025281802982442,408.468960711929,407.8982936293634
73,50,408.0351973614117,3.0689240273205014,0.7335827158171041,411.2586820115279,5.084772309419917,408.0351973614117,411.2586820115279
73,45,409.89603447806434,0.31312746161659927,0.7340190274421777,414.6883557389186,1.5307015612244323,409.89603447806434,414.6883557389186
73,40,407.0531205808493,3.016173746802437,0.7341499811782444,422.59989525675974,0.9749474699870944,407.0531205808493,422.59989525675974
73,35,410.6423918533217,0.7325710924960575,0.734175220216794,437.43178137382984,5.015223665364161,410.6423918533217,437.43178137382984
73,30,408.820957102225,1.4634451808245457,0.7341807501609825,438.46071199950717,0.778162358830565,408.820957102225,438.46071199950717
73,25,407.84709372221704,2.3349442966736857,0.7346183548307023,436.6969184330542,1.4301212921988034,407.84709372221704,436.6969184330542
73,20,410.9275888911878,2.5922515499880965,0.7347040160181947,436.1705549055553,5.586545621048926,410.9275888911878,436.1705549055553
73,15,409.3853132807539,1.0742752039967096,0.7346024188292689,447.2702667870398,1.6305156106236243,409.3853132807539,447.2702667870398
73,10,408.6082546139719,3.0074240854966665,0.7341185265100115,449.74607810064157,0.3059946542546114,408.6082546139719,449.74607810064157
73,5,406.9882870253792,0.6373984891707193,0.7344105001792215,456.7257956595552,0.5759789157854914,406.9882870253792,456.7257956595552
73,0,408.5200370716386,1.6246181459113944,0.7341899628197001,460.69978498279187,5.920000070090988,408.5200370716386,460.69978498279187
74,200000,0.5961805405379836,0.0034446508200354805,0.7363509782076525,178.20140083759338,0.10286225459926057,0.5961805405379836,178.20140083759338
74,100000,1.131035713138922,0.03646201290252772,0.7393275666462743,178.60177526216287,0.41811620842134817,1.131035713138922,178.60177526216287
74,40000,2.6217890162296436,0.008061920451509835,0.7376839906713375,178.53744380338057,0.04140626016596035,2.6217890162296436,178.53744380338057
74,900,97.30495638451399,2.540944819882764,0.7442712507813416,179.38747577732556,0.4339392013646717,97.30495638451399,179.38747577732556
74,800,108.31197699924766,1.5853002954358766,0.7444156115839632,180.75225033536012,0.28447528838305136,108.31197699924766,180.75225033536012
74,700,116.8540280047609,1.0451081590239746,0.7448665506392785,182.03047230279606,0.13765501604733074,116.8540280047609,182.03047230279606
74,600,137.2028819873557,0.7497586418287121,0.7441897276980184,185.41465284015817,0.37465763394782664,137.2028819873557,185.41465284015817
74,550,148.55588799811864,1.3327073402974783,0.7441509809560632,187.663800936589,0.47056367064293747,148.55588799811864,187.663800936589
74,450,175.22124808255114,0.18760414445040988,0.7441927909760325,194.7631330380211,0.1675729586629808,175.22124808255114,194.7631330380211
74,380,201.08041164847967,1.7582698675562611,0.7433960850549203,207.44122872998,0.5213817666547896,201.08041164847967,207.44122872998
74,340,218.26072029085262,1.2236020902778388,0.7433348737054991,219.10740819121318,1.404023461863065,218.26072029085262,219.10740819121318
74,300,238.94938898061727,0.17458855086775943,0.7429802575431464,233.3627720179778,0.6607940386527845,238.94938898061727,233.3627720179778
74,260,280.2178577853219,2.8709570258835035,0.7444193067919093,256.94286258566416,2.000835495308133,280.2178577853219,256.94286258566416
74,220,294.3620732580896,1.6748239148305628,0.7429539818709392,263.007793043576,0.6670413791294746,294.3620732580896,263.007793043576
74,200,310.30689633632034,0.7114563729229442,0.7427829224282408,270.9454375695669,0.5700412722953007,310.30689633632034,270.9454375695669
74,180,345.5566693896165,1.9970950980316984,0.7438590067041481,289.245997818931,1.4506191701712354,345.5566693896165,289.245997818931
74,160,368.76481196005426,1.8959245843699768,0.743540769896392,300.76576984316404,0.14826619210443184,368.76481196005426,300.76576984316404
74,140,383.84542257228105,1.6318099073595618,0.7436621755850056,319.2695439045654,6.143061735890877,383.84542257228105,319.2695439045654
74,120,400.01561479326773,0.06277358775298744,0.7445251394780074,336.54751858568784,2.0910798518597895,400.01561479326773,336.54751858568784
74,100,407.9212884311257,1.4941343650749463,0.7448825284613498,364.80610181778115,5.442225889519931,407.9212884311257,364.80610181778115
74,90,410.2920947210494,3.631178963089049,0.74391621359533,380.28477156231037,1.2178739862174484,410.2920947210494,380.28477156231037
76,400000,0.2929622160525897,0.018934315320371577,0.7615832318536605,178.83369775904887,0.14256464356747028,0.2929622160525897,178.83369775904887
76,200000,0.6085346180797029,0.04216474339381913,0.7579492163468796,178.1074151032336,0.04938006349780283,0.6085346180797029,178.1074151032336
76,40000,2.469777824772796,0.10595580643097205,0.7605148456869285,178.87950899447083,0.2979343612698155,2.469777824772796,178.87950899447083
76,5000,17.178825823009422,0.17563066477711708,0.7583160599814329,176.87453004241013,0.04014628467218246,17.178825823009422,176.87453004241013
76,3000,28.219097174799998,0.29829080360224713,0.7582956456996067,176.23029595468282,0.07067393597018201,28.219097174799998,176.23029595468282
76,2000,41.745475725403885,0.7903810061783278,0.7579255471645125,176.1714248330685,0.13183563879198404,41.745475725403885,176.1714248330685
76,1500,54.68736896337288,1.0666542705404232,0.7582784051244285,176.22682026950443,0.15165430142232722,54.68736896337288,176.22682026950443
76,1000,77.99904476753461,1.128655942406244,0.7588449725826075,177.47965632541505,0.16210475356389958,77.99904476753461,177.47965632541505
76,900,86.81575792157594,0.5262638380268825,0.7586973667483909,178.24873031268066,0.13811479691176454,86.81575792157594,178.24873031268066
76,800,96.72910229180411,1.2958592686643018,0.7584181945920947,179.30588914611005,0.18948341860821438,96.72910229180411,179.30588914611005
76,700,108.56166374921743,1.2946998635307516,0.7584282032204687,180.65961305912128,0.12287715793529247,108.56166374921743,180.65961305912128
76,600,125.2069010984692,1.6206772730601755,0.7583834482460302,182.86154301776332,0.30418823680834123,125.2069010984692,182.86154301776332
76,550,135.16877151132474,1.2667945495142414,0.758278584446885,184.48593209549236,0.2333900250467736,135.16877151132474,184.48593209549236
76,450,160.20382620309886,1.075117737559248,0.7578376437209503,189.4774792720062,0.3587927264093714,160.20382620309886,189.4774792720062
76,380,185.19962432634108,1.707621044299944,0.7575441821333216,197.23403808270345,1.012246703610718,185.19962432634108,197.23403808270345
76,340,207.5916114241225,9.327686500747573,0.7585375275827237,205.250298303994,0.7810057007792227,207.5916114241225,205.250298303994
76,300,229.90661540789043,10.833527794736254,0.7600139641329042,219.722523096574,1.5045413943442365,229.90661540789043,219.722523096574
76,260,283.8545378940109,24.44618219386117,0.7580130242698895,251.5753501067405,8.804341337299507,283.8545378940109,251.5753501067405
76,220,279.5152013359302,1.318598123146126,0.7581677463197026,253.4235556539636,1.9761900573610405,279.5152013359302,253.4235556539636
76,200,295.1820620889018,1.3021337683229732,0.7580154938771994,258.79793290997327,1.2624492529017093,295.1820620889018,258.79793290997327
76,180,354.8097559025053,29.969711410525495,0.7580766487428656,308.82292409330074,32.65779937699746,354.8097559025053,308.82292409330074
76,160,351.67171385155353,3.377752983835962,0.7594478717734289,285.7660187675295,0.9668836575281643,351.67171385155353,285.7660187675295
76,140,378.35036523097295,1.5681204773943807,0.7597156176573296,300.57559763694707,1.3226089779077648,378.35036523097295,300.57559763694707
76,120,395.38415865027736,2.576823113071822,0.7597769760735256,317.1270475404462,2.1623870014898685,395.38415865027736,317.1270475404462
76,100,406.7864134742984,0.8081017470121314,0.7596632583815399,345.58075706616404,5.270098578127515,406.7864134742984,345.58075706616404
76,90,410.9869461755397,0.8271461471751043,0.759967026443599,359.3213693084843,1.4376117183742412,410.9869461755397,359.3213693084843
76,80,409.8765805261746,3.33886455436697,0.7600128984872253,373.5425292353519,2.352515537118242,409.8765805261746,373.5425292353519
76,70,411.1512464912878,2.0602771542516236,0.760014848604388,383.1537686312668,4.617932973390537,411.1512464912878,383.1537686312668
76,65,411.2241551850422,3.2475843025444293,0.7604900904245185,390.9303235834097,2.7535112566366102,411.2241551850422,390.9303235834097
76,60,411.3152477875139,1.385195572573871,0.7609721867115581,391.9490123471916,0.7287410934959191,411.3152477875139,391.9490123471916
76,55,412.0004593276735,2.101945744488879,0.7611777685671548,397.3155399131217,3.501086662783027,412.0004593276735,397.3155399131217
76,50,410.4169191063909,3.371871316539429,0.7618670920462147,396.6379119872683,1.069343422835099,410.4169191063909,396.6379119872683
76,45,412.0413314215078,1.549520559128059,0.7619978258977027,398.4505099898923,4.600603408134482,412.0413314215078,398.4505099898923
76,40,405.26072260312213,6.158534229482595,0.7619203440360329,406.4612608284687,4.054714241887307,405.26072260312213,406.4612608284687
76,35,411.34442256190414,1.068265025939919,0.761884797155853,413.0808468653004,2.9826778419337656,411.34442256190414,413.0808468653004
76,30,410.0287161564109,2.2449147035579022,0.7620786813564285,417.85916089013426,3.4094505914704216,410.0287161564109,417.85916089013426
76,25,414.6067850114341,0.21309792782479448,0.7624222650153655,418.1173046077591,0.6423602291112642,414.6067850114341,418.1173046077591
76,20,412.73815784750167,0.23352297381254775,0.7627135002838413,416.1818836262421,1.9168344873927292,412.73815784750167,416.1818836262421
76,15,411.37883386839616,2.3623188738301137,0.7620434065976527,422.08014944886963,2.03843776170199,411.37883386839616,422.08014944886963
76,10,406.27716833182825,5.095528884012171,0.7611400395115785,431.44471660373,1.1614288161891526,406.27716833182825,431.44471660373
76,5,409.16025758587284,1.4610855756754628,0.7628819578414565,438.242078370662,0.8148349926214491,409.16025758587284,438.242078370662
77,400000,0.29647773315385595,0.014800730825962167,0.7687687547321315,178.80451120631076,0.1598791079282473,0.29647773315385595,178.80451120631076
77,200000,0.5497048999737341,0.02639625288438462,0.7688574603319512,178.26750267087834,0.19679508510262556,0.5497048999737341,178.26750267087834
77,100000,1.074279088968912,0.13513223212883185,0.7719562811591901,178.5474914642092,0.14339755775196622,1.074279088968912,178.5474914642092
77,1000,80.71520021629726,1.0394445182275533,0.774110001607186,177.78366008065177,0.0985783533986636,80.71520021629726,177.78366008065177
77,900,88.1879561385424,2.172039912366751,0.7726825776800917,178.40011789253126,0.16052943327736216,88.1879561385424,178.40011789253126
77,800,99.27993689098857,1.2047269185866853,0.7736190194973296,179.55548154652888,0.15811324086044726,99.27993689098857,179.55548154652888
77,700,111.28165107607413,1.6278760960042267,0.7728079214962866,181.20165243768534,0.3682826887124067,111.28165107607413,181.20165243768534
77,600,129.95092657612784,2.5326221467940524,0.7708846824766066,183.20596677239556,0.7181831392702911,129.95092657612784,183.20596677239556
77,550,138.06360570764957,3.098231691494682,0.7717244334376558,184.59570251557307,0.389073092200975,138.06360570764957,184.59570251557307
77,450,165.09033061084816,2.926190692223832,0.7698611571939687,189.7325194376538,0.5436340629391366,165.09033061084816,189.7325194376538
77,380,198.52072743268585,6.705756953794126,0.7694609529464532,199.61611094932027,0.5956001164100057,198.52072743268585,199.61611094932027
77,340,215.91518736671946,0.9996832762515558,0.7664261175232933,208.87780521715942,0.44603229559871066,215.91518736671946,208.87780521715942
77,220,281.8590435559467,1.2026518051416477,0.7734144670734708,250.2984608002371,1.0591006216969512,281.8590435559467,250.2984608002371
77,200,311.14735120311644,7.786785804761141,0.7708840118497345,259.0064269378441,1.3465924773114384,311.14735120311644,259.0064269378441
77,140,403.8942151064942,3.7144468677651394,0.7708980456556787,313.83357119819135,10.418867884495926,403.8942151064942,313.83357119819135
77,120,410.2818125666799,1.5856877058241017,0.7724617557036391,326.7448249258856,2.9868310158372138,410.2818125666799,326.7448249258856
77,100,412.5205339302024,2.79600692198271,0.7739261724639455,348.3588113832752,2.681835492282613,412.5205339302024,348.3588113832752
77,90,408.73963797889496,3.858078692682094,0.7722656325190437,375.1382001304211,4.080789079994756,408.73963797889496,375.1382001304211
77,80,413.09983644489927,0.3141336873917929,0.7732864650687999,377.77169967143374,3.003447972911457,413.09983644489927,377.77169967143374
77,70,408.23140887637305,6.664576766010858,0.7724179275663375,387.1439956137628,7.049864323953353,408.23140887637305,387.1439956137628
77,65,414.0974636020456,3.291403878313942,0.773784977561741,392.292928134865,4.709093164092733,414.0974636020456,392.292928134865
77,60,411.3693219776463,4.067529005438856,0.7729996053171156,393.54760825848626,5.4186644664115455,411.3693219776463,393.54760825848626
77,55,413.30054468136785,0.9632501348827625,0.7730500124340346,399.7043005503174,3.777740895939928,413.30054468136785,399.7043005503174
77,50,410.83846346048375,1.0521692408098007,0.7712714137563917,397.23458524167637,4.501479822157136,410.83846346048375,397.23458524167637
77,45,414.02559331071535,1.0977330319977086,0.7718545494167848,408.17872921113013,4.674970448778742,414.02559331071535,408.17872921113013
77,40,412.74589377244416,0.5367485621123985,0.7724725609994373,405.40915061297704,4.777712795124241,412.74589377244416,405.40915061297704
77,35,414.4295562016294,0.6896807204596146,0.7738782736748052,411.1608619382389,1.639793733460936,414.4295562016294,411.1608619382389
77,10,414.8746828584968,0.06516037192625376,0.774101859271309,422.69981598778867,1.1532135995867783,414.8746828584968,422.69981598778867
77,0,409.17327909015074,1.2373465591277777,0.772854916825375,429.5422466470977,7.047671937512825,409.17327909015074,429.5422466470977
79,400000,0.28364070226107113,0.023179891215425696,0.7907996806494397,178.7139747111921,0.27782200936993523,0.28364070226107113,178.7139747111921
79,200000,0.5374433888289671,0.01592755031143232,0.7886709632825226,177.936499385357,0.061071491824760314,0.5374433888289671,177.936499385357
79,100000,1.0391890359430442,0.1273102812657159,0.7891361818891279,178.4573506119609,0.18306253009490617,1.0391890359430442,178.4573506119609
79,40000,2.396248195874792,0.011349440514862506,0.7913757482501151,178.80069995963245,0.11490217376789633,2.396248195874792,178.80069995963245
79,600,121.50275687666226,2.9688422255277507,0.7930634350939979,181.18611392911225,0.22047922305169107,121.50275687666226,181.18611392911225
79,550,133.07981249788185,1.6273135415110915,0.7911035028296145,182.6128965635261,0.028543233727352294,133.07981249788185,182.6128965635261
79,450,159.24253535115486,,0.7912505895118551,186.3916485646797,0.19076659829222106,159.24253535115486,186.3916485646797
79,380,187.09674035406624,0.6481852072355856,0.788570173763436,191.86068625748487,0.7488577557400745,187.09674035406624,191.86068625748487
79,340,210.07177286028187,0.6914943887305205,0.7869987925297703,199.36966773885948,0.6636575073790322,210.07177286028187,199.36966773885948
79,300,218.54541798039824,16.59377048509285,0.7911806194106915,208.21947138819647,2.510654415262178,218.54541798039824,208.21947138819647
79,260,240.11604354437983,,0.7948603143202755,227.2678719389785,0.5573971482782601,240.11604354437983,227.2678719389785
79,220,264.4787542072052,24.21962285757675,0.792962575315647,233.35866053270675,1.248787964276547,264.4787542072052,233.35866053270675
79,200,295.2579486156393,33.26288674428353,0.7914122542954602,241.97117398386675,1.644521419428592,295.2579486156393,241.97117398386675
79,160,352.2320380183408,41.082659407396456,0.7927596194503037,269.9775245454514,3.4088873131206117,352.2320380183408,269.9775245454514
79,140,342.1914369015067,,0.7946491049125181,278.22997016236855,0.7864257729646678,342.1914369015067,278.22997016236855
79,65,411.83323644660635,,0.7909109369874054,373.6902216414096,3.5312332570181386,411.83323644660635,373.6902216414096
79,15,412.7578842601957,0.460127115749812,0.7947696270699529,405.3442861843269,2.550536667085384,412.7578842601957,405.3442861843269
79,10,411.2417293092183,1.2025989395535899,0.7903724291141995,415.7414980804949,4.339974255554852,411.2417293092183,415.7414980804949
79,5,408.0655098659797,7.39316118065039,0.7876474978938242,425.9166004162605,4.480051485328039,408.0655098659797,425.9166004162605
80,400000,0.27609575974513845,0.02225470775290495,0.7989950583442915,179.01276707841225,0.34424566165037457,0.27609575974513845,179.01276707841225
80,200000,0.5218219985672269,0.019479682699798974,0.8023625200462636,178.25165682153025,0.04326626765178159,0.5218219985672269,178.25165682153025
80,40000,2.2509053504301666,,0.8044452227621163,178.99502459027403,0.3628516797673861,2.2509053504301666,178.99502459027403
80,5000,15.134120840639739,0.16650300632326326,0.7964384774875851,177.37008750014812,0.15438139265855427,15.134120840639739,177.37008750014812
80,3000,24.907149358406716,0.8249285047271148,0.7969003635484219,176.9258569978672,0.5084948944112462,24.907149358406716,176.9258569978672
80,2000,36.51063669948754,0.578588381656774,0.7970955034121537,176.2406516533866,0.03038172465843604,36.51063669948754,176.2406516533866
80,1500,48.27468673696715,0.8146364982215833,0.7967256067719042,176.42278727299927,0.07897215565118726,48.27468673696715,176.42278727299927
80,1000,70.60434994234784,2.1506567466608084,0.7967299758416528,177.45124886451876,0.25844851142642855,70.60434994234784,177.45124886451876
80,900,79.37018729922033,2.715494591379539,0.7980117867068877,177.83264540401728,0.20233249418161284,79.37018729922033,177.83264540401728
80,800,89.91161265241631,3.5919661097600004,0.7968703240827207,178.6227649554323,0.2603354082759155,89.91161265241631,178.6227649554323
80,700,100.58287340485577,3.6520545200872885,0.7975370985407658,179.89458490298068,0.39578538402720365,100.58287340485577,179.89458490298068
80,600,113.68768424513958,3.668097673641757,0.7963278359774206,182.11479985476265,0.7362092451252044,113.68768424513958,182.11479985476265
80,550,122.91642441518869,4.418258369605285,0.7967121365371451,183.25974791629483,0.6809180800180823,122.91642441518869,183.25974791629483
80,450,147.40112952366695,7.241594640931833,0.7962248468461627,186.2798195086343,0.3356325255275345,147.40112952366695,186.2798195086343
80,380,166.41717398914273,1.4289193772153272,0.7953120946377782,191.4927121427079,0.3589241173604504,166.41717398914273,191.4927121427079
80,340,181.7568227461312,2.47069918692523,0.7956152103339669,197.20404537955673,3.0076280777438376,181.7568227461312,197.20404537955673
80,260,254.99786937765145,17.67657827594765,0.798505959726109,220.04505753757488,5.30398208325967,254.99786937765145,220.04505753757488
80,220,286.8326306019504,3.209555024918194,0.7989965020149059,242.08123103388633,2.9251682082603394,286.8326306019504,242.08123103388633
80,180,323.19150431933394,43.61226669354874,0.7964591369024872,261.8406748549452,11.843930198090424,323.19150431933394,261.8406748549452
80,160,376.9301753707366,44.75674635434145,0.7979706411517584,300.6196305972855,12.742936924113895,376.9301753707366,300.6196305972855
80,120,389.9276810780338,27.657214573061065,0.7980174625672815,294.86031672152086,15.884168028588853,389.9276810780338,294.86031672152086
80,100,390.67346213106543,16.102935060518945,0.7978847309783484,322.695371701268,20.508724721137376,390.67346213106543,322.695371701268
80,90,404.9605569322261,15.058692934522236,0.7991023306097965,334.14529315368,23.898346855683723,404.9605569322261,334.14529315368
80,80,407.45695713736137,12.333371990005613,0.7978114622446381,339.7884375293033,21.98292641305176,407.45695713736137,339.7884375293033
80,70,410.9532271008918,7.556548263694678,0.7985793396765702,351.49232773833637,19.559859381032364,410.9532271008918,351.49232773833637
80,65,411.97454295641705,6.381651869218321,0.7984501059347502,344.3797716937291,19.828493697014924,411.97454295641705,344.3797716937291
80,60,413.3643215400918,8.48241872255668,0.8003006018417048,360.6071985188328,19.64497552239971,413.3643215400918,360.6071985188328
80,55,412.591085294401,5.099891251679159,0.7999358390878446,349.9771607421397,2.306078128612174,412.591085294401,349.9771607421397
80,50,414.07486229683616,1.943190194374275,0.7995242617720351,367.22897080854847,14.887782981037459,414.07486229683616,367.22897080854847
80,45,414.97595747537684,3.123483768091373,0.8000062998304638,370.43157855844646,14.477830083084111,414.97595747537684,370.43157855844646
80,40,414.5376737099491,3.6092235266652994,0.7985662224058786,378.41679577797436,12.455537710430345,414.5376737099491,378.41679577797436
80,35,412.1507403837684,3.8756423434372436,0.799614948954407,388.2420780403639,5.760609025551586,412.1507403837684,388.2420780403639
80,30,409.75655153428517,4.770291739806769,0.8000450575217775,387.9758469442883,4.625214808988775,409.75655153428517,387.9758469442883
80,25,411.78633736822326,4.113018503756474,0.8004671855654508,390.85290011241756,5.001584077150639,411.78633736822326,390.85290011241756
80,20,408.0039794145235,4.004754967811021,0.8005062943246019,393.56336954190937,4.6490599753835715,408.0039794145235,393.56336954190937
80,10,417.46236702154226,1.5068845688174486,0.8048236107851974,405.6148396379696,3.9669343869207028,417.46236702154226,405.6148396379696
80,5,411.61260567265487,1.1468942704015421,0.7992683607366051,420.123397972141,10.272126537243125,411.61260567265487,420.123397972141
80,0,410.58615055969375,0.7257084550105868,0.7989496800705753,411.1467276579904,1.6304817771894087,410.58615055969375,411.1467276579904
83,400000,0.2676967357040415,0.00760104354827082,0.828487687223467,178.78058842194937,0.17434673371561243,0.2676967357040415,178.78058842194937
83,200000,0.500358253494968,0.022276721162345095,0.8289107415701265,177.90396853597102,0.23096186780802985,0.500358253494968,177.90396853597102
83,40000,2.2349796984774257,,0.8251598258446163,178.8063208745808,0.0920394713677231,2.2349796984774257,178.8063208745808
83,800,85.79939991486955,,0.8328070737225973,178.20797645130813,0.4423951359836682,85.79939991486955,178.20797645130813
83,600,111.3649580721668,1.3130196773358558,0.8303492349891227,180.4837323072935,0.3729838736483761,111.3649580721668,180.4837323072935
83,550,118.44195675250326,1.3805972150803916,0.8283055698784606,180.62509635360132,0.10507137766117526,118.44195675250326,180.62509635360132
83,220,257.59647393424655,,0.8283841543670422,221.88911260712385,2.513973249342058,257.59647393424655,221.88911260712385
83,200,274.6000500161072,,0.827323589847813,230.75014664967122,4.794661585335121,274.6000500161072,230.75014664967122
83,180,334.11130346568035,32.582381176434986,0.8297346742873657,257.5956684658097,18.34658872175534,334.11130346568035,257.5956684658097
83,100,408.35229533892607,4.576378035136563,0.8303224010858253,299.4108058479697,1.770085371683349,408.35229533892607,299.4108058479697
83,90,410.06601590180605,,0.826898287991041,310.9495093328515,4.677171121555709,410.06601590180605,310.9495093328515
83,80,421.5553937648634,0.23200568353587975,0.8317133267345493,312.55681014630846,7.141138404300216,421.5553937648634,312.55681014630846
83,45,423.5165651564796,2.86681487207924,0.8281345273945515,360.2269244869176,2.7648066144249093,423.5165651564796,360.2269244869176
83,40,422.8170137522814,0.014134856902740524,0.829099924784864,366.05920529402266,2.934168722174267,422.8170137522814,366.05920529402266
83,35,423.33116492598157,2.0116960751152875,0.8313170490355769,375.546625862177,4.829289369362647,423.33116492598157,375.546625862177
83,30,420.70442873962037,4.5457983918404175,0.8297796031081465,373.2029772267336,4.802121271038704,420.70442873962037,373.2029772267336
83,25,421.1954217288855,1.5553042906564796,0.8313286734432634,376.4346261320084,0.9688372756371688,421.1954217288855,376.4346261320084
83,20,417.8629184632518,5.360277521253398,0.8300080503084848,379.7681289383547,1.823784167800949,417.8629184632518,379.7681289383547
83,15,416.0056681162824,3.916837209798501,0.8322460688987574,379.6315794144804,0.952439319126632,416.0056681162824,379.6315794144804
83,10,412.11800583153735,7.915967086409423,0.8263498743051428,390.72596017806694,1.5007970890994689,412.11800583153735,390.72596017806694
83,5,414.57389123764716,6.501780561988706,0.8309455511464253,391.7417316002572,5.815168719024678,414.57389123764716,391.7417316002572
83,0,408.0456595862611,1.8993713320295351,0.8330504339371431,397.4784550329916,2.319871559158059,408.0456595862611,397.4784550329916
84,400000,0.2562351689614365,0.00766512888840268,0.8373759216158302,179.00522321140696,0.20815188466960852,0.2562351689614365,179.00522321140696
84,200000,0.497664389530351,0.0026395557953379865,0.8391894858072448,178.20344318919922,0.13859490059319413,0.497664389530351,178.20344318919922
84,100000,0.8852789959155727,0.023695150671951985,0.8382847465459102,178.25232346772012,0.31444449725608464,0.8852789959155727,178.25232346772012
84,40000,2.021127822069271,0.07560303748397082,0.8417496040290717,178.72755641241247,0.09800761052575992,2.021127822069271,178.72755641241247
84,5000,13.839715419338495,0.08321125816316376,0.8361661063555923,177.22708899621657,0.060762217943667214,13.839715419338495,177.22708899621657
84,3000,23.038176204645282,1.1748171334660067,0.8372906102724417,176.72893758925272,0.3732274786854972,23.038176204645282,176.72893758925272
84,2000,33.59822204829779,0.4196174655148545,0.8383670872603607,176.30357356650066,0.16796346579896887,33.59822204829779,176.30357356650066
84,1500,43.83532608762773,0.4908308866434243,0.8365016596531621,176.1607405612485,0.10640033591361303,43.83532608762773,176.1607405612485
84,1000,65.72823051097899,1.468232805434063,0.8382799037387573,176.78454798721233,0.11212734617986833,65.72823051097899,176.78454798721233
84,900,72.64813538406499,3.1600856527825787,0.8373252212354486,177.09427306991532,0.22628558097253376,72.64813538406499,177.09427306991532
84,800,81.18505148376116,2.9280743489147474,0.8360826063765506,177.52558740584504,0.09015785762165096,81.18505148376116,177.52558740584504
84,700,90.03315548152507,2.0171799100403396,0.838063764863065,178.53100599109868,0.301792598425791,90.03315548152507,178.53100599109868
84,600,102.62282520645608,0.9546168075186372,0.8370132540558503,179.99022369746316,0.4716491180683778,102.62282520645608,179.99022369746316
84,550,111.00584024415582,0.5821567897144669,0.8382507893963081,180.7816930334144,0.0744747537362875,111.00584024415582,180.7816930334144
84,450,130.51590540534127,1.147838722157673,0.8370353291608597,183.29774670659705,0.13998054252194714,130.51590540534127,183.29774670659705
84,380,151.27739002575123,0.4099306125969051,0.8373102687490706,186.4832817356676,0.2927151490575564,151.27739002575123,186.4832817356676
84,340,165.80254060769252,0.2802453070869002,0.8368650531252163,189.3762705009821,0.3053302215463409,165.80254060769252,189.3762705009821
84,300,182.15416633538482,1.3829748925968741,0.8373524211286264,193.88241737967144,0.44853874904525465,182.15416633538482,193.88241737967144
84,260,221.35048790113896,2.453639460614808,0.8380935823785695,212.74358128910208,1.3675694258120303,221.35048790113896,212.74358128910208
84,220,231.34447326567098,1.6479578154120302,0.8374719073341187,219.7867181155806,1.2663625581284481,231.34447326567098,219.7867181155806
84,200,254.83038096215165,20.162104642178445,0.8368194335178849,226.57305092537095,0.32925517231592377,254.83038096215165,226.57305092537095
84,180,279.4660839238547,1.5521385675801918,0.8366211252287901,242.27090826448128,1.677562718280477,279.4660839238547,242.27090826448128
84,160,295.59370682627514,2.4524681575217175,0.8371129844323039,249.79046454609613,0.3902938425858856,295.59370682627514,249.79046454609613
84,140,330.64910308446804,14.603509557074037,0.8389688835868081,268.8084275434589,11.628356599513316,330.64910308446804,268.8084275434589
84,120,350.8273182442432,15.232876106554226,0.836980920735118,268.73359865010485,1.0159184185026546,350.8273182442432,268.73359865010485
84,100,371.4792806830066,3.7264823575111374,0.8363339363629887,283.1885267584862,0.905867506793106,371.4792806830066,283.1885267584862
84,90,386.1634770272012,2.8121049829709928,0.8378932630115689,290.5164615752214,3.4071492061794095,386.1634770272012,290.5164615752214
84,80,392.2388930309706,3.002835749980236,0.8377528874243049,296.36585415727444,0.5412561699183768,392.2388930309706,296.36585415727444
84,70,407.6539437970531,8.134146214582822,0.8374436755653208,307.5636806836797,1.3918211277070471,407.6539437970531,307.5636806836797
84,65,405.76634607210843,1.2784695314758316,0.83694083896575,309.72790797105966,1.935782845505625,405.76634607210843,309.72790797105966
84,60,406.6522607803069,2.118743512350892,0.8378857144963533,316.369041420043,1.8683432755345302,406.6522607803069,316.369041420043
84,55,410.71737300496915,0.9495642906992807,0.8379469108352541,320.08275557828557,0.9351438025521522,410.71737300496915,320.08275557828557
84,50,415.5621662589229,0.8512677265592246,0.837575754451166,325.09651309204315,2.485526133202556,415.5621662589229,325.09651309204315
84,45,413.95512758046044,2.574649620834448,0.8372086148423682,324.8900285549469,1.775180323695366,413.95512758046044,324.8900285549469
84,40,416.20932698263624,3.01122030351587,0.8369349904160316,338.5658827495645,0.42199337757627375,416.20932698263624,338.5658827495645
84,35,417.0522581578334,1.3142971097907785,0.8374106837724501,355.1927277648124,0.6192130139201097,417.0522581578334,355.1927277648124
84,30,416.4918860078952,2.389278546558396,0.837105681709747,357.790559718923,0.24549926789006105,416.4918860078952,357.790559718923
84,25,418.68159877685343,1.102692098666953,0.8361866318920116,361.1126870840949,1.415719110191729,418.68159877685343,361.1126870840949
84,20,414.28339530786207,4.135764524875682,0.8362179813494993,364.81156900793525,1.507050887348202,414.28339530786207,364.81156900793525
84,15,423.6614215054078,0.789308795343982,0.842512143960343,375.7259144126019,2.81517516814138,423.6614215054078,375.7259144126019
84,0,404.5293419877901,,0.8445053140112639,384.6890511079878,6.081440234163766,404.5293419877901,384.6890511079878
85,400000,0.25148131072675584,0.008565639108850418,0.850945463718458,179.43157304224687,0.3321829306510066,0.25148131072675584,179.43157304224687
85,200000,0.5270730855498315,0.004456326347659822,0.8499205805415176,177.81632068865295,0.32959294354573926,0.5270730855498315,177.81632068865295
85,100000,0.9563943517259096,0.00500436470493672,0.8460041504121166,178.5340640346219,0.10612572588678154,0.9563943517259096,178.5340640346219
85,5000,14.299611380035321,0.2864439807763565,0.8485570324382771,177.45625275137618,0.13040903824170552,14.299611380035321,177.45625275137618
85,2000,35.07960322588743,0.6047606825339509,0.8476322754800122,176.3191231949436,0.014876279519628085,35.07960322588743,176.3191231949436
85,1500,45.09328210405781,1.1613251145362207,0.8464787358274997,176.3468297686147,0.21453130583395627,45.09328210405781,176.3468297686147
85,450,130.8701345274193,,0.8545722150305275,182.1328189255269,0.14985973648116058,130.8701345274193,182.1328189255269
85,380,154.953300641203,,0.8539377263036247,185.26186352263986,0.47195454670806053,154.953300641203,185.26186352263986
85,260,231.16831124234034,2.350730048763821,0.8506573058711194,213.45909831833725,2.185818331164979,231.16831124234034,213.45909831833725
85,220,249.12363003943682,7.06939064043087,0.8489960426639435,210.94265871573552,6.120850408976993,249.12363003943682,210.94265871573552
85,200,265.07219276263334,7.886543710059927,0.8516088871823014,224.47842575150332,10.208372202692736,265.07219276263334,224.47842575150332
85,160,330.1904555136641,7.229628219499126,0.848670403149578,257.52934956964816,2.7168489440404238,330.1904555136641,257.52934956964816
85,140,355.1256854873218,4.545500009464249,0.8503859427320822,266.2506686836403,1.7788146799476359,355.1256854873218,266.2506686836403
85,100,410.0159398698268,12.590901444068002,0.85385160267396,290.3650059761576,2.278261070331682,410.0159398698268,290.3650059761576
85,90,415.5147370328741,9.112875021222242,0.8518124268440366,300.0378302061645,17.192872566932117,415.5147370328741,300.0378302061645
85,70,426.62245274961407,1.5751451206196843,0.8513267291174683,320.3786003833536,27.344621924720872,426.62245274961407,320.3786003833536
85,50,422.54442112471787,6.302102097727008,0.8525686336945019,339.9869211654707,1.527403078404408,422.54442112471787,339.9869211654707
85,25,427.70856383180853,10.708258910013157,0.8525532751991984,353.1417968948006,8.301168522054112,427.70856383180853,353.1417968948006
85,20,425.39690450714335,7.9604096384666585,0.8526442814075116,363.43990120926657,2.8496649152811155,425.39690450714335,363.43990120926657
85,15,419.4605275874743,8.669227988165513,0.853066687932523,373.5573687953699,1.8792797339711111,419.4605275874743,373.5573687953699
85,10,419.9181587702331,2.080580983817608,0.8459845429809141,385.5519905352798,1.7179857466331119,419.9181587702331,385.5519905352798
85,5,415.0410441574117,1.8447670700682741,0.8468810886191793,385.72088075419305,3.105909429964772,415.0410441574117,385.72088075419305
86,200000,0.48815150913814176,0.019169534517064612,0.8601086819274244,178.01125365541245,0.18769600160888894,0.48815150913814176,178.01125365541245
86,100000,0.876638360079967,,0.862736238037779,178.39610809912074,0.3370406955277945,0.876638360079967,178.39610809912074
86,40000,2.121179680821293,0.05339285076073205,0.8590734223754918,178.70043960265545,0.11233120105527,2.121179680821293,178.70043960265545
86,5000,12.795797199182077,0.21118993990820334,0.8614839258962124,177.28086582935728,0.2381570550254534,12.795797199182077,177.28086582935728
86,3000,21.21953619607384,0.26858825717547136,0.8629525733889895,176.87731476467812,0.32798880817427,21.21953619607384,176.87731476467812
86,2000,31.422633742899386,0.4752023978325346,0.8629411395335806,176.21072154785816,0.15432231217144768,31.422633742899386,176.21072154785816
86,1500,40.807051778829006,1.2626115816596064,0.8613781257366346,175.8375544411033,0.06975165489899432,40.807051778829006,175.8375544411033
86,1000,60.38609792559591,1.502487714879206,0.8628218027451012,176.32311471106343,0.26839876430407444,60.38609792559591,176.32311471106343
86,900,66.83361976123854,2.3590598652561017,0.861690869601881,176.65309456356587,0.20419372567394312,66.83361976123854,176.65309456356587
86,800,73.92384164992482,1.3851850657516704,0.8613488628377366,176.9437863680172,0.15829247923772835,73.92384164992482,176.9437863680172
86,700,83.9918459150298,2.1072102251833167,0.8601954672042535,177.8673388898046,0.3525793808876369,83.9918459150298,177.8673388898046
86,600,97.10900512375122,4.021448104662273,0.8610696231850645,178.9663721938295,0.48012741125327735,97.10900512375122,178.9663721938295
86,550,105.7454892435404,4.719633086982524,0.8610390187212654,179.87014182619896,0.49340380328989125,105.7454892435404,179.87014182619896
86,450,124.84384372096338,4.003354232840127,0.8622245387181818,181.38688237741158,0.2797684652344363,124.84384372096338,181.38688237741158
86,380,149.6647376703689,5.282314277784978,0.8601044077314749,184.75117937975267,0.8431839477156599,149.6647376703689,184.75117937975267
86,340,161.8552631511537,5.202061196874853,0.8611910826005511,187.58668900278127,0.9949424250673577,161.8552631511537,187.58668900278127
86,300,178.92363795567866,7.038964375700456,0.860637829106217,190.5273100835129,1.5950984744239582,178.92363795567866,190.5273100835129
86,220,239.09430459618542,2.858002178836457,0.8596228284769495,218.7615435834986,1.2740678060227388,239.09430459618542,218.7615435834986
86,180,260.5117850907944,,0.8641509585778805,232.32887814102165,2.7264233034054146,260.5117850907944,232.32887814102165
86,160,283.99558973382113,,0.8649233868154894,240.15792176902508,0.69031336511634,283.99558973382113,240.15792176902508
86,120,342.8493831697508,37.36084645213546,0.8599815111532074,276.8838717153664,0.14862820500582055,342.8493831697508,276.8838717153664
86,90,411.5820683129582,10.726127484392586,0.8578277081825116,298.0689561278031,0.43306172828698813,411.5820683129582,298.0689561278031
86,80,406.8398611245481,22.3340453560919,0.8592079499372399,307.97154399891195,2.9913109047965922,406.8398611245481,307.97154399891195
86,70,400.2856669527129,34.55786080942933,0.8612289922672571,327.9165619729438,5.484016508862423,400.2856669527129,327.9165619729438
86,65,428.9150339640126,,0.8567752822434169,329.37635764956366,5.394100454212895,428.9150339640126,329.37635764956366
86,60,425.27745893577924,4.300021856149267,0.8612781551232596,330.2623316922784,4.571627386034986,425.27745893577924,330.2623316922784
86,55,426.3936514752488,0.9640768588644647,0.8572606014150698,337.23087074949507,1.219087459540508,426.3936514752488,337.23087074949507
86,45,428.8528839083385,4.346734550116475,0.8573228822672522,342.68648573797515,3.30897218093285,428.8528839083385,342.68648573797515
86,40,426.88166168568637,4.4771091225205915,0.8579471931206709,357.664654706927,1.493314555694863,426.88166168568637,357.664654706927
86,35,429.98817421133293,2.83481581019009,0.860322895719122,360.8675856910159,1.1464831252550822,429.98817421133293,360.8675856910159
86,30,428.1107142363628,2.712804048127397,0.8594858268759047,354.77177041869777,15.069596533976904,428.1107142363628,354.77177041869777
86,25,428.0364927456414,3.17066462797632,0.8609040339012517,363.885776733694,1.2925389056809633,428.0364927456414,363.885776733694
86,20,428.4978017109759,2.7444174149762897,0.8631299237325877,364.2034299368588,0.9576469020423912,428.4978017109759,364.2034299368588
86,10,423.84000955169705,1.1835036358697795,0.8635869404562707,369.79923534682285,0.7520229237669498,423.84000955169705,369.79923534682285
86,5,419.66219197263996,7.462235878653681,0.8623359757062451,374.7903361323851,4.681997627105651,419.66219197263996,374.7903361323851
86,0,419.2808315949506,3.7031418490485746,0.8598752995351878,370.3153473555378,0.8835168922051629,419.2808315949506,370.3153473555378
87,400000,0.24959982014667528,0.01379343395603767,0.8702907829980419,179.2532111843127,0.525957034795039,0.24959982014667528,179.2532111843127
87,100000,0.9092897378884718,0.05333407605900199,0.867282869101429,178.31936260945508,0.2780289961222438,0.9092897378884718,178.31936260945508
87,5000,13.549873910895462,0.01422536242874597,0.8747404654709586,177.90183731180528,0.29275589204716174,13.549873910895462,177.90183731180528
87,3000,21.55319982072824,0.5337251192210488,0.87383833165565,176.89860097567075,0.01612335046274833,21.55319982072824,176.89860097567075
87,2000,31.675414196166543,0.6128403076143558,0.8730064736446468,176.20857849405138,0.2769664214873692,31.675414196166543,176.20857849405138
87,1500,41.68356259706695,1.2672713525751778,0.8697694307065984,176.07575276780656,0.08554572906327618,41.68356259706695,176.07575276780656
87,900,69.64433979843172,1.5099695911037356,0.8730900307100333,177.00684822294204,0.14208788797665842,69.64433979843172,177.00684822294204
87,800,77.44645283239612,1.0898323759572632,0.8725490621529545,177.8065280264749,1.0443558313968062,77.44645283239612,177.8065280264749
87,700,87.89569111970252,3.1565182420635294,0.8669915385540884,177.782025565007,0.25537007266961037,87.89569111970252,177.782025565007
87,600,99.75094580756546,1.9928390152421567,0.8680959978917695,178.99734412309306,0.2623308216926117,99.75094580756546,178.99734412309306
87,550,103.23822033992887,4.176555297182914,0.8674477098338514,179.34922847264968,0.1267722504934004,103.23822033992887,179.34922847264968
87,450,121.55501142792193,0.848650366718605,0.8668326573042127,181.88822666960718,0.24506209260632209,121.55501142792193,181.88822666960718
87,380,140.78512136839663,1.8308893297040765,0.8670015767921171,184.0590007931545,0.5461078243724895,140.78512136839663,184.0590007931545
87,340,154.83858842463945,1.8193696849209375,0.867151720354987,185.90282246268043,0.36603028988306546,154.83858842463945,185.90282246268043
87,260,213.35519725441753,5.44237594672549,0.8689056070667915,202.51476454680176,1.9117561316312295,213.35519725441753,202.51476454680176
87,220,219.62731546963582,3.865375492130503,0.8678348519227418,207.6378339314158,0.5917760344402135,219.62731546963582,207.6378339314158
87,200,235.72726098800706,9.410809051340866,0.867447671655436,215.9599051535471,2.5763654132357705,235.72726098800706,215.9599051535471
87,180,270.7824536660411,5.524429060162222,0.8701374635618361,230.3235673822094,1.444293181137794,270.7824536660411,230.3235673822094
87,160,293.85367735239663,10.042110514147037,0.8665983318061053,238.99053445059997,1.4634586898226907,293.85367735239663,238.99053445059997
87,140,301.1182597114952,8.102867465719926,0.8667020784703916,249.56281810876874,2.225218378965624,301.1182597114952,249.56281810876874
87,120,333.98688047590804,23.318372766807542,0.8677436729431676,258.9476957907713,7.766095867412539,333.98688047590804,258.9476957907713
87,100,360.71587460765215,19.131888793003252,0.8687564385945743,272.758105501851,9.99223048279467,360.71587460765215,272.758105501851
87,90,364.1076083064601,7.8084278011345365,0.8655531090993055,276.2691310339912,1.009159192589282,364.1076083064601,276.2691310339912
87,80,365.6256084447466,2.3610458356192408,0.8663518469185476,280.98272840815065,0.893964788438946,365.6256084447466,280.98272840815065
87,70,391.80211488863193,21.015551639961828,0.8684539900082958,286.6424777380221,1.6321574658528877,391.80211488863193,286.6424777380221
87,65,390.55395924707335,9.891236040323585,0.8666759364876883,292.19028064359014,2.9292820500650447,390.55395924707335,292.19028064359014
87,60,404.44088566261667,17.619461601567775,0.8675897605619907,311.22329308460303,26.788878735262852,404.44088566261667,311.22329308460303
87,55,395.8951985454167,6.233934621305883,0.8664992557553178,299.3588229339284,2.480015200653843,395.8951985454167,299.3588229339284
87,50,405.18696730741937,2.6378666393340384,0.8667613180360361,299.71766111765936,1.6367968881723298,405.18696730741937,299.71766111765936
87,45,410.28967670746107,1.1511380793771118,0.8674236983820572,303.9867060869495,1.766364620172626,410.28967670746107,303.9867060869495
87,40,416.0465502300667,1.8688792779470416,0.8669880386759266,314.3237371457906,1.0783407333568455,416.0465502300667,314.3237371457906
87,35,426.3766924965043,0.31975208838149843,0.8681828557219334,331.00362648411607,0.8226981869959703,426.3766924965043,331.00362648411607
87,30,423.6227211104171,1.3010728933437716,0.8671987958514039,334.86940199408093,1.8658080201958414,423.6227211104171,334.86940199408093
87,25,422.77197507676465,1.8297084227776759,0.8674858242691297,339.67666355002524,1.0570403953655305,422.77197507676465,339.67666355002524
87,20,421.75107133361075,4.342363400235208,0.8687233366561884,343.0153152095016,0.41517411824901407,421.75107133361075,343.0153152095016
87,15,423.20415051337864,3.344700633348457,0.8659729074296024,361.4398950723628,2.336823413846897,423.20415051337864,361.4398950723628
87,0,423.0316037309005,3.6141709693606883,0.8725757214311555,362.5780460792461,2.3729488514742934,423.0316037309005,362.5780460792461
88,400000,0.2523865176132435,0.011732082462787858,0.881487170985376,179.16363325856773,0.17328021966988175,0.2523865176132435,179.16363325856773
88,40000,1.8873380398439037,0.014874915053447721,0.8813399189204755,178.59085028503,0.5077344613140445,1.8873380398439037,178.59085028503
88,3000,20.884302214724258,1.1368855280604124,0.8809938547488492,176.98281057656152,0.2594299175164777,20.884302214724258,176.98281057656152
88,2000,30.977790027420298,1.828574046945233,0.8792463673756588,176.53761416759258,0.5108966012133243,30.977790027420298,176.53761416759258
88,1500,40.04487682488534,3.3390259980509778,0.8805266568041213,176.3206283558243,0.18592010277837961,40.04487682488534,176.3206283558243
88,1000,59.33151710078382,4.981847634037123,0.8796794215625677,176.406979525713,0.29265490208324013,59.33151710078382,176.406979525713
88,800,68.93013033183571,1.4190824136794822,0.8834631534357575,176.92962386317367,0.20319818694814273,68.93013033183571,176.92962386317367
88,700,80.91566981150773,4.7314741658379065,0.8808801486614963,177.45293775792507,0.11698706095295534,80.91566981150773,177.45293775792507
88,550,97.04141283305428,3.9817624051611915,0.8828619841426248,178.67302179538328,0.2274109741960836,97.04141283305428,178.67302179538328
88,450,114.12203243332351,1.8800920479423917,0.8810688466674911,180.63474119885822,0.45894047178086744,114.12203243332351,180.63474119885822
88,380,135.9796616333225,0.79854631898514,0.8794928685022971,182.79893590302686,0.20267741475135628,135.9796616333225,182.79893590302686
88,340,148.60355793142296,2.3469299727101376,0.8795851664000415,184.33606413977031,0.2736549384867589,148.60355793142296,184.33606413977031
88,300,172.80835483238877,12.856504564073335,0.8804803839257002,187.83899300849825,2.041385991501395,172.80835483238877,187.83899300849825
88,260,230.1055767444743,3.857485121400566,0.8835743167852406,207.34453577799687,1.7763256471336089,230.1055767444743,207.34453577799687
88,220,243.18946279602045,3.2556707847619526,0.8844311948374508,211.09053418040295,5.1011182678078475,243.18946279602045,211.09053418040295
88,200,249.57039815891386,16.427088065918387,0.8825582651743531,222.4130588804259,1.4928326690059626,249.57039815891386,222.4130588804259
88,180,301.00459319165003,29.72893685419859,0.8825944038157002,242.84758186786758,3.273984912890104,301.00459319165003,242.84758186786758
88,140,352.2968699762933,31.700272041154182,0.8813233716515582,256.92161280056234,8.557190959782197,352.2968699762933,256.92161280056234
88,120,362.9290245685804,33.670293091361664,0.8817069315219772,277.06809171758493,2.990759504976684,362.9290245685804,277.06809171758493
88,100,409.60183824849975,5.404196794782805,0.8814777458634847,286.0827442997069,5.378060395691725,409.60183824849975,286.0827442997069
88,90,418.3255022396163,2.837619200650917,0.8818024175682068,298.4647652764738,5.247759324707521,418.3255022396163,298.4647652764738
88,80,418.74139800253374,10.370798701456705,0.8805561267246356,307.40846789434113,15.596995919571487,418.74139800253374,307.40846789434113
88,70,430.6618860820435,4.184277763333112,0.8816510735628019,312.9604913708918,3.6124913851854736,430.6618860820435,312.9604913708918
88,65,421.20041734274315,12.645185029897888,0.8811529450205389,317.91212203398504,2.33108140142613,421.20041734274315,317.91212203398504
88,60,433.21611811673824,3.468388655186795,0.8812577668301254,318.6535667883498,5.69046104195502,433.21611811673824,318.6535667883498
88,55,427.19757158446856,4.922971723725957,0.8800797269149088,321.62299126812144,14.520805524027004,427.19757158446856,321.62299126812144
88,50,423.65746694819444,3.535034538585414,0.881611087981628,331.48651568244935,1.120668077213318,423.65746694819444,331.48651568244935
88,45,432.0171390330749,9.390853658750894,0.8822513912223191,331.5837796924492,1.4816218376016916,432.0171390330749,331.5837796924492
88,40,436.63657433075394,2.5121559770960262,0.8819110190472395,337.9314948903159,1.7997236478234122,436.63657433075394,337.9314948903159
88,35,433.7364031125581,5.017444947465577,0.882295337675015,345.8391498407025,11.976623446863071,433.7364031125581,345.8391498407025
88,30,437.1923537837678,1.7289174269503294,0.8826010702573708,346.12040291662237,1.7091916939840415,437.1923537837678,346.12040291662237
88,25,436.6768918210466,0.9922600130576377,0.8826395193311064,342.81017482575527,3.0010286207597447,436.6768918210466,342.81017482575527
88,20,435.7952633283312,3.285302726932101,0.8831365667617123,345.1999484808287,0.6837821709066031,435.7952633283312,345.1999484808287
88,15,433.07820359763315,2.981236697267848,0.8816303355686205,349.57698596472534,1.6769911988049966,433.07820359763315,349.57698596472534
88,10,425.07378189708515,3.727248431480017,0.8796775811882278,359.3912089781997,10.974663543040904,425.07378189708515,359.3912089781997
88,5,426.57340656557136,1.6742388737916298,0.8760319994005323,364.46530493793375,3.1789078805541866,426.57340656557136,364.46530493793375
89,200000,0.482726547426759,0.036554040580787865,0.8904785257907329,178.23621095535543,0.16967591191848957,0.482726547426759,178.23621095535543
89,5000,12.815816825467172,0.2580351763713759,0.8902045746870877,177.48275237805296,0.18196169338422657,12.815816825467172,177.48275237805296
89,900,60.93165566810703,0.9846491452733025,0.8856950690447931,176.64750561130901,0.2159795206625634,60.93165566810703,176.64750561130901
89,800,70.15180877687348,1.314898848191586,0.8917942643862912,176.6831405945824,0.0480175890001528,70.15180877687348,176.6831405945824
89,700,80.60858136561774,1.3050869920460486,0.8927297310613547,177.09155597216534,0.06308085316741667,80.60858136561774,177.09155597216534
89,600,90.46212651760364,0.4758386471612659,0.8918850974291284,177.85989485748385,0.12150945650515492,90.46212651760364,177.85989485748385
89,550,99.30793277663288,0.47174902356061854,0.8936549985755513,178.61809004603234,0.17776798173135272,99.30793277663288,178.61809004603234
89,450,117.20566843123613,1.2701686715335252,0.8910990342982071,180.1806520378798,0.030583265589766616,117.20566843123613,180.1806520378798
89,380,138.95110228989748,1.001866487287081,0.8909733574662363,182.57628286365102,0.10064071046689167,138.95110228989748,182.57628286365102
89,340,154.56901104450301,1.9530259620382204,0.8898868867645277,184.37487859468322,0.31739696128622635,154.56901104450301,184.37487859468322
89,260,197.75998410019326,5.256706184254198,0.88932288576346,195.45918869415425,1.9628753639983016,197.75998410019326,195.45918869415425
89,220,212.44384807989505,10.256824495977288,0.890027480855509,199.2647791079199,1.8714749035133036,212.44384807989505,199.2647791079199
89,200,221.8589378782817,1.439841622761155,0.8905875407115632,205.21501470785657,2.1308305444250006,221.8589378782817,205.21501470785657
89,180,254.73329842472177,4.526912508612164,0.8882166175211548,221.80511715952142,2.986307304864245,254.73329842472177,221.80511715952142
89,160,286.5576051696379,39.87087497335758,0.8899789652614551,238.55780244285663,13.78452248591343,286.5576051696379,238.55780244285663
89,140,301.9289401602349,20.290635025122747,0.8897403861731495,237.5251000897288,1.1624873213608193,301.9289401602349,237.5251000897288
89,120,316.27928592893704,9.03841511789753,0.8886643154623597,248.51718066132852,2.8680811569323357,316.27928592893704,248.51718066132852
89,100,340.51341417315837,4.959270287524342,0.8890395281659198,256.28904450286456,0.7470632160203845,340.51341417315837,256.28904450286456
89,90,362.25071650955266,17.45477347820902,0.8886846341046265,262.40571191253383,0.8305386503769387,362.25071650955266,262.40571191253383
89,80,368.0342109686794,5.1708810383158035,0.8905668640917556,268.13186014640024,2.4098804599142087,368.0342109686794,268.13186014640024
89,70,379.62684548246307,0.876717701266449,0.8893885522754935,274.56613209921966,0.9520015331996285,379.62684548246307,274.56613209921966
89,65,386.2117714496165,4.3194493260059135,0.8900761179264771,277.6247072663475,1.5406132782825155,386.2117714496165,277.6247072663475
89,60,390.63795584966846,4.385895904840806,0.8899645458248856,281.60635729596316,1.8267517125976391,390.63795584966846,281.60635729596316
89,55,399.83974416903624,10.571331958479814,0.8900317037703585,285.20978977377473,1.34392730222037,399.83974416903624,285.20978977377473
89,50,409.3457199141916,12.081088918569073,0.889002137351788,298.4780843978156,23.563179262708935,409.3457199141916,298.4780843978156
89,45,411.90252560377183,13.090020394966297,0.8898162535248589,310.4447444996892,30.21168798870939,411.90252560377183,310.4447444996892
89,40,421.33124102207046,10.9084543444438,0.8902497102910063,313.70069333870475,20.391939259201518,421.33124102207046,313.70069333870475
89,35,428.9414648603927,3.5521250831893343,0.8899952280492941,314.52442050494227,2.8277927135884617,428.9414648603927,314.52442050494227
89,30,426.7560158516781,4.838726830705603,0.8913655879432666,319.08770078989033,0.11219119527981901,426.7560158516781,319.08770078989033
89,25,429.089770397589,2.0339673606759834,0.8913714334244389,324.9064101829993,1.0030580509045193,429.089770397589,324.9064101829993
89,20,426.3475736226928,4.070442102426188,0.8908405694221019,329.91799987987923,2.0434923559062863,426.3475736226928,329.91799987987923
89,15,435.14873084659047,2.9154138825900047,0.8892067802288616,343.3567581371108,3.692863942897906,435.14873084659047,343.3567581371108
89,10,429.95543152064164,2.267948370200191,0.8902174967998655,354.85650925998635,1.124528628872994,429.95543152064164,354.85650925998635
89,5,432.26574059624437,3.3118828573043153,0.8881309146562946,357.1885248998721,4.706635753390144,432.26574059624437,357.1885248998721
89,0,432.18810964163947,3.137670053052215,0.8853625723878419,351.1772684296332,1.6823325021313926,432.18810964163947,351.1772684296332
92,400000,0.25384010370725457,0.018021784537648432,0.9217599608442928,179.29534838018137,0.19523934911437976,0.25384010370725457,179.29534838018137
92,200000,0.47630314204607344,0.0360493018691989,0.9216136442365839,178.0001341989929,0.0857685702667576,0.47630314204607344,178.0001341989929
92,100000,0.8094717249200062,,0.9188827671863522,178.36065790971497,0.2743885348778411,0.8094717249200062,178.36065790971497
92,40000,1.8428942409282216,0.06272701038572197,0.9231669805571614,178.75376961507274,0.1818014324208397,1.8428942409282216,178.75376961507274
92,5000,12.157737555042141,0.12237297666111523,0.9190679395547198,177.72762426169746,0.12086569296442728,12.157737555042141,177.72762426169746
92,3000,19.682417665545024,,0.9193378102489151,176.85099057346977,0.10276381163020777,19.682417665545024,176.85099057346977
92,260,179.41870327122206,1.5613891481444766,0.9163439077986997,188.99341497847794,0.8019338049079147,179.41870327122206,188.99341497847794
92,220,191.30336934847526,0.7738265322522279,0.9180777997634669,191.54720825647223,0.3430190993743237,191.30336934847526,191.54720825647223
92,200,205.18806265337847,0.6326162875745767,0.9188162143238884,195.50744739679558,0.5446452439687606,205.18806265337847,195.50744739679558
92,180,230.2360418915653,1.6069019660389432,0.9176308424038614,205.44141119721795,0.7406646725907527,230.2360418915653,205.44141119721795
92,160,243.56599077271164,0.17008870825423505,0.9196708418641266,212.0102836719243,2.152297146263297,243.56599077271164,212.0102836719243
92,140,261.9442478187256,2.707111329946367,0.9194167475478588,220.74753690267718,2.1682809934242435,261.9442478187256,220.74753690267718
92,120,278.1010633115207,1.4607949815550936,0.9188248520377155,229.80293079500993,0.9919614851205396,278.1010633115207,229.80293079500993
92,100,306.30012134423663,3.9317078421092586,0.9213898352040234,240.56471575315686,2.5570180990532485,306.30012134423663,240.56471575315686
92,30,406.63374843498946,,0.9239631037623274,291.8451894399663,3.0854128088887944,406.63374843498946,291.8451894399663
92,5,443.4276558537035,2.5201139390138105,0.9207436577941223,336.5979939612919,3.4382394800960894,443.4276558537035,336.5979939612919
93,400000,0.2393138325550409,0.013009886559652399,0.9324055245858829,179.85083965002093,0.5024330488574106,0.2393138325550409,179.85083965002093
93,200000,0.44760643010851425,0.02052123558235264,0.9320702568319245,178.2657136660655,0.16623034869679162,0.44760643010851425,178.2657136660655
93,100000,0.8131380590187013,0.03556795336346781,0.931976621187415,178.13827171512978,0.27265203461238574,0.8131380590187013,178.13827171512978
93,5000,11.15476157989499,0.23083354919566854,0.9286405453583765,177.79341483646877,0.07694648625473156,11.15476157989499,177.79341483646877
93,3000,18.0093741829963,0.20174592379060843,0.9279616803892153,177.00776705981016,0.06354984855261334,18.0093741829963,177.00776705981016
93,1000,50.56684417861679,1.6151303814579057,0.9330557299308342,176.41969182035476,0.04071216456624289,50.56684417861679,176.41969182035476
93,900,55.64841234386577,0.049295693979677556,0.9315205244973941,176.2885415833599,0.09043092377084991,55.64841234386577,176.2885415833599
93,700,69.40511270453148,1.2419089455743528,0.9323666894697763,176.83630812957995,0.10519234275850343,69.40511270453148,176.83630812957995
93,550,88.27562381380595,0.5834218021579431,0.9317648452609023,177.78563841351743,0.30585826078305206,88.27562381380595,177.78563841351743
93,450,102.44878425021231,1.2249545091509029,0.9320835117261858,178.9952016588484,0.08979967632438754,102.44878425021231,178.9952016588484
93,380,120.91389729968894,0.72347511559741,0.9312548310988807,180.81043836748418,0.1367839294342835,120.91389729968894,180.81043836748418
93,340,134.35064058279147,0.5186542058293969,0.9321185020195646,182.17998042348086,0.3057542600478136,134.35064058279147,182.17998042348086
93,300,149.01269855822423,2.176379303373589,0.9307672417322174,183.8165680951063,0.021145180922019134,149.01269855822423,183.8165680951063
93,260,182.75920939736508,0.8809877842601423,0.9285320294773728,189.2150717026236,0.3143035907677602,182.75920939736508,189.2150717026236
93,180,235.02178198184365,5.291309942479116,0.9299731059392755,203.95886259740595,2.4507751533068065,235.02178198184365,203.95886259740595
93,160,252.86054460193898,4.203156807606412,0.9313777041990744,211.54544365250317,1.8253233688211636,252.86054460193898,211.54544365250317
93,140,271.39185941658144,1.1218265424626068,0.9324156760257073,220.7903828416186,0.368565047138593,271.39185941658144,220.7903828416186
93,120,287.45686506521866,2.5805045631719574,0.9316371624237347,228.41065402656167,1.1211404371146043,287.45686506521866,228.41065402656167
93,100,315.10271898739046,10.714470758327097,0.9335043924685005,236.80152119646974,3.2460850519725,315.10271898739046,236.80152119646974
93,90,324.149314993614,10.444646090059937,0.9314908474347174,243.92365416510026,1.736515039369907,324.149314993614,243.92365416510026
93,80,321.7900422092879,0.5958407412041539,0.9263092069137981,247.8045204138981,1.6898120843693827,321.7900422092879,247.8045204138981
93,65,349.0499826772438,2.044082052926623,0.9269125616306211,254.83442736671358,2.582260844431452,349.0499826772438,254.83442736671358
93,60,350.53260150861803,2.1779383849893756,0.9277239852779173,254.25173991503834,1.4482324946078033,350.53260150861803,254.25173991503834
93,50,364.625181138604,1.853305100017642,0.9303834193340047,259.52979176183385,0.7699468488990993,364.625181138604,259.52979176183385
93,35,401.90750056846207,0.10237202309644186,0.9277783758507945,280.69103250856784,3.7597435184209274,401.90750056846207,280.69103250856784
93,25,409.3980757635013,2.923385774985021,0.9309108797591428,289.5722342436014,1.3422611356291756,409.3980757635013,289.5722342436014
93,15,432.6197547816575,1.5091291938877265,0.9257889080023494,314.9187865144949,10.446183457224471,432.6197547816575,314.9187865144949
93,10,444.88327275960467,1.4972231039953015,0.9326020355709255,323.9400648753283,0.5846635699974226,444.88327275960467,323.9400648753283
93,5,446.17943755567177,0.8040677489240255,0.9345514758646724,332.3254418637821,0.2197978456238961,446.17943755567177,332.3254418637821
93,0,437.4862681109209,9.0942232928826,0.9332262099020222,330.03234334785117,3.46255030854083,437.4862681109209,330.03234334785117
94,400000,0.22997422599308046,,0.9393538455468599,180.31724782080278,0.12460661481924686,0.22997422599308046,180.31724782080278
94,200000,0.43124882469953557,0.020643402995778416,0.9380566160536262,178.3756911701971,0.06716308814803273,0.43124882469953557,178.3756911701971
94,100000,0.8011335035752111,0.03852838256406999,0.9407966528845764,178.02627709635092,0.04628385133748598,0.8011335035752111,178.02627709635092
94,40000,1.7035700647753491,0.032225948905215164,0.9395010036126894,178.6843820814646,0.1495991432319939,1.7035700647753491,178.6843820814646
94,5000,11.23111160903004,0.31133583615518795,0.9410613330784026,178.01664571032583,0.06600772438735002,11.23111160903004,178.01664571032583
94,3000,17.66803514181666,0.5998852022414339,0.9435975358209294,177.30020631164675,0.18486224240348686,17.66803514181666,177.30020631164675
94,2000,26.00785573508954,0.3862112391152147,0.9407968351772512,176.66343078097304,0.07931812832454344,26.00785573508954,176.66343078097304
94,1500,33.804031758678114,0.6593672341454152,0.9382484397556934,176.34127455537507,0.09999158566466257,33.804031758678114,176.34127455537507
94,1000,49.01955701157758,0.6801864967041861,0.9381185401805215,176.08567095253753,0.09508849007867,49.01955701157758,176.08567095253753
94,900,56.07635122306155,1.1682652920822503,0.9391040362265818,176.2365121454478,0.13189095079078755,56.07635122306155,176.2365121454478
94,800,60.72873559461643,1.1414117427034953,0.9382542698202344,176.3549218347899,0.09633061676879898,60.72873559461643,176.3549218347899
94,700,71.25798320465132,2.332666701828423,0.937274151100639,176.66197528660737,0.21468360559258162,71.25798320465132,176.66197528660737
94,600,80.00348062894669,0.7160628050495823,0.9377457184042509,177.2848288018,0.06976236039370085,80.00348062894669,177.2848288018
94,550,88.05562261673144,3.1450587260489753,0.9370765456050948,177.72653312030312,0.18188688799714908,88.05562261673144,177.72653312030312
94,450,105.54413560305107,1.9174228940039773,0.9370528987788656,179.00107971901207,0.07394885324255142,105.54413560305107,179.00107971901207
94,380,123.08846468314793,1.4549880858263107,0.9372625830133657,180.77743654120664,0.3287616104067633,123.08846468314793,180.77743654120664
94,340,136.69842571171645,1.2470929511595132,0.9370078401937594,182.20968072466553,0.3736051669220955,136.69842571171645,182.20968072466553
94,300,156.37512103818815,1.6626131761995695,0.9369519035375143,183.97137309456375,0.23500256363208225,156.37512103818815,183.97137309456375
94,260,187.0022318556238,1.695490783819632,0.9370886238150479,188.20360232152393,0.20825267593879743,187.0022318556238,188.20360232152393
94,220,197.78556148683396,4.744452217592747,0.9372215944155933,190.77371356237379,0.3565542880927733,197.78556148683396,190.77371356237379
94,200,210.0828810018251,6.771460481290528,0.9365746693658945,194.17230257186634,0.9284293521252136,210.0828810018251,194.17230257186634
94,180,258.2481942664601,2.8691186860218387,0.9371521021621181,211.3587395404852,2.7929506454752273,258.2481942664601,211.3587395404852
94,160,278.03327760945825,15.120320930210465,0.9365587376052629,220.086502486544,2.7924038434009706,278.03327760945825,220.086502486544
94,140,319.5701076398888,7.361501516724123,0.9371699660596708,234.9226841225053,1.4020172191957034,319.5701076398888,234.9226841225053
94,120,343.08389696493504,9.143036900492254,0.9360229873263366,240.7218694932213,2.0951803536008087,343.08389696493504,240.7218694932213
94,100,367.9151527661366,10.212093908921783,0.9363768381039561,257.9925967583719,3.5707368909174066,367.9151527661366,257.9925967583719
94,90,390.65511825820334,22.358934809621402,0.9358686243651473,260.7143581595528,4.123944419987254,390.65511825820334,260.7143581595528
94,80,367.67151061092784,38.92997927577266,0.936543727394729,259.2170749987317,12.579142878285424,367.67151061092784,259.2170749987317
94,70,379.06300517270785,38.7573523206788,0.9366931180580501,260.9635840248272,12.840530149599141,379.06300517270785,260.9635840248272
94,65,380.55617137288357,39.08746803535375,0.9375325340422641,265.86389181024896,13.106313355961028,380.55617137288357,265.86389181024896
94,60,393.73110448814396,34.01704053456296,0.9377664693218333,269.1071405974629,14.559283190622052,393.73110448814396,269.1071405974629
94,55,387.2356812604109,37.911256391085786,0.9379946487573723,266.6729758193692,15.621266488822119,387.2356812604109,266.6729758193692
94,50,397.8524679402188,38.060860200337345,0.9400528611666964,273.1945122179937,16.81052757266961,397.8524679402188,273.1945122179937
94,45,395.88173434147785,36.82848691667402,0.9391263897385569,272.38383146115007,17.369829135558536,395.88173434147785,272.38383146115007
94,40,407.0745214520174,29.6636269192349,0.9379503210970278,282.7581716238064,16.338237185063623,407.0745214520174,282.7581716238064
94,35,424.11007595574637,23.270284607948103,0.9390786374900724,297.8068790345271,17.503945983890794,424.11007595574637,297.8068790345271
94,30,436.05894548988147,22.162532783667224,0.9395022885757844,298.74704013286396,17.473579842560078,436.05894548988147,298.74704013286396
94,25,430.9843166397308,18.139199616295272,0.938897357538931,302.46874188873267,15.036853043496741,430.9843166397308,302.46874188873267
94,20,435.5091196681118,15.911013281592691,0.9381347958375569,302.44251112185924,12.633019227581926,435.5091196681118,302.44251112185924
94,15,442.53618884366927,6.163246798182851,0.9374060681858356,320.00288712624075,7.155252304773834,442.53618884366927,320.00288712624075
94,10,445.2012350108404,2.9435725231139194,0.9376725277706117,322.89677753256916,1.1942744534626197,445.2012350108404,322.89677753256916
96,400000,0.2234855859143392,0.008045808025883157,0.9589474250703848,181.14601928376882,0.7380847208858582,0.2234855859143392,181.14601928376882
96,200000,0.40870549205211043,0.018960748374213972,0.9620589911243232,178.14215596515,0.1199003606756275,0.40870549205211043,178.14215596515
96,40000,1.6343991546705532,0.007801214107208748,0.956833278164201,178.52400394806546,0.12535982459090092,1.6343991546705532,178.52400394806546
96,3000,16.18461640494292,0.16279287603821715,0.9623149537791198,177.42205245009595,0.1357582185011709,16.18461640494292,177.42205245009595
96,2000,25.305528947193256,0.5720494651754517,0.960627736185236,176.6128379266885,0.03507829171241164,25.305528947193256,176.6128379266885
96,1500,32.92191075839726,0.8737522399352148,0.9609075496054181,176.43046249919232,0.10243992581572696,32.92191075839726,176.43046249919232
96,1000,46.492013156432556,0.8287892622900199,0.9631861972400889,176.19494224550385,0.01794463410283137,46.492013156432556,176.19494224550385
96,900,53.82705698341969,1.944700957272408,0.9619856866100894,176.43831835988726,0.2255900887076089,53.82705698341969,176.43831835988726
96,800,58.27563944871836,0.10425091841492619,0.9607940376935353,176.10849628597816,0.045825874411414565,58.27563944871836,176.10849628597816
96,700,64.68617140763018,0.3731314916969618,0.9612562772643553,176.3787631662643,0.1396659087119855,64.68617140763018,176.3787631662643
96,600,75.39125881903925,0.27917381388810586,0.961891286701191,177.2392562022122,0.1226876103909516,75.39125881903925,177.2392562022122
96,550,82.2829045364839,0.6717393539081694,0.9612806827351562,177.38453088533126,0.14625656549126684,82.2829045364839,177.38453088533126
96,450,96.87203814152171,0.4713222943053896,0.9606981933885471,178.58583167495757,0.176259225851429,96.87203814152171,178.58583167495757
96,380,117.20709547216381,2.7897058787700315,0.9591904284295422,179.92391226312125,0.35271620805028076,117.20709547216381,179.92391226312125
96,340,126.79139605488201,3.9249457869646394,0.9610906163553178,181.05445310560253,0.35025533648454865,126.79139605488201,181.05445310560253
96,300,135.62731319242803,3.485746748096797,0.9626780802321804,182.05818485410998,0.04886909295127087,135.62731319242803,182.05818485410998
96,260,177.64959396384552,6.63784386365297,0.9586485292335087,186.16386158108358,0.8722878566901644,177.64959396384552,186.16386158108358
96,220,195.60616864429142,1.3649062745116938,0.9571260583552222,189.03201863737172,0.700528006739518,195.60616864429142,189.03201863737172
96,200,211.7658839210652,1.3105468979155959,0.9572232644115339,192.46455213490867,0.8645250232043669,211.7658839210652,192.46455213490867
96,180,232.8465522324349,6.871264183168771,0.9584270455896778,196.05729130602288,1.1972172426739645,232.8465522324349,196.05729130602288
96,160,262.8929287871618,6.679606653514893,0.9570795072783711,208.5625533395189,6.433663986646492,262.8929287871618,208.5625533395189
96,140,302.5672029071387,9.55343921921724,0.9564569417546286,223.69912923024046,4.350143551427882,302.5672029071387,223.69912923024046
96,120,313.611717675129,7.390209965849406,0.9561862333892645,228.40394007731928,0.9311538736979048,313.611717675129,228.40394007731928
96,100,333.8169701173452,5.361925165995605,0.9559481269590835,236.2383571824893,2.324823383319044,333.8169701173452,236.2383571824893
96,90,329.44521557520017,6.1573723494668124,0.9564120665005093,233.94605356177442,2.1453399867496765,329.44521557520017,233.94605356177442
96,80,341.77395197036844,6.002197113005109,0.9567187281028748,242.07945446248243,2.4295292392309693,341.77395197036844,242.07945446248243
96,70,370.7863539210635,6.008730288810168,0.9563943400217704,249.8990275934178,2.035609489991445,370.7863539210635,249.8990275934178
96,65,362.7339826489822,11.400659511325365,0.956729900889167,250.339201463928,0.26535713571010733,362.7339826489822,250.339201463928
96,60,357.0302814694772,14.668401547437869,0.957995932492952,245.346730558303,4.584425900892087,357.0302814694772,245.346730558303
96,55,362.6828588137071,12.657138722168213,0.9566351310376948,251.0844263085547,4.7546916307475104,362.6828588137071,251.0844263085547
96,50,383.49481358037156,12.630501820063836,0.9563972462053837,257.9884890566785,3.4473676954865837,383.49481358037156,257.9884890566785
96,45,385.7116996141138,7.6776439948208095,0.9565453577880936,259.1439264062844,4.3918130982210215,385.7116996141138,259.1439264062844
96,40,403.10042718240584,8.511566986913826,0.9572350563163735,262.7212471477521,3.0512639383017555,403.10042718240584,262.7212471477521
96,30,439.8084681204882,12.8581756913582,0.957357785398172,288.24216988152756,1.05687435668014,439.8084681204882,288.24216988152756
96,25,443.65036810774427,5.8784984998039,0.957604455471775,291.26097228460316,2.3828868579086095,443.65036810774427,291.26097228460316
96,20,442.26952041787087,2.2468400434088807,0.9574957142117473,295.9739669525853,0.1970101980599722,442.26952041787087,295.9739669525853
96,15,454.83624951118514,1.0143678068484108,0.9575260093261925,314.821165779877,3.1061317277936524,454.83624951118514,314.821165779877
96,10,453.32047774811963,3.2825783060066756,0.9594749812431026,312.94231496261324,2.35444260268341,453.32047774811963,312.94231496261324
96,5,448.93024747005023,7.246752407075553,0.9602071018090422,320.59503334416377,3.0460503371059158,448.93024747005023,320.59503334416377
98,200000,0.40332418897437483,0.017732928607376488,0.9794316475202062,178.68181091758754,0.41795457718680257,0.40332418897437483,178.68181091758754
98,100000,0.7296464301535579,0.03422224816035891,0.980706385768488,177.913209851386,0.15243995985552694,0.7296464301535579,177.913209851386
98,40000,1.4940417917598954,0.019938000012543734,0.9795387573755822,178.54567242110102,0.2053835224706594,1.4940417917598954,178.54567242110102
98,5000,9.75614187284021,0.03005541192262189,0.9822479075749072,178.23582945618864,0.1751282174475784,9.75614187284021,178.23582945618864
98,3000,15.687974146189589,0.40434461131938665,0.9816523845039558,177.67208201191363,0.17815383917721633,15.687974146189589,177.67208201191363
98,2000,22.336066771520716,0.22811909040046924,0.9809486806461302,177.0943881690598,0.08206499048696039,22.336066771520716,177.0943881690598
98,1500,28.93766050041835,0.5222878938246558,0.9802566286911613,176.89861060872087,0.19902330627603007,28.93766050041835,176.89861060872087
98,1000,43.48164652594692,0.6411387991473452,0.9800758981532987,176.43243656944568,0.20072892396471118,43.48164652594692,176.43243656944568
98,900,47.537244049522144,0.976427702823612,0.9804567155162568,176.43177443980485,0.14852465836384587,47.537244049522144,176.43177443980485
98,800,53.00825601389792,1.0816417980583732,0.9803501117950844,176.34124609873618,0.19233175096296182,53.00825601389792,176.34124609873618
98,700,60.66150331099226,0.8045285274690677,0.9802650479925407,176.62036854584326,0.18131076328713655,60.66150331099226,176.62036854584326
98,600,68.09321207385413,1.2054634161783624,0.9800165735031648,176.79730965129966,0.1037054439676111,68.09321207385413,176.79730965129966
98,550,74.93283923424487,2.313304397265973,0.9801163987032532,177.04115383132284,0.29140692610771823,74.93283923424487,177.04115383132284
98,450,88.53119869827627,1.924452437621038,0.9803940187633501,178.0734712494129,0.23869736317907211,88.53119869827627,178.0734712494129
98,380,106.60070280751683,1.2240131130363272,0.9808591427584789,179.13892631336137,0.10684715185861285,106.60070280751683,179.13892631336137
98,340,115.77848766833807,1.6147187858927678,0.9804959772807345,180.02378835782596,0.672944519905083,115.77848766833807,180.02378835782596
98,300,127.64542725931558,1.8725061953112698,0.9803283254918679,180.58688048774198,0.21483735371975815,127.64542725931558,180.58688048774198
98,260,155.34185667009515,0.21876196508180226,0.9811833511434095,183.84513328528513,0.49521738300905194,155.34185667009515,183.84513328528513
98,220,165.11543405429302,0.8396775651433935,0.9816752997578567,184.54856143749507,0.29699915585535464,165.11543405429302,184.54856143749507
98,200,177.52470958602603,0.8373005474957954,0.9817955840842411,186.64981201117087,0.15122029356599775,177.52470958602603,186.64981201117087
98,180,202.05896821125188,0.5327801330205656,0.9811477309863461,190.3002674969165,0.3876292788955863,202.05896821125188,190.3002674969165
98,160,220.29583216642297,0.44042123289541274,0.9811728421575482,193.50009801184157,0.6777398122554475,220.29583216642297,193.50009801184157
98,140,238.7918173125215,1.8455122542458349,0.9812963405441281,197.72166564961864,0.4712663608570786,238.7918173125215,197.72166564961864
98,120,255.6560572546463,1.723983069241104,0.9812171656269095,202.68894316068716,1.046118112347983,255.6560572546463,202.68894316068716
98,100,280.9667432765921,2.2171976310379997,0.9817095271076943,210.46462444455415,0.8696181678132587,280.9667432765921,210.46462444455415
98,90,297.28017252357193,1.3991846855970187,0.9818885738782083,216.63286100695998,1.4069496801065193,297.28017252357193,216.63286100695998
98,80,312.3653897700315,2.8301672023052484,0.9824166132708371,222.34410656758482,2.2755631929917004,312.3653897700315,222.34410656758482
98,70,322.4881741678183,0.7847806374006722,0.9828429047961964,226.32893070109063,0.2588990808901978,322.4881741678183,226.32893070109063
98,65,330.0399027555828,1.0072039152000267,0.9827638876568291,230.41515495037342,0.7011146671118313,330.0399027555828,230.41515495037342
98,60,330.6981430760154,1.2536605686807023,0.9830627914773337,230.70482810394228,0.7374721756413537,330.6981430760154,230.70482810394228
98,55,337.3300397870889,3.1434660341837435,0.9834677206730177,233.90469065790276,1.4551085703575533,337.3300397870889,233.90469065790276
98,50,347.03163966610947,3.0411846519599934,0.9832727295397401,237.2016172197556,0.8747683610375999,347.03163966610947,237.2016172197556
98,45,349.7249580748747,0.8317979375535839,0.9841261888130307,238.17394631728678,0.41982767878812055,349.7249580748747,238.17394631728678
98,40,366.625503755299,0.6583619220550125,0.9837386471318115,245.53794054902934,0.5922015732822447,366.625503755299,245.53794054902934
98,35,385.1145446719872,3.4164289896746265,0.9834816294318718,255.98901159137912,1.2394255920400101,385.1145446719872,255.98901159137912
98,30,390.96035447027515,1.4920362209012454,0.9834060635753542,259.6105546185892,1.6943823341440019,390.96035447027515,259.6105546185892
98,25,398.2943845747266,1.8388048458736113,0.9837383989247307,264.8210206664234,1.3516264294900242,398.2943845747266,264.8210206664234
98,20,406.01798706660065,3.2730140143831754,0.9832494345244753,269.455122509628,1.436738048011596,406.01798706660065,269.455122509628
98,15,433.824035292221,0.33756092658658066,0.9825030462977417,288.5801033251917,3.339247772319375,433.824035292221,288.5801033251917
98,10,434.3683617295904,3.609475825098554,0.9836927963211274,298.44328493688187,1.168042553629862,434.3683617295904,298.44328493688187
100,3000,14.859398647467506,0.22493371527019332,0.997892723446517,178.1828758949648,0.5300995531809438,14.859398647467506,178.1828758949648
100,2000,21.145663039195316,0.36070932615132123,0.9985415592815491,177.43302910793327,0.1504557535355267,21.145663039195316,177.43302910793327
100,1500,28.64986480730506,0.6083163315882699,0.9988195388224524,176.952933001666,0.382835998176142,28.64986480730506,176.952933001666
100,1000,41.99788997160244,0.6431510034821843,0.9991379260197356,176.38411835248908,0.2564410830441697,41.99788997160244,176.38411835248908
100,900,47.20141906095827,0.666877865117916,0.9992834206556379,176.4700889497582,0.1523666996755789,47.20141906095827,176.4700889497582
100,800,52.75590765174933,0.8761374290209063,0.9994013917849071,176.48313164588464,0.12024291966561959,52.75590765174933,176.48313164588464
100,700,58.25001617027382,0.5593901403051926,0.9994266009097639,176.6462162989701,0.604969231696844,58.25001617027382,176.6462162989701
100,600,67.63437607697568,0.12921465196205278,0.9995178322713413,176.6201523693513,0.49589209864581935,67.63437607697568,176.6201523693513
100,550,75.10147117007878,0.7743293603539684,0.9987485070104413,176.77315075464935,0.22414803057043028,75.10147117007878,176.77315075464935
100,450,88.30675363655307,0.375529077822171,0.9996402672951867,177.79629618896504,0.27191848936697655,88.30675363655307,177.79629618896504
100,380,101.54459402739748,1.162499308644956,0.999663489627492,178.65899840278567,0.3842422583445431,101.54459402739748,178.65899840278567
100,340,112.29603376098765,0.5239345759958296,0.9996837715156893,179.73614697476123,0.3763998694556401,112.29603376098765,179.73614697476123
100,300,124.20919764667433,2.511626940612625,0.9997109842158155,180.21075373222368,0.21785725121367297,124.20919764667433,180.21075373222368
100,260,151.4906814430079,1.569135647092657,0.999657412278281,182.47869756684668,0.3888204365619669,151.4906814430079,182.47869756684668
100,220,162.18296192132186,3.999326530954526,0.9997253511961454,183.57293613453098,0.20720002478192892,162.18296192132186,183.57293613453098
100,200,174.68493069635883,0.28333181314326394,0.9996976120086529,185.49573779090215,0.05784747090639857,174.68493069635883,185.49573779090215
100,180,197.85577693953698,2.9556895386175643,0.9996216063010804,189.03676116948532,0.4256673472033498,197.85577693953698,189.03676116948532
100,160,217.65188414565128,1.9111807731860178,0.9996630291160025,191.6648453772093,0.19033666798678367,217.65188414565128,191.6648453772093
100,140,234.13735676964043,4.960088030741856,0.9996785559560871,194.8780119835986,1.083050593853624,234.13735676964043,194.8780119835986
100,120,256.30734077663345,9.80636395053615,0.9996906926228629,198.78796712995788,1.1861064964826058,256.30734077663345,198.78796712995788
100,100,283.97974855889964,5.792227210771459,0.9998101844608199,207.11561990702316,1.5950756117915559,283.97974855889964,207.11561990702316
100,90,307.21861778098406,9.909545673688369,0.9998169179832616,211.29820118533834,0.9010299940031266,307.21861778098406,211.29820118533834
100,80,314.5313990074956,5.550105731108974,0.9998058895816618,217.45706460660708,2.0757399171520645,314.5313990074956,217.45706460660708
100,70,335.8165362336554,1.596960846643517,0.9998391005340634,222.7292711335887,2.0560789633531567,335.8165362336554,222.7292711335887
100,65,344.4132584788543,5.129293382247634,0.9998375146988977,227.14259537567975,3.8176595487039715,344.4132584788543,227.14259537567975
100,60,348.335864984185,10.9674687064044,0.9998325559424713,232.863203360782,6.686806387211867,348.335864984185,232.863203360782
100,55,353.41935551576074,4.444867894580567,0.9998667894223878,232.62360809625542,4.264079457320885,353.41935551576074,232.62360809625542
100,50,357.5184044519072,7.983862413183342,0.9998388038039527,236.3619234354372,6.527343505213268,357.5184044519072,236.3619234354372
100,45,359.50009640835657,6.827873516555378,0.9998734445689793,235.5463730991794,6.209705431734281,359.50009640835657,235.5463730991794
100,40,370.9007070288435,3.3190362513714073,0.9998450557384064,243.27115901179704,5.528610541577067,370.9007070288435,243.27115901179704
100,35,385.75297873065705,7.24831123539584,0.9998846395905909,253.65460541993426,3.488417729595907,385.75297873065705,253.65460541993426
100,30,400.1151421072147,9.811909986195507,0.9996596548426707,261.8867493101764,6.6199365296539305,400.1151421072147,261.8867493101764
100,25,400.25260939418337,5.702991227893932,0.9998804758263337,263.86730698835913,4.6003612797864,400.25260939418337,263.86730698835913
100,20,412.5621505803151,4.827827195680342,0.9998975737731892,268.2888940027699,4.001854506248069,412.5621505803151,268.2888940027699
100,15,425.4133459829433,2.046939301561156,0.9998039367368987,291.750079597329,1.1066521266902059,425.4133459829433,291.750079597329
100,10,426.2413266790508,1.8397625164350837,0.9999036809167338,296.01668562752303,2.1162199222933005,426.2413266790508,296.01668562752303
100,5,442.1359114498118,5.245309317529071,0.9999124765988808,307.9605168530167,1.7927185726339416,442.1359114498118,307.9605168530167
100,0,441.779754919758,1.9288696452310643,0.9999144525387811,304.4125809920088,1.8717241969451506,441.779754919758,304.4125809920088
