read_pct_rounded,pause,bandwidth_mean,bandwidth_std,rd_percentage_actual_mean,latency_mean,latency_std,bandwidth_smooth,latency_smooth
50,1778,3.129974628684749,0.012837981993409645,0.504166520332796,62.33994672309027,0.008306581104992529,3.129974628684749,62.33994672309027
50,1333,4.091523454387865,0.00182257736506867,0.5033787759684994,63.25609320746528,0.01179012758674496,4.091523454387865,63.25609320746528
50,1000,5.364292077265979,0.0038880534756749784,0.5028747615271788,64.61450054253471,0.04874857362396845,5.364292077265979,64.61450054253471
50,749,7.045621652701004,0.0035133736806221586,0.502422952468854,66.53461035156249,0.01565569840316288,7.045621652701004,66.53461035156249
50,562,9.254277372945229,0.00771165674478665,0.5022990117751257,68.98832356770833,0.015368480016690922,9.254277372945229,68.98832356770833
50,421,12.097741192331654,0.01326438211032681,0.5018777587236605,72.2624021267361,0.017918714354050926,12.097741192331654,72.2624021267361
50,364,13.883379273266499,0.011950686393189438,0.5018378753045379,74.44465852864583,0.056603821775986475,13.883379273266499,74.44465852864583
50,316,15.835779897567178,0.007167533131520717,0.5018017342348359,76.93174164496527,0.01404522622355454,15.835779897567178,76.93174164496527
50,273,18.11865439619301,0.018975758921560712,0.5017240535281428,80.42513205295138,0.0652843425315666,18.11865439619301,80.42513205295138
50,236,20.73667509760263,0.032820264059377116,0.5017102984061154,85.90870247395833,0.07483675389943321,20.73667509760263,85.90870247395833
50,219,22.17948259536524,0.015023623114017153,0.5017165265485258,90.60340429687501,0.020059181361445143,22.17948259536524,90.60340429687501
50,204,23.659109178692944,0.022415395998205804,0.5016589643941257,96.53853081597224,0.07303502710106598,23.659109178692944,96.53853081597224
50,190,25.199937312574978,0.021944626209881267,0.5015945468035475,106.78816699218748,0.08412797148332117,25.199937312574978,106.78816699218748
50,183,26.04732969358896,0.012945104379728671,0.5015199375342158,114.92785850694445,0.25079416865117854,26.04732969358896,114.92785850694445
50,179,26.576610511745784,0.021156065117067555,0.5015340245207088,123.35461273871528,0.8878854679600164,26.576610511745784,123.35461273871528
50,177,26.853711343500276,0.05586963915873037,0.5015565695114778,130.15434874131947,1.5910595877888565,26.853711343500276,130.15434874131947
50,175,27.09725170292768,0.04856094288695825,0.5015991610243589,140.84983192274305,1.6909140143594248,27.09725170292768,140.84983192274305
50,100,26.937474850880523,0.024139501830012008,0.5016818038149901,327.60328754340276,1.429292015516437,26.937474850880523,327.60328754340276
50,133,26.938244250262567,0.049141468450456784,0.5016279983993912,325.8465418836806,1.2124392616217634,26.938244250262567,325.8465418836806
50,142,26.952750701784908,0.022254172876476696,0.501646402127442,324.8512776692708,0.2712331017853209,26.952750701784908,324.8512776692708
50,115,26.962071260888397,0.031077977590605602,0.5017099450501851,326.98273003472224,0.014154512668242351,26.962071260888397,326.98273003472224
50,74,26.970018891808834,0.026024510864323957,0.5015859662463985,328.95555946180554,5.430643838769673,26.970018891808834,328.95555946180554
50,31,27.00582528601539,0.007853250627210375,0.5016588607308187,323.2528569878472,4.585361525567072,27.00582528601539,323.2528569878472
50,55,27.013293794351302,0.037021077402123015,0.501684553230651,323.91748231336805,2.1773873453448176,27.013293794351302,323.91748231336805
50,0,27.020293843128417,0.041465489127835584,0.5017404017095358,308.85607052951394,1.2541258809910825,27.020293843128417,308.85607052951394
50,17,27.02823508623533,0.038274884277005844,0.5017468825465223,312.35402354600694,0.6835536673107366,27.02823508623533,312.35402354600694
50,147,27.049678963059808,0.011680901152762596,0.501719678404152,325.12883843315973,3.9116090503742935,27.049678963059808,325.12883843315973
50,153,27.067918375344036,0.029101223744943467,0.5016185068582444,319.0750721571181,0.2102750047778513,27.067918375344036,319.0750721571181
50,1,27.068215114398487,0.033492857124337715,0.5016765662572297,308.81140234375,0.2819257901623471,27.068215114398487,308.81140234375
50,3,27.08627145636493,0.02566749836898782,0.5018514453567157,309.7809428168403,0.931771215402324,27.08627145636493,309.7809428168403
50,10,27.08628044407904,0.04738699779148504,0.5017149898556998,307.5243434244792,1.1797525490214162,27.08628044407904,307.5243434244792
50,158,27.356935729220087,0.07374980151894933,0.5016174794189575,311.9934565972223,0.4944295230409026,27.356935729220087,311.9934565972223
50,160,27.489721688894246,0.04709096419351139,0.5016103884268283,307.04387065972224,0.23243197583268282,27.489721688894246,307.04387065972224
50,170,27.710415542600174,0.01905291829717385,0.5015428847242008,223.81450553385415,2.4119358537999873,27.710415542600174,223.81450553385415
50,161,27.711790363840525,0.15506593934110363,0.5015888780151702,302.81248600260415,2.016861684307365,27.711790363840525,302.81248600260415
50,162,27.737153502628036,0.10614172839449591,0.5015511953848545,300.75410557725695,2.538524956186868,27.737153502628036,300.75410557725695
50,164,27.87691336464096,0.04397338560972522,0.5015573457979138,294.34635319010414,1.051025226729615,27.87691336464096,294.34635319010414
50,168,27.910621662265935,0.024057865393742144,0.501553469173973,257.6191443142361,0.22531846889169815,27.910621662265935,257.6191443142361
50,167,27.979651375885425,0.04017125933687248,0.5015417635757112,263.9889320746528,2.164916763326652,27.979651375885425,263.9889320746528
50,166,28.04996276722038,0.02777690230488041,0.5015295095414576,278.3274031032986,1.238525038656939,28.04996276722038,278.3274031032986
52,10000,0.6735979797505953,0.00013241311522046493,0.5244554610518053,61.41259733072917,0.11632813054513585,0.0,61.41259733072917
52,10000,0.6735979797505953,0.00013241311522046493,0.5244554610518053,61.41259733072917,0.11632813054513585,0.6735979797505953,61.41259733072917
52,5623,1.156462717764627,0.0015001641983785204,0.5230142960216919,61.35568413628473,0.03546529402934652,1.156462717764627,61.35568413628473
52,3162,2.0366365471019874,0.0010876387747674964,0.5223549888224887,61.67434407552084,0.026141759247512237,2.0366365471019874,61.67434407552084
52,2371,2.6847338091520947,0.0014999776287647297,0.521817535508419,62.04725531684028,0.007801162626921613,2.6847338091520947,62.04725531684028
52,1778,3.520036300255136,0.0029226832073221435,0.521399670315827,62.72120930989583,0.010451553147982408,3.520036300255136,62.72120930989583
52,1333,4.6072454004888295,0.015057624543711231,0.5207302318669633,63.750565538194444,0.02063765083074847,4.6072454004888295,63.750565538194444
52,1000,5.997272460682069,0.014992643582648056,0.5195781887754699,65.31222211371526,0.013451938496911257,5.997272460682069,65.31222211371526
52,749,7.903666722671261,0.012087920649854061,0.5195833958071788,67.5152785373264,0.05631326732833071,7.903666722671261,67.5152785373264
52,562,10.30365636484313,0.018935911039210294,0.5190347392755238,70.21780457899305,0.052311594986091794,10.30365636484313,70.21780457899305
52,486,11.811130053528233,0.02801463713448984,0.5190120399465212,71.93067198350694,0.013792530621801477,11.811130053528233,71.93067198350694
52,421,13.510918483167705,0.03889024109491282,0.5182757733030635,73.93462413194443,0.027650307304265244,13.510918483167705,73.93462413194443
52,364,15.465471426749252,0.016013924832061464,0.5176448032940186,76.55755924479166,0.08724741078833166,15.465471426749252,76.55755924479166
52,316,17.610131132204145,0.048234170509153504,0.5176854881582135,79.62993381076389,0.05377128907547668,17.610131132204145,79.62993381076389
52,273,20.039581233098705,0.01459351124322441,0.517728124966064,84.48640028211805,0.06183979710140416,20.039581233098705,84.48640028211805
52,236,22.74406248192336,0.029962112370035106,0.5170304046611549,94.03694118923613,0.14011036815293446,22.74406248192336,94.03694118923613
52,219,24.18385715643124,0.03248579340292042,0.5170227612048095,101.18880707465276,0.618282160251494,24.18385715643124,101.18880707465276
52,204,25.74052820643271,0.07479844405531572,0.5169116718419418,113.91286534288196,0.5345406747780848,25.74052820643271,113.91286534288196
52,199,26.258280917194867,0.024764725995506064,0.5167284675473213,118.72344173177083,1.1100716538247835,26.258280917194867,118.72344173177083
52,196,26.459115870913198,0.05201771250696403,0.5168967628929996,122.45723665364584,0.15988346490860714,26.459115870913198,122.45723665364584
52,192,26.992119515196293,0.09688947076983669,0.5164848639510687,130.31708615451393,0.6363069101419508,26.992119515196293,130.31708615451393
52,190,27.21360723174679,0.023875848417870445,0.5163587991526809,135.3410363498264,0.7651684366117477,27.21360723174679,135.3410363498264
52,0,27.258495757774003,,0.5151108889625682,300.0996078559028,0.12793635432109393,27.258495757774003,300.0996078559028
52,10,27.32641865983747,0.026055341641520458,0.5152452953609375,299.74943077256944,0.723659143175188,27.32641865983747,299.74943077256944
52,186,27.643633725308366,0.12427768679083216,0.5163735115421679,148.2294509548611,2.0588684878153463,27.643633725308366,148.2294509548611
52,183,27.870304590783785,0.06791889135148187,0.5162271736777045,161.27418912760416,3.358304203913497,27.870304590783785,161.27418912760416
52,153,28.03184370327546,,0.5151326830740071,264.5869261067708,1.450693876348488,28.03184370327546,264.5869261067708
52,162,28.276555861424274,0.10409880828750538,0.5152379978975269,239.90855870225695,1.4003049249535398,28.276555861424274,239.90855870225695
52,166,28.353742614834147,0.02067710965831846,0.5150769450096507,228.11790266927085,3.8766259346023864,28.353742614834147,228.11790266927085
52,177,28.367348240546708,0.049609290180665795,0.5155695746634886,187.74662999131942,2.4733014356656744,28.367348240546708,187.74662999131942
52,170,28.38773976558366,0.035194377922047056,0.515317746665047,215.13697081163195,0.9085160340065789,28.38773976558366,215.13697081163195
54,31622,0.21008190007149335,0.012869367704360679,0.539284212806496,61.57091162109375,0.029474374286050202,0.0,61.57091162109375
54,31622,0.21008190007149335,0.012869367704360679,0.539284212806496,61.57091162109375,0.029474374286050202,0.21008190007149335,61.57091162109375
54,10000,0.7242208518671631,0.004976064972560733,0.5385331993229224,61.37843120659722,0.01935190486203726,0.7242208518671631,61.37843120659722
54,5623,1.2339799226003092,0.004506682580863738,0.5367708555125685,61.37277658420138,0.01870259368782861,1.2339799226003092,61.37277658420138
54,3162,2.205139956269177,0.001660530351542226,0.5421999179138065,61.77764019097222,0.02436066276019257,2.205139956269177,61.77764019097222
54,2371,2.900846960677724,0.006775496859777232,0.5421262715974852,62.26205913628471,0.01854363951265995,2.900846960677724,62.26205913628471
54,1778,3.7831419070239316,0.0042581926810637185,0.5415770368162219,62.99797059461806,0.07173364594114014,3.7831419070239316,62.99797059461806
54,1333,4.988474048765208,0.022458992297353982,0.5418058477054376,64.09021223958335,0.016139535314665204,4.988474048765208,64.09021223958335
54,1000,6.496444771996479,0.0038074978371769467,0.5415148482521344,65.77136653645833,0.01002922105720017,6.496444771996479,65.77136653645833
54,749,8.52617660824658,0.01981441817381728,0.5408642461282617,67.94855392795138,0.034901769915894144,8.52617660824658,67.94855392795138
54,562,11.129947338200727,0.0306595074843362,0.5402824375376672,70.82189073350695,0.06324699231890936,11.129947338200727,70.82189073350695
54,421,14.438992359114382,0.027973680131815122,0.5400210816612447,74.88872450086807,0.028067420221030363,14.438992359114382,74.88872450086807
54,316,18.55948381114658,0.02450628053068603,0.5399971771988448,80.65345095486111,0.09825954176099565,18.55948381114658,80.65345095486111
54,273,21.040878495143513,0.022590606660496167,0.539753439669203,85.91243934461806,0.08763320699419624,21.040878495143513,85.91243934461806
54,236,23.4692062344961,0.00655262854770874,0.5397784603465663,95.26579188368056,0.08083243382685622,23.4692062344961,95.26579188368056
54,219,24.866627536052643,0.023631030867862772,0.5393199730827624,102.82292914496527,0.1221925897413878,24.866627536052643,102.82292914496527
54,204,26.046750809824072,0.035816671063130905,0.5389505027726584,112.16085590277778,0.25060638619083725,26.046750809824072,112.16085590277778
54,190,27.185208559244305,0.008027639785113984,0.538507097195542,124.21063085937499,0.0952838326561399,27.185208559244305,124.21063085937499
54,3,27.73196994319274,0.012470886559913259,0.5378923201391702,308.0130632595486,0.8508285476309427,27.73196994319274,308.0130632595486
54,5,27.73411320770292,0.03929934460536914,0.5380019258556822,309.44054882812503,2.9719172670491445,27.73411320770292,309.44054882812503
54,1,27.785679680076747,0.08164147232825265,0.5406815140750463,308.5326326497396,0.38971121204147735,27.785679680076747,308.5326326497396
54,7,27.787004665399746,0.009246012372410661,0.5384843932907478,306.5902331814236,0.12170577544088332,27.787004665399746,306.5902331814236
54,0,27.7993428841733,0.07627815178300486,0.5396672173319617,307.4383237847222,0.3561125962270683,27.7993428841733,307.4383237847222
54,10,27.836996589790132,0.03085026985814175,0.5395305558012148,306.94958691406254,0.33942937449129196,27.836996589790132,306.94958691406254
54,13,27.86429316036299,0.0074226300803051,0.5393122906028474,312.61131640624995,0.3775396223268117,27.86429316036299,312.61131640624995
54,14,27.87667615342005,0.01909274075292362,0.5394856232672905,312.15493272569444,0.601058922007447,27.87667615342005,312.15493272569444
54,47,27.917077229399116,0.011478227447483454,0.5354400054125649,306.3351598307292,0.45551321456880384,27.917077229399116,306.3351598307292
54,50,27.95028551392116,0.07102523075623161,0.5352826976943893,304.93120323350695,0.2360438178384813,27.95028551392116,304.93120323350695
54,17,27.96147905971119,0.023471192875485016,0.5400752001781645,315.9849649522569,0.14841131004438976,27.96147905971119,315.9849649522569
54,20,27.980529298709495,0.0243002767633367,0.5401417447622895,315.70133409288195,0.358825321056468,27.980529298709495,315.70133409288195
54,19,27.98543111976342,0.01632382209958443,0.5401689240014249,315.4013097873264,0.19404959416876935,27.98543111976342,315.4013097873264
54,58,27.997951833346928,0.016668067012351018,0.5364347263644125,300.4556944444445,2.1453913347798292,27.997951833346928,300.4556944444445
54,31,27.998594147527648,0.1673726141163203,0.5382698652933045,301.84959429253473,12.271385952482841,27.998594147527648,301.84959429253473
54,22,28.007109225231684,0.14565237210487905,0.5388684489373007,306.66949565972226,10.280419984855747,28.007109225231684,306.66949565972226
54,74,28.07604359448526,0.019600226011630813,0.5361756128479594,288.6355758463542,0.4879589456255718,28.07604359448526,288.6355758463542
54,26,28.122495141883235,0.02374779051408383,0.5402410535645593,294.91415049913195,0.723947065852947,28.122495141883235,294.91415049913195
54,41,28.142942876994468,0.2831143327973832,0.5388425451276253,287.9811119249132,22.266729728035266,28.142942876994468,287.9811119249132
54,82,28.150936062066364,0.028360066311596665,0.5369159319531053,278.96343565538194,0.6047857110592795,28.150936062066364,278.96343565538194
54,90,28.196806065338155,0.010748461294573393,0.537197558172278,270.815222764757,0.8878636159896963,28.196806065338155,270.815222764757
54,93,28.24943849508743,0.04970930569533381,0.5368876985992479,260.48963270399304,3.248897266526996,28.24943849508743,260.48963270399304
54,92,28.252256543554495,0.05489616484539391,0.5370570152135589,265.1695835503472,0.4300802619735765,28.252256543554495,265.1695835503472
54,55,28.276360630768206,0.2722326038782962,0.5400012227244404,275.88361024305556,26.290337638636334,28.276360630768206,275.88361024305556
54,63,28.335171678993262,0.3640774649281514,0.5404543433331254,269.34723952907984,31.46038942100549,28.335171678993262,269.34723952907984
54,35,28.339160141813323,0.014191260370767615,0.541373783053762,274.1953191189236,1.0588242094369826,28.339160141813323,274.1953191189236
54,37,28.34175439228206,0.01294946886513846,0.5416139534746957,270.73476356336806,0.4072070965566455,28.34175439228206,270.73476356336806
54,68,28.382000779314293,0.34109241532271295,0.5406370683576817,261.6477617730035,33.272621869420924,28.382000779314293,261.6477617730035
54,89,28.411025594464828,0.2549290564286694,0.5396298162994851,258.4455828269676,29.31688423166116,28.411025594464828,258.4455828269676
54,79,28.411786280836576,0.27418167035639474,0.5395833319855449,255.77206011284719,27.816536795368556,28.411786280836576,255.77206011284719
54,86,28.418449106410645,0.2723304373348302,0.5398502451829473,249.766635687934,28.970062943336075,28.418449106410645,249.766635687934
54,97,28.425944532074325,0.04253938668262976,0.5391437257033043,235.80908756510416,1.3653812791410505,28.425944532074325,235.80908756510416
54,95,28.44107199455318,0.036563094928492294,0.5388416187962255,238.2624543185764,1.1577939677863878,28.44107199455318,238.2624543185764
54,88,28.450994761629186,0.27671270111923274,0.5400546797238114,246.9120362955729,28.184834348366298,28.450994761629186,246.9120362955729
54,100,28.484191331940327,0.04904267059894608,0.5396813455118187,231.76738953993058,0.22462374515057723,28.484191331940327,231.76738953993058
54,115,28.53880758271529,0.01412891291756893,0.5414393500913693,212.85545713975694,0.7163073589782472,28.53880758271529,212.85545713975694
54,107,28.544576645075733,0.03987935590079998,0.5402912885057539,222.55579839409722,0.6249162801444716,28.544576645075733,222.55579839409722
54,133,28.642695652383154,0.05562009421503333,0.5378643964052111,194.5950718315972,0.6168457544593695,28.642695652383154,194.5950718315972
54,153,28.68279469486036,0.07687599097785604,0.5381579082562026,173.3458147786458,4.965451468438281,28.68279469486036,173.3458147786458
55,421,14.320811807212191,0.021849521857204384,0.5547011006807948,74.61284385850693,0.04626573359193093,14.320811807212191,74.61284385850693
55,316,18.517865996998918,0.029838992602790118,0.5544211029081519,80.81071440972222,0.062408742262690615,18.517865996998918,80.81071440972222
55,273,21.10670860637171,0.0288647876461536,0.5537733537687637,87.05292697482639,0.12032195458296618,21.10670860637171,87.05292697482639
55,236,23.723150565076057,0.08882951041357218,0.5534007576519993,98.37406347656251,0.1867855004021749,23.723150565076057,98.37406347656251
55,204,26.294366622426868,0.07570205049934715,0.5517381185732048,117.81692187499999,0.3277083519303717,26.294366622426868,117.81692187499999
55,190,27.36644160075889,0.06434514764803259,0.5502170254617794,129.4877163628472,0.6182382781527158,27.36644160075889,129.4877163628472
55,5,27.888794191959956,0.009428323747904794,0.5451727365065556,308.6958076171875,0.23832099605095636,27.888794191959956,308.6958076171875
55,7,27.982354818397354,0.005202363872015551,0.5463305881083828,307.7362021484375,0.2594505600902711,27.982354818397354,307.7362021484375
55,3,27.996963404675114,0.1111091239837244,0.5481311185457544,310.6365795355903,4.05218360515221,27.996963404675114,310.6365795355903
55,0,28.047748714252737,0.0919581668047657,0.5495206322915628,307.87958094618057,3.11142049795647,28.047748714252737,307.87958094618057
55,1,28.053462173128427,0.09628116107740055,0.5501405239837173,306.48270448133684,0.5394984843441825,28.053462173128427,306.48270448133684
55,10,28.15243835770039,0.07803358669016093,0.5491684768561732,304.6847595486111,1.7326503978470562,28.15243835770039,304.6847595486111
55,20,28.18809154191276,0.01752133372317544,0.5484393579781789,313.11807931857635,0.24857729996203423,28.18809154191276,313.11807931857635
55,13,28.22802932968091,0.11788123255877585,0.549771957428833,305.7742288953993,4.466573148251482,28.22802932968091,305.7742288953993
55,17,28.27632385482778,0.14292992481660555,0.5501295415854233,306.93598291015627,10.170033113210687,28.27632385482778,306.93598291015627
55,19,28.303829343748315,0.14747498490832972,0.5506119470018934,303.9593122829861,9.526824583415069,28.303829343748315,303.9593122829861
55,14,28.309657482860914,0.03043503959570417,0.551621531172558,299.9960801866319,0.12380323277057348,28.309657482860914,299.9960801866319
55,23,28.39764296405374,0.015032143887697554,0.5501985260365347,284.33400813802086,0.12406493089515046,28.39764296405374,284.33400813802086
55,22,28.459367143709226,0.09470746274242976,0.5516881974783095,282.1203701171875,4.421023716095161,28.459367143709226,282.1203701171875
55,26,28.520227105676245,0.09691691741963956,0.5519037944385579,277.034061469184,4.659904782911186,28.520227105676245,277.034061469184
55,28,28.52138394908104,0.09747054584078396,0.5521165594991855,273.82661729600693,4.8397620180790675,28.52138394908104,273.82661729600693
55,29,28.56663637300998,0.08964881274448111,0.5522009398204045,272.4826050347222,4.278006735845593,28.56663637300998,272.4826050347222
55,31,28.685024977646094,0.020148230167044784,0.5533473230709317,257.7072059461806,4.3074413811874885,28.685024977646094,257.7072059461806
55,32,28.69060758619654,0.028434379069936885,0.552099710621273,245.9437888454861,0.08732075598735813,28.69060758619654,245.9437888454861
55,74,28.724919293875587,0.0038507279991788763,0.5457571749919127,225.31724240451388,0.15952342353419866,28.724919293875587,225.31724240451388
55,107,28.728189967025756,0.020249120005504908,0.5538957955886992,179.1387900390625,0.38839244383004606,28.728189967025756,179.1387900390625
55,35,28.73557718748083,0.06607254866172615,0.5527425986484414,241.7747855902778,0.2846757707756138,28.73557718748083,241.7747855902778
55,92,28.73709887942121,0.026812490288702803,0.5473703159098519,211.02045377604168,0.16474772569762894,28.73709887942121,211.02045377604168
55,100,28.738749741050487,0.01716881010040106,0.5525588749809612,185.10513519965278,0.04090399865511917,28.738749741050487,185.10513519965278
55,33,28.750135578003558,0.015274924228713474,0.5522779413638579,245.79853233506944,3.7365408828804285,28.750135578003558,245.79853233506944
55,95,28.75456488937112,0.02217414882182386,0.5517817734349865,190.63988953993055,2.9677652830352725,28.75456488937112,190.63988953993055
55,41,28.762677694017686,0.020176849430695542,0.5534524610820566,235.43941840277776,0.6559968224530524,28.762677694017686,235.43941840277776
55,97,28.76717232870671,0.012267534471589129,0.5520949706835604,186.83244737413193,0.39363671263240635,28.76717232870671,186.83244737413193
55,86,28.768291898820582,0.030872433397312406,0.5542240379014381,202.50776095920136,0.47218593568430417,28.768291898820582,202.50776095920136
55,79,28.77556549580822,0.008760259337461737,0.5534230254746797,207.80788747829862,0.22109182908356972,28.77556549580822,207.80788747829862
55,55,28.805566742369933,0.012406036589974231,0.5548588485962898,226.24715082465278,1.1535576051740684,28.805566742369933,226.24715082465278
57,31622,0.24155185707887675,0.012253719279738007,0.5695117197700101,61.53235438368056,0.010165855458039753,0.24155185707887675,61.53235438368056
57,10000,0.6278961246702687,0.0007473809240990544,0.5678579453404526,61.504323459201395,0.046452686841761605,0.6278961246702687,61.504323459201395
57,3162,1.927003357095236,0.004524435383702872,0.5711844247270764,61.63066753472222,0.006225855550856961,1.927003357095236,61.63066753472222
57,1000,7.349922553090545,0.013231442544701853,0.5748252016374533,66.60633767361111,0.05219671383162043,7.349922553090545,66.60633767361111
57,749,9.676838213574309,0.007518936869840529,0.5745231330547041,69.22843120659722,0.05412466395156333,9.676838213574309,69.22843120659722
57,562,12.66799431116418,0.03281933604883227,0.5739455682065715,72.6078859592014,0.03389617084183252,12.66799431116418,72.6078859592014
57,421,16.458804598692243,0.05600590634097149,0.5730535417703377,77.22549924045138,0.03759975907316695,16.458804598692243,77.22549924045138
57,364,18.730883023878643,0.04681094527127011,0.5727625528830499,80.64830533854168,0.04185795246634536,18.730883023878643,80.64830533854168
57,316,21.08602404744364,0.07030282317570669,0.5725195060337408,86.56384960937498,0.15648586283514973,21.08602404744364,86.56384960937498
57,273,23.64747651763353,0.0021395707053338867,0.571395284435074,97.4422294921875,0.1605603763883367,23.64747651763353,97.4422294921875
57,236,26.005572817441816,0.04393407329946583,0.5684157767398792,114.23946354166668,0.5441060181621764,26.005572817441816,114.23946354166668
57,177,27.22907807156311,0.01768701228299524,0.5729557239237174,124.88392393663194,0.24042098884031432,27.22907807156311,124.88392393663194
57,153,28.144989931252834,0.023650258813724418,0.5667333792166551,142.00283506944444,0.21136736158535815,28.144989931252834,142.00283506944444
57,133,28.476132339747153,0.023541373745191743,0.5732905537188806,159.51830848524307,0.0379100614004209,28.476132339747153,159.51830848524307
57,115,28.654564067555707,0.029496293781376255,0.5697727529847102,168.66738085937502,0.13570172167178485,28.654564067555707,168.66738085937502
57,107,28.693384501436878,0.006873545552653942,0.5679314291908376,173.07161534288196,0.0709681118449283,28.693384501436878,173.07161534288196
57,100,28.677094971551313,0.08243512223664481,0.5702725728325434,171.7133615451389,6.630810850592086,28.677094971551313,171.7133615451389
57,92,28.721583148660145,0.041349116309274805,0.5698846514631861,179.02434830729166,0.1830710058369609,28.721583148660145,179.02434830729166
57,86,28.75653181066188,0.03288930135959049,0.5688784548234234,185.7048310546875,0.23664838549002862,28.75653181066188,185.7048310546875
57,79,28.75460869603189,0.041578427696996816,0.5741976946376768,188.29156336805553,0.6070383350021499,28.75460869603189,188.29156336805553
57,74,28.746733415230352,0.013240975611436653,0.5655924982902426,185.96972558593748,0.21890674199560695,28.746733415230352,185.96972558593748
57,63,28.6486340137765,0.015762693332455016,0.5732101775664168,194.83175325520833,0.27758627119870716,28.6486340137765,194.83175325520833
57,55,28.691246775666215,0.051340920661081736,0.5732522355422717,196.37665359157987,2.1377283183280653,28.691246775666215,196.37665359157987
57,47,28.694528441318198,0.03004031735338495,0.571898448449121,201.13860601128474,2.671203075453607,28.694528441318198,201.13860601128474
57,43,28.749869342389612,0.03723738927156621,0.5727124905379102,200.7138581814236,0.186580211499204,28.749869342389612,200.7138581814236
57,41,28.723527498050217,0.07538364366617009,0.56998219409215,206.83511610243056,0.47214256447957925,28.723527498050217,206.83511610243056
57,38,28.6946476570018,0.062334428030231724,0.5719930192924485,203.97980935329863,0.2528907843836433,28.6946476570018,203.97980935329863
57,37,28.699626497438157,0.03895567905090607,0.5704729123564545,207.3311947157118,3.574310532825332,28.699626497438157,207.3311947157118
57,35,28.71093786546024,0.03617661210709808,0.5695066459142524,207.55920458984374,1.7187578376928394,28.71093786546024,207.55920458984374
57,33,28.680722587049896,0.03780390575318533,0.570266452892754,208.45185422092013,1.67397834824908,28.680722587049896,208.45185422092013
57,32,28.694663975197205,0.03454234460969843,0.5702997467470668,208.81846733940972,1.3374328566633629,28.694663975197205,208.81846733940972
57,31,28.738434042377218,0.06438325109747652,0.5664139008707024,245.6428138020833,10.157176682515903,28.738434042377218,245.6428138020833
57,29,28.747157430069706,0.03938811472117622,0.5672415221228223,246.83281456163195,0.07283770503748936,28.747157430069706,246.83281456163195
57,28,28.74976939967631,0.03543767740620096,0.5671837588925915,247.77285167100695,0.26854836135430826,28.74976939967631,247.77285167100695
57,26,28.74118545019958,0.012693338985302385,0.5667220602062665,251.39536447482635,0.31039956445067063,28.74118545019958,251.39536447482635
57,23,28.703260690291604,0.006099275231939844,0.5667915280859083,254.26792122395833,0.34399321573292796,28.703260690291604,254.26792122395833
57,22,28.69067377169515,0.015572700150707306,0.5666836890797285,255.59683723958332,0.7688794040480906,28.69067377169515,255.59683723958332
57,20,28.619011416811684,,0.5651229291845055,271.7970654296875,0.24190448450573512,28.619011416811684,271.7970654296875
57,10,28.50482205025139,0.034740772804457073,0.5729461186329206,297.3093277994792,0.36152742590718523,28.50482205025139,297.3093277994792
57,7,28.514014371673515,0.059339468671898196,0.5717267957941048,300.7869590386285,3.339641827486697,28.514014371673515,300.7869590386285
57,5,28.417127479609636,0.04405439817381792,0.5697161196047951,300.64039415147573,3.41594996564043,28.417127479609636,300.64039415147573
57,3,28.403531702928706,0.08390940290896509,0.5686902794698357,301.84856868489584,2.7138465994647922,28.403531702928706,301.84856868489584
57,1,28.40038824790531,0.054081289983524954,0.5687271510744597,301.33423681640625,1.135331458777779,28.40038824790531,301.33423681640625
57,0,28.41435694372235,0.05991101968213578,0.5687193596786122,301.43614154730903,1.291066733975012,28.41435694372235,301.43614154730903
58,31622,0.21636182597645143,0.026842233880119505,0.5801604071455383,61.56091753472223,0.002928638309191341,0.0,61.56091753472223
58,31622,0.21636182597645143,0.026842233880119505,0.5801604071455383,61.56091753472223,0.002928638309191341,0.21636182597645143,61.56091753472223
58,10000,0.7274445157295842,0.0023514832331611637,0.5777753439123772,61.40672916666667,0.016111373213392406,0.7274445157295842,61.40672916666667
58,5623,1.2618273584753996,0.021283914918059327,0.5788641159390713,61.43475607638889,0.013409842046077588,1.2618273584753996,61.43475607638889
58,3162,2.4784648910365346,0.009444025618333204,0.5763072758710913,61.96295974392361,0.007628136483661893,2.4784648910365346,61.96295974392361
58,2371,3.254802849171757,0.013489192481968889,0.5758803458009593,62.48307443576388,0.01059753249583907,3.254802849171757,62.48307443576388
58,1778,3.8546281836138157,0.4453561236326906,0.5773025107255468,63.024821506076385,0.38997981886360156,3.8546281836138157,63.024821506076385
58,1333,5.084722753075865,0.564547281076734,0.5781753319549175,64.8964701063368,1.6274170217280144,5.084722753075865,64.8964701063368
58,1000,6.395300289450762,0.7274246421675532,0.5798208268591677,65.11610243055554,0.019355174805444318,6.395300289450762,65.11610243055554
58,749,7.960384061768352,0.003376050416086353,0.5812560610628127,67.21884331597222,0.01724391304136719,7.960384061768352,67.21884331597222
58,562,10.447378228974175,0.00903891036796911,0.5810100118078523,70.04175824652778,0.024491290606049706,10.447378228974175,70.04175824652778
58,421,13.740150033235013,0.004159058886164815,0.5799811911699675,73.76607660590278,0.03981284414147366,13.740150033235013,73.76607660590278
58,316,17.857822073521444,0.04543729347904717,0.5794586487744663,79.03083984375,0.028674943259584272,17.857822073521444,79.03083984375
58,273,20.313549884990064,0.011409972622140708,0.5797574555032035,83.37649522569444,0.11371184807329024,20.313549884990064,83.37649522569444
58,236,22.931906959593093,0.04961546233795237,0.5787237467780485,92.63507237413195,0.1807948621521262,22.931906959593093,92.63507237413195
58,204,25.362797142592896,0.05885180421829913,0.5769273120143336,106.85066655815972,0.1537693931535067,25.362797142592896,106.85066655815972
58,177,27.893178381933538,0.005208984031977647,0.5832691557936605,136.9449204644097,0.22184010562194886,27.893178381933538,136.9449204644097
58,153,28.291244152855285,0.009023478116119081,0.5777132426708286,148.69247536892362,0.1495215176181725,28.291244152855285,148.69247536892362
58,133,28.355331168000916,0.026927813276139613,0.5800091048576462,149.81557779947917,0.1889161353511123,28.355331168000916,149.81557779947917
58,115,28.483775285602444,0.005534623276562825,0.5767441182648846,158.65765614149305,0.13019587132762625,28.483775285602444,158.65765614149305
58,107,28.519705149616232,0.10368458145027401,0.5752160005703887,162.59713834635417,0.23418061702735127,28.519705149616232,162.59713834635417
58,100,28.470071046580156,0.021163137293991146,0.5836746031431687,165.2221716579861,0.22996637520614416,28.470071046580156,165.2221716579861
58,92,28.585552314694212,0.012943549669856773,0.579528686851153,175.9884057074653,0.06520345798937238,28.585552314694212,175.9884057074653
58,86,28.678424492694592,0.07132218399020247,0.5788960657195182,178.33615825737851,11.016867491530911,28.678424492694592,178.33615825737851
58,74,28.624563208153717,0.050855814122834464,0.5774384834398951,176.63362331814233,4.969028085523033,28.624563208153717,176.63362331814233
58,63,28.72065266424791,0.010054427329733712,0.575906425687928,188.4445126953125,0.04062265196054113,28.72065266424791,188.4445126953125
58,33,28.68123506299572,0.012169569283929272,0.5849585858240314,197.02723274739583,0.07984392011790259,28.68123506299572,197.02723274739583
58,31,28.686714299499247,0.03314435980724106,0.5818003204557463,221.8068608940972,0.1551253206710346,28.686714299499247,221.8068608940972
58,29,28.750471957908818,0.010394433341585926,0.5813948198218252,230.48730154079863,0.29717412075915844,28.750471957908818,230.48730154079863
58,28,28.729408031803533,0.04654557430513728,0.5814009783245427,231.3231435546875,0.37361801729214006,28.729408031803533,231.3231435546875
58,26,28.714471995219654,0.0395878451344283,0.5809837462533474,234.99524869791665,0.08100186584229496,28.714471995219654,234.99524869791665
58,23,28.678651689948083,0.015562033351187625,0.5809660166313684,237.13540006510416,0.20042275736774676,28.678651689948083,237.13540006510416
58,22,28.678225215679863,0.011009066062160393,0.5806924040174176,238.11372081163196,0.34295135862464127,28.678225215679863,238.11372081163196
58,20,28.733740249189125,0.08267075396532562,0.5808589278241091,263.02124289279516,1.7246097254171862,28.733740249189125,263.02124289279516
58,19,28.73823710339788,0.0796471619388538,0.5805848465933529,263.53699131944444,2.723511841552634,28.73823710339788,263.53699131944444
58,17,28.706909936499382,0.06176142220604525,0.5787668629964514,267.23608783637155,2.02709917033108,28.706909936499382,267.23608783637155
58,14,28.557123844934853,0.015812101340772777,0.5764639600543392,287.7910288628472,0.12178108799360379,28.557123844934853,287.7910288628472
58,13,28.629420861991196,0.11456658630615438,0.5788716096498265,286.3089083116319,3.9034720163078975,28.629420861991196,286.3089083116319
58,10,28.60217710974075,0.014054478148251436,0.5781437518603559,290.7914775390625,1.1194965195709312,28.60217710974075,290.7914775390625
58,7,28.63041409107248,0.029282366276769767,0.5822916609728543,293.53819466145836,1.7003352291859175,28.63041409107248,293.53819466145836
58,5,28.516267817815464,0.03950956736905999,0.5802887476354329,295.7418118489583,1.763836884354441,28.516267817815464,295.7418118489583
58,3,28.50435006853778,0.028866465854674048,0.5806596465241006,296.18785405815976,2.7379357347580138,28.50435006853778,296.18785405815976
58,1,28.490574581339736,0.01645813352824901,0.5806639208329154,295.87858195891204,2.2547316022908586,28.490574581339736,295.87858195891204
58,0,28.480357902827222,0.025434259481632478,0.5806625826083488,296.8471095920139,3.6510269118900527,28.480357902827222,296.8471095920139
60,31622,0.23671944736892003,0.011692908695791369,0.6006485336278559,61.565213758680564,0.023955882350847155,0.0,61.565213758680564
60,31622,0.23671944736892003,0.011692908695791369,0.6006485336278559,61.565213758680564,0.023955882350847155,0.23671944736892003,61.565213758680564
60,10000,0.718584086464612,0.08231559612637752,0.6017726829517687,61.417991482204854,0.013068823398005688,0.718584086464612,61.417991482204854
60,5623,1.1643578100697174,0.1257447673249049,0.6012810934394833,61.47214241536458,0.026184603643773275,1.1643578100697174,61.47214241536458
60,3162,2.276550820103376,0.09213339711970256,0.5970383844738903,61.837607476128476,0.05852296844763239,2.276550820103376,61.837607476128476
60,1778,3.9745829727644,0.13697913634992873,0.5976472757253567,63.0756177842882,0.1665237945296451,3.9745829727644,63.0756177842882
60,1333,5.4211046598705535,0.0011241344521272733,0.5975382904900464,64.46152387152779,0.02025822373927146,5.4211046598705535,64.46152387152779
60,1000,6.901902648186525,0.29412222202552746,0.59888219477667,66.88535964626736,2.033078147908398,6.901902648186525,66.88535964626736
60,749,9.063039898458712,0.37938813008267214,0.5984561957802089,68.38887407769097,0.3864546123551859,9.063039898458712,68.38887407769097
60,562,11.869180971931778,0.46521561325429545,0.5978011625026017,71.50739366319443,0.5013194899720655,11.869180971931778,71.50739366319443
60,421,15.457429221036854,0.5791481447339754,0.5970965659221282,75.73163113064236,0.6799976315237518,15.457429221036854,75.73163113064236
60,364,18.095510663390385,0.0407657794075033,0.5962764867458985,79.25726692708334,0.042530894327590045,18.095510663390385,79.25726692708334
60,316,19.87431990556435,0.6885515836049698,0.5968709953831072,82.59749213324653,1.5453652258284574,19.87431990556435,82.59749213324653
60,273,23.007565615723816,0.0713743526024046,0.5962447332067417,92.86093359375,0.01710320441280448,23.007565615723816,92.86093359375
60,236,24.944825295873585,0.7374673296763248,0.6003406682117434,104.23082373046874,5.07139515245384,24.944825295873585,104.23082373046874
60,204,26.97313424281982,0.3616563833057263,0.6016003816688724,123.92002332899307,0.20676153775357806,26.97313424281982,123.92002332899307
60,177,27.85259438384669,0.00956003201050977,0.5965932957580969,135.72397363281252,0.21136623866569673,27.85259438384669,135.72397363281252
60,153,27.737573011646052,0.018499898998014186,0.6013417044235303,130.95368977864584,0.21684300760030295,27.737573011646052,130.95368977864584
60,133,28.138444701004314,0.036137407030780826,0.5969920047328144,140.8736662326389,0.10067390935011149,28.138444701004314,140.8736662326389
60,100,28.418861902755143,0.008215135723194879,0.6043199702865363,151.48188617621528,0.08242097988247434,28.418861902755143,151.48188617621528
60,92,28.527921697872312,0.009533661497249428,0.6016713164056801,154.53684602864584,0.1178861691646747,28.527921697872312,154.53684602864584
60,79,28.63535272185132,,0.6046401727896085,156.54340288628472,0.2626451183846776,28.63535272185132,156.54340288628472
60,74,28.573632132373373,0.03475080027916188,0.5979415750002118,161.90325602213542,1.7019479196475524,28.573632132373373,161.90325602213542
60,70,28.56552675358235,0.010975902722232232,0.5996758080421132,161.59947601996527,0.294496601656199,28.56552675358235,161.59947601996527
60,68,28.555310347843175,0.009235332515750358,0.5976178734205503,162.59105826822918,0.19534763506594147,28.555310347843175,162.59105826822918
60,63,28.801491906478855,0.03810904332978369,0.6005358505988244,174.67753889973957,4.3374673223010065,28.801491906478855,174.67753889973957
60,58,28.851674795113762,0.025291870763823,0.5995961845156242,180.77504112413195,3.0962530633518828,28.851674795113762,180.77504112413195
60,55,28.84855907298859,0.029053574398904967,0.6000272049258336,181.72519612630208,4.037834306726495,28.84855907298859,181.72519612630208
60,47,28.88444285564385,0.020907479454012997,0.6031868784514484,181.45997829861108,0.22341985618904306,28.88444285564385,181.45997829861108
60,41,28.848761912526445,0.020419934429011567,0.6028196241106726,180.09437738715278,4.955348665159078,28.848761912526445,180.09437738715278
60,37,28.84692571643892,0.015287843148183856,0.6016146689116021,187.70266558159724,0.11295108119186681,28.84692571643892,187.70266558159724
60,35,28.82477539388089,0.0876754133004553,0.6024596440712067,181.4876205512153,7.973540591416823,28.82477539388089,181.4876205512153
60,32,28.856959409893687,0.013287562081088795,0.601537858594594,190.28926356336805,0.03804748149263347,28.856959409893687,190.28926356336805
60,31,28.91856453973145,0.05263331912306687,0.6001187008125562,198.32553331163194,7.007401447349691,28.91856453973145,198.32553331163194
60,29,28.93475233169165,0.024495085679279754,0.601336252610774,201.37727859157985,11.431813487050098,28.93475233169165,201.37727859157985
60,28,28.92428733718332,0.030952037144268064,0.6013793801015394,202.18506928168404,11.461019713838933,28.92428733718332,202.18506928168404
60,26,28.937687985307395,0.04357425531205963,0.6002899443287123,204.3120398220486,8.334957241114928,28.937687985307395,204.3120398220486
60,23,28.938543142739643,0.04920648796454798,0.59989542419288,206.25559567599828,8.331728383877994,28.938543142739643,206.25559567599828
60,22,28.939409761660343,0.03310295076202984,0.5998297197754819,207.25332478841145,8.447128432594493,28.939409761660343,207.25332478841145
60,20,28.991426157091635,0.06072060309079126,0.5981196032390428,232.16496726707177,6.856571156507949,28.991426157091635,232.16496726707177
60,19,28.961337679756273,0.056240613756126795,0.5979007829219065,233.73025998263887,7.113477826373848,28.961337679756273,233.73025998263887
60,17,28.97255240880591,0.056945857844583565,0.5976365081727701,236.71653974971065,7.497803397216762,28.97255240880591,236.71653974971065
60,15,28.96965564119552,0.053845343002068835,0.5982075750522704,250.6355884331597,9.650657772649417,28.96965564119552,250.6355884331597
60,14,28.96901884630366,0.06002621111140979,0.5996195771594408,258.35111237702546,9.25994638544769,28.96901884630366,258.35111237702546
60,13,28.980336156221444,0.022609269622501215,0.6013864391876315,255.05151057942712,3.777021014720545,28.980336156221444,255.05151057942712
60,11,28.875213051370167,0.02960912170561039,0.6004807028519009,275.36788682725694,3.9680353706369567,28.875213051370167,275.36788682725694
60,10,28.87408436109116,0.019026023465672757,0.600234290607785,275.26909114583333,2.5041965214306448,28.87408436109116,275.26909114583333
60,8,28.73868085591315,0.012071419847340776,0.5950613540545203,285.4178264973959,0.20148340570096798,28.73868085591315,285.4178264973959
60,7,28.73430261034623,0.0076907224810768,0.6004831695805395,283.0052981770834,0.8661780873410999,28.73430261034623,283.0052981770834
60,5,28.67728071642949,0.015894133678819918,0.5988478145446027,285.45781673177083,0.23274707781862752,28.67728071642949,285.45781673177083
60,3,28.64335376680832,0.008117039323821157,0.5976687445166387,289.21115939670136,0.2341131097678548,28.64335376680832,289.21115939670136
60,1,28.626948623894233,0.012832187586407272,0.5975364644239027,290.60009244791667,3.4465293527959746,28.626948623894233,290.60009244791667
60,0,28.60004552513804,0.0047474514324000894,0.5974533421338212,290.00178352864583,0.03642859954194901,28.60004552513804,290.00178352864583
61,100000,0.0705034736847109,0.0064630933007480355,0.608274071068879,61.65581477864583,0.005527193994967627,0.0,61.65581477864583
61,100000,0.0705034736847109,0.0064630933007480355,0.608274071068879,61.65581477864583,0.005527193994967627,0.0705034736847109,61.65581477864583
61,31622,0.25328875994247446,0.0008911549831759881,0.6077746976676507,61.58599565972222,0.02339593899043331,0.25328875994247446,61.58599565972222
61,3162,2.222384791165625,0.27034872498855805,0.6112231324304703,61.841513454861115,0.11869099805047391,2.222384791165625,61.841513454861115
61,2371,3.269726038842355,0.0070966114502931015,0.6101644125472143,62.535010416666665,0.015153293935719347,3.269726038842355,62.535010416666665
61,1778,3.8616990170076453,0.457136046616225,0.6113807172812754,63.009738009982634,0.37585813672213625,3.8616990170076453,63.009738009982634
61,1333,5.0960267240643855,0.5952505358049517,0.6108972006881865,64.09122515190973,0.5871390566526259,5.0960267240643855,64.09122515190973
61,1000,6.6871223655625025,0.7778883233159659,0.6107777692299333,65.83766487630209,0.953173822305916,6.6871223655625025,65.83766487630209
61,749,8.807938883596309,0.9993652241278137,0.6100584432852114,68.13554909939235,1.2088196529420092,8.807938883596309,68.13554909939235
61,562,11.506559520461062,1.271406985915767,0.6097236092941639,71.19211219618056,1.4697613907859775,11.506559520461062,71.19211219618056
61,421,15.037950054352144,1.5943560464488868,0.6092270433042762,75.2139154188368,1.8916079394367362,15.037950054352144,75.2139154188368
61,364,18.713809916040173,0.04938652148596759,0.6076164569377633,80.12459331597222,0.1311531576563306,18.713809916040173,80.12459331597222
61,316,19.357665500629544,1.8795099945587566,0.6086636522300081,81.92859874131945,3.8495413604683764,19.357665500629544,81.92859874131945
61,273,21.863265656429842,1.9702896809991024,0.6081016350442959,89.09948779296873,7.515313305601073,21.863265656429842,89.09948779296873
61,236,22.67197744249808,0.04250165009693141,0.6091201037006061,90.50897157118057,0.0736121136354406,22.67197744249808,90.50897157118057
61,204,24.973157057016312,0.024092590714741267,0.6082892449420033,102.67857367621527,0.0999859201979527,24.973157057016312,102.67857367621527
61,177,27.007724356724044,0.2718488193822823,0.6109099297953309,119.28498573133682,1.8834706666887655,27.007724356724044,119.28498573133682
61,153,27.881235869604524,0.009533652150122513,0.6119767639151233,132.55633517795138,0.04907799104625265,27.881235869604524,132.55633517795138
61,133,28.196912381139118,0.03521983038651729,0.609416109627928,138.96410986328127,1.9067957014329078,28.196912381139118,138.96410986328127
61,115,28.349497735686242,0.04693444348321028,0.6071640469481812,144.71664892578124,2.1435581696808925,28.349497735686242,144.71664892578124
61,100,28.479602347018396,0.046404824379714195,0.6055021174065928,147.62755110677082,0.1468806343938447,28.479602347018396,147.62755110677082
61,92,28.565402098170456,0.026485988405950723,0.6128484592166218,148.17224717881945,0.055516334766866605,28.565402098170456,148.17224717881945
61,86,28.53623222642703,0.08591863721232179,0.6096219355681461,150.93130593532985,5.615909080094662,28.53623222642703,150.93130593532985
61,79,28.54849270627768,0.057090661023636774,0.6089251772158001,147.69231315104167,0.08771587652839434,28.54849270627768,147.69231315104167
61,74,28.49170174264322,0.08184047125223412,0.6113303673956864,146.75235313585068,4.641421455081257,28.49170174264322,146.75235313585068
61,70,28.427797573098577,0.010472501442520234,0.6131231381435746,143.52126258680556,0.08704183591946726,28.427797573098577,143.52126258680556
61,68,28.490860352724045,0.06469951177788473,0.6105007239751085,148.36915407986112,4.790383493799365,28.490860352724045,148.36915407986112
61,66,28.460958796852918,0.011734109468645929,0.612663146227002,144.40217719184025,0.022244583190425396,28.460958796852918,144.40217719184025
61,65,28.427487486239425,0.007928596674138267,0.6126392124275265,144.67772384982638,0.09500542060617877,28.427487486239425,144.67772384982638
61,63,28.707678855091984,0.03803970171307243,0.6101391727845156,160.34017214626735,2.361591527624757,28.707678855091984,160.34017214626735
61,61,28.808858716119108,0.01405002314792512,0.6075743147447256,168.33352376302085,3.7247928040519747,28.808858716119108,168.33352376302085
61,60,28.77176822937136,0.06294663526894087,0.6094928630287734,163.51972819010416,3.3633565452494425,28.77176822937136,163.51972819010416
61,58,28.7454948365278,0.0605476315813262,0.6107307885107855,161.97565502025464,4.304659100071643,28.7454948365278,161.97565502025464
61,55,28.75590675048524,0.07900009593409298,0.6102378786044228,163.53671827980327,4.690409643661283,28.75590675048524,163.53671827980327
61,47,28.739093876226743,0.08067267819901913,0.6088718598684735,166.29683930121527,5.367271920118395,28.739093876226743,166.29683930121527
61,41,28.683211416586825,0.01453118355579522,0.6091484171113902,165.33759233940972,2.9488592643669986,28.683211416586825,165.33759233940972
61,37,28.71703098006219,0.017219930229564185,0.6107671394705584,163.41515407986114,0.16631677081590665,28.71703098006219,163.41515407986114
61,35,28.726358611803743,0.03543116997069524,0.608187587398287,164.38491059027777,0.06736870685560388,28.726358611803743,164.38491059027777
61,33,28.69558992867366,0.03307419627014499,0.6107522728732852,165.36182204861112,0.1002430764253897,28.69558992867366,165.36182204861112
61,32,28.691472931668773,0.013323206157741456,0.6100133523118423,165.98097797309026,1.0326924234436679,28.691472931668773,165.98097797309026
61,31,28.876328703593064,0.012744172271991804,0.6086227300569264,180.33414306640626,3.2206370793831267,28.876328703593064,180.33414306640626
61,29,28.8131390891112,0.005497392868856645,0.610983021519636,180.63518619791668,0.2058952077047903,28.8131390891112,180.63518619791668
61,28,28.894652850783263,0.08089061075606788,0.6124789620016037,183.19280962456597,2.3840662138152164,28.894652850783263,183.19280962456597
61,26,28.818955920370367,0.025325126930552038,0.6101762152144249,183.56903526475696,0.14603118538798102,28.818955920370367,183.56903526475696
61,23,28.80474895327393,0.02575023611800888,0.6097174546807353,185.20195193142362,0.008948119690535375,28.80474895327393,185.20195193142362
61,22,28.89111355188804,0.07982896524430863,0.6109033624424846,188.8760763346354,2.772334835450774,28.89111355188804,188.8760763346354
61,20,29.032027270043585,0.049572244169963524,0.6094607693512205,220.72066786024303,10.398162214010316,29.032027270043585,220.72066786024303
61,19,29.025660257560588,0.07305666965926662,0.6094192339494252,218.32569042968748,2.075069612557164,29.025660257560588,218.32569042968748
61,17,29.026410345435043,0.06168396486869064,0.6090386834179551,220.8551427951389,2.134032376563108,29.026410345435043,220.8551427951389
61,15,29.0926735827312,0.07632258385748981,0.6094118061211218,240.6539099392361,0.10969788998799464,29.0926735827312,240.6539099392361
61,14,29.083124086300927,0.030977630757514307,0.6108071302895026,247.70505078124998,0.7399343121934492,29.083124086300927,247.70505078124998
61,13,29.06908471318953,0.05081067731711634,0.6106523069646811,250.76737272135415,0.39565672623488696,29.06908471318953,250.76737272135415
61,11,28.997779715545477,0.047267202197442466,0.6100495623560908,270.0040774739583,0.32315723833220156,28.997779715545477,270.0040774739583
61,10,28.954768359747447,0.005357868548086891,0.6098024823794105,272.0404761284722,3.339823548833219,28.954768359747447,272.0404761284722
61,8,28.880969940056207,0.03529449461322811,0.6093185144383763,280.7814291449653,2.193945720124275,28.880969940056207,280.7814291449653
61,7,28.827257988121797,0.008930107310207106,0.609162322914199,280.56778917100695,0.2110251605165477,28.827257988121797,280.56778917100695
61,5,28.722177469483402,0.01779180995087288,0.6081102799252693,282.9622086588542,0.260863409897321,28.722177469483402,282.9622086588542
61,3,28.705655278798886,0.008775945401397228,0.6072240161972322,287.57830067274307,0.11883404155065813,28.705655278798886,287.57830067274307
61,1,28.703464551718383,0.017499912344105653,0.6071659663731066,290.78806608072915,3.0755759064290196,28.703464551718383,290.78806608072915
61,0,28.672845277096048,0.013274583125964617,0.6069537506326625,287.94242274305554,0.11598383428498416,28.672845277096048,287.94242274305554
62,100000,0.07504106679374958,0.005732668428382527,0.6183254763112851,61.69611290147569,0.021522267252703123,0.0,61.69611290147569
62,100000,0.07504106679374958,0.005732668428382527,0.6183254763112851,61.69611290147569,0.021522267252703123,0.07504106679374958,61.69611290147569
62,31622,0.20744834607196413,0.0026615492803069574,0.6208509998482036,61.57305815972222,0.007420396162383966,0.20744834607196413,61.57305815972222
62,10000,0.7331363337476399,0.038675321476924394,0.6194017104866979,61.44686089409722,0.02293604622481105,0.7331363337476399,61.44686089409722
62,5623,1.2801236419675965,0.06861009816456438,0.6193834449155853,61.48158034939237,0.006258951371874633,1.2801236419675965,61.48158034939237
62,3162,2.265162354051682,0.11518787871550626,0.6206397569050364,61.83073790147569,0.03591357123918313,2.265162354051682,61.83073790147569
62,1778,3.912065262942192,0.1995797922186783,0.6196421850637895,63.01521158854166,0.1458886841623836,3.912065262942192,63.01521158854166
62,1333,4.932611215529474,0.012680318305253404,0.6192785939602266,65.51673860677084,2.7202026825301377,4.932611215529474,65.51673860677084
62,1000,6.768311961192597,0.32195720961614027,0.6199595715270081,65.83993326822916,0.3129343564285757,6.768311961192597,65.83993326822916
62,749,8.908325325353255,0.4188476277965696,0.6195910741542825,68.21394167751735,0.4575643349361086,8.908325325353255,68.21394167751735
62,562,11.621371304768756,0.556168991792213,0.6192442460869083,71.27359564887152,0.5335038383626793,11.621371304768756,71.27359564887152
62,421,15.13119084951318,0.6727149269652778,0.6187531118306884,76.03490261501736,2.2243244696357363,15.13119084951318,76.03490261501736
62,316,19.418049955534006,0.8180980510051519,0.6186403798763606,80.96639138454861,1.3880132347529135,19.418049955534006,80.96639138454861
62,273,21.863694003366742,0.8895779217169195,0.6186399270136675,87.92840500217012,2.823359039258552,21.863694003366742,87.92840500217012
62,236,24.276197730956113,0.7121235924936784,0.6179499237880434,97.74185725911457,2.9633797433527347,24.276197730956113,97.74185725911457
62,204,26.038955095202112,0.5493775783516673,0.616814634363128,110.1526351453993,2.723699925895079,26.038955095202112,110.1526351453993
62,177,27.34125634943772,0.16324361014972225,0.6206842588888366,119.46962901475695,3.455462815584898,27.34125634943772,119.46962901475695
62,153,27.823890325866312,0.008250557012398631,0.6220484241931237,124.45145540364582,0.1664721506968606,27.823890325866312,124.45145540364582
62,133,28.130811270469792,0.009345251726939596,0.6197784768298787,130.54334103732637,0.060242366404205286,28.130811270469792,130.54334103732637
62,115,28.30741410668354,0.003263931874451849,0.6177223657789382,135.92962847222222,0.12149051620366563,28.30741410668354,135.92962847222222
62,100,28.31673345278806,0.12321447828743606,0.6188233523024697,136.8056603732639,3.6598977990800927,28.31673345278806,136.8056603732639
62,92,28.390836872850517,0.011839278322234246,0.6213233593871621,138.340926812066,1.1987940998324358,28.390836872850517,138.340926812066
62,86,28.487043153054316,0.03937458089132776,0.6208164835249902,143.39818277994792,2.800991591701005,28.487043153054316,143.39818277994792
62,79,28.551485644224414,0.024104845333297948,0.6153088289085428,147.1960070529514,0.030645196137110885,28.551485644224414,147.1960070529514
62,74,28.392452304894338,0.018642984657175666,0.6218200057875013,139.64403401692707,0.8214438022751475,28.392452304894338,139.64403401692707
62,70,28.40792651350401,0.019497309031272052,0.6190919057441783,141.07494769965277,0.13340239875658846,28.40792651350401,141.07494769965277
62,68,28.415378829796524,0.01819612606233136,0.6204027413139519,140.98381233723958,0.47726134376700047,28.415378829796524,140.98381233723958
62,65,28.411718771590717,0.018683928764923793,0.6181784422795031,142.0087931857639,0.07629236685125558,28.411718771590717,142.0087931857639
62,63,28.627485681572125,0.006102432587918465,0.6178659718231934,153.43753385416667,0.11824651994262339,28.627485681572125,153.43753385416667
62,58,28.646657145201647,0.0030228664610805534,0.6244182251233825,148.88584114583333,0.11715480539787931,28.646657145201647,148.88584114583333
62,55,28.681127324516456,0.018365362989050508,0.6233815332963669,150.46458430989583,0.12896606843109543,28.681127324516456,150.46458430989583
62,47,28.68893816835204,0.041732095014779126,0.6230925215295747,154.3150755750868,2.29108140822182,28.68893816835204,154.3150755750868
62,41,28.696722857782262,0.044104328457509785,0.6215893541596256,156.5664793294271,2.80915623561428,28.696722857782262,156.5664793294271
62,37,28.684945610237225,0.04606192778976059,0.6206837881896544,157.83695166015625,3.06232620097429,28.684945610237225,157.83695166015625
62,35,28.69677325726677,0.05324922621373111,0.6201076574039323,158.73485622829858,3.3170625524514055,28.69677325726677,158.73485622829858
62,33,28.67438994085226,0.044174996439327215,0.6198304622333878,159.2204064670139,3.451960558684334,28.67438994085226,159.2204064670139
62,32,28.681053668082274,0.024515490074085995,0.6194460254120492,159.53508604600697,2.267135999053308,28.681053668082274,159.53508604600697
62,31,28.93237174915299,0.03924626843199755,0.6167211156226129,180.0853559027778,0.026527237049038466,28.93237174915299,180.0853559027778
62,29,28.977751680709456,0.013624610338580324,0.615671846745816,186.18856076388886,0.18694528542891223,28.977751680709456,186.18856076388886
62,26,28.99860086731533,0.02378355218774385,0.6154201042370828,187.62810405815972,0.12320250566268015,28.99860086731533,187.62810405815972
62,23,28.995521839781244,0.0067976090024496295,0.6153188825156953,191.5250609809028,0.11419273914753292,28.995521839781244,191.5250609809028
63,100000,0.07586511071545575,0.006566987187578507,0.6305079530296941,61.668918212890624,0.01582592754357186,0.0,61.668918212890624
63,100000,0.07586511071545575,0.006566987187578507,0.6305079530296941,61.668918212890624,0.01582592754357186,0.07586511071545575,61.668918212890624
63,31622,0.2400007624000271,0.01249081504940698,0.6286957827459393,61.59141178385417,0.04038200352477026,0.2400007624000271,61.59141178385417
63,10000,0.7730582863208714,0.0030234680416209208,0.6328604358881921,61.45222526041666,0.006708891195796957,0.7730582863208714,61.45222526041666
63,5623,1.3211314890020718,0.0013625841940984578,0.6294510210386731,61.50983615451389,0.04550402215422326,1.3211314890020718,61.50983615451389
63,3162,2.269360827206718,0.18955224893665168,0.6306920422144752,61.78394938151042,0.09678149744568809,2.269360827206718,61.78394938151042
63,1778,3.7602791167625256,0.3413451532282895,0.6315635492985625,62.87592225477431,0.21518469909657273,3.7602791167625256,62.87592225477431
63,1000,6.476326009208292,0.5566886345655064,0.6314921158204271,65.47298166232639,0.5769077525634998,6.476326009208292,65.47298166232639
63,749,8.482131134560985,0.7174621784350872,0.6313030434483263,67.68975537109374,0.772963389262685,8.482131134560985,67.68975537109374
63,562,11.045367261537592,0.9108770250697058,0.631122512698098,70.54895421006944,0.9361989193423177,11.045367261537592,70.54895421006944
63,421,14.308831354928577,1.1086750754344579,0.6308203964090087,74.20930631510417,1.1673272178278036,14.308831354928577,74.20930631510417
63,316,18.329353094441554,1.282077326468354,0.6305305555420401,79.04948920355902,1.8129323154192734,18.329353094441554,79.04948920355902
63,236,22.979653514976523,1.2947753231588903,0.6301234261995614,91.44325444878471,5.115339101396807,22.979653514976523,91.44325444878471
63,204,25.056247397193488,1.0377354769272171,0.6291669545357194,101.07883913845485,6.235099757674417,25.056247397193488,101.07883913845485
63,177,25.80916173964165,0.004894477266332569,0.6310950802997377,104.97749446614584,0.07762011575270958,25.80916173964165,104.97749446614584
63,153,27.047166570048244,0.019426081278154195,0.6292787670177399,114.38764995659722,0.09074205039328347,27.047166570048244,114.38764995659722
63,133,27.694238987187394,0.005835751929842377,0.6269218884157479,121.90608778211805,0.15228003619701108,27.694238987187394,121.90608778211805
63,100,28.062578562380384,0.2711054367515864,0.6330072298479518,125.06001958550348,7.968985835029518,28.062578562380384,125.06001958550348
63,86,28.427106588813658,0.018741161099798145,0.6339720751360519,134.9346950954861,0.04955630877208847,28.427106588813658,134.9346950954861
63,74,28.28141830103924,0.090684709090412,0.6335477369951846,133.02015863715278,0.13276955421632317,28.28141830103924,133.02015863715278
63,70,28.19408008190594,0.0030136062144030143,0.6320523722971033,134.4945685763889,0.7007000004552034,28.19408008190594,134.4945685763889
63,68,28.283191229595534,0.08258196117174126,0.6328418127721744,134.2781277669271,0.41013332764131727,28.283191229595534,134.2781277669271
63,66,28.19699730069588,0.012235088984946468,0.6320607955539509,134.94387500000002,0.03949301106557616,28.19699730069588,134.94387500000002
63,65,28.205137281246692,0.01624210831877481,0.6317574825665845,135.3241499565972,0.12389425651347401,28.205137281246692,135.3241499565972
63,63,28.720228349085414,0.12591540129601436,0.6290411139152605,150.47698600260415,3.7922171715820485,28.720228349085414,150.47698600260415
63,61,28.944924365168877,0.028301054396819503,0.6295495362377197,160.09774153645833,0.0911489962789282,28.944924365168877,160.09774153645833
63,60,28.932343769050785,0.024307559628556626,0.6293675440927795,160.90541764322916,0.12493389516066099,28.932343769050785,160.90541764322916
63,58,28.969090051041007,0.022554254930946042,0.6293757794842478,161.5205251736111,0.0852531542067574,28.969090051041007,161.5205251736111
63,55,28.84228481211745,0.154662788256661,0.6280178530852382,158.35695551215278,5.906214680796064,28.84228481211745,158.35695551215278
63,47,29.01650670753541,0.029456281291301734,0.6286009467581121,168.11648187934028,0.21245923896986982,29.01650670753541,168.11648187934028
63,41,29.028567603765577,0.026186139774360243,0.6284671950247919,170.1678203125,0.09326790976046394,29.028567603765577,170.1678203125
63,37,29.04460184805139,0.029346348205139133,0.6283058765106021,172.76733072916667,0.16142528187309765,29.04460184805139,172.76733072916667
63,35,29.055336759419358,0.029758979550162896,0.6297947832649223,173.50107096354168,0.13383703251360013,29.055336759419358,173.50107096354168
63,32,29.03996548839213,0.009554746578836154,0.6281862474078392,175.30389691840276,0.13915728434778823,29.03996548839213,175.30389691840276
63,31,29.309437649788844,0.015504963452371429,0.6281530935844682,194.4807811414931,3.6751938598050145,29.309437649788844,194.4807811414931
63,29,29.363446940412274,0.025391236364382876,0.6281203197892314,200.00200141059022,0.5305923033333295,29.363446940412274,200.00200141059022
63,28,29.34810563717789,0.024934462909587483,0.6275958750917576,199.68205479600695,0.11594602443080679,29.34810563717789,199.68205479600695
63,26,29.370840561371935,0.015461540856382607,0.6277299410439454,202.68883040364585,0.08890815482952003,29.370840561371935,202.68883040364585
63,23,29.35149683718106,0.021740950216358225,0.6286175090738846,203.7901969401042,0.14810010370523313,29.35149683718106,203.7901969401042
63,22,29.380447237215872,0.05250602443702836,0.6286847622102404,203.98994889322918,0.1852711125705569,29.380447237215872,203.98994889322918
63,20,29.36216302801139,0.00844816037188269,0.6281701589297155,220.41671679687502,0.1707291209843206,29.36216302801139,220.41671679687502
63,19,29.262637012001914,0.084263262813332,0.631606538797873,220.94676784939236,0.903434207179663,29.262637012001914,220.94676784939236
63,17,29.25807327959704,0.11046605071476122,0.631360613793902,222.91896110026042,1.3666910823548646,29.25807327959704,222.91896110026042
63,15,29.24744089596328,0.11233289975318587,0.6301352992782445,241.1924748263889,4.648986370487238,29.24744089596328,241.1924748263889
63,14,29.283621775277165,0.07678920339482868,0.6302975824624617,246.84765587022568,2.621076043491535,29.283621775277165,246.84765587022568
63,13,29.25367661521541,0.08436709748513643,0.6304929100945628,248.6997711046007,3.1201455098727306,29.25367661521541,248.6997711046007
63,11,29.177073106314733,0.1229205829659716,0.6307816152385123,268.3492870551215,4.72418461310954,29.177073106314733,268.3492870551215
63,10,29.153899647602554,0.1443046880581113,0.6307692313339923,269.94319666883683,5.153415692661637,29.153899647602554,269.94319666883683
63,8,28.964570871309277,0.022148066510228454,0.6334791560065173,281.35147645399303,0.5052985515518676,28.964570871309277,281.35147645399303
63,7,29.05479968838854,0.1319598989766947,0.6307565255592337,280.994548828125,2.162453780334003,29.05479968838854,280.994548828125
63,5,29.040695164314172,0.18456182686995312,0.6299331539462444,280.76725933159724,0.30488033930360664,29.040695164314172,280.76725933159724
63,3,28.97358387359218,0.14423055252828684,0.6297225239099985,286.2088358289931,0.8577205893377341,28.97358387359218,286.2088358289931
63,1,28.9794929243118,0.12315090593059277,0.6290658270652273,286.42905598958333,1.049414872769115,28.9794929243118,286.42905598958333
63,0,28.964344107154748,0.1392501127921275,0.6289002515546293,287.4853480360243,3.128253952793948,28.964344107154748,287.4853480360243
64,100000,0.0811705262357072,0.007736024691647434,0.6422299527691474,61.659234049479174,0.007637299441267725,0.0,61.659234049479174
64,100000,0.0811705262357072,0.007736024691647434,0.6422299527691474,61.659234049479174,0.007637299441267725,0.0811705262357072,61.659234049479174
64,31622,0.25514347762549383,0.0008693251296973553,0.6417764145576299,61.560673068576385,0.007323394096606881,0.25514347762549383,61.560673068576385
64,10000,0.6628857069241971,0.004100423924297756,0.6406758587970598,61.51738270399306,0.03056407407523645,0.6628857069241971,61.51738270399306
64,5623,1.1301659372138375,0.00488481190216002,0.6381909484346644,61.498979166666665,0.02062455361393833,1.1301659372138375,61.498979166666665
64,1778,3.625209027413556,0.005145769761673828,0.643339578773695,62.76157541232639,0.02293762625154536,3.625209027413556,62.76157541232639
64,1000,6.099977843081991,0.12623105188735864,0.6429197734984321,65.15341026475694,0.20618243883293963,6.099977843081991,65.15341026475694
64,749,8.191368558928493,0.0015010474947429735,0.6425266576524956,67.37423090277777,0.012120849949328421,8.191368558928493,67.37423090277777
64,562,10.405554713050106,0.34175451935204004,0.6418591413438158,69.7968310546875,0.42528012688342387,10.405554713050106,69.7968310546875
64,421,13.448830321519466,0.49812730091922985,0.641341452760727,73.12345562065973,0.6542885669392985,13.448830321519466,73.12345562065973
64,316,17.217866307042772,0.6888374393845862,0.6410507608883694,77.45827180989583,0.7911208853212687,17.217866307042772,77.45827180989583
64,236,21.675029666192174,1.0241432870461,0.6408184944407486,86.37788210720487,3.2444972019116385,21.675029666192174,86.37788210720487
64,204,24.652742504487836,0.02424331166321852,0.6419588213160369,98.64394325086806,1.4759008740882047,24.652742504487836,98.64394325086806
64,177,25.918197752537314,1.1307136315165596,0.6414394754723434,104.80633897569444,8.46389206371609,25.918197752537314,104.80633897569444
64,153,27.32812947885328,0.007049615867187636,0.6389953039549099,116.57064453125001,0.03353387323352057,27.32812947885328,116.57064453125001
64,133,27.504119579588828,0.5939062280942908,0.6371728265890865,118.10731810619212,8.815156863345878,27.504119579588828,118.10731810619212
64,115,27.65129787312639,0.40460683637921746,0.6383195070008759,120.48873703342014,8.765007785079389,27.65129787312639,120.48873703342014
64,100,28.0453391137544,0.28419732850540497,0.6426266291493159,125.42370652488427,6.795318540597413,28.0453391137544,125.42370652488427
64,92,28.283826024123126,0.16377379051734156,0.6424534802404883,129.05986555989583,2.463114230093005,28.283826024123126,129.05986555989583
64,86,28.348357345272305,0.1254207884354117,0.6391633839324453,133.86428200954862,2.647388818208174,28.348357345272305,133.86428200954862
64,79,28.402773502217077,0.1409555248433041,0.6391702944640948,136.60966742621528,2.9604696158895605,28.402773502217077,136.60966742621528
64,74,28.349770672711234,0.16187920727937552,0.6393022137588726,132.7144474283854,2.0834338210377052,28.349770672711234,132.7144474283854
64,70,28.240611277478493,0.008658840351109408,0.6418791968317975,132.63557725694443,0.40912848961356457,28.240611277478493,132.63557725694443
64,68,28.239648952793917,0.020554905129738534,0.6418650429175474,133.3889148220486,0.08246409016422648,28.239648952793917,133.3889148220486
64,66,28.23917822228917,0.009389318327148677,0.6402516131075707,134.58207921006945,2.2756000939849605,28.23917822228917,134.58207921006945
64,65,28.237185771098478,0.006484922681051015,0.64171993881707,133.9621030815972,0.0576719897596596,28.237185771098478,133.9621030815972
64,63,28.808365216979215,0.0177317882517466,0.639325437178087,148.95713921440972,0.09798459255942336,28.808365216979215,148.95713921440972
64,60,28.859956665054312,0.010057504272877264,0.6381605041241146,155.23240722656251,0.28872553190018435,28.859956665054312,155.23240722656251
64,58,28.876009708806794,0.025797595568903094,0.6371045086250073,155.95121321614582,0.03564838053705279,28.876009708806794,155.95121321614582
64,55,28.93760509319615,0.012630966514507853,0.6379806906512097,159.16351898871528,0.11436337906461841,28.93760509319615,159.16351898871528
64,47,28.968370745472118,0.014619636206562162,0.6379737572442153,164.32550770399305,0.11448376787259959,28.968370745472118,164.32550770399305
64,41,28.96904623250521,0.03364834355140749,0.637002195871573,164.20341677517362,0.15665319626917362,28.96904623250521,164.20341677517362
64,37,28.973799791416525,0.006543071533992745,0.6368074053572061,165.03109971788194,0.11889510052657352,28.973799791416525,165.03109971788194
64,35,29.003066985823068,0.021401704807230457,0.6376129760613043,170.43515180121528,0.0752858647595841,29.003066985823068,170.43515180121528
64,31,29.29215629222583,0.13366200248799195,0.6399162688727533,185.5534541015625,0.37672667465121207,29.29215629222583,185.5534541015625
64,29,29.08954403894928,0.04072076880917974,0.638456486633003,188.57638378906253,0.25852091263562316,29.08954403894928,188.57638378906253
64,28,29.032376706326534,0.04621587504144177,0.637847407830702,188.90195811631943,0.2541432110191828,29.032376706326534,188.90195811631943
64,26,29.305502560526616,0.1741613210216911,0.639360517695581,193.82811595775462,2.3877240494184218,29.305502560526616,193.82811595775462
64,23,29.31554067430295,0.16195963399531177,0.6394206826103004,196.96894057436342,1.9319141044843458,29.31554067430295,196.96894057436342
64,22,29.302896280126063,0.1647215883679794,0.6393404618981868,196.10833857783564,1.7033258643067917,29.302896280126063,196.10833857783564
64,20,29.398401587517938,0.1659744775128331,0.6387156236699514,220.49907110821758,5.369643707271563,29.398401587517938,220.49907110821758
64,19,29.517179962834348,0.08765976594146621,0.6408240827856545,218.04296771918402,1.1261242411740402,29.517179962834348,218.04296771918402
64,17,29.517978860291567,0.1144900845372242,0.640317339339162,220.98366351996526,0.9558667568527173,29.517978860291567,220.98366351996526
64,15,29.482027129373986,0.08770292843981134,0.6402187776279356,235.55948274739583,0.4525932652668186,29.482027129373986,235.55948274739583
64,14,29.472464479992357,0.08418983926186266,0.6401450911546753,242.04338840060765,0.5017818882304625,29.472464479992357,242.04338840060765
64,13,29.461049234435546,0.10560858828740202,0.6402909112566381,244.86747553168402,3.0187673328801057,29.461049234435546,244.86747553168402
64,11,29.422962300122848,0.07822157511194718,0.6408105798242291,262.1931648763021,1.1785046979100877,29.422962300122848,262.1931648763021
64,10,29.408599693014356,0.06123651535145782,0.6410187013394112,264.02475716145835,1.0063455286846172,29.408599693014356,264.02475716145835
64,8,29.45207910052456,0.00283671474009812,0.6444240748140269,278.7267379557292,0.04064179176272203,29.45207910052456,278.7267379557292
64,7,29.376734291090344,0.07414033840011351,0.6407673182492607,278.95464290364583,1.0265455632135307,29.376734291090344,278.95464290364583
64,5,29.42258296165993,0.11939394617062367,0.6397227904643631,283.3283599717882,3.1208662969360117,29.42258296165993,283.3283599717882
64,3,29.375973877881325,0.11558230233275921,0.6397092174777743,286.66108143446183,1.9925439788065253,29.375973877881325,286.66108143446183
64,1,29.385200036968158,0.12190953571081042,0.6396588349863718,286.6236794162326,0.7879305469230083,29.385200036968158,286.6236794162326
64,0,29.38015294422671,0.11348128499605956,0.6396877984787578,287.08316943359375,0.2885749303231861,29.38015294422671,287.08316943359375
65,100000,0.0707437831779441,0.0017508349731698387,0.6458445232122868,61.686201605902774,0.013617304621996703,0.0,61.686201605902774
65,100000,0.0707437831779441,0.0017508349731698387,0.6458445232122868,61.686201605902774,0.013617304621996703,0.0707437831779441,61.686201605902774
65,31622,0.22838367875800747,0.021681432308904507,0.6491416988113028,61.575847656250005,0.006647617200327623,0.22838367875800747,61.575847656250005
65,10000,0.7254048105584577,0.037974084815758515,0.6510829718974299,61.49543364800348,0.012226386066463582,0.7254048105584577,61.49543364800348
65,5623,1.2457182022468223,0.0668855544256628,0.6504264223697978,61.51709114583333,0.024121605525705275,1.2457182022468223,61.51709114583333
65,3162,2.153987016369075,0.11972729919369275,0.649723242185744,61.78592252604166,0.04159935204433542,2.153987016369075,61.78592252604166
65,1778,3.680991494641536,0.2371658910746352,0.6500526834138479,62.80304821325231,0.15190049410373999,3.680991494641536,62.80304821325231
65,1000,6.433745059778598,0.48852195454403063,0.6501152989725384,65.48858387586806,0.6281377620627335,6.433745059778598,65.48858387586806
65,749,8.388084390627094,0.6912431749199056,0.649836349938168,67.64329698350694,0.9206060064776727,8.388084390627094,67.64329698350694
65,562,10.913960813788016,0.9184278144654007,0.6496548756198509,70.4009408094618,1.1793947475299769,10.913960813788016,70.4009408094618
65,421,14.095888249650152,1.2465567879200723,0.6490547622265922,73.73655544704862,1.6251839569968871,14.095888249650152,73.73655544704862
65,316,17.386025244569844,2.0862531872269297,0.6497428532435705,76.75803479456019,3.3830679825284387,17.386025244569844,76.75803479456019
65,236,20.82588467488422,2.735960108198882,0.650375828490296,85.34057371238426,8.087352804219698,20.82588467488422,85.34057371238426
65,177,24.10339785104314,2.115809086001027,0.6520608646188413,95.82139543547454,10.818251272819179,24.10339785104314,95.82139543547454
65,204,25.796079374267,0.02018030217491638,0.6466872864028254,105.09529774305555,0.16143663600194239,25.796079374267,105.09529774305555
65,153,25.826492057702996,2.026267788603654,0.6531238184572153,103.21082562934028,13.96326148152546,25.826492057702996,103.21082562934028
65,133,26.75061783107591,1.0757516015736428,0.649605429302571,107.6607140842014,10.509737107711395,26.75061783107591,107.6607140842014
65,115,26.803111447828453,0.39639546679838383,0.6506236409207876,107.4273201497396,4.513769226137458,26.803111447828453,107.4273201497396
65,107,26.989118517901236,0.002081121549280414,0.6521670350821892,106.48690429687501,0.0363815804974796,26.989118517901236,106.48690429687501
65,100,27.75489050893803,0.5166859363668216,0.6503623134342713,116.69460910373265,8.194676370857692,27.75489050893803,116.69460910373265
65,92,27.935573460492254,0.010032201535831788,0.6503925730090901,119.79858691406248,0.1084223398654168,27.935573460492254,119.79858691406248
65,86,28.203049072741646,0.005719951280034081,0.6505897415755217,125.0637646484375,0.3673120294866031,28.203049072741646,125.0637646484375
65,74,28.287136007676875,0.1423246676537349,0.6516085570099858,128.3691675347222,2.0773472030747753,28.287136007676875,128.3691675347222
65,79,28.314038055856788,0.028259319694548146,0.6500830399145004,128.78359581163195,0.6478354117263367,28.314038055856788,128.78359581163195
65,70,28.323961546722177,0.15217745295439133,0.6513932264714055,130.002837890625,2.0105428329872215,28.323961546722177,130.002837890625
65,68,28.34310776243105,0.14108762061660438,0.651277416163859,130.86267762586806,1.8822654432220849,28.34310776243105,130.86267762586806
65,66,28.344452153593735,0.1493648636526552,0.6512726618504426,132.22739539930555,2.016281975559588,28.344452153593735,132.22739539930555
65,65,28.362735071107636,0.1305462123895587,0.651105378710174,132.2958626844618,1.9329034432660308,28.362735071107636,132.2958626844618
65,63,28.96287533731301,0.09162191514197376,0.6509829419108263,153.64079991319443,4.3021056302603675,28.96287533731301,153.64079991319443
65,61,29.052409809805024,0.11957709254267927,0.6492411649380655,156.34098269314237,4.2302499516297685,29.052409809805024,156.34098269314237
65,60,29.066334783074847,0.12045598583539566,0.6492939512508044,157.07394585503474,4.074136750284264,29.066334783074847,157.07394585503474
65,58,29.077845147653367,0.1122772584029141,0.6490392931309846,158.09886284722222,3.9465506104325816,29.077845147653367,158.09886284722222
65,55,29.06294581826252,0.12290460402151827,0.6497842844060707,160.49048542390045,3.339031005009396,29.06294581826252,160.49048542390045
65,47,29.121425954035967,0.17231154882795618,0.6504459741419114,165.83160785590277,3.027523385291078,29.121425954035967,165.83160785590277
65,41,29.10796952620599,0.12852510167648376,0.6478493857426183,167.50378754340278,2.2501270466690912,29.10796952620599,167.50378754340278
65,37,29.0885316341587,0.22494045841556493,0.6487821401819154,170.32918869357638,4.308382053513115,29.0885316341587,170.32918869357638
65,35,29.108589220842934,0.21982558975645322,0.6488337284418353,171.2258845486111,5.221556885039249,29.108589220842934,171.2258845486111
65,33,29.102805541750893,0.2218347019770345,0.6483705321747434,172.48395198567707,4.7260432245905,29.102805541750893,172.48395198567707
65,32,29.098990071660605,0.2392848774684386,0.6483651101715111,172.47759071180556,5.6918449120142585,29.098990071660605,172.47759071180556
65,31,29.592408564652203,0.027895997779124555,0.6508203369559228,195.6539806857639,0.10214652921762482,29.592408564652203,195.6539806857639
65,29,29.615324842250782,0.017950660528907737,0.6508060584587795,199.59339116753472,0.042888532767731725,29.615324842250782,199.59339116753472
65,28,29.6295853239845,0.03187005650527734,0.65100090048798,199.90295572916668,0.09288721512435076,29.6295853239845,199.90295572916668
65,26,29.64197280632841,0.016121744872507185,0.6511563655115732,203.194041015625,0.10866345594886852,29.64197280632841,203.194041015625
65,23,29.634976930220773,0.04031906298055382,0.6517257086036187,204.81013997395834,0.12517380234845946,29.634976930220773,204.81013997395834
65,22,29.639840153104142,0.013211553066819063,0.6511113149562606,204.19704069010422,0.1534743332388132,29.639840153104142,204.19704069010422
65,20,29.765069986165738,0.003635937706230656,0.6510956756762781,223.9226497395833,0.0440818614593796,29.765069986165738,223.9226497395833
65,19,29.768658920364732,0.03643091203084362,0.6509477582151143,224.82071625434028,0.38385753850749793,29.768658920364732,224.82071625434028
65,17,29.765577210732783,0.012952582159208605,0.6510000703765364,226.6828288845486,0.1711884265952644,29.765577210732783,226.6828288845486
65,15,29.745844884381295,0.01452141709040987,0.6507383523750684,237.25670279947917,0.10294620416022424,29.745844884381295,237.25670279947917
65,14,29.729067348066348,0.037806758595949175,0.6507653240373048,243.75836957465276,0.46193799578952305,29.729067348066348,243.75836957465276
65,13,29.729961899862307,0.02784703016680184,0.6509554588897729,244.64006933593748,0.04168486823841208,29.729961899862307,244.64006933593748
65,10,29.653085879785532,0.04487754015550913,0.6517332040019895,260.7798815104166,0.13951557907953327,29.653085879785532,260.7798815104166
65,7,29.59865256340608,0.0148550955343027,0.6514456006734294,278.8760631510417,0.12356414308744514,29.59865256340608,278.8760631510417
65,5,29.71869347871376,0.014320106523623049,0.6508730416463756,280.87342209201387,1.0090688709388536,29.71869347871376,280.87342209201387
65,3,29.68894610743476,0.01618482697401307,0.6509375059757799,288.94886328125,4.097222794435997,29.68894610743476,288.94886328125
65,1,29.6953223959659,0.018328631989904687,0.6506681333646772,287.58910026041667,0.03168611837732708,29.6953223959659,287.58910026041667
65,0,29.682720026894557,0.008957147916823952,0.6505978584661761,287.5165834418403,0.163732016774333,29.682720026894557,287.5165834418403
66,100000,0.07682107611317254,0.007618918354644169,0.6619833292706184,61.671119357638894,0.01448814637437181,0.0,61.671119357638894
66,100000,0.07682107611317254,0.007618918354644169,0.6619833292706184,61.671119357638894,0.01448814637437181,0.07682107611317254,61.671119357638894
66,31622,0.24133361290029146,0.013792336519408551,0.6603131229252156,61.58924495442708,0.014724907184978918,0.24133361290029146,61.58924495442708
66,10000,0.6575268184846227,0.06310773695898474,0.6623981092952959,61.524417317708334,0.015704528156137657,0.6575268184846227,61.524417317708334
66,5623,1.1395738788111696,0.082666859322791,0.6617698342628594,64.58195927372685,9.16067320863608,1.1395738788111696,64.58195927372685
66,3162,1.899537438105533,0.21058124361997485,0.6602293584707055,61.73594898003473,0.09136983606112048,1.899537438105533,61.73594898003473
66,1778,3.237602335096505,0.3333638816614855,0.6607144338770706,62.49062591145833,0.2255252506604479,3.237602335096505,62.49062591145833
66,1333,4.439281236665763,0.42256244557919825,0.6613827031990991,63.43329698350695,0.4253995380009905,4.439281236665763,63.43329698350695
66,1000,5.558795572684009,0.5747960237701665,0.6602193634649818,64.50975184461805,0.57332310616513,5.558795572684009,64.50975184461805
66,749,7.3182616452181355,0.8583160217757749,0.6597347375252209,66.3516331108941,0.9836431866493794,7.3182616452181355,66.3516331108941
66,562,9.498954506929806,0.9919833305042387,0.6597523015541906,68.75813483072916,1.1441153370404298,9.498954506929806,68.75813483072916
66,421,12.367933640393922,1.3212694819323718,0.6595730751861191,71.75092276475695,1.5937693034794678,12.367933640393922,71.75092276475695
66,316,16.07816852485726,1.6721448309401652,0.6595403497479772,76.22471185980903,2.1816549607667963,16.07816852485726,76.22471185980903
66,236,20.82862870296524,1.7901034526952393,0.6599676475355892,83.86161176215278,5.423033621993121,20.82862870296524,83.86161176215278
66,204,24.51696216088175,1.1580038138892912,0.658642551506448,96.05845638020833,5.849872326182389,24.51696216088175,96.05845638020833
66,177,24.409326257731124,1.288462067191087,0.6598857884122247,92.41982895688658,5.685264605250564,24.409326257731124,92.41982895688658
66,153,26.088464127589024,0.9674993438413292,0.6602769905750271,101.37775016276042,7.86921355073217,26.088464127589024,101.37775016276042
66,133,26.86930253880014,0.6165337236085996,0.6584641792480233,105.89549182581018,7.174923343387783,26.86930253880014,105.89549182581018
66,115,27.172992213164466,0.2906755513443396,0.661198763554433,107.3847333984375,1.0597941060960947,27.172992213164466,107.3847333984375
66,107,27.49651294097777,0.011467187464416743,0.6612770884747222,109.075986328125,0.10068976895131469,27.49651294097777,109.075986328125
66,100,27.76557383626691,0.04844263766838695,0.6608142114663844,112.56643721064815,0.9951431892684315,27.76557383626691,112.56643721064815
66,92,28.184948250778245,0.004884446874188439,0.6597484657025577,120.58136317274305,0.08893491535587433,28.184948250778245,120.58136317274305
66,86,28.542744888278985,0.08199188176619542,0.6605150249298712,127.73021535011574,0.5070643560881758,28.542744888278985,127.73021535011574
66,79,28.619301844986698,0.022569134172585225,0.6611654875959388,129.17087890624998,0.05585054827850418,28.619301844986698,129.17087890624998
66,74,28.65612408153521,0.26458443560286465,0.6616914631384966,133.9488074001736,9.853553406400568,28.65612408153521,133.9488074001736
66,70,28.583704631709363,0.20721055792296944,0.6638099941287056,129.93468939887154,8.05746474276078,28.583704631709363,129.93468939887154
66,68,28.59977410873771,0.13304332287166354,0.6620668178293241,133.25118207465277,6.361277697923969,28.59977410873771,133.25118207465277
66,66,28.58067346965322,0.19457041548699122,0.6637268058883531,131.052392578125,7.941651889660732,28.58067346965322,131.052392578125
66,65,28.59553868725617,0.18570880376200397,0.663763849120112,131.5569740125868,7.987423896075587,28.59553868725617,131.5569740125868
66,63,29.16357377182705,0.22206506406532173,0.6615553820155505,149.72921871383102,10.689268889507586,29.16357377182705,149.72921871383102
66,61,29.366534481369683,0.2152504512334229,0.6633335205883858,155.19587641059027,13.628445253092089,29.366534481369683,155.19587641059027
66,60,29.37203741934331,0.2622374296723256,0.6632712660141541,156.5977046440972,14.896881653690455,29.37203741934331,156.5977046440972
66,58,29.270311712713823,0.22281209137602748,0.6613326386531138,155.71360496238424,11.993811507521821,29.270311712713823,155.71360496238424
66,55,29.29737437895586,0.22530580596681304,0.6612181707315591,157.5016304976852,12.305137525914102,29.29737437895586,157.5016304976852
66,47,29.347163774170593,0.20908866887927952,0.6610944313949279,163.25213993778937,11.027143057676394,29.347163774170593,163.25213993778937
66,41,29.39668739691286,0.19924117142919512,0.6609532627284617,167.73012369791667,10.35012983484401,29.39668739691286,167.73012369791667
66,37,29.412398503492234,0.1963667120150618,0.66098968915923,169.6103283420139,10.731141602601936,29.412398503492234,169.6103283420139
66,35,29.430959298786206,0.20114702777008603,0.6613636798537103,171.12566102430554,10.160775350879502,29.430959298786206,171.12566102430554
66,33,29.532885123326807,0.19154457804465774,0.6632431141628102,174.36304058159723,12.500158392098578,29.532885123326807,174.36304058159723
66,32,29.43199986076553,0.19818194105077647,0.6610215371365613,172.46315277777776,10.553271647311888,29.43199986076553,172.46315277777776
66,31,29.753962538036692,0.16280209975263513,0.6610612429752254,191.40751265914352,10.448201346098344,29.753962538036692,191.40751265914352
66,29,29.819564034743863,0.1573314647755604,0.6611292687634626,198.21863302951388,10.40597318084886,29.819564034743863,198.21863302951388
66,28,29.802852811336045,0.19216238629839674,0.6599654881121805,202.8720428059896,11.601833513231238,29.802852811336045,202.8720428059896
66,26,29.82915803372917,0.19838976386621615,0.6591853651223702,205.72474028862848,11.722992125519507,29.82915803372917,205.72474028862848
66,23,29.836569292208186,0.19862359089454232,0.6592034981961122,207.5173834092882,11.119512467496348,29.836569292208186,207.5173834092882
66,22,29.83610211918335,0.2067265309005997,0.6592819968778008,208.5626959092882,11.254064678648144,29.83610211918335,208.5626959092882
66,20,29.970848863048342,0.157010861779433,0.6595570040590512,226.67854079861112,6.982943276773613,29.970848863048342,226.67854079861112
66,19,29.993578583032164,0.17647765567996007,0.6594244192713227,227.88560693359375,7.331401037351657,29.993578583032164,227.88560693359375
66,17,29.959327165903886,0.14578723829342397,0.6596219027372904,230.24861300998262,7.021200221268257,29.959327165903886,230.24861300998262
66,13,30.010740384162215,0.1419102718771244,0.6598061824781706,245.2665374348958,3.844280069726353,30.010740384162215,245.2665374348958
66,10,29.918322464475946,0.1312347762587508,0.660243540329221,259.3942016601562,0.9785035264866951,29.918322464475946,259.3942016601562
66,8,29.874913202444507,0.10513614457008222,0.6603782337294187,276.72248171657986,1.7418063664162655,29.874913202444507,276.72248171657986
66,7,29.88858107961947,0.104435054245058,0.6601675467625391,278.2733923611111,0.16689805309411784,29.88858107961947,278.2733923611111
66,5,29.98673006496806,0.10324282311618782,0.6596623608244597,281.6696685112847,0.33747622990878,29.98673006496806,281.6696685112847
66,3,30.056402785750436,0.14133860004740426,0.6590088071960455,285.98026719835065,0.22971448134086667,30.056402785750436,285.98026719835065
66,1,30.0702347085994,0.13443822763760505,0.6584190772617937,289.69011317274305,0.8116086850439481,30.0702347085994,289.69011317274305
66,0,30.067226064795403,0.13157610811821688,0.6584938847115139,291.04322444661454,3.1671332528796956,30.067226064795403,291.04322444661454
67,100000,0.07880317897260303,0.011492572370954343,0.6706736406045557,61.674984537760416,0.018219194523786356,0.0,61.674984537760416
67,100000,0.07880317897260303,0.011492572370954343,0.6706736406045557,61.674984537760416,0.018219194523786356,0.07880317897260303,61.674984537760416
67,31622,0.2214466715646701,0.015129236780098164,0.6723687975435856,61.66720657009549,0.1295186399530976,0.2214466715646701,61.66720657009549
67,10000,0.6021816019745981,0.06919131379272371,0.6695879752400636,61.52614343261718,0.029807259686945684,0.6021816019745981,61.52614343261718
67,5623,1.0360979264635701,0.0417542642521051,0.6688461733009567,61.56344281684028,0.05249543995854885,1.0360979264635701,61.56344281684028
67,3162,1.7538884293997075,0.18628765007611633,0.6679535371166263,61.71974148220486,0.06707360629857605,1.7538884293997075,61.71974148220486
67,1778,3.0308326174788793,0.36611087843276313,0.6683018410294509,62.38950900607639,0.22547428135239178,3.0308326174788793,62.38950900607639
67,1333,4.440958816178191,0.010449054628005676,0.6696456785905509,63.4766376953125,0.0071558131973538715,4.440958816178191,63.4766376953125
67,1000,5.207770840782924,0.6682059540733868,0.6685092003210535,64.27920583767362,0.603073106010012,5.207770840782924,64.27920583767362
67,749,7.395296581218539,0.3273297728485384,0.6685332928780573,67.14145247395832,1.439594606961484,7.395296581218539,67.14145247395832
67,562,8.936001487352483,1.1596233526346338,0.6681877351286858,68.07021375868055,1.4270470576904195,8.936001487352483,68.07021375868055
67,421,11.644632232061255,1.5334635566260268,0.6679211544193402,70.89768677662036,1.624541372097597,11.644632232061255,70.89768677662036
67,316,15.055872602962044,2.0001740260099576,0.6676896766312986,74.54369307002315,2.496954256863901,15.055872602962044,74.54369307002315
67,236,19.21319680587213,2.657893446060694,0.6674359590662577,81.10193359375,5.522759353600671,19.21319680587213,81.10193359375
67,273,19.768387584485467,0.05109205508550538,0.669622677182407,81.24313964843749,0.03260953550324559,19.768387584485467,81.24313964843749
67,177,23.615374427377123,2.869819867801135,0.6670864293778545,94.46498585792824,14.898967078382086,23.615374427377123,94.46498585792824
67,204,25.05380725244399,0.03345603161316903,0.6695651593292625,100.60118294270835,0.15147075020197648,25.05380725244399,100.60118294270835
67,133,26.60673639736688,1.6779726512935822,0.6664280889387072,109.69848799189815,19.60201655562873,26.60673639736688,109.69848799189815
67,115,27.775214875299756,1.330543077593168,0.6662255980085584,116.08713382523148,18.946636225712098,27.775214875299756,116.08713382523148
67,100,28.117416535426333,0.9864126293361929,0.6653984346627592,124.96378173828127,19.99976963171049,28.117416535426333,124.96378173828127
67,153,28.266939764856716,0.007803058384053642,0.6692633110094205,126.7638427734375,0.10209677795262152,28.266939764856716,126.7638427734375
67,86,28.375577007017608,0.019110909456586604,0.665172206691364,119.57241048177083,0.44591832615491334,28.375577007017608,119.57241048177083
67,28,29.814533729258457,0.040985380468902405,0.665098593638566,191.3863302951389,0.21260702217233426,29.814533729258457,191.3863302951389
67,22,29.837590243196104,0.0174497216976851,0.6652325780426612,198.43130978732643,0.11577056599181554,29.837590243196104,198.43130978732643
67,23,29.85984403952271,0.00825754687547338,0.6652685301075844,197.70792925347223,0.15913769642957717,29.85984403952271,197.70792925347223
67,19,30.060004046175127,0.015829122047801302,0.6659812066020809,223.87993695746528,0.2613583365752889,30.060004046175127,223.87993695746528
67,17,30.078097510890814,0.01492514351459889,0.6660618069130303,225.1438230251736,0.06032219362894873,30.078097510890814,225.1438230251736
67,15,30.110204604077193,0.017886985275172212,0.6664906245547267,239.18102105034723,0.04405054255037789,30.110204604077193,239.18102105034723
67,14,30.11131123452415,0.04334691337475491,0.6666785049813203,242.12482638888892,0.6009835722578032,30.11131123452415,242.12482638888892
67,13,30.104094541903134,0.013422564248182597,0.6667134658650049,243.75123914930555,0.45316347025312925,30.104094541903134,243.75123914930555
67,10,30.222087605977368,0.04628856681459621,0.6670122539920692,253.3776199001736,0.05138717627766077,30.222087605977368,253.3776199001736
67,7,30.307327551009877,0.03787135320319003,0.6678444134833607,259.02159852430555,0.19635566633957577,30.307327551009877,259.02159852430555
67,5,30.42768648171176,0.046415908781114804,0.667630442985664,253.951423828125,0.1938705474169454,30.42768648171176,253.951423828125
67,3,30.422339126040683,0.01870399209444451,0.6665820165904676,258.76675520833334,0.34667091784053594,30.422339126040683,258.76675520833334
67,1,30.415598711731302,0.05224503548936253,0.6664274315748417,267.7443701171875,0.265661928586139,30.415598711731302,267.7443701171875
67,0,30.4281582798374,0.007914455141332792,0.6666291171255699,267.95128135850695,0.7217626821055099,30.4281582798374,267.95128135850695
68,100000,0.06933002657541437,0.0025214828952275403,0.6814427371497311,61.70713389756944,0.03666394527094582,0.06933002657541437,61.70713389756944
68,31622,0.19111893138421632,0.015156964081701514,0.6803318433997676,61.906102303964126,1.1379831423198683,0.19111893138421632,61.906102303964126
68,562,8.148015672844776,0.004179192087597169,0.6848919073945715,67.19702777777778,0.03385824448087019,8.148015672844776,67.19702777777778
68,421,10.566441636550639,0.01038797633080316,0.6848650103320915,69.5837273220486,0.03422833298663358,10.566441636550639,69.5837273220486
68,316,13.591021850066923,0.021323157437950796,0.6844507383236168,72.4719616970486,0.07049390853806464,13.591021850066923,72.4719616970486
68,236,17.324606791757045,0.019024665704496124,0.6841882945320732,76.5721591796875,0.08489092019622785,17.324606791757045,76.5721591796875
68,177,21.432007411257228,0.029778250101136397,0.6838422679523543,82.69276888020835,0.0774854437191441,21.432007411257228,82.69276888020835
68,153,23.633398814565798,0.01918457028834012,0.6837134459236688,87.52786751302084,0.18667214627028442,23.633398814565798,87.52786751302084
68,133,25.46701530426796,0.01355441331715429,0.6835616853478284,94.1344324001736,0.15787460103738785,25.46701530426796,94.1344324001736
68,115,26.769405806971452,0.019232348816457412,0.6833978040510736,100.94527224392361,0.10573126507476435,26.769405806971452,100.94527224392361
68,100,27.607876638992632,0.015724423845887556,0.6829630276400432,107.71796907552083,0.10375316838759087,27.607876638992632,107.71796907552083
68,86,28.563326482729185,0.006940151079148246,0.6820193970346642,121.37889333767362,0.11657722285635296,28.563326482729185,121.37889333767362
68,74,28.820773099695163,0.01824843814748859,0.681896616776737,128.55877235243054,0.17149983906881866,28.820773099695163,128.55877235243054
68,70,28.94659734654792,0.15075615687906924,0.6816599834035822,130.2936340060764,0.07847996939715715,28.94659734654792,130.2936340060764
68,68,28.88908505096011,0.012079599703022999,0.6815617878172179,131.18812934027775,0.16950854377892655,28.88908505096011,131.18812934027775
68,66,28.897128505115656,0.010333438645200137,0.6816132618119176,131.87867220052084,0.067922227914227,28.897128505115656,131.87867220052084
68,65,28.88056283919772,0.007667520441906932,0.6815224708020476,132.27409255642362,0.04699925910569969,28.88056283919772,132.27409255642362
68,63,29.547182939073025,0.03772426809744271,0.6809079248279254,153.6364211154514,0.09125559723889741,29.547182939073025,153.6364211154514
68,61,29.656655719422854,0.008551206404865055,0.6806593058512899,158.90594053819441,0.12022384560053753,29.656655719422854,158.90594053819441
68,60,29.67258420311511,0.03161098702818026,0.6804377630710872,160.96374739583334,2.1703739002438076,29.67258420311511,160.96374739583334
68,58,29.699110966791718,0.03391782754079897,0.6804575338773179,161.49350922309026,0.23177150188275067,29.699110966791718,161.49350922309026
68,55,29.719829079060066,0.0032475565150903306,0.6804940636725041,163.68299815538194,0.023103869765818536,29.719829079060066,163.68299815538194
68,47,29.761688106670174,0.0052757539015726215,0.6803506909649908,168.42179405381947,0.11194394752422918,29.761688106670174,168.42179405381947
68,41,29.83423566308433,0.06193131947344099,0.6801258350667267,171.81713736979168,0.22565248781884406,29.83423566308433,171.81713736979168
68,37,29.81202544726681,0.005661208761656043,0.6801506582692952,174.36222862413194,0.12936113603069324,29.81202544726681,174.36222862413194
68,35,29.84301151631557,0.019626477080368944,0.68006602502662,175.68085698784725,0.1260467104948068,29.84301151631557,175.68085698784725
68,33,29.823019539855878,0.0026900943428668986,0.6802883717204052,177.08969346788194,0.10408726886658023,29.823019539855878,177.08969346788194
68,32,29.837957303685496,0.016972913878583126,0.680148184063896,177.0873786892361,0.08708398502131029,29.837957303685496,177.0873786892361
68,31,30.0793512478793,0.01515556261867913,0.6802159305606458,195.00768988715276,0.1822950596472514,30.0793512478793,195.00768988715276
68,29,30.13003876096153,0.01575890956187206,0.6802288791299134,203.04085481770835,0.11258683357709988,30.13003876096153,203.04085481770835
68,28,30.12635911512488,0.005540828331353003,0.6802532255046695,203.55290776909723,0.20407422824545401,30.12635911512488,203.55290776909723
68,26,30.151114605596025,0.03199551763410953,0.6800900457265863,205.62204535590283,0.16992148560941053,30.151114605596025,205.62204535590283
68,23,30.10952682591051,0.01855803906653685,0.680300426875173,206.70806456163191,0.35702590712293997,30.10952682591051,206.70806456163191
68,22,30.13961129811335,0.016230048933336547,0.6803220071657498,208.22307031250003,0.2621607660612443,30.13961129811335,208.22307031250003
68,20,30.24047698131564,0.0074157320596120934,0.6805504543745736,227.46850075954862,0.06240296329810976,30.24047698131564,227.46850075954862
68,19,30.259262423640312,0.04055084254364996,0.6805972090217147,227.79005403645832,0.36185370005919165,30.259262423640312,227.79005403645832
68,17,30.240255903160815,0.017422550124880358,0.6807384025792557,229.76523101128473,0.2582107484914623,30.240255903160815,229.76523101128473
68,13,30.270883707605776,0.017608421077278905,0.6808863020518059,243.39627897135418,0.07118628977243473,30.270883707605776,243.39627897135418
68,10,30.253469628893498,0.006051307042061254,0.6812326689698335,250.7630908203125,0.16228936958921023,30.253469628893498,250.7630908203125
68,7,30.33116337365026,0.03529339740808354,0.6821169706746103,254.37293033854166,0.4307306197625612,30.33116337365026,254.37293033854166
68,5,30.422123017734553,0.029478340896358816,0.6818990420567069,250.76781195746526,4.4587085626306555,30.422123017734553,250.76781195746526
68,3,30.429298892792616,0.028280139104208946,0.6811286213371665,254.5764593098958,0.4765717430962458,30.429298892792616,254.5764593098958
68,1,30.44077589119775,0.026947165843760022,0.681143804964798,260.8461400824653,2.1701930195327424,30.44077589119775,260.8461400824653
68,0,30.44848793017421,0.031740376930194596,0.681219752021481,261.9739496527778,3.8473860033307985,30.44848793017421,261.9739496527778
70,1000000000,0.5185576211185172,0.0047623101244557335,0.702788442284699,83.52630143229167,9.433849143082435,0.5185576211185172,83.52630143229167
70,100000000,0.5444694579300311,0.003779808859185988,0.7034179931740498,75.37777029079861,8.918570858493796,0.5444694579300311,75.37777029079861
70,1000000,0.350845503975899,0.20576373562011796,0.6988144977327295,73.26655514529509,9.505623261170578,0.350845503975899,73.26655514529509
70,100000,0.12658607430730343,0.14676933645170742,0.7010831777051664,61.69416436089409,0.022950221270755064,0.12658607430730343,61.69416436089409
70,10000,0.5605953812893318,0.0035784685596718137,0.7044868540905515,61.62165700954861,0.07892208997836193,0.5605953812893318,61.62165700954861
70,3162,1.729582861852785,0.028907098642754966,0.702142104988185,61.71359418402778,0.02668222711946737,1.729582861852785,61.71359418402778
70,1778,2.975539837666038,0.002823659437635442,0.7022134925969663,62.328006076388895,0.011854569253784584,2.975539837666038,62.328006076388895
70,1000,5.125307339216577,0.00767133004934335,0.7022299093039489,64.0109697265625,0.014136825498819443,5.125307339216577,64.0109697265625
70,749,6.6981883319381454,0.00955354542432739,0.7019857433258241,65.51317892795139,0.012251683291813012,6.6981883319381454,65.51317892795139
70,562,8.708873983403816,0.009679763102552266,0.7015849033777908,67.66068728298612,0.025434170717452256,8.708873983403816,67.66068728298612
70,421,11.278775604924087,0.008835549019987135,0.7014094548814113,70.17574110243056,0.014460315408467329,11.278775604924087,70.17574110243056
70,316,14.454751859341116,0.0054313328791372115,0.7010938392483479,73.15874283854167,0.02597279461068026,14.454751859341116,73.15874283854167
70,236,18.34693298385038,0.01337868106690361,0.7008384359933757,77.68371408420138,0.01755942074997658,18.34693298385038,77.68371408420138
70,177,22.607570950001982,0.029309301857038218,0.7007986095831299,84.67250423177084,0.03619446409011058,22.607570950001982,84.67250423177084
70,133,26.268023767237377,0.006719660858726865,0.7000452180143361,96.79667057291665,0.03276901368918968,26.268023767237377,96.79667057291665
70,100,27.98112638726761,0.00712377388266559,0.6986705326626753,109.42348914930555,0.22156789278938568,27.98112638726761,109.42348914930555
70,86,28.642202854862017,0.008643889125372667,0.6970473478394458,120.56024837239585,0.15682199848421688,28.642202854862017,120.56024837239585
70,74,28.737583034289813,0.011642620526892671,0.696823944994725,122.96251258680554,0.15149522157789694,28.737583034289813,122.96251258680554
70,70,28.762991458722848,0.009445158514281677,0.6966759155325767,124.10092046440973,0.07827094904156137,28.762991458722848,124.10092046440973
70,68,28.78153818447484,0.010861109204157242,0.6965847508561697,124.68843424479167,0.10437194111061798,28.78153818447484,124.68843424479167
70,66,28.756689599872953,0.004732453214843234,0.6964942158016388,125.01176844618055,0.0468614305280491,28.756689599872953,125.01176844618055
70,65,28.781495954652545,0.01571577005927294,0.6965143812123977,125.26362749565972,0.06921000807568985,28.781495954652545,125.26362749565972
70,63,29.294218292540737,0.011907115052801905,0.6959747070520876,137.65607215711805,0.08587210306543219,29.294218292540737,137.65607215711805
70,60,29.41430411573353,0.027086429955848278,0.6957217287328712,142.52132009548612,0.0393695455393713,29.41430411573353,142.52132009548612
70,58,29.424665001248144,0.029471853640433476,0.6954996814514359,143.43890614149305,0.08843979032853883,29.424665001248144,143.43890614149305
70,55,29.424946228531212,0.002559079848699995,0.6954598964141999,144.97503135850693,0.06037407183262311,29.424946228531212,144.97503135850693
70,14,30.299642775959406,0.04955265289321939,0.6951262860806613,233.7284450954861,0.17584964850857965,30.299642775959406,233.7284450954861
70,10,30.15012406104242,0.22625535987606682,0.6951466110537544,242.80660601128474,0.057357761318290984,30.15012406104242,242.80660601128474
70,8,30.373720573824077,0.015093307124124692,0.6955794455940153,248.4920452473958,0.09762944027664622,30.373720573824077,248.4920452473958
70,7,30.368269693678826,0.01784385130632659,0.6956099391141981,248.23673524305556,0.167745864950591,30.368269693678826,248.23673524305556
70,5,30.489926909223183,0.03457022557234745,0.6952320266182305,242.60029503038194,0.39556726063161063,30.489926909223183,242.60029503038194
70,3,30.44564969763666,0.01867810336503289,0.6951310024514695,247.6513825954861,0.16624497563392424,30.44564969763666,247.6513825954861
72,100000,0.18662345336990854,0.2471244960680379,0.7181699459342467,64.1303302240651,4.836408792704984,0.0,64.1303302240651
72,100000,0.18662345336990854,0.2471244960680379,0.7181699459342467,64.1303302240651,4.836408792704984,0.18662345336990854,64.1303302240651
72,31622,0.2003476426893469,0.0014387048985324347,0.7236429551454148,61.638179578993054,0.014121908122661809,0.2003476426893469,61.638179578993054
72,10000,0.5963457040643657,0.00022530388858497494,0.7192367373600453,61.567021050347215,0.011774115794372415,0.5963457040643657,61.567021050347215
72,5623,1.0265870432646464,0.00026880919083498015,0.7188133750522766,61.590977322048616,0.006426935923439446,1.0265870432646464,61.590977322048616
72,3162,1.8375802120824893,0.005482549637787258,0.718623533382233,61.754784505208335,0.012943023293011337,1.8375802120824893,61.754784505208335
72,1778,3.168667520622123,0.005343189525965826,0.7184119776684202,62.78695844184028,0.6739880236850504,3.168667520622123,62.78695844184028
72,1000,5.431500527063215,0.003387656631430038,0.7184780544878425,65.83793706597221,2.72712149233939,5.431500527063215,65.83793706597221
72,749,7.061105621283832,0.008381330445282451,0.7183179025984151,65.96588834635418,0.03023718078895567,7.061105621283832,65.96588834635418
72,562,9.170179577641218,0.0038296470761914865,0.7181675493188396,68.10772092013889,0.0363926137761685,9.170179577641218,68.10772092013889
72,421,11.84887427141107,0.030368224712504003,0.7179823369595054,70.59251410590277,0.03144263233388392,11.84887427141107,70.59251410590277
72,316,15.065454768740688,0.02206805633038306,0.7176120741652152,73.75113161892362,0.0029011270147958246,15.065454768740688,73.75113161892362
72,236,18.965693813920293,0.017300002198366797,0.7176185383663444,78.13838758680556,0.026280856986654225,18.965693813920293,78.13838758680556
72,177,23.26870127988163,0.018990802048055585,0.7172384196166909,85.63182150607639,0.017911228239699956,23.26870127988163,85.63182150607639
72,153,25.231515653361964,0.020442195735521446,0.7169332583381193,91.49721549479166,0.12847722655979554,25.231515653361964,91.49721549479166
72,133,26.648318005051934,0.04638551667176413,0.7162231927565426,97.41603005642361,0.037630946957541406,26.648318005051934,97.41603005642361
72,115,27.57820688526205,0.021569779295046682,0.7156046012863023,103.29158235677085,0.06452366155629685,27.57820688526205,103.29158235677085
72,63,29.370443471116307,0.012716783103135332,0.7244673837523813,130.55883637152775,0.06160751995734352,29.370443471116307,130.55883637152775
72,58,29.457584284715296,0.004527088699405089,0.7237477164288791,134.51615321180557,0.09779907909957522,29.457584284715296,134.51615321180557
72,55,29.52511850477571,0.036387013925718255,0.72344975862379,136.11679166666667,0.2883406823904869,29.52511850477571,136.11679166666667
72,47,29.700630226058113,0.029860123566556294,0.7226901660142646,142.5075027126736,0.10881453467429902,29.700630226058113,142.5075027126736
72,41,29.7640683819542,0.0064825751187669416,0.7222565118384909,145.46499446614584,0.046981957054322405,29.7640683819542,145.46499446614584
72,37,29.785180235055606,0.03440459541622346,0.7220137931113523,147.58841037326388,0.1327276557027814,29.785180235055606,147.58841037326388
72,35,29.710139950997455,0.021492861830239417,0.7219746204158962,145.95326519097225,0.0747803214570932,29.710139950997455,145.95326519097225
72,33,29.78960520774683,0.014195251356861713,0.722307957191647,149.88663715277775,0.11987982522371156,29.78960520774683,149.88663715277775
72,32,29.801102371608923,0.012055674554819927,0.7217880166659718,150.42435709635416,0.04268169062442029,29.801102371608923,150.42435709635416
72,31,30.169467292190223,0.03679663341662066,0.7212518776503886,167.32091851128473,0.1452903883813157,30.169467292190223,167.32091851128473
72,29,30.239921560298654,0.040179390978631616,0.7211525599837265,172.89702962239585,0.16943274037012893,30.239921560298654,172.89702962239585
72,28,30.24174945118388,0.028889194887701974,0.7211747399838885,173.84412304687498,0.08207083360734559,30.24174945118388,173.84412304687498
72,26,30.29967964199244,0.01144982260379199,0.7210705913305951,175.8362834201389,0.204652229510836,30.29967964199244,175.8362834201389
72,23,30.277797822184723,0.05723418947565952,0.7210304441128151,177.89406987847224,0.0985661014784151,30.277797822184723,177.89406987847224
72,22,30.291189513072894,0.030372766957537826,0.7210928424701682,178.67783192274305,0.09675834169676455,30.291189513072894,178.67783192274305
72,20,30.46332710238781,0.007618005842194706,0.7214298020321795,200.30355088975693,0.13145319535535482,30.46332710238781,200.30355088975693
72,19,30.459884461207576,0.01719225010356018,0.7214995596709732,201.20539485677082,0.15650102866118132,30.459884461207576,201.20539485677082
72,17,30.469269715107743,0.006869988544222665,0.7214229992566924,203.81509906684028,0.05448644653984694,30.469269715107743,203.81509906684028
72,15,30.541606035061708,0.010268480830480677,0.7217834255704326,216.6090830078125,0.15327926075428816,30.541606035061708,216.6090830078125
72,14,30.55035129060333,0.023917087761262737,0.7221231449967171,221.3320818142361,0.06441762851617865,30.55035129060333,221.3320818142361
72,13,30.57925540178569,0.014657537046615538,0.72213559976998,222.48435123697917,0.1776276040554507,30.57925540178569,222.48435123697917
72,11,30.591346019110873,0.018137208404225155,0.7219679607394829,231.66463368055557,0.10706953061439946,30.591346019110873,231.66463368055557
72,10,30.562562624539307,0.03846760303081595,0.7220444475883356,232.4568297526042,0.033934284235054776,30.562562624539307,232.4568297526042
72,8,30.51718203889116,0.04471226477470418,0.7207808443563118,240.49992979600697,0.09375741862376091,30.51718203889116,240.49992979600697
72,7,30.48232993856823,0.0018804206145002754,0.7205056764987813,242.3592668185764,2.763618727123429,30.48232993856823,242.3592668185764
72,5,30.559900380539982,0.020186104376848528,0.719978271836421,234.82863585069447,0.20481053439857919,30.559900380539982,234.82863585069447
72,3,30.46251733322913,0.03664961234857327,0.7196946763662145,238.14909375,0.2933699425207698,30.46251733322913,238.14909375
72,1,30.48792624635392,0.003625598539594991,0.7195842977781663,238.5073547092014,0.5710211045763801,30.48792624635392,238.5073547092014
72,0,30.478688453027328,0.0023141880184418414,0.7194831101658322,240.69611653645833,4.205886601653412,30.478688453027328,240.69611653645833
73,100000,0.06134409412691508,0.004272888111171409,0.7303635702200454,61.75686382378472,0.030166577832324598,0.0,61.75686382378472
73,100000,0.06134409412691508,0.004272888111171409,0.7303635702200454,61.75686382378472,0.030166577832324598,0.06134409412691508,61.75686382378472
73,10000,0.5200145763250391,0.004743112651157841,0.7346643058944669,61.58136067708333,0.010684188433822777,0.5200145763250391,61.58136067708333
73,5623,0.8934735186506498,0.003195316412348367,0.7342234224572283,61.56549479166667,0.009550229596075247,0.8934735186506498,61.56549479166667
73,3162,1.570408117082571,0.0014956663614133505,0.7334206563962787,61.67469954427083,0.01758798363888283,1.570408117082571,61.67469954427083
73,1778,2.75378216134606,0.006375715333897331,0.7332457550053814,62.15698328993056,0.0016342843813960067,2.75378216134606,62.15698328993056
73,1000,4.732295038210524,0.006699383190576578,0.7334342842933026,63.605809136284726,0.031125838967326656,4.732295038210524,63.605809136284726
73,749,6.199414623735599,0.0008352762302480422,0.7334473724659637,64.92447710503473,0.02978499446630266,6.199414623735599,64.92447710503473
73,562,8.07933955747455,0.008152999870860022,0.7330920114893495,66.95085807291666,0.04898238370458133,8.07933955747455,66.95085807291666
73,421,10.490561813489261,0.0077631614991307985,0.7329146760490657,69.30645160590278,0.05789170636312673,10.490561813489261,69.30645160590278
73,316,13.531628315559422,0.008895363062771635,0.7327182369823654,71.96331770833332,0.036564990550945364,13.531628315559422,71.96331770833332
73,236,17.3620953943496,0.024200547090441924,0.7322517972147451,75.90071831597221,0.0246516457270672,17.3620953943496,75.90071831597221
73,177,21.54242421767587,0.036076122641323115,0.7318667630849433,81.28687760416666,0.03641578077754421,21.54242421767587,81.28687760416666
73,153,23.813970813778425,0.024516308530612374,0.7316946353155512,86.23693402777776,0.0597492514459402,23.813970813778425,86.23693402777776
73,133,25.641814576229162,0.04616569790130218,0.731289351468987,92.12290223524307,0.020786374721012905,25.641814576229162,92.12290223524307
73,115,26.951885808530374,0.025570345041181292,0.7305958659503693,98.17899197048611,0.04286940223962527,26.951885808530374,98.17899197048611
73,100,27.840383517753633,0.011964806596685158,0.7298847005569534,103.65770507812499,0.025450662394783684,27.840383517753633,103.65770507812499
73,86,28.556642274545016,0.01679921314029546,0.7275556257023533,113.4434267578125,0.2824278410519396,28.556642274545016,113.4434267578125
73,74,28.865474263844433,0.006612627883552176,0.7267188708458449,116.89138530815971,0.09097379711862723,28.865474263844433,116.89138530815971
73,68,28.914286992552064,0.0048105576621397545,0.7263559192742103,118.42255902777778,0.07914514925700025,28.914286992552064,118.42255902777778
73,37,29.713121093748754,0.04494015918965753,0.7347679904660754,140.91523350694445,0.1475315495003682,29.713121093748754,140.91523350694445
73,35,29.76609069740984,0.018052133662031327,0.7343957660231263,141.96705533854166,0.06785480501465123,29.76609069740984,141.96705533854166
73,33,29.789715855157542,0.008267058585779483,0.7342526756140937,143.2413994140625,0.14849882370319192,29.789715855157542,143.2413994140625
73,32,29.792786129734434,0.012442447645987773,0.7342498657832902,143.45389268663192,0.11709690943589432,29.792786129734434,143.45389268663192
73,31,30.070041012333423,0.013836658040266018,0.7340136053545486,158.51194097222222,0.029943224812106352,30.070041012333423,158.51194097222222
73,29,30.192319361598265,0.010659252236056717,0.7333106673619878,165.5351959635417,0.20593641274318633,30.192319361598265,165.5351959635417
73,28,30.178194286739053,0.014854543343805484,0.7334913609213424,166.1508083767361,0.07627332634527291,30.178194286739053,166.1508083767361
73,26,30.23624862391981,0.028572159808239198,0.733322806177072,168.28425173611112,0.07336165747013702,30.23624862391981,168.28425173611112
73,23,30.245449704113895,0.014693593744985942,0.733269063147297,170.31315288628474,0.19443465971861498,30.245449704113895,170.31315288628474
73,22,30.214235278677346,0.024765640446646104,0.7332277319114596,170.8464064670139,0.12061802103605476,30.214235278677346,170.8464064670139
73,20,30.459557124802476,0.003769011900032523,0.7336521767148766,192.6482392578125,0.11937017287942582,30.459557124802476,192.6482392578125
73,19,30.466881539708215,0.003835089316296559,0.7338157354849916,193.43447482638885,0.44915698694455525,30.466881539708215,193.43447482638885
73,17,30.48238500000066,0.022919810640122766,0.7338331356006482,196.42851692708334,0.43483692636842036,30.48238500000066,196.42851692708334
73,15,30.54895707178545,0.014194005169046479,0.7342980664749446,210.06764008246526,0.31947124084885514,30.54895707178545,210.06764008246526
73,14,30.58022839468214,0.002241818327757482,0.7344183272337831,216.13867209201388,0.1221342947730158,30.58022839468214,216.13867209201388
73,13,30.57775774957916,0.007995100524158107,0.734588424696024,216.56970800781247,0.2196650644279066,30.57775774957916,216.56970800781247
73,10,30.57105375083674,0.034713873173641725,0.7345130321183645,235.53942382812502,5.045224814845417,30.57105375083674,235.53942382812502
73,5,30.525827919976717,0.028945494650435024,0.7315811558186169,234.4483103298611,3.459341475485041,30.525827919976717,234.4483103298611
73,3,30.473320395873426,0.041121302436466965,0.7310649151678404,233.78037510850695,0.328183871780024,30.473320395873426,233.78037510850695
73,1,30.46816108170064,0.03326298504949586,0.730931567378326,236.402107421875,3.6354387771907226,30.46816108170064,236.402107421875
73,0,30.459561749146037,0.009180793290242368,0.7310332239267264,234.34779231770835,0.5161971816679397,30.459561749146037,234.34779231770835
75,100000,0.061546976541134585,0.0028679488054791074,0.7522856280197618,61.73663096788194,0.013542222984162274,0.0,61.73663096788194
75,100000,0.061546976541134585,0.0028679488054791074,0.7522856280197618,61.73663096788194,0.013542222984162274,0.061546976541134585,61.73663096788194
75,31622,0.1868369882600167,0.0002506760262441922,0.7490667977869284,61.70245844184027,0.03128101925986044,0.1868369882600167,61.70245844184027
75,10000,0.5502909641872589,0.0003355702320767803,0.7487034893346042,61.616130859375005,0.01998559457097433,0.5502909641872589,61.616130859375005
75,3162,1.6775167715300527,0.0025533194770304894,0.7483976124206917,61.72936924913194,0.06293933627186687,1.6775167715300527,61.72936924913194
75,1778,2.909914265334447,0.002382620519213811,0.7481166734920134,62.26389377170138,0.022070295535774758,2.909914265334447,62.26389377170138
75,1000,5.010827771645309,0.004620391034043234,0.7481137737537266,63.822682617187496,0.026683749189205904,5.010827771645309,63.822682617187496
75,562,8.4722797450773,0.01645137956097196,0.7480232484609566,67.2535107421875,0.024811499057915454,8.4722797450773,67.2535107421875
75,421,10.930878179181851,0.023928450475232944,0.7475205124589618,69.65720941840277,0.04818748635782491,10.930878179181851,69.65720941840277
75,316,14.000344186935303,0.01221425225247798,0.7472571065178703,72.4002419704861,0.03011451349140453,14.000344186935303,72.4002419704861
75,236,17.744770375812706,0.025162538655928157,0.7472009988652876,76.28549088541666,0.03888590512878982,17.744770375812706,76.28549088541666
75,177,22.01318976286475,0.018231751272707698,0.7467466728316555,81.82874945746528,0.00977438865853947,22.01318976286475,81.82874945746528
75,153,24.225501999340963,0.02303621656490689,0.7464061971810502,86.95785818142362,0.16940359422002504,24.225501999340963,86.95785818142362
75,133,25.891466184656924,0.022606373869620448,0.746335297322875,92.29798328993057,0.05141236958029432,25.891466184656924,92.29798328993057
75,115,27.065211360396887,0.0038966920299722653,0.7456949630528071,97.44485948350695,0.04256130306241645,27.065211360396887,97.44485948350695
75,100,27.880977410411603,0.01282901473557253,0.74510224543512,102.03872189670138,0.07347645763608489,27.880977410411603,102.03872189670138
75,86,28.867457951308722,0.007987106627048608,0.7545023704109804,113.16703211805556,0.24817987063557806,28.867457951308722,113.16703211805556
75,74,29.139460181084928,0.008154025905797713,0.7540436448457823,115.37180175781249,0.07091322479607072,29.139460181084928,115.37180175781249
75,70,29.176266731265546,0.02442059834947669,0.7532427930837943,116.65173404947916,0.03250492223160462,29.176266731265546,116.65173404947916
75,68,29.184591871465482,0.028411494153375055,0.7532280629288213,116.95729459635417,0.27134382807252544,29.184591871465482,116.95729459635417
75,63,29.57292769236879,0.01693517998146133,0.7497278769082566,126.78485839843749,0.03913499408081512,29.57292769236879,126.78485839843749
75,58,29.68987337720996,0.005870082721964311,0.7485298134775062,131.33230295138887,0.2967962440753549,29.68987337720996,131.33230295138887
75,55,29.737420519504457,0.025430607711282624,0.747983656996662,132.73726627604165,0.36932927258198506,29.737420519504457,132.73726627604165
75,47,29.89695709867461,0.005783042960133676,0.7464720643065488,137.43673676215278,0.08103648200514459,29.89695709867461,137.43673676215278
75,41,29.810604634753464,0.007311602983638376,0.7460405456472848,137.72905946180555,0.10932824920900706,29.810604634753464,137.72905946180555
75,37,29.970322926676346,0.0044149477584957885,0.7455111173844458,141.4924015842014,0.06406822413426648,29.970322926676346,141.4924015842014
75,35,29.933990925556156,0.021996899909324984,0.745240478961494,143.9518276909722,3.4839113231730314,29.933990925556156,143.9518276909722
75,23,30.16133321472674,0.020046789304428055,0.7545607404384921,169.77464756944445,0.05912850882623252,30.16133321472674,169.77464756944445
75,22,30.157706113687087,0.04389322186870052,0.7542069233093017,170.90000401475695,0.11573232269622864,30.157706113687087,170.90000401475695
75,20,30.413426212691935,0.012732908962320249,0.7512010915856502,197.42534266493055,0.16163373537097217,30.413426212691935,197.42534266493055
75,19,30.44227934359039,0.00481509216179493,0.7513743889478471,199.119435546875,0.16134731534758312,30.44227934359039,199.119435546875
75,17,30.48041091461613,0.024428828764553975,0.751486420196691,200.81292078993056,0.023155291871290038,30.48041091461613,200.81292078993056
75,15,30.674404621834594,0.021011395455264835,0.7488571298422899,211.19611669921878,8.829599189347729,30.674404621834594,211.19611669921878
75,14,30.682497707971695,0.010746719226515981,0.7496385192713491,218.46057535807293,8.74633714306961,30.682497707971695,218.46057535807293
75,13,30.666168148715574,0.024364912199712922,0.7498089024008755,219.58667491319443,8.284209241986911,30.666168148715574,219.58667491319443
75,11,30.668370835004882,0.018804815814286002,0.7460715480132963,224.09463129340278,0.1786819088429117,30.668370835004882,224.09463129340278
75,10,30.640989465605728,0.025918623411349893,0.746148165707981,224.97988943142366,0.20375506452192366,30.640989465605728,224.97988943142366
75,5,30.7882155330709,0.03573986525656362,0.7531621424475481,230.2400345052083,0.41005418424478035,30.7882155330709,230.2400345052083
75,3,30.595814751594798,0.06955327588517693,0.7484017171913108,226.12770030381944,0.5992970660806414,30.595814751594798,226.12770030381944
75,1,30.611689151748845,0.019193593719206453,0.7486498721798301,229.34164680989582,4.446224200167216,30.611689151748845,229.34164680989582
75,0,30.611742060847757,0.02696316729713281,0.748708174314058,226.95930815972224,0.22605238955007576,30.611742060847757,226.95930815972224
76,100000,0.06026826591973276,0.0008683484597164387,0.7592327260540958,61.70052039930555,0.002823717467462017,0.0,61.70052039930555
76,100000,0.06026826591973276,0.0008683484597164387,0.7592327260540958,61.70052039930555,0.002823717467462017,0.06026826591973276,61.70052039930555
76,31622,0.2060541297396037,0.002180794175393063,0.7618672621019148,61.643756184895835,0.02200770663854715,0.2060541297396037,61.643756184895835
76,10000,0.616497096597919,0.002366741112876353,0.7623352099639087,61.56859950086806,0.007915202171546393,0.616497096597919,61.56859950086806
76,5623,1.052077980155474,0.00042554876436444894,0.7622952214907913,61.60791254340277,0.028946843594140195,1.052077980155474,61.60791254340277
76,3162,1.8884973865465018,0.0037653144822407175,0.7622614061238403,61.67005967881945,0.006326820139230788,1.8884973865465018,61.67005967881945
76,1778,3.2413177771710733,0.0011393967611105934,0.7621720414924834,62.34939453124999,0.007292711971381142,3.2413177771710733,62.34939453124999
76,1000,5.542768667377952,0.005303047426992391,0.7621939657233233,64.24028634982638,0.023009711708406416,5.542768667377952,64.24028634982638
76,749,7.2056954909376465,0.002318622791512772,0.762055031695024,65.88564344618055,0.03172973677442082,7.2056954909376465,65.88564344618055
76,562,9.31591613123951,0.010050309488964461,0.761876973519856,68.06169911024305,0.01954748071624709,9.31591613123951,68.06169911024305
76,421,12.000302169570476,0.01830176787731151,0.7616831267633065,70.56885112847222,0.015677492244393194,12.000302169570476,70.56885112847222
76,316,15.228591564535508,0.01666989078888448,0.7615676517891248,73.62799055989582,0.045465366713369246,15.228591564535508,73.62799055989582
76,236,19.13931101042152,0.00916189421274686,0.7616115977442556,77.74986176215278,0.04563085491328279,19.13931101042152,77.74986176215278
76,177,23.54282229483803,0.019912563485047004,0.7612162182951486,84.60659906684027,0.112093093157066,23.54282229483803,84.60659906684027
76,133,26.76364235731512,0.004764635097124773,0.7604339779818113,94.40603721788194,0.04735864870462307,26.76364235731512,94.40603721788194
76,115,27.76847901033001,0.014966479776693346,0.7598944735865186,99.12641427951388,0.02299512797122199,27.76847901033001,99.12641427951388
76,100,28.345155826762994,0.0090183942808452,0.7589434650281981,103.18344314236111,0.006148882113651918,28.345155826762994,103.18344314236111
76,37,29.74387870102046,0.05327403503694419,0.7646187755687782,143.1723410373264,0.061921959438457776,29.74387870102046,143.1723410373264
76,35,29.79357223409215,0.016869484812504533,0.7643551320317377,143.74110167100696,0.059288540382509726,29.79357223409215,143.74110167100696
76,33,29.812662012369646,0.022155973136348626,0.7638354813142264,144.5082880859375,0.06946703398469317,29.812662012369646,144.5082880859375
76,32,29.78427270146049,0.01518149420504429,0.7634224170811542,145.55792827690973,0.0420887928815241,29.78427270146049,145.55792827690973
76,31,30.03477092227203,0.01432236664490512,0.7576320563906923,158.93220128038195,0.12037039430747869,30.03477092227203,158.93220128038195
76,29,30.112803419450092,0.01156897525106035,0.7560689403351861,166.0759248046875,0.1197958943788132,30.112803419450092,166.0759248046875
76,28,30.119388600271105,0.012434071317351776,0.755879841488337,166.5940927734375,0.19493800984241705,30.119388600271105,166.5940927734375
76,26,30.11592590085604,0.008212827796931447,0.7551409810459525,168.1208872612847,0.050776937689700215,30.11592590085604,168.1208872612847
76,11,30.52200597131657,0.28378153383931704,0.7554724402131318,239.91405566406252,2.9276561594134187,30.52200597131657,239.91405566406252
76,10,30.704332564277546,0.0356512283883757,0.7555490089001166,239.80233289930558,0.27669947885029156,30.704332564277546,239.80233289930558
76,8,30.678437898461336,0.07005091876826114,0.7599872854463819,234.5102206488715,7.572189206645201,30.678437898461336,234.5102206488715
76,7,30.691049010904106,0.07077340287304959,0.7596294828294624,230.78062689887156,7.987701528568612,30.691049010904106,230.78062689887156
76,5,30.670866143015875,0.021626635566595144,0.7632908325688881,218.2333693576389,0.526437245873281,30.670866143015875,218.2333693576389
76,3,30.657063409330124,0.017444014152199025,0.7631120898102722,214.71977213541672,0.09162681249986822,30.657063409330124,214.71977213541672
76,1,30.668971254539674,0.009035549288741469,0.763161506403803,214.99999294704864,0.08565946318024553,30.668971254539674,214.99999294704864
76,0,30.6803399324259,0.03236240103790228,0.7631518303841661,215.56882172309028,0.5614460112364168,30.6803399324259,215.56882172309028
78,100000,0.06755819487011858,0.0060711313905548936,0.7788707769104329,61.757856879340274,0.04448578046732404,0.0,61.757856879340274
78,100000,0.06755819487011858,0.0060711313905548936,0.7788707769104329,61.757856879340274,0.04448578046732404,0.06755819487011858,61.757856879340274
78,31622,0.20915277959723996,0.0017223525455665493,0.7773769702899364,61.731766384548614,0.045904797424012614,0.20915277959723996,61.731766384548614
78,10000,0.6313255855389558,0.0007872242381389809,0.7799707615591681,61.65022200520834,0.01993983597525328,0.6313255855389558,61.65022200520834
78,5623,1.0812493169644448,0.00747927198005336,0.7802260983235816,61.69165321180555,0.12288896221568057,1.0812493169644448,61.69165321180555
78,3162,1.939700447865843,0.0023146673010359916,0.7804765048261914,61.74772037760416,0.004320588578084817,1.939700447865843,61.74772037760416
78,1778,3.3682240213931536,0.0030336895253088685,0.7810061699745138,62.58402962239583,0.030062836267781647,3.3682240213931536,62.58402962239583
78,1333,4.439050966977021,0.0018082035210664413,0.7810445376938513,63.36746017795139,0.005619179682208461,4.439050966977021,63.36746017795139
78,1000,5.839041754556308,0.005880798575471833,0.7811711778490406,64.72774175347223,0.01087885882112185,5.839041754556308,64.72774175347223
78,749,7.672579028955109,0.017323449381183235,0.7811439264444934,66.56007096354166,0.022556697083960214,7.672579028955109,66.56007096354166
78,562,10.011064837388327,0.006439586169715051,0.7810122380923072,68.93635438368057,0.03531260315697525,10.011064837388327,68.93635438368057
78,421,13.081690865586248,0.023903951294789696,0.7809578416585333,71.49021733940972,0.048215784405755566,13.081690865586248,71.49021733940972
78,316,16.917715248596075,0.020646142300797067,0.7807321055586945,75.05014680989584,0.00442719452362337,16.917715248596075,75.05014680989584
78,273,19.10340393575974,0.020883475247538634,0.7805350463922599,77.56418782552083,0.02628438994381534,19.10340393575974,77.56418782552083
78,236,21.745000572680667,0.02336177639760019,0.7805638491663278,82.31476106770833,0.040313180202432,21.745000572680667,82.31476106770833
78,204,24.435005698141453,0.033316841063097,0.780389112402149,89.50900162760416,0.13425033693530058,24.435005698141453,89.50900162760416
78,177,26.547541786722405,0.022144383561464684,0.7800235069110171,97.72965690104166,0.08641568029141948,26.547541786722405,97.72965690104166
78,153,28.056378911073036,0.009013670506920028,0.7784174048369211,105.17691948784721,0.03685691760883095,28.056378911073036,105.17691948784721
78,133,28.761166323897523,0.019624894333204277,0.7764952454318982,109.82757931857638,0.07531905672040579,28.761166323897523,109.82757931857638
78,100,28.621778481560778,0.021376677592642935,0.7842041659345954,107.29987315538195,0.11252515452017227,28.621778481560778,107.29987315538195
78,86,28.935234563743744,0.005276294901493978,0.7817250210427096,113.53243413628472,0.018387198119153094,28.935234563743744,113.53243413628472
78,74,29.07865058956985,0.011670127842868005,0.780065863670283,115.83228927951389,0.011106837198228536,29.07865058956985,115.83228927951389
78,68,29.081515929622366,0.013842413521930743,0.7797838143232184,116.99772178819444,0.08580907483628117,29.081515929622366,116.99772178819444
78,63,29.343377613031716,0.012010079029539137,0.7776820455400285,125.64128927951388,0.11421801954921147,29.343377613031716,125.64128927951388
78,55,29.43596204842289,0.01756040087789367,0.7762998654095609,128.69298524305555,0.11264761369774805,29.43596204842289,128.69298524305555
78,35,29.506739616089714,0.0024771628857609734,0.7846947803916581,128.55209667968748,0.10084183990706265,29.506739616089714,128.55209667968748
78,33,29.513977079317545,0.011822389432959787,0.7843777728165265,128.92784537760417,0.3188268540668398,29.513977079317545,128.92784537760417
78,32,29.505757596445687,0.0010821775486316598,0.7841607427675106,128.8002485894097,0.02472291175462704,29.505757596445687,128.8002485894097
78,31,29.807282158249095,0.008600333714858634,0.7819818114675439,138.43449793836805,0.3252331209875348,29.807282158249095,138.43449793836805
78,29,30.0256990546476,0.03264253648450053,0.7802414007883444,143.77900032552085,0.20152174814531956,30.0256990546476,143.77900032552085
78,28,30.04624065692948,0.004939809680755847,0.7799625812592623,144.33641395399306,0.035083433495911254,30.04624065692948,144.33641395399306
78,26,30.07310180162234,0.01904660853043096,0.7795464466022469,146.0678857421875,0.06138455607061349,30.07310180162234,146.0678857421875
78,23,30.08781981049988,0.02866987193299459,0.7789510800864164,148.25639388020832,0.06782595586298978,30.08781981049988,148.25639388020832
78,22,30.11215646420554,0.009068134745175397,0.7789131751451128,148.92680002170138,0.05861858658216074,30.11215646420554,148.92680002170138
78,20,30.528475087423374,0.005179148916078246,0.7768225391455849,175.00180436197914,0.22185592889484573,30.528475087423374,175.00180436197914
78,19,30.547199946895436,0.006453713914375555,0.7768158980501849,176.25413487413195,0.2334693146619877,30.547199946895436,176.25413487413195
78,17,30.615880301488108,0.028711912362250847,0.7768035015885927,178.992486328125,0.18297434531891196,30.615880301488108,178.992486328125
78,15,30.70758569581425,0.003928162847282123,0.7764442220326108,193.4521389973958,0.12041413583925287,30.70758569581425,193.4521389973958
78,14,30.78781130183673,0.01131834620843933,0.7761470205825529,205.23984082031248,0.11333882142083393,30.78781130183673,205.23984082031248
78,13,30.785578650537833,0.006248535950481711,0.776130592455934,205.7463654513889,0.17062749819706854,30.785578650537833,205.7463654513889
78,11,30.781423039509097,0.020592948808507917,0.7752209043727999,218.09138661024303,0.11845005951495723,30.781423039509097,218.09138661024303
78,10,30.76679047631615,0.009422332984684345,0.7751482307160621,219.45236675347223,1.8593526570760577,30.76679047631615,219.45236675347223
78,1,31.027045529671295,0.021564211761761026,0.7839581816315011,213.34493294270837,0.09702138422689295,31.027045529671295,213.34493294270837
78,0,31.022796072007605,0.011688449560581654,0.7842367773772713,213.94356857638888,0.2282542547710505,31.022796072007605,213.94356857638888
79,1000000,0.016143003662775626,0.0031059812102428724,0.7916430026528881,61.745576388888885,0.029343607808773476,0.016143003662775626,61.745576388888885
79,100000,0.06343171676277666,0.006600906825808255,0.7887171902743445,61.73613519965278,0.024983619143941732,0.06343171676277666,61.73613519965278
79,31622,0.17148280640752245,0.003922564734231776,0.7861199699212519,61.67231521267362,0.008217004758034135,0.17148280640752245,61.67231521267362
79,10000,0.7180716186272864,0.2864027682761523,0.7891667018543255,68.81576692708333,8.074908004427398,0.7180716186272864,68.81576692708333
79,5623,0.8673329293532476,0.0005395030854884305,0.7883969023663969,61.606667317708336,0.020068134748524043,0.8673329293532476,61.606667317708336
79,3162,1.527865480022671,0.00042564530014411057,0.7886084723595177,61.6533916015625,0.008342396760154776,1.527865480022671,61.6533916015625
79,1778,2.6910910372898296,0.00353786421721622,0.7893131207137509,62.04812087673611,0.06343298239013799,2.6910910372898296,62.04812087673611
79,1000,4.6620891258933765,0.0027895170632626686,0.7897431124575021,63.51056911892362,0.04799353013137233,4.6620891258933765,63.51056911892362
79,749,6.156478872864223,0.012231777749569728,0.7901313427997496,64.74305891927084,0.0038307100801644014,6.156478872864223,64.74305891927084
79,562,8.068185416338565,0.008410963123305403,0.7901718404289083,66.67221115451389,0.037579110187193066,8.068185416338565,66.67221115451389
79,421,10.60019059654477,0.02532355524853857,0.7902626860812615,69.13936566840279,0.03772552675781186,10.60019059654477,69.13936566840279
79,316,13.800226589746096,0.018178768756082105,0.7903955894934995,72.22627072482639,0.030870824829840087,13.800226589746096,72.22627072482639
79,236,17.911230010601173,0.026654542895504525,0.7905158149857349,75.98769140625001,0.11100312263565135,17.911230010601173,75.98769140625001
79,204,20.333542177319462,0.027022633941892304,0.7906397989697789,78.81486512586805,0.043877936662328004,20.333542177319462,78.81486512586805
79,177,22.960802911248425,0.03510530896714867,0.7904152194432007,83.777189453125,0.030752827342934733,22.960802911248425,83.777189453125
79,153,25.340749902280724,0.01283075356993401,0.7900393610320714,90.67894173177082,0.034401158634340685,25.340749902280724,90.67894173177082
79,133,27.13902196431439,0.014259141316816477,0.78827995207181,97.7845625,0.04293365293959905,27.13902196431439,97.7845625
79,115,28.159099059265014,0.01871910958064039,0.7862845541126293,103.49709754774307,0.04826897448499473,28.159099059265014,103.49709754774307
79,86,28.976384015213796,0.02642102629894426,0.7926300634866911,110.80077766927083,0.03847722762392515,28.976384015213796,110.80077766927083
79,74,29.085562123639107,0.020191376168404586,0.7910080060984178,112.6228927951389,0.03891830831101657,29.085562123639107,112.6228927951389
79,68,29.117469196071045,0.0035446130627924807,0.7908845564515085,113.78036132812498,0.18755152993211885,29.117469196071045,113.78036132812498
79,63,29.381844649398317,0.013371352142887583,0.7889556339421467,122.58736154513889,0.14665999105508462,29.381844649398317,122.58736154513889
79,58,29.444701735575773,0.006144750268082481,0.7877488643912646,124.88425726996529,0.09858598134597694,29.444701735575773,124.88425726996529
79,55,29.464884779775616,0.019239452342987497,0.787689543301679,125.53016254340277,0.04998535204619334,29.464884779775616,125.53016254340277
79,47,29.46801974119471,0.013955811793975594,0.7863275922116273,126.78036848958332,0.073903636346525,29.46801974119471,126.78036848958332
79,41,29.474974372611793,0.0031339128412958186,0.78548671118422,127.55080609809029,0.01279221583185408,29.474974372611793,127.55080609809029
79,37,29.489875592103804,0.0068199589734335335,0.7850923687803912,128.02919401041666,0.01799507298854046,29.489875592103804,128.02919401041666
79,35,29.61195525797012,0.010643386574068237,0.7948855454778639,128.1886429036458,0.084540408946556,29.61195525797012,128.1886429036458
79,33,29.659872551970434,0.011887416707578853,0.7943020061786523,129.00337065972224,0.05815374249510894,29.659872551970434,129.00337065972224
79,32,29.59957047362207,0.006207458997627614,0.7944722933426744,128.50823784722223,0.019223678611178404,29.59957047362207,128.50823784722223
79,31,29.90226639363263,0.011533999734949932,0.7919938257912924,136.23158919270836,0.12432424995039057,29.90226639363263,136.23158919270836
79,28,30.081571676626538,0.03898741180819225,0.7904573364893223,141.46348198784722,0.12056352312395678,30.081571676626538,141.46348198784722
79,26,30.135157763711973,0.007325590834733273,0.7898558508190416,142.82339008246527,0.11060324675066402,30.135157763711973,142.82339008246527
79,23,30.147003217517163,0.02186240273354001,0.7892633860684611,144.10812282986112,0.058981914271943055,30.147003217517163,144.10812282986112
79,22,30.144385369503638,0.022153668867552385,0.7893883507066528,144.7173796657986,0.015348649151479848,30.144385369503638,144.7173796657986
79,20,30.64459673099039,0.026780450220401493,0.7874713040770728,167.51261219618053,0.09927385071771364,30.64459673099039,167.51261219618053
79,19,30.676393062485307,0.038579670595314156,0.7874126302274181,169.30918999565972,0.028542055019395548,30.676393062485307,169.30918999565972
79,17,30.695154120960996,0.02532390217474915,0.7875235302197708,171.48565581597222,0.07668879861265722,30.695154120960996,171.48565581597222
79,15,30.882504180196765,0.0017354017164553119,0.7869925657179216,187.01393619791668,0.07539826330798584,30.882504180196765,187.01393619791668
79,14,30.955540668420173,0.007002560215130927,0.7864705314394418,196.94467426215274,0.1415879787195603,30.955540668420173,196.94467426215274
79,13,30.969661093437946,0.010266108721516513,0.7865595425024408,197.92652571614585,0.03139443113371545,30.969661093437946,197.92652571614585
79,11,31.026399036586568,0.009627067749551164,0.7856369623330619,211.59392133246533,0.16495434789437483,31.026399036586568,211.59392133246533
79,10,31.023364033052502,0.008990536780078407,0.7858359825808519,211.89353504774306,0.45510216269668186,31.023364033052502,211.89353504774306
80,1000000,0.01411521232017784,0.00341611665754873,0.800766245476626,61.75991272941468,0.05407246349968734,0.0,61.75991272941468
80,1000000,0.01411521232017784,0.00341611665754873,0.800766245476626,61.75991272941468,0.05407246349968734,0.01411521232017784,61.75991272941468
80,100000,0.06709442555293463,0.006451443248481324,0.8004958280806219,61.70758669704861,0.007083667171816213,0.06709442555293463,61.70758669704861
80,31622,0.19125516274186394,0.013520412157992769,0.7996572063623096,61.683219509548614,0.0464673068286893,0.19125516274186394,61.683219509548614
80,10000,0.6681196334317785,0.2729432002195599,0.800459137564318,61.61864507378471,0.006221579476865336,0.6681196334317785,61.61864507378471
80,3162,1.6222217317149197,0.0042411163089890475,0.8019818620019669,61.617484375000004,0.013852363809483608,1.6222217317149197,61.617484375000004
80,1778,2.8187759090697866,0.001277480258418454,0.8025476766975365,62.0440154079861,0.02985023539793866,2.8187759090697866,62.0440154079861
80,1000,4.897939922990815,0.0008309559435370536,0.8033003237014039,63.50583127170139,0.014773481400967941,4.897939922990815,63.50583127170139
80,749,6.452530349288753,0.0030551954513514065,0.8037615401932118,64.9169326171875,0.028944897562291703,6.452530349288753,64.9169326171875
80,562,8.464481826050802,0.008184858649134444,0.8037890029702046,66.87594911024304,0.01698772953828232,8.464481826050802,66.87594911024304
80,421,11.097768105854088,0.0023951132699078894,0.8037927154309635,69.30302495659721,0.034746033184180423,11.097768105854088,69.30302495659721
80,316,14.431325257533421,0.01733214605318947,0.8042427021101112,72.33427604166667,0.022582690587588924,14.431325257533421,72.33427604166667
80,236,18.606125687545582,0.009869163644443998,0.8045516515214489,76.37973871527777,0.03934943157758902,18.606125687545582,76.37973871527777
80,204,21.136446933300288,0.025352691424707034,0.8045631404347878,79.49017523871528,0.006302427477588681,21.136446933300288,79.49017523871528
80,177,23.427105743899887,0.015361471147259992,0.8039815378063483,83.11791905381943,0.08555112796042504,23.427105743899887,83.11791905381943
80,153,25.915015486102504,0.0037700145171913647,0.8028665218051336,91.6757947048611,0.045201287836960424,25.915015486102504,91.6757947048611
80,133,27.355158236669244,0.029566513458071656,0.8006752256723524,97.18601920572915,0.06620491194640896,27.355158236669244,97.18601920572915
80,115,28.158600798847715,0.02001328980704038,0.7980603116387286,101.77863823784723,0.03568418714846575,28.158600798847715,101.77863823784723
80,100,28.77314166981019,0.1987930792308511,0.7993728627592649,105.72254486762152,0.7471641650546469,28.77314166981019,105.72254486762152
80,86,29.12203865640778,0.006671510220429496,0.8014911953920084,111.17875423177082,0.025302290552159736,29.12203865640778,111.17875423177082
80,74,29.215823623387905,0.0075838190228049145,0.8009932973251487,112.5432353515625,0.04273190094401163,29.215823623387905,112.5432353515625
80,70,29.220483820606148,0.006464065832848207,0.8006570175803679,113.19039995659723,0.10852788132013501,29.220483820606148,113.19039995659723
80,68,29.22063449659879,0.0075011709235340614,0.8005296594715029,113.50626128472224,0.04546077659973951,29.22063449659879,113.50626128472224
80,66,29.224959937566393,0.00817067933548874,0.8004736639331402,113.82792784288195,0.10696951805234238,29.224959937566393,113.82792784288195
80,65,29.227503877798057,0.010042288136666529,0.8003999829832376,113.92655902777778,0.06856336636960245,29.227503877798057,113.92655902777778
80,63,29.53847748012086,0.01795396865687304,0.7986936498194114,124.48544835069443,3.679409762158366,29.53847748012086,124.48544835069443
80,61,29.578540008675088,0.01280011615328865,0.7986788395987894,123.97191134982639,0.03381609398452912,29.578540008675088,123.97191134982639
80,60,29.610733873257104,0.005054597871667538,0.7980631691508678,124.67361219618056,0.05924259267389973,29.610733873257104,124.67361219618056
80,58,29.613742058787437,0.008977194705585414,0.7978903895813092,125.33469628906249,0.12995344484566318,29.613742058787437,125.33469628906249
80,55,29.623318726998367,0.011460227336335295,0.7973790201437235,126.06902983940972,0.02890964818703488,29.623318726998367,126.06902983940972
80,47,29.629556286591722,0.015452857155422184,0.7965289614376165,127.07773621961805,0.0368443215499417,29.629556286591722,127.07773621961805
80,41,29.62392352874778,0.011270641879445677,0.7956131112586223,127.61403016493055,0.03546124862289005,29.62392352874778,127.61403016493055
80,37,29.61744660296901,0.013525912620016086,0.7951592383968308,127.92890885416666,0.07291559823770512,29.61744660296901,127.92890885416666
80,31,29.990076671071066,0.01935646152224983,0.8039343902528922,134.16490234375,0.11344793688516357,29.990076671071066,134.16490234375
80,26,30.200020150087536,0.0021005045069242925,0.8023020466490269,139.57060091145834,0.061667563561631056,30.200020150087536,139.57060091145834
80,23,30.27017777195862,0.03491157172190041,0.801656186705186,141.3102231987847,0.11846304206749281,30.27017777195862,141.3102231987847
80,22,30.256401297297852,0.024324379360197223,0.8015087729856054,141.87197233072916,0.13532821484182264,30.256401297297852,141.87197233072916
80,20,30.758522595664363,0.0062661470959469,0.8001518217210707,164.12524457465278,0.17516381703268744,30.758522595664363,164.12524457465278
80,19,30.81678903984178,0.020214712487199592,0.8001403892039244,165.68584277343749,0.24746822318938874,30.81678903984178,165.68584277343749
80,17,30.81478695434808,0.0323185131376596,0.8002655709502791,167.96311317274305,0.037329714543411954,30.81478695434808,167.96311317274305
80,15,31.029731768403163,0.026053994296238298,0.7996407580847208,182.53501312934029,0.14020769143956455,31.029731768403163,182.53501312934029
80,14,31.114281712730207,0.024166602745132975,0.7988435456764275,193.42663444010415,0.7108260151480061,31.114281712730207,193.42663444010415
80,13,31.11563315513737,0.008124011898600991,0.7994865827950507,194.29890190972222,0.15384668015149996,31.11563315513737,194.29890190972222
80,11,31.210386662971,0.010413053936110509,0.7986082289407598,208.43687500000001,0.4904600219572412,31.210386662971,208.43687500000001
80,10,31.2413160107365,0.04403403467107847,0.7985622150140398,209.92404817708334,3.1782889428464833,31.2413160107365,209.92404817708334
80,7,31.1949973009926,0.014357790699464572,0.7965823555112576,211.96880284288196,1.6423019309299811,31.1949973009926,211.96880284288196
80,5,31.214760946715945,0.027210112503897658,0.7959321771468804,210.96473361545137,0.1972456938958384,31.214760946715945,210.96473361545137
80,3,31.158270222566752,0.005136911691354193,0.796399582802998,214.08625206163197,2.9618303884358994,31.158270222566752,214.08625206163197
80,1,31.1567002358161,0.003453946773767873,0.796284044282843,212.7272941623264,0.16250779512973185,31.1567002358161,212.7272941623264
80,0,31.17021898616605,0.0035883994586066435,0.796274901916282,213.10377777777776,0.05906239482490776,31.17021898616605,213.10377777777776
81,10000000,0.0044888409969448245,,0.8139105748757984,61.75310167100694,0.034032936396663604,0.0,61.75310167100694
81,10000000,0.0044888409969448245,,0.8139105748757984,61.75310167100694,0.034032936396663604,0.0044888409969448245,61.75310167100694
81,1000000,0.013303547553573242,0.003656418010961346,0.8101587130648887,61.81298511785523,0.5292160520095031,0.013303547553573242,61.81298511785523
81,100000,0.06164627138247628,0.004416850993779959,0.8109727175633182,61.77003049045138,0.04778777960849424,0.06164627138247628,61.77003049045138
81,31622,0.20295452521038834,0.007795336401123092,0.812105161393172,61.663732530381935,0.010781734890975003,0.20295452521038834,61.663732530381935
81,10000,0.6087541805208984,0.0046656451327817695,0.8080394547905336,61.65467556423611,0.08778777716221016,0.6087541805208984,61.65467556423611
81,5623,1.0556884302381788,0.014006677386268769,0.8093851110584147,61.58221440972222,0.004455480885116127,1.0556884302381788,61.58221440972222
81,3162,1.8571623224824876,0.010725273204962573,0.8099028969905047,61.63945410156251,0.005000687117511652,1.8571623224824876,61.63945410156251
81,1778,3.206314380252801,0.005313739142952005,0.810416076630328,62.256763563368054,0.026773247300164792,3.206314380252801,62.256763563368054
81,1000,5.54149049792018,0.0017235951470388558,0.8111488846111108,64.02879134114583,0.016397693976011242,5.54149049792018,64.02879134114583
81,749,7.277246709914006,0.0010863996654398803,0.8113529216793703,65.69980110677083,0.026283208533407633,7.277246709914006,65.69980110677083
81,562,9.535057420830457,0.02899334199535766,0.8116298323360551,67.84238454861111,0.025654767705597402,9.535057420830457,67.84238454861111
81,421,12.417299639158912,0.01273186309275857,0.8116210521962907,70.51898752170139,0.01810026038837782,12.417299639158912,70.51898752170139
81,316,16.047360918071046,0.02940959600071964,0.812402360598944,74.0163974609375,0.02638395301724105,16.047360918071046,74.0163974609375
81,236,20.590807726423215,0.02659196950578778,0.8123034872451304,78.75804134114583,0.07910360275455172,20.590807726423215,78.75804134114583
81,204,23.095574232984685,0.02233650089923837,0.8122641616359082,82.92449294704862,0.03213238501912525,23.095574232984685,82.92449294704862
81,177,25.41285068817905,0.006486019880830099,0.8111340960961662,91.28945757378472,3.2711891319132778,25.41285068817905,91.28945757378472
81,153,27.074180696617635,0.006435116247666394,0.8095262143866222,95.44917838541666,0.026965039745186086,27.074180696617635,95.44917838541666
81,133,27.916339931193466,0.26152550042791584,0.8073338509324484,100.03233420138889,0.11277730838701495,27.916339931193466,100.03233420138889
81,86,29.258960079021037,0.02425243378828038,0.8134023571289156,110.36744249131944,0.11626785362600091,29.258960079021037,110.36744249131944
81,74,29.294938361487976,0.023173891501234056,0.8128830737125258,110.85866764322917,0.10560048976579235,29.294938361487976,110.85866764322917
81,70,29.304671699883514,0.014783959170516931,0.8125979044628436,111.64403211805556,0.09041937656141084,29.304671699883514,111.64403211805556
81,68,29.308522529532667,0.004040859923230011,0.8126219929830073,111.78270703124998,0.10384730684307783,29.308522529532667,111.78270703124998
81,66,29.306372324109443,0.004182274245358389,0.8122771178903451,112.21985394965277,0.3047117198657282,29.306372324109443,112.21985394965277
81,65,29.311248383733318,0.010326829655785956,0.8122694146027385,112.20555425347224,0.06320476593190741,29.311248383733318,112.20555425347224
81,63,29.573981738971245,0.008180817451785213,0.8108123604607353,119.82798372395833,0.10892759646051854,29.573981738971245,119.82798372395833
81,61,29.662516817826116,0.01357828250273521,0.8104880647469304,122.23778352864582,0.05560364286200241,29.662516817826116,122.23778352864582
81,60,29.673087671322055,0.013119669859007655,0.8102025978205178,124.48984147135415,3.6093424264169376,29.673087671322055,124.48984147135415
81,58,29.686463413594822,0.00832251032492836,0.8098904946930491,123.03092968750002,0.31749472103436577,29.686463413594822,123.03092968750002
81,55,29.72367457222118,0.032967672774864724,0.8100814481683352,122.98442578124998,0.08119640622042232,29.72367457222118,122.98442578124998
81,47,29.728982928600672,0.006950034242772369,0.8085286413095386,125.49347135416667,0.019387684466161795,29.728982928600672,125.49347135416667
81,41,29.73809478052515,0.01757009912278901,0.807904733261564,125.64353472222221,0.1519227251787361,29.73809478052515,125.64353472222221
81,26,30.341100829129005,0.026250760358673,0.8148230696374356,135.61414865451388,0.010902055481272597,30.341100829129005,135.61414865451388
81,23,30.393144948419547,0.017890906378837772,0.8141800179848181,137.30920855034722,0.04447826538760876,30.393144948419547,137.30920855034722
81,22,30.383604138092547,0.024171091072448175,0.8140526828141899,137.89874142795136,0.06503580233635932,30.383604138092547,137.89874142795136
81,20,30.937674253212048,0.026057191375494164,0.8130473843476761,157.27216004774309,0.062413656742228436,30.937674253212048,157.27216004774309
81,19,30.988778163631526,0.01996910894996761,0.8128650850732244,158.95670030381945,0.17144601535895662,30.988778163631526,158.95670030381945
81,17,31.05374391030055,0.042670912155357635,0.8130167871508035,161.0782333984375,0.12254078517140198,31.05374391030055,161.0782333984375
81,15,31.299972520006417,0.034280016570926095,0.8127473102612833,177.5627854817708,0.18070351869878,31.299972520006417,177.5627854817708
81,14,31.401485618607424,0.00907830095085822,0.812339724053055,186.9714794921875,0.1602307631881278,31.401485618607424,186.9714794921875
81,13,31.397605236594785,0.007264826444640801,0.8126800800955395,189.85309212239585,2.76952060805058,31.397605236594785,189.85309212239585
81,11,31.52406075101196,0.02988540710454795,0.8118208117203722,202.3944389105903,0.020108799350446366,31.52406075101196,202.3944389105903
81,10,31.521964130567664,0.01773711140072218,0.8118135787569033,202.99769216579864,0.03394266548497437,31.521964130567664,202.99769216579864
81,8,31.524716623720224,0.007826403054038485,0.8101789541712986,208.13353743489586,0.12825892415307585,31.524716623720224,208.13353743489586
81,7,31.51604115877556,0.011381260209321585,0.8099245561800507,207.16221875000005,0.12090272581951826,31.51604115877556,207.16221875000005
81,5,31.529427684529765,0.03279733454506817,0.8095448393954912,207.69639029947916,0.6415298576000609,31.529427684529765,207.69639029947916
81,3,31.455681566901756,0.030513139426529983,0.8098211138722515,209.6773330078125,0.5050015735820159,31.455681566901756,209.6773330078125
81,1,31.479316074158522,0.012832817471281645,0.8099444716212295,209.81918055555556,0.538515784671329,31.479316074158522,209.81918055555556
81,0,31.4611008325427,0.010260070324395404,0.8097951832523486,210.6966128472222,0.16978331016781942,31.4611008325427,210.6966128472222
82,1000000,0.020767037020575543,0.053598218687582036,0.8184464366846863,61.75997762431795,0.04553949487875183,0.020767037020575543,61.75997762431795
82,100000,0.06168216297685225,0.004906033958809782,0.8204004790320069,61.73906857638889,0.014900853125175412,0.06168216297685225,61.73906857638889
82,31622,0.16063789840157416,0.001961699156350164,0.8199979791348769,61.68190592447917,0.010617673275031403,0.16063789840157416,61.68190592447917
82,10000,0.5529902474865519,0.0661942304771114,0.8206764402099835,61.60329144965277,0.023805027201267762,0.5529902474865519,61.60329144965277
82,5623,1.1855766027409567,0.1730389743512052,0.821484959986807,65.11062904691975,6.835839368120346,1.1855766027409567,65.11062904691975
82,3162,1.8348457880518207,0.005996442474461603,0.8200486532896883,61.61477940538194,0.005325619845003766,1.8348457880518207,61.61477940538194
82,1778,3.160480308121462,0.0033573403229623963,0.8209398178871323,62.22876519097222,0.03771236945389102,3.160480308121462,62.22876519097222
82,1333,4.153685228869356,0.008690692334240026,0.8212797360880361,62.867768554687494,0.054728365407870586,4.153685228869356,62.867768554687494
82,1000,5.458050020995184,0.009097560566361578,0.8216861162377157,63.88883951822917,0.007468767500412605,5.458050020995184,63.88883951822917
82,749,7.194538247024504,0.017652035993286134,0.8218764013120475,65.42426356336806,0.01250489098688315,7.194538247024504,65.42426356336806
82,562,9.395051200821,0.004801564267637443,0.8225689989384505,67.58064366319445,0.041082520422507825,9.395051200821,67.58064366319445
82,421,12.247932122728827,0.014339095909741374,0.8225591945209315,70.04237196180556,0.00369411291261092,12.247932122728827,70.04237196180556
82,316,15.836561293281356,0.028445245853472738,0.8229700815070542,73.33101204427082,0.013803835357211088,15.836561293281356,73.33101204427082
82,236,20.298502978686333,0.0011130403243081518,0.8227980907014416,77.81316026475695,0.014046080254410231,20.298502978686333,77.81316026475695
82,204,22.81324095148825,0.02292500091468134,0.8227732465647826,81.58642578125,0.04710861170121502,22.81324095148825,81.58642578125
82,177,25.33196038520903,0.025564029756025432,0.8221880657399402,87.32210970052084,0.04386085891462925,25.33196038520903,87.32210970052084
82,153,27.033594451004706,0.006514929625705252,0.8210875379699077,92.94021875,0.23902953848287722,27.033594451004706,92.94021875
82,133,28.094698015035572,0.01964698417169762,0.8191172118837029,97.5397536892361,0.26403926831546565,28.094698015035572,97.5397536892361
82,115,28.666281605571715,0.011308938603421933,0.8173768747195634,101.14275358072916,0.04721168451402812,28.666281605571715,101.14275358072916
82,100,29.0049507617879,0.013891309502544202,0.8156750304017236,103.87966265190971,0.010837676250451142,29.0049507617879,103.87966265190971
82,74,29.189507962057657,0.02959819586702251,0.824404451226093,105.95499848090277,0.09734403065371844,29.189507962057657,105.95499848090277
82,70,29.220015202436645,0.013240545843128344,0.8242841105720004,106.57887630208332,0.05836570883904128,29.220015202436645,106.57887630208332
82,68,29.232647900904656,0.0051139361909494216,0.8239726131520174,107.08978374565972,0.02366778727089657,29.232647900904656,107.08978374565972
82,66,29.260200035823342,0.027349837066841236,0.8238038056329738,107.37489453124999,0.03719284731391306,29.260200035823342,107.37489453124999
82,65,29.266222039793433,0.00998260699556075,0.8237365490303684,107.66998263888888,0.06252347540246452,29.266222039793433,107.66998263888888
82,63,29.611480191588047,0.012796067059703167,0.8225704786447118,115.49337315538195,0.11208084295610989,29.611480191588047,115.49337315538195
82,61,29.67377848016771,0.006701395308004359,0.8220063981558136,117.08528309461805,0.06382501559795482,29.67377848016771,117.08528309461805
82,60,29.710062075945018,0.022909850810462352,0.8218506400000826,118.00480750868057,0.09540611134983706,29.710062075945018,118.00480750868057
82,58,29.723234295225563,0.0053097739293217145,0.8215530748402967,118.59106456163197,0.034151261755753975,29.723234295225563,118.59106456163197
82,55,29.74748351573673,0.014992995921330627,0.8213668578346757,119.67396332465277,0.6425977288419151,29.74748351573673,119.67396332465277
82,47,29.783220927986225,0.013105418241470167,0.8201389467380013,120.95368804253472,0.04590514902879334,29.783220927986225,120.95368804253472
82,41,29.80303281453458,0.007350334014237332,0.8195560871481677,122.25378211805555,0.028359410078546473,29.80303281453458,122.25378211805555
82,35,29.844837619406075,0.023759885615495895,0.8187610214634974,122.93660904947917,0.10425935803305618,29.844837619406075,122.93660904947917
82,31,30.1384132627435,0.01199373771834007,0.8162873789861318,130.89170030381945,0.009578687350673618,30.1384132627435,130.89170030381945
82,8,31.760413554860907,0.002501269761849729,0.8243641027758605,203.98665690104164,0.04607352517771795,31.760413554860907,203.98665690104164
82,7,31.756950032200212,0.027128398986720967,0.8242237399243336,202.90613118489583,0.1898518773888322,31.756950032200212,202.90613118489583
82,5,31.730005743461742,0.007773940668028564,0.8236043641055569,204.94809809027777,0.08760282581002705,31.730005743461742,204.94809809027777
82,3,31.699320708537396,0.02560927742410156,0.823844628839864,207.01934570312497,0.5785031872172185,31.699320708537396,207.01934570312497
82,1,31.66589323571623,0.006345165572700217,0.8234670856011924,207.97728754340278,0.030015673136034725,31.66589323571623,207.97728754340278
82,0,31.65920921773314,0.021180425293297896,0.8233185945257807,207.62579546440972,0.6881503704862946,31.65920921773314,207.62579546440972
83,1000000,0.012347970925646249,0.002885194216337627,0.8266518670330676,61.762620334201394,0.0248539098737116,0.0,61.762620334201394
83,1000000,0.012347970925646249,0.002885194216337627,0.8266518670330676,61.762620334201394,0.0248539098737116,0.012347970925646249,61.762620334201394
83,100000,0.11302101794126466,0.12478383242990072,0.8307911616393936,61.77448708767361,0.01369289765296423,0.11302101794126466,61.77448708767361
83,31622,0.1738483405362574,0.001730493403567791,0.8298684645215832,61.72464583333334,0.007894010341756432,0.1738483405362574,61.72464583333334
83,10000,0.47747568237819876,,0.8257546340220149,61.63271560329861,0.023086712001989654,0.47747568237819876,61.63271560329861
83,5623,0.820072374519668,0.007128448304617111,0.8265226016836406,61.58844954427084,0.006840847528245575,0.820072374519668,61.58844954427084
83,3162,1.429532555013542,0.0007520338650989074,0.8272916554209081,61.656095703125004,0.014782339789354119,1.429532555013542,61.656095703125004
83,1778,2.5008636080840243,0.0031903472365455506,0.8283315870147828,61.914908311631955,0.0058220383905437595,2.5008636080840243,61.914908311631955
83,1000,4.352777203861506,0.017297521338499874,0.8294780361046684,62.95874110243056,0.0009664459356507609,4.352777203861506,62.95874110243056
83,749,5.712262770116747,0.0052625893522690636,0.8299037858792987,64.06060894097222,0.0009727064349831287,5.712262770116747,64.06060894097222
83,562,7.476786005441497,0.00158993533032618,0.8301401008828814,65.77694791666666,0.02673757015347746,7.476786005441497,65.77694791666666
83,421,9.826907477489222,0.046911396527854546,0.8303354034258047,67.84714702690972,0.013932048597577002,9.826907477489222,67.84714702690972
83,316,12.768643227067825,0.035169401762741574,0.8303894502653705,70.38181966145834,0.0328095553252454,12.768643227067825,70.38181966145834
83,236,16.518248593875065,0.015967177695894213,0.8315278617058562,73.75549685329861,0.05198302206021085,16.518248593875065,73.75549685329861
83,177,21.02995844931839,0.015847119040065628,0.831343042968243,78.311619140625,0.040667969048339345,21.02995844931839,78.311619140625
83,153,23.810308504544697,0.006499280763496381,0.8311945047956084,82.70487087673611,0.02954298929919341,23.810308504544697,82.70487087673611
83,133,25.929361624257282,0.03470636367303696,0.8310493647393967,88.06851236979166,0.06110071309881335,25.929361624257282,88.06851236979166
83,115,27.549152395663384,0.00669933272933297,0.829657344702122,93.49211621093751,0.051272289553572006,27.549152395663384,93.49211621093751
83,100,28.40495045121071,0.01015950503758789,0.8282728227491051,97.20255642361111,0.12000709942609036,28.40495045121071,97.20255642361111
83,86,29.021307292513622,0.004730239479666435,0.8261297488870869,103.6194370659722,0.05363418616248108,29.021307292513622,103.6194370659722
83,55,29.90536525427775,0.005234708791433359,0.8349409049466152,118.63166297743055,0.0679777178194166,29.90536525427775,118.63166297743055
83,47,29.948263755967687,0.013229618188937165,0.8339679920805209,120.22178743489583,0.020136317972818892,29.948263755967687,120.22178743489583
83,41,29.954374963654057,0.009084340445035734,0.8335207525900236,121.17305566406252,0.04234002883282347,29.954374963654057,121.17305566406252
83,37,29.9497061817325,0.0054741158607579336,0.8331261251873231,121.25181000434027,0.10287701844654609,29.9497061817325,121.25181000434027
83,35,29.95929761700813,0.008296178659679614,0.8328277707519725,121.59061154513888,0.04072804771678734,29.95929761700813,121.59061154513888
83,33,29.946761929801642,0.008445960885220524,0.8325914250822585,121.70351584201387,0.034843437094337626,29.946761929801642,121.70351584201387
83,32,29.944262861235313,0.007199144188301642,0.832679905708369,121.64272645399303,0.0656015225911228,29.944262861235313,121.64272645399303
83,31,30.245757915993952,0.012629186061665347,0.8305201935175427,128.80139670138888,0.05635414258948591,30.245757915993952,128.80139670138888
83,29,30.41102208144405,0.007374045190914317,0.8294361463333016,132.20539778645832,0.10460694891226478,30.41102208144405,132.20539778645832
83,28,30.43458122458544,0.007312233749211173,0.8295643858298231,132.46458322482638,0.01854570041836111,30.43458122458544,132.46458322482638
83,26,30.481374507954893,0.018733829821119565,0.82880859338115,133.60930479600697,0.06564358980614907,30.481374507954893,133.60930479600697
83,23,30.50461637504928,0.014690361952988522,0.8282733768662447,134.8317677951389,0.07576189942498421,30.50461637504928,134.8317677951389
83,22,30.521305625224823,0.007953032492837795,0.8282392157786437,135.16373426649307,0.0827131263614806,30.521305625224823,135.16373426649307
83,20,31.112368969077384,0.003949972402472008,0.8273920722857567,154.04611512586806,0.1296498197389175,31.112368969077384,154.04611512586806
83,19,31.13448972558754,0.011420818140068902,0.827296094279486,155.39764290364585,0.06470169453769796,31.13448972558754,155.39764290364585
83,17,31.1914482516349,0.006501292645963389,0.8272398926650427,157.64283517795138,0.059778962277895975,31.1914482516349,157.64283517795138
83,15,31.439327338892056,0.01929706733842251,0.827214265869658,172.33660601128474,0.06664597339568357,31.439327338892056,172.33660601128474
83,14,31.582185230646544,0.008716012593135035,0.8267201320288278,182.29040006510414,0.04878822986824994,31.582185230646544,182.29040006510414
83,13,31.595801179020963,0.012931000377032442,0.8267467836458788,183.52718869357645,0.03721507948498454,31.595801179020963,183.52718869357645
83,11,31.74698807547183,0.006723769266123809,0.8258298960752256,198.0276162109375,0.04790940400412913,31.74698807547183,198.0276162109375
83,10,31.728356328381235,0.012516595414213214,0.8259939042303067,198.33909678819444,0.4013045799316379,31.728356328381235,198.33909678819444
84,100000,0.05872906467044361,0.00030274595140868934,0.839104351518828,61.74633447265626,0.04345496777333826,0.0,61.74633447265626
84,100000,0.05872906467044361,0.00030274595140868934,0.839104351518828,61.74633447265626,0.04345496777333826,0.05872906467044361,61.74633447265626
84,31622,0.17524563428831472,0.000566305409370429,0.8377700726896894,61.68213921440972,0.009262353022160705,0.17524563428831472,61.68213921440972
84,10000,0.5237125597411132,0.0034320763114534907,0.840634368978275,61.64230615234374,0.014740601385792574,0.5237125597411132,61.64230615234374
84,5623,0.880473572628938,0.00029455304643187746,0.8375102257750168,61.63528309461805,0.020967641641230363,0.880473572628938,61.63528309461805
84,3162,1.5589489613077976,0.0028345128720895585,0.8386527249183416,61.637017035590276,0.014921061560391531,1.5589489613077976,61.637017035590276
84,1778,2.7125087282734115,0.002620556917334265,0.8398964708301176,61.98240863715278,0.013798890957258992,2.7125087282734115,61.98240863715278
84,1333,3.5754814313120487,0.002761014108234308,0.8404098524648558,62.48205696614584,0.013849454582270753,3.5754814313120487,62.48205696614584
84,1000,4.715824880085035,0.020586643879039218,0.8409541723200843,63.268093858506944,0.06067220214448312,4.715824880085035,63.268093858506944
84,749,6.178087200788242,0.008209990516175391,0.8412724688790436,64.41121647135417,0.012977516355139248,6.178087200788242,64.41121647135417
84,562,8.085872424952674,0.006808584216731291,0.8416461133980353,66.123345703125,0.008325356263984436,8.085872424952674,66.123345703125
84,421,10.593542804063446,0.0013265371961424443,0.8420387269770814,68.39487185329861,0.013652559094741154,10.593542804063446,68.39487185329861
84,316,13.726105712243884,0.01853794636256338,0.8426849077626039,71.02196343315973,0.058855046304827366,13.726105712243884,71.02196343315973
84,236,17.679230261891664,0.008621235178831222,0.8434825819249392,74.6085564236111,0.015760009983368455,17.679230261891664,74.6085564236111
84,177,22.500941619079175,0.014067961479048192,0.8432670577552112,79.89244780815972,0.028379091604220044,22.500941619079175,79.89244780815972
84,153,24.982064562136326,0.03563460360337367,0.8430672493562531,84.4578088107639,0.0720564846513194,24.982064562136326,84.4578088107639
84,133,26.95120519855925,0.006663783052618429,0.842463428017986,89.76951746961805,0.21324932135506372,26.95120519855925,89.76951746961805
84,115,28.111356761659483,0.022310656677761977,0.8415484880784111,93.93800824652779,0.09483280092253121,28.111356761659483,93.93800824652779
84,100,28.733080848435765,0.020469559281567788,0.8400476015594146,97.1669291449653,0.09373369227633549,28.733080848435765,97.1669291449653
84,86,29.091089388612062,0.0187639538274534,0.8388626790302257,101.82845659722221,0.12310825485004542,29.091089388612062,101.82845659722221
84,74,29.34954440272968,0.007567274538153564,0.8373726217241692,105.31939084201389,0.0873152620182121,29.34954440272968,105.31939084201389
84,68,29.420402799241057,0.036369621948443925,0.8369754350643936,106.62114778645832,0.030993664372673937,29.420402799241057,106.62114778645832
84,63,29.762379607329112,0.00849806754191611,0.8354973756315603,116.18152289496527,3.1891167819074355,29.762379607329112,116.18152289496527
84,41,30.063069794002157,0.006501690051437542,0.8442030185449597,118.77797645399305,0.056259492682885555,30.063069794002157,118.77797645399305
84,37,30.06677138348266,0.001551791923895992,0.8437132581082974,119.08394618055554,0.03852134819276184,30.06677138348266,119.08394618055554
84,35,30.06509372153045,0.0035218872943678006,0.8436322282040595,119.32498491753474,0.08319270318517649,30.06509372153045,119.32498491753474
84,33,30.064634745201335,0.0032921509666336913,0.8435637264778766,119.38451974826387,0.0774778167822541,30.064634745201335,119.38451974826387
84,32,30.042212957716846,0.042574020943314035,0.8419376626613753,119.44627267795137,0.09293709573431393,30.042212957716846,119.44627267795137
84,31,30.394725828103187,0.0029818950239245633,0.8420795856168241,126.60418923611111,0.04430146316408022,30.394725828103187,126.60418923611111
84,29,30.555378774232427,0.0049798115507489705,0.8412411632662092,129.1060388454861,0.07591965318530494,30.555378774232427,129.1060388454861
84,28,30.565993162441412,0.017822661688849346,0.8413111798813656,129.5316941189236,0.06917210919083606,30.565993162441412,129.5316941189236
84,26,30.588637945143017,0.013802008343898987,0.840710872690349,130.42534060329862,0.07812834477725163,30.588637945143017,130.42534060329862
84,23,30.640012731499567,0.013707395645948554,0.8406470273356149,131.605083984375,0.08419141027940316,30.640012731499567,131.605083984375
84,22,30.65678102039247,0.01609474426923327,0.8404338862774591,131.87192285156252,0.0643264677274691,30.65678102039247,131.87192285156252
84,20,31.24910630319732,0.04153093793183399,0.8393558462612386,148.52326312934028,0.2504090163693815,31.24910630319732,148.52326312934028
84,19,31.313730670923203,0.013902213065182141,0.8397459062325185,150.63400227864585,0.057538599659488404,31.313730670923203,150.63400227864585
84,17,31.37508661253902,0.01819634473761909,0.8396590414026055,152.89474576822917,0.30953357261589715,31.37508661253902,152.89474576822917
84,15,31.753306790563617,0.022342559317388287,0.8398611581938052,167.7810220269097,0.08148938248408948,31.753306790563617,167.7810220269097
84,14,31.864523074041273,0.024692543651543976,0.8397808182777765,175.92548263888887,0.3521429275859373,31.864523074041273,175.92548263888887
84,13,31.87190733797831,0.019434741721340115,0.839700334408147,178.65903634982638,2.1272390323874872,31.87190733797831,178.65903634982638
84,11,32.051142173755196,0.002745994124873079,0.8395691096119412,192.07530110677087,0.11479907998843274,32.051142173755196,192.07530110677087
84,10,32.058173280496526,0.012432488730552225,0.8395075714473604,192.65051095920137,0.1153785743358951,32.058173280496526,192.65051095920137
84,8,32.06031290675762,0.0026037894721668326,0.8376138674428225,198.7408595920139,0.49607169053820477,32.06031290675762,198.7408595920139
84,7,32.04129630138153,0.007559573768093882,0.8371039734913809,198.06315798611112,0.41033662476722393,32.04129630138153,198.06315798611112
84,5,32.03930940564407,0.014282882251170975,0.8370436280231527,201.50123589409722,0.09090587175207797,32.03930940564407,201.50123589409722
84,3,31.975173596214216,0.016784019668531526,0.8372103497117255,203.6232068142361,0.30964592758854936,31.975173596214216,203.6232068142361
84,1,31.993508735359814,0.010177823153067513,0.8371339850652822,203.5036242404514,0.27100928103402805,31.993508735359814,203.5036242404514
84,0,31.99533900177532,0.008468097658704673,0.8372978150910066,203.85888671875,0.04882623818944349,31.99533900177532,203.85888671875
85,10000000,0.20961543932029736,0.2906832765412821,0.8492525229560106,69.34857064421182,12.597595223923463,0.20961543932029736,69.34857064421182
85,100000,0.08098769495086532,0.079460634978324,0.8533156346177048,61.75033138020833,0.012007311968635762,0.08098769495086532,61.75033138020833
85,31622,0.166479988899188,0.020463620449631764,0.8482801727177832,61.70424858940972,0.03415508678467258,0.166479988899188,61.70424858940972
85,10000,0.5627809931210617,,0.8547586726913109,61.616660590277775,0.007808234542044747,0.5627809931210617,61.616660590277775
85,5623,0.893841569377556,0.00012053864870042946,0.8457015931945472,61.69877853732638,0.05167611290740966,0.893841569377556,61.69877853732638
85,3162,1.5904209309034332,0.0010783051132509458,0.8468186559281813,61.6517275390625,0.008998531474885902,1.5904209309034332,61.6517275390625
85,1778,2.75258967537734,0.002120213312854109,0.8480409349008847,61.97846028645833,0.011167409184181758,2.75258967537734,61.97846028645833
85,1333,3.628909610409558,0.00654371175683027,0.8488642224594459,62.47227756076389,0.034577748509274114,3.628909610409558,62.47227756076389
85,1000,4.740606256184563,0.0010497224436047336,0.8492231530417488,63.20454481336805,0.004368391372122506,4.740606256184563,63.20454481336805
85,749,6.237211319902721,0.006333378932143709,0.8496549490510893,64.40374381510416,0.0212690296311274,6.237211319902721,64.40374381510416
85,562,8.160221854362524,0.002896429573090225,0.8499421282179229,66.17159006076389,0.02177495059353815,8.160221854362524,66.17159006076389
85,421,10.627227238204725,0.00881876328004638,0.8501083199874165,68.30589040798611,0.022007216238984408,10.627227238204725,68.30589040798611
85,316,13.7587066905645,0.01980624546412634,0.8507721110757513,70.95398079427083,0.2110075146000863,13.7587066905645,70.95398079427083
85,236,17.66018106066531,0.00887547491384693,0.8515118425815101,74.39898806423612,0.023253785057322174,17.66018106066531,74.39898806423612
85,204,19.786619477589316,0.022086770322034103,0.8514839675225708,76.65481673177084,0.008853695821770697,19.786619477589316,76.65481673177084
85,177,22.066734664275327,0.02614188275111948,0.8513056038908969,78.92356163194444,0.04637335839249955,22.066734664275327,78.92356163194444
85,153,24.84344531148844,0.031159098139490925,0.8509422608951006,83.55730164930556,0.05756174228387644,24.84344531148844,83.55730164930556
85,133,26.716743422771895,0.013447995498803565,0.850979884781264,88.10809461805555,0.08441860325060377,26.716743422771895,88.10809461805555
85,115,27.984541524789645,0.004774392411918626,0.8505524961839996,91.99591514756945,0.14888444610087542,27.984541524789645,91.99591514756945
85,100,28.66784255194626,0.010557964821789868,0.8495236664132314,95.03718250868057,0.20358007042296408,28.66784255194626,95.03718250868057
85,86,29.18868845302846,0.015535906116909562,0.8482454620913954,100.63892502170138,0.1959088673470057,29.18868845302846,100.63892502170138
85,74,29.416467873773815,0.00032966919838242116,0.8476946090970091,103.90161783854165,0.022935571303612047,29.416467873773815,103.90161783854165
85,63,29.841473021828723,0.003309743993460736,0.8464630315747076,112.16300325520832,0.06131371430085777,29.841473021828723,112.16300325520832
85,55,30.01143557225259,0.010554744440206664,0.845677688446057,116.35126671006945,0.060216406495758074,30.01143557225259,116.35126671006945
85,47,30.068397539568345,0.021908577593066993,0.8451352766318592,117.98317914496528,0.06070212907258133,30.068397539568345,117.98317914496528
85,26,30.74194351599455,0.009991490456334729,0.8547886906796243,129.13132703993054,0.2494724110827077,30.74194351599455,129.13132703993054
85,23,30.82373819713052,0.0243981369594833,0.8546485583606099,130.52168934461807,0.1155122351692865,30.82373819713052,130.52168934461807
85,20,31.441547483408176,0.05300917165317495,0.8541524999121751,147.83039670138888,0.2229529034724139,31.441547483408176,147.83039670138888
85,19,31.483212814951738,0.006281101205392235,0.8541495709086103,149.48654437934027,0.03692936485908073,31.483212814951738,149.48654437934027
85,17,31.546610082409135,0.0033612410311095824,0.8539168866040142,150.9443021918403,0.18634508666884278,31.546610082409135,150.9443021918403
85,15,31.82900804183319,0.005931391914375549,0.8541048533765956,164.95454850260415,0.08115831377833344,31.82900804183319,164.95454850260415
85,14,32.011697551658074,0.025282283640521503,0.8538349728136776,173.26761545138888,0.2747948903209294,32.011697551658074,173.26761545138888
85,13,32.03311795767703,0.028148722104927065,0.8536358630489308,174.0646169704861,0.0741505790980992,32.03311795767703,174.0646169704861
85,11,32.15726381522761,0.13760830082982875,0.8522392606531807,190.11019021267361,1.1565631220246635,32.15726381522761,190.11019021267361
85,10,32.25770884069903,0.033980136395399006,0.8529528544897568,189.10864539930552,0.19251844255754963,32.25770884069903,189.10864539930552
85,7,32.259539102887885,0.010815934587327205,0.850928135478123,195.9835222439236,0.08793632965126975,32.259539102887885,195.9835222439236
85,5,32.23655831706193,0.009187037991400184,0.8502611370850749,199.31399457465275,0.42518036094777745,32.23655831706193,199.31399457465275
85,3,32.20168785222281,0.030105523838444486,0.850193593078577,201.42014767795135,0.4578807900925384,32.20168785222281,201.42014767795135
85,1,32.21173262594662,0.02942946322921154,0.8504155142568427,201.5631882595486,0.6118980375310368,32.21173262594662,201.5631882595486
85,0,32.20312575379959,0.04054600715739038,0.8502255164821028,202.34136002604166,0.4692350832631569,32.20312575379959,202.34136002604166
86,10000,0.479121477114692,0.06147925097665359,0.8605573495299718,61.67650813802083,0.02546087105439697,0.479121477114692,61.67650813802083
86,5623,0.9309201293901316,0.0026021713090958977,0.8573356065931893,61.65405023871528,0.03507456434505175,0.9309201293901316,61.65405023871528
86,3162,1.7913742448358976,0.15057908923817345,0.8599128757871152,66.93799645817059,8.140316581549802,1.7913742448358976,66.93799645817059
86,1778,2.864536439455191,0.006015874008214631,0.8600107719835481,62.09921788194445,0.04999129685562289,2.864536439455191,62.09921788194445
86,1000,4.952700876306561,0.011706967203753898,0.8610344482985535,63.306725151909724,0.009020949566809848,4.952700876306561,63.306725151909724
86,749,6.4760052094270675,0.0032760264283648597,0.8617148591455074,64.53175151909721,0.005692188294643003,6.4760052094270675,64.53175151909721
86,562,8.456220713629008,0.010622084549825701,0.8621343351350341,66.36384212239584,0.045200963451222646,8.456220713629008,66.36384212239584
86,421,11.069879055942602,0.07936152270486858,0.862850657254855,68.48355230034723,0.05638621836832686,11.069879055942602,68.48355230034723
86,316,14.24461202884495,0.03689540440900183,0.863637359149851,71.05860666232638,0.015044394573613647,14.24461202884495,71.05860666232638
86,236,18.255969854980545,0.07294916708534428,0.8634339119962818,74.84401703559028,0.05329000554276641,18.255969854980545,74.84401703559028
86,177,22.893489532102475,0.023812230746857434,0.8631567574797493,79.79895193142362,0.005750946264973434,22.893489532102475,79.79895193142362
86,153,25.287845320620477,0.006561587467960448,0.8629996032050843,84.23251931423611,0.09145163540732867,25.287845320620477,84.23251931423611
86,133,27.114480939437133,0.009219692100084291,0.8627777733254139,88.42823969184029,0.08669261612438461,27.114480939437133,88.42823969184029
86,115,28.21360389290712,0.005534095912676473,0.8623932693703654,91.8147907986111,0.10057611740991214,28.21360389290712,91.8147907986111
86,100,28.794185984559842,0.02040470974731855,0.8621041923573233,94.52671614583335,0.18760714688444513,28.794185984559842,94.52671614583335
86,86,29.21911467071405,0.01055535811076204,0.8607610370206116,101.00581803385415,2.135382837724622,29.21911467071405,101.00581803385415
86,74,29.47981805581415,0.01594744057786627,0.860088029107639,102.30386827256946,0.0702990264795688,29.47981805581415,102.30386827256946
86,70,29.500361207910615,0.01098197286689647,0.8601246508873466,103.07927365451388,0.3503370740705149,29.500361207910615,103.07927365451388
86,68,29.5224217861157,0.017638830811463457,0.8598925265222196,103.21219954427083,0.10383926510029544,29.5224217861157,103.21219954427083
86,63,29.974991780400277,0.015238887468873117,0.8587434553267973,111.86622960069444,0.12556161271964283,29.974991780400277,111.86622960069444
86,58,30.12944730047931,0.017086158055723787,0.8586736166821288,114.75103700086807,0.03152775605173448,30.12944730047931,114.75103700086807
86,55,30.130469810981737,0.014455832865458929,0.8584913906611353,115.19693077256943,0.057107049648042384,30.130469810981737,115.19693077256943
86,47,30.144197089090728,0.004569798482818479,0.857781984393863,116.35504047309028,0.05449465054451543,30.144197089090728,116.35504047309028
86,41,30.153870398587628,0.008361785097741551,0.8574913319213593,117.05762413194445,0.05087114746639332,30.153870398587628,117.05762413194445
86,37,30.146079668500946,0.016894055772259234,0.857151070757287,117.30977907986112,0.08934846648476183,30.146079668500946,117.30977907986112
86,35,30.135426079488536,0.011915573255444536,0.8569280588192592,117.30921354166667,0.05088946384251304,30.135426079488536,117.30921354166667
86,33,30.14878144465406,0.008679523635776946,0.856831345384034,117.45103580729166,0.06157431260932827,30.14878144465406,117.45103580729166
86,32,30.14647869860582,0.015817704451522585,0.8569020303851177,117.56597927517362,0.1271350245326092,30.14647869860582,117.56597927517362
86,31,30.488740109457865,0.00755845091745559,0.8559902905774913,124.70471853298612,0.023693131502020896,30.488740109457865,124.70471853298612
86,29,30.693673062060473,0.010111503161208119,0.8553306444497885,128.13658919270833,0.06338302051670167,30.693673062060473,128.13658919270833
86,28,30.723671100949833,0.017156576731027624,0.8553388582917387,128.4103662109375,0.09179220237121626,30.723671100949833,128.4103662109375
86,22,30.821573995178728,,0.8550559634676766,130.71289095052083,0.047079711213211,30.821573995178728,130.71289095052083
88,100000,0.057415434913978915,,0.8818137428977273,63.37796744791668,1.2860896565604825,0.0,63.37796744791668
88,100000,0.057415434913978915,,0.8818137428977273,63.37796744791668,1.2860896565604825,0.057415434913978915,63.37796744791668
88,31622,0.1598934500650034,0.0035048375267943237,0.8826476398683741,61.72908745659723,0.03254069156355618,0.1598934500650034,61.72908745659723
88,10000,0.48959546236044177,0.0069627077222078485,0.8759121044330783,61.709987196180556,0.009044223273552289,0.48959546236044177,61.709987196180556
88,5623,0.8454860813230303,0.0277910963144626,0.8785571946248956,61.69818619791667,0.01687344315808224,0.8454860813230303,61.69818619791667
88,3162,1.4775631048103397,0.0009683293510088601,0.8804135957471226,61.63940733506944,0.007867357426381597,1.4775631048103397,61.63940733506944
88,1778,2.540683752670065,0.0022277273491029177,0.8820677150095522,61.92267241753472,0.021592594914672757,2.540683752670065,61.92267241753472
88,1000,4.801273969154198,0.6372480152504894,0.8826767164330571,68.02831681847641,7.717749792186375,4.801273969154198,68.02831681847641
88,749,5.77218610896562,0.013909554482933306,0.8844288505407691,63.832316297743056,0.03721648964096651,5.77218610896562,63.832316297743056
88,236,14.658727989748217,0.016960303123139543,0.8753765660150787,70.85338888888889,0.02469493674835342,14.658727989748217,70.85338888888889
88,177,18.615781432850724,0.004933715687409796,0.8754385895414867,76.18779329427083,2.4966925346474915,18.615781432850724,76.18779329427083
88,133,23.368008168146996,0.06348019965218493,0.8761215514801958,79.35797352430556,0.012498810674812863,23.368008168146996,79.35797352430556
88,115,25.777415023281645,0.029675201558914604,0.8761777039721664,83.54454383680556,0.022456582081535535,25.777415023281645,83.54454383680556
88,100,27.391347614854038,0.009768892513747608,0.8762321509094431,87.18428634982638,0.005217183889741695,27.391347614854038,87.18428634982638
88,86,28.739546625158713,0.011816470826961823,0.8766810184310213,92.08576616753471,0.19273222722357522,28.739546625158713,92.08576616753471
88,70,29.45860013748492,0.014080632614885163,0.875529064721071,97.55974544270832,0.073447744006916,29.45860013748492,97.55974544270832
88,68,29.499293289761273,0.03027889173170431,0.8754542881378246,97.97180718315973,0.04561882295681101,29.499293289761273,97.97180718315973
88,65,29.5251644389454,0.009689829099789157,0.875471698122139,98.63773871527779,0.09870840859953586,29.5251644389454,98.63773871527779
88,23,31.132979510423564,0.012081921076382531,0.8844865379649326,124.07366178385416,0.11690978933468742,31.132979510423564,124.07366178385416
88,22,31.155842815666233,0.010610528392438172,0.8848329182936635,123.96746527777776,0.04345695947605806,31.155842815666233,123.96746527777776
88,20,31.817301992209952,0.020165636594464565,0.8842214224757629,138.99917328559027,0.10577133141243719,31.817301992209952,138.99917328559027
88,19,31.829234421651506,0.01386326397635209,0.8838019118544959,139.81540288628472,0.03526249882107942,31.829234421651506,139.81540288628472
88,17,31.903339232615583,0.025216504122509985,0.883975162056157,141.15224934895832,0.05855474255060419,31.903339232615583,141.15224934895832
88,15,32.286907927765434,0.01739992985312509,0.8840197483956155,153.06300401475696,0.22556747767984933,32.286907927765434,153.06300401475696
88,14,32.51488751714132,0.001131172466083324,0.8843345352240138,160.96506076388889,0.23836072781525772,32.51488751714132,160.96506076388889
88,13,32.564974001303646,0.02937319476743423,0.884137710900163,161.96671571180556,0.08840398474068115,32.564974001303646,161.96671571180556
88,11,32.86986212677578,0.03958596395446918,0.8840770219400657,177.16693435329861,1.516988562144343,32.86986212677578,177.16693435329861
88,10,32.875181587134385,0.029106782650594246,0.8840706084645191,176.73087022569442,0.07330359423013073,32.875181587134385,176.73087022569442
88,7,32.912976486266864,0.003508820279106824,0.8818799758235181,183.45876855468748,0.09275174801454099,32.912976486266864,183.45876855468748
88,5,32.940120077465515,0.04553470288725076,0.8811801165903134,187.5820814887153,0.3420157271173687,32.940120077465515,187.5820814887153
88,3,32.88839964134268,0.014921191218945924,0.8807391310839089,189.6722009548611,0.36696678481891526,32.88839964134268,189.6722009548611
88,1,32.91180326360953,0.02757445648059029,0.8810865883321944,190.30471723090275,0.05748182831923308,32.91180326360953,190.30471723090275
88,0,32.91178171586405,0.005349167756025709,0.8810703282964694,190.51564442274307,0.2795275322148195,32.91178171586405,190.51564442274307
89,31622,0.15078503509880126,0.009604029277066157,0.8890165675865456,61.70357107204861,0.002009635294686632,0.15078503509880126,61.70357107204861
89,10000,0.4994523277761836,0.002654291399624703,0.886496818501973,61.710807074652784,0.016196886351082403,0.4994523277761836,61.710807074652784
89,3162,1.5060473899335705,0.008643896410290935,0.8910574756392503,61.67462868923611,0.004722224371412018,1.5060473899335705,61.67462868923611
89,1778,2.7295813336773898,0.16882554179988182,0.8926590806348796,66.87018780519469,7.675857967280507,2.7295813336773898,66.87018780519469
89,1000,4.430454224692525,0.021597256836189592,0.8949170278264433,62.8340869140625,0.022759562011779786,4.430454224692525,62.8340869140625
89,562,7.506959722526291,,0.8858103691750069,65.25446223958333,0.054993411851551134,7.506959722526291,65.25446223958333
89,421,9.790276987630948,0.01169847782796511,0.8860460835230021,67.06521961805555,0.03116310861125822,9.790276987630948,67.06521961805555
89,316,12.660346382084285,0.02401458795973157,0.8875202617541094,69.13099273003472,0.04053756471648428,12.660346382084285,69.13099273003472
89,236,16.27254291257623,0.018854956922965647,0.8893850957491573,72.23390961371528,0.03077062615666028,16.27254291257623,72.23390961371528
89,177,20.33256956620097,0.0022619845591426613,0.8898992517067977,75.98283951822917,0.029598956185339104,20.33256956620097,75.98283951822917
89,153,22.67380902437363,0.03172623644330795,0.8894747144731429,78.179513671875,0.10736290092084241,22.67380902437363,78.179513671875
89,133,25.233298662568444,0.011474766141468654,0.8898155557661163,81.35724544270833,0.03485480650689838,25.233298662568444,81.35724544270833
89,115,27.171553720504843,0.0076025817618546754,0.8899254954354694,85.19558940972222,0.045805870998274115,27.171553720504843,85.19558940972222
89,100,28.28821399680588,0.02723300504789332,0.8898132936784159,88.14989973958335,0.07533753222954084,28.28821399680588,88.14989973958335
89,86,29.224408503352308,0.02997663310272946,0.8903808922774651,92.7698037109375,0.011412040362480069,29.224408503352308,92.7698037109375
89,74,29.65830979190412,0.009908110059101097,0.890126449134959,96.12104654947917,0.007055064387829735,29.65830979190412,96.12104654947917
89,70,29.713626494999414,0.0381817160191317,0.8898961953193615,96.9353874782986,0.034360294213272705,29.713626494999414,96.9353874782986
89,68,29.744716625683697,0.02777843963383346,0.8899653651952274,97.25204101562498,0.0719653782343996,29.744716625683697,97.25204101562498
89,66,29.779392877765545,0.01866332470734937,0.8898056313302055,97.68113096788197,0.0688107718949067,29.779392877765545,97.68113096788197
89,65,29.802777021874608,0.02243330737816746,0.8899529315815364,97.78689778645833,0.015267441675204932,29.802777021874608,97.78689778645833
89,63,30.31876249391445,0.010490907243227435,0.8894184588666345,105.65595117187502,0.0959945600980595,30.31876249391445,105.65595117187502
89,61,30.395634343802964,0.013513485136594523,0.8892045243091716,107.39475965711806,0.02976109952004833,30.395634343802964,107.39475965711806
89,60,30.40437663755858,0.010525088493780083,0.8892050388403917,107.68252549913194,0.06488515308544926,30.40437663755858,107.68252549913194
89,58,30.417948468037405,0.01343477585040023,0.8890909435264911,108.24433854166666,0.005922227431308052,30.417948468037405,108.24433854166666
89,55,30.483214128586138,0.008021093952017045,0.8885474621822868,109.33251182725694,0.06927776172940886,30.483214128586138,109.33251182725694
89,47,30.500259568470053,0.014652364531187012,0.8884892000961875,110.94179134114584,0.08659594130603772,30.500259568470053,110.94179134114584
89,41,30.71018285767722,0.3659055306032773,0.8885530957614102,112.05865462239582,0.0701621537233541,30.71018285767722,112.05865462239582
89,37,30.511043786220828,0.0035536391886410827,0.8881678221223739,112.34250954861112,0.024290604164817944,30.511043786220828,112.34250954861112
89,35,30.505717035286136,0.040115714942228715,0.8879530504928598,112.50399305555557,0.0574585425459322,30.505717035286136,112.50399305555557
89,32,30.506242798493876,0.005314877487090983,0.8875530003043615,112.78711914062501,0.0692308508275632,30.506242798493876,112.78711914062501
89,31,30.85183015780924,0.014935088622397275,0.8861452039925802,118.29803743489583,0.04734037271168477,30.85183015780924,118.29803743489583
89,26,31.07804902553564,,0.8851492036182541,123.03856716579861,0.1006237915226294,31.07804902553564,123.03856716579861
89,19,32.727705995210066,0.26021510328043296,0.894389611701366,155.14118727527418,25.17558646730719,32.727705995210066,155.14118727527418
90,31622,0.14171080648895498,0.007883445226622545,0.8978615764303806,61.82363335503472,0.03627464787432886,0.14171080648895498,61.82363335503472
90,10000,0.5163021281416316,0.10170904363416476,0.8972110590243851,61.647880642361116,0.016226993950203807,0.5163021281416316,61.647880642361116
90,3162,1.3860748770912827,0.007937783133708949,0.9041052153677919,61.630033203125,0.01808797163594612,1.3860748770912827,61.630033203125
90,749,5.795757230165083,0.009207515031416641,0.8954782201524196,63.75576161024306,0.03010885201452964,5.795757230165083,63.75576161024306
90,562,7.5389421925130895,0.00803611629620238,0.8969018958732358,65.15146516927084,0.05932715050936982,7.5389421925130895,65.15146516927084
90,421,9.822120438901294,0.010224847588685233,0.8979683031403835,66.92152267795139,0.032358045620729296,9.822120438901294,66.92152267795139
90,316,12.65706432546986,0.008636183336724076,0.8996197825878305,68.83604134114582,0.054573592504405015,12.65706432546986,68.83604134114582
90,236,16.286780038069587,0.08185887119063494,0.8993415046626556,71.65678331163194,0.01001092316485112,16.286780038069587,71.65678331163194
90,177,20.264991875920852,0.007944183639183238,0.9002751218186749,75.42111979166667,0.042325633393774195,20.264991875920852,75.42111979166667
90,133,25.54209162999571,0.6989288300478426,0.8989250584620043,85.97724126519097,12.425168091610775,25.54209162999571,85.97724126519097
90,137,25.92071898732401,0.010956465245186252,0.8970592039939653,78.57510382191572,1.2777140383000736,25.92071898732401,78.57510382191572
90,115,27.082060889717624,0.03746594855937241,0.9011243555656354,83.4992880859375,0.03280936967884201,27.082060889717624,83.4992880859375
90,100,28.305730652861303,0.019048750153859092,0.9008788262273656,86.28383843315972,0.034620069135596225,28.305730652861303,86.28383843315972
90,86,29.51987739863048,0.02686903801074078,0.900883984701066,92.02401236979169,0.19203936037076366,29.51987739863048,92.02401236979169
90,74,29.868276267075768,0.023434256557266005,0.9009235399054298,94.65054448784724,0.020735616134527245,29.868276267075768,94.65054448784724
90,70,29.938999984602713,0.012967008110624251,0.9008256006025689,96.48011436631946,1.8751908084158746,29.938999984602713,96.48011436631946
90,68,29.963306784934236,0.013981647739929519,0.9008944060496645,95.76180436197916,0.07641995009160535,29.963306784934236,95.76180436197916
90,65,30.013895476146406,0.011506841232995892,0.9008648397539316,96.32265668402778,0.008565370388479116,30.013895476146406,96.32265668402778
90,63,30.51552393657938,0.01183701631717861,0.9003854161450074,103.31586458333334,0.057443390836698346,30.51552393657938,103.31586458333334
90,60,30.570708149097953,0.006036202032357587,0.9002118045223603,104.93978233506944,0.0302462864328339,30.570708149097953,104.93978233506944
90,58,30.629609655892356,0.01404665274966541,0.8997960218382484,106.11030295138887,0.015400820922074331,30.629609655892356,106.11030295138887
90,55,30.67471197197068,0.020964996324215137,0.8997798149524426,107.3163021918403,0.023536331756808436,30.67471197197068,107.3163021918403
90,47,30.71895743601421,0.02630511374433316,0.8995575754197557,108.88941677517361,0.016787706317763013,30.71895743601421,108.88941677517361
90,41,30.910919193818877,0.2768784183909708,0.8997781422343744,115.65191062984589,17.008290042864108,30.910919193818877,115.65191062984589
90,37,30.698348530300915,0.0036162360345127764,0.898957603477482,110.11104112413194,0.05436417855566903,30.698348530300915,110.11104112413194
90,35,30.71191266486295,0.02120484111557886,0.898851743286075,110.27397417534723,0.0955896132657944,30.71191266486295,110.27397417534723
90,33,30.697797425507304,0.02407393908233206,0.8987337858535879,110.33598101128473,0.09838919936506425,30.697797425507304,110.33598101128473
90,32,30.69946376577077,0.02046921806196443,0.8986823299900865,110.40912988281251,0.10575852159764977,30.69946376577077,110.40912988281251
90,31,31.03365801522577,0.012753765861336789,0.8975070692561138,115.89469259982639,0.08185164920629927,31.03365801522577,115.89469259982639
90,29,31.222931984790815,0.0014085615065264447,0.8970378881910154,118.99650651041668,0.037656534459634086,31.222931984790815,118.99650651041668
90,28,31.244792754936956,0.008131962432634103,0.8969505661164199,119.28539594184026,0.02469219356369682,31.244792754936956,119.28539594184026
90,26,31.263191095693813,0.0038584199794559422,0.8964636053290075,119.74794932725695,0.03749801882890847,31.263191095693813,119.74794932725695
90,23,31.314776517655165,0.0032539675651634195,0.8967663513112134,120.4919545355903,0.13067572850489628,31.314776517655165,120.4919545355903
90,22,31.343003674453183,0.01644816777718277,0.8966760257521083,120.58976996527777,0.056023413882160096,31.343003674453183,120.58976996527777
90,20,32.01989280484607,0.011060515504848581,0.8967134454604623,134.32896126302083,0.0364568495689828,32.01989280484607,134.32896126302083
90,19,32.0651939279577,0.010216790615949828,0.8969481824610721,135.378474609375,0.03327694975724403,32.0651939279577,135.378474609375
90,17,32.16675081794941,0.018381116875250278,0.8968825713549506,136.957798828125,0.03947649509243367,32.16675081794941,136.957798828125
90,15,32.5721742572262,0.00908338430500214,0.8974361683469118,147.1571435546875,0.0657986931401916,32.5721742572262,147.1571435546875
90,14,32.82142165007181,0.016790474262189572,0.8979546905042559,154.41814507378473,0.03807035768289757,32.82142165007181,154.41814507378473
90,13,32.841822639159155,0.00533365656684419,0.8977039006897867,155.38724294704863,0.10574519157766583,32.841822639159155,155.38724294704863
90,11,33.2212237557342,0.010749427898525371,0.8984440836491402,169.49160687934025,0.02147309229003201,33.2212237557342,169.49160687934025
90,10,33.244163879934035,0.026996211361370242,0.8980960898509264,170.34617328559028,0.12966868146096638,33.244163879934035,170.34617328559028
90,7,33.30391225369778,0.0409099810905635,0.8959796547609317,177.67165407986113,0.08286180378260206,33.30391225369778,177.67165407986113
90,5,33.31395953022871,0.0007206400281310202,0.8956393121433083,182.67329199218747,0.3542152544214441,33.31395953022871,182.67329199218747
90,3,33.292321573487875,0.008044486391395263,0.8953197328478616,184.9363783637153,0.06017424194637572,33.292321573487875,184.9363783637153
90,1,33.31025300634696,0.0050646515243020955,0.8953550240317071,184.91859190538196,0.04354854130274225,33.31025300634696,184.91859190538196
90,0,33.30953578105895,0.009416544288034156,0.8955668364619808,185.0499226345486,0.059481090347831986,33.30953578105895,185.0499226345486
91,10000,0.45674822156576644,0.07152305902634791,0.9086443664696189,61.66768044704861,0.005444739357532068,0.45674822156576644,61.66768044704861
91,5623,0.714656247213052,0.00216320306498542,0.9123617904279886,61.65283072916666,0.0029379836060805515,0.714656247213052,61.65283072916666
91,1778,2.3857855786524014,0.0015447190249366976,0.9061571498085691,61.78823567708332,0.012953358916900307,2.3857855786524014,61.78823567708332
91,1333,3.583411754847854,0.07264195788488495,0.9062553700690938,68.75311243577862,10.783499027056969,3.583411754847854,68.75311243577862
91,1000,4.073469328233256,0.008276774747691935,0.9080796351839164,62.55048285590278,0.008998943598489921,4.073469328233256,62.55048285590278
91,562,6.949626299141376,0.01650234737695617,0.9097008595415724,64.6135349392361,0.053649696827579474,6.949626299141376,64.6135349392361
91,421,9.053064903670403,0.00795480696365598,0.9107321193141971,66.16436284722222,0.02404689231188243,9.053064903670403,66.16436284722222
91,316,11.711546269916104,0.006371014698188089,0.9122521662745374,68.08088932291666,0.13999078513010835,11.711546269916104,68.08088932291666
91,273,13.297102023532853,0.009591441327626687,0.9139560315592457,68.97057996961807,0.025647525547316294,13.297102023532853,68.97057996961807
91,253,14.225957912775032,0.055552523442096616,0.9127427422169215,69.56332552083333,0.02074814049943719,14.225957912775032,69.56332552083333
91,236,15.939156743835014,0.06428322623380181,0.9087920166638171,71.46527246712445,0.4294936830091735,15.939156743835014,71.46527246712445
91,219,15.981943581973136,0.01093518822466112,0.9142109474009716,71.59875227864582,0.8534851762968838,15.981943581973136,71.59875227864582
91,204,16.996251702233725,0.013793503111820064,0.913115012538842,76.38329524739584,7.449872013277124,16.996251702233725,76.38329524739584
91,190,17.90224498590541,0.034021704715150335,0.9142350679453338,72.9801484375,0.12240120625318077,17.90224498590541,72.9801484375
91,177,18.857936761862337,0.026283638557569343,0.9125946975172913,73.81161469184026,0.048385012950740776,18.857936761862337,73.81161469184026
91,164,19.9054990327356,0.02072594119590097,0.9136412388534247,74.66881521267361,0.053087240534772574,19.9054990327356,74.66881521267361
91,160,20.302671599377387,0.02847231817146001,0.9135238440760755,74.96112521701389,0.007102425820317011,20.302671599377387,74.96112521701389
91,158,20.47912330423364,0.018583613146311972,0.9139707034076792,75.12577039930555,0.038172620928448746,20.47912330423364,75.12577039930555
91,156,20.681668415040036,0.022023057551078695,0.9137578591100732,75.27093511284723,0.042862865584864046,20.681668415040036,75.27093511284723
91,155,20.74649050155882,0.05487082950961526,0.914077591840559,75.35836783854167,0.020572325629256902,20.74649050155882,75.35836783854167
91,142,22.103482207491826,0.012654606638614764,0.9134112714542107,76.54362662760416,0.050371929226562716,22.103482207491826,76.54362662760416
91,123,24.49380637453707,0.019200384581257713,0.9132850104051968,80.66349457465277,3.334125322488477,24.49380637453707,80.66349457465277
91,115,25.57150822735709,0.005849992597998267,0.9133592241414012,80.16714149305555,0.16889136369260416,25.57150822735709,80.16714149305555
91,107,26.584786097559746,0.03753420714276629,0.9130756253376134,81.53752322048611,0.0543341219912339,26.584786097559746,81.53752322048611
91,100,27.38030630540702,0.023035557016177884,0.9140360734508022,82.8487666015625,0.08282474939180809,27.38030630540702,82.8487666015625
91,86,29.035550957530614,0.059899492730300964,0.9137818716103797,87.77190288628474,0.2291839329012985,29.035550957530614,87.77190288628474
91,74,29.918407024417338,0.004222894476892585,0.9139621940875876,92.33384581163195,0.033816108191956365,29.918407024417338,92.33384581163195
91,63,30.541800612799932,0.013988766402488763,0.9135820988675074,99.58403331163196,0.03296136659397086,30.541800612799932,99.58403331163196
91,55,30.785983371271627,0.007917569200873258,0.9132292109871784,104.35427723524305,0.0793166121285972,30.785983371271627,104.35427723524305
91,47,30.833837143052747,0.009779233383544162,0.9130303541840566,106.14792903645832,0.08173853442665352,30.833837143052747,106.14792903645832
91,35,30.82988547031582,0.011700159518646619,0.9128240669129722,107.72914583333333,0.015152099492006839,30.82988547031582,107.72914583333333
91,31,31.208518280271786,0.012638232493941652,0.9116406827348739,113.2047062717014,0.05560285232793275,31.208518280271786,113.2047062717014
91,26,31.432831883397274,0.01852296688021321,0.9098445357931535,119.08941514756945,3.532570679152361,31.432831883397274,119.08941514756945
91,23,31.498031353166777,0.00885010501685877,0.9107567657278045,119.37289626736111,2.7529827231664905,31.498031353166777,119.37289626736111
91,22,31.514538478522777,0.002722323232670418,0.9107341654169477,118.06015635850694,0.053771718045473225,31.514538478522777,118.06015635850694
91,20,32.267513809884825,0.03134296787152634,0.9103854898250674,131.83555859375,0.058558460136495336,32.267513809884825,131.83555859375
91,17,32.09196902172679,0.5062536202311547,0.9105387990785262,134.1127273220486,0.12919571620430895,32.09196902172679,134.1127273220486
91,15,32.84816568630066,0.025931206890748088,0.9109365530671826,143.9841494140625,0.026477552169139544,32.84816568630066,143.9841494140625
91,14,33.053817609488654,0.005816308622112293,0.9112033752593418,151.36012901475695,0.15331030213817723,33.053817609488654,151.36012901475695
91,13,33.11750568874325,0.014334796770411995,0.9111824434506247,152.47098480902778,0.05310706356096563,33.11750568874325,152.47098480902778
91,11,33.463313207245356,0.008323668352882953,0.911557279458163,166.75319639756944,3.4589060650929113,33.463313207245356,166.75319639756944
91,10,33.536717598839,0.031146004371298174,0.9115342659481501,165.53826204427082,0.028761483231289617,33.536717598839,165.53826204427082
91,8,33.586749111396976,0.008921125254303152,0.9104385943476517,173.10165375434028,0.05555380094758269,33.586749111396976,173.10165375434028
91,7,33.59510710430287,0.009816892818791436,0.9100221314875997,173.74273849826386,0.04598633865692416,33.59510710430287,173.74273849826386
91,5,33.6504815172835,0.023397031402996534,0.9093757271632322,179.1546800130208,0.09124567068797136,33.6504815172835,179.1546800130208
91,3,33.64110280035,0.025074891377983206,0.9091445987341286,180.95396820746524,0.12673556068649372,33.64110280035,180.95396820746524
91,1,33.63129447934505,0.01132087426188001,0.9092038345794733,181.01007682291666,0.05495303441416895,33.63129447934505,181.01007682291666
91,0,33.615962881727235,0.026087985543197693,0.9092711266881247,181.30688009982637,0.03017987835270667,33.615962881727235,181.30688009982637
92,31622,0.14867400844553758,0.0006496231390968969,0.9187802218877454,61.74585590277778,0.034036661939417054,0.0,61.74585590277778
92,31622,0.14867400844553758,0.0006496231390968969,0.9187802218877454,61.74585590277778,0.034036661939417054,0.14867400844553758,61.74585590277778
92,10000,0.3898686232331574,0.002946958224219375,0.9233333777840625,61.70709906684028,0.022374042893847566,0.3898686232331574,61.70709906684028
92,3162,1.2505960660935111,0.0025723950632194578,0.9155008292357746,61.74197645399306,0.10888139470682581,1.2505960660935111,61.74197645399306
92,1778,2.1612149397761153,0.0023377621761949885,0.9178229921503004,61.77048166232638,0.009842738730797907,2.1612149397761153,61.77048166232638
92,1000,3.70639938484957,0.011027205493748738,0.9193729246759667,62.42967144097222,0.19173648493198256,3.70639938484957,62.42967144097222
92,749,4.846279331291988,0.013721292881880955,0.9207119943223679,62.99449685329861,0.032192392376742165,4.846279331291988,62.99449685329861
92,562,6.347585558995223,0.02408352574055182,0.9215473290920206,63.860029730902774,0.004299771976756448,6.347585558995223,63.860029730902774
92,421,8.283230317158962,0.028239442277041883,0.9219248956409949,65.40045421006944,0.03500644246909483,8.283230317158962,65.40045421006944
92,316,10.674368569360388,0.0042029203699908224,0.9235265783243124,67.02183181423611,0.07355197517710527,10.674368569360388,67.02183181423611
92,236,13.808877040349323,0.012447865416779625,0.9242883991080266,68.75498328993054,0.050970400527821653,13.808877040349323,68.75498328993054
92,177,17.54652722778786,,0.9245279370925943,71.8581677517361,0.06359733052616251,17.54652722778786,71.8581677517361
93,133,21.58460035506545,,0.9250803081353188,75.30721885850694,0.058887977035933126,21.58460035506545,75.30721885850694
93,115,23.88490482997035,0.037219581005156654,0.9261010796247042,77.153759765625,0.031533898275874675,23.88490482997035,77.153759765625
93,100,26.122147207105893,0.02199632401793856,0.9263709724220464,79.46417339409722,0.033715660536366696,26.122147207105893,79.46417339409722
93,97,26.548678531061473,0.011987039439704023,0.9261390711433563,80.05159874131944,0.03386626811383434,26.548678531061473,80.05159874131944
93,95,26.830961423189965,0.01660396350793867,0.9260932066124866,80.4082644314236,0.04791427398715885,26.830961423189965,80.4082644314236
93,90,28.487906593450912,0.00804721943185433,0.9269357419702514,83.51331716579861,0.041927654781927816,28.487906593450912,83.51331716579861
93,89,28.550501752952158,0.009444752296038745,0.9268540354784554,83.76315787760417,0.038896090978801715,28.550501752952158,83.76315787760417
93,88,28.61352511995712,0.013216582949697527,0.9270504128298273,83.91950911458333,0.06997188874904586,28.61352511995712,83.91950911458333
93,86,28.81851430428675,0.003977888687696433,0.9271024489802432,84.46802951388888,0.06479221077214303,28.81851430428675,84.46802951388888
93,93,28.93231344037206,0.005375520458816266,0.9275942867045677,84.58012000868057,0.02835179907557625,28.93231344037206,84.58012000868057
93,92,28.996743416275688,0.010310243805071043,0.9275810357595674,84.75934331597222,0.04912704243656052,28.996743416275688,84.75934331597222
93,74,29.81734684969071,0.015307507355563039,0.9282020071704751,88.51974327256944,0.05579034719346041,29.81734684969071,88.51974327256944
93,63,30.694009199476607,0.003996106166566764,0.9282047026391779,95.93443164062501,0.14384174819994727,30.694009199476607,95.93443164062501
93,55,30.94060997103769,0.02643221646311452,0.9275724046337714,100.34229383680555,0.2154062247559258,30.94060997103769,100.34229383680555
93,47,31.00535857646302,0.024682819470071175,0.9273108175253156,102.61077343750001,0.0379275628890533,31.00535857646302,102.61077343750001
93,37,31.020743511659457,0.020009813795447078,0.9273380595513211,104.492341796875,0.02230899201453969,31.020743511659457,104.492341796875
93,41,31.034411676447714,0.02620739874850842,0.9274110048254526,103.73723947482638,0.01637157922898911,31.034411676447714,103.73723947482638
93,35,31.06651985957981,0.014187369410438787,0.9271927345255063,105.28248361545138,0.015507555307472855,31.06651985957981,105.28248361545138
93,31,31.419906542823338,0.018470513168781632,0.9262986921057906,110.03414453124998,0.01774496833990563,31.419906542823338,110.03414453124998
93,26,31.668779292152003,0.001123490795787235,0.9251070942336193,113.99161664496529,0.05026902953604821,31.668779292152003,113.99161664496529
93,23,31.71793588763099,0.0007236287302050226,0.925075010734304,114.65924555121528,0.062397666998747756,31.71793588763099,114.65924555121528
93,20,32.57503565334463,0.0019139278577112529,0.926038972086824,127.7240402560764,0.04274651641278602,32.57503565334463,127.7240402560764
93,19,32.631269633396364,0.014131753608830086,0.9259110067955677,128.67594683159723,0.07858093318756072,32.631269633396364,128.67594683159723
93,17,32.721137403093685,0.013896227439260432,0.9257232042355309,129.98681966145833,0.0754564179342736,32.721137403093685,129.98681966145833
93,15,33.22674534268919,0.005865865859160558,0.9262365149193873,139.9247238498264,0.13585254834960064,33.22674534268919,139.9247238498264
93,14,33.491631342168944,0.005521680605257889,0.9268669122163664,146.88801269531248,0.23598194114734047,33.491631342168944,146.88801269531248
93,13,33.558279101860585,0.029450108087305093,0.9267483381282378,147.84655772569445,0.12039131820155871,33.558279101860585,147.84655772569445
93,11,33.93158681183607,0.002907367356017084,0.9268060297652517,159.69237109375,0.14081266772504666,33.93158681183607,159.69237109375
93,10,33.94418236397678,0.0025870857138097576,0.9266910541900933,160.13469650607638,0.1406298160255274,33.94418236397678,160.13469650607638
93,8,34.09455118816799,0.0058323921930414436,0.9257510395464151,170.151140625,3.430492376943731,34.09455118816799,170.151140625
93,7,34.035930913788384,0.09570187427592043,0.925496515560544,167.4601882595486,0.07226679643612445,34.035930913788384,167.4601882595486
93,5,34.18338820266906,0.020109340400912796,0.9256661430268003,172.53783376736112,0.014221559192845628,34.18338820266906,172.53783376736112
93,3,34.20799435188908,0.03831796677575759,0.9254684739953408,174.16816243489583,0.10337299560292552,34.20799435188908,174.16816243489583
93,1,34.19417513517202,0.0407391314750867,0.9257121124006448,174.95425086805554,0.21160945274281204,34.19417513517202,174.95425086805554
93,0,34.18242293320201,0.0036433767059892647,0.9257000420544207,174.99057161458333,0.32249543837244826,34.18242293320201,174.99057161458333
94,10000,0.4314168905350935,0.0010527359939723866,0.9379748781571403,61.70694194878471,0.017433064756433747,0.4314168905350935,61.70694194878471
94,3162,1.2937027003152184,0.0014080280178315999,0.9448501277062891,61.61808561197916,0.00646274011864729,1.2937027003152184,61.61808561197916
94,1000,3.430352973694011,0.00027280149760159906,0.9350639339703829,62.17583355034722,0.032325435457653,3.430352973694011,62.17583355034722
94,749,4.528082638825263,0.0492232946003307,0.9365794166320988,62.71324142795138,0.028818573152981135,4.528082638825263,62.71324142795138
94,562,6.550136906593139,0.752434230719627,0.9386341450548054,68.24247078047206,10.965077387136187,6.550136906593139,68.24247078047206
94,421,7.6503862845581665,0.00684619087831912,0.938716504100587,64.76153363715277,0.013667743114515239,7.6503862845581665,64.76153363715277
94,316,9.894330071593822,0.012795276129499114,0.9407574846002693,66.28794303385416,0.033316026341535174,9.894330071593822,66.28794303385416
94,236,12.773052294681953,0.004560575994153549,0.9426929672878438,67.70312825520834,0.04128414795288958,12.773052294681953,67.70312825520834
94,177,16.241589489385074,0.01833431593079932,0.9436901905695807,70.20964832899305,0.035523451080267124,16.241589489385074,70.20964832899305
94,133,20.11867290617624,0.021193512960039133,0.943800983594668,73.18333203125,0.011312485111199583,20.11867290617624,73.18333203125
94,115,22.327044657966294,0.013866908522976173,0.9432655999714266,74.87269672309029,0.03135948332147318,22.327044657966294,74.87269672309029
94,100,24.501848794810204,0.009011272817224551,0.9434584979297044,76.557576171875,0.043596795574647594,24.501848794810204,76.557576171875
94,95,25.30381675370911,0.03353300184933729,0.9439616994725496,77.21986903211807,0.023367099898733132,25.30381675370911,77.21986903211807
94,88,27.461521854852283,0.017161055741513196,0.9446221531539324,80.10784418402778,0.08589218372968127,27.461521854852283,80.10784418402778
94,86,27.706779578614903,0.001999405452303817,0.944600948792245,80.43897753906249,0.08617671542290785,27.706779578614903,80.43897753906249
94,92,28.03578589814067,0.005842182884766138,0.9444975561686976,80.55918988715278,0.07257958332067434,28.03578589814067,80.55918988715278
94,37,31.12922217331976,0.014392464968807072,0.9424034872978165,101.19273904079863,0.15049907542534355,31.12922217331976,101.19273904079863
94,35,31.15879745223414,0.051615333406749425,0.9420551954076135,101.50999707031251,0.12965208599915862,31.15879745223414,101.50999707031251
94,29,31.898285560158552,0.014120765196728426,0.9434993980848979,110.4864543185764,0.07995324411364706,31.898285560158552,110.4864543185764
94,26,31.935287078371534,0.010237940808504008,0.943323226779662,111.36275054253474,0.07242110717272511,31.935287078371534,111.36275054253474
94,28,31.95580031490525,0.016980095349625846,0.9427813301031289,111.23779578993056,0.5188842274886015,31.95580031490525,111.23779578993056
94,23,31.988306914647712,0.01328316186475829,0.9424980593838481,111.90583886718751,0.04810922948650913,31.988306914647712,111.90583886718751
94,22,32.016236447268035,0.004960592248838082,0.9424680751833662,112.08749403211804,0.05685717336566703,32.016236447268035,112.08749403211804
94,20,32.82384790327041,0.019843022221177942,0.9409426235065322,123.55783148871528,0.0711270001324007,32.82384790327041,123.55783148871528
94,19,32.88263235585789,0.009033236793839746,0.9412126259087127,124.350109375,0.11030431885945381,32.88263235585789,124.350109375
94,17,32.957999660918944,0.0127882608835837,0.9409760418387649,125.68051519097223,0.12474655263753666,32.957999660918944,125.68051519097223
94,15,33.51058101800314,0.01905857315704722,0.9410688679626587,134.47276356336806,0.20432662940587185,33.51058101800314,134.47276356336806
94,14,33.84004075625282,0.030365298006911918,0.9407725504861325,141.8816814236111,0.09467674265682076,33.84004075625282,141.8816814236111
94,13,33.912247520267236,0.01935371012871223,0.9410826334721453,143.04932649739584,0.1047682367112823,33.912247520267236,143.04932649739584
94,11,34.29919016221288,0.016332892480424913,0.9409134759315781,154.40786165364582,0.08971234769884177,34.29919016221288,154.40786165364582
94,10,34.29988200844778,0.011847674978815134,0.9406698308576603,155.14052734375,0.12386097403369183,34.29988200844778,155.14052734375
94,8,34.449429116742614,0.024825041729232774,0.9387132467476119,162.15727061631944,0.10147121092587583,34.449429116742614,162.15727061631944
94,7,34.48345638551379,0.019922892081476257,0.9402994461948143,161.70943543836805,0.24288257493246843,34.48345638551379,161.70943543836805
94,5,34.62231056224156,0.006911176122114034,0.9408082829510652,167.86657725694442,0.26597842722973697,34.62231056224156,167.86657725694442
94,3,34.623302173178836,0.003637144974568031,0.9407460053044296,169.34962380642364,0.05953472875660035,34.623302173178836,169.34962380642364
94,1,34.61377684371649,0.03909698321268333,0.9408603083982062,169.46960915798613,0.19862027039295807,34.61377684371649,169.46960915798613
94,0,34.65138475318856,0.0011877594423320371,0.9412708555065809,169.6668618706597,0.019128167242220266,34.65138475318856,169.6668618706597
96,3162,1.0825934175556409,0.001281183805231903,0.9603409623873654,61.69727745225694,0.02474007007285754,1.0825934175556409,61.69727745225694
96,1778,1.8748277315455761,0.005143687436433225,0.9620537101708844,61.68828526475695,0.003412376910426769,1.8748277315455761,61.68828526475695
96,1000,3.206702733425806,0.0050371147681791805,0.9638531843969281,62.28383246527778,0.4942367251681746,3.206702733425806,62.28383246527778
96,316,11.0975121129129,0.5323567540926563,0.9569913765432954,66.51242263454861,0.0360406315977706,11.0975121129129,66.51242263454861
96,236,14.10632499754396,0.36597517683267144,0.9575908726048531,72.00253870054746,10.634596149495875,14.10632499754396,72.00253870054746
96,177,17.682335638753244,0.32078708196305755,0.9599992925127023,84.03879394531249,15.185952479659619,17.682335638753244,84.03879394531249
96,133,21.394707339118867,0.012803151522923665,0.9579072067843922,73.0831691623264,0.09502540114068271,21.394707339118867,73.0831691623264
96,100,24.397028336126162,1.8099437844242143,0.960915958562975,76.13289084201388,0.030705141914140296,24.397028336126162,76.13289084201388
96,86,27.73966656892586,0.008545074115972448,0.959034001621665,78.77549327256945,0.09741044490793575,27.73966656892586,78.77549327256945
96,79,28.571712217685988,0.011349679050044668,0.958806863700512,80.40996831597222,0.05593859779074908,28.571712217685988,80.40996831597222
96,74,29.90508044261301,0.03087296372281492,0.9606480445779247,83.69971929253472,0.08322859925825797,29.90508044261301,83.69971929253472
96,70,30.079156080791098,0.01865610443699816,0.9607043031689474,84.45052126736111,0.03204373734762383,30.079156080791098,84.45052126736111
96,68,30.18700303622549,0.013461498994035008,0.960579436135963,84.90138682725694,0.13489430138201328,30.18700303622549,84.90138682725694
96,65,30.260155591633165,0.012461948419967422,0.9607761488226799,85.33474848090277,0.04214206519982524,30.260155591633165,85.33474848090277
96,63,30.829165720585404,0.024023324917897094,0.960582514701767,89.73991232638888,0.05973070510068698,30.829165720585404,89.73991232638888
96,58,31.02310616007054,0.04078523368277636,0.9604618153333604,92.42346321614583,0.1787348627704321,31.02310616007054,92.42346321614583
96,55,31.12249707985251,0.005637439964888436,0.9606146643335847,93.3279294704861,0.036806565750152384,31.12249707985251,93.3279294704861
96,47,31.297738970922733,0.004740169803076803,0.9602458725253719,95.8299736328125,0.022697047491961993,31.297738970922733,95.8299736328125
96,41,31.37349377396286,0.016073728755807853,0.9603128112932829,96.77218815104168,0.03535295117127687,31.37349377396286,96.77218815104168
96,37,31.410124959005937,0.02334001333185045,0.9599720207408443,97.86327094184027,0.05651917047425991,31.410124959005937,97.86327094184027
96,35,31.439115007960243,0.033163710775248295,0.9598794774768518,98.18992545572917,0.049295669510301725,31.439115007960243,98.18992545572917
96,33,31.472637543904785,0.031431813237159635,0.9598778185168441,98.51890549045139,0.04517452900050366,31.472637543904785,98.51890549045139
96,32,31.457742952716597,0.024216164744633027,0.9599232436777676,98.74246343315973,0.0774880362353977,31.457742952716597,98.74246343315973
96,31,31.93043568343369,0.015128082101327387,0.9591567999042799,104.63368760850695,0.025786898816452984,31.93043568343369,104.63368760850695
96,29,32.126090386959106,0.011697808023051032,0.9585049922354778,107.14849576822917,0.050907681777990474,32.126090386959106,107.14849576822917
96,28,32.15353084185889,0.019269461384088686,0.957973107242451,107.55405381944445,0.09514799899946672,32.15353084185889,107.55405381944445
96,26,32.21826475514734,0.023154056173569033,0.9581149162982849,108.09613368055555,0.03033870346673665,32.21826475514734,108.09613368055555
96,23,32.26646028703052,0.005721095764697593,0.9576141292885453,108.77646831597222,0.060597464037122906,32.26646028703052,108.77646831597222
96,22,32.27931086005875,0.006957944743278062,0.9577079887212055,108.81300075954861,0.024206647962718424,32.27931086005875,108.81300075954861
96,20,33.209775716406746,0.010314164164384597,0.9566974441651831,120.42875748697917,0.03617675471942111,33.209775716406746,120.42875748697917
96,19,33.2427766883033,0.09259965737651878,0.9569331352592586,121.29000889756945,0.10589133612947127,33.2427766883033,121.29000889756945
96,17,33.374414958298,0.004701425649455785,0.9567365872705373,122.67522547743056,0.039208228184208854,33.374414958298,122.67522547743056
96,15,34.08874783475825,0.22715028814215418,0.9585107349026201,131.8159545355903,0.025472552729187175,34.08874783475825,131.8159545355903
96,14,34.2844024948023,0.015405749116631133,0.9575014433316241,138.4094826388889,0.03885196328458721,34.2844024948023,138.4094826388889
96,13,34.30734001770468,0.023305572059801136,0.9572772003526584,139.3285041232639,0.12923095717558636,34.30734001770468,139.3285041232639
96,11,34.788587918271496,0.014256061462738086,0.9577140650477048,149.86677148437502,0.10671814352557452,34.788587918271496,149.86677148437502
96,10,34.82691816737911,0.00825240130969459,0.9577104251654877,150.7182886284722,0.0829546669446301,34.82691816737911,150.7182886284722
96,8,35.017642848209796,0.0067097032161954,0.9576770812237897,156.4938491753472,0.08332595429960149,35.017642848209796,156.4938491753472
96,7,35.002006509325966,0.027685531323444992,0.9568423298710858,156.89694986979168,0.12536233118555318,35.002006509325966,156.89694986979168
96,5,35.2206651008463,0.035357566541771766,0.9605447313913039,163.84586631944444,1.105109746175094,35.2206651008463,163.84586631944444
96,3,35.218739261047595,0.028849273332117127,0.9613398002540524,164.72849376085068,1.0962159056617191,35.218739261047595,164.72849376085068
96,1,35.21931281768037,0.02569688563048477,0.961342934349446,165.01804226345484,0.9200432056593704,35.21931281768037,165.01804226345484
96,0,35.2261809139654,0.022938324185835537,0.9613276466847086,165.27081532118055,0.9665989254892956,35.2261809139654,165.27081532118055
97,10000,0.411189183336541,,0.9657264781124538,61.87824880642361,0.21723755029079608,0.411189183336541,61.87824880642361
97,562,5.470975671636513,0.008946789743695338,0.965789285040039,63.23801714409722,0.015724666048695525,5.470975671636513,63.23801714409722
97,316,9.642855998069342,0.7589401358902985,0.9688110766524781,65.612921875,0.014188552451443999,9.642855998069342,65.612921875
97,236,11.94473495244913,0.001654519780743323,0.9680186318210938,66.81073502604166,0.13369738239161127,11.94473495244913,66.81073502604166
97,177,15.279546721963646,0.022924188196804803,0.9685420893372041,68.64642252604166,0.0048807333789621585,15.279546721963646,68.64642252604166
97,133,20.461621672388922,1.6377071788080826,0.9672400866178642,74.9174193531206,9.411084069126895,20.461621672388922,74.9174193531206
97,100,23.021232074360807,0.31358264124585705,0.9683726696745921,80.36623102131212,16.78106728299423,23.021232074360807,80.36623102131212
97,115,23.491923547884994,0.2790088951528068,0.9683607063052468,79.10059154247124,12.513488064896235,23.491923547884994,79.10059154247124
97,97,24.382962345585522,1.0255736113227276,0.9699054036392714,73.97644281684028,0.02144836932777172,24.382962345585522,73.97644281684028
97,107,24.907512026452313,0.13737913897694448,0.9687468787658503,89.16293912760416,16.752756332721372,24.907512026452313,89.16293912760416
97,95,24.962337377502212,1.4058304922769198,0.9689246112594392,84.30719426747373,16.115655271727366,24.962337377502212,84.30719426747373
97,90,25.48155256672173,0.0180656030376711,0.9685720217714179,75.50205946180556,0.04020395598931252,25.48155256672173,75.50205946180556
97,89,26.58806369610978,1.8485626542234561,0.9683434227242028,78.32895700422701,7.073110744403987,26.58806369610978,78.32895700422701
97,82,26.591637671374666,0.005687930611117469,0.9688092755672324,76.60074153645833,0.004543490064237044,26.591637671374666,76.60074153645833
97,86,26.991544176456017,1.1775889931157284,0.9693619506388178,76.07264995659722,0.02582461497196269,26.991544176456017,76.07264995659722
97,92,27.34140529742591,0.023304477661385783,0.9687976402658932,77.25362456597223,0.012301696932064366,27.34140529742591,77.25362456597223
97,76,27.559246572470332,0.012520290612556693,0.9689541300546279,77.87264756944444,0.08956554895416656,27.559246572470332,77.87264756944444
97,79,28.391658346051184,1.6017629438770156,0.9695314671812618,77.34877094184027,0.009352077238504604,28.391658346051184,77.34877094184027
97,71,29.659968086949238,0.0016636210623852325,0.9691349497090869,81.6962575954861,0.030307593551486014,29.659968086949238,81.6962575954861
97,70,29.719437426304466,0.00889596440562597,0.9691180104029625,81.88359288194444,0.03454561608107809,29.719437426304466,81.88359288194444
97,68,29.8523009507603,0.022246471166621172,0.9692146351967486,82.41570442708333,0.09034334234503659,29.8523009507603,82.41570442708333
97,63,30.896683460846074,0.6868613253378566,0.9710047938900286,92.30907488487372,12.21937908984848,30.896683460846074,92.30907488487372
97,55,31.391412107565976,0.6876534903354447,0.9706313007977755,94.86297210015381,15.413378289417288,31.391412107565976,94.86297210015381
97,47,31.396298474393983,0.349839051238498,0.970883887009184,92.6177861328125,0.17236715824283017,31.396298474393983,92.6177861328125
97,41,31.746847986583248,0.5661736539845112,0.9712460819032561,101.44220556640624,10.677829043559944,31.746847986583248,101.44220556640624
97,37,31.928331743802904,0.007064657007756249,0.973604448425648,109.35523513454864,16.989401341351535,31.928331743802904,109.35523513454864
97,35,31.774508219533924,0.6129306453979632,0.9710505992737479,110.36055474175346,13.666856889713067,31.774508219533924,110.36055474175346
97,31,32.245602774399664,0.3276165056505651,0.9706090974698597,102.17946137152778,0.03257038491758261,32.245602774399664,102.17946137152778
97,26,32.5722700878096,0.31503880651919447,0.9705064573845952,103.9931431061259,3.1432390221935482,32.5722700878096,103.9931431061259
97,23,32.44679225144318,0.002682779532609898,0.9678753291322552,106.8375148654514,0.0860430836197326,32.44679225144318,106.8375148654514
97,22,32.65948108262879,0.35293446129294986,0.9695363074964112,114.28728010709733,16.255710319878435,32.65948108262879,114.28728010709733
97,20,33.47710560454341,0.00823059447707344,0.9671049795597924,119.39056163194444,0.2116487668612036,33.47710560454341,119.39056163194444
97,19,33.56979610044909,0.012276521553580222,0.9667677334558392,120.46112977430556,0.019565220079600643,33.56979610044909,120.46112977430556
97,17,33.99061138560142,0.37953290173620735,0.9705243115047576,126.69954296875001,6.9490678999822935,33.99061138560142,126.69954296875001
97,15,34.24864871346165,0.0095356532623481,0.9661482310577494,132.8483644748264,0.06867613693807217,34.24864871346165,132.8483644748264
97,14,34.549027905780584,0.042691424170920436,0.9658504778664092,140.7423076171875,0.11573768316614248,34.549027905780584,140.7423076171875
97,13,34.61809157884135,0.04290666683826661,0.9658003072528883,142.3387260199653,0.18321503410968185,34.61809157884135,142.3387260199653
97,11,34.96765544149786,0.010254361244082931,0.9655330527320741,153.2658699001736,0.17914691082828446,34.96765544149786,153.2658699001736
97,10,35.408985333513456,0.6369495900562628,0.9690281799838114,154.61152918836805,9.266371016855087,35.408985333513456,154.61152918836805
97,8,35.114948828534814,0.013200146116469339,0.9651597437982099,159.14796148003472,0.08752392571713584,35.114948828534814,159.14796148003472
97,7,35.12087229897053,0.021078689667456157,0.9651876998676197,160.42039453125,1.6729030497865636,35.12087229897053,160.42039453125
98,123,23.12804112937544,,0.984521332700228,85.08678281083634,23.916996387016525,23.12804112937544,85.08678281083634
98,97,26.567920864700294,,0.9827084959452629,82.89926608936095,17.748847250165586,26.567920864700294,82.89926608936095
98,92,29.082364442427462,0.7419361642774877,0.9791654963858446,83.03057372784247,12.517575239793391,29.082364442427462,83.03057372784247
98,47,31.654900176926013,,0.9753016183349331,92.44247679773838,4.52232199528054,31.654900176926013,92.44247679773838
98,13,35.38659508353778,0.4071994130417099,0.9753864265958218,134.14782161458334,10.210564533382872,35.38659508353778,134.14782161458334
98,7,35.86582092366311,0.36155972321060065,0.9754196126485023,150.4533148871528,11.513483149218114,35.86582092366311,150.4533148871528
98,5,35.93693286867022,0.29558667042555253,0.9758622047773376,173.44334646267362,13.333880347773293,35.93693286867022,173.44334646267362
98,3,36.27092014415799,0.3772851706747276,0.9756653563340038,178.43268576388888,8.148034401476556,36.27092014415799,178.43268576388888
98,8,36.454743218539164,1.1721944016216794,0.9768691342085098,142.91282880834652,17.44126843851979,36.454743218539164,142.91282880834652
98,1,37.22809351613522,,0.9826209934738547,161.78942634074318,49.61719866497648,37.22809351613522,161.78942634074318
100,1778,1.9487744850328983,0.04525976694659777,0.9970117565452248,63.25439919704862,1.252166062886604,0.0,63.25439919704862
100,1778,1.9487744850328983,0.04525976694659777,0.9970117565452248,63.25439919704862,1.252166062886604,1.9487744850328983,63.25439919704862
100,1000,3.373463409312407,0.024646972571296902,0.9971025478273111,63.09865310329861,1.5823286051041787,3.373463409312407,63.09865310329861
100,562,5.638952940968487,0.043011483923515455,0.9991630411039742,63.695182400173614,0.43927946917429866,5.638952940968487,63.695182400173614
100,421,7.3376501559169744,0.006696034165860876,0.9994075385070188,65.47884526909722,0.77758099937371,7.3376501559169744,65.47884526909722
100,316,9.470266493500214,0.032774643674346945,0.99950991181719,66.21234993489584,0.9860183975362172,9.470266493500214,66.21234993489584
100,236,12.27038060829203,0.11745849322423067,0.9985888805922715,66.60634407552082,1.000237809122153,12.27038060829203,66.60634407552082
100,177,15.329828726330739,0.0643561727676327,0.9996868679771221,68.64253157552083,1.6942760059840694,15.329828726330739,68.64253157552083
100,133,19.016975479702307,0.199901962681646,0.9985960656118783,69.71958539496528,0.9895000836344373,19.016975479702307,69.71958539496528
100,115,20.910195239220542,0.16349772920798572,0.9991669907678647,70.53587098524305,0.749553407835099,20.910195239220542,70.53587098524305
100,100,22.83922227441556,0.15136843537101502,0.9996794533642466,70.62471842447917,0.043641559860778785,22.83922227441556,70.62471842447917
100,97,23.61268530608311,0.4334276006410092,0.999119039118891,72.04314615885416,0.6081392434021485,23.61268530608311,72.04314615885416
100,95,23.878342201699017,0.04863344205208331,0.9992771223739659,72.3759658203125,0.9879141621277274,23.878342201699017,72.3759658203125
100,90,26.263911012147343,0.04908321098553005,0.9994186695701849,72.59714388020832,0.09957778211414628,26.263911012147343,72.59714388020832
100,88,26.33184959936213,0.13593233611723055,0.9994346461736524,73.66207302517363,0.08896705788009213,26.33184959936213,73.66207302517363
100,89,26.401416140013442,0.27049782816453305,0.9992406836895471,73.11061176215277,0.8413895191710813,26.401416140013442,73.11061176215277
100,86,26.800627205955703,0.16286647010130942,0.9993077410126642,74.17082139756944,1.8721119440564136,26.800627205955703,74.17082139756944
100,92,27.968247560052532,0.24450200719402648,0.999457262031838,75.17099175347222,1.6945667695045157,27.968247560052532,75.17099175347222
100,74,29.551682932429674,0.10555818021326994,0.9987376540907483,78.2686716579861,1.5714467444777824,29.551682932429674,78.2686716579861
100,63,30.7305292232611,0.035898889298566876,0.9994027753167715,80.47104047309028,0.5551582451299019,30.7305292232611,80.47104047309028
100,55,31.30474900817954,0.02999127891256962,0.9989214451143346,86.42833919270834,1.6022072955929811,31.30474900817954,86.42833919270834
100,47,31.549546570684527,0.020796274126773196,0.9993599008066943,87.89168109809027,0.9460686863362826,31.549546570684527,87.89168109809027
100,41,31.59790102704305,0.2101298186521929,0.9995009885859828,91.15043934461806,3.141876598658513,31.59790102704305,91.15043934461806
100,37,31.884292153086648,0.02903435930322039,0.9992277283719654,92.29373817274306,1.877347928620025,31.884292153086648,92.29373817274306
100,35,32.013112147429965,0.036760939725015256,0.9995615843192197,92.51248307291667,2.3109775336593517,32.013112147429965,92.51248307291667
100,33,32.04607719509688,0.0268128622038059,0.9993844116315692,91.74728179253471,1.3051724830789726,32.04607719509688,91.74728179253471
100,32,32.073655422551944,0.011909449647985538,0.9996787874131038,91.53739594184027,0.4160343042912437,32.073655422551944,91.53739594184027
100,31,32.318203731305694,0.028767741190688995,0.998764607932597,98.34692849392361,1.4104770939084719,32.318203731305694,98.34692849392361
100,29,32.489122311383845,0.026073432084994245,0.999271955635718,101.24566710069445,0.9483828874454007,32.489122311383845,101.24566710069445
100,28,32.52066416800219,0.0882363757092334,0.9993444732605287,101.42945659722223,1.1817567752326292,32.52066416800219,101.42945659722223
100,26,32.67148320959561,0.033467083818658705,0.99924896746383,101.92721223958334,1.787242938269317,32.67148320959561,101.92721223958334
100,23,32.859605338417026,0.03339633799303016,0.9991588974916099,101.74452105034725,1.5495280630215993,32.859605338417026,101.74452105034725
100,22,33.12163772667409,0.3039105086807476,0.9993384935669907,103.23545258246527,2.216719594238291,33.12163772667409,103.23545258246527
100,20,34.030062949215356,0.06718871037904496,0.9991956475145987,106.49052115885416,2.0433749660586096,34.030062949215356,106.49052115885416
100,19,34.21378400607674,0.06652663253674079,0.9991782003470341,106.61809082031247,0.7063110018260049,34.21378400607674,106.61809082031247
100,17,34.47690617588817,0.0399329513720594,0.9989840946665863,109.09705360243056,1.3714772124444359,34.47690617588817,109.09705360243056
100,15,35.29797137395057,0.0071147999724882355,0.9993839249231281,112.58270562065972,0.8066133842244871,35.29797137395057,112.58270562065972
100,14,35.63363951005496,0.0253351790643899,0.9988999883203057,116.70923632812499,0.8415275604820577,35.63363951005496,116.70923632812499
100,13,35.7214467282087,0.0396616681672886,0.9991091299278123,117.81912109374998,1.728401184657114,35.7214467282087,117.81912109374998
100,11,36.30527130676536,0.006122406729782049,0.9992367292307017,123.1083669704861,1.5237381418944227,36.30527130676536,123.1083669704861
100,10,36.293120435077526,0.008220342090424243,0.9995781083567232,121.63997233072917,0.05444609333976423,36.293120435077526,121.63997233072917
100,8,36.67934335105492,0.10255126316505982,0.9992807710496724,127.84154969618056,0.17699898903301023,36.67934335105492,127.84154969618056
100,7,36.99996695302631,0.23816562437902286,0.9988311153213045,131.37796050347222,0.5525703989021788,36.99996695302631,131.37796050347222
100,5,37.395407110269836,0.04521795371075819,0.9995269986181556,135.9789006076389,0.751546964554811,37.395407110269836,135.9789006076389
100,3,37.4348872704748,0.038003974887264216,0.9994615276751416,137.07776985677083,0.3741436324347955,37.4348872704748,137.07776985677083
100,1,37.42306460178862,0.02864694465272033,0.9995768507103997,137.4481911892361,0.07633839950266633,37.42306460178862,137.4481911892361
100,0,37.499755462153544,0.059642809651579594,0.9995509970366245,138.60952897135417,1.2212327531844136,37.499755462153544,138.60952897135417
