read_pct_rounded,pause,bandwidth_mean,bandwidth_std,rd_percentage_actual_mean,latency_mean,latency_std,bandwidth_smooth,latency_smooth
51,12800000,0.9345761166222224,0.01678900063083523,0.5114905908490579,112.35171572321524,0.47163736695032604,0.9345761166222224,112.35171572321524
51,6400000,0.9552582138011696,0.026716623074131106,0.5139329437492639,112.4482179268284,0.5046366048634007,0.9552582138011696,112.4482179268284
51,3200000,1.0265142044444444,0.013536847902556444,0.5138004582140933,112.3763517561639,0.4893317083143606,1.0265142044444444,112.3763517561639
51,400000,1.3833512533333334,,0.5142641814837599,112.41976661296091,0.3056600084961406,1.3833512533333334,112.41976661296091
51,600,227.9378193777778,0.4378740760855371,0.5141824914691558,133.8777320251078,0.13875564146508104,227.9378193777778,133.8777320251078
51,550,247.24573134222223,0.12615229681523984,0.5133191203773072,136.40476805815106,0.056328742874718854,247.24573134222223,136.40476805815106
51,450,296.02764565333337,0.36748916447102115,0.5120315278586571,145.15858022555236,0.5342096060929041,296.02764565333337,145.15858022555236
51,380,346.2936139377778,0.2959796407533273,0.5126726541468652,156.06859890293103,0.1746023428159119,346.2936139377778,156.06859890293103
51,220,561.1180201955557,1.518419264302436,0.5123982935080269,254.44381119490913,0.4836431697592796,561.1180201955557,254.44381119490913
51,200,593.7747802311111,0.7987545830077775,0.5130947918362446,274.45951041596857,0.5630966467664332,593.7747802311111,274.45951041596857
51,180,631.2394302577778,2.1225060073417485,0.5121721439674672,317.750790049173,0.6705253150180193,631.2394302577778,317.750790049173
51,160,648.9456388266667,1.2074394043413215,0.5110258189806393,353.3561078417667,0.300592266726631,648.9456388266667,353.3561078417667
51,140,655.5029264355557,0.788543820394306,0.5096372119894804,376.82815500137366,0.6371843560620718,655.5029264355557,376.82815500137366
51,120,659.8926899911112,2.3131953236869287,0.5086647672896175,395.43206379626764,0.20037134407407878,659.8926899911112,395.43206379626764
51,100,659.48358048,0.41931668885253387,0.5091986773425724,401.409208379522,0.6747194335644039,659.48358048,401.409208379522
51,90,659.4366690844445,0.5496744439840366,0.510010425900408,409.7754022067343,6.988084676465762,659.4366690844445,409.7754022067343
51,80,659.086279608889,0.9665292933182108,0.5087877280495657,409.8087184568369,9.595501482736834,659.086279608889,409.8087184568369
51,70,658.4925857066667,1.293591594283915,0.5095094874494734,420.54917618659493,0.5664668958849174,658.4925857066667,420.54917618659493
51,65,659.5979190755556,0.4617071638651821,0.5104717266791693,420.999006694651,0.8280052960454247,659.5979190755556,420.999006694651
51,60,659.6333809066667,1.1426999404104123,0.5100247699950939,423.46046760331956,0.3693735860068922,659.6333809066667,423.46046760331956
51,55,658.3567839288888,0.44486455025124455,0.5094261232508163,423.93990258740627,1.661124504755639,658.3567839288888,423.93990258740627
51,50,659.0282099911111,0.4105563968142753,0.5083990802231373,424.50153267785595,0.1760011218935828,659.0282099911111,424.50153267785595
51,45,657.9057600000001,0.8356806485951354,0.5075202377170713,426.1298145079422,0.46600915191367304,657.9057600000001,426.1298145079422
51,40,658.3484942222223,0.3030239431870173,0.5082385584210477,428.3859739252289,0.6809378086461474,658.3484942222223,428.3859739252289
51,35,658.2556811733333,0.6381198545420093,0.5059375387577376,429.25885024384723,0.9858331852871955,658.2556811733333,429.25885024384723
51,30,658.2354096355556,0.21249166391795565,0.505931496112407,436.8752008374747,0.4504635418425751,658.2354096355556,436.8752008374747
51,10,644.5800249600001,0.6011447179112727,0.5141071995369927,375.4998360004519,0.22915307740098964,644.5800249600001,375.4998360004519
51,5,645.6824977066667,0.39797330205165593,0.5143044624580507,376.0459578012772,0.7668492776390675,645.6824977066667,376.0459578012772
51,0,645.8308829866667,1.1299373116811902,0.5144106975592584,377.0751472661279,0.729374380621574,645.8308829866667,377.0751472661279
52,6400000,0.9564763911111113,0.018925750238154328,0.5166930720593733,112.36709375164034,0.46123015518697524,0.9564763911111113,112.36709375164034
52,3200000,0.9852185274074076,0.02131482046499081,0.5200685551373917,112.41685429908533,0.5046737750654166,0.9852185274074076,112.41685429908533
52,1600000,1.0335903407407407,0.021158663006125043,0.5229013480694982,112.38534195186045,0.5329824101134776,1.0335903407407407,112.38534195186045
52,800000,1.1321874986666667,0.026317662595355364,0.5224091006365905,112.56821791405245,0.7687686667056864,1.1321874986666667,112.56821791405245
52,400000,1.3491669866666667,0.03462623680480689,0.5206231551008582,112.77850034025379,0.558884061888779,1.3491669866666667,112.77850034025379
52,200000,1.753511850666667,0.03837269181207381,0.5196331170384588,112.83319155424526,0.6460160750762733,1.753511850666667,112.83319155424526
52,100000,2.5126045155555556,0.036407310813661845,0.5186729101782234,112.32364718616178,0.4248081949830351,2.5126045155555556,112.32364718616178
52,40000,4.800387911111112,0.060959196024919136,0.5191849695456899,112.74971613967811,0.3459919216719411,4.800387911111112,112.74971613967811
52,5000,30.455024426666668,0.04140713228312838,0.5193967400710027,114.8173477089094,0.8191561039379831,30.455024426666668,114.8173477089094
52,3000,49.32387747555555,0.08679779811313935,0.5229854335829608,115.894805950655,0.7535980867133143,49.32387747555555,115.894805950655
52,2000,73.73458460444446,0.20090756290142336,0.519746726472663,117.50427172579293,0.461675368049133,73.73458460444446,117.50427172579293
52,1500,96.81472312888889,0.14949251416401668,0.5208586107499181,119.23598151044604,0.5357735873509079,96.81472312888889,119.23598151044604
52,1000,141.9914859377778,0.115815851722184,0.5182269708430874,123.28749695896084,0.12117284146248737,141.9914859377778,123.28749695896084
52,900,156.5579812266667,0.15002984403304281,0.517271819807824,124.9229276294188,0.21582015426418963,156.5579812266667,124.9229276294188
52,800,175.12915555555557,0.26154860757797777,0.5163841749280449,126.6807284780025,0.09352279388943707,175.12915555555557,126.6807284780025
52,700,198.03941340444445,0.22457470717893976,0.515380586957536,129.5376047495711,0.1666489891914368,198.03941340444445,129.5376047495711
52,550,248.53905443555558,0.2610530757323698,0.5245371775672306,136.282115678924,0.43469047489136453,248.53905443555558,136.282115678924
52,450,298.0880584533334,0.47992751067911843,0.5232363108065144,144.64973229606616,0.3255205012199617,298.0880584533334,144.64973229606616
52,380,349.2489274311111,0.16942883975608225,0.5246485541821925,156.3765052393112,0.19376238077109917,349.2489274311111,156.3765052393112
52,340,386.13461169777776,0.3615645973305359,0.5165480443164955,168.86709470772675,0.3500969119216893,386.13461169777776,168.86709470772675
52,300,437.4391253333333,0.23582874914139929,0.523159835532032,191.00705360140577,1.4646673177711533,437.4391253333333,191.00705360140577
52,220,562.1261968355556,0.6032291266020158,0.5226396859555682,252.7081349782891,0.9912942667060151,562.1261968355556,252.7081349782891
52,180,646.55660864,0.5974925296225578,0.5242784142022477,346.53295463809417,0.3898574514738474,646.55660864,346.53295463809417
52,160,654.8775037866667,1.4914439923636682,0.5226924269786539,374.647730325652,0.3332975886247232,654.8775037866667,374.647730325652
52,140,659.1355799466668,0.9328322316861977,0.5209153305378263,394.0963301898676,0.9170359890447329,659.1355799466668,394.0963301898676
52,120,659.9377665422222,0.5221987486546339,0.5183386794408471,406.8038914858084,0.7964447336083597,659.9377665422222,406.8038914858084
52,100,660.6388125866667,0.08766253553578351,0.515377911975238,413.40183525562816,0.4783886312563299,660.6388125866667,413.40183525562816
52,55,661.6155449600001,0.4364564274063242,0.5248009801539427,422.83816211996924,0.7428872995900977,661.6155449600001,422.83816211996924
52,50,660.8610730666668,0.5292701121458421,0.524279605390395,419.0003911977672,0.7387627630650114,660.8610730666668,419.0003911977672
52,45,659.7046870755556,0.1263339871248022,0.523374913414932,415.49539558747193,1.3217209580098472,659.7046870755556,415.49539558747193
52,35,658.9883377066668,0.1969743310816915,0.5240391951789105,413.9527014358696,0.6706960438024614,658.9883377066668,413.9527014358696
52,30,656.4301426488889,1.5345499917509582,0.5213631526805741,406.3182700885216,0.47808420618860803,656.4301426488889,406.3182700885216
52,25,654.4031388444445,0.9814844042523431,0.519858049821705,401.1465629662082,0.8593427776806114,654.4031388444445,401.1465629662082
52,20,652.4121682488889,1.5138025008703746,0.5210763191402751,393.4715073742812,4.164677513017653,652.4121682488889,393.4715073742812
52,15,649.8926569244444,2.307018543218936,0.520011099134869,387.5795693593222,5.6273081338499065,649.8926569244444,387.5795693593222
52,10,649.5806590577778,0.21329999361417495,0.5229795038510567,387.3249902278065,0.8532717050405574,649.5806590577778,387.3249902278065
52,5,650.4729949866668,0.8065540070736057,0.5225037924741215,389.9709859809096,1.31146156250227,650.4729949866668,389.9709859809096
52,0,650.0698388622222,0.382311928773571,0.5225232405799111,387.9415745656659,0.25577817089141075,650.0698388622222,387.9415745656659
53,3200000,1.01555424,0.011244058003521809,0.5266671768252315,112.88613687566529,0.4244648774523285,1.01555424,112.88613687566529
53,1600000,1.0345417654982818,0.019998699495426053,0.5285148266353225,112.45665728774723,0.49646115051819867,1.0345417654982818,112.45665728774723
53,800000,1.145036751111111,0.024341541823645344,0.5310546918194676,112.51934983173565,0.3731053190396775,1.145036751111111,112.51934983173565
53,400000,1.350629824,0.023460036430096243,0.5308209127273331,112.62135771174006,0.3579558848804758,1.350629824,112.62135771174006
53,200000,1.7471360711111112,0.03660877322712022,0.5319689723842386,113.0183067320238,0.7795141230885771,1.7471360711111112,113.0183067320238
53,5000,30.71869447111111,0.06549030212810085,0.5331662629803456,114.24304670691839,0.17708450676762982,30.71869447111111,114.24304670691839
53,3000,49.82212878222222,0.10657163055430273,0.5327706545123422,115.82126746300908,0.4367808326422348,49.82212878222222,115.82126746300908
53,2000,73.78452785777779,0.11272257010155086,0.5298526079640914,117.58660310565641,0.3919412104594286,73.78452785777779,117.58660310565641
53,1500,97.29504014222222,0.02069535470686174,0.5304290176998246,119.43838689202987,0.7969630836907666,97.29504014222222,119.43838689202987
53,1000,142.6571134577778,0.04913189976154804,0.5289310973390903,122.95585829705742,0.3913792381472331,142.6571134577778,122.95585829705742
53,900,157.56579221333334,0.1151310070837811,0.5279260642547577,124.18683897190472,0.09727029851426951,157.56579221333334,124.18683897190472
53,800,175.86769002666668,0.23645270143571906,0.5270075221759819,126.775315241945,0.05899950387959686,175.86769002666668,126.775315241945
53,700,199.0708733155556,0.2281601359534768,0.5265587040332319,129.5936215703873,0.33805400434093774,199.0708733155556,129.5936215703873
53,600,229.69571541333335,0.18521516365820984,0.5251396611988586,133.55133591219024,0.4632162462316657,229.69571541333335,133.55133591219024
53,340,390.1469712355556,0.11270828263865025,0.5295888459979957,169.4472200260365,0.23050541995623527,390.1469712355556,169.4472200260365
53,260,498.45379808,0.003803668797353751,0.5252896674631033,222.26576465381072,0.2020407584954962,498.45379808,222.26576465381072
53,220,589.85278272,2.4978960015511897,0.5262933148785879,266.38132629833825,0.29304177818882804,589.85278272,266.38132629833825
53,200,608.4978658560001,14.9963846777446,0.5295469851067865,289.4542877564435,17.809706125297115,608.4978658560001,289.4542877564435
53,180,637.0858626133335,0.08826622567083703,0.5317184019199552,321.67456099397253,0.5608189771567063,637.0858626133335,321.67456099397253
53,160,654.4346951111112,0.24961821267804496,0.5308247020981341,365.5372154529654,0.6048694682733763,654.4346951111112,365.5372154529654
53,140,661.5120061866668,0.6021592377376267,0.5299720926838996,395.6663606364196,0.6993595588886103,661.5120061866668,395.6663606364196
53,120,664.0927337955555,0.7242812241086962,0.5292198723680519,414.5232586596353,0.2742963405458756,664.0927337955555,414.5232586596353
53,100,666.5136700444444,1.8980271683695942,0.5284197220706062,424.4988021894392,0.6324611942507327,666.5136700444444,424.4988021894392
53,90,664.8434398222222,1.230756037312737,0.5313157566497703,431.14200779538606,5.230358905844452,664.8434398222222,431.14200779538606
53,80,665.4579248355557,1.3263195124090952,0.5304864357156054,430.53367890314485,3.846277261452539,665.4579248355557,430.53367890314485
53,70,664.0454843377778,1.392110675768869,0.5298963901197052,428.3167985994135,3.2805823254365536,664.0454843377778,428.3167985994135
53,65,663.4946894933333,0.5736772631835833,0.5293325112375716,426.7923773897318,1.7583646578394097,663.4946894933333,426.7923773897318
53,60,662.5909353244446,1.3854155933285779,0.5288679874418921,425.62306950591477,2.433583392580663,662.5909353244446,425.62306950591477
53,55,663.1536663466667,0.16683294731247797,0.5318602957809171,425.36847085098333,0.3288276916541549,663.1536663466667,425.36847085098333
53,50,661.6725015466667,0.8266583042505902,0.531412085768893,423.12731193652013,0.408036649339303,661.6725015466667,423.12731193652013
53,45,660.4419467377778,1.1024879316924066,0.5307368917317273,420.8218282818873,0.458926101229404,660.4419467377778,420.8218282818873
53,40,660.4743926044445,1.0414245522082117,0.5280103741234397,420.4077448533972,1.2283694185077112,660.4743926044445,420.4077448533972
53,35,658.0335772444445,1.0411672419011304,0.5285056919496189,411.16023361890853,0.22645347088627676,658.0335772444445,411.16023361890853
53,30,656.8692418133334,0.34875103776134453,0.5266486444731013,408.2809241514785,0.3798470995733968,656.8692418133334,408.2809241514785
53,25,655.5009047466666,0.48853553113166454,0.5258816064035727,404.099466435682,1.4986934912440386,655.5009047466666,404.099466435682
53,5,651.1278392177778,0.7597366059243478,0.5348311481012172,391.5166475632997,0.34881080551938576,651.1278392177778,391.5166475632997
53,0,650.6218991644445,0.5149389272491782,0.5345354712240424,390.5861026355722,1.6449539726291464,650.6218991644445,390.5861026355722
54,800000,1.1242002186666666,0.02921052759039578,0.5389559142246625,112.58642522789829,0.4464702433509658,1.1242002186666666,112.58642522789829
54,400000,1.3500384666666667,0.024297266617962596,0.5407870805790497,112.86497182605636,0.5462249888383108,1.3500384666666667,112.86497182605636
54,200000,1.7543111923809522,0.03272551989254986,0.541392906428803,112.80502422070542,0.49872751702722934,1.7543111923809522,112.80502422070542
54,100000,2.552792746666667,0.05356232998384668,0.5376833879332763,112.66307326361955,0.34997899275519784,2.552792746666667,112.66307326361955
54,40000,5.001221930666667,0.1032289971388176,0.5406158428364816,113.0370360591853,0.5082111755615484,5.001221930666667,113.0370360591853
54,3000,53.871796053333334,,0.54279658613419,115.54062176638858,0.13757214887325744,53.871796053333334,115.54062176638858
54,1500,104.51653617777778,0.06488138905162415,0.5443005618229592,119.89825882478289,0.2844255088994657,104.51653617777778,119.89825882478289
54,1000,153.39344256,0.21653734179875345,0.5420542158627703,124.02332147759154,0.43577828937913676,153.39344256,124.02332147759154
54,900,169.50937543111112,0.16260857314898808,0.5414382083815991,126.0713220396471,0.376023465266663,169.50937543111112,126.0713220396471
54,800,189.18417230222224,0.4094822144415655,0.5408263064378532,128.23305083164982,0.17991223106992224,189.18417230222224,128.23305083164982
54,700,213.94586346666668,0.17317637977869207,0.5397889873295358,130.98862386608457,0.7894163610728498,213.94586346666668,130.98862386608457
54,600,240.40829149866667,8.58422698641322,0.5410117587524829,135.51724905664258,0.5553602929559879,240.40829149866667,135.51724905664258
54,550,258.7239703466667,9.559492850315754,0.5413283795376492,137.27917017828204,1.3915198483967115,258.7239703466667,137.27917017828204
54,450,325.3381895111111,0.2897305997662737,0.542406197792361,150.22786511310926,0.3755366356600271,325.3381895111111,150.22786511310926
54,300,441.92237425777785,0.8678786622925855,0.536242582986381,193.78416274114036,0.5227483938415907,441.92237425777785,193.78416274114036
54,260,501.7293006933334,0.34315416142868194,0.5371011604747218,223.44253126654925,0.5565121249994588,501.7293006933334,223.44253126654925
54,220,576.8566238577779,13.30381945057496,0.5421347838322825,256.23617719604346,8.103828328950875,576.8566238577779,256.23617719604346
54,200,629.4577671822223,0.19862577409643176,0.5411553368117862,307.9711769881175,0.8807601088129334,629.4577671822223,307.9711769881175
54,180,654.1564920177779,0.7340252828446135,0.5397579268931368,357.93894187335064,0.9504644148777004,654.1564920177779,357.93894187335064
54,160,662.6951667200001,0.40077225160643015,0.5383460743772761,394.43940885155143,0.7705779561818056,662.6951667200001,394.43940885155143
54,140,665.87148416,0.3329208697316097,0.537556738321448,416.0931402191947,2.417687763006298,665.87148416,416.0931402191947
54,120,665.4104035199999,0.5122754682323306,0.5404282403759992,426.09771591432474,5.159396607782077,665.4104035199999,426.09771591432474
54,100,665.6084351999999,0.8759798641848837,0.5395717353717219,435.41026390949577,0.8050728343184026,665.6084351999999,435.41026390949577
54,90,666.1507610311111,0.4211570499309095,0.5432275535809356,437.46016079202303,0.3987368338425561,666.1507610311111,437.46016079202303
54,80,665.1160598755556,1.0097101207590138,0.5427856774511989,437.94222391503536,0.7401723711767821,665.1160598755556,437.94222391503536
54,70,664.4052995555556,0.19774900605261037,0.5423727102145951,439.36720740131676,0.17834072687201702,664.4052995555556,439.36720740131676
54,65,664.0890442666667,0.8656393326428813,0.5420057149333464,439.1819084228952,0.8058340218921057,664.0890442666667,439.1819084228952
54,60,663.937610808889,1.4261455212582719,0.5416377114220502,437.8381229407575,0.5520668807195455,663.937610808889,437.8381229407575
54,55,664.1384132977778,1.293446027287901,0.541317308305934,436.15168974855834,0.5979750802728299,664.1384132977778,436.15168974855834
54,50,663.8115771022223,0.8070958268926944,0.5410197639139722,435.2750785339828,0.8685669253198534,663.8115771022223,435.2750785339828
54,45,662.5105395200001,0.26849005495092493,0.5404944259418726,433.61492994589145,0.40835294930974303,662.5105395200001,433.61492994589145
54,40,662.9170391466668,2.1730276451450834,0.5401476210239188,431.1824063590632,0.41467043699354955,662.9170391466668,431.1824063590632
54,35,660.416959928889,0.4645185300511312,0.5387981500244611,423.7568182112554,0.6818708964802861,660.416959928889,423.7568182112554
54,30,659.2268342044445,0.5605046792868543,0.5378249110445014,421.5497470833595,0.7390083654708374,659.2268342044445,421.5497470833595
54,25,657.382379448889,0.9168167417607765,0.5373581408987632,413.53787013089527,1.0571876784447243,657.382379448889,413.53787013089527
54,20,658.3999532800001,3.362940113464791,0.5400516530967114,421.4303840516143,18.141176594654528,658.3999532800001,421.4303840516143
54,15,656.8614505955555,3.9371825287414763,0.539186276805215,415.1616587466753,18.74355400268036,656.8614505955555,415.1616587466753
54,10,656.240224384,4.414733127317689,0.5392130743398649,410.0560668936934,20.60526121820909,656.240224384,410.0560668936934
54,5,659.2764445866668,0.32815725149010927,0.5409256440993739,429.35153216613145,0.6536056991967623,659.2764445866668,429.35153216613145
54,0,658.4241863111112,0.3669561709559554,0.5411957889308843,429.5957326040356,0.4140369949378757,658.4241863111112,429.5957326040356
55,800000,1.1166338474666668,0.02351417943289154,0.5500346499545465,112.7341376473886,0.4668608991121671,1.1166338474666668,112.7341376473886
55,400000,1.3368960106666667,0.029703132431903815,0.5505995009058483,112.75129208413527,0.4496603728662124,1.3368960106666667,112.75129208413527
55,200000,1.75567128,0.02882997559785472,0.5514471568438686,112.50307528675637,0.4609302053916395,1.75567128,112.50307528675637
55,100000,2.5859987200000005,0.07642382788562335,0.5474696925129848,112.4321695703285,0.3388222691159655,2.5859987200000005,112.4321695703285
55,40000,5.001359146666667,0.1234049656840382,0.550982065962582,112.65459147038409,0.4862769052283192,5.001359146666667,112.65459147038409
55,5000,33.00707050666667,,0.5450433979905319,114.62452846731433,0.3098124208882129,33.00707050666667,114.62452846731433
55,3000,51.61624593066667,1.442619235150515,0.5470256122620286,116.08402082228753,0.3126673593043253,51.61624593066667,116.08402082228753
55,2000,76.50843306666667,2.6631883932946194,0.5482944891420527,117.51369189203224,0.21710307821038308,76.50843306666667,117.51369189203224
55,1500,97.74657073777779,0.14460339783161277,0.5503615967731106,119.54291099086629,0.6839204710675846,97.74657073777779,119.54291099086629
55,1000,143.67363406222225,0.33865456973328684,0.5479850896172606,123.63327052579666,0.10995005515361464,143.67363406222225,123.63327052579666
55,900,158.43285994666667,0.16479473469857137,0.5474920321059361,124.68506052487766,0.4241153619388481,158.43285994666667,124.68506052487766
55,800,176.99338261333332,0.07221423024191445,0.5465802558399308,126.82862498189793,0.38398761022646527,176.99338261333332,126.82862498189793
55,700,206.77383964444445,6.838326733880805,0.5502836860033572,130.27315408244678,0.609234179252639,206.77383964444445,130.27315408244678
55,600,242.33131434666666,7.904092505300994,0.5513912485348675,134.55411192035464,1.1315123426168143,242.33131434666666,134.55411192035464
55,550,266.8569026844444,0.5419361575311518,0.5535311462979516,138.51932991321033,0.5646122986636667,266.8569026844444,138.51932991321033
55,450,304.2578252800001,0.12081290220398928,0.5484536062890848,145.13885685081235,0.14711023788763375,304.2578252800001,145.13885685081235
55,380,372.3577706666667,13.479148944170074,0.5517418212373337,163.59175361526226,4.604932203878343,372.3577706666667,163.59175361526226
55,260,538.6421167644445,0.6063594880028826,0.5495825109814741,239.21625165199393,0.9497761248466869,538.6421167644445,239.21625165199393
55,200,598.9061299911112,0.27387480852224083,0.5515644011947322,271.0615291677112,0.9741720524516879,598.9061299911112,271.0615291677112
55,180,637.0225998222222,0.8258296052558931,0.5501508837517827,321.12919803558776,0.6660197409436992,637.0225998222222,321.12919803558776
55,160,658.0732056177778,3.4469692293343965,0.5507726382724453,383.278578691521,18.112687114672507,658.0732056177778,383.278578691521
55,140,661.3630310755556,2.4634470611077077,0.549326208589206,411.19946311732764,13.243232379355621,661.3630310755556,411.19946311732764
55,120,660.1305846044445,1.388255791754916,0.5524590322228388,438.5136285659045,3.1639352735021493,660.1305846044445,438.5136285659045
55,100,664.1963603911112,1.2603741760544014,0.5520142303517072,451.7471291055493,0.5417691642823661,664.1963603911112,451.7471291055493
55,90,664.7069277866666,1.351381403857081,0.5513956470233509,453.75247025211087,0.9372571502061123,664.7069277866666,453.75247025211087
55,80,665.00375232,1.2433231009846597,0.5506916965730779,453.93897915511417,0.5370092011006562,665.00375232,453.93897915511417
55,70,665.65817984,0.5283465654603383,0.5503320620577471,453.3279913505664,0.5842205899914485,665.65817984,453.3279913505664
55,65,664.7046498844444,0.4032648967993857,0.5497577585518986,454.41619215778593,1.1934743653715874,664.7046498844444,454.41619215778593
55,60,665.020579768889,1.1018058459751094,0.54944645224297,454.0503988475386,0.5874383256980311,665.020579768889,454.0503988475386
55,55,663.9808180622223,0.81450226173272,0.5489635092210631,453.9913756238595,0.8256927379967711,663.9808180622223,453.9913756238595
55,50,663.4099883377777,0.6554585827357381,0.5487177274781126,452.77713114911097,1.023087522450826,663.4099883377777,452.77713114911097
55,45,663.858575928889,0.3947197207794256,0.548078221202927,452.32031144715467,1.7241575397002071,663.858575928889,452.32031144715467
55,40,664.0178312533334,0.3216975938451027,0.5476028206422904,450.50078657765204,1.1391099007443046,664.0178312533334,450.50078657765204
55,35,663.1960980266667,0.40370294215536795,0.5486348896357516,444.92112967697796,2.7885259808147853,663.1960980266667,444.92112967697796
55,30,663.1012036622222,1.255084254622444,0.5499900595544734,444.8622848630296,4.624458476971444,663.1012036622222,444.8622848630296
55,25,662.81068576,0.37842032576941453,0.5495015485967994,440.0644379322014,6.0462490041908,662.81068576,440.0644379322014
55,20,662.4817531733333,0.7108148786609052,0.5529851731723098,428.03031953493354,0.6349521314859194,662.4817531733333,428.03031953493354
55,15,661.3812277333333,0.4501566185843808,0.5524114529060796,421.93327384489095,0.5627057529066528,661.3812277333333,421.93327384489095
55,10,660.4879953777778,0.6719862245406343,0.5515037952917358,415.0446875424463,0.7354131208466755,660.4879953777778,415.0446875424463
55,5,659.6297221333333,0.5839903591005172,0.5508509376077141,416.97411236158473,0.7273994445798422,659.6297221333333,416.97411236158473
55,0,660.7359628373334,0.47191704707023663,0.5520659831388053,421.9111249933569,6.055060440430936,660.7359628373334,421.9111249933569
56,800000,1.1383301866666666,0.025299154978738275,0.5557278142501825,112.69920789703417,0.5371000587137325,1.1383301866666666,112.69920789703417
56,400000,1.2962730084848486,0.037734690727105294,0.5588678631649431,112.88466094746279,0.4160629128172283,1.2962730084848486,112.88466094746279
56,200000,1.7393831348148148,0.04400288659067745,0.5616036364264753,112.85237866289734,0.5602192528111606,1.7393831348148148,112.85237866289734
56,100000,2.57619376,0.06808769328370769,0.5602139292466929,112.56803487326403,0.5586109295119412,2.57619376,112.56803487326403
56,40000,4.9598545777777785,0.1401984201071359,0.5590787249402139,112.67411111726437,0.2508661676645515,4.9598545777777785,112.67411111726437
56,5000,31.724731466666668,0.8183347935479582,0.5594955222285249,114.62491206630261,0.28995397446184984,31.724731466666668,114.62491206630261
56,3000,53.12072440888889,0.14800113425774258,0.5609900706948631,115.68222174395873,0.27736135255635075,53.12072440888889,115.68222174395873
56,2000,79.14030620444446,0.05409987323890468,0.558880658730165,117.57649985258813,0.14071394129378567,79.14030620444446,117.57649985258813
56,1500,104.20293162666667,0.0412382000110396,0.5592759572314515,119.82766290356903,0.6250202300288392,104.20293162666667,119.82766290356903
56,1000,152.83817877333334,0.5170417088897278,0.5567049333717374,124.15169818243851,0.8568216877327608,152.83817877333334,124.15169818243851
56,900,168.7985278577778,0.16819604253288656,0.5564404301574144,125.71638097924978,0.4034085427070885,168.7985278577778,125.71638097924978
56,800,183.86817907200003,6.02539246050533,0.5591840693404312,127.73763165634563,0.47327545545566885,183.86817907200003,127.73763165634563
56,700,201.41607559111114,0.14100676688312772,0.5642718771385974,129.55889970112165,0.4259520719740731,201.41607559111114,129.55889970112165
56,600,231.64603747555557,0.5180615019456155,0.563326150746363,133.70184938745095,0.7505226724454451,231.64603747555557,133.70184938745095
56,550,251.64005248,0.27699342891126044,0.5627415591474856,136.37596374609893,0.3755946850176275,251.64005248,136.37596374609893
56,450,329.3587222755556,0.07157350823224652,0.5635476149897531,150.6940432029705,0.37160936339091716,329.3587222755556,150.6940432029705
56,340,417.9112993066667,14.649464749881714,0.5583754980751771,181.3700388512483,5.9117409177620415,417.9112993066667,181.3700388512483
56,300,483.8056961422222,0.41284927673550526,0.5575226391176661,213.14609095269068,0.3452920431503901,483.8056961422222,213.14609095269068
56,260,515.1555276088889,0.8599223755218024,0.5636708552660519,226.28615851843924,0.3387627896617209,515.1555276088889,226.28615851843924
56,220,577.7274536177778,12.042685412888433,0.5603396662074259,252.79703375609014,7.820927858138434,577.7274536177778,252.79703375609014
56,200,609.3582859022222,19.94348599425992,0.5615615377474164,283.37688413932136,23.05035091746095,609.3582859022222,283.37688413932136
56,180,643.6592188088889,12.371320223777625,0.559549027066918,333.40052502776626,25.62346084397558,643.6592188088889,333.40052502776626
56,160,654.8759693511112,0.5816280497571268,0.5614856253940884,362.99939642741975,0.644599894564595,654.8759693511112,362.99939642741975
56,140,662.5170306133335,0.41779525843457016,0.5604506288200509,400.304944397257,0.9515873637299884,662.5170306133335,400.304944397257
56,120,663.7006819555555,1.8514586242046391,0.5598575722163298,427.19339136999207,0.4572191617773553,663.7006819555555,427.19339136999207
56,100,663.8950510933333,0.42622611366951746,0.5594167916862954,442.9554626672464,0.49295903720007195,663.8950510933333,442.9554626672464
56,90,664.8292953600001,1.1184811253330755,0.5589871705656141,446.630695718957,0.31397425241080956,664.8292953600001,446.630695718957
56,80,665.127143296,1.4937297860072094,0.5611375824102455,450.58436132826665,2.2269045884061938,665.127143296,450.58436132826665
56,70,665.0811033244445,0.903358386032745,0.5612559548981445,451.01554297730326,2.2455194016290787,665.0811033244445,451.01554297730326
56,65,664.77230144,1.1318355653716234,0.5609805322506866,451.0559681678388,2.897785941131047,664.77230144,451.0559681678388
56,60,664.9688702222222,0.8377435349849505,0.5607897879066658,452.9640061601624,3.516881661618845,664.9688702222222,452.9640061601624
56,55,664.8737822577779,0.8276692879340821,0.560454944451707,452.33099671642157,3.44881702793462,664.8737822577779,452.33099671642157
56,50,665.0889674311112,0.7332569377682024,0.5600920662132823,452.27164973917155,3.415854882673633,665.0889674311112,452.27164973917155
56,45,664.9624978844445,0.36332970649545593,0.5596543469151244,451.10115123888863,4.785005893366942,664.9624978844445,451.10115123888863
56,40,664.6314874311112,1.2752501737817552,0.5592925984991207,450.69284212988714,3.448350631474701,664.6314874311112,450.69284212988714
56,35,663.3957134933333,0.8348212470302403,0.5585608777543668,448.4335798820163,1.4404257264203044,663.3957134933333,448.4335798820163
56,30,664.2200494222221,0.9088243935336536,0.5602335034727833,449.89249104684586,0.8366110066643733,664.2200494222221,449.89249104684586
56,25,662.4948538026667,0.3820273701726266,0.561588055896017,442.74834376451855,7.312483863072522,662.4948538026667,442.74834376451855
56,20,663.6429046186668,1.3167805407180653,0.560922128244391,434.7214853510106,7.118202027529267,663.6429046186668,434.7214853510106
56,15,661.8126933866668,0.253747064445946,0.5599735433103896,430.5676525673518,6.593953858501696,661.8126933866668,430.5676525673518
56,10,661.7470891093333,0.5984230525564282,0.5602752041638115,425.59630807049444,6.080247378359499,661.7470891093333,425.59630807049444
56,5,662.1441092693334,0.890670113712483,0.5602880255615938,426.38059123277094,4.454419781270992,662.1441092693334,426.38059123277094
56,0,660.8278869866667,0.4888135308281736,0.5603647780506251,422.92256655177283,6.940756842010992,660.8278869866667,422.92256655177283
57,800000,1.3005109333333336,,0.5730034308567136,112.88716659446236,0.6296926209406425,1.3005109333333336,112.88716659446236
57,400000,1.2653245561904762,0.029095966759705265,0.5695908917433761,112.86068929876615,0.398546312228656,1.2653245561904762,112.86068929876615
57,200000,1.7329901866666666,0.03268128695886728,0.5702550377973769,112.47229790007424,0.39455682547440635,1.7329901866666666,112.47229790007424
57,100000,2.5146169599999997,0.06207359229501248,0.5694907038384084,112.4105483438611,0.4039316414622508,2.5146169599999997,112.4105483438611
57,40000,4.9695157028571435,0.12712324887388327,0.5694296362276914,112.86284741494505,0.5090913595589045,4.9695157028571435,112.86284741494505
57,3000,51.976835946666675,1.8065986384641084,0.5700016498181054,115.94058650290542,0.43316972107804474,51.976835946666675,115.94058650290542
57,2000,74.61568177777777,0.08017538413576894,0.5674719430308944,117.22549913680773,0.11723503582422748,74.61568177777777,117.22549913680773
57,1500,98.04562481777778,0.2117615816023808,0.5683751913018235,119.27821441830157,0.5229356825770413,98.04562481777778,119.27821441830157
57,1000,148.69213031111113,4.707681723451939,0.5702489397070252,123.7043428189583,0.779794445996133,148.69213031111113,123.7043428189583
57,900,163.82186179555558,5.214695643986002,0.5694011669166549,125.20007637535339,0.42382811219280586,163.82186179555558,125.20007637535339
57,800,185.60527728000002,5.223597469255062,0.5706809933934659,127.24625963172726,0.5444384111593835,185.60527728000002,127.24625963172726
57,700,213.3566007466667,0.5562372718978652,0.5716246573531646,130.99918437322677,0.273142840319198,213.3566007466667,130.99918437322677
57,600,245.91889735111113,0.3770809087303036,0.5708113665450602,135.74017614415743,0.07089855249087769,245.91889735111113,135.74017614415743
57,550,266.50590691555556,0.7083106144490178,0.5706783632407763,138.55121411052195,0.373650374934473,266.50590691555556,138.55121411052195
57,450,306.4763384888889,0.08319569439374132,0.5684572693631093,145.59152409317264,0.14805190768804213,306.4763384888889,145.59152409317264
57,380,392.5730148266667,0.4554225441344325,0.5731784422015315,170.61529637293685,0.31939856847893666,392.5730148266667,170.61529637293685
57,300,457.8813961244444,0.6217803439845376,0.5666463836341402,199.91836018260184,0.027170864906213184,457.8813961244444,199.91836018260184
57,260,542.4588504177779,0.34842683527619434,0.5679369164830795,237.1573207432979,0.7524406858091768,542.4588504177779,237.1573207432979
57,220,575.2792830933333,8.841249269810186,0.5733803724363841,246.1251468331117,4.91825263841452,575.2792830933333,246.1251468331117
57,200,617.13274688,0.32557682707316693,0.5692809687299332,285.70561785578883,1.0181696665746038,617.13274688,285.70561785578883
57,180,649.1809236622222,0.5018535254996772,0.5683114562177725,342.61967246533203,1.1734937091423976,649.1809236622222,342.61967246533203
57,160,662.650849208889,0.6410893503225895,0.5673138721558543,388.17832508466023,0.131625808648294,662.650849208889,388.17832508466023
57,140,661.7640969955556,0.4003299408691253,0.5669030026661105,418.54209642712453,0.3615080027990243,661.7640969955556,418.54209642712453
57,120,659.510811448889,1.271580924260849,0.5669796096821931,431.9327149892392,2.1814566361295826,659.510811448889,431.9327149892392
57,100,661.9801208533335,2.9902546734025846,0.5704710427430159,447.03317789864104,3.9008976070718355,661.9801208533335,447.03317789864104
57,90,661.0719425066667,2.9992093504502906,0.5699318257637587,449.60569880748886,4.321381818691717,661.0719425066667,449.60569880748886
57,80,663.5386536533333,1.0657528107582523,0.5711467834095771,454.92865111430984,0.9151066944222404,663.5386536533333,454.92865111430984
57,70,663.5532196977778,0.6449332363964461,0.5717051865247901,447.9349966924871,0.33359610466904127,663.5532196977778,447.9349966924871
57,65,663.9090058666667,1.1346703780760619,0.5717517277312028,451.41564637570315,3.560835722726709,663.9090058666667,451.41564637570315
57,60,664.1421788444445,0.3001107635903357,0.5711857011068938,454.0140741522652,3.8990841393951543,664.1421788444445,454.0140741522652
57,55,663.7925346133334,0.3802970325672231,0.5705902413319985,453.413418826532,5.148936706303684,663.7925346133334,453.413418826532
57,50,663.7835265422223,0.4743621551916534,0.5700239722837218,453.249179142395,1.3348569553593264,663.7835265422223,453.249179142395
57,45,663.7623758933333,1.0315910565253985,0.5700706081519274,448.28561115858156,1.2915566495472344,663.7623758933333,448.28561115858156
57,40,662.6319399111112,0.601670543593578,0.5697428680730768,449.8292804005932,1.8583869035385214,662.6319399111112,449.8292804005932
57,35,662.9458205866667,0.4858520425996929,0.5673791499975966,448.5937551529793,5.136090689597949,662.9458205866667,448.5937551529793
57,30,662.8584707555556,0.7996432732843587,0.5663390334808321,441.79772538382053,6.941416369148701,662.8584707555556,441.79772538382053
58,400000,1.288341368888889,0.018132989989617432,0.5803488450578516,112.81123220152847,0.4110981489109328,1.288341368888889,112.81123220152847
58,200000,1.6623381511111113,0.08784264023712104,0.5797622754276438,112.6670978046564,0.5554136977953886,1.6623381511111113,112.6670978046564
58,100000,2.547523342222222,0.06685609501150754,0.5796675316816325,112.52600768386753,0.4878425074423774,2.547523342222222,112.52600768386753
58,40000,4.865174826666667,0.08561696314220058,0.5790556975127957,112.47276046477106,0.258851265394626,4.865174826666667,112.47276046477106
58,5000,32.39858865777778,0.7647040841189618,0.5802870071285827,114.6893770679663,0.37569348261487295,32.39858865777778,114.6893770679663
58,3000,49.68014272000001,0.27780194387365265,0.5808449536667242,116.28112019279882,0.9705875351801075,49.68014272000001,116.28112019279882
58,2000,76.06496519111111,2.7265768058020305,0.5782944205109647,117.48140438823533,0.4902568656576011,76.06496519111111,117.48140438823533
58,1500,100.59037105777777,3.8442297513338417,0.5779788495954449,119.3571555238243,0.5587001744183259,100.59037105777777,119.3571555238243
58,1000,142.44390236444445,0.35869228522654995,0.5789622198617822,123.22833659166463,0.3082681652112896,142.44390236444445,123.22833659166463
58,900,161.65575932444446,4.754655291147416,0.581395583031031,125.12774389489034,0.736420915756544,161.65575932444446,125.12774389489034
58,800,180.33044611555556,5.520638534079202,0.5809265635064041,127.38447593079887,0.7083894976657718,180.33044611555556,127.38447593079887
58,700,204.37837127111115,5.870384145518393,0.5799616897947889,130.09037132420175,0.5114015479207811,204.37837127111115,130.09037132420175
58,600,235.54167783111112,7.013705626709515,0.5789961614085649,133.95842151363726,1.2852533520714482,235.54167783111112,133.95842151363726
58,550,255.34206208,7.443488369208992,0.5786910587923916,137.13021296219176,0.9258109256906335,255.34206208,137.13021296219176
58,450,315.7753017244445,13.187969144782063,0.5806939775184276,147.33209972461478,2.643329600851474,315.7753017244445,147.33209972461478
58,380,367.05985564444444,0.9983404407671285,0.5779403849461114,161.4703474956054,0.23829452900878811,367.05985564444444,161.4703474956054
58,340,441.1922370133334,0.13844314384485704,0.5796102390387826,191.44796160538763,0.8243067027847457,441.1922370133334,191.44796160538763
58,300,492.61239964444445,0.36517214002680554,0.5796077731878354,214.8783032487253,0.40488367072454495,492.61239964444445,214.8783032487253
58,260,541.39772928,0.2430256192346209,0.584043137667869,233.91424924114844,0.5292776820475035,541.39772928,233.91424924114844
58,200,589.8581181155556,0.48190874519787924,0.5809511317045768,255.71507650551834,0.3417108104860191,589.8581181155556,255.71507650551834
58,180,631.6703879822222,1.1420213600704299,0.5794279366575581,305.88995387903185,0.8425007323407324,631.6703879822222,305.88995387903185
58,160,655.7733278577779,0.3649423626915123,0.5779841044154144,364.71496251866284,0.8349600622202307,655.7733278577779,364.71496251866284
58,140,662.5767791644445,0.3608898686014516,0.5768479068255755,410.2311618250823,0.5644567092794162,662.5767791644445,410.2311618250823
58,120,664.5870749866667,1.3723280535866347,0.5758155795894417,436.01471089028865,0.5743189798131542,664.5870749866667,436.01471089028865
58,90,659.7814779733334,1.738200052864284,0.5845697409532472,458.5804034067114,1.4843618070921143,659.7814779733334,458.5804034067114
58,80,661.9105732266667,1.3753679230561136,0.5832891839831637,461.64793721167354,3.6008012333581148,661.9105732266667,461.64793721167354
58,70,661.1054388622223,0.7629861503819917,0.5834091678463519,458.6709782603136,5.310171433342878,661.1054388622223,458.6709782603136
58,65,661.8682075022222,1.6289893748421649,0.5824212730773332,464.40827389673206,2.5026389076035516,661.8682075022222,464.40827389673206
58,60,661.0626869333333,0.1480988877549566,0.5812145249147802,457.57053726015624,9.51382148256118,661.0626869333333,457.57053726015624
58,55,661.1486120533333,0.7741359397370083,0.5808191838990445,458.4026808100962,5.304416821395072,661.1486120533333,458.4026808100962
58,50,662.1193952711111,0.4220878792006898,0.5786849176313333,458.023263473737,4.282269762225743,662.1193952711111,458.023263473737
58,45,660.8160841244445,0.7254709698384295,0.5801641667141131,455.4069084999175,6.937627785455205,660.8160841244445,455.4069084999175
58,40,661.2435920355556,0.6672447384362181,0.5796552341055405,456.6821242454617,4.75322828393206,661.2435920355556,456.6821242454617
58,35,660.6824023466667,0.971437593368634,0.5817431599120035,460.47674939640893,4.762284584324655,660.6824023466667,460.47674939640893
58,30,660.9391673244445,1.2464063916733992,0.5816152621071745,463.8863985436025,1.4627602999184308,660.9391673244445,463.8863985436025
58,25,659.882197368889,0.9575628322574572,0.5810578523185655,461.6384004169676,1.1466253868832703,659.882197368889,461.6384004169676
58,20,660.4967244800001,0.5035682307030726,0.5802763842579727,456.5125288496506,2.7680434970238057,660.4967244800001,456.5125288496506
58,15,660.282144888889,0.7547728655195288,0.5798907626792195,454.70460931444217,1.8668499183387588,660.282144888889,454.70460931444217
58,10,660.3936870755556,0.5882219632964025,0.5790788771985115,453.34657637503216,4.190709325876498,660.3936870755556,453.34657637503216
58,5,660.38843424,0.6642873913207987,0.5783077752262913,453.00772915921715,4.165431606155489,660.38843424,453.00772915921715
58,0,660.5770440888889,0.9770541408854319,0.5781003529002389,451.32888252208596,3.787581392892447,660.5770440888889,451.32888252208596
59,400000,1.2299478869333333,0.04611345170848817,0.5916370453215124,112.66185873524857,0.30861448712239226,1.2299478869333333,112.66185873524857
59,200000,1.6347466222222222,0.05896949891463714,0.587940197872527,112.44513263972895,0.44982976532794317,1.6347466222222222,112.44513263972895
59,100000,2.509051982222222,0.05148862549738616,0.5897367342198768,112.35265864455188,0.06088342131567242,2.509051982222222,112.35265864455188
59,40000,4.894905066666667,0.1413033286138663,0.5889102125091497,112.93386120154123,0.30160376309040154,4.894905066666667,112.93386120154123
59,5000,32.33385024,,0.5886475790971767,114.49822393084155,0.2251968562222841,32.33385024,114.49822393084155
59,3000,50.91774147555555,1.383719589905631,0.5909504571778136,115.86295430716875,0.5359789208239253,50.91774147555555,115.86295430716875
59,2000,77.71328931555557,0.1342239883155922,0.5873072845540165,117.39292111060769,0.4753474764949265,77.71328931555557,117.39292111060769
59,1500,99.82476078933334,3.217042265145122,0.5903034712415469,119.79191017547369,0.692301342465292,99.82476078933334,119.79191017547369
59,1000,145.95078236444445,4.946319813749273,0.5895629216359988,123.57831392885488,0.20248757157857392,145.95078236444445,123.57831392885488
59,900,155.89237297777777,0.6179840183007304,0.5928649052735904,124.316223058005,0.0532084060686218,155.89237297777777,124.316223058005
59,800,174.08099619555557,0.06257807817412159,0.5923382458440968,126.24154118571427,0.4362990665414253,174.08099619555557,126.24154118571427
59,700,197.18190712888887,0.44557514382319574,0.5916288820844654,129.50771853873894,0.28946773118015867,197.18190712888887,129.50771853873894
59,600,227.6231581866667,0.23424202228722818,0.5906194185360247,133.1688592841117,0.5092068039702132,227.6231581866667,133.1688592841117
59,550,246.51879559111111,0.5388908273187304,0.5903835034700339,135.94906424660377,0.07599327113250073,246.51879559111111,135.94906424660377
59,380,392.2878308266667,0.3208010888592002,0.5895524324982432,170.8973967217099,0.8711254642918206,392.2878308266667,170.8973967217099
59,340,412.5538270577778,0.41417753208062713,0.585745244576523,178.49677191422987,0.6078458610020573,412.5538270577778,178.49677191422987
59,300,466.14445248,0.4877138695547109,0.5898785666375427,202.51504147228923,0.7954205516419758,466.14445248,202.51504147228923
59,260,521.5762130488889,0.07696465468035506,0.5852469780440493,227.03478246786187,0.09036666066625235,521.5762130488889,227.03478246786187
59,220,563.0664387555556,0.4490056814807033,0.5934080056384987,236.95407267281496,0.32185021375678585,563.0664387555556,236.95407267281496
59,200,627.4971081955556,0.6837763289939262,0.5941499796625505,295.8596769317721,0.8663693491442308,627.4971081955556,295.8596769317721
59,180,655.0723060622223,0.1917412718113432,0.5937742083519875,361.85461794797465,1.7447107941535536,655.0723060622223,361.85461794797465
59,160,649.4575450311112,2.874379918210666,0.5928247069072967,408.3871362106872,2.5946595129438683,649.4575450311112,408.3871362106872
59,140,646.7301058133334,2.227117156626769,0.5915373739689567,433.9805081881522,2.644877612353818,646.7301058133334,433.9805081881522
59,120,650.8319076977779,1.6693488739527051,0.5896320735824265,452.9166258083529,1.0776159315931002,650.8319076977779,452.9166258083529
59,100,657.417614648889,2.1989038253529074,0.5901992770674499,459.97269365758433,1.6071555951537657,657.417614648889,459.97269365758433
59,90,656.4717136355556,3.0734735712587145,0.5931980404723888,463.9726252184834,0.06839536880026902,656.4717136355556,463.9726252184834
59,80,657.7079119644445,1.23300703551433,0.5919782873343576,465.34945690563217,0.7422134565359323,657.7079119644445,465.34945690563217
59,70,659.48049856,0.7902366994298899,0.5908646030623069,464.63140374447676,0.5849128825063199,659.48049856,464.63140374447676
59,65,658.2756803555557,0.6639887396870794,0.5899803338967444,465.6870969334603,0.9188969739702152,658.2756803555557,465.6870969334603
59,60,659.8388041955556,0.7244947018585468,0.5887328713746256,466.16975402424686,0.8111268977730404,659.8388041955556,466.16975402424686
59,55,658.9361489777779,0.13691648709771692,0.5882010232916507,465.4857323496705,0.5084535642798401,658.9361489777779,465.4857323496705
59,50,659.5423805866667,0.9190183162530099,0.5877456125966575,464.53498222339664,0.3355338882076371,659.5423805866667,464.53498222339664
59,45,659.6018896355555,0.4849473125715331,0.5870105932911788,464.43365227787336,1.0627073212206843,659.6018896355555,464.43365227787336
59,40,660.1199684266667,1.2699278936932177,0.586446169562087,463.67579779187434,0.8946630823706111,660.1199684266667,463.67579779187434
59,30,654.9899985066667,0.6910743765766917,0.5946986634420127,472.1310264831254,0.9743341417579802,654.9899985066667,472.1310264831254
59,25,654.4005521066666,0.6794002832448814,0.5945220088411959,473.3924228232658,0.6378821429227549,654.4005521066666,473.3924228232658
59,20,655.9195192177777,0.7482497580300588,0.5937490542315449,469.6709934877831,1.2920965014386123,655.9195192177777,469.6709934877831
59,15,658.9087363555556,2.9281324073128903,0.5935846489430848,467.1925798680772,0.8703250519967205,658.9087363555556,467.1925798680772
59,10,656.2882308977778,0.3492780369580711,0.5931581067071449,464.38861878100585,0.32505591333929273,656.2882308977778,464.38861878100585
59,5,655.8895962311112,1.1814360303318652,0.5923288499284719,462.83661916858085,0.5554323690529145,655.8895962311112,462.83661916858085
59,0,657.0391620977779,1.1914702752914852,0.5917533308391089,458.94005813183094,1.6511009710464608,657.0391620977779,458.94005813183094
60,400000,1.2302083457471267,0.04031527431440364,0.5995516245472526,112.81625946820732,0.40562859697793185,1.2302083457471267,112.81625946820732
60,100000,2.46994432,0.043054830035705545,0.5985954978745381,112.60973440463432,0.46809734772938033,2.46994432,112.60973440463432
60,40000,4.838901617777778,0.13381568600901877,0.60005139939115,113.17952757717048,0.6726794519493537,4.838901617777778,113.17952757717048
60,5000,31.60202912,1.3731807918464118,0.6000700983706925,114.56525887877079,0.25778251341510133,31.60202912,114.56525887877079
60,2000,72.88248917333334,0.14824137773196616,0.5952712833683909,117.1479169064923,0.43987100582918315,72.88248917333334,117.1479169064923
60,1500,95.7401152,,0.5956258808985988,119.46702283276791,0.6040872652065084,95.7401152,119.46702283276791
60,800,187.13283242666665,0.00030712947339493963,0.6049137302819085,128.22536430957675,0.0514146783409638,187.13283242666665,128.22536430957675
60,700,211.47021696000002,0.3300885839678007,0.6039979112923929,131.33010234429176,0.3839335307129179,211.47021696000002,131.33010234429176
60,600,244.0854686577778,0.575402395766816,0.6031892002590783,135.24274016131253,0.23430171187168808,244.0854686577778,135.24274016131253
60,550,264.4972764444444,0.1961749552479507,0.6032282226884992,137.7416629328429,0.09871302885858606,264.4972764444444,137.7416629328429
60,450,317.24245027555554,14.483896431687873,0.5997024504086702,147.48753838467618,3.3328944689208564,317.24245027555554,147.48753838467618
60,380,369.22333525333335,0.6716867656394168,0.5979334843679887,162.3672305805553,0.2438392505176599,369.22333525333335,162.3672305805553
60,340,440.3848812088889,0.34577744792031473,0.5959607170776346,189.91257216365193,0.7125008440530237,440.3848812088889,189.91257216365193
60,300,492.02432071111116,0.6830800565825678,0.5956967564948087,213.52399917239487,0.45185355857759185,492.02432071111116,213.52399917239487
60,260,532.7757661866667,11.157446119236232,0.6023536046556719,228.04423920631135,3.549499308645419,532.7757661866667,228.04423920631135
60,220,586.7379011555556,0.6620344868923682,0.595898453691378,251.1889464956075,0.6595880107062866,586.7379011555556,251.1889464956075
60,200,596.4757944888889,0.6416445593769302,0.6047660961426389,256.74678228086253,0.3956018361958455,596.4757944888889,256.74678228086253
60,180,639.0456206222221,0.8680164273064261,0.6036654738012817,313.9525358749454,0.9783268407986124,639.0456206222221,313.9525358749454
60,160,658.0725797688889,0.22969311079068144,0.600498105020317,378.0623496152554,1.2844452411860958,658.0725797688889,378.0623496152554
60,140,656.8007184355556,1.758314588078386,0.5979878256543487,420.3547525620418,0.4567630575250161,656.8007184355556,420.3547525620418
60,120,654.0266904888889,1.024441091794127,0.5962733075494989,447.82272610065064,1.0059747744411056,654.0266904888889,447.82272610065064
60,100,643.5221422933333,1.448487737636025,0.6027195683443362,467.71746983634995,1.8434438671772035,643.5221422933333,467.71746983634995
60,90,646.9449065955556,1.7284361555838181,0.6015328584163694,467.9784486239869,1.86670822626847,646.9449065955556,467.9784486239869
60,80,649.1523931733335,2.0567158292784464,0.6003905750421964,470.6619803762557,1.533614065762718,649.1523931733335,470.6619803762557
60,70,649.3868979200001,0.6249197327221131,0.5995452126713167,469.4841726524487,0.5822622209201237,649.3868979200001,469.4841726524487
60,65,651.2327569066667,3.3414598061964957,0.5990756887455212,471.76364123592884,2.1068550893080187,651.2327569066667,471.76364123592884
60,60,652.7583275377779,0.18515272879633635,0.597925243213042,474.0561514185094,0.5671894087080126,652.7583275377779,474.0561514185094
60,55,655.24811072,1.7105802829030983,0.5977618827232776,472.7613972506164,0.2758854046831612,655.24811072,472.7613972506164
60,50,653.2813459911112,1.5896110976722297,0.5971520564540255,473.59124002761905,0.20419214611702152,653.2813459911112,473.59124002761905
60,45,654.4540983466667,0.4693388732279441,0.5966834201138967,473.8388874669624,0.14126785068870273,654.4540983466667,473.8388874669624
60,40,653.4432303644445,0.8511708029857302,0.5963949157574874,473.3992696761061,0.8319616799433781,653.4432303644445,473.3992696761061
60,35,655.0388551111113,0.15778237183379126,0.5953700766795929,472.86293783253,0.8762336464716102,655.0388551111113,472.86293783253
60,25,653.4755063466667,0.5374282498876455,0.6043741508621644,469.41293315951594,0.25322039747550634,653.4755063466667,469.41293315951594
60,20,654.2169037511111,0.710194645243195,0.6039793891119462,469.99761618790563,0.9899785092602196,654.2169037511111,469.99761618790563
60,15,653.8038658844445,1.181354180165089,0.6036216365287925,470.3411720864022,0.422599525120074,653.8038658844445,470.3411720864022
60,10,656.7204232533333,0.5696517178956889,0.6030189851843528,468.5030453086809,0.5085214047189445,656.7204232533333,468.5030453086809
60,5,658.7599817955556,3.3457463026498777,0.6019739602302391,467.82822659748007,0.7951916021907552,658.7599817955556,467.82822659748007
60,0,657.4864227555556,0.9773100046265831,0.601569939486217,466.3336240375222,0.5589891361286683,657.4864227555556,466.3336240375222
61,400000,1.2425035733333334,0.0593171702623907,0.6070351876767365,112.9787590419956,0.3246970718231633,1.2425035733333334,112.9787590419956
61,200000,1.57366272,0.020598508851081988,0.6087361794566937,112.39068642155706,0.15203721581450158,1.57366272,112.39068642155706
61,100000,2.3058048185507247,0.09211559962953522,0.6112300855021452,112.5325283252837,0.4197287870086994,2.3058048185507247,112.5325283252837
61,40000,4.942821831111111,0.02740634531059236,0.608819970423347,112.76180723861485,0.046503725139215864,4.942821831111111,112.76180723861485
61,5000,30.135398613333336,0.02988658243719175,0.6124277866631046,114.57453176755364,0.051042088550439096,30.135398613333336,114.57453176755364
61,3000,51.01715072,1.7858998866672056,0.6096843144048812,115.8863046569437,0.6237523308792056,51.01715072,115.8863046569437
61,2000,75.72975779555556,2.9033336396661107,0.6095581733793317,117.51900652920226,0.3285466334499769,75.72975779555556,117.51900652920226
61,1500,99.6457102577778,3.6761117347728853,0.6101811703836829,119.59473262195189,0.8812368382619002,99.6457102577778,119.59473262195189
61,1000,146.70859018666667,5.514263513910623,0.6085632275610967,123.59915101950844,0.6333480039519895,146.70859018666667,123.59915101950844
61,900,161.93061784888891,6.032646425483324,0.608058010547213,125.44202238254256,0.7564951705357967,161.93061784888891,125.44202238254256
61,800,177.95273557333334,6.289313496183705,0.6087951552669114,126.4969419001168,0.34030304382504073,177.95273557333334,126.4969419001168
61,700,197.86743367111112,0.28037928560813324,0.6096473163075461,129.12521858864235,0.34441965969805316,197.86743367111112,129.12521858864235
61,600,228.15630286222225,0.08974360636871928,0.6088622922992676,132.43265460801808,0.20544305262454662,228.15630286222225,132.43265460801808
61,550,247.44227072,0.3317263707057945,0.6087550383442525,135.6316836748954,0.6764728466345792,247.44227072,135.6316836748954
61,340,416.61198321777783,0.6094600095284781,0.6059975942610687,180.64737078857465,0.4531928180614361,416.61198321777783,180.64737078857465
61,300,469.31978396444447,0.4819044934857318,0.608636259792579,202.83590084832915,0.5194904783312103,469.31978396444447,202.83590084832915
61,220,574.548232832,10.769614499558317,0.6140105527146122,239.53269394268997,5.981436727757868,574.548232832,239.53269394268997
61,200,627.0379968000001,0.8404563475944101,0.6133781547094208,288.32974547804764,0.5800643038637278,627.0379968000001,288.32974547804764
61,180,655.8155181511112,0.7223342287745057,0.6118446846854259,363.0176588161491,1.9446950301278179,655.8155181511112,363.0176588161491
61,160,643.1223446755556,3.9818841242659233,0.6100612271224661,422.77675652828697,0.47198447759979695,643.1223446755556,422.77675652828697
61,140,643.6428595911112,0.8770264885867667,0.6078631755389114,446.3334948296803,0.649895799979156,643.6428595911112,446.3334948296803
61,120,643.2546780444444,1.0770191973340428,0.6051737060728596,458.2009263553917,0.2949199748855263,643.2546780444444,458.2009263553917
61,100,642.7213472,3.060309625756255,0.6131249503598578,458.0983139812113,1.2832178236611813,642.7213472,458.0983139812113
61,90,642.2648636444445,0.6862340713698819,0.612008210807752,461.3521271323845,1.5796487136039588,642.2648636444445,461.3521271323845
61,80,643.5108545422222,1.4801423078688605,0.6109537237553443,462.834571212962,1.1211036667552128,643.5108545422222,462.834571212962
61,70,645.5688643555555,1.1900978424823963,0.6099326385255441,464.2612081483112,0.9437191054881386,645.5688643555555,464.2612081483112
61,65,646.7932357688888,0.44209510955427384,0.6092201593259431,464.8607667295601,1.7406318139304333,646.7932357688888,464.8607667295601
61,60,647.639938488889,1.3248882912576483,0.6084431907378414,467.7000944305011,2.259752852235667,647.639938488889,467.7000944305011
61,55,647.9806802488889,2.130593895712617,0.6080045519564349,468.9933434263155,1.7056271971354404,647.9806802488889,468.9933434263155
61,50,650.458345208889,1.7857952360130123,0.6111913482122155,466.88142177849863,1.8306109771703813,650.458345208889,466.88142177849863
61,45,652.0620301511111,1.5062318894747688,0.610743601623443,467.6956864210033,2.4907804458255147,652.0620301511111,467.6956864210033
61,40,651.8100781155556,1.5555457502032812,0.6104284419624012,467.31911774144413,2.351822203491471,651.8100781155556,467.31911774144413
61,35,652.6605636977778,1.1825908487665155,0.609532353872248,469.3986333425076,1.9684880283521806,652.6605636977778,469.3986333425076
61,30,652.4443794773333,1.1719802598911482,0.6096948200976822,468.82045904712385,2.3759783614018875,652.4443794773333,468.82045904712385
61,25,652.6835464533334,0.945353431390322,0.6123474149769081,467.4672674967283,0.2224923951610968,652.6835464533334,467.4672674967283
61,20,653.0568795022223,1.087646921921862,0.612028766714188,468.8284494423042,0.5343993568626473,653.0568795022223,468.8284494423042
61,15,653.3345969066668,0.06121625260074771,0.6118194311544476,467.7726528624578,0.8918385052295918,653.3345969066668,467.7726528624578
61,10,654.1768497066668,1.4154273377556328,0.6115357468685151,468.0281338451999,0.9691382489685535,654.1768497066668,468.0281338451999
61,5,654.9504978488889,0.8625062137723528,0.6109577841707776,466.1800346804539,0.26250253827226117,654.9504978488889,466.1800346804539
61,0,655.8016139377778,0.6550351672002266,0.6106874277264276,463.9190255403523,1.7568783024245251,655.8016139377778,463.9190255403523
62,200000,1.5757577386666668,0.020323826021520525,0.6207544686440043,112.36188966161824,0.17306924416179859,1.5757577386666668,112.36188966161824
62,100000,2.370753351111112,0.17189666851788848,0.6184888293306933,112.46111373483014,0.30264678210355456,2.370753351111112,112.46111373483014
62,40000,4.809504853333334,0.08838449324413666,0.6201702089258692,112.97779620487199,0.5288603346326476,4.809504853333334,112.97779620487199
62,5000,31.779150080000004,0.05477468655538535,0.6207269543026475,114.61240921604423,0.4603247461436187,31.779150080000004,114.61240921604423
62,3000,52.36351793777778,0.09608263819555528,0.6178001889198285,116.01774811756866,0.7719481432518552,52.36351793777778,116.01774811756866
62,2000,77.12300920888889,0.049862053364913075,0.6202051722822778,117.73890873533753,0.7172737575874907,77.12300920888889,117.73890873533753
62,1500,101.98959786666667,0.08303614510160612,0.6196292067992896,119.78458872170408,0.6588415996961247,101.98959786666667,119.78458872170408
62,1000,149.7373592888889,0.15390378495601262,0.6186343920033487,123.67905213237857,0.22372159408014605,149.7373592888889,123.67905213237857
62,900,165.3557248711111,0.10442681518760873,0.6184762950611038,125.07272535393946,0.1440321832970657,165.3557248711111,125.07272535393946
62,800,184.24246762666667,0.271221292715847,0.6177937808534689,127.67950976323056,0.19026098418402035,184.24246762666667,127.67950976323056
62,700,208.7363719822222,0.1758481666298079,0.6171030285053911,130.31757199369108,0.4199579099792644,208.7363719822222,130.31757199369108
62,600,241.14420010666672,0.29832454683504994,0.6165014747398225,134.71347444578976,0.18172300235550332,241.14420010666672,134.71347444578976
62,550,261.6032563911111,0.1639825531681922,0.6170837798371899,137.6394900948999,0.43121483081326645,261.6032563911111,137.6394900948999
62,450,321.3126972088889,13.434263143242708,0.6212997246746359,148.37937494441607,2.962319459395434,321.3126972088889,148.37937494441607
62,380,396.2251098026667,14.205961117963037,0.6215958392895135,176.22876137640617,0.6228329720835983,396.2251098026667,176.22876137640617
62,340,454.04998648888886,0.4199459643041324,0.6234249883240451,195.95276701733587,0.163372712758839,454.04998648888886,195.95276701733587
62,300,503.29045248000006,1.162479898213442,0.619772375261615,214.60496849853917,0.33004112608766123,503.29045248000006,214.60496849853917
62,260,538.4999470577778,8.823626006055362,0.6219126521170564,225.94598634967346,2.0478967394422933,538.4999470577778,225.94598634967346
62,200,595.6020103111113,2.1142448871020982,0.6227707597526123,250.4061105713411,0.39862409626514467,595.6020103111113,250.4061105713411
62,180,639.9795229155555,0.4894984144018138,0.6223968330175568,308.1311535300511,0.9981098218588053,639.9795229155555,308.1311535300511
62,160,649.2283261866667,4.827039371854241,0.6208977862360473,391.65753726830604,3.227548765681502,649.2283261866667,391.65753726830604
62,140,645.0305328711112,1.9060539921745927,0.6211709129760058,428.8396904983452,5.238387510335986,645.0305328711112,428.8396904983452
62,120,644.0457001600001,2.4081017267197073,0.618228017568354,446.7815695184752,3.6082245025696396,644.0457001600001,446.7815695184752
62,100,643.9280884622223,1.9154705473754106,0.6196852157925232,458.4058483481569,0.4445540373841012,643.9280884622223,458.4058483481569
62,90,645.1563551288889,2.224759796128487,0.6188301482259878,460.1039019030623,2.7439726940825,645.1563551288889,460.1039019030623
62,80,645.6164731733334,0.7058867595988754,0.6180590761140116,461.1698782169826,1.9399000867842453,645.6164731733334,461.1698782169826
62,70,647.8410629688889,0.8979742749937741,0.6173415843227881,460.262841520947,0.8004539132571691,647.8410629688889,460.262841520947
62,65,650.9735812977779,4.15980420088775,0.6164225723378798,460.94755223679834,0.7478785493221808,650.9735812977779,460.94755223679834
62,60,646.402611768889,3.9164881985334516,0.6202139401112376,463.2860632089582,1.25379900640497,646.402611768889,463.2860632089582
62,55,648.2026621440001,4.10376007206016,0.6190665556024652,464.7822316080494,0.8327384931880103,648.2026621440001,464.7822316080494
62,50,646.1109919288889,1.1339736284754882,0.6242529665379755,464.22895861438514,2.274519431950133,646.1109919288889,464.22895861438514
62,45,646.0438780444445,2.0132751113039697,0.6238920409777425,467.8548865791875,0.4427982655617523,646.0438780444445,467.8548865791875
62,40,646.1667695644445,0.5533961188475143,0.6235261180393125,465.2235732047311,0.9692999897127701,646.1667695644445,465.2235732047311
62,35,646.4724905955555,0.10984967757468271,0.6228292543011659,467.7335429672451,1.5469129970477113,646.4724905955555,467.7335429672451
62,30,648.7413269333334,1.513381251954404,0.6223267987563886,465.6167942640131,1.206924996875656,648.7413269333334,465.6167942640131
62,25,648.487814968889,0.8159013821924694,0.6221192083528585,467.18920834653073,0.63059319997211,648.487814968889,467.18920834653073
62,20,649.2271913955556,1.9591109829170823,0.6216166999232292,467.22830690061227,2.173122087907082,649.2271913955556,467.22830690061227
62,15,649.1830848711112,1.6733993803156535,0.6215112368681132,465.8051447166046,2.8994388212067927,649.1830848711112,465.8051447166046
62,10,646.2826889066666,5.775185521736849,0.621840932368009,463.99207962252467,2.413475320713638,646.2826889066666,463.99207962252467
62,5,646.2664971022223,7.491414139747324,0.6221648111589446,464.74761997347287,1.4819391276258498,646.2664971022223,464.74761997347287
62,0,646.5928228977779,7.1119508930204915,0.6217535450472386,462.6644481824804,0.6483923132309221,646.5928228977779,462.6644481824804
63,200000,1.5930309546666668,0.03068851957520051,0.6314046093835146,112.49136231003376,0.45690748252994595,1.5930309546666668,112.49136231003376
63,100000,2.164765013333333,0.017531660963913315,0.6294650856867249,112.532857582441,0.31473133487692934,2.164765013333333,112.532857582441
63,40000,4.602958293333333,0.07331541157907152,0.6312794720968409,112.81775215244649,0.47197455535687743,4.602958293333333,112.81775215244649
63,5000,29.78150428444445,0.037524466024063834,0.6312339466678022,114.5916728737094,0.4677830022727037,29.78150428444445,114.5916728737094
63,3000,49.06700437333334,0.031739866127244304,0.627786585750547,115.51558427761033,0.011848256719717605,49.06700437333334,115.51558427761033
63,2000,72.38871324444445,0.01623940865211067,0.6298048893827272,117.4152429586918,0.3455515260295205,72.38871324444445,117.4152429586918
63,1500,95.81341063111113,0.08361789731227089,0.6284887278750863,119.36369392368852,0.5397470261160222,95.81341063111113,119.36369392368852
63,1000,140.73246599111113,0.05261571169013899,0.6280457269658539,123.58748231823388,0.22071050977544976,140.73246599111113,123.58748231823388
63,900,155.65307164444445,0.32878726141452147,0.6275544368445735,124.60772802253433,0.5215988066208526,155.65307164444445,124.60772802253433
63,800,173.91602325333335,0.12614684144296626,0.6273260100290975,126.89120169933362,0.025677475746019963,173.91602325333335,126.89120169933362
63,700,197.02075520000002,0.11926931235620636,0.6266648627979704,129.2335582650468,0.2808045070223725,197.02075520000002,129.2335582650468
63,600,227.1298570666667,0.0716292636392095,0.6260622603102753,133.4273657079363,0.1298093398344191,227.1298570666667,133.4273657079363
63,550,245.90931242666667,0.24379650446948628,0.6260829824238562,135.52351852306484,0.4806826934454842,245.90931242666667,135.52351852306484
63,380,379.60715157333334,,0.6250249448760227,166.9531440957684,0.14049491679415413,379.60715157333334,166.9531440957684
63,340,428.77290979555556,0.6186125186255573,0.632137056198523,185.14663028566176,0.8025501386455896,428.77290979555556,185.14663028566176
63,300,479.4559812977778,0.3280745163144313,0.6324690066880061,205.2450979332376,0.6025360849859661,479.4559812977778,205.2450979332376
63,220,574.30672224,11.280881367356931,0.6330602456647587,234.53097019367806,5.81545376413983,574.30672224,234.53097019367806
63,200,623.5488110222223,0.4453048876274234,0.6317149178054128,277.07627038872334,0.5165429972920208,623.5488110222223,277.07627038872334
63,180,652.5273180444445,0.6076349097837472,0.6297776861332934,342.50520426935196,1.1547719537095433,652.5273180444445,342.50520426935196
63,160,650.5282273422223,2.173594986414872,0.6262254665242631,396.23909663579747,1.631040217851388,650.5282273422223,396.23909663579747
63,140,647.5457789866667,1.6892574476146125,0.6337304437726845,434.9443089253541,2.074668134351551,647.5457789866667,434.9443089253541
63,120,641.6777870222223,1.2072457801373648,0.6304975736121252,448.1214540168199,1.3966403322229983,641.6777870222223,448.1214540168199
63,100,640.3051802311112,1.4959945505639543,0.6309035730376044,453.5972298858622,3.443434702350403,640.3051802311112,453.5972298858622
63,90,641.6613418666667,1.9045160644688888,0.6300531264709447,454.76468684883974,3.8709549433792088,641.6613418666667,454.76468684883974
63,80,641.005834168889,2.168924079597578,0.6292366791320074,456.6282118794877,4.901743391510899,641.005834168889,456.6282118794877
63,70,642.6684621511112,1.8715824620605077,0.6283604896066114,457.46437593486394,3.8083836408307055,642.6684621511112,457.46437593486394
63,65,643.1870532266668,1.964496924181403,0.6277862098926023,459.08225673427336,4.558585374163197,643.1870532266668,459.08225673427336
63,60,642.2674935466666,1.072237010966598,0.6291605575976682,457.6119157060086,1.5144266657146948,642.2674935466666,457.6119157060086
63,55,643.34607056,2.5343627271233697,0.6278642982900189,461.30900064852614,4.325259015328846,643.34607056,461.30900064852614
63,50,643.5705796977778,1.505203842098281,0.6282551669003663,457.9647931547858,0.14932619016262696,643.5705796977778,457.9647931547858
63,45,643.1573337066667,0.8702109462394512,0.6297299339663025,458.854344876515,1.2837922350567035,643.1573337066667,458.854344876515
63,40,642.7451888355556,1.5840027798379883,0.6311170111915169,460.19931995305075,1.8933453131820126,642.7451888355556,460.19931995305075
63,35,641.4884491733334,3.5968534892076116,0.6299813968589186,462.6655644469092,1.0677121980869375,641.4884491733334,462.6655644469092
63,30,641.8880467555556,2.4899537912769096,0.6295053701045089,460.96332325863347,2.340929749426348,641.8880467555556,460.96332325863347
63,25,642.5767160076191,5.839089049279525,0.6297118717650276,456.8845365201317,9.166446395110665,642.5767160076191,456.8845365201317
63,20,643.4461279762963,6.954197365267096,0.6303621289587401,457.39770301348847,9.20223966351868,643.4461279762963,457.39770301348847
63,15,642.4118947318518,7.321648407685402,0.6298753793812802,457.7044734281226,9.582474946132407,642.4118947318518,457.7044734281226
63,10,640.79939616,7.914440390133788,0.6298413445044961,457.0182277514934,10.463442886167918,640.79939616,457.0182277514934
63,5,639.5760948622222,9.689329272441324,0.630318548767648,459.2935833190399,8.982006892355562,639.5760948622222,459.2935833190399
63,0,639.7467106844446,9.373235034542839,0.6298296816231382,458.95708837031816,10.094686466816968,639.7467106844446,458.95708837031816
64,200000,1.58960224,0.03275371427719997,0.640399848042164,112.64940666171196,0.8258332535559864,1.58960224,112.64940666171196
64,100000,2.231925404444445,0.0013979920740730294,0.6414107720641588,112.94023267487462,0.7394963545199396,2.231925404444445,112.94023267487462
64,40000,4.377909924848485,0.3060171848620919,0.6391132371276185,113.0306194987558,0.5462256864088388,4.377909924848485,113.0306194987558
64,5000,31.050702684444445,0.7944784721152365,0.6414155641025997,115.00387852707523,0.6022723316952375,31.050702684444445,115.00387852707523
64,3000,52.050193920000005,0.0444727786805716,0.6419247541651808,116.80562947112833,0.8533623481644443,52.050193920000005,116.80562947112833
64,2000,77.42101553777779,0.1566075308092822,0.64056713755018,117.94721521146062,0.31281442927353037,77.42101553777779,117.94721521146062
64,1500,102.32390492444443,0.14239793001437906,0.6404795290617799,119.37563563022566,0.11886734356969526,102.32390492444443,119.37563563022566
64,1000,150.28056348444446,0.27097454457604875,0.6388309703714694,124.32108162340488,0.45540048126141647,150.28056348444446,124.32108162340488
64,900,166.16022336,0.14718928537421938,0.6386932210877637,126.05498500141773,0.3269235279659455,166.16022336,126.05498500141773
64,800,185.51483534222223,0.3850152665087563,0.6379697270930512,127.92201375594009,0.26520207170482274,185.51483534222223,127.92201375594009
64,700,210.07203178666668,0.11647344616305692,0.6377108384417994,131.07057761913768,0.36839139663965653,210.07203178666668,131.07057761913768
64,600,236.60467264,8.117204939492742,0.6402832954394803,135.13030899195735,0.7771650099377924,236.60467264,135.13030899195735
64,550,258.8805770133333,8.22773007569694,0.6391050184774285,136.48733537027383,0.9884342752463038,258.8805770133333,136.48733537027383
64,450,322.44491644444446,11.907284149700445,0.6405164994447394,148.85941099297006,2.8690334841146634,322.44491644444446,148.85941099297006
64,380,392.91851616,16.198692560190267,0.6382235208914141,171.27466010092644,5.7630841938191395,392.91851616,171.27466010092644
64,340,455.30898076444447,1.2822293512852827,0.6400596870217492,194.80339471891133,0.46101081312444553,455.30898076444447,194.80339471891133
64,300,504.23277724444443,0.592154504874124,0.636849605465614,212.5142941683039,0.19470280367090984,504.23277724444443,212.5142941683039
64,260,536.8518861155557,9.419713298981346,0.6388876614090977,222.28247105967583,2.4973388236791108,536.8518861155557,222.28247105967583
64,200,596.2420772977779,0.9707039119425912,0.6418614302044167,245.87157729962223,0.36786641498221073,596.2420772977779,245.87157729962223
64,180,642.4029879466667,0.32620837971578986,0.6408347490101403,303.83470648133954,2.075132284236513,642.4029879466667,303.83470648133954
64,160,647.5145247644446,2.348322734002223,0.6405612873022385,410.4111900198431,7.550703842602599,647.5145247644446,410.4111900198431
64,140,644.4321246933334,3.107326847124801,0.640368488563287,425.78456745006315,8.00717202250426,644.4321246933334,425.78456745006315
64,120,642.6501682133334,2.62971676236613,0.6398351760360451,444.998535671682,2.060429511875244,642.6501682133334,444.998535671682
64,100,644.5277611377778,0.24355189746224817,0.6409867946266017,453.95947026445197,1.712179231697474,644.5277611377778,453.95947026445197
64,90,642.8893853866667,0.8837269297081952,0.6401962835959253,453.7868907929558,0.8281915351987076,642.8893853866667,453.7868907929558
64,80,643.9021701688889,1.3084082474336134,0.6392148137349308,457.7649221992899,1.3906606237136185,643.9021701688889,457.7649221992899
64,70,644.2598051555556,0.7939698455656126,0.6383308649509124,457.989273811721,1.3846598571374817,644.2598051555556,457.989273811721
64,65,645.0747005866667,0.8608358298773578,0.637718175526308,459.5294190977288,1.654828932586356,645.0747005866667,459.5294190977288
64,60,644.5833391644445,2.7830234430479255,0.6366604143079565,461.8831989522817,1.893142963878873,644.5833391644445,461.8831989522817
64,55,642.3828910222222,0.3206933458602675,0.6361316692121352,461.35333317312103,1.6879979702368835,642.3828910222222,461.35333317312103
64,50,643.4036070400001,0.6891621237236465,0.6355515160160561,464.1918603534662,1.0884130931007192,643.4036070400001,464.1918603534662
64,45,642.8812897066667,1.1783814206040901,0.6352923994649248,462.97266068021173,1.1935674689344338,642.8812897066667,462.97266068021173
64,40,654.0040274488889,0.46521545943646025,0.6393076599639529,440.5909535042884,1.2779705807282076,654.0040274488889,440.5909535042884
64,35,653.7955309511111,0.46220416811597104,0.6373443942966336,441.2681890602716,2.0057895610723806,653.7955309511111,441.2681890602716
64,30,653.4923201422222,1.324878565724593,0.6407780831974961,451.807392667868,7.285283631909589,653.4923201422222,451.807392667868
64,25,650.8674879146668,3.0232470876057618,0.6405945508069772,459.146689094493,1.61196822412914,650.8674879146668,459.146689094493
64,20,648.2131035022222,0.33001743661295146,0.6439216045253574,459.6129656557903,1.5770801237418257,648.2131035022222,459.6129656557903
64,15,647.43653568,1.3620513032267467,0.6438924754933787,460.2301371427524,1.2905957094168972,647.43653568,460.2301371427524
64,10,646.1450195911111,0.8346836494353037,0.643310297213665,462.56334623437965,0.4773913100741477,646.1450195911111,462.56334623437965
64,5,644.5222629688889,0.4151241451521755,0.6425087033099041,462.0442442461017,0.6847306679799541,644.5222629688889,462.0442442461017
64,0,647.17024,2.449119370887497,0.6423206303209607,462.0153744925555,1.6037876560272026,647.17024,462.0153744925555
65,200000,1.5316831066666667,0.05222264443347267,0.6498806790407937,112.4978198853174,0.4991219138282093,1.5316831066666667,112.4978198853174
65,100000,2.1926524444444446,0.023308517229436044,0.646975420101835,112.76032744538254,0.6900284003824311,2.1926524444444446,112.76032744538254
65,40000,4.125551075555556,0.021187932554576662,0.6521284212100161,112.5851013380322,0.1029030449432238,4.125551075555556,112.5851013380322
65,3000,49.284250026666676,0.05831776010603585,0.6459267412961044,116.07647816156022,0.7904534554817436,49.284250026666676,116.07647816156022
65,2000,72.8185906488889,0.17345309576134738,0.6468406014174938,117.61209906441577,0.27596608465458056,72.8185906488889,117.61209906441577
65,1500,95.96511239111112,0.13291102401458246,0.6477956857649728,119.55898396049622,0.13337620537469674,95.96511239111112,119.55898396049622
65,1000,141.2640881066667,0.3037093823505215,0.64710621416403,123.609784523915,0.30438693938706773,141.2640881066667,123.609784523915
65,900,155.87096547555555,0.17893904333406768,0.6467044904693422,125.12972910486967,0.7325018354537185,155.87096547555555,125.12972910486967
65,800,173.74504419555555,0.11490521118016979,0.6459687722393946,127.17452378409314,0.21757049105341403,173.74504419555555,127.17452378409314
65,700,203.15294766222223,6.3235123151298245,0.6501005638499041,129.6772628628377,0.5908261172235125,203.15294766222223,129.6772628628377
65,600,238.26446469333337,7.025737057405975,0.6520249797696325,133.86523783977006,1.004726476863942,238.26446469333337,133.86523783977006
65,550,256.019027712,8.458623715397433,0.6507158055612345,137.75282468278567,0.050305767216719276,256.019027712,137.75282468278567
65,380,404.00381006222227,0.3470259517795593,0.6505443852666829,174.33632983391848,0.11758667030877236,404.00381006222227,174.33632983391848
65,340,438.4454015288889,13.59302390392959,0.6502766792595438,187.2569816274789,4.127650889282458,438.4454015288889,187.2569816274789
65,300,488.9547308088889,12.297469187047467,0.6491743854853546,205.8825654361674,4.248173095615813,488.9547308088889,205.8825654361674
65,220,577.4270863644446,11.699768559644427,0.6511966078807337,230.89819861258556,4.987021539666676,577.4270863644446,230.89819861258556
65,200,628.4705117155555,0.5226630815517398,0.6503701012494608,276.72524293982264,0.5730942407385137,628.4705117155555,276.72524293982264
65,180,645.4445119288889,4.025100148231229,0.6481126516123128,380.88552181515024,1.0730644948970804,645.4445119288889,380.88552181515024
65,160,646.6700389333333,3.7561081885209897,0.6525942712237088,378.480511382644,16.855222259594306,646.6700389333333,378.480511382644
65,140,652.6357781333334,1.604026704794729,0.6481196410108166,389.8680166979643,2.242573068877895,652.6357781333334,389.8680166979643
65,120,652.5816753777777,1.2413018351946359,0.6508837846237362,427.43024834435346,10.483456900746482,652.5816753777777,427.43024834435346
65,100,649.0867316622222,4.3540576926355055,0.6497940216847394,439.3837166940927,4.748029711837934,649.0867316622222,439.3837166940927
65,90,648.2626671288889,5.370611506886676,0.6499012149920563,445.35888978410327,2.305813679274717,648.2626671288889,445.35888978410327
65,80,647.856089362963,4.811022754846401,0.6512877589212898,447.91513835361405,4.141774000026971,647.856089362963,447.91513835361405
65,70,647.6057294696298,3.8067175439696244,0.6510111272048588,451.3866503781677,7.203350027591929,647.6057294696298,451.3866503781677
65,65,648.4479515496297,2.059420463150547,0.6508383745781269,453.3719551901579,6.358007784219394,648.4479515496297,453.3719551901579
65,60,648.8758582518519,1.681706612213761,0.6505336584525463,455.4990028573989,7.791333743519607,648.8758582518519,455.4990028573989
65,55,647.981059602963,1.4068647488250958,0.6502505964862278,455.45062950263593,7.491080341727762,647.981059602963,455.45062950263593
65,50,648.1035290311112,1.5563575235202207,0.6500296045509253,456.5745887493415,7.411270685694927,648.1035290311112,456.5745887493415
65,45,650.3968720355556,2.9066413665063617,0.6495571502552002,456.7101913885838,6.9924006673392585,650.3968720355556,456.7101913885838
65,40,651.3053935644444,2.258374964627178,0.6489805701496013,453.7270017728021,2.7834797962085682,651.3053935644444,453.7270017728021
65,35,649.8977346133335,1.9795498359683652,0.6479158861759364,454.9197768723236,4.77326030523703,649.8977346133335,454.9197768723236
65,30,652.7271626666666,0.3024643757373271,0.6499793194993262,453.0065340753019,2.213234711841673,652.7271626666666,453.0065340753019
65,25,651.9554029511112,1.771050625207048,0.6496904617711596,455.80825706703695,1.6674920065529226,651.9554029511112,455.80825706703695
65,20,649.7815386666667,2.58687251100311,0.6509401111166621,455.0865852170795,2.9301239330125903,649.7815386666667,455.0865852170795
65,15,647.9377840711111,1.9408286549911529,0.6520409878925332,455.02758434374533,2.111179484695297,647.9377840711111,455.02758434374533
65,10,648.2999051022222,2.0158671896819507,0.6516758812753595,457.6752386229894,2.0685819857233514,648.2999051022222,457.6752386229894
65,5,649.1257428266667,1.017220016278665,0.650922334881125,457.55415265295255,1.159548447547397,649.1257428266667,457.55415265295255
65,0,649.1434954311111,1.0490807187808049,0.6504604911787114,455.5494080934386,1.161410582951402,649.1434954311111,455.5494080934386
66,200000,1.4406013724444444,0.06335868633268736,0.659924096384666,112.36033882745176,0.32631981853634123,1.4406013724444444,112.36033882745176
66,100000,2.220144817777778,0.03895669936074719,0.6614789703071304,112.5372218156757,0.31655763051315,2.220144817777778,112.5372218156757
66,40000,3.983191324444445,0.02564814517922927,0.6637837517170699,112.86314678935703,0.6216847730526651,3.983191324444445,112.86314678935703
66,5000,31.13483640888889,0.9201884448191848,0.6593709532854324,114.78420796661499,0.36894509562740657,31.13483640888889,114.78420796661499
66,3000,50.57564245333334,1.7494514300968256,0.6596843020315312,116.05034038844569,0.6167924598364734,50.57564245333334,116.05034038844569
66,2000,77.26400896000001,0.28370988022423627,0.6561833081490214,117.72352608179881,0.5209917560779581,77.26400896000001,117.72352608179881
66,1500,101.9385567288889,0.27774506148727734,0.6572683453281999,119.81013876442933,0.40613332242913586,101.9385567288889,119.81013876442933
66,1000,147.54498863999999,4.32980854569654,0.6580877728002965,124.23551778047425,0.7110860761319858,147.54498863999999,124.23551778047425
66,900,160.5472829511111,5.2886872267653455,0.6601302165696682,125.74593813985416,0.80228554126036,160.5472829511111,125.74593813985416
66,800,179.26807502222223,5.847690703622102,0.6598407751429033,127.40160514036857,0.5142717334375325,179.26807502222223,127.40160514036857
66,700,196.92030307555558,0.07598936799020467,0.6638160154680017,129.33643007568094,0.3516978731459157,196.92030307555558,129.33643007568094
66,600,227.3247551288889,0.3933268655990045,0.663260713631281,132.8121576609249,0.4788628256039077,227.3247551288889,132.8121576609249
66,550,245.5436069688889,0.2108161374184367,0.6624218757752169,135.39977098436597,0.4097302071767895,245.5436069688889,135.39977098436597
66,450,315.5495408888889,15.32613357763225,0.6592128944153552,146.99614125818502,3.594121317168431,315.5495408888889,146.99614125818502
66,380,379.6262094933333,0.40905695794622376,0.6582053843032072,166.2952456677622,0.3107770673852896,379.6262094933333,166.2952456677622
66,340,427.88939768888895,0.8959837964895462,0.6645642204720955,183.6183234787428,0.12736851767731514,427.88939768888895,183.6183234787428
66,300,476.90056128,0.9677768533951684,0.6642017895680482,200.83913719276697,0.6730820318500892,476.90056128,200.83913719276697
66,260,537.9279302755556,10.271237378656416,0.6567414278533229,219.31598331386195,2.3173462051268516,537.9279302755556,219.31598331386195
66,220,560.4279536355556,0.9375303636069746,0.6645535393353116,223.00992158183098,1.126956759109035,560.4279536355556,223.00992158183098
66,200,588.7907716266667,0.12569094813688292,0.6561709237518029,236.86757153469296,0.2234136316052236,588.7907716266667,236.86757153469296
66,180,629.9674030293334,11.74734145016041,0.6606863342876594,274.53344110101057,14.855270792458915,629.9674030293334,274.53344110101057
66,160,641.0719939377778,18.018802680700254,0.6628262376227064,317.2338320448491,56.5252170770537,641.0719939377778,317.2338320448491
66,140,650.7788721422222,6.427643172532878,0.6609761909043829,384.71403279416535,48.768525870883146,650.7788721422222,384.71403279416535
66,120,650.5937125451852,5.991174158317412,0.6613665232469326,430.4775076068437,6.863278721942072,650.5937125451852,430.4775076068437
66,100,646.8278753422223,6.496851802373359,0.6600172484529785,431.7631037806947,11.325845450621907,646.8278753422223,431.7631037806947
66,90,647.0815650844446,6.292187033074282,0.659665201049172,434.7282596367692,8.04031553975086,647.0815650844446,434.7282596367692
66,80,650.6075239111111,5.585398211099921,0.6611107187472429,431.53098166567133,7.418683693910495,650.6075239111111,431.53098166567133
66,70,652.78266592,6.307342245255022,0.660668886555905,434.10208262989204,8.838371355417586,652.78266592,434.10208262989204
66,65,652.1277490133334,5.562959340784525,0.6605792779128917,435.43251305641456,5.545342588968019,652.1277490133334,435.43251305641456
66,60,652.6012372977779,4.820517191738624,0.6598334884297162,436.8416557013354,6.846689238620124,652.6012372977779,436.8416557013354
66,55,651.2965170590477,2.453650707601995,0.6603831974643454,438.3226128240174,7.055945674292713,651.2965170590477,438.3226128240174
66,50,652.7496318340741,5.675866447768792,0.6612751163178249,439.67197286637094,5.928976988100695,652.7496318340741,439.67197286637094
66,45,653.1225533392593,5.207063898280693,0.6609066185884444,439.28600353178695,6.517763125940636,653.1225533392593,439.28600353178695
66,40,653.4901130192593,4.505562376016957,0.6607285302426334,441.4756694680712,6.2569696078774895,653.4901130192593,441.4756694680712
66,35,652.3270648888889,3.0508779461976574,0.6600920171609167,447.16801253772843,4.988540206005696,652.3270648888889,447.16801253772843
66,30,654.4446386488889,2.850038359591729,0.659577711425858,450.2559065440142,4.164473331877442,654.4446386488889,450.2559065440142
66,25,651.7803505303705,2.722845596630016,0.6592944130907055,450.997940259981,2.2777330169577956,651.7803505303705,450.997940259981
66,20,652.5018353333335,3.471714036975199,0.659481799997559,453.2730585512674,1.3325070609347278,652.5018353333335,453.2730585512674
66,15,653.2268625422222,3.078921395500549,0.6607456465335759,454.2191128662984,1.0365077920200887,653.2268625422222,454.2191128662984
66,10,653.5765792474074,3.7832021017390405,0.6617691006019601,456.1789611559048,1.306284773179517,653.5765792474074,456.1789611559048
66,5,654.4131423051853,3.892683751909077,0.6609849630538034,454.1581568855236,2.4941254353250137,654.4131423051853,454.1581568855236
66,0,655.5974080000001,3.39182324135474,0.6606533799199963,454.1603439309503,1.3877950731534368,655.5974080000001,454.1603439309503
67,200000,1.4083588654545456,0.04455085306044964,0.6677777009486914,112.46493688433496,0.45050951638916303,1.4083588654545456,112.46493688433496
67,5000,28.87772492190476,2.0007138073169752,0.6689438805284003,114.94336755127672,0.45244917989351857,28.87772492190476,114.94336755127672
67,3000,45.862903639365086,3.3482598417910827,0.6720486202115236,115.62103469571478,0.4842185416896138,45.862903639365086,115.62103469571478
67,2000,68.23509013333333,4.951563612028087,0.6712863527634341,117.13377619919889,0.5591624151673465,68.23509013333333,117.13377619919889
67,1500,91.93474715733335,5.893044324993726,0.6717093476787793,119.08664772012435,0.6093816527518706,91.93474715733335,119.08664772012435
67,1000,134.47619010133332,9.099760251615658,0.6719244970090684,123.22499487818715,0.9410030421805745,134.47619010133332,123.22499487818715
67,900,149.46434428,9.469793445948849,0.6723614273809572,124.52738365290416,1.0164228159442552,149.46434428,124.52738365290416
67,800,162.57197708190478,12.049136929939948,0.6726218081281763,125.74293880805519,1.107893945486062,162.57197708190478,125.74293880805519
67,700,184.32599192380954,13.515379770734972,0.6723182481621223,128.25368345888288,1.145363339666511,184.32599192380954,128.25368345888288
67,600,212.9294907530159,15.897217257228878,0.6719973573921815,131.33924474382442,1.903151497730515,212.9294907530159,131.33924474382442
67,550,230.79541337396827,17.186952360374722,0.6718581295700042,133.61878502836467,2.096239136579908,230.79541337396827,133.61878502836467
67,450,266.67805689904765,19.73981066560314,0.6720279391436913,137.6767021912976,4.230519910479871,266.67805689904765,137.6767021912976
67,380,351.9007231466667,51.75861831314825,0.6702802133184825,157.99815615446627,15.582862183014258,351.9007231466667,157.99815615446627
67,340,387.04801301333333,72.99604483348378,0.6718844745848143,170.35689623072614,23.634248395172015,387.04801301333333,170.35689623072614
67,300,418.56393351111114,90.63768109882844,0.6692678651041112,177.67906540909095,33.07960858302383,418.56393351111114,177.67906540909095
67,260,481.5244284681482,76.07470911329303,0.6698798407679377,197.9374738841319,27.664009703629464,481.5244284681482,197.9374738841319
67,220,526.3557207466667,66.64622711353904,0.6701303093370894,210.96189461467245,20.52245408326566,526.3557207466667,210.96189461467245
67,200,564.4633323662222,51.34663887399577,0.667983654482534,228.61498321087802,22.67835633467787,564.4633323662222,228.61498321087802
67,180,573.5814164133334,35.47852683290955,0.6694795409674051,249.62029972097656,60.98941184320971,573.5814164133334,249.62029972097656
67,160,587.3773531733334,16.586149391770725,0.66797820946873,233.46507125506403,8.671588945645428,587.3773531733334,233.46507125506403
67,140,633.7256854992593,18.666650422115836,0.6665380440677954,282.45911450393993,26.260428109596315,633.7256854992593,282.45911450393993
67,120,661.1141827792593,3.2999623939298046,0.6666105614980625,374.6026659378922,33.28629359108634,661.1141827792593,374.6026659378922
67,100,649.3548988207408,6.075840185956189,0.6666323515599887,421.6382969245658,8.748109436337339,649.3548988207408,421.6382969245658
67,90,650.2221805985185,5.025183780013909,0.666610578418121,429.6369406533688,5.326051143496148,650.2221805985185,429.6369406533688
67,80,650.6167341985185,3.7948001037024164,0.6666426934936971,432.4691325603183,4.006901331126485,650.6167341985185,432.4691325603183
67,70,650.8433739851852,4.429666814392999,0.6666346107488479,435.26044805347675,4.468062662041216,650.8433739851852,435.26044805347675
67,65,648.6896790518518,3.109114280072918,0.6665393087682759,435.58796598468916,4.755027203099845,648.6896790518518,435.58796598468916
67,60,649.5414594607407,3.2419699140966154,0.666434284004001,438.24147796418,3.3693769991531743,649.5414594607407,438.24147796418
67,55,650.3827338666667,3.1715419555084154,0.6665722612588286,439.03257814631684,5.604870055167631,650.3827338666667,439.03257814631684
67,50,655.4391541688889,2.7569385477262824,0.667087572549018,440.83915528103233,3.7827680986481824,655.4391541688889,440.83915528103233
67,45,653.7963604622223,1.3544939262749818,0.666936906288435,440.3037975023091,3.349427869064646,653.7963604622223,440.3037975023091
67,40,652.7897165155556,0.9389152762542354,0.6669255004445026,442.0164994126833,3.9942385240020286,652.7897165155556,442.0164994126833
67,35,653.7673977955557,3.4303856302039857,0.6667996046404049,445.41001224172663,3.096033876073943,653.7673977955557,445.41001224172663
67,30,655.0440506311111,2.8328151778688757,0.6665925894157941,452.35113680309246,2.4333680462574576,655.0440506311111,452.35113680309246
67,25,654.35874976,1.3845488699564814,0.6663466403423483,453.4280245698797,3.124085842929532,654.35874976,453.4280245698797
67,20,655.190626737778,1.4344432261568254,0.665976641699387,451.92124500189294,2.1237755628884543,655.190626737778,451.92124500189294
67,15,657.3599841422223,1.8850056000521305,0.6658756434856122,453.32116567149563,0.5508026637798867,657.3599841422223,453.32116567149563
67,10,656.7143809422223,0.20198165356050893,0.6664452751380961,453.84132068057914,1.6744934576121275,656.7143809422223,453.84132068057914
67,5,658.0208352000001,0.7780946867701024,0.6660164003150953,453.80730286864497,0.6713842278298925,658.0208352000001,453.80730286864497
67,0,655.2594597688889,0.1379807355842651,0.6654782819595154,456.5713934435235,1.8628273703546714,655.2594597688889,456.5713934435235
68,100000,2.2466351644444447,0.06039661920911723,0.6803995490430991,112.72686774583967,0.4747479198005022,2.2466351644444447,112.72686774583967
68,40000,4.175073848888889,0.0070928304016862,0.6772092572992913,112.42033932138746,0.19774344806571473,4.175073848888889,112.42033932138746
68,5000,26.43431840969697,0.9261472227444183,0.6766587154267111,114.32656812256873,0.30724112087696137,26.43431840969697,114.32656812256873
68,2000,69.39045813333334,4.6216821236186965,0.6761037617215865,117.02038117940283,0.45627537576186433,69.39045813333334,117.02038117940283
68,1500,82.38602826666667,0.8078742158411241,0.67590475707401,118.40560751984509,0.5510836209824442,82.38602826666667,118.40560751984509
68,1000,121.17412252444444,1.1805596097347337,0.6755196761372302,121.90675939092664,0.5001003046038149,121.17412252444444,121.90675939092664
68,900,133.50733755733333,1.3479945947071954,0.6754343998017012,123.24133405191628,0.3039622643547972,133.50733755733333,123.24133405191628
68,600,186.43275072000003,0.237585746668459,0.6845954826714516,124.54146288097854,0.301583068840641,186.43275072000003,124.54146288097854
68,550,199.44202424888888,0.18862917239620589,0.6806890340412082,125.7228955715445,0.5994261410865087,199.44202424888888,125.7228955715445
68,450,319.1568928711111,0.4287239801991605,0.6768702460540911,147.72527621522067,0.42471778157741064,319.1568928711111,147.72527621522067
68,380,333.0890725079365,32.21743633863643,0.6773060426123514,152.59721651507144,9.240312696242905,333.0890725079365,152.59721651507144
68,340,380.0451601178948,39.212932394530135,0.6821744878089907,166.33387454031637,12.897944233674158,380.0451601178948,166.33387454031637
68,300,472.22075633777774,15.453890046129466,0.6796295885061492,197.58920965178837,5.0683862698818265,472.22075633777774,197.58920965178837
68,260,510.2737485511111,0.29393177447467783,0.6798746050737406,208.9061915974362,0.5231814529382584,510.2737485511111,208.9061915974362
68,220,546.8017598399999,4.970180481455567,0.6784474581187991,218.8953167456035,0.6557033629812534,546.8017598399999,218.8953167456035
68,200,556.7351136711112,0.8518731706880497,0.6761432352460178,219.79469658259586,0.16166596605719386,556.7351136711112,219.79469658259586
68,90,650.6784247466668,,0.6849148948297235,425.307707979119,4.759959804308025,650.6784247466668,425.307707979119
68,80,645.9947613155556,0.9141467227243674,0.6849412865105173,421.6353280675942,1.9358191587950164,645.9947613155556,421.6353280675942
68,70,651.8270193066667,2.279404159845643,0.684740747298664,426.63346570737673,5.454685977922885,651.8270193066667,426.63346570737673
68,65,651.2296697600001,2.284929692512978,0.684589390486766,428.198664851745,4.44952412941878,651.2296697600001,428.198664851745
68,60,653.0312091733334,2.036161449187081,0.6844314706674011,432.8632252976863,4.526830927860656,653.0312091733334,432.8632252976863
68,55,654.5189316266666,0.43837957752545764,0.6843607839739202,430.2961405494413,2.182034546680849,654.5189316266666,430.2961405494413
68,50,658.5254885688888,3.617817071709244,0.6843488727523844,433.67113546549535,4.147072700954632,658.5254885688888,433.67113546549535
68,45,653.7098340977778,2.4255738369206528,0.6842373957504874,430.31652010754766,1.3290843466654958,653.7098340977778,430.31652010754766
68,40,657.3213498311111,1.813781683375589,0.6841866462170517,433.8599353392768,3.456858441431978,657.3213498311111,433.8599353392768
68,35,657.6025193244445,2.8354016976844423,0.6835306760510913,438.2448089224302,1.8941414966570709,657.6025193244445,438.2448089224302
68,30,659.2593309866667,2.0838591373148234,0.683300885004873,437.9684900115072,1.2555759458832834,659.2593309866667,437.9684900115072
68,25,659.5803553422222,0.6848999185189729,0.6827830391244545,442.11343383595926,0.20256083162485725,659.5803553422222,442.11343383595926
68,20,659.56803712,0.953003868177543,0.6822353351794522,443.00148838794263,0.5261610601506025,659.56803712,443.00148838794263
68,15,660.3679096177779,0.9172383913632418,0.6817898244508083,442.302303842969,0.25174373974959324,660.3679096177779,442.302303842969
68,10,659.4673781333333,0.3364321743847573,0.6812207095729169,442.88883965054447,0.23233678942976432,659.4673781333333,442.88883965054447
68,5,659.8634176711112,0.6865362367077313,0.6804827907218519,439.9130562622034,0.6078880155595661,659.8634176711112,439.9130562622034
68,0,658.9552449422222,1.0582708986232545,0.6798863906930604,441.53207124456384,1.4788915397968008,658.9552449422222,441.53207124456384
69,100000,2.217544711111111,0.05409407283023351,0.6894918652983034,112.6516545751066,0.418200812122631,2.217544711111111,112.6516545751066
69,40000,4.028867057777778,0.021503699814130767,0.6879094523013222,112.89066117803274,0.5339120137338572,4.028867057777778,112.89066117803274
69,3000,41.595836657777774,0.0580705014043979,0.6919946165937074,115.57313577910993,0.48397524256638313,41.595836657777774,115.57313577910993
69,2000,61.81117162666667,0.06092536936842257,0.6913106122085501,116.78719529096064,0.47138643924145496,61.81117162666667,116.78719529096064
69,1500,81.38440853333334,0.1283727303884596,0.6928184695396826,118.37070205164349,0.4701079109783438,81.38440853333334,118.37070205164349
69,1000,119.51408789333334,0.4397945569059664,0.6930947991410513,122.17985923250042,0.6644895596504764,119.51408789333334,122.17985923250042
69,900,131.71217031111112,0.47066379287522253,0.6931161003229548,123.27246299621804,0.5160053002200912,131.71217031111112,123.27246299621804
69,800,147.1877796266667,0.19611275590763594,0.6926354691532127,125.06903000572602,0.5529131089902899,147.1877796266667,125.06903000572602
69,700,166.33262560000003,0.4425042130706809,0.6928619199769236,124.75147657718283,2.154432825083446,166.33262560000003,124.75147657718283
69,600,192.5569700266667,0.19772920028976565,0.6920144691289973,129.40944468994755,0.5322377084799965,192.5569700266667,129.40944468994755
69,550,209.0133259377778,0.15181422895376964,0.6917542769038924,131.3266140612434,0.13369627260561914,209.0133259377778,131.3266140612434
69,450,251.26473742222223,0.332910818612518,0.6914554775603152,136.2361810921589,0.26101682123329295,251.26473742222223,136.2361810921589
69,380,342.1154596266667,51.00585172530336,0.6921486990425388,156.49041742382184,14.624619482212033,342.1154596266667,156.49041742382184
69,340,403.9728361955556,26.765827865134124,0.6912139451993038,174.77345565363126,8.847739013007544,403.9728361955556,174.77345565363126
69,300,427.77479856592595,35.382596934699016,0.6921688953256251,182.39347431289013,11.361923541507092,427.77479856592595,182.39347431289013
69,260,497.32131936711113,24.191155208932845,0.6895657541447621,203.87716315254596,6.96930587951854,497.32131936711113,203.87716315254596
69,220,519.49412096,14.637188979058257,0.6890525010665469,210.15017018018702,4.583497271400931,519.49412096,210.15017018018702
69,200,539.5092080355556,3.522267641498683,0.6860438852241825,215.48305505882692,1.340524974721609,539.5092080355556,215.48305505882692
69,180,561.5376378311112,0.8703198283609886,0.6942884698726584,217.45968387589448,0.25799309297539896,561.5376378311112,217.45968387589448
69,160,594.0835125333334,0.63999586170751,0.6854803027938733,231.46270245741928,0.390155452419065,594.0835125333334,231.46270245741928
69,140,645.3534146133333,,0.6851072810467861,285.6663559883089,0.955002608787885,645.3534146133333,285.6663559883089
69,120,663.5866680533334,3.7741842170641653,0.6850903404972792,392.54290207738904,0.2138086161959841,663.5866680533334,392.54290207738904
69,100,653.7344127288889,3.163876425082598,0.6853114715937437,424.2237805064886,2.8930611322507422,653.7344127288889,424.2237805064886
69,10,655.1409332266667,0.48848716467845527,0.6948142433376359,430.4114318259514,1.2608823921125998,655.1409332266667,430.4114318259514
69,5,655.1271353600001,0.5644982610442448,0.6938609109869693,428.2717357159085,1.5435827267659539,655.1271353600001,428.2717357159085
69,0,655.8344124444444,0.7160854807253897,0.6931763691995857,425.79230857599265,1.1664469760904155,655.8344124444444,425.79230857599265
70,340,332.8839840711111,0.663555410437811,0.6998192597462425,152.2062381012601,0.4479804736630085,332.8839840711111,152.2062381012601
70,300,427.09563584000006,0.5804667485561131,0.6953860795537247,182.2755186473114,0.1330115331512466,427.09563584000006,182.2755186473114
70,260,446.7922688355556,5.49581186235863,0.6967089712850759,187.73439287785018,1.424595638453421,446.7922688355556,187.73439287785018
70,200,535.1419900444445,0.4531128550966344,0.7047732392629737,211.54000905934367,0.465227464509044,535.1419900444445,211.54000905934367
70,140,614.7053745066667,0.11681918938439623,0.7015623099894382,243.25815739190907,1.1116721270041479,614.7053745066667,243.25815739190907
70,120,659.8930868622223,0.4754103029304477,0.7015004885192452,324.7049722668607,1.0983049523785833,659.8930868622223,324.7049722668607
70,100,653.5893568,7.739600620768058,0.7016119790688475,397.51373390810414,3.8149503098496393,653.5893568,397.51373390810414
70,90,654.1376653511111,3.36528625152227,0.7015354486008172,408.5146023512289,1.9095421297425235,654.1376653511111,408.5146023512289
70,80,654.1083975111111,4.6204191575491045,0.701192245723599,406.5589797541899,4.814307935010344,654.1083975111111,406.5589797541899
70,70,657.3305601422222,4.376870507902859,0.7010695792400133,407.77087737108815,3.7188047127615755,657.3305601422222,407.77087737108815
70,65,654.5826478933334,1.4473830501083678,0.7008355085549639,409.955037862323,3.6542766074755355,654.5826478933334,409.955037862323
70,60,654.8779219911112,1.2687108736983594,0.700668158161286,414.6482714722994,1.430844656335147,654.8779219911112,414.6482714722994
70,55,658.3597670400001,1.351138966426904,0.7004457857187742,412.75106248984684,2.658507562924323,658.3597670400001,412.75106248984684
70,50,659.6067790222222,0.47436943722672065,0.7004067033235241,416.3989055055631,0.36931775603543093,659.6067790222222,416.3989055055631
70,45,659.28352256,5.054289508097223,0.7001162229303338,414.49520409005527,3.441357445368012,659.28352256,414.49520409005527
70,40,659.4402555022222,4.8282151181275665,0.6997770718781723,417.1169666119793,2.9181841886786075,659.4402555022222,417.1169666119793
70,35,663.570957511111,2.0724657495038046,0.6987427894862738,423.4455710417654,2.1894613634133884,663.570957511111,423.4455710417654
70,30,662.6059621688888,3.390042013829772,0.6979961789985717,426.98420187260587,0.7625358293649527,662.6059621688888,426.98420187260587
70,25,662.3947985066667,0.564610842267655,0.6973678498640289,427.737950141254,0.5562127397491413,662.3947985066667,427.737950141254
70,20,659.4266345955556,0.876298395622777,0.6967084100551562,428.3013033626391,1.117067942747693,659.4266345955556,428.3013033626391
70,15,657.3651459555555,1.018020528349077,0.6959261813540492,428.91969610283485,0.14959916176803562,657.3651459555555,428.91969610283485
70,10,659.4237625066668,2.851360355381073,0.702181399421701,423.6704619743081,0.7828263328578526,659.4237625066668,423.6704619743081
70,5,659.4523251911111,1.2309237036731602,0.7033249761076119,420.2957629093017,0.8206007558958398,659.4523251911111,420.2957629093017
70,0,660.9800066844444,0.18001728934115027,0.7023274230028872,417.6240128641297,1.6586036207685737,660.9800066844444,417.6240128641297
71,100000,2.06888594962963,0.07742780934933664,0.7088795657428895,112.75205144982368,0.33876527027906084,2.06888594962963,112.75205144982368
71,40000,4.082739128888889,0.02602716001310204,0.7108139305029075,112.76527847455527,0.5169225357138422,4.082739128888889,112.76527847455527
71,5000,24.156649599999998,0.05397551684900706,0.7090816419285879,114.40887556635352,0.4918235711831117,24.156649599999998,114.40887556635352
71,3000,39.883521280000004,0.09810463593197165,0.7060414706123569,115.20074021213979,0.24694358368140565,39.883521280000004,115.20074021213979
71,2000,58.91961841777778,0.021161086548891407,0.7075426193919169,116.8166324926567,0.6671335766017324,58.91961841777778,116.8166324926567
71,1500,77.52572437333335,0.06606230786765153,0.7085510932814434,118.29054572139289,0.32981896012400064,77.52572437333335,118.29054572139289
71,1000,113.84336483555558,0.18355705702084543,0.7092210092907933,121.7432859933391,0.6587657313113493,113.84336483555558,121.7432859933391
71,900,125.32806350222222,0.12865508203469062,0.7094112881881314,123.10719606213785,0.3224464107638764,125.32806350222222,123.10719606213785
71,800,139.78791608888892,0.21407130302302618,0.7088643746003193,124.1732107133909,0.3037114597012633,139.78791608888892,124.1732107133909
71,700,158.32725518222225,0.2511826543887584,0.7087235434640634,126.18219690905637,0.5595549477742776,158.32725518222225,126.18219690905637
71,600,182.7009611377778,0.08478830414588939,0.7083929197631668,128.20925363013043,0.3072911569279095,182.7009611377778,128.20925363013043
71,550,198.61870492444447,0.315750839829004,0.7083311233670919,129.78862722997155,0.46186905757268293,198.61870492444447,129.78862722997155
71,450,239.2130495288889,0.29943935540988115,0.7081158170243042,134.20044769183767,0.31913973533096535,239.2130495288889,134.20044769183767
71,380,279.9612191288889,0.17434404940661574,0.7094147983109113,140.19198807611247,0.16354524145197216,279.9612191288889,140.19198807611247
71,340,313.62887296,0.18040814457528034,0.7134814313568767,146.66234232430534,0.4869072919558057,313.62887296,146.66234232430534
71,300,385.86227406222224,0.24829917540048016,0.7104548104896905,168.59111000153308,0.23865893791449155,385.86227406222224,168.59111000153308
71,260,443.2484546133334,0.7234846127197642,0.7143878772734232,185.90278382754187,0.24450354108020025,443.2484546133334,185.90278382754187
71,220,502.9932984177778,0.30447180851048383,0.7098370459031166,202.1686820093669,0.40394750262846146,502.9932984177778,202.1686820093669
71,160,574.2964232533333,0.5180910025603411,0.7058620797902811,217.46649041815726,0.9774731051450471,574.2964232533333,217.46649041815726
71,100,658.6471903288889,2.227047067899147,0.7144848974867967,406.52179083707614,3.3534685865474163,658.6471903288889,406.52179083707614
71,90,660.4197063111111,3.4884646067103158,0.7143413527601065,410.4002667361292,3.8009395099134564,660.4197063111111,410.4002667361292
71,80,659.8696651377778,4.204774958285532,0.7138353271037529,408.4002490569008,3.9828573805157332,659.8696651377778,408.4002490569008
71,70,665.15273728,3.554597489575436,0.7133659866298144,410.1974829889469,0.7091697330592316,665.15273728,410.1974829889469
71,65,662.2077956266668,3.3368702017980243,0.7130380570438469,408.3417260611703,1.8962895499430583,662.2077956266668,408.3417260611703
71,60,662.18220224,2.719611129319797,0.7125535569954655,410.7892922239894,0.8231895330276768,662.18220224,410.7892922239894
71,55,664.5236942933334,3.642614990096132,0.7122170010089267,410.7895516198428,1.3521041405642893,664.5236942933334,410.7895516198428
71,50,662.6333287111112,1.8612923280634106,0.7118544635043702,409.45888823223413,1.0105076504045172,662.6333287111112,409.45888823223413
71,45,663.20447488,1.8158970959585774,0.7116406920822862,410.07801104386607,0.960771977602222,663.20447488,410.07801104386607
71,40,663.0866537955557,3.495510566675101,0.711253036517017,410.1647498843524,0.34334273495908973,663.0866537955557,410.1647498843524
71,35,662.3052595911112,0.9192691430859742,0.7099847942452895,413.6434939645208,1.5502200545702487,662.3052595911112,413.6434939645208
71,30,662.2602960355556,0.7686817128685555,0.7091098971586597,415.20586257673904,1.3838453734479164,662.2602960355556,415.20586257673904
71,25,658.7043628800001,0.6049424192543756,0.7079970229759359,417.1358016248693,0.41582238606474126,658.7043628800001,417.1358016248693
71,20,657.1653076622223,0.8129296835775427,0.7069946806408481,418.759894076298,0.4237011356238999,657.1653076622223,418.759894076298
71,15,658.5510113422223,1.2090339863646344,0.7062599056896679,419.8456023919046,0.4518858755382468,658.5510113422223,419.8456023919046
71,0,657.9210338133335,0.8930356318336081,0.7140318423395557,410.199981778567,0.7603774024495963,657.9210338133335,410.199981778567
72,100000,1.97921536,0.07088469774364224,0.7187893946272677,112.34694737766479,0.1805838341629598,1.97921536,112.34694737766479
72,5000,25.864394524444446,0.04441502769878012,0.7233754760062002,114.35701121134305,0.43684970722929345,25.864394524444446,114.35701121134305
72,3000,43.58737656888889,1.1910352522641503,0.7200033552631399,115.70172353970493,0.29179229943208457,43.58737656888889,115.70172353970493
72,2000,67.13770894222223,0.12258661509712554,0.7214068564133691,117.2565462292712,1.168823818464424,67.13770894222223,117.2565462292712
72,1500,86.08563182222223,3.4348588672586824,0.7237184964525732,118.6742547145447,0.6084456320826493,86.08563182222223,118.6742547145447
72,1000,126.63228344888891,5.241497814391028,0.7237670755390465,122.05661547076596,0.4676481698847378,126.63228344888891,122.05661547076596
72,900,139.45891694222223,5.238251061882136,0.7229947597855254,123.46549129001441,0.4047929789165393,139.45891694222223,123.46549129001441
72,800,154.2833139911111,3.9584689560055373,0.719800374299841,124.58288100908196,0.6992748926922103,154.2833139911111,124.58288100908196
72,700,171.16382798222222,0.08935146396185079,0.7239105633952413,126.33436190869064,0.19600915623017262,171.16382798222222,126.33436190869064
72,600,197.3062732088889,0.2115280025601229,0.7237939894548142,129.6835804711085,0.06392441141965882,197.3062732088889,129.6835804711085
72,550,213.76150343111112,0.12603353664646078,0.7235960750983056,131.8127569968942,0.2775069421095006,213.76150343111112,131.8127569968942
72,450,257.9909516088889,0.19456345270792477,0.7240976129886726,136.54250583643338,0.424954124093514,257.9909516088889,136.54250583643338
72,300,362.5395759644445,0.497469679370422,0.7235312443108565,161.53190446034543,0.36104077405348156,362.5395759644445,161.53190446034543
72,200,514.231646008889,0.5213461415631732,0.7249220357179742,202.93883757472528,0.5921992912281688,514.231646008889,202.93883757472528
72,180,559.1760368355556,13.335710145885024,0.7204769929546374,212.94788083335428,1.1625400435331632,559.1760368355556,212.94788083335428
72,160,610.0972356266667,1.5761944438301483,0.716181803268777,232.27690734179862,0.13614607258461975,610.0972356266667,232.27690734179862
72,140,658.9032491377778,0.1233580246716111,0.7160820661829342,307.8612489123804,2.4904873165009147,658.9032491377778,307.8612489123804
72,120,658.3417550222222,1.9293237546036064,0.715373499174062,393.6634775599419,4.22428573410606,658.3417550222222,393.6634775599419
72,40,664.1188093866667,0.42941246796200727,0.7245711962250153,403.51709324704115,0.6140777497161897,664.1188093866667,403.51709324704115
72,35,662.67972608,2.083396719655542,0.7227607925299325,408.8252280725604,0.3114441162469996,662.67972608,408.8252280725604
72,30,663.0622527288889,0.8560095222735536,0.7212502454717518,410.231242374608,0.39143204448463614,663.0622527288889,410.231242374608
72,25,657.3490434133333,1.7622164703418484,0.720251473474289,410.6424473702782,1.2157958110482203,657.3490434133333,410.6424473702782
72,20,657.3463421155556,2.400349594327691,0.7190661393873373,412.6956243561029,0.4391756010622368,657.3463421155556,412.6956243561029
72,15,656.9881641955557,2.1537192260509475,0.7181551257109171,413.4907083622582,0.5710340278111176,656.9881641955557,413.4907083622582
72,10,655.4935879111111,0.9181876293182109,0.7165887898911588,414.9610918199857,0.8587110388382659,655.4935879111111,414.9610918199857
72,5,654.8909520355556,0.29093608241520535,0.7151010007073054,409.90485945370045,0.7852347255475473,654.8909520355556,409.90485945370045
72,0,662.8728238933335,0.4194408968726071,0.7246670800919928,399.8853232652346,1.0090436618700875,662.8728238933335,399.8853232652346
73,100000,1.92101376,0.07732426942485053,0.7299856763029159,112.52730753382743,0.36460178212114475,1.92101376,112.52730753382743
73,40000,4.223757084444444,0.12970479964155734,0.7284386810597212,113.03344819083912,0.5684255083109956,4.223757084444444,113.03344819083912
73,2000,62.613407146666674,0.09956428267732079,0.7256727101650552,117.00216857710764,0.4799138010938298,62.613407146666674,117.00216857710764
73,380,305.67369486222225,0.47237411139608687,0.7284179809931023,144.96365817794143,0.2922231696062004,305.67369486222225,144.96365817794143
73,260,421.6621595733334,0.530306566472792,0.7310016618711944,179.38332546977236,0.7618810323172224,421.6621595733334,179.38332546977236
73,220,480.45719054222224,0.5748088463254232,0.7285042279640864,195.18074486526214,0.4817024645755981,480.45719054222224,195.18074486526214
73,200,545.9807721955556,0.5553336018059402,0.7339715747661302,208.97736892178455,0.3863645715658396,545.9807721955556,208.97736892178455
73,160,585.5430558577779,0.2063636660453299,0.7346169888243907,215.01279794362267,0.6835073745460746,585.5430558577779,215.01279794362267
73,140,635.6254614044445,0.7253307602020095,0.7321234081843936,252.77553349911344,0.8848252154537257,635.6254614044445,252.77553349911344
73,120,661.5226828088889,4.685332925967159,0.7306752449517155,354.7174525574942,1.3284490522114825,661.5226828088889,354.7174525574942
73,100,662.7907185777777,0.5984844281243188,0.7260667570457425,353.6426613950467,2.9088791943610763,662.7907185777777,353.6426613950467
73,90,667.5132098133334,2.720576989248045,0.7269428551420303,379.38542072639956,3.718095934754386,667.5132098133334,379.38542072639956
73,80,663.7820511288888,1.0980786120479906,0.7278494192098109,397.01458968690196,2.514061833840162,663.7820511288888,397.01458968690196
73,70,664.1390626844445,1.4178137189909066,0.727506746798395,399.44453711967026,0.8555970651028373,664.1390626844445,399.44453711967026
73,65,665.9534838755557,2.4990572840160596,0.7267890710736103,401.3200383691994,0.4791748970910205,665.9534838755557,401.3200383691994
73,60,666.737342008889,0.9388149297554451,0.7263933939571828,403.7288168110935,0.7248434501970409,666.737342008889,403.7288168110935
73,55,666.6918459733333,2.0672735810545473,0.7258055032021117,404.23533226324145,0.8754230752619571,666.6918459733333,404.23533226324145
73,50,665.6569717333333,2.6569041055379246,0.7256219114527255,404.0034201252208,0.3692465342517225,665.6569717333333,404.0034201252208
73,45,664.8441545955557,0.3347598069753659,0.7250558440700301,404.5623654862572,0.3400421317881555,664.8441545955557,404.5623654862572
73,40,667.3193847466667,2.077508512639054,0.7347550126220043,398.12121613543815,0.17954714182763354,667.3193847466667,398.12121613543815
73,35,665.5507465955557,0.6983525550621481,0.732991807015746,401.2212479899958,1.0320871600628285,665.5507465955557,401.2212479899958
73,30,666.8414992355556,1.6628416020057832,0.7315931243097759,403.0092676750393,0.45036783068484193,666.8414992355556,403.0092676750393
73,25,664.03071232,0.14506890299810057,0.7305149540876097,405.3570927352769,0.2732040037465448,664.03071232,405.3570927352769
73,20,663.4797910755556,2.2036357447737114,0.7292669203916228,405.95370287550287,0.9103821532451997,663.4797910755556,405.95370287550287
73,15,662.750631608889,0.5204366578126066,0.7283185541113375,406.127782757,0.11681060382694403,662.750631608889,406.127782757
73,10,661.5182208711111,0.07292652963098045,0.7270434641814286,406.2774055114291,0.5222702313729218,661.5182208711111,406.2774055114291
73,5,659.6036420977778,3.4491398241319424,0.730746343858974,399.3562408719425,1.0144082802033574,659.6036420977778,399.3562408719425
73,0,653.8915399111112,1.2156936302103472,0.7330620625014824,398.12535610734864,0.9158878882479893,653.8915399111112,398.12535610734864
74,100000,1.8235363733333334,0.09245940210229858,0.7384247549100992,112.42362151348401,0.3730771144204972,1.8235363733333334,112.42362151348401
74,40000,4.1486074311111105,0.15005687086727812,0.7422824066833242,112.69774288328108,0.3512428983125884,4.1486074311111105,112.69774288328108
74,5000,25.673417457777777,1.176893174690473,0.7417950111985383,114.2193749837308,0.35357582397884474,25.673417457777777,114.2193749837308
74,3000,40.50063388444445,0.025733904872262986,0.7375626853051055,115.1061438544102,0.16789798017706634,40.50063388444445,115.1061438544102
74,2000,59.87059968,0.004231618282800535,0.7384726281414777,116.70013316196008,0.30364056458444477,59.87059968,116.70013316196008
74,1500,78.75599089777779,0.41676935588980923,0.7391720771491475,118.17400050986957,0.34784478521352397,78.75599089777779,118.17400050986957
74,1000,115.09244536888889,0.9264057939124335,0.7379792294501838,121.6828961713184,0.37461176361676857,115.09244536888889,121.6828961713184
74,900,127.74382442666668,0.4468228980635552,0.7391681074518982,122.63664033390546,0.08654580522510436,127.74382442666668,122.63664033390546
74,800,142.26317831111112,0.6052959906330441,0.7384115399587675,125.05293299995033,0.6422409129343062,142.26317831111112,125.05293299995033
74,700,161.41566656,1.0262640550998943,0.7383002438823599,126.09428805547203,0.27085229966180535,161.41566656,126.09428805547203
74,600,186.68293319111112,0.22172190711917186,0.7387209024942657,128.5990450640771,0.13679014186624827,186.68293319111112,128.5990450640771
74,550,203.01585806222224,0.15726197199199657,0.7389478000659936,130.09812566737932,0.3959879993366831,203.01585806222224,130.09812566737932
74,450,245.0882392888889,0.14062430026628778,0.7391958151873527,134.84329217117102,0.3701132712584767,245.0882392888889,134.84329217117102
74,380,289.0909764266667,0.297957971457026,0.7422760970392289,142.24831211997653,0.41861557289816054,289.0909764266667,142.24831211997653
74,340,348.8333000533333,0.6046617640975454,0.7368555628968423,156.88111959698256,0.8463742283844586,348.8333000533333,156.88111959698256
74,220,514.98266688,0.18701506099210471,0.739676002119556,202.23941084095281,0.0974309594206556,514.98266688,202.23941084095281
74,120,645.6861609955555,2.6682263067747014,0.738726127599962,300.06304243017127,2.458954939961042,645.6861609955555,300.06304243017127
74,100,665.5210857244446,1.3101435682237068,0.7389607715758425,338.92593146936036,2.1985733035305364,665.5210857244446,338.92593146936036
74,90,667.5662030222223,0.8197559978804799,0.7399457407366503,388.1956145691547,0.5104060505097746,667.5662030222223,388.1956145691547
74,80,669.1256761600001,0.51579532408057,0.739343073642727,395.18416772776044,0.26100281686290966,669.1256761600001,395.18416772776044
74,70,668.3751127466668,0.7515980285450286,0.738601085161931,394.39332484631194,0.3954855243637134,668.3751127466668,394.39332484631194
74,65,668.5709316266667,0.9579190124719044,0.7375126902535095,395.16770695471956,0.16908578097502638,668.5709316266667,395.16770695471956
74,60,666.879462968889,0.5721949387107987,0.7365554134904629,397.52205054379016,0.3567399268032141,666.879462968889,397.52205054379016
74,55,665.9474688711111,1.275049830263175,0.7360441106779324,398.04459215486116,0.3488655576177193,665.9474688711111,398.04459215486116
74,50,666.9767171555555,1.053450580239164,0.7354521433963129,398.0521882848152,0.5689360762474934,666.9767171555555,398.0521882848152
74,45,666.8587938844445,0.9629206989503539,0.7351217652598866,397.4643809018674,0.17861905687092047,666.8587938844445,397.4643809018674
74,30,667.1097090133334,0.7490108453052216,0.7439248512935518,394.35992265240003,0.2998198485276002,667.1097090133334,394.35992265240003
74,25,665.6655675022222,1.2651336027833309,0.7422992530735418,396.44686260781106,0.24489756119558673,665.6655675022222,396.44686260781106
74,20,665.2223365688889,0.8984418381223841,0.7405568530098692,398.0952883590649,0.27377903717034646,665.2223365688889,398.0952883590649
74,15,661.5463847822224,0.3746160219474946,0.7391751308566494,399.90999450453074,0.4731926159508317,661.5463847822224,399.90999450453074
74,10,655.8377142755556,0.847624874797593,0.737216020400722,401.6479475637935,0.6824439242876268,655.8377142755556,401.6479475637935
74,0,642.1287864177779,1.331339557577158,0.7445796826714219,398.2730694299414,0.2823927407462244,642.1287864177779,398.2730694299414
75,100000,1.8559521600000002,0.05816947811484237,0.7463804815176767,112.58170504446396,0.26444106745760626,1.8559521600000002,112.58170504446396
75,40000,4.147547164444444,0.016275975512551954,0.753646134877996,112.97993404882953,0.2916199902560431,4.147547164444444,112.97993404882953
75,3000,43.349742648888885,0.11045917679808286,0.751035346426605,115.5176880769403,0.1366985333633655,43.349742648888885,115.5176880769403
75,2000,64.25737151999999,0.13019850545770326,0.7517119242983069,116.8518433884123,0.4110819167075167,64.25737151999999,116.8518433884123
75,1500,84.53517774222222,0.10953842958614803,0.7536815171749379,118.78522431597234,0.43671700303484384,84.53517774222222,118.78522431597234
75,1000,124.4811716266667,0.3265994163916407,0.7535853403116635,122.21564079954915,0.46679694233361796,124.4811716266667,122.21564079954915
75,900,137.34521002666668,0.23474083782588806,0.7535392668628731,123.77993862132394,0.04873501711021493,137.34521002666668,123.77993862132394
75,800,153.4249912888889,0.6363677763100893,0.7536246163339221,125.12787043493613,0.7979402847528554,153.4249912888889,125.12787043493613
75,700,173.44807360000001,0.7350367191106484,0.7529795949476116,127.05382358901193,0.2576723564226277,173.44807360000001,127.05382358901193
75,600,200.61236942222226,0.5793601180699816,0.7531626313434944,129.86646048092948,0.10411982703267203,200.61236942222226,129.86646048092948
75,550,218.23325646222224,0.0788568608240163,0.7533839641501592,131.74850026969236,0.44866671160244626,218.23325646222224,131.74850026969236
75,450,264.29512362666674,0.10950312181998988,0.7548991269426438,137.80370976135643,0.5312047280167421,264.29512362666674,137.80370976135643
75,340,327.3370033066667,0.3288532721599005,0.74870990585607,150.63305050012346,0.257602885966763,327.3370033066667,150.63305050012346
75,300,402.4631881955556,0.033001159667601435,0.7451777444183044,173.28959784047586,0.1465862852117017,402.4631881955556,173.28959784047586
75,260,456.27964736000007,0.5872906076219239,0.7453906478987086,187.2799872500528,0.20142890549797207,456.27964736000007,187.2799872500528
75,200,526.6965734400001,0.4506698581805472,0.7534386903277314,202.42879807485576,0.08885258924208714,526.6965734400001,202.42879807485576
75,180,567.6907038222223,11.837914543158975,0.748618367250654,208.86234526610318,0.448651522067916,567.6907038222223,208.86234526610318
75,160,622.2915356444445,0.5404153875218938,0.748348977474857,233.51369521640513,0.9133084687008889,622.2915356444445,233.51369521640513
75,140,659.1723268977779,3.02525727906999,0.7471733003619918,323.87759083917854,4.540255863883634,659.1723268977779,323.87759083917854
75,120,637.4039901155555,1.036386399714806,0.7500213625852492,277.68853429315527,1.2212570685387933,637.4039901155555,277.68853429315527
75,100,648.2538157511111,0.6535809415222686,0.7485124874634127,300.01332923091803,2.461478640904556,648.2538157511111,300.01332923091803
75,90,660.637794488889,1.647234761858449,0.7501812234670798,323.57627439738013,3.5089558054677257,660.637794488889,323.57627439738013
75,80,670.3421702400001,0.5956060029462934,0.7521429142369124,373.30398866541606,1.1600142834501161,670.3421702400001,373.30398866541606
75,70,668.6436974933334,0.19704242030178337,0.7516610550170868,387.65090173287126,1.364212643987583,668.6436974933334,387.65090173287126
75,65,669.0060381866666,0.6863316165798781,0.7507301303461548,387.9019664149001,0.8368579984895166,669.0060381866666,387.9019664149001
75,60,668.6916638577778,0.5879310515656091,0.749666063366408,388.57660047487565,0.22522369385993746,668.6916638577778,388.57660047487565
75,55,668.8433378844445,0.6253447527720697,0.7489387192218872,389.7735907523122,1.0768070608181097,668.8433378844445,389.7735907523122
75,50,668.3920448711111,0.40198119288678397,0.7483885226025514,389.7056402967915,1.3530461057344303,668.3920448711111,389.7056402967915
75,45,669.1212118044446,1.1132450738912203,0.7478922083424197,389.7805737704391,0.9870124675962147,669.1212118044446,389.7805737704391
75,40,667.5432816355556,0.36797295847702133,0.7471795743200488,390.5292507014305,1.0922769494998532,667.5432816355556,390.5292507014305
75,35,667.5743248355556,0.8611682479623332,0.7452857722754468,392.6403121881752,0.56801576116554,667.5743248355556,392.6403121881752
75,10,658.1261431893333,3.8493668006775117,0.7530240142564663,392.9150072031783,0.5338886368579238,658.1261431893333,392.9150072031783
75,5,651.0729000533335,7.188586889715963,0.749839854992616,393.72813435327157,3.4660200220491904,651.0729000533335,393.72813435327157
75,0,657.27122752,2.2914442106862984,0.7528980269240376,391.1703790044268,0.29710904460341403,657.27122752,391.1703790044268
76,40000,3.8690763733333333,0.09286532737857425,0.7608085999214,113.07013681627525,0.8197747404120515,3.8690763733333333,113.07013681627525
76,5000,25.113111608888886,0.09044366973846764,0.7614401388531262,114.38741873104674,0.2643404373294854,25.113111608888886,114.38741873104674
76,3000,41.02740366222222,0.10963549180139719,0.7639702428130463,115.22673464569506,0.41617742776543654,41.02740366222222,115.22673464569506
76,2000,60.82471182222222,0.039089024167831374,0.7644245558485266,116.23677940967086,0.07616602455246721,60.82471182222222,116.23677940967086
76,380,316.83462983111116,0.48242380117702466,0.7620886565050022,148.40030973976766,0.4636627964290296,316.83462983111116,148.40030973976766
76,300,380.53204416,0.4338235909748847,0.7587458813625014,166.9839210045305,0.4577634748616837,380.53204416,166.9839210045305
76,260,436.48121173333334,0.1483173786676859,0.7615695114632172,181.51931290778637,0.28141167399763584,436.48121173333334,181.51931290778637
76,220,493.9631896888889,0.7243735754884921,0.7573636911538216,195.2789720307923,0.2985227214907609,493.9631896888889,195.2789720307923
76,200,554.1754954666667,0.3946773502136716,0.7617695156412715,205.5881708507525,0.6459504423674907,554.1754954666667,205.5881708507525
76,160,591.4885893688889,0.42885480957177524,0.7625572131290163,211.92303391324575,0.7288950654954658,591.4885893688889,211.92303391324575
76,140,648.2869683911111,0.2849457587715247,0.7613959916727238,259.5452799018556,0.42264634070735674,648.2869683911111,259.5452799018556
76,120,651.3542320355556,0.07793958593836321,0.7637053302683735,299.84154791834084,0.6548048880830948,651.3542320355556,299.84154791834084
76,100,662.8167195022223,0.8284919355365624,0.7637975343059346,328.96000586819565,2.3010294346526385,662.8167195022223,328.96000586819565
76,50,670.2592654933334,0.8334263270043922,0.7648927974540264,387.00273792030356,0.11636654836338885,670.2592654933334,387.00273792030356
76,45,669.5335439644446,1.205136101054817,0.7644153071726795,386.8825303564306,0.5037806508692199,669.5335439644446,386.8825303564306
76,40,670.1092908800001,1.2357731823405362,0.7641297725313518,388.06475686652476,1.1550439480900374,670.1092908800001,388.06475686652476
76,35,668.8323659733334,1.0172728752351945,0.7625979063046705,383.187527955751,7.113973319827145,668.8323659733334,383.187527955751
76,30,667.780762488889,0.649935351036846,0.7607299731751502,383.7108259967194,6.737108590656795,667.780762488889,383.7108259967194
76,25,667.0388013866667,0.42102020003572116,0.7591179674892338,385.6390513707349,5.050543752739128,667.0388013866667,385.6390513707349
76,20,666.7184078222222,1.4652850041130645,0.7598203950596473,385.30683311557436,4.505915731019397,666.7184078222222,385.30683311557436
76,15,667.1939213274075,1.3834904680698492,0.7586476041232866,387.00641981665666,4.192598603959047,667.1939213274075,387.00641981665666
76,10,664.0829191466667,1.2895878323688437,0.7588379751212233,389.93029339220624,3.7770738242821045,664.0829191466667,389.93029339220624
76,5,656.7790870044446,0.6839514386543616,0.7559283001570849,390.822649822335,1.0568196013637974,656.7790870044446,390.822649822335
77,40000,3.879469297777778,0.09948182135603745,0.7704031787412621,113.00971564927913,0.40860942825110175,3.879469297777778,113.00971564927913
77,5000,27.613257031111115,0.041582632891633234,0.7741007715486844,114.32845598307422,0.4048900338877758,27.613257031111115,114.32845598307422
77,1500,79.76104526222223,0.21083335455728,0.7665097179904193,118.17595428661645,0.3729352628942315,79.76104526222223,118.17595428661645
77,1000,117.24744277333333,0.3872616156073747,0.7662465413478668,121.69158469473011,0.380167820448237,117.24744277333333,121.69158469473011
77,900,130.15240298666666,0.3816359527385848,0.7669977705576225,122.84390559758235,0.33394874482888304,130.15240298666666,122.84390559758235
77,800,144.9666916266667,0.6241292334246507,0.7667919086064087,124.28197333781632,0.36398234612642116,144.9666916266667,124.28197333781632
77,700,163.60179093333332,0.3827813634767955,0.7659465712694865,126.32902026519825,0.09900122668208482,163.60179093333332,126.32902026519825
77,600,189.68643733333337,0.2849675622671276,0.7664880477193,128.49017825488423,0.47387181832365616,189.68643733333337,128.49017825488423
77,550,205.9859143822222,0.40520822954573926,0.7667706651983952,130.3392054250594,0.09182542275289123,205.9859143822222,130.3392054250594
77,450,249.00057649777776,0.01804022635339576,0.7680458281799648,135.17040081025286,0.6469690334656811,249.00057649777776,135.17040081025286
77,380,296.89586254222223,0.46299832619312264,0.7733106491958676,143.39129012080144,0.1219147441441144,296.89586254222223,143.39129012080144
77,340,363.91178311111116,0.17402029538007655,0.7712970907602785,162.37469666345373,0.30036446449354853,363.91178311111116,162.37469666345373
77,260,466.8765383111111,0.3770430362662335,0.7739644041352586,186.88958093354483,0.4705402153051433,466.8765383111111,186.88958093354483
77,220,525.2288868977778,0.9294228580618403,0.768203519236261,200.46155627649765,0.5306463970368779,525.2288868977778,200.46155627649765
77,180,562.0446793244445,0.36284636103522466,0.7712757316121786,204.3715625732035,0.17354141132436116,562.0446793244445,204.3715625732035
77,140,642.9197543822223,1.1787553043636088,0.7684365018642806,278.4281227946842,0.4119145981956591,642.9197543822223,278.4281227946842
77,120,618.7518181688889,1.2325221800327253,0.7737278138952304,248.1445329384917,1.8605674288200194,618.7518181688889,248.1445329384917
77,100,640.5518052266667,2.139988634948256,0.7718841590318508,273.9086070529585,0.40131540117383335,640.5518052266667,273.9086070529585
77,90,665.0352913066667,5.955755301661797,0.7711690841897668,343.33823789757065,41.330879567695156,665.0352913066667,343.33823789757065
77,80,670.3115769955556,1.0029764301779107,0.7712483969116235,376.9142517443527,11.007401570745362,670.3115769955556,376.9142517443527
77,70,670.28328352,0.6279539346540594,0.7699495724479184,379.04816843690145,8.228783047736087,670.28328352,379.04816843690145
77,65,671.1932207288891,0.7062056833395906,0.769037030188148,379.374657778952,8.971307538905181,671.1932207288891,379.374657778952
77,60,670.4089731911112,0.7010254599183622,0.7677542316910101,379.2843334960176,8.243411772157836,670.4089731911112,379.2843334960176
77,55,670.9070003674074,2.0349958191282025,0.7696734103841083,376.34456396861987,8.1511614569283,670.9070003674074,376.34456396861987
77,50,672.3399819733335,2.324659813488788,0.7709849662007859,371.0623871726029,1.9255765091882169,672.3399819733335,371.0623871726029
77,45,671.2175315555556,0.9991061919574017,0.7700923156713747,371.3585857692858,1.1082335367630494,671.2175315555556,371.3585857692858
77,40,671.1079085155556,1.7367512789345523,0.769500018015516,370.7099164198589,0.6803132458826487,671.1079085155556,370.7099164198589
77,35,670.8213964800001,0.550697667487287,0.7699639148092134,374.425262637182,0.6255692401403181,670.8213964800001,374.425262637182
77,30,670.7341954844445,0.017041834703215547,0.76845758000582,375.6313468856026,1.0492513626123805,670.7341954844445,375.6313468856026
77,25,670.125578951111,1.4829940216707214,0.7663768241680454,379.7005676651707,0.8088692210567504,670.125578951111,379.7005676651707
78,40000,3.6233808000000005,0.14131473211803303,0.7757699036733958,112.81884017593563,0.14042725567775588,3.6233808000000005,112.81884017593563
78,5000,25.604670648888895,0.03851680467205903,0.7812291899464782,114.49889247058688,0.6595772835102751,25.604670648888895,114.49889247058688
78,3000,44.55707989333333,0.025753688822467747,0.7810648508869941,115.43213446253583,0.09509822160293066,44.55707989333333,115.43213446253583
78,2000,65.62183459555555,0.16814195929960626,0.7836216719923335,117.30901667127216,0.4039294429728789,65.62183459555555,117.30901667127216
78,1500,86.65265884444445,0.5185442537260759,0.7833506525035768,118.91291487682527,0.4251986176998692,86.65265884444445,118.91291487682527
78,1000,127.62847395555555,0.3719274330402691,0.7838331787028431,122.89070019700391,0.5925013925733648,127.62847395555555,122.89070019700391
78,900,140.95645333333331,0.47849236723497146,0.7834696331359963,123.6132554504939,0.3812670534291692,140.95645333333331,123.6132554504939
78,800,157.00774904888888,0.7793959096050591,0.7829905668842182,125.38434353719704,0.2645095511649252,157.00774904888888,125.38434353719704
78,700,178.31006641777776,1.0728697422165154,0.7832784741263578,127.41670809961086,0.4776731379506949,178.31006641777776,127.41670809961086
78,600,206.00584576000003,0.37217194854864283,0.7834503218281371,130.05745605071584,0.5499832039064674,206.00584576000003,130.05745605071584
78,550,224.88998634666666,0.37388071439361653,0.7844959055308734,132.00038967553326,0.4129520213261881,224.88998634666666,132.00038967553326
78,340,339.78820999111116,0.747180496030174,0.7813199795057949,154.9771993067486,0.6563938504815909,339.78820999111116,154.9771993067486
78,300,415.52775096888894,0.23885845628885097,0.776085259303982,176.60905264410175,0.9176450591194649,415.52775096888894,176.60905264410175
78,220,503.38323676444446,0.37521060223632546,0.7841319319608422,194.48794434503893,0.21121114169151547,503.38323676444446,194.48794434503893
78,200,535.3220800711111,1.4809031546968872,0.7799635922191177,200.94871620278968,0.2275358082475671,535.3220800711111,200.94871620278968
78,180,589.5334999466667,0.07434068450025352,0.7801458330232492,208.07786752974008,0.5077499566327421,589.5334999466667,208.07786752974008
78,160,640.4142567822223,0.5868422303204839,0.7788006377530362,242.72353115453794,0.4499981257523997,640.4142567822223,242.72353115453794
78,120,634.178355768889,0.9039118010752546,0.7835418208257217,257.7402384428672,0.502423070049497,634.178355768889,257.7402384428672
78,100,652.56413632,0.5611196777421852,0.7815349303498335,282.91655199285907,0.8382295338183245,652.56413632,282.91655199285907
78,90,672.5785558755556,1.2085692396526717,0.7841475347938455,335.7600001328852,0.7658025048014011,672.5785558755556,335.7600001328852
78,80,673.4645785600001,0.8617114571110005,0.7803347929783585,367.3748548637952,1.2904226021761502,673.4645785600001,367.3748548637952
78,70,673.447086648889,0.9973167214866394,0.7784837569052879,367.0951694760636,0.10740072612390661,673.447086648889,367.0951694760636
78,65,673.2664098133333,0.616491062629224,0.7770452832756071,367.55892979600867,0.5127530910986527,673.2664098133333,367.55892979600867
78,60,672.8861755022223,0.7259365538471422,0.7755940622180111,369.11622535031444,0.6917201980607843,672.8861755022223,369.11622535031444
78,10,672.9792384000001,0.34838585380878656,0.7813859020852775,371.6320259638989,0.8580053099181164,672.9792384000001,371.6320259638989
78,5,672.5662139733334,1.6674074824080412,0.7790332665190616,364.4663746204504,0.3479509066769782,672.5662139733334,364.4663746204504
78,0,671.5818878577778,0.6058346811873572,0.7777200132644847,360.205817960473,1.4794461773452556,671.5818878577778,360.205817960473
79,40000,3.536672,0.12037227530454064,0.7887002625046663,113.24175454693398,0.7045386201786584,3.536672,113.24175454693398
79,3000,41.374926648888895,0.10234010581723614,0.7895718751461954,115.71358660665352,0.21220660644303502,41.374926648888895,115.71358660665352
79,2000,60.95111893333334,0.19386896426819258,0.7922442828311761,116.6809614480045,0.6538279952805504,60.95111893333334,116.6809614480045
79,1500,80.67578403555557,0.0459287067605267,0.7929387477299582,118.73955257829914,0.7854855410520077,80.67578403555557,118.73955257829914
79,1000,118.50529507555557,0.5171602348788599,0.7931221495060914,122.13059731733345,0.18309456430033869,118.50529507555557,122.13059731733345
79,900,131.16112320000002,0.6662069853224406,0.7928908856896548,122.85809374616848,0.4473740668809745,131.16112320000002,122.85809374616848
79,800,146.3079992177778,0.5964662768619861,0.7930730385745912,124.53172430987148,0.41363535379340427,146.3079992177778,124.53172430987148
79,700,166.05224426666666,0.273310569302386,0.7933296025938111,126.11981739177138,0.27504790882774516,166.05224426666666,126.11981739177138
79,600,191.27150741333332,0.40062071153488604,0.7930103357600878,128.4772594811385,0.6076291480405954,191.27150741333332,128.4772594811385
79,550,208.29281095111114,0.04133130183826489,0.7933398010844422,130.12030572216827,0.14175732208036346,208.29281095111114,130.12030572216827
79,450,274.732736,0.25592519362536936,0.7874431405227437,139.93859233488362,0.2044655154385798,274.732736,139.93859233488362
79,300,394.00745521777776,0.9848601888257413,0.7890431673469919,170.79845515627844,0.09710514502143124,394.00745521777776,170.79845515627844
79,260,445.97779840000004,0.48902756198588,0.7888863390767468,182.5826475543798,0.9098295907263825,445.97779840000004,182.5826475543798
79,200,562.3590013866667,1.1714664928366858,0.7876727703963119,202.23266157153694,0.4229448890689514,562.3590013866667,202.23266157153694
79,160,593.9504435200001,0.5049647334946125,0.7896897098436142,208.17099079108223,1.0121216471748409,593.9504435200001,208.17099079108223
79,140,633.1378967466667,8.621619220317887,0.78892583103661,244.60824502552035,5.9902583832168075,633.1378967466667,244.60824502552035
79,100,627.7188347733334,2.020135361927098,0.7947550313052651,249.21162603277915,0.34509594800911086,627.7188347733334,249.21162603277915
79,90,645.1663354311112,1.3767037520384768,0.7947232342052194,265.71951147231425,0.9758318349679158,645.1663354311112,265.71951147231425
79,60,676.2280583111111,0.8454981746411253,0.7945662113219701,359.61885054458094,0.40570239935041313,676.2280583111111,359.61885054458094
79,55,677.1114083555556,0.5028178328976146,0.7941766807906538,359.2723665983411,1.001650958421951,677.1114083555556,359.2723665983411
79,50,678.1797951288889,0.7599932515255371,0.7936025459991044,359.2446514580377,0.2875800372130031,678.1797951288889,359.2446514580377
79,45,676.1640349155556,0.6205310715331124,0.7931572713016012,359.1182081348111,1.0528639379754214,676.1640349155556,359.1182081348111
79,40,676.48076544,0.3275969326356172,0.7926137909133998,359.7467965519354,0.7355482473312294,676.48076544,359.7467965519354
79,35,675.8974685155556,0.6671599581852182,0.7911934945146383,363.1134807792987,0.9068610559055592,675.8974685155556,363.1134807792987
79,30,675.24010624,0.25696299278480134,0.7898344421164013,363.5600647330216,0.8392779661155627,675.24010624,363.5600647330216
79,25,675.3590992355556,0.9329790431645058,0.7882466662760681,366.88564832887045,0.9300529923226416,675.3590992355556,366.88564832887045
79,20,674.8035315733334,0.9085096934250584,0.7885616608725772,368.00842475583005,0.9983692797388353,674.8035315733334,368.00842475583005
79,15,674.9628116266667,1.2502204633818685,0.789278372716043,366.994277885205,2.3639336947733547,674.9628116266667,366.994277885205
79,10,671.7711784533334,0.5675541493288614,0.7898936550868418,365.3742652241005,1.207604163191025,671.7711784533334,365.3742652241005
79,5,666.9109001955557,0.6173855236486531,0.7880233325390114,357.53463754193064,0.8151166610325331,666.9109001955557,357.53463754193064
79,0,666.8639495111112,0.9859804991244661,0.7852841383959488,356.4782346739783,1.0218684592445095,666.8639495111112,356.4782346739783
80,40000,3.472908330666667,0.11698126631134145,0.8038137490303242,113.05034453544619,0.6065755179938247,3.472908330666667,113.05034453544619
80,5000,25.788411911111112,0.9800954152605732,0.7999406960948908,114.28004464710561,0.24935042788759,25.788411911111112,114.28004464710561
80,3000,43.711821653333345,0.022880065477821485,0.8004238076877339,115.87740266803132,0.3335699068722705,43.711821653333345,115.87740266803132
80,2000,64.63689863111112,0.06722649108501702,0.8021818582562602,117.5165027231493,0.216232248417846,64.63689863111112,117.5165027231493
80,1500,85.05700138666667,0.16517063651457753,0.8043298197226614,118.92048411209527,0.45494009057466067,85.05700138666667,118.92048411209527
80,1000,125.42727601777779,0.10790487396136567,0.8042756583299885,122.40307606024301,0.2100321628794228,125.42727601777779,122.40307606024301
80,900,138.46953834666667,0.25202805256144334,0.8043917225661268,123.53294548255103,0.48305948492569856,138.46953834666667,123.53294548255103
80,800,154.92091612444446,0.12065275520178406,0.804477469874617,125.19527969290208,0.3790619110882266,154.92091612444446,125.19527969290208
80,700,174.94444394666667,0.512516772954175,0.8043507832713347,127.12144903318175,0.11016193805164459,174.94444394666667,127.12144903318175
80,600,202.31602339555556,0.12639865778889983,0.8043703618325678,129.90973412798564,0.09757147718738685,202.31602339555556,129.90973412798564
80,550,219.67682396444445,0.2126849329405618,0.8044373583281085,131.7506516467506,0.8964160069760234,219.67682396444445,131.7506516467506
80,450,252.1780379022222,0.4464988161137352,0.795090396975933,135.7622318152357,0.34361847704740134,252.1780379022222,135.7622318152357
80,380,320.0872054044445,16.782014263312607,0.7998056225214388,149.89758887376192,4.051802777290702,320.0872054044445,149.89758887376192
80,340,381.2803422577778,0.3512982639361855,0.8031388692875501,166.95298178189242,0.3882922811863833,381.2803422577778,166.95298178189242
80,300,430.2518895644444,0.7701426708249084,0.8046721488336743,179.19619503536742,0.12093907766309239,430.2518895644444,179.19619503536742
80,260,480.6723000177778,0.6153558741368366,0.8018243115212583,188.18600215268324,0.503390947601585,480.6723000177778,188.18600215268324
80,220,538.10660576,0.30851864593998873,0.7953436357894245,199.89361272693552,0.4724761540454829,538.10660576,199.89361272693552
80,180,572.3092679466666,9.280348515919236,0.8008436532448625,200.50978293682056,0.2855469360203299,572.3092679466666,200.50978293682056
80,160,619.2144393955556,0.1395037081255807,0.7999108255735145,217.11121527253343,0.8011079386386457,619.2144393955556,217.11121527253343
80,120,622.6084091733334,16.04788666982303,0.8023055065927798,239.0916034230186,7.298340256904756,622.6084091733334,239.0916034230186
80,100,647.6782267733333,13.65063848752322,0.8003968574261556,268.7493728658262,1.771760852491464,647.6782267733333,268.7493728658262
80,90,671.4043610311111,0.5569177366376752,0.8043118752313644,299.46991230747403,0.9611635529363657,671.4043610311111,299.46991230747403
80,80,674.4750676622222,1.073325241970218,0.7974203039543702,326.64098980298195,1.4480597729673925,674.4750676622222,326.64098980298195
80,70,678.1973916800001,2.04267916782901,0.800435402641246,355.43287899819046,1.232400577135528,678.1973916800001,355.43287899819046
80,65,677.7879601422222,1.9489594489325348,0.7992973821735485,356.99195132280715,0.4742178684093427,677.7879601422222,356.99195132280715
80,60,679.3074492444445,0.8066899707266477,0.8025963800125909,357.8190283337105,0.13123772508571946,679.3074492444445,357.8190283337105
80,55,678.9695704177778,0.29398803427168274,0.8021166542572934,357.8885498007626,0.8386246278775874,678.9695704177778,357.8885498007626
80,50,679.2454242133333,0.762791306430314,0.8015968269954795,358.7065824266063,0.4611007471691768,679.2454242133333,358.7065824266063
80,45,679.5368850488888,0.8308527341013056,0.8010596073896169,358.4136787455822,1.1870701854505836,679.5368850488888,358.4136787455822
80,40,678.8634815288889,0.9032450339443844,0.8004326433296608,358.99128604608285,0.07419472714165934,678.8634815288889,358.99128604608285
80,35,677.8822741333333,0.8219958625752994,0.7987127724709427,360.1069201255503,0.5709084832884015,677.8822741333333,360.1069201255503
80,30,677.7115805155555,0.6019290999569404,0.7973364983716316,361.47979632555825,1.031153825260426,677.7115805155555,361.47979632555825
80,25,677.5595091911111,0.7962799337521855,0.7963866031707741,363.2895884300254,0.8298043443281772,677.5595091911111,363.2895884300254
80,20,678.6436049066667,3.543575083103452,0.7984428035006449,364.00430693646916,0.8746654878522635,678.6436049066667,364.00430693646916
80,15,680.777786097778,1.7409134345170612,0.8041433852630457,357.2016140190595,1.2655002184014217,680.777786097778,357.2016140190595
80,10,677.3647625955556,0.059439598050409964,0.8007288332743515,359.8185489030541,0.2615855470964879,677.3647625955556,359.8185489030541
80,5,678.3571139555556,1.269625678257124,0.7986549801760298,355.74453600303474,0.839955930282902,678.3571139555556,355.74453600303474
80,0,678.0572829155557,0.5196812632948397,0.7973139713582137,350.82134155256773,0.6401149637744623,678.0572829155557,350.82134155256773
81,40000,3.3546286933333334,,0.8063550735264284,112.64209767587575,0.21882957327380334,3.3546286933333334,112.64209767587575
81,3000,40.39056945777778,0.023790305340661597,0.8093711078796871,114.97882162836693,0.1611569535062106,40.39056945777778,114.97882162836693
81,2000,59.6941816888889,0.11865194939831432,0.811819620848949,116.64497692469602,0.4037612051400589,59.6941816888889,116.64497692469602
81,1500,78.77204693333333,0.025755815773027574,0.8129088654728385,118.46401566596633,0.08023618051124679,78.77204693333333,118.46401566596633
81,1000,115.63723712000001,0.19221453815819792,0.8136548508735313,121.51642654142267,0.3626426523437031,115.63723712000001,121.51642654142267
81,900,127.94512732444444,0.15453378588593855,0.8135125989746688,122.57348395753529,0.4898082830071555,127.94512732444444,122.57348395753529
81,800,142.37921201777777,0.40641323315695393,0.8132897762235626,124.50150733719003,0.04953073472480771,142.37921201777777,124.50150733719003
81,700,161.97344561777777,0.24202531571987115,0.8138714329909824,125.70420128150198,0.6010716328516651,161.97344561777777,125.70420128150198
81,600,187.03448007111112,0.039711548597927256,0.8136735413000723,128.0974155365445,0.4534233802353882,187.03448007111112,128.0974155365445
81,550,202.6945607822222,0.2006293502859127,0.8138368558189838,129.56683983055493,0.2718459185994056,202.6945607822222,129.56683983055493
81,450,270.9712173511111,0.28662086550321475,0.80961670712734,139.21440040143764,0.09131490216336613,270.9712173511111,139.21440040143764
81,340,350.71913436444447,0.3021946635795796,0.810451129089214,158.17848297438022,0.16238297737005808,350.71913436444447,158.17848297438022
81,260,452.72515008,0.5130129732309782,0.814001742391723,181.22265347045314,0.3244119943499805,452.72515008,181.22265347045314
81,220,509.66041322666666,0.2563653779534393,0.8093132762042723,192.02761195608332,0.928297832563452,509.66041322666666,192.02761195608332
81,200,549.6741423288889,10.032752117947712,0.8088374905315652,198.0142402442422,0.7307850997870801,549.6741423288889,198.0142402442422
81,160,584.6820984177779,0.62727495996363,0.8132753043765207,200.6382328272156,0.03959453209116541,584.6820984177779,200.6382328272156
81,140,621.0008158577779,0.9501815703611808,0.8076767361818913,217.9760877211846,0.9469164859757623,621.0008158577779,217.9760877211846
81,100,633.2794062933334,,0.8148678867365096,242.14868488778964,0.48650966531155254,633.2794062933334,242.14868488778964
81,90,643.6789608533334,1.2249726287382328,0.8135973743005277,254.63068118991873,1.4609524117880532,643.6789608533334,254.63068118991873
81,80,672.302817528889,9.647510025361859,0.8102513046722942,314.4950806771372,44.31823627451905,672.302817528889,314.4950806771372
81,65,682.7441289244445,1.0368219606355857,0.8146191382076872,347.42359664171437,0.797523205135629,682.7441289244445,347.42359664171437
81,60,682.2746552177779,0.5069241349640501,0.8135230311939646,348.02432426658635,0.6877348082113616,682.2746552177779,348.02432426658635
81,55,683.2571343644445,1.0691341966636594,0.8132004196300079,348.77177992289097,1.13468698590165,683.2571343644445,348.77177992289097
81,50,681.7682288355555,0.4744936464438115,0.8124885722626329,348.1787375700497,0.5331326740046693,681.7682288355555,348.1787375700497
81,45,681.8578481066667,1.2176154078673174,0.8119571028996114,348.5594023518864,1.4303877726126817,681.8578481066667,348.5594023518864
81,40,682.2490902044445,1.3710441499968313,0.8114072720798178,348.71692190324103,0.5374978739891767,682.2490902044445,348.71692190324103
81,35,681.5841937777777,1.0285988449850845,0.8095556289141609,350.90636023324663,0.21114258076710998,681.5841937777777,350.90636023324663
81,30,680.0351870577779,0.9848195651414675,0.8082329326969028,352.58376129681864,0.5361596400458284,680.0351870577779,352.58376129681864
81,25,679.7506814577779,0.24326144198232832,0.8068075205362,353.2108986532824,1.1455589615443655,679.7506814577779,353.2108986532824
81,20,679.5406305066667,0.6016251547648342,0.8052969091265021,356.6088954580948,0.6391492816399701,679.5406305066667,356.6088954580948
81,15,681.9406645333333,0.27837821037487326,0.8146544978811102,352.56653062226377,0.4078715899187646,681.9406645333333,352.56653062226377
81,10,675.9890051555556,0.7037425836460518,0.8110248824032915,353.07557989956473,1.8209655305943826,675.9890051555556,353.07557989956473
81,5,663.4327548444445,1.6959339620592004,0.8094567901980249,347.45849020246123,1.039474086211063,663.4327548444445,347.45849020246123
81,0,668.0758535111112,0.6851933226854003,0.8094430984799669,344.37569805630756,1.615258451287341,668.0758535111112,344.37569805630756
82,40000,3.2973015111111117,0.13031110355485986,0.820397788070658,112.63565122048813,0.3107813577771417,3.2973015111111117,112.63565122048813
82,5000,24.666270044444445,1.098687355086069,0.8196720855875329,113.98741979181726,0.1977297445701148,24.666270044444445,113.98741979181726
82,3000,41.882279537777784,0.08228455015231091,0.8196492616030815,115.60818693860203,0.2651182190723734,41.882279537777784,115.60818693860203
82,2000,62.13927139555556,0.11935102063694293,0.8209248776189799,116.8688565723283,0.2588072687608016,62.13927139555556,116.8688565723283
82,1500,81.93081600000001,0.08556386693810147,0.8218724346128324,118.19286768525903,0.5592735651673486,81.93081600000001,118.19286768525903
82,1000,120.43637212444445,0.05743611448912248,0.822290856632829,121.81976418679899,0.31025263849592444,120.43637212444445,121.81976418679899
82,900,132.99094563555556,0.20123918776773406,0.8223962414230299,123.38222612398901,0.08283312409034155,132.99094563555556,123.38222612398901
82,800,148.38245973333335,0.2794347543370739,0.822397700996945,125.46030791174398,0.22926565613894254,148.38245973333335,125.46030791174398
82,700,168.3102482488889,0.18331223745351083,0.8222906851327542,126.7345005411297,0.26181152144951975,168.3102482488889,126.7345005411297
82,600,194.69037582222222,0.22803421550771852,0.8227767248125621,128.87284874820207,0.38111655988507176,194.69037582222222,128.87284874820207
82,550,212.24555975111113,0.23505586034988124,0.8238334481640243,130.77516329524644,0.6181588809099483,212.24555975111113,130.77516329524644
82,450,251.95096206222226,0.31351840746891124,0.8195584715783135,135.84069310859834,0.14515706689420277,251.95096206222226,135.84069310859834
82,380,335.6583869155556,0.6466202561551573,0.8208892123232104,154.1526067816626,0.6173676123830395,335.6583869155556,154.1526067816626
82,300,402.17174314666664,0.48153294392992524,0.8153312246022614,172.1815967701203,0.6853729033012874,402.17174314666664,172.1815967701203
82,260,478.6779522844445,0.7920004231061906,0.8244123240622901,184.59405076350876,0.35343739874757407,478.6779522844445,184.59405076350876
82,220,534.6169518222222,0.4924280118390031,0.8189431988024457,195.97061466854822,0.2348290028794562,534.6169518222222,195.97061466854822
82,180,563.9021000533334,1.2903058076171439,0.8221553676408583,196.24694963395177,0.10620741408599815,563.9021000533334,196.24694963395177
82,160,594.4086078577778,0.821153682297418,0.8191558722604801,202.17537993198826,0.30025959487907644,594.4086078577778,202.17537993198826
82,140,640.0420403200001,1.467991625682058,0.8158071711153957,230.0661813081249,0.5545359834378583,640.0420403200001,230.0661813081249
82,120,619.1732532622221,3.991082518938641,0.8201562506732865,225.57421996387404,2.7088936366172107,619.1732532622221,225.57421996387404
82,100,640.7213759146667,7.6346974886885475,0.8206135999143832,247.5549948630302,0.9096495976532734,640.7213759146667,247.5549948630302
82,90,655.3985895822224,0.9721964786088365,0.8233157089038986,258.52572977545606,0.39728401437961675,655.3985895822224,258.52572977545606
82,70,683.4554001066667,1.78509819239386,0.817952051034296,346.8049081414133,0.7318524147004146,683.4554001066667,346.8049081414133
82,65,686.4853678222222,0.6245447998471032,0.8237298691061697,341.8745613879569,0.6545425950796052,686.4853678222222,341.8745613879569
82,60,685.4095955911112,1.034422233379566,0.8229866782588919,344.0290219329266,0.1415554751942146,685.4095955911112,344.0290219329266
82,55,685.8470697955557,0.3739364421805759,0.8225339454782369,342.97351565888295,0.16627020977680493,685.8470697955557,342.97351565888295
82,50,685.4329646222222,1.5170915554058804,0.8221156148864747,343.6520094076711,0.36390324846218025,685.4329646222222,343.6520094076711
82,45,684.8986668088891,0.602005042691365,0.8216543060422828,344.13594035993975,0.27429328486670923,684.8986668088891,344.13594035993975
82,40,685.6113686755556,1.2820579520913613,0.8214018284082801,344.0923414740814,0.2207228816701063,685.6113686755556,344.0923414740814
82,35,684.229420088889,0.20793365977746645,0.8200575865380052,346.8587460461252,0.8084628987299324,684.229420088889,346.8587460461252
82,30,684.714404408889,0.3748636181615757,0.8192637272824747,346.8120140803007,0.579711092478187,684.714404408889,346.8120140803007
82,25,683.3111337244445,0.9354959421596525,0.8177555790625749,348.3998308128868,1.0925782592866133,683.3111337244445,348.3998308128868
82,20,682.7255932444446,0.22873333097132717,0.8156866047367618,350.42982338483654,0.5896468499613505,682.7255932444446,350.42982338483654
82,5,677.0342975288889,0.6121177446093323,0.8214274782865965,344.95974008966544,0.6155887857142633,677.0342975288889,344.95974008966544
82,0,678.5580737422223,1.0065764768584953,0.8202791791699076,345.01855552810497,0.7688795348695865,678.5580737422223,345.01855552810497
83,5000,24.59312768,0.034812018659288034,0.8319454801237853,114.18681955090646,0.10671811191770654,24.59312768,114.18681955090646
83,3000,39.33444288,0.8073044838625708,0.8300331019863234,115.46130655419817,0.5161033140601549,39.33444288,115.46130655419817
83,2000,57.18556963555556,0.008401079777427064,0.8297290265496081,116.18342061185812,0.06062121544110072,57.18556963555556,116.18342061185812
83,1500,75.58580302222221,0.04951270341755691,0.8300607653489122,118.11978328325871,0.3120421685094151,75.58580302222221,118.11978328325871
83,1000,110.96493639111111,0.09323780621907038,0.8313094926971581,120.85370185058173,0.18732673383454554,110.96493639111111,120.85370185058173
83,900,122.54814385777779,0.13941807279837545,0.8311625334698481,122.45408625726101,0.515902343469466,122.54814385777779,122.45408625726101
83,800,136.82702215111112,0.11220721639343208,0.8311967005286868,123.38515488766029,0.21931468105856355,136.82702215111112,123.38515488766029
83,700,155.08447317333335,0.12045696921182462,0.8313385077136535,125.07271668358692,0.38488516425266345,155.08447317333335,125.07271668358692
83,600,179.0754450488889,0.06992750191622327,0.8313577224260348,127.73445995851039,0.04927696695369532,179.0754450488889,127.73445995851039
83,550,194.12920668444448,0.033152952464267395,0.8316539322109486,128.93027482861865,0.4832546075158979,194.12920668444448,128.93027482861865
83,380,310.72805120000004,0.38921415878185045,0.8294350549244576,147.81562964906473,0.405511585519442,310.72805120000004,147.81562964906473
83,340,382.29639360000004,0.47016112076815664,0.8266681438284064,167.3648621647708,0.4645435223935701,382.29639360000004,167.3648621647708
83,300,428.87269496888894,0.5442844164674986,0.8273481778427388,176.85641163378293,0.3615308094838654,428.87269496888894,176.85641163378293
83,220,512.2272386133334,0.720473505785338,0.8336807811019343,189.3649008156352,0.209106046575844,512.2272386133334,189.3649008156352
83,200,542.6976867555557,0.8892978206392432,0.8299666698205076,194.96321653080022,0.28236669611450355,542.6976867555557,194.96321653080022
83,180,572.7530683022222,0.7267809649415945,0.8275349376464559,196.6157832059979,0.09589447802879433,572.7530683022222,196.6157832059979
83,140,600.0659938844445,0.8415946439693172,0.8273245710960754,202.29577606454416,0.6229679206385652,600.0659938844445,202.29577606454416
83,120,628.2406148266667,1.990310957248821,0.8274162388180007,226.1239038136207,1.5015343242358654,628.2406148266667,226.1239038136207
83,80,663.2933396977778,17.07185078936378,0.8296969379364464,267.134791043098,24.098086709635513,663.2933396977778,267.134791043098
83,70,685.7898264533334,0.11144892883244725,0.82507072404596,341.88256018437284,0.36762384523360364,685.7898264533334,341.88256018437284
83,65,687.6594610133334,0.26211433916057003,0.83489355062764,331.18884155665216,0.5700571471169457,687.6594610133334,331.18884155665216
83,60,688.0559246933334,0.3429968630633426,0.8342287935791556,331.90110482565564,0.25852495856083013,688.0559246933334,331.90110482565564
83,55,687.1365673244445,0.5551073373084621,0.8335524177234955,332.53835389882585,0.21767877598069751,687.1365673244445,332.53835389882585
83,50,688.4487638044444,0.7056424120406989,0.8332723140597201,333.4640338761999,0.4489001950222721,688.4487638044444,333.4640338761999
83,45,687.61807744,0.6697460074198459,0.8330103212646506,332.7392912829136,0.6940643712975499,687.61807744,332.7392912829136
83,40,687.6209341866667,0.5493040042132993,0.83269846415504,332.03782808312826,0.3970546158006651,687.6209341866667,332.03782808312826
83,35,688.03576832,1.7391875839371584,0.8312059270150446,336.28132529441893,1.124094635156535,688.03576832,336.28132529441893
83,30,686.3421302044445,1.1542748075523201,0.8305038527625414,337.3836927929223,0.7445300144708283,686.3421302044445,337.3836927929223
83,25,685.9746602666668,0.21286283139744672,0.8299417842199164,339.42029770144154,0.39981932875805704,685.9746602666668,339.42029770144154
83,20,685.7428864,1.4039887118403114,0.8279510649361823,342.0459162166901,0.46938945255421516,685.7428864,342.0459162166901
83,15,686.1065518933334,1.7534973119057922,0.8270775755302151,343.65539784702014,0.8601720210298831,686.1065518933334,343.65539784702014
83,10,685.9308900977779,1.1933187320386514,0.8271841776613025,347.8150170045619,0.44207029769985745,685.9308900977779,347.8150170045619
84,40000,3.0712386133333336,0.1543719732349549,0.8385111320505909,112.72191843555953,0.5003749116108103,3.0712386133333336,112.72191843555953
84,5000,22.568061724444448,0.021303156386106015,0.8411219753118696,114.11565262198279,0.4360665381483994,22.568061724444448,114.11565262198279
84,2000,59.224600888888894,0.07010354312324465,0.8383853362719765,117.09841547255475,0.07507995215432592,59.224600888888894,117.09841547255475
84,1500,78.11269056,0.051094473689257305,0.8393055807331257,118.3885163447721,0.3983300069264567,78.11269056,118.3885163447721
84,1000,114.42867946666668,0.3128648972080502,0.8400055211994913,121.6513759960899,0.6235910069127625,114.42867946666668,121.6513759960899
84,900,126.47967537777778,0.05378373860073722,0.8402199189578899,123.11290956790283,0.3123080841342538,126.47967537777778,123.11290956790283
84,800,141.16499335111112,0.18493040132705782,0.8401683213091085,124.03182813101597,0.507138168232205,141.16499335111112,124.03182813101597
84,700,160.51435420444446,0.22105823540128797,0.8406509611570279,126.05754215241303,0.2445343648519861,160.51435420444446,126.05754215241303
84,600,185.43450410666665,0.30623464921761706,0.8410570042543943,128.00246051385432,0.7484699783061297,185.43450410666665,128.00246051385432
84,550,202.17903566222222,0.15845721831709744,0.8421625372000593,129.506998319737,0.6855400081914987,202.17903566222222,129.506998319737
84,450,261.4956170666667,13.762860893896683,0.8388506011207509,137.4068335578714,2.4415792004487535,261.4956170666667,137.4068335578714
84,340,357.65735537777783,0.956480069309427,0.836428189755765,160.4428486616617,0.7131495500562277,357.65735537777783,160.4428486616617
84,300,407.20176369777784,0.6821476590191827,0.8397086901923271,172.73048613744626,0.8153990905828845,407.20176369777784,172.73048613744626
84,260,456.2448841955556,0.36816298607075937,0.8378777582391091,181.38090741168855,0.7716832884912997,456.2448841955556,181.38090741168855
84,220,534.2622403555556,0.26178849213665584,0.8426868293656109,192.5064667295336,0.9951800676015714,534.2622403555556,192.5064667295336
84,200,556.662564408889,0.6134107165508859,0.8363612079948575,195.60775777416197,0.47581178605040847,556.662564408889,195.60775777416197
84,180,558.06671424,0.5165453126054196,0.8449641450926961,194.32289611450787,0.5310767188536406,558.06671424,194.32289611450787
84,160,573.6302964977777,1.7109328094533724,0.8381445605407777,195.13522305644946,0.533222805040437,573.6302964977777,195.13522305644946
84,140,613.8363840711112,1.7199796861952725,0.8353768203071685,206.9123560330627,0.7897649990986656,613.8363840711112,206.9123560330627
84,120,622.0823492266667,1.2127158151660247,0.8432187165889861,212.15127027245066,1.435629789699866,622.0823492266667,212.15127027245066
84,100,627.2338479644445,3.3295616365241902,0.8368327984135098,225.74059541449438,0.9598412391273973,627.2338479644445,225.74059541449438
84,90,639.4852925866667,,0.835200103924646,236.72867791182594,1.3375996519743767,639.4852925866667,236.72867791182594
84,70,681.3261974755555,1.2093303737815624,0.8353867399301406,282.8870431605856,2.8050533353368428,681.3261974755555,282.8870431605856
84,20,690.84041088,0.9087620792625405,0.8442844921386907,337.36326143265677,0.2534852993260293,690.84041088,337.36326143265677
84,10,687.2377196799999,0.5885381262521191,0.8404152973012792,340.2069858525617,1.049806963461573,687.2377196799999,340.2069858525617
84,5,670.9009492622222,0.9023981480558914,0.8372613440081474,333.2291186663079,0.4180360002220995,670.9009492622222,333.2291186663079
84,0,674.6755481600001,1.5820442945017463,0.8372345651484658,328.811414492113,0.31639648496703554,674.6755481600001,328.811414492113
85,5000,23.17835278222222,0.018503588446349296,0.8456203460921013,114.78000019663826,0.8096870850651211,23.17835278222222,114.78000019663826
85,3000,37.14057752888889,0.4937467329579967,0.8493408498752908,115.29074333841344,0.4430247569531853,37.14057752888889,115.29074333841344
85,2000,54.23083790222222,0.11116449804651783,0.8482665116085445,116.0373507523035,0.15857852782648876,54.23083790222222,116.0373507523035
85,1500,71.39691164444444,0.07602617329184187,0.8501724010467046,117.7260451093573,0.25529531814856243,71.39691164444444,117.7260451093573
85,1000,105.1744242488889,0.18418226177432823,0.8502200404963837,121.06334246929474,0.810784288301242,105.1744242488889,121.06334246929474
85,900,116.15605404444445,0.11022154687188203,0.8503162484175976,121.66782254459076,0.3249443299368664,116.15605404444445,121.66782254459076
85,800,129.68231310222222,0.1370167228145148,0.8504422532616033,123.0798742787469,0.3858382726449624,129.68231310222222,123.0798742787469
85,700,146.7018738488889,0.1800282859760412,0.8503981704925937,124.54823020068388,0.2749912192370261,146.7018738488889,124.54823020068388
85,600,169.51980359111113,0.12894483000410437,0.8501953412866334,126.67451517127267,0.4300971787090115,169.51980359111113,126.67451517127267
85,550,183.9920145777778,0.2078746406263049,0.8504543260125965,128.01084400681822,0.3563649590298046,183.9920145777778,128.01084400681822
85,450,263.53195072,0.9748067986369819,0.8543343946320996,137.97995806532745,0.27390630062960875,263.53195072,137.97995806532745
85,380,323.20051114666666,16.20841629214473,0.8481644808421783,151.05409856965858,3.9629916756303203,323.20051114666666,151.05409856965858
85,340,383.96807530666666,0.381923911954895,0.8495658401173537,166.74169041533278,0.16259479177945194,383.96807530666666,166.74169041533278
85,300,429.0362109866667,0.3102320085838108,0.849727363376607,176.25608474012407,0.14388620888302753,429.0362109866667,176.25608474012407
85,260,478.8117914311112,0.6386176947034714,0.8473172969363731,183.69588025385187,0.3756778994541765,478.8117914311112,183.69588025385187
85,220,508.44887267555555,0.4110458372106377,0.8547996809925763,187.078733400484,0.8571595441677549,508.44887267555555,187.078733400484
85,200,538.0920194133333,0.22510251241069248,0.8517420390339594,192.3767382113532,1.2656324797454133,538.0920194133333,192.3767382113532
85,180,561.70772272,3.6957862819320897,0.8489144677365182,193.2542964820386,1.3630549240500025,561.70772272,193.2542964820386
85,140,571.6950340266667,1.8620222737098575,0.8496632023051909,191.76196622386053,0.17184778785249616,571.6950340266667,191.76196622386053
85,120,613.9476085333334,0.0885620559497867,0.8495839229812133,205.63034872038597,0.8761732622732848,613.9476085333334,205.63034872038597
85,100,638.7533840355555,1.2760432693088521,0.8461269515973218,227.71864727207344,0.5383139511823538,638.7533840355555,227.71864727207344
85,90,649.6492528355557,1.2942376760924088,0.8451203691642769,239.07226167276454,0.5878025928056926,649.6492528355557,239.07226167276454
85,80,661.1823583288889,1.367019756985357,0.845043401974312,249.11125655352416,0.19739252925596984,661.1823583288889,249.11125655352416
85,70,691.9349812622223,1.2158313024951655,0.8480480986184729,323.6123201640618,0.17854497753469056,691.9349812622223,323.6123201640618
85,65,691.8014742044444,1.2027520106633092,0.8477264242937556,325.0894942849836,0.4919534941737284,691.8014742044444,325.0894942849836
85,60,692.2235384888891,1.3676719872806247,0.847293882236882,328.1600681952561,0.5580519478260327,692.2235384888891,328.1600681952561
85,55,692.3677981866667,0.8859861918091685,0.8470758415716078,327.94520829800615,1.2384883597701162,692.3677981866667,327.94520829800615
85,50,692.157915448889,1.339573868302803,0.8468864526713512,328.0769017830853,0.7442416622926666,692.157915448889,328.0769017830853
85,45,692.0408900977777,0.5136824552089259,0.8467151886213412,327.9593896602887,0.2409662620509229,692.0408900977777,327.9593896602887
85,40,691.9039693511112,1.1544314840616217,0.846534483468042,329.0630475085164,0.7307177148114127,691.9039693511112,329.0630475085164
85,35,690.9023638755556,0.21508583538350054,0.8462095744581183,333.10095272437593,0.6663990990491498,690.9023638755556,333.10095272437593
85,30,691.3628687644444,0.4289266197470128,0.8461808355682385,334.31942573373703,0.49656092759612036,691.3628687644444,334.31942573373703
85,25,690.7787926755556,0.5016964773174577,0.8453798859638786,335.87595034632596,0.7084544305191469,690.7787926755556,335.87595034632596
85,15,692.2063990755555,2.579881627414785,0.850221028186341,334.57885921008057,2.9861408018942472,692.2063990755555,334.57885921008057
85,5,685.5025526044445,0.9698611070309151,0.8510726123352957,329.6772077725764,0.40989940774938494,685.5025526044445,329.6772077725764
85,0,687.3226006755557,0.4503013846380996,0.8510445392174875,325.0416282674458,0.12572192087308295,687.3226006755557,325.0416282674458
86,5000,21.415574720000002,0.3734222900287543,0.8580144144325412,114.0586101374481,0.3820732232138905,21.415574720000002,114.0586101374481
86,3000,34.503767324444446,0.04569380635896164,0.8608317540721382,114.77513765444873,0.4825571123643488,34.503767324444446,114.77513765444873
86,2000,55.49771171555556,0.02991492121445309,0.8553043106854995,116.44732069802012,0.5204713817787305,55.49771171555556,116.44732069802012
86,1500,72.96607857777778,0.08764196055071236,0.857072852519199,118.1008012002203,0.5586384530426262,72.96607857777778,118.1008012002203
86,1000,107.16858837333332,0.09671987166488598,0.8573271877810754,121.05307742742787,0.4334820862963739,107.16858837333332,121.05307742742787
86,900,118.50423160888887,0.02582346305823832,0.8574202552174096,122.1237815817426,0.24394094593276383,118.50423160888887,122.1237815817426
86,800,132.18710051555556,0.15559420169005206,0.8575128976491236,123.34475785685682,0.27840297874045444,132.18710051555556,123.34475785685682
86,700,149.79387377777778,0.24573628674819847,0.8578526536163645,124.48807595089994,0.3842006680033499,149.79387377777778,124.48807595089994
86,600,173.38098794666666,0.13296742774034181,0.8581340517551719,126.55943542537932,0.27320531358513345,173.38098794666666,126.55943542537932
86,550,188.92985507555557,0.17200346547814477,0.8589788382097726,128.16417120285425,0.3284002834991731,188.92985507555557,128.16417120285425
86,450,230.61998677333335,0.2935031599690318,0.8565039251221368,133.15470820955844,0.7303432795478784,230.61998677333335,133.15470820955844
86,380,330.01543694222227,0.49046777809241987,0.8643118709718144,152.81045423301492,0.31552824477479524,330.01543694222227,152.81045423301492
86,340,354.4489969066667,0.7317576165261223,0.8572913386211521,159.29418136035957,0.25542195172584964,354.4489969066667,159.29418136035957
86,300,403.01785664,0.6891816043617279,0.8599250081465589,170.3962339253931,0.4540056471039862,403.01785664,170.3962339253931
86,260,451.75271253333335,1.1516598378013698,0.8585198247317573,179.22619181517248,0.7256976167237239,451.75271253333335,179.22619181517248
86,220,523.1433918577778,0.5677748319412035,0.8626670775684699,188.77764378651852,0.46919065792359166,523.1433918577778,188.77764378651852
86,200,546.4471229155556,0.18684478875492655,0.8580516741791003,192.3366888045231,1.5513918304385843,546.4471229155556,192.3366888045231
86,160,555.3143774577778,9.277828322732557,0.8606397429226195,190.81189075432926,1.8150732523102215,555.3143774577778,190.81189075432926
86,140,578.2187459555556,0.9432805709741225,0.8560081143972376,193.9285103185265,1.2947555387522427,578.2187459555556,193.9285103185265
86,120,585.0656962133334,1.6935260960970855,0.8647315303431349,192.7531201530701,1.0697768153702019,585.0656962133334,192.7531201530701
86,100,622.8313160533334,1.0995523313387412,0.8592769547975762,207.09188388920015,1.1793505250215999,622.8313160533334,207.09188388920015
86,90,638.8834417777779,0.5592313781995804,0.8574486720369473,218.83339638822278,1.0754664592752514,638.8834417777779,218.83339638822278
86,80,651.8009036088889,0.25589058607538695,0.8566820417075246,229.44266809037222,0.26014130998323576,651.8009036088889,229.44266809037222
86,70,661.6189707377779,0.7031084878843369,0.8561613046439779,241.73525742604838,1.1738507767395037,661.6189707377779,241.73525742604838
86,65,678.3326587733334,1.1839151732081006,0.8566325222187939,256.00297909663675,1.2164304339702028,678.3326587733334,256.00297909663675
86,60,696.815935928889,0.9273464078886895,0.8583319748212177,322.71787955892165,0.4073193761373967,696.815935928889,322.71787955892165
86,55,697.3325437155557,0.15720307130189146,0.8580970112161627,322.801148047229,0.2579843119216488,697.3325437155557,322.801148047229
86,50,697.0358153955555,0.9927547990930297,0.8578206597934082,323.4339518719568,0.3955687700734012,697.0358153955555,323.4339518719568
86,45,696.0485405155555,1.0582236350148422,0.857769467648276,324.0310651162447,0.20779082545993638,696.0485405155555,324.0310651162447
86,40,696.3157403022224,0.2897406457137416,0.8574883630662941,324.09341978443894,0.24157468688743663,696.3157403022224,324.09341978443894
86,35,696.1566149688889,0.3117110447211607,0.857249617017663,327.3825828306403,0.4835479342388726,696.1566149688889,327.3825828306403
86,30,695.4276228266667,0.5940568485197959,0.8566442935829889,328.9570973690774,1.1849421414181764,695.4276228266667,328.9570973690774
86,25,695.9963596088888,0.9580625784085444,0.855857551223037,330.8723129579112,1.237182509419806,695.9963596088888,330.8723129579112
86,20,695.8157705244445,1.0028840317499257,0.8555038747617886,331.1585243604504,0.7565261725690876,695.8157705244445,331.1585243604504
86,10,694.3081863111111,0.23890592915458816,0.8579570720119043,332.92481077751785,0.27531347901343106,694.3081863111111,332.92481077751785
87,5000,21.425268622222223,0.8793435769239263,0.8688765951606362,113.85300053247175,0.22028716832797238,21.425268622222223,113.85300053247175
87,3000,35.31822200888889,0.0497604705961657,0.8744671478178034,115.24543971891683,0.2221309455751498,35.31822200888889,115.24543971891683
87,2000,50.62926435555556,0.059388214359171354,0.8655047094924516,116.17140308610242,0.43878400705940784,50.62926435555556,116.17140308610242
87,1500,66.70990926222221,0.1196726162999123,0.8670297538191156,117.37697770311603,0.38936352588138745,66.70990926222221,117.37697770311603
87,1000,97.8022509511111,0.02528495820976681,0.8677992457703393,119.99498408183346,0.42189089717895323,97.8022509511111,119.99498408183346
87,900,108.11316487111111,0.216133505696198,0.8679015694673377,121.04303155533415,0.4483322988778994,108.11316487111111,121.04303155533415
87,800,120.45775829333333,0.0929583088784311,0.8679562530539441,122.32498819345102,0.25270840551099083,120.45775829333333,122.32498819345102
87,700,136.22479431111114,0.1998442817319023,0.8680992390027017,123.74410311386008,0.47543471168461443,136.22479431111114,123.74410311386008
87,600,157.27915690666666,0.2784768975643064,0.8682397845924391,125.24604383298015,0.516243224940382,157.27915690666666,125.24604383298015
87,550,171.12151139555556,0.06605117261090065,0.8687273910188945,126.64298455256285,0.1886415867111857,171.12151139555556,126.64298455256285
87,450,243.3448421688889,0.329271905635943,0.8681990492655309,134.56605612579577,0.3576198062315015,243.3448421688889,134.56605612579577
87,380,293.4702387911111,0.4529434475900911,0.8680993069845067,144.62622450547985,0.13380431737332546,293.4702387911111,144.62622450547985
87,340,357.92963072000003,20.46550950133158,0.8712518703200929,160.245990796786,4.850295413754244,357.92963072000003,160.245990796786
87,300,421.70080398222217,0.5268935988146796,0.8690996333330695,174.03414966278942,0.591936257669543,421.70080398222217,174.03414966278942
87,260,469.30078001777775,1.039397878289761,0.8669871997827956,180.75484163240571,0.6291195177960879,469.30078001777775,180.75484163240571
87,220,492.288444088889,0.6459033649726982,0.8737226524616197,182.6430405279813,0.30364863700152944,492.288444088889,182.6430405279813
87,200,520.87742528,0.3004178337560699,0.8713491365723475,186.9755355701985,0.4398758263506329,520.87742528,186.9755355701985
87,180,549.1818203022223,1.9679838043047286,0.8695332979209126,190.88588177460326,1.1897691954052085,549.1818203022223,190.88588177460326
87,140,555.5075672177778,1.559886060715899,0.8742036916593475,189.73756847495804,0.6119875390420956,555.5075672177778,189.73756847495804
87,100,604.0001365333334,0.9952546260884648,0.8736856431487805,199.52044315926972,0.42294769969101054,604.0001365333334,199.52044315926972
87,90,619.152510648889,0.5388560983811561,0.8723276615195252,206.72329943289276,0.6062830992929904,619.152510648889,206.72329943289276
87,80,636.5279083377778,0.6458864043919178,0.8702571789942318,208.71777122516528,0.17351915272555715,636.5279083377778,208.71777122516528
87,70,697.0454486044446,1.2499957408873914,0.872206974067522,283.33783206122536,0.8095348521200477,697.0454486044446,283.33783206122536
87,65,697.4639554133333,1.0889122556562778,0.8720529322323046,288.22121497982886,0.867326224035497,697.4639554133333,288.22121497982886
87,60,700.0465818311112,0.2179087579187817,0.8718191454073345,297.891189143467,0.8000882836822895,700.0465818311112,297.891189143467
87,55,699.0560476444447,1.3324321521209685,0.8715390530945721,299.827597557685,0.4412973912256327,699.0560476444447,299.827597557685
87,50,700.0759890488889,1.4947483224229334,0.8715338264674825,301.8080958826417,0.9842067691426469,700.0759890488889,301.8080958826417
87,45,700.0405580800001,0.4809660986699899,0.8715810267464056,304.02215420703885,1.0027159013673075,700.0405580800001,304.02215420703885
87,40,700.017360071111,0.20888159902107942,0.8716079529164312,305.2895626765199,0.36871358342708965,700.017360071111,305.2895626765199
87,35,699.4026738488889,0.3011318145146514,0.8722240375632699,313.676073242984,0.5542299328410664,699.4026738488889,313.676073242984
87,30,699.9397473422223,0.16704034770773135,0.8725577393959711,317.5160177150976,0.5264823061024959,699.9397473422223,317.5160177150976
87,20,699.827782328889,1.6386490893782126,0.8715940176655574,321.34242216009017,0.34659867479128315,699.827782328889,321.34242216009017
87,10,698.5429466311111,0.47959328220638375,0.8720063508254375,325.2244961976539,0.8528464854305978,698.5429466311111,325.2244961976539
87,5,692.065573048889,1.8370391746910213,0.865392037854599,326.7338820640002,0.6086983817287552,692.065573048889,326.7338820640002
87,0,684.842912568889,1.8171808759205648,0.8654998342121939,321.0826046905663,0.7602892726573001,684.842912568889,321.0826046905663
88,5000,20.34348128,0.06481171050728253,0.8755066310691841,114.2443508470921,0.35298628646425895,20.34348128,114.2443508470921
88,2000,52.28934912,0.046544086788230306,0.8763824068642118,115.97132999047942,0.4739776090070628,52.28934912,115.97132999047942
88,1500,68.69548323555557,0.0030136556596116965,0.8780074360308435,117.42767401050473,0.4087074553858549,68.69548323555557,117.42767401050473
88,1000,100.84713955555556,0.08620976084315078,0.8788206615857234,120.55087270544446,0.12752431747742562,100.84713955555556,120.55087270544446
88,900,111.26586154666667,0.32209949582148567,0.8787751255938768,121.39918802054575,0.5580351308293585,111.26586154666667,121.39918802054575
88,800,124.14096291555556,0.22183997000790764,0.8790520838532432,122.21102638765244,0.43570961782297846,124.14096291555556,122.21102638765244
88,700,140.60100458666668,0.3074526750377733,0.8791710213565814,123.37117006914791,0.1890038737549116,140.60100458666668,123.37117006914791
88,600,162.10405809777777,0.09121166521796935,0.8793107585287455,126.04139533735226,0.270282928843567,162.10405809777777,126.04139533735226
88,550,176.40384547555558,0.09639664491476578,0.879678929963664,126.9158860011349,0.3607103491594531,176.40384547555558,126.9158860011349
88,450,217.439424,2.941036663977136,0.8777861742095031,131.07443286303067,0.31881866803926656,217.439424,131.07443286303067
88,380,285.02380273777777,15.205184252041166,0.8795877727953382,142.7946366630384,3.1847084701302535,285.02380273777777,142.7946366630384
88,340,344.25631872,0.7138714895893109,0.8803542067229205,157.41585240560374,0.37180466154061004,344.25631872,157.41585240560374
88,300,390.8989386311111,2.381812923560886,0.8801729236063428,167.59120456651968,0.36294748574593444,390.8989386311111,167.59120456651968
88,260,439.1107750044445,2.3896631558650854,0.8793142967837535,175.96125881781595,0.6800099672909344,439.1107750044445,175.96125881781595
88,220,495.99997888000007,0.622835812292207,0.8793019353288903,182.5124952244673,0.13116751488131237,495.99997888000007,182.5124952244673
88,200,526.4134971022222,0.7098286115653556,0.87724900802594,187.57261044253437,0.8043776624179261,526.4134971022222,187.57261044253437
88,160,553.1310054400001,1.1170373247757655,0.8835378821158567,189.7914315425726,0.29088341234415194,553.1310054400001,189.7914315425726
88,140,544.9836720355555,1.118959089220565,0.8845612603324616,186.94311685862576,0.4698926011134675,544.9836720355555,186.94311685862576
88,120,573.3739197866668,0.531356501401457,0.87808005132846,190.95299982636448,1.3169660119176505,573.3739197866668,190.95299982636448
88,80,638.2205700977779,0.5837029583607086,0.8838235231327137,209.55254295502127,0.5232097515029027,638.2205700977779,209.55254295502127
88,70,647.859846968889,1.3093619177192057,0.8830383667352493,218.45603255914943,0.6962630217871776,647.859846968889,218.45603255914943
88,65,662.6718222933333,2.895485142672454,0.8827079851314322,227.43461249587753,1.0295000070150646,662.6718222933333,227.43461249587753
88,60,688.5542877155557,1.0616045986482765,0.8835264036125415,243.9726725038016,1.20397142535114,688.5542877155557,243.9726725038016
88,55,705.3286093511111,1.5082437666685948,0.8848417823478911,304.68906855073254,1.2784682928809883,705.3286093511111,304.68906855073254
88,50,705.8765212444446,0.771258101404181,0.8846879069010645,306.03305410523757,1.12419097065166,705.8765212444446,306.03305410523757
88,45,705.9400814222222,0.8274606099972505,0.8848145709985572,305.7690449512238,0.9493624710279867,705.9400814222222,305.7690449512238
88,40,705.3169373155556,1.4795235875868293,0.8848022738260344,305.7183958074109,0.45106326572168914,705.3169373155556,305.7183958074109
88,35,704.8594717866667,,0.884979428450946,310.265083357508,0.4896292347643645,704.8594717866667,310.265083357508
88,25,701.5802846577777,1.1755572469245479,0.8762555503458808,322.0710564745215,1.1199332219891334,701.5802846577777,322.0710564745215
88,15,701.9719086222223,2.147963777177979,0.8802983415980385,319.58322331642484,3.6762487092336515,701.9719086222223,319.58322331642484
88,5,696.6347534933333,0.8572138355743418,0.8807609019180559,319.20971336300073,0.7983747218122745,696.6347534933333,319.20971336300073
88,0,692.3665174044445,1.603482023073428,0.8805575156106391,316.16603034663444,1.2728063556316984,692.3665174044445,316.16603034663444
89,5000,21.112649031111115,0.006733326148714504,0.8907640474332593,114.27404863332049,0.3832901130005465,21.112649031111115,114.27404863332049
89,3000,32.635405653333336,,0.8854794097030547,114.49196996076616,0.25708630600633303,32.635405653333336,114.49196996076616
89,2000,48.20353585777778,0.030873628757185453,0.8881277595852598,116.34327304279726,0.7274064185518407,48.20353585777778,116.34327304279726
89,1500,63.574062364444444,0.11724677110221131,0.8896296628161989,117.32645200109819,0.30789794287019456,63.574062364444444,117.32645200109819
89,1000,93.06599779555556,0.20394824969677797,0.8911514040936429,119.82910338624329,0.3607570798942621,93.06599779555556,119.82910338624329
89,900,102.55020807111111,0.1367902067539231,0.8911488751177985,120.78843754915988,0.19426060032340617,102.55020807111111,120.78843754915988
89,800,114.45950300444444,0.10030701531928443,0.8913526191753668,121.54087363191452,0.30998215453989403,114.45950300444444,121.54087363191452
89,700,129.53286016,0.20836970530265223,0.8915523616848108,122.87927118079648,0.42438153693089914,129.53286016,122.87927118079648
89,600,149.56901624888891,0.24639574550596896,0.8917307133198772,124.97042934240756,0.18053990589993976,149.56901624888891,124.97042934240756
89,550,162.2785272177778,0.1933479433524575,0.8920119240701422,125.91960973052308,0.30891510972631897,162.2785272177778,125.91960973052308
89,450,221.91571114666667,0.08099287810140036,0.885083918228123,131.15335511641229,0.5614657382187392,221.91571114666667,131.15335511641229
89,380,280.48686876444447,0.38090706131950075,0.8939790330191579,141.91927028994505,0.5175062711439292,280.48686876444447,141.91927028994505
89,340,312.2195901866667,0.5884449226787377,0.8890095192996661,149.42408699285582,0.385341268313999,312.2195901866667,149.42408699285582
89,300,363.3815288177778,0.30299457229238386,0.8935488997549422,161.24408087642504,0.2300324933503303,363.3815288177778,161.24408087642504
89,260,414.2536772977778,0.6264034484435991,0.8945428790644282,170.97087956236177,0.20330270062332922,414.2536772977778,170.97087956236177
89,220,467.40409251555553,0.3625511604210364,0.8927178247239812,178.433027590428,0.5824873449906228,467.40409251555553,178.433027590428
89,200,497.6637347555556,1.1331825725911318,0.8912101245657406,182.3673941046824,0.17365617520939158,497.6637347555556,182.3673941046824
89,180,529.9121920711112,0.3889228402058439,0.8886526733897968,187.30407810992688,0.6766321680645276,529.9121920711112,187.30407810992688
89,160,549.5755608177778,0.6163407811448756,0.8909808849283608,189.66502724489717,0.7394101097458455,549.5755608177778,189.66502724489717
89,120,567.3996781511113,1.4731219069161767,0.8934889396268378,187.93438642451534,0.241567702896703,567.3996781511113,187.93438642451534
89,100,602.0340833422224,0.8979903740051163,0.8873380827433034,194.24566379248427,0.8079945334930119,602.0340833422224,194.24566379248427
89,90,619.1200096000001,0.9610770375532428,0.8858176587339414,200.92427837509726,0.35353395005278504,619.1200096000001,200.92427837509726
89,30,704.8598285511111,0.21928758836586504,0.8859016639088058,313.22800412205646,0.6148469548079656,704.8598285511111,313.22800412205646
89,25,705.1228492088889,0.42577869899133,0.8875910054088415,315.4556098026672,0.6564524564920384,705.1228492088889,315.4556098026672
89,20,705.0453492622222,0.569177368495104,0.888135701537249,316.4633414015854,0.3633629535334759,705.0453492622222,316.4633414015854
89,10,704.5807733333332,1.4179479904376449,0.8868211338316172,317.9692104381329,0.460770853549612,704.5807733333332,317.9692104381329
90,5000,19.475307164444448,0.0224074860758918,0.9023276362492562,114.21654800713105,0.33319319510742257,19.475307164444448,114.21654800713105
90,3000,34.46124878222222,0.0775961753995657,0.8973841773760208,114.982281235652,0.2816793020313427,34.46124878222222,114.982281235652
90,2000,50.56829333333334,0.07829024003684187,0.902289684085739,116.14333603034835,0.30801709702641017,50.56829333333334,116.14333603034835
90,1500,66.49862855111111,0.04936408918158981,0.9039073613804693,117.54361868877999,0.22798097336832968,66.49862855111111,117.54361868877999
90,1000,97.68075882666668,,0.9049704242865428,119.98769329921417,0.37439725256415674,97.68075882666668,119.98769329921417
90,450,201.8465024,0.37908393762051845,0.8956443659431833,129.34483865880975,0.28833626467075174,201.8465024,129.34483865880975
90,380,244.65293710222224,0.5307608394462658,0.8995389360042871,134.977502662177,0.360727587048022,244.65293710222224,134.977502662177
90,340,301.81210752,25.70285794553455,0.9007639207977086,146.8964746067855,6.368556113269379,301.81210752,146.8964746067855
90,300,375.3581490488889,0.3604421392004691,0.902436474534697,164.0772838993772,0.6523220874513797,375.3581490488889,164.0772838993772
90,260,423.37410560000006,1.4077760807175803,0.9024434693550742,172.79148992098533,0.9312818354313614,423.37410560000006,172.79148992098533
90,220,475.8663139555556,0.6133143253827024,0.9002914979087699,179.01586365131004,0.6292399857860758,475.8663139555556,179.01586365131004
90,200,505.37278279111115,0.7849700068704243,0.8988250773878231,183.23028226855203,0.4118524556227507,505.37278279111115,183.23028226855203
90,180,533.5832894577778,0.11479187046833288,0.8960851296315463,186.63344240179728,0.1904342569783741,533.5832894577778,186.63344240179728
90,140,546.5153935644445,2.2481142573018715,0.9002744828905769,187.74604420117376,0.5684144269081026,546.5153935644445,187.74604420117376
90,100,603.6861191111111,0.43847165132248045,0.9022409597671442,194.6524563466063,0.8924778631421816,603.6861191111111,194.6524563466063
90,90,623.0211585422222,1.6156832363496574,0.9006712499422928,200.888643553525,0.26619425206971153,623.0211585422222,200.888643553525
90,80,635.1372165688889,2.1105451716405526,0.899322609486628,207.03460265354033,0.11077307425975488,635.1372165688889,207.03460265354033
90,70,649.99289344,0.7410015849114836,0.8982453277968737,214.23374868084247,0.8316912071111929,649.99289344,214.23374868084247
90,65,708.4084504888889,0.5232983043391489,0.9004678370574265,283.44904199770775,0.6127592418489316,708.4084504888889,283.44904199770775
90,60,708.93560384,1.2125974616029949,0.9006810582348,292.0779541214576,1.4635715988632345,708.93560384,292.0779541214576
90,55,709.7005822577779,1.0484131709002271,0.9005512656630638,293.1127554761631,0.5640769498179904,709.7005822577779,293.1127554761631
90,50,708.6364192711111,1.0192739953857113,0.9006344679632784,294.55013150619516,0.5104686899345601,708.6364192711111,294.55013150619516
90,45,709.2596007111111,0.9056979232215205,0.9006630395708095,296.556630042421,0.8634090130063038,709.2596007111111,296.556630042421
90,40,708.674387128889,1.3946367557207824,0.9006858828746297,296.9546450894308,0.5258110348905013,708.674387128889,296.9546450894308
90,35,708.5149474844444,0.618201035940934,0.9010309823094328,301.9789015789493,0.5308792256609672,708.5149474844444,301.9789015789493
90,30,709.1113734400001,0.4492032811148531,0.9011913362831544,305.72630248249607,0.3486317406101862,709.1113734400001,305.72630248249607
90,25,709.1123902577777,0.8911510873303634,0.9034152100205025,308.7910185418807,0.7911021816306216,709.1123902577777,308.7910185418807
90,20,708.3760187022223,1.3866215783072309,0.9019661660507632,309.09265075103826,0.3353030601547828,708.3760187022223,309.09265075103826
90,15,706.8257558044446,1.2379785886199421,0.9028903673073918,309.32622092944257,0.80239367376128,706.8257558044446,309.32622092944257
90,10,707.3191386311111,0.9671620657044915,0.901967839114632,312.42622754809145,0.31074622989379813,707.3191386311111,312.42622754809145
90,5,702.6734786133334,1.202537362515917,0.8968171902619694,314.2621995738055,0.37258371924876144,702.6734786133334,314.2621995738055
90,0,689.8792273777777,0.9327190027685915,0.8961678163485932,312.4349999956475,0.5490743232552997,689.8792273777777,312.4349999956475
91,5000,19.978792426666665,0.00130379176742633,0.9149073367328283,114.02043973604891,0.37962020568755345,19.978792426666665,114.02043973604891
91,3000,31.406921600000004,0.08371095102489214,0.9114497778671397,114.82213426277862,0.34964042159099984,31.406921600000004,114.82213426277862
91,900,107.41367943111112,0.1539757508038855,0.9053423960215606,121.05056990066753,0.4532740378036774,107.41367943111112,121.05056990066753
91,800,119.9009329777778,0.11463171147047725,0.9055223952293053,121.90172509483044,0.35662391962097595,119.9009329777778,121.90172509483044
91,700,135.77942243555557,0.17220480679401837,0.9057276133982741,123.9336183999979,0.08184560000318816,135.77942243555557,123.9336183999979
91,600,156.55168668444446,0.2792859023666015,0.9058748800620151,125.33753535330062,0.5896646423718424,156.55168668444446,125.33753535330062
91,550,169.8147442488889,0.15826241351327378,0.906035696804797,126.86018896248095,0.1981419369029028,169.8147442488889,126.86018896248095
91,450,207.16042531555559,0.07715302758626244,0.9078284175349683,129.83733674375137,0.3906911278729241,207.16042531555559,129.83733674375137
91,380,250.78332551111112,0.09293032291170975,0.9109841312065395,135.9265872255315,0.33120517418056156,250.78332551111112,135.9265872255315
91,340,286.49145365333334,0.41785678683470834,0.914119077158606,143.20287379661923,0.5767083270975868,286.49145365333334,143.20287379661923
91,300,326.7789592888889,0.2730602997619578,0.9074595869424549,152.9399848743808,0.3601616777228171,326.7789592888889,152.9399848743808
91,260,381.6774417066667,0.25525203893629345,0.9106945877865056,165.30177396415527,0.7114544154709245,381.6774417066667,165.30177396415527
91,220,436.19567502222225,0.26937855709722736,0.9100721144434848,173.3912210018394,0.14489336397093827,436.19567502222225,173.3912210018394
91,200,465.2928162133333,0.2536148349842379,0.9089526653735353,176.45644864183615,0.2935052036103021,465.2928162133333,176.45644864183615
91,180,498.33685127111113,0.6066408729780547,0.9077536344634537,181.67946456311665,0.19549611650547297,498.33685127111113,181.67946456311665
91,160,532.4152957866668,0.504145831287189,0.9056225808605435,186.25244133504043,0.39171725172686,532.4152957866668,186.25244133504043
91,140,539.1852688355556,0.9011377018485215,0.9114236198439828,185.48240301663148,0.41794107814238773,539.1852688355556,185.48240301663148
91,120,571.1990678755556,0.5448831807769533,0.9064913469191772,187.39875093556557,0.0718974449475786,571.1990678755556,187.39875093556557
91,80,620.4797379555556,1.1243933102014436,0.9144385943547974,195.48077892115774,0.22001171035255374,620.4797379555556,195.48077892115774
91,70,636.3310833066668,0.28031989866324736,0.9136650091587342,203.58582660335173,0.7690703624427411,636.3310833066668,203.58582660335173
91,65,646.1836765866667,0.7621111217506835,0.9123336520882508,206.72624173780505,0.4460097721280983,646.1836765866667,206.72624173780505
91,60,660.9489904355556,0.24732591001969137,0.9121475583338405,215.0673140236175,0.19247996193037228,660.9489904355556,215.0673140236175
91,55,687.877037368889,1.4841063084520199,0.9127194148378596,221.23885545268573,0.2725252246571831,687.877037368889,221.23885545268573
91,50,714.3660674844446,0.6952756381922821,0.9137832053913987,283.18870925887137,1.0082243110511258,714.3660674844446,283.18870925887137
91,45,714.0287864177777,0.5256595523849238,0.9138397617047778,284.9326838014717,0.2934118445421242,714.0287864177777,284.9326838014717
91,40,713.0957008355557,0.9997451149578652,0.9139472229313106,285.2404380916212,0.33379898932405494,713.0957008355557,285.2404380916212
91,35,713.107978808889,0.6663426481145114,0.9141580354401159,288.83826153291295,1.2974426872886002,713.107978808889,288.83826153291295
91,15,711.38607232,0.9191925771848486,0.9147887155213542,299.3464209365257,0.7310132581413296,711.38607232,299.3464209365257
91,5,713.8363056355556,0.9020913603135805,0.9140207270953553,306.21066816778506,0.5688070639205094,713.8363056355556,306.21066816778506
91,0,704.8862601955556,0.45382584239516244,0.9128656109262262,308.31152742188095,0.43235848042879566,704.8862601955556,308.31152742188095
92,3000,32.38526549333333,0.026578183296283284,0.9235961321917484,115.24003338292646,1.1445110528550886,32.38526549333333,115.24003338292646
92,2000,46.38002133333334,0.030009083820489696,0.915270028444738,115.54202156911843,0.44752355407745253,46.38002133333334,115.54202156911843
92,1500,61.02928910222223,0.058997831045622805,0.9171143546264758,117.20275849402002,0.0987607500970917,61.02928910222223,117.20275849402002
92,1000,89.62350677333335,0.07072366196041045,0.9183083707481962,119.64665093832828,0.015557622189997549,89.62350677333335,119.64665093832828
92,900,98.90846236444445,0.15859373384246547,0.918518207902335,120.66668165525276,0.04357020634902441,98.90846236444445,120.66668165525276
92,800,110.2156856177778,0.0425415593727684,0.9186523381837635,121.47810955665089,0.28178795196420814,110.2156856177778,121.47810955665089
92,700,124.88263829333334,0.06718086628057901,0.9188123346113759,122.65377354376933,0.20063304607220214,124.88263829333334,122.65377354376933
92,600,143.9701921422222,0.2244201274640947,0.9189708804490619,124.29004403820267,0.279121789247704,143.9701921422222,124.29004403820267
92,550,156.13574919111113,0.2636582358670314,0.9193242886999432,125.15879352772134,0.5083342982724866,156.13574919111113,125.15879352772134
92,450,191.99454286222223,0.5676662782062978,0.9213483781432741,128.76949699272896,0.4928034301287827,191.99454286222223,128.76949699272896
92,380,228.35081792000005,0.4446051874828308,0.9228535495737261,132.3630151388536,0.14702601137049287,228.35081792000005,132.3630151388536
92,340,257.8320972088889,0.1897825427928444,0.9244932357605181,138.04803734306503,0.46876999094331495,257.8320972088889,138.04803734306503
92,300,336.1620268088889,0.33649581683730656,0.9184083458700761,155.2844641859947,0.502855654437046,336.1620268088889,155.2844641859947
92,260,390.31036992,0.3434596392244133,0.9205101657201791,166.93236756556703,0.6826579885068033,390.31036992,166.93236756556703
92,220,442.8834480355556,0.5507590022924311,0.9195407058326532,174.10534419729348,0.4689555242409566,442.8834480355556,174.10534419729348
92,200,472.287790008889,0.601525637106278,0.918555086897324,177.10685956406883,0.09282128209578962,472.287790008889,177.10685956406883
92,180,505.7920814222222,0.2412261881117904,0.9173852831218481,182.55461248958522,0.03257526633597214,505.7920814222222,182.55461248958522
92,160,539.2982405688889,0.8081668563564856,0.9156708337076968,186.824896354799,0.7934045813063356,539.2982405688889,186.824896354799
92,120,549.6110154666668,0.8835314855597219,0.9228328980095034,185.46993722711625,0.5432020911931128,549.6110154666668,185.46993722711625
92,100,581.9452925155556,0.41164437720924624,0.9181887784141205,186.3033915528463,0.4161052742902526,581.9452925155556,186.3033915528463
92,90,599.8862382933333,1.3811309220197006,0.9160680000993319,190.05035151576848,1.0720420316311694,599.8862382933333,190.05035151576848
92,30,714.0671762488888,1.035540607406734,0.9160056220864078,295.790358795191,0.8568628223871401,714.0671762488888,295.790358795191
92,25,712.9921511822222,1.2094860252472763,0.9166810342465143,300.0037840643252,0.3156724631002025,712.9921511822222,300.0037840643252
92,20,712.9564808533333,1.1018150054507474,0.9168983573143317,301.32764519949023,0.7016642246556142,712.9564808533333,301.32764519949023
92,10,712.8217472711112,2.0610500778740053,0.9160501241616074,304.08612993854723,1.102709043360428,712.8217472711112,304.08612993854723
93,5000,18.243279502222222,0.004773275913348145,0.9261427659644011,113.88902540092391,0.2980321973081248,18.243279502222222,113.88902540092391
93,2000,47.77897152,0.032286595002051714,0.9279437099802591,116.10614258019466,0.3606758924810791,47.77897152,116.10614258019466
93,1500,62.75706965333333,0.06505022719046802,0.930194355061261,116.72866857349943,0.12806619831206614,62.75706965333333,116.72866857349943
93,1000,91.69599871999999,0.07164092875377973,0.9316387624435823,119.9029727979454,0.14269426153526663,91.69599871999999,119.9029727979454
93,900,101.16241386666667,0.13436695583741415,0.9319453318739198,120.70114422040929,0.39479276904591437,101.16241386666667,120.70114422040929
93,800,112.93352568888889,0.11786165487637243,0.9321669693280387,121.51745552011558,0.44837038348840697,112.93352568888889,121.51745552011558
93,700,127.84596032000002,0.26460556195029367,0.9324668307041991,123.12724339040399,0.34479943036810995,127.84596032000002,123.12724339040399
93,600,147.3305631288889,0.12348512112632494,0.9328030319387638,124.06320505587928,0.24841819488858227,147.3305631288889,124.06320505587928
93,550,159.81579434666668,0.07091661184939684,0.9328498657428597,125.68631994271219,0.18131624524184392,159.81579434666668,125.68631994271219
93,450,195.37100963555554,0.13768487981025207,0.9342932984726463,128.80886149730443,0.24835321465403998,195.37100963555554,128.80886149730443
93,300,301.7291248355556,0.23737372975363902,0.9280675516515636,147.2467833972107,0.5105468335761245,301.7291248355556,147.2467833972107
93,260,358.3466592711111,0.18572054006013794,0.9314726181234866,161.0959160434937,0.5334193614961097,358.3466592711111,161.0959160434937
93,220,414.8349868088889,0.6923858773235777,0.9318746203170966,169.5111944536628,0.16819793344758527,414.8349868088889,169.5111944536628
93,200,443.3647139555556,0.454425830146799,0.9311483131187298,173.36207722612062,0.45732455997888005,443.3647139555556,173.36207722612062
93,180,475.8997278577778,0.27246612392935826,0.9304600746940196,177.077077337791,0.2655152836119631,475.8997278577778,177.077077337791
93,160,513.3495247644445,0.22232709457366615,0.929356793534995,182.51615319407037,0.7304504098565047,513.3495247644445,182.51615319407037
93,140,537.77657152,0.32141445866384255,0.9266715759697778,185.83379798682165,0.22592811722569037,537.77657152,185.83379798682165
93,100,580.9504913066667,0.6073404501571842,0.9334034524692969,185.86250110788,0.25014823138185,580.9504913066667,185.86250110788
93,90,596.4218090666667,0.8645334264399044,0.9320150062045185,188.88582920643054,1.2741545862061916,596.4218090666667,188.88582920643054
93,80,612.0132856177778,0.9623600667840173,0.9310983894170161,192.0770607810933,1.5896452721974832,612.0132856177778,192.0770607810933
93,70,627.1373373155557,1.049737811632549,0.9301653396890316,198.14898458682083,0.6205165910579004,627.1373373155557,198.14898458682083
93,65,639.6206441244445,0.7088423998237362,0.928835797556113,196.92154163426326,0.46863969511796877,639.6206441244445,196.92154163426326
93,60,713.3654369422223,2.0161898824427915,0.929724741792608,257.3422413262795,0.5413092794735916,713.3654369422223,257.3422413262795
93,55,713.0440221866666,1.2712642623058124,0.9298034834530232,259.858695566457,0.2969055534639142,713.0440221866666,259.858695566457
93,50,714.2372504888889,0.9496880912089053,0.9297535731924574,262.76317922466137,0.12681845360453028,714.2372504888889,262.76317922466137
93,45,714.0384627911111,0.5120499442450464,0.9297905789147546,264.7706563845095,0.06473860501755128,714.0384627911111,264.7706563845095
93,40,715.4791190755556,1.1593542592859694,0.9299723067700265,266.9071957591356,0.954535832228635,715.4791190755556,266.9071957591356
93,35,715.9573590044446,1.0077664463741574,0.930473789989256,275.52674450598164,0.5164703416393193,715.9573590044446,275.52674450598164
93,30,720.3993833955556,1.2814290534826456,0.9325924601116,289.3653734637538,1.2132729411502683,720.3993833955556,289.3653734637538
93,25,718.8154672355555,1.1640820450877878,0.9331240393276418,292.1674275069548,0.44197205550350616,718.8154672355555,292.1674275069548
93,20,716.9648485688889,0.5113634791838793,0.9330435328223784,292.7243334294499,1.5386182471890704,716.9648485688889,292.7243334294499
93,15,717.4345575111112,1.6865487198895444,0.9325714007987816,293.9883087170377,0.5767309313712573,717.4345575111112,293.9883087170377
93,10,719.00194048,0.4863462424638598,0.9324799938997262,297.0964492230265,0.4068082444708519,719.00194048,297.0964492230265
93,5,718.0498346666667,0.7430954015486184,0.9303712862422454,299.1410092026508,0.6758238471734893,718.0498346666667,299.1410092026508
93,0,718.2450737777777,0.8102075099745252,0.9298231508994084,301.36714280521613,0.5576674008995359,718.2450737777777,301.36714280521613
94,5000,18.988686933333334,0.024306067557260592,0.9416107531447099,113.74004821790173,0.2733681318009364,18.988686933333334,113.74004821790173
94,3000,29.635528462222222,0.01620597572330584,0.935616061066692,114.33919799473887,0.1364519217784481,29.635528462222222,114.33919799473887
94,2000,43.41393678222223,0.08872185093285316,0.9413438535253875,115.72355455634666,0.5900122975149916,43.41393678222223,115.72355455634666
94,1500,57.19411477333333,0.08858678534645205,0.9435076915894887,116.84758899587456,0.42059060206140947,57.19411477333333,116.84758899587456
94,380,236.57555882666668,0.3641377700298239,0.9368916807066897,134.43831857872487,0.649174333440145,236.57555882666668,134.43831857872487
94,340,269.55535104,0.7420793917892919,0.9388168403351275,140.01722338010586,0.04255265690111419,269.55535104,140.01722338010586
94,300,316.22306133333336,0.1836179038701887,0.9420461735194131,151.27054579693282,0.5829933747355037,316.22306133333336,151.27054579693282
94,260,370.7562172444445,0.5030305417297312,0.9442064295296891,162.57899686402223,0.04086598412010354,370.7562172444445,162.57899686402223
94,220,423.8019242666667,0.36279070593973306,0.9439046175154656,170.72394230997392,0.5241171212537207,423.8019242666667,170.72394230997392
94,200,453.09676721777777,0.3140318175549184,0.9431795841575613,174.20943027679405,0.7364383793212421,453.09676721777777,174.20943027679405
94,180,485.17709952,0.59685719156169,0.9423580452672905,178.52575523372232,0.4806663013825445,485.17709952,178.52575523372232
94,160,521.7177129955556,1.6909879067478648,0.9418163942142774,183.79518612440347,0.3097764386504055,521.7177129955556,183.79518612440347
94,140,527.2045314844445,1.0960764352569132,0.9395165595238625,186.46416457187624,0.43248850355712826,527.2045314844445,186.46416457187624
94,120,552.6743968000001,0.5726993508398779,0.936643296039652,184.561125578084,0.18495851018153528,552.6743968000001,184.561125578084
94,60,643.117528248889,1.2213705118629254,0.9448077249784456,196.18884547309355,0.6352459098438965,643.117528248889,196.18884547309355
94,55,654.4692568888889,0.24899342141751662,0.9447773481783835,199.31109810221858,0.829043149618501,654.4692568888889,199.31109810221858
95,5000,17.019470222222225,0.019183393000817686,0.9539815786211084,114.24177591847801,0.49738113725540584,17.019470222222225,114.24177591847801
95,3000,30.68322304,0.051481736850253895,0.9518860812219612,114.54323453561909,0.5808913892025145,30.68322304,114.54323453561909
95,1000,83.53868195555556,0.006589335868403881,0.9455836163699481,118.84972511233586,0.1598361567326388,83.53868195555556,118.84972511233586
95,900,92.04111843555556,0.1356114913090061,0.9459323076343117,120.1669317128784,0.15230052334710573,92.04111843555556,120.1669317128784
95,800,102.82554005333334,0.13119188426089445,0.9462632470671735,120.80704904388847,0.4241731432267101,102.82554005333334,120.80704904388847
95,700,116.33083079111111,0.04563057889328733,0.9466063056464676,122.20829657290834,0.7422705430092327,116.33083079111111,122.20829657290834
95,600,134.20095886222222,0.06252102397418037,0.9469881519412745,123.77801280117065,0.17517271307854015,134.20095886222222,123.77801280117065
95,550,145.3384,0.3135075568721801,0.9473115533815096,124.55611526822163,0.3045675007059652,145.3384,124.55611526822163
95,450,177.72867733333337,0.15927689236169681,0.9485315075497875,127.03600818160356,0.2706891662525225,177.72867733333337,127.03600818160356
95,380,210.14803648,0.11713060615466946,0.9494554553324545,130.68292875936223,0.31132526388543597,210.14803648,130.68292875936223
95,340,235.50470954666665,0.4932461837337524,0.9503439191049413,133.9486045404033,0.22878963847827208,235.50470954666665,133.9486045404033
95,300,272.2948037688889,0.4174044530966743,0.9521796404777932,140.4192739827272,0.34716473049385227,272.2948037688889,140.4192739827272
95,160,481.05235100444446,0.11729692054283544,0.9547075932358989,178.36437646968022,0.8622933917566772,481.05235100444446,178.36437646968022
95,140,517.4292654933333,0.3999957945480879,0.9539546336519553,183.39031566853131,0.20772357888108614,517.4292654933333,183.39031566853131
95,120,530.4321193955556,0.848073238583849,0.9522517453220322,183.39648672593262,0.47130430318689664,530.4321193955556,183.39648672593262
95,100,563.8679325155556,0.6509268518983968,0.9497346777721383,186.67082554800876,1.184423887264754,563.8679325155556,186.67082554800876
95,90,579.867701048889,0.7945930476936804,0.9482412649534577,186.61948637541425,0.8498059903407144,579.867701048889,186.61948637541425
95,80,595.5577481955556,0.5406460425933395,0.9472684767043872,187.53913102595837,0.6610410041459596,595.5577481955556,187.53913102595837
95,70,612.0424213333334,0.5946935471697985,0.9463373812260252,190.1981898170632,1.0801740753320526,612.0424213333334,190.1981898170632
95,65,624.9697477688889,1.539316215787356,0.9458915826760519,194.16436745298526,0.3913569690223735,624.9697477688889,194.16436745298526
95,50,683.49829824,0.7550910850702286,0.9450181985813841,205.35144903701064,0.8769509280713633,683.49829824,205.35144903701064
95,45,718.0730932622223,0.5421491434777375,0.9455869376559093,260.39284749614757,0.6290664340859228,718.0730932622223,260.39284749614757
95,40,719.2578244266666,1.6474298777868266,0.9457477698850841,262.1597014542885,1.0320059910687855,719.2578244266666,262.1597014542885
95,35,718.57868736,0.7479575232833189,0.9460543987236717,266.10028894885636,0.42209734338355814,718.57868736,266.10028894885636
95,30,719.082355768889,1.5048945334232389,0.9463420981378712,270.37050589785514,0.9519142313257226,719.082355768889,270.37050589785514
95,25,720.4947225600002,0.6873890210465754,0.9468660194374462,278.3291377468338,0.17591451378833836,720.4947225600002,278.3291377468338
95,20,721.1769847466667,0.758967989076889,0.94807747407651,285.0361720454319,0.7967004437937403,721.1769847466667,285.0361720454319
95,15,719.8299260444445,1.2076570313036863,0.9469417844209477,281.1708524995252,0.1990988920807934,719.8299260444445,281.1708524995252
95,10,720.3590883555556,1.1933601541891437,0.947966144900342,288.11574604627737,0.3095338740394554,720.3590883555556,288.11574604627737
95,5,722.9250237155557,0.33324287474118963,0.9468784116328527,292.04359902018496,0.9632919124515836,722.9250237155557,292.04359902018496
95,0,722.6380831288889,2.344272983631529,0.9459441282342684,294.66364758866047,0.2555621332263836,722.6380831288889,294.66364758866047
96,2000,45.205341653333335,0.11442431254735208,0.9569270988469453,115.64440155839235,0.5558041072069924,45.205341653333335,115.64440155839235
96,1500,59.62896704,0.08242568409951316,0.959210443111156,117.06348219362472,0.49849629725151845,59.62896704,117.06348219362472
96,1000,86.90394467555556,0.17907954239217158,0.9612322824541688,119.31758535238937,0.3108538648995034,86.90394467555556,119.31758535238937
96,900,95.9670144,0.17190430186812228,0.9616794848070818,119.92560441733924,0.386065770595848,95.9670144,119.92560441733924
96,800,106.98865329777777,0.06424471458269851,0.9620514949756735,121.38443435139209,0.26027137327794225,106.98865329777777,121.38443435139209
96,700,121.10301717333334,0.15737834349882357,0.962472011783833,122.3643203761033,0.3468476149227797,121.10301717333334,122.3643203761033
96,600,139.49803050666665,0.14594116341138022,0.9628540945540812,123.90460719558662,0.46907538486440387,139.49803050666665,123.90460719558662
96,550,151.28904298666666,0.1400073452676618,0.9630500784257451,125.25410255578616,0.2733697274805852,151.28904298666666,125.25410255578616
96,450,183.43450119111114,0.24260497810660284,0.9637792089940289,127.78194287056175,0.4269360675580343,183.43450119111114,127.78194287056175
96,380,216.90044572444447,0.21962684101030788,0.9646383230721093,131.23639925480649,0.35265552130259226,216.90044572444447,131.23639925480649
96,260,326.20211043555554,0.814677144138184,0.9550982796130151,153.07348940011903,0.45592187637533105,326.20211043555554,153.07348940011903
96,220,386.49662435555564,0.2909778734062871,0.9563424620104838,165.05715483201496,0.520844978156187,386.49662435555564,165.05715483201496
96,200,415.7026922666667,0.32509270876454954,0.9560775223913556,168.9535357077493,0.7472587802281097,415.7026922666667,168.9535357077493
96,180,446.04179185777775,0.32664318302086376,0.9554102833347229,172.9966952184537,0.4107233491321846,446.04179185777775,172.9966952184537
96,90,564.2389399466666,0.7027401445455139,0.9644206026135059,184.88927253159872,0.4470110784207909,564.2389399466666,184.88927253159872
96,80,577.9290142577778,0.7148712503790552,0.9637889729566779,184.80289966038467,0.7829507994437322,577.9290142577778,184.80289966038467
96,70,595.0703149511111,0.4901244076093665,0.9630370989082527,185.9670483562585,0.38024691440626,595.0703149511111,185.9670483562585
96,65,603.3866056533334,0.8303000972907862,0.9621671138729733,181.71695716553492,0.5850193596446898,603.3866056533334,181.71695716553492
96,60,624.1752482844445,1.4361461846833248,0.9618285795023299,184.37362922621855,0.4283392766837682,624.1752482844445,184.37362922621855
96,55,671.4913771377778,1.654356110700789,0.9623417915473979,195.09218286573523,1.3296412201542396,671.4913771377778,195.09218286573523
96,50,701.42475392,0.7111044497164127,0.9626466370013084,230.4729442547526,1.1427168492612758,701.42475392,230.4729442547526
96,45,702.2002044444445,0.2629337154968113,0.962810785563399,232.04291621358217,0.07456959266031059,702.2002044444445,232.04291621358217
96,40,703.5076283022222,0.5959072437833449,0.9629283765411286,233.51504235219966,0.1618030224366858,703.5076283022222,233.51504235219966
96,35,706.0630510222222,0.6117399893622923,0.9631807468609183,239.64593737715452,0.8299532243314472,706.0630510222222,239.64593737715452
96,30,715.791925688889,0.6659623983911918,0.9636122777528481,255.7001579439384,0.6083719091458356,715.791925688889,255.7001579439384
96,25,716.4650146133332,1.222087476939048,0.963811036111044,262.50940356438826,0.19270564190164946,716.4650146133332,262.50940356438826
96,20,719.0353027555556,0.48971514503258984,0.963961626976753,268.6122386940821,0.7396972597452183,719.0353027555556,268.6122386940821
96,15,717.9049613511111,0.7722550814051695,0.9638181470112931,268.36081822460113,1.610316488711335,717.9049613511111,268.36081822460113
96,10,721.8807446044444,0.62419798556335,0.9641025586029609,278.3263558742271,0.6253005384068914,721.8807446044444,278.3263558742271
96,5,721.1057755022222,1.0475529478307088,0.963401031330204,284.1147847768645,0.6378945709042146,721.1057755022222,284.1147847768645
96,0,721.3780065422224,0.8215269072032745,0.9629204361136612,286.20788517288116,0.7628667187993925,721.3780065422224,286.20788517288116
97,5000,16.99830826666667,0.004124460081503812,0.9703924420715611,113.72624012594964,0.4230926019488422,16.99830826666667,113.72624012594964
97,3000,27.42046257777778,0.08771212071921992,0.9657869055431462,114.76512220629043,0.1496604075456314,27.42046257777778,114.76512220629043
97,2000,40.44733624888889,0.06502644273603743,0.9716564480530452,115.55028862492956,0.8554651524636395,40.44733624888889,115.55028862492956
97,1500,53.178843022222225,0.09434214488928726,0.9743960776685405,116.25607231935936,0.3703070670424271,53.178843022222225,116.25607231935936
97,340,244.27718037333332,0.155214987840701,0.9654870638279415,135.10288112344202,0.26177140280101524,244.27718037333332,135.10288112344202
97,300,285.11029568,0.1410251335986864,0.9671394567543049,143.58121679790483,0.4861653642132381,285.11029568,143.58121679790483
97,260,339.06302684444444,0.44479148316702244,0.9689687766357657,156.00443591594367,0.6049439958422638,339.06302684444444,156.00443591594367
97,220,395.0455962311112,0.1175293100952775,0.9695014061217129,166.09371797126246,0.5386440547557804,395.0455962311112,166.09371797126246
97,200,423.7741376000001,0.5908894281837658,0.9692650230222227,169.8709925616803,0.7279912408726364,423.7741376000001,169.8709925616803
97,180,455.1835406933333,0.40126781511464765,0.9688133520280933,174.0581112972718,0.6093261700426637,455.1835406933333,174.0581112972718
97,160,490.3013398044445,0.6827062982869264,0.9681982198010478,179.3586227295133,0.46810064373316,490.3013398044445,179.3586227295133
97,140,499.17819299555555,1.05676579390231,0.9674968418018822,185.14512391370897,1.121285489048365,499.17819299555555,185.14512391370897
97,120,518.7739754666667,0.541698649869124,0.9667760872579363,181.6879110539504,0.10652345085932477,518.7739754666667,181.6879110539504
97,100,550.4749341155556,0.5053508212567569,0.9652559782446,184.3905071107538,0.5268324075916065,550.4749341155556,184.3905071107538
98,3000,27.638207573333336,0.06330266714851737,0.9822507843047398,114.18320007302832,0.11223574955408375,27.638207573333336,114.18320007302832
98,1000,77.51650538666668,0.1903673048904372,0.9768890111601883,118.22361898107884,0.11410714520705686,77.51650538666668,118.22361898107884
98,900,85.58682076444445,0.23650951122784686,0.9773488552683655,119.85375305679814,0.3248180008844641,85.58682076444445,119.85375305679814
98,800,95.36279594666667,0.03515404705482525,0.9778738283848553,119.98787620487883,0.5882824637422451,95.36279594666667,119.98787620487883
98,700,108.06757553777778,0.1753168315112934,0.9783993695463306,121.13180518871661,0.4376107838502905,108.06757553777778,121.13180518871661
98,600,124.14148309333332,0.17327232865124334,0.9789026037628696,122.33148744210591,0.16882011797556085,124.14148309333332,122.33148744210591
98,550,134.69645404444447,0.19738955164700678,0.9791511706134578,123.22481411349195,0.5696856603825421,134.69645404444447,123.22481411349195
98,450,161.12907875555558,0.38661726941338764,0.979632702270627,125.39409621784846,0.5447186366135337,161.12907875555558,125.39409621784846
98,380,187.55702940444448,0.03635151261917404,0.9799865241407305,127.96144289947897,0.37240964094322776,187.55702940444448,127.96144289947897
98,340,209.19234055111113,0.20764994946655516,0.9803244140203636,130.40155500645434,0.22315774277671196,209.19234055111113,130.40155500645434
98,300,238.09468515555557,0.09745406562672664,0.9809651963057311,134.1096668616532,0.46812411908977536,238.09468515555557,134.1096668616532
98,260,282.94347925333335,0.23885701191525177,0.9820472440027098,142.88126989241653,0.5433296921685564,282.94347925333335,142.88126989241653
98,220,344.8529162666667,0.3925996492733119,0.983231947876075,156.5852337039223,0.17012692528145995,344.8529162666667,156.5852337039223
98,200,376.1312726044445,0.4085752458396615,0.9834193809416116,163.3300186980272,0.3705282099422585,376.1312726044445,163.3300186980272
98,180,406.71931128888883,0.35888543904916964,0.9833704107480705,167.92040090062707,0.49024317725979455,406.71931128888883,167.92040090062707
98,160,441.3534011022222,0.6281947358280445,0.9831705335164705,171.91319349565882,0.6255502702347847,441.3534011022222,171.91319349565882
98,140,479.8409834666667,0.9836167642266681,0.9829554634690737,176.8219601484387,0.6593829935562991,479.8409834666667,176.8219601484387
98,120,512.2567734755556,0.30736743309571934,0.9829124086363645,179.8161813982598,0.5330061230900736,512.2567734755556,179.8161813982598
98,100,544.7935117511112,0.9932011450334057,0.9825416122683349,187.5375378930661,0.6036815481608656,544.7935117511112,187.5375378930661
98,90,561.5456748800001,0.29092596457468156,0.9820126129129472,189.75608398917416,1.6064310637242327,561.5456748800001,189.75608398917416
98,80,574.4372663466667,0.6000694104411306,0.9816557300170566,186.92442620149757,0.41645748581166137,574.4372663466667,186.92442620149757
98,70,588.2395478755556,0.15208493287902564,0.9812124250741777,185.1493927604971,0.6823323416056258,588.2395478755556,185.1493927604971
98,65,598.2829010488889,0.9513164618863946,0.9808546349006382,183.4768242990323,1.1080162753734693,598.2829010488889,183.4768242990323
98,60,608.2872470755556,0.6773275556795966,0.9803239575760149,181.59005577566302,0.3233172118795807,608.2872470755556,181.59005577566302
98,55,616.21235776,0.7383423031728432,0.980236221072472,183.1332481502999,0.933313743458093,616.21235776,183.1332481502999
98,50,624.448432568889,0.03329539350282603,0.9801788077312442,185.3932484284587,0.738682385964206,624.448432568889,185.3932484284587
98,45,680.3852206933333,1.2903485492661955,0.9803143880878621,218.8237603101724,1.0004403761568634,680.3852206933333,218.8237603101724
98,40,682.7244297955555,1.5237061481969854,0.9804047512585122,221.3820768717667,1.5585213537094058,682.7244297955555,221.3820768717667
98,35,686.052768568889,0.5881083364334891,0.9803849206303198,225.96209492717676,1.0124986204918818,686.052768568889,225.96209492717676
98,30,687.3800491377779,2.0022296376831856,0.9804645368516688,226.83623298121043,0.21001562762238885,687.3800491377779,226.83623298121043
98,25,697.8788701866666,1.0997089662032853,0.9802294036606304,243.7731546266456,0.9461182849690085,697.8788701866666,243.7731546266456
98,20,701.8420488533334,1.0390517448918435,0.9804978460660413,252.1612090915719,0.25111793479484,701.8420488533334,252.1612090915719
98,15,702.2842173866667,0.608968597360471,0.9803899819611969,251.9550734227345,0.9618658299670214,702.2842173866667,251.9550734227345
98,10,708.3831350044444,1.238077675672463,0.9809260858311021,266.5020108479601,0.453818108478656,708.3831350044444,266.5020108479601
98,5,712.489158968889,0.7225202131436247,0.9809282810203315,278.7292875447128,0.31081860913105913,712.489158968889,278.7292875447128
98,0,712.4637984000001,0.5460688112404244,0.9802448206430222,279.8743285434322,0.23622414947821474,712.4637984000001,279.8743285434322
100,900,88.20163498666666,0.10878222676811346,0.9953506205124518,118.31257650508718,0.5633254925406544,88.20163498666666,118.31257650508718
100,800,98.4769036088889,0.026782039638197336,0.9960340705210347,119.2146727337066,0.5116427452560632,98.4769036088889,119.2146727337066
100,700,111.6691858488889,0.0760850221412874,0.99670663204904,120.22481047995717,0.2936480577220562,111.6691858488889,120.22481047995717
100,600,128.7480850488889,0.025697472438083287,0.9973505907305115,121.70293419591367,0.38114781278983956,128.7480850488889,121.70293419591367
100,550,139.51860608,0.08364442461143919,0.9976612269758857,123.00992910362582,0.389693334683957,139.51860608,123.00992910362582
100,450,167.17443356444446,0.3853865924226414,0.9982491020482248,126.2883914227087,0.39211623239620114,167.17443356444446,126.2883914227087
100,380,193.90814961777778,0.2821642200672055,0.9986392838851647,129.7357395037757,0.3647847757103179,193.90814961777778,129.7357395037757
100,340,212.75843925333334,0.1348366937853016,0.9988485499016709,132.64092493845226,0.1617918783008784,212.75843925333334,132.64092493845226
100,300,234.1279866311111,0.29186578437644717,0.9990526275212216,136.1706885313182,0.32736261890922097,234.1279866311111,136.1706885313182
100,260,256.91732494222225,0.25338099284727983,0.9992220672945908,142.2806734799752,0.40607987699645054,256.91732494222225,142.2806734799752
100,220,288.14284160000005,0.6715902895016655,0.9994149405666678,150.62161457432921,0.4254546103203472,288.14284160000005,150.62161457432921
100,200,308.76415552,0.19578768523007137,0.9995192629813955,156.79988130365228,0.4856330050544912,308.76415552,156.79988130365228
100,180,334.51591388444444,0.8317414720751894,0.9996263777328478,165.33374863619872,0.12224857634271874,334.51591388444444,165.33374863619872
100,160,365.7948988444445,0.17269928975362434,0.9997407150584828,175.1862031395731,0.09015368430729397,365.7948988444445,175.1862031395731
100,140,405.83958691555557,0.4404092387283532,0.9998361501027043,187.06909868233026,0.14056660973053414,405.83958691555557,187.06909868233026
100,120,456.81014030222224,0.07164373635750851,0.9999200332346958,196.62357856370053,0.785557434511026,456.81014030222224,196.62357856370053
100,100,519.4040344888889,0.7806890863221642,0.9999542547309188,188.98428796070039,0.9074202615137684,519.4040344888889,188.98428796070039
100,90,546.86101504,0.8114452972265953,0.9999670057719746,184.6656021175567,0.08274115583154856,546.86101504,184.6656021175567
100,80,563.3324365511112,0.5394340316957836,0.9999705998472908,183.01064910158857,0.6208738385877404,563.3324365511112,183.01064910158857
100,70,585.0074063644444,0.31007870494552736,0.9999724425847895,180.24839829538897,0.8464563255383994,585.0074063644444,180.24839829538897
100,65,603.1294230044444,1.0041491543517358,0.9999712947828711,178.45601255353495,0.675710490252879,603.1294230044444,178.45601255353495
100,60,624.4542897066667,0.5421159092294341,0.9999726416709475,177.87286894288545,0.6363440596927812,624.4542897066667,177.87286894288545
100,55,638.0361159822222,0.7272904638644044,0.9999715824042391,175.04702877419285,2.5188462366892903,638.0361159822222,175.04702877419285
100,50,655.4353080177779,0.5488930148003597,0.9999737764927555,174.6103957171836,0.3461223044679953,655.4353080177779,174.6103957171836
100,45,740.9743704177778,0.18338382978741574,0.9999725135852975,218.54027359722946,0.6942912443180365,740.9743704177778,218.54027359722946
100,40,743.8451035733333,3.0239566150270605,0.9999695176412685,220.9065729920868,0.13804456169171078,743.8451035733333,220.9065729920868
100,35,740.7340311466666,0.46310535945288905,0.9999738484663253,226.72715052492836,1.4164490227064295,740.7340311466666,226.72715052492836
100,30,739.7867147377779,0.6671543267120622,0.9999739215105182,230.688203640627,1.735875257783823,739.7867147377779,230.688203640627
100,25,744.4768322133335,0.5554932505649876,0.999974190253376,242.29225367605238,0.47890506565264535,744.4768322133335,242.29225367605238
100,20,746.3454373688888,0.9180349932597681,0.9999713641580645,250.67047374897683,0.5418256381422364,746.3454373688888,250.67047374897683
100,15,745.6862162488889,0.9430920226099709,0.9999678472221619,252.16189448595097,0.7132632080412344,745.6862162488889,252.16189448595097
100,10,750.0447720533334,0.8962685933202693,0.9999638396973523,259.6442219288885,0.5219438386617582,750.0447720533334,259.6442219288885
100,5,748.0375459555556,0.6397407036219619,0.9999684446498286,264.5759345609751,0.9799670729062944,748.0375459555556,264.5759345609751
100,0,749.2807552,0.8541521536228078,0.9999695346928418,265.67185559532817,0.4247699442897659,749.2807552,265.67185559532817
