{
    "51": [
        [187.5148592355556, 490.7103207860752],
        [181.30076700444445, 432.9567741814742],
        [176.22294243555555, 328.9251099402442],
        [160.6371511466667, 254.61614868596712],
        [145.75451982222225, 211.11306190878747],
        [125.61570908444445, 176.9848428794556],
        [96.15777834666666, 148.78543985373344],
        [83.32896661333335, 140.79951128206426],
        [59.23746439111111, 130.65141131897536],
        [30.35757283555556, 122.51335901240036],
        [0.0, 114.88163950659391]
    ],
    "53": [
        [193.59043847111116, 508.6939932898346],
        [188.38640682666667, 481.22992191673694],
        [182.7514377955556, 409.1219404653276],
        [172.96127388444447, 296.5705173878368],
        [104.94897820444446, 155.106111289386],
        [90.90746282666667, 144.5889705624896],
        [64.83010794666667, 132.4252865134816],
        [22.327340444444445, 120.68325608762773],
        [0.0, 114.41384668987403]
    ],
    "54": [
        [190.5203904, 467.9670649615601],
        [185.44851882666669, 431.1217610975503],
        [179.08714488888893, 327.258636296985],
        [159.42590833777777, 237.1964582796676],
        [138.37813859555555, 189.661092826959],
        [110.63092967111112, 159.76747277939648],
        [98.68414414222222, 150.1184368051281],
        [85.50671829333334, 141.0489538476057],
        [60.88970503111111, 130.92131263448587],
        [20.95005880888889, 120.21106135180054],
        [0.0, 114.41384668987403]
    ],
    "56": [
        [190.0088405333333, 456.02578890306313],
        [180.48931121777775, 314.12010370056106],
        [175.16158755555557, 287.8346159506569],
        [105.99158407111112, 154.33655570389774],
        [91.81745187555556, 143.75439749725203],
        [65.34773475555556, 131.9599859903198],
        [22.519096106666662, 120.23760415032444],
        [0.0, 114.41993875485882]
    ],
    "57": [
        [190.75371370666667, 444.45488034829833],
        [185.68229596444448, 348.42443736724954],
        [168.2759765333333, 250.03185768842613],
        [162.9016403911111, 235.2056271745913],
        [140.91545223111112, 189.4834633994024],
        [100.6301472, 148.767089776881],
        [87.29543651555555, 140.70365584017654],
        [62.15431047111111, 130.66012395258386],
        [31.76805248, 122.64289487461458],
        [0.0, 114.58948494445856]
    ],
    "58": [
        [190.30454940444443, 443.71261903800814],
        [182.63134293333331, 411.0127039857937],
        [174.1420871111111, 274.42031009987585],
        [157.87918385777778, 218.85197238196085],
        [136.14021180444445, 181.15942646418247],
        [102.68940010666668, 149.65674233440973],
        [89.05630446222222, 141.1799528020088],
        [63.47512668444445, 130.91282230653732],
        [32.518303182222226, 122.7246442208372],
        [0.0, 114.64600034099183]
    ],
    "59": [
        [188.97860643555555, 434.6001875892457],
        [183.40254712888887, 407.6113727512643],
        [166.43634140444445, 241.5297067655462],
        [153.03727644444447, 206.07584527628663],
        [130.72597667555556, 173.22994975366132],
        [103.85820992000002, 149.73922780899065],
        [90.09818325333332, 141.2538586484176],
        [64.25008021333333, 131.0105086936792],
        [32.97894478222222, 122.76300723356547],
        [0.0, 114.56389530360184]
    ],
    "60": [
        [189.13280288, 422.8229213934366],
        [182.151732352, 299.5542892232588],
        [173.67957198222223, 260.6412050525268],
        [160.85950272000002, 219.5170930958034],
        [138.64632917333333, 182.8433021973352],
        [105.60653532444444, 150.3799555779842],
        [84.54030791111111, 138.2560266782143],
        [60.23675527111112, 129.628751642418],
        [30.86663032888889, 122.1692968460129],
        [0.0, 114.61508888074968]
    ],
    "61": [
        [197.95259292444447, 475.5929251167146],
        [190.94037013333332, 422.5017155865092],
        [185.77074474666668, 311.97605323143847],
        [171.08330751999998, 242.59198477233065],
        [153.7369746488889, 201.92082035258383],
        [129.90083598222222, 171.65623148140847],
        [112.0041029688889, 153.95239633764902],
        [101.65761952, 145.6618648587677],
        [86.78731310222223, 138.50960622691863],
        [61.87030776888889, 129.53370407741775],
        [31.73232604444445, 122.0502171875462],
        [0.0, 114.580538632794]
    ],
    "62": [
        [198.3146284088889, 427.5418838430791],
        [188.2317763911111, 400.1777109273221],
        [181.7719224177778, 286.63140136351893],
        [160.6575313777778, 213.0280079965271],
        [133.57668935111113, 172.79324074201324],
        [96.73296725333331, 143.57900654732694],
        [63.83945706666666, 129.8645714460242],
        [32.658355982222226, 122.25964363250642],
        [0.0, 114.61968874973296]
    ],
    "63": [
        [196.89940430222225, 429.79433748146647],
        [190.08548188444445, 398.0503518087951],
        [169.68756149333333, 235.6018881551536],
        [151.17197738666667, 193.6163479508891],
        [103.63574293333336, 147.20853110129818],
        [89.78358286222222, 139.50909818700404],
        [60.05380942222222, 128.6481823995326],
        [30.696780373333336, 121.80189535054984],
        [0.0, 114.58738580723382]
    ],
    "64": [
        [198.1778603614815, 426.3901591500045],
        [193.04846122666663, 345.75334691663875],
        [182.21593966222224, 274.7884320447758],
        [166.58887722666668, 218.7249490454013],
        [156.18050773333334, 200.75919273094848],
        [133.98195061333334, 170.85010901338225],
        [108.46267296000002, 149.0178025547264],
        [86.47469649777777, 137.33209188938014],
        [61.03497365333334, 128.72350414385258],
        [30.97111573333333, 121.67685515817224],
        [0.0, 114.63123242704246]
    ],
    "65": [
        [195.1266996148148, 410.30827361107055],
        [189.9676658488889, 309.8344505642361],
        [179.8667024, 260.8733807446523],
        [166.8766911288889, 220.89013374826743],
        [152.08565397333336, 191.49219436438784],
        [130.74153694814814, 165.8748279114692],
        [105.85420497777778, 147.02889231031938],
        [82.91232730074074, 135.62247090414257],
        [59.02372266666667, 128.1654731696798],
        [30.20189639111112, 121.48336168594734],
        [0.0, 114.40519820436413]
    ],
    "66": [
        [195.0290865303704, 403.3726228362979],
        [189.6189080414815, 304.1150029200343],
        [183.56582739911116, 279.45309496673053],
        [167.4863098737778, 220.94752843254207],
        [151.85625200355557, 190.2936597907953],
        [137.04220421333335, 170.49674514803334],
        [116.8072101925926, 153.52232487288563],
        [87.56861864156862, 136.7065217267284],
        [59.86483968, 127.93135238142877],
        [27.750615213333333, 120.7691760501021],
        [0.0, 114.47714786850985]
    ],
    "67": [
        [194.2682659555556, 397.8060679504917],
        [188.5756495644445, 294.61479337283066],
        [178.93335815111115, 251.5508724745666],
        [160.38150570666667, 201.88725944058496],
        [145.84551559111114, 180.5095903606736],
        [131.77860494222222, 165.4487071746885],
        [118.4648029090909, 155.0253463009813],
        [99.6708658251852, 142.34938281508855],
        [82.71134968, 134.82120642619083],
        [58.04710563555556, 127.30439750847972],
        [24.4993848, 120.17375254856266],
        [0.0, 114.3812057049383]
    ],