{
    "0": [
        [140.07193173333334, 240.689357421875],
        [128.93681344, 179.46818641493056],
        [100.15818112, 144.03481130642362],
        [86.82124842666667, 135.34020301649306],
        [43.67291242666667, 127.26349717881943],
        [0.0, 120.4679250217014]
    ],
    "2": [
        [138.55568917333332, 213.5672262369792],
        [123.46672682666669, 169.25372406684028],
        [97.47712213333334, 143.1989855685764],
        [84.99994432, 134.2298254123264],
        [42.71529642666667, 127.56035221354166],
        [0.0, 120.21447786458332]
    ],
    "4": [
        [140.14365824, 238.84280479600693],
        [133.80031957333333, 196.05279817708333],
        [103.65727850666669, 147.2820558810764],
        [90.18378389333334, 138.29508430989583],
        [45.34488170666666, 127.82453363715278],
        [0.0, 120.0662892795139]
    ],
    "6": [
        [141.05973568, 237.04357454427085],
        [135.5788337066667, 197.10321885850692],
        [119.99154794666669, 164.26445833333332],
        [94.41807018666668, 141.44232725694442],
        [41.49094037333333, 127.11301063368056],
        [0.0, 120.07288736979169]
    ],
    "8": [
        [140.70413013333334, 236.9648474392361],
        [130.5082517333333, 189.5922771267361],
        [101.62237248, 146.6102253689236],
        [88.12527296, 137.73140234375],
        [44.34496661333333, 128.0990447048611],
        [0.0, 120.0763152126736]
    ],
    "10": [
        [141.20201685333333, 235.63847612847223],
        [135.96028010666666, 194.65223708767363],
        [120.11650538666667, 162.61956477864584],
        [94.34886848, 140.81190310329862],
        [41.54496938666667, 127.13059190538196],
        [0.0, 120.14425206163196]
    ],
    "12": [
        [142.31310442666668, 232.5964684244792],
        [137.28191829333335, 204.8611253255208],
        [123.15064512, 168.79316113281251],
        [97.7952416, 143.22222254774306],
        [43.42930218666667, 128.15460492621528],
        [0.0, 120.25694921875]
    ],
    "14": [
        [133.85001429333332, 232.07761187065972],
        [119.81685568, 162.30375922309028],
        [94.75320149333334, 140.8950849609375],
        [41.0022624, 126.92267686631943],
        [0.0, 120.11752766927084]
    ],
    "16": [
        [140.85115029333335, 234.1149736328125],
        [125.94950336, 178.25400292968752],
        [97.99206442666669, 144.12070572916667],
        [85.0604864, 136.29279698350695],
        [42.902193493333336, 128.19625412326388],
        [0.0, 120.39089192708332]
    ],
    "18": [
        [140.91307242666667, 206.14950716145836],
        [135.14398165333333, 186.01587662760417],
        [120.87942485333332, 161.3682234157986],
        [97.05805376, 141.397521484375],
        [41.31233834666667, 126.85196419270834],
        [0.0, 119.63275987413192]
    ],
    "20": [
        [138.21999274666666, 193.31162391493052],
        [125.96691114666665, 166.77839919704863],
        [100.7669664, 143.28385536024305],
        [88.54135168, 135.44843760850696],
        [45.3054656, 128.15919368489585],
        [0.0, 120.3182605251736]
    ],
    "22": [
        [139.61420608, 198.3641948784722],
        [132.52716544, 180.642984375],
        [118.5012064, 158.74773177083333],
        [94.45431744, 139.79600325520835],
        [42.50385258666667, 127.11862760416666],
        [0.0, 120.04981488715278]
    ],
    "24": [
        [138.08992469333333, 194.54371440972224],
        [131.83716437333334, 179.7100451388889],
        [119.10013632, 159.78923546006945],
        [102.99056234666666, 145.40358192274303],
        [85.0059648, 134.87147254774305],
        [43.99673984, 128.25333789062498],
        [0.0, 120.25774989149306]
    ],
    "26": [
        [141.50302613333332, 225.2831015625],
        [136.1658007466667, 188.2092209201389],
        [129.23732778666667, 172.98815592447917],
        [114.43128533333334, 154.52171267361112],
        [58.95987626666667, 137.19009027777778],
        [41.28709610666667, 126.82662022569444],
        [0.0, 120.44487261284722]
    ],
    "28": [
        [138.56799850666667, 195.4232138671875],
        [132.51099306666666, 180.41310134548613],
        [119.42784256, 160.38117795138888],
        [103.09074688, 145.44627625868054],
        [84.54132736000001, 134.79014008246529],
        [43.47612266666666, 127.52398621961804],
        [0.0, 120.2514523654514]
    ],
    "30": [
        [139.3487185066667, 195.67589377170145],
        [133.09998186666667, 181.29918641493052],
        [125.53832832, 167.8688170572917],
        [111.92845226666668, 152.00086219618055],
        [58.16510272, 137.31627224392363],
        [40.50800938666666, 126.27523383246528],
        [0.0, 120.14709689670138]
    ],
    "32": [
        [142.40403584, 223.26988140190971],
        [137.39005354666668, 191.46932606336804],
        [130.71421376, 176.89263183593752],
        [116.46863765333336, 157.19035221354167],
        [101.07600896, 144.1045498046875],
        [82.84625749333333, 134.3227121310764],
        [42.64619776, 127.15303276909724],
        [0.0, 120.16330186631944]
    ],
    "34": [
        [138.70405034666666, 197.85885850694444],
        [130.9158749866667, 178.9967419704861],
        [115.18659008, 156.8437414279514],
        [58.583073706666674, 138.36810156250002],
        [39.93869312, 126.4346784939236],
        [0.0, 120.03638541666665]
    ],
    "36": [
        [141.13986666666668, 224.8575300564236],
        [135.49623829333336, 184.3763305121528],
        [127.50391978666666, 170.21057638888888],
        [113.64871765333332, 153.72911534288195],
        [58.14919637333333, 137.83201399739585],
        [39.78346346666667, 126.39317317708333],
        [0.0, 120.20692523871529]
    ],
    "38": [
        [141.25282773333333, 224.6120531684028],
        [133.22389226666667, 179.04946158854167],
        [116.40291712, 155.93328797743058],
        [58.17225194666667, 137.66487543402778],
        [39.15416533333333, 126.0855556640625],
        [0.0, 119.94447037760416]
    ],
    "40": [
        [141.8384672, 224.8119819878472],
        [136.55990762666667, 184.9183914930556],
        [119.99805781333332, 158.80687858072918],
        [101.19901546666668, 143.5888581814236],
        [59.17568362666666, 133.9822728949653],
        [41.14288661333334, 126.63203851996528],
        [0.0, 120.38126009114583]
    ],
    "42": [
        [143.81835712, 224.92850835503472],
        [138.22294208, 187.05824826388888],
        [127.38167573333334, 167.3083173828125],
        [110.61152298666669, 150.07571430121527],
        [54.90220885333334, 135.8274271918403],
        [0.0, 119.89821430121528]
    ],
    "44": [
        [141.32112341333334, 224.6890337456597],
        [132.36160533333333, 175.24806651475694],
        [114.84491328, 153.62742274305558],
        [56.79999552, 137.01632801649305],
        [0.0, 120.04391243489584]
    ],
    "46": [
        [141.39314410666668, 224.535666015625],
        [134.26571861333335, 185.2383070746528],
        [122.30115904, 161.58857411024306],
        [105.72133248, 146.56929264322915],
        [52.015727786666666, 134.52371744791665],
        [0.0, 120.01195269097222]
    ],
    "48": [
        [142.10892608000003, 225.9333160807292],
        [137.02965525333332, 198.09273741319444],
        [125.25466453333335, 165.72225184461806],
        [108.28270549333332, 148.46407584635418],
        [53.35894016, 135.68695052083334],
        [0.0, 119.96825933159722]
    ],
    "50": [
        [138.1873888, 207.24689453125],
        [124.85274986666668, 166.73782790798612],
        [113.57570069333332, 154.53268717447918],
        [98.00023317333334, 142.3996158854167],
        [48.15941632, 133.18911284722222],
        [0.0, 120.19500640190972]
    ],