read_pct_rounded,pause,bandwidth_mean,bandwidth_std,rd_percentage_actual_mean,latency_mean,latency_std,bandwidth_smooth,latency_smooth
0,3162,10.42797273148677,0.24102851779472892,0.002545855034949318,176.177828016,0.05071484395495426,0.0,176.177828016
0,3162,10.42797273148677,0.24102851779472892,0.002545855034949318,176.177828016,0.05071484395495426,10.42797273148677,176.177828016
0,1778,16.248695008378228,0.07604912187583139,0.0016396419356559339,176.162263973,0.03509685421321364,16.248695008378228,176.162263973
0,1000,27.650733369508856,0.19181463693617348,0.002188828719996608,175.64745965933332,0.02792732697335628,27.650733369508856,175.64745965933332
0,562,47.295210234795334,0.4292878890837344,0.00203376617446868,176.2760368317778,0.4038866279492395,47.295210234795334,176.2760368317778
0,421,61.51671262772967,0.656750497540103,0.0013504201717540313,176.88560923555556,0.7065985980173235,61.51671262772967,176.88560923555556
0,364,71.75457139484318,0.15386540288879116,0.0024638914397166574,178.05641623533333,0.024431387533285217,71.75457139484318,178.05641623533333
0,316,81.27431419778426,0.8389494465859291,0.0010810234010474754,177.906076743,0.8100818161755953,81.27431419778426,177.906076743
0,273,96.06207175493786,0.45167345463740544,0.0022375513986165017,181.25936793433334,0.004643956857841453,96.06207175493786,181.25936793433334
0,236,111.06550697638016,1.6911830815910989,0.0013149644906618346,182.11739377266667,1.2483031458527767,111.06550697638016,182.11739377266667
0,177,150.84676207259133,2.2383146574316006,0.001561834224054296,184.15108930075,1.5152526135947053,150.84676207259133,184.15108930075
0,153,175.70425668136758,1.274524934720254,0.0018832936639716462,187.5472355685,0.16327832522122923,175.70425668136758,187.5472355685
0,133,200.40466039336755,2.7252567144104116,0.0009861301919947246,188.47202860016668,1.66463406105215,200.40466039336755,188.47202860016668
0,115,230.41915786809045,5.35149599658114,0.0012787525638551266,190.96223194291667,2.0010897364765383,230.41915786809045,190.96223194291667
0,107,244.06084269532835,1.7306666789137075,0.0003216595254234959,193.0185689683333,0.12016026392018964,244.06084269532835,193.0185689683333
0,100,264.23517735554736,5.802591216050883,0.0006635888201136485,192.43415586675,2.39639892645383,264.23517735554736,192.43415586675
0,95,271.64900720474515,1.4286092653562907,0.000333052037114608,195.329149378,0.09124206362430243,271.64900720474515,195.329149378
0,92,287.00114506144666,7.842283094884855,0.0010502092274442282,196.91179314733336,0.8109278490020163,287.00114506144666,196.91179314733336
0,86,304.83688036288316,7.138388915630183,0.0007249433498320761,197.22937366091665,2.678434795894008,304.83688036288316,197.22937366091665
0,82,322.1956718808177,0.21688875620382658,0.0003695835051438551,200.00831732333336,0.03820908986666957,322.1956718808177,200.00831732333336
0,79,330.5701139265073,4.922511567815534,0.0008076011845359725,200.87876000122222,0.6733092341260684,330.5701139265073,200.87876000122222
0,77,334.71934448858025,1.8640331939731143,0.00024401413614295387,201.166894633,0.2979546491689721,334.71934448858025,201.166894633
0,76,343.8480473272045,5.689438134306479,0.0005572770096847637,202.42577759422224,0.8299402643339236,343.8480473272045,202.42577759422224
0,74,350.4792676958483,5.046470548623641,0.0005266564948824827,200.39768608224998,3.129583423343464,350.4792676958483,200.39768608224998
0,72,360.1208526944722,5.710742815585408,0.0008986733910632021,204.38679858833333,1.0456609240965484,360.1208526944722,204.38679858833333
0,71,367.2101810681375,4.761942726341603,0.0007536197351176347,205.18481854533331,0.8466730055254272,367.2101810681375,205.18481854533331
0,70,369.8535812977172,4.859648170653324,0.0009835840931766934,205.6672559683333,1.0409122254951229,369.8535812977172,205.6672559683333
0,68,380.18075576078513,6.601409603130212,0.0004645431632997649,205.52864684775,3.1081164161320802,380.18075576078513,205.52864684775
0,65,395.930823143567,6.837862812317369,0.0005405339863216215,207.8153225687778,3.895648383505948,395.930823143567,207.8153225687778
0,63,408.2139140900994,5.842585388040004,0.0005109002954563239,208.69749268783335,3.9815817669395326,408.2139140900994,208.69749268783335
0,61,421.83418310515657,4.376663239507636,0.0004555082108706396,213.86077766708334,4.067922533210731,421.83418310515657,213.86077766708334
0,60,426.1018961468053,7.130552592937188,0.00045669227245963387,213.92038936375002,4.779543788671239,426.1018961468053,213.92038936375002
0,58,442.51272975833245,8.076592928325056,0.00035671416466416327,222.63391755591667,7.764479656769818,442.51272975833245,222.63391755591667
0,56,452.56555310851166,5.774016711520702,0.0005091674783470293,225.84250726155557,8.402979757652835,452.56555310851166,225.84250726155557
0,55,462.1821390417753,3.437107240650182,0.0003708157124010999,231.51070935841665,6.297036432391632,462.1821390417753,231.51070935841665
0,53,470.1970053697701,6.200844503341016,0.0003189284160044072,240.39113115808334,8.245915653236121,470.1970053697701,240.39113115808334
0,52,476.6309475150522,4.233438019006994,0.00044593005582311873,245.17372240416668,7.7252158407340685,476.6309475150522,245.17372240416668
0,50,487.42695268324815,2.837679325166482,0.0003687985051392737,252.932111988,6.491122944368619,487.42695268324815,252.932111988
0,48,496.32659993626595,3.07420333417519,0.0006569143526445318,265.78931210925003,4.878528049703377,496.32659993626595,265.78931210925003
0,47,498.11572255052664,1.9353111488276091,0.0004218784707494809,267.03454878325,5.3569690087021815,498.11572255052664,267.03454878325
0,45,502.8013047468091,0.742519204125723,0.0001087408437888627,274.54074214733333,2.9086174673135945,502.8013047468091,274.54074214733333
0,44,503.41731325907233,0.4630148552834791,0.00013028675057690127,274.873573706,2.3905063563035616,503.41731325907233,274.873573706
0,43,502.8415898087523,2.75566234848503,0.000578431606638507,274.71876151341667,6.324574170318013,502.8415898087523,274.71876151341667
0,41,504.17957324960463,1.094044035427429,0.00042277088817937384,273.80251247083334,5.38891879581803,504.17957324960463,273.80251247083334
0,39,505.25749886848854,1.6024532528737268,0.0005525145470383445,281.20462563999996,4.381294777381486,505.25749886848854,281.20462563999996
0,38,506.4821565964997,0.22924915137652965,4.249858000099694e-05,279.854583483,0.4655398664665868,506.4821565964997,279.854583483
0,37,506.0895813871192,0.3451803494310577,0.00011674665156948715,275.52988931544445,1.595139959334697,506.0895813871192,275.52988931544445
0,35,506.38228427778114,0.5238625159654821,0.000139038133481765,276.1969864925556,3.2106155464924604,506.38228427778114,276.1969864925556
0,33,507.51288638333864,0.19841290240662096,4.861862270249594e-05,283.52320707433336,0.3562371660815166,507.51288638333864,283.52320707433336
0,32,507.37415325223907,0.6161992706211161,6.948264284797518e-05,277.3521356466667,2.7503665680680087,507.37415325223907,277.3521356466667
0,31,506.4407646973982,1.8884361417768492,0.00044877088244687206,273.8317899963333,6.162161712333958,506.4407646973982,273.8317899963333
0,29,507.2839892563605,0.16648504641823705,9.109787780664539e-05,275.05711516900004,1.8185528338002768,507.2839892563605,275.05711516900004
0,28,508.1596765708977,0.7390945090378297,7.406264056204061e-05,277.3888265438333,3.430790535547854,508.1596765708977,277.3888265438333
0,26,508.70017416586467,0.8258080068285244,9.063906523218338e-05,278.50397346066666,3.976372779697338,508.70017416586467,278.50397346066666
0,23,507.8678927541155,0.12728463182662808,9.875796622972677e-05,274.9219328483333,1.532764630112912,507.8678927541155,274.9219328483333
0,22,507.52627447070495,1.4651422073906932,0.000353354471353477,272.7755835545,5.644133745653791,507.52627447070495,272.7755835545
0,19,509.6056669885925,0.32216116760397984,4.9958890621308865e-05,281.4845070943333,3.5750735548827097,509.6056669885925,281.4845070943333
0,17,508.3139546375373,1.3977459659578926,0.0003197201874633084,273.1371426773333,4.632178109004538,508.3139546375373,273.1371426773333
0,14,509.6085580563151,0.10941866543882316,4.3368899612126765e-05,279.1573622783333,2.8098765224259767,509.6085580563151,279.1573622783333
0,13,509.2580566509214,0.25387787883439467,5.383836185243796e-05,280.666977461,0.40226133252494617,509.2580566509214,280.666977461
0,11,509.6386065691895,0.12956024816557613,4.8890654461646546e-05,277.9761721723333,0.6560807794989529,509.6386065691895,277.9761721723333
0,10,505.2647925191809,6.288170564265294,0.0008709668862107794,276.1507942938,7.5310921875274675,505.2647925191809,276.1507942938
0,3,509.69365461695276,0.4286283727174499,5.9227429774720356e-05,275.99330027900004,1.8705233280632283,509.69365461695276,275.99330027900004
0,1,506.18980996454474,5.684945845466744,0.0007278981242947243,273.2167887860833,5.64560377533492,506.18980996454474,273.2167887860833
0,0,507.84157132742354,1.116638864490467,0.0003044354978029534,272.94794820600004,5.999271258857524,507.84157132742354,272.94794820600004
1,10000,3.8570352382686672,0.06678186569221962,0.007075858468543744,177.49868042833336,0.03724141680984625,0.0,177.49868042833336
1,10000,3.8570352382686672,0.06678186569221962,0.007075858468543744,177.49868042833336,0.03724141680984625,3.8570352382686672,177.49868042833336
1,3162,10.398584035241718,0.1632363717117715,0.009243815984464323,176.53293138566667,0.03412901983741176,10.398584035241718,176.53293138566667
1,1000,27.8106615189621,0.006190375213272609,0.005174707319313738,175.61109941100003,0.0654698195133372,27.8106615189621,175.61109941100003
1,749,36.80116008668298,0.12445281952374378,0.009876918574191582,176.247052416,0.013089939690041618,36.80116008668298,176.247052416
1,421,63.32052514283328,0.1430159249140534,0.005840396113933113,177.54504435066667,0.020375813972732425,63.32052514283328,177.54504435066667
1,364,72.71538701704527,0.0956294825111709,0.0076404852419251134,178.24592592,0.014977610881453766,72.71538701704527,178.24592592
1,316,83.84113790260709,0.5272638802452796,0.009391860569791462,179.18344367566667,0.08179933643084691,83.84113790260709,179.18344367566667
1,273,97.09939331731137,0.09876725198311861,0.005531474528528826,181.534837307,0.14749948986757472,97.09939331731137,181.534837307
1,236,113.74106904398678,,0.005719439724648627,183.2067252966667,0.017820238656121517,113.74106904398678,183.2067252966667
1,204,131.8464914186483,0.12138349582336312,0.013310986077283454,184.58011773733332,0.037983935078253594,131.8464914186483,184.58011773733332
1,177,156.28429405389085,0.01710111186842585,0.013427095328315448,186.290021605,0.05468011692913626,156.28429405389085,186.290021605
1,153,180.55710931562066,0.23947232351699022,0.01288894469383946,188.19115555166664,0.11066764882137203,180.55710931562066,188.19115555166664
1,133,207.4857711621529,0.22576739526835693,0.01026491160868905,190.18740236666667,0.07594383631914525,207.4857711621529,190.18740236666667
1,115,240.78247113082668,0.11679342334897483,0.01065036839567776,193.30555384266665,0.08541177525220034,240.78247113082668,193.30555384266665
1,100,275.589280648815,0.2630086945666585,0.008539921336505009,196.279546074,0.11463655856117057,275.589280648815,196.279546074
1,86,319.3320545193078,0.42403267871824474,0.00821604662330268,201.09631724666667,0.3300842817659666,319.3320545193078,201.09631724666667
1,82,333.62683618175834,0.0901283079282871,0.007478474079949154,202.83208624466667,0.19123199715328226,333.62683618175834,202.83208624466667
1,79,341.6434329179574,1.8351233700478753,0.0071529554922938115,203.46218909566664,0.23999131468691098,341.6434329179574,203.46218909566664
1,74,359.8001027413652,8.626516029767044,0.007759117167556269,206.65815267533333,0.19479906249001844,359.8001027413652,206.65815267533333
1,70,383.95901608123864,1.462597385061137,0.006781440452687252,210.17794764866667,0.3474268051870015,383.95901608123864,210.17794764866667
1,68,394.52355560694235,1.4816534774482408,0.007931202970995746,211.32776133966664,1.0481317216432016,394.52355560694235,211.32776133966664
1,66,406.4637287086969,1.967068448724744,0.007822804087552716,215.19272669300003,0.0810021235209725,406.4637287086969,215.19272669300003
1,65,413.225834890307,1.7099807214171627,0.008844314031767046,215.67967294866665,2.0095870174668993,413.225834890307,215.67967294866665
1,63,420.8250281665082,2.7455837538008048,0.006221393415242621,216.89129862733333,0.8919370680591241,420.8250281665082,216.89129862733333
1,61,433.93762021296317,3.8192285794869485,0.0066487669391253,223.374922517,2.4677045609416983,433.93762021296317,223.374922517
1,60,442.0906913481062,1.8212275900633415,0.007674778531552256,231.34444054300002,4.914073494753271,442.0906913481062,231.34444054300002
1,58,451.542127881303,0.4623469382640324,0.007029019591663611,233.21124977600002,4.133939674120364,451.542127881303,233.21124977600002
1,56,459.3503598679022,0.7461040841992873,0.007857870596126228,250.75552198300002,5.253246362361718,459.3503598679022,250.75552198300002
1,55,459.4557795476085,3.9357439119304862,0.010443061956365988,267.55512459833335,7.4709313341873305,459.4557795476085,267.55512459833335
1,50,462.0011879120672,9.169985802979683,0.011040990059428839,288.47455934933333,2.917664763870885,462.0011879120672,288.47455934933333
1,53,466.8926876899565,6.574263790710396,0.009281308840916611,276.150653418,3.954495598558307,466.8926876899565,276.150653418
1,31,467.00840665207716,6.07051804379603,0.010008472267884289,288.57798807066666,2.407364285775653,467.00840665207716,288.57798807066666
1,52,470.903835579076,7.455596475712307,0.00860409922113319,281.673312174,0.8231828921688181,470.903835579076,281.673312174
1,17,480.9907768713735,5.356133769254742,0.00629261928151547,291.54167915933334,4.0326157642747456,480.9907768713735,291.54167915933334
1,0,483.5875219899851,2.648768564956215,0.005671597821711473,287.76028411399994,3.326631930708351,483.5875219899851,287.76028411399994
1,1,483.93966315546027,1.320919339174737,0.0057158851513544,288.33141503966664,2.2309090866900876,483.93966315546027,288.33141503966664
14,749,40.16193690538832,0.1442086199802066,0.1407693129263142,176.09493528333334,0.05762762211295526,40.16193690538832,176.09493528333334
14,219,133.19050602039576,0.17702574375138005,0.14424846733646907,185.40313017266666,0.04221134642058598,133.19050602039576,185.40313017266666
14,204,142.49401433528354,0.45105313180624723,0.1440810689423515,186.29459762466664,0.06591884600029949,142.49401433528354,186.29459762466664
14,190,156.87586670972144,0.46805606718208614,0.14213056591011983,187.51318527233335,0.06369068594939126,156.87586670972144,187.51318527233335
14,183,162.53206210372878,0.06430991378965577,0.14170035724258556,188.04749190066664,0.05498746777086057,162.53206210372878,188.04749190066664
14,177,167.5932538697766,0.45700184340953337,0.14119959404590987,188.44562748066667,0.1016414374016431,167.5932538697766,188.44562748066667
14,170,175.06583441502744,0.7803890839141596,0.14077028157475893,189.35873833566666,0.06569840231088465,175.06583441502744,189.35873833566666
14,164,181.8201663598777,0.3482792432988199,0.14182453688062754,190.19730318933333,0.025078869252917586,181.8201663598777,190.19730318933333
14,153,194.7845926647154,0.36061070546808804,0.14017323577687513,191.538260264,0.01738396008083035,194.7845926647154,191.538260264
14,142,208.835692244706,0.4905398065972662,0.14000027555273042,193.64983382233333,0.04652315845579524,208.835692244706,193.64983382233333
14,133,223.42253213033158,0.24644276799521295,0.1375025569381769,195.74633087933333,0.08534952249013927,223.42253213033158,195.74633087933333
14,123,239.65034003403284,0.3886510390692602,0.14021323613172237,198.71852010966666,0.06155331682896169,239.65034003403284,198.71852010966666
14,115,254.42201899195916,3.276240659718763,0.14114021567229637,202.90965535133333,0.9471286858861256,254.42201899195916,202.90965535133333
14,110,265.13808950044637,1.5570970963683082,0.13753136487871753,205.29971607466666,0.3341749250776575,265.13808950044637,205.29971607466666
14,107,270.2708706980294,0.8923925093599502,0.13733337898502904,206.756187752,0.41874657865300835,270.2708706980294,206.756187752
14,108,270.33165423793724,1.5648493502776413,0.1370017232664593,206.74079152533332,0.3384125822802677,270.33165423793724,206.74079152533332
14,105,276.2440029809841,1.8933924506510535,0.13694523219701585,209.21926421199998,0.7785393490966296,276.2440029809841,209.21926421199998
14,100,292.57752041946395,2.137894090347668,0.1373468603563309,216.83441301666667,1.7080769441069954,292.57752041946395,216.83441301666667
14,0,370.78149378095844,1.7140402285036271,0.13927744361279112,381.35069670966664,1.6854275529730927,370.78149378095844,381.35069670966664
14,1,371.85326217265896,4.37962906611477,0.14053607058103454,380.4771291713334,2.3268884130172025,371.85326217265896,380.4771291713334
14,10,374.56640017350327,0.8283186321603732,0.14006822093604987,382.386305928,4.177151731339183,374.56640017350327,382.386305928
14,55,385.9506461445508,0.8017074779016392,0.13977402206434628,400.10884927633333,4.722303057969557,385.9506461445508,400.10884927633333
17,10000,4.532857656409184,0.14434053768505353,0.16918562133905432,177.55303427166666,0.037249681672014055,0.0,177.55303427166666
17,10000,4.532857656409184,0.14434053768505353,0.16918562133905432,177.55303427166666,0.037249681672014055,4.532857656409184,177.55303427166666
17,3162,11.068167870044451,0.01317862831909005,0.16890172581712193,176.46546132633333,0.05299371643304506,11.068167870044451,176.46546132633333
17,2371,14.186043744421315,0.03404031524049136,0.17400496896572407,176.31797390633332,0.054702790760167166,14.186043744421315,176.31797390633332
17,749,40.359947624274376,0.19319187752209002,0.17276218538685742,176.14963795966665,0.03208766180821967,40.359947624274376,176.14963795966665
17,648,46.10002299897361,0.14172383046572254,0.16925041402138896,176.3816147836667,0.02556137500321696,46.10002299897361,176.3816147836667
17,562,52.828793929118156,0.2065985522101943,0.16637315362504204,176.78551951533333,0.06517833385166544,52.828793929118156,176.78551951533333
17,188,160.48139232507089,0.49547887046808153,0.173618060002967,187.58861049100003,0.043650916577367735,160.48139232507089,187.58861049100003
17,187,161.17132344731317,0.735398934245005,0.17360282630725887,187.6675389656667,0.12276468828478165,161.17132344731317,187.6675389656667
17,186,161.98182216967157,0.45319593444552386,0.17382996802216447,187.75142124266665,0.09855941481657433,161.98182216967157,187.75142124266665
17,153,196.0845881022799,0.5903190625339456,0.1695984366978646,191.845567746,0.29639528093002077,196.0845881022799,191.845567746
17,130,215.37326096394546,0.3641621862926345,0.17227302768749556,194.855269478,0.08721692227568112,215.37326096394546,194.855269478
17,129,218.7747584281492,0.33066906201385615,0.17316593767226088,195.41828574733333,0.22954383155078134,218.7747584281492,195.41828574733333
17,133,225.5370730835643,0.18252865324260417,0.17248363379486267,196.58126578566666,0.13931808388865666,225.5370730835643,196.58126578566666
17,127,234.51214967295263,0.19754781468895818,0.16908705860267628,198.57389761233333,0.20880530515283777,234.51214967295263,198.57389761233333
17,123,243.35308339025394,0.4293153308811807,0.1724232664195985,200.47059120633332,0.169776800581183,243.35308339025394,200.47059120633332
17,120,247.3460292837858,0.7594426872533405,0.1707255364624726,202.172740062,0.4496721870897409,247.3460292837858,202.172740062
17,118,251.91228139946006,1.220284943683944,0.1703152926433439,203.18886868833337,0.2529099576796461,251.91228139946006,203.18886868833337
17,115,260.5944070297638,0.35768287239137203,0.1710979025174151,205.834314727,0.37155691158257453,260.5944070297638,205.834314727
17,110,272.50129779683425,0.2903043687162744,0.16877393627380854,211.79656714833334,0.1839177678383199,272.50129779683425,211.79656714833334
17,107,280.6005442127702,1.2354635202821431,0.1699291912306369,214.215208634,0.47738158233381656,280.6005442127702,214.215208634
17,103,290.2933263341649,1.2157890931554705,0.16988553124062342,220.350798281,0.6164497695728967,290.2933263341649,220.350798281
17,100,298.06882833194067,1.0967816099200747,0.17134243243833602,225.35121909199998,0.3968634470392244,298.06882833194067,225.35121909199998
17,17,414.5159989519925,0.5775453744800193,0.1689829674291675,512.032871141,1.5865969470026526,414.5159989519925,512.032871141
17,10,410.7367973390116,1.8788438180738087,0.16716766255109874,506.09164826533333,3.1868825121853894,410.7367973390116,506.09164826533333
18,10000,4.6470985617756915,,0.1797830388228079,177.58919333766667,0.0336189510364418,0.0,177.58919333766667
18,10000,4.6470985617756915,,0.1797830388228079,177.58919333766667,0.0336189510364418,4.6470985617756915,177.58919333766667
18,364,80.33211875196065,0.2796438341773822,0.1841661415401274,179.25893970833332,0.09473930846068701,80.33211875196065,179.25893970833332
18,316,92.14531381038894,0.2628242426670803,0.18435953789444456,180.68033723633334,0.02174741947164719,92.14531381038894,180.68033723633334
18,273,107.53213920951451,0.08371750124885396,0.18319342722133802,182.74622271733332,0.0852863046006475,107.53213920951451,182.74622271733332
18,236,125.40444022613876,0.14049712345062257,0.17986278520331178,184.57349493433333,0.15980265604131083,125.40444022613876,184.57349493433333
18,219,134.18542963472143,0.4072149160409055,0.17871072016074616,185.439410623,0.13275081535466643,134.18542963472143,185.439410623
18,211,139.09088150398256,0.4125958846706878,0.17768868977173916,185.81004101333335,0.0544327679966456,139.09088150398256,185.81004101333335
18,204,143.95754382190367,0.7309104339187168,0.17868274811537374,186.124678002,0.08210684174834389,143.95754382190367,186.124678002
18,199,146.29173810519237,0.4857081596473186,0.17733379888746018,186.449671653,0.10364596760273236,146.29173810519237,186.449671653
18,196,148.7834558568766,0.3019546420236642,0.17611882505332835,186.73188307566667,0.05593687758148261,148.7834558568766,186.73188307566667
18,193,151.29248328871017,0.22217094576272842,0.17690047613404028,186.97855262666667,0.061518354977560336,151.29248328871017,186.97855262666667
18,192,151.90385085798616,0.5409932422923523,0.17878047403789896,187.002384304,0.04315623845210717,151.90385085798616,187.002384304
18,190,159.51123750537124,,0.17516407658222954,187.39063480233335,0.01878191043117025,159.51123750537124,187.39063480233335
18,183,163.8783451862957,1.3462125020988986,0.1753936259373017,187.73316929766668,0.030930878778744113,163.8783451862957,187.73316929766668
18,177,169.3973042685735,,0.17609714139894544,188.35472817000002,0.0695239104581306,169.3973042685735,188.35472817000002
18,164,182.16946652667866,0.04817331393797614,0.1758940077574059,189.805075008,0.12741021710024533,182.16946652667866,189.805075008
20,5623,6.631554153593953,0.2444027606347628,0.19716907088825822,177.22737957266668,0.07778539776036686,0.0,177.22737957266668
20,5623,6.631554153593953,0.2444027606347628,0.19716907088825822,177.22737957266668,0.07778539776036686,6.631554153593953,177.22737957266668
20,3162,10.688684061440615,,0.1963707547618363,176.5218967986667,0.03223707473983608,10.688684061440615,176.5218967986667
20,749,40.468340997943514,0.348799152566531,0.20238646039536803,176.10123626100003,0.026579013087202945,40.468340997943514,176.10123626100003
20,562,53.52212305255983,0.33020587721163697,0.19761895680813787,176.73693081800002,0.06633055724491627,53.52212305255983,176.73693081800002
20,486,60.99868630608632,,0.1952718009806168,177.28033762500002,0.03453055511055091,60.99868630608632,177.28033762500002
20,187,163.61943248135833,0.4314692314823826,0.202218138376139,187.82395092133333,0.06490087409792411,163.61943248135833,187.82395092133333
20,186,163.65925268721767,0.18728403342801367,0.20350989388514382,187.86217902933333,0.11111218942401835,163.65925268721767,187.86217902933333
20,164,184.87159538295165,0.41876188687098886,0.20338348180666696,190.16963305333334,0.027928777302185792,184.87159538295165,190.16963305333334
20,142,215.18992349901734,1.1575986697024747,0.2037813462368209,195.03855081266667,0.20234512563537715,215.18992349901734,195.03855081266667
20,133,228.08424199745022,0.7029708289374137,0.2031880342817858,197.578009202,0.2505022245981798,228.08424199745022,197.578009202
20,127,238.6512853817111,0.657692494161009,0.20266614724707233,200.01435819066668,0.12655364205751782,238.6512853817111,200.01435819066668
20,124,243.57722345877616,0.37549059188195644,0.1997125897219263,201.61967096866667,0.28327662089042693,243.57722345877616,201.61967096866667
20,123,245.39741947600874,0.23311816464617932,0.20211523660499195,201.957633504,0.08921940797052204,245.39741947600874,201.957633504
20,121,247.2950421046191,0.6629022436515827,0.20024230989192024,202.64536351033334,0.39559601377580417,247.2950421046191,202.64536351033334
20,120,248.82707186915954,0.7776760121493665,0.2021160888730029,203.32702582833335,0.4681601185669419,248.82707186915954,203.32702582833335
20,118,254.7492977950782,0.30324972972416336,0.20042097667053402,205.12707412933332,0.570536339656841,254.7492977950782,205.12707412933332
20,115,263.9227082500852,0.32310957812368535,0.20075341895485796,208.52124388000001,0.08578395531600866,263.9227082500852,208.52124388000001
20,112,271.0514211838793,1.1143557600400258,0.20181774304315891,211.49006700766668,0.42983934041736266,271.0514211838793,211.49006700766668
20,110,275.26806698649904,0.20095301109380814,0.20122434893032212,215.06747673833334,0.10405696337208548,275.26806698649904,215.06747673833334
20,107,283.5066289534912,0.7349400934690842,0.19989068660972473,219.248196589,0.365276495982296,283.5066289534912,219.248196589
20,100,302.03485989067354,0.9109268278571602,0.20164469175885355,231.61862562666667,0.19082041210461917,302.03485989067354,231.61862562666667
20,31,431.46204007188754,0.3110774524873635,0.1982488843147289,591.402129983,0.28830132703488787,431.46204007188754,591.402129983
20,17,431.0478415551591,0.13872947743443323,0.19636867292371343,592.889820852,2.408305898755056,431.0478415551591,592.889820852
21,10000,4.583975919959354,0.11244613795594606,0.20865828693202243,177.609147002,0.06467503432785292,0.0,177.609147002
21,10000,4.583975919959354,0.11244613795594606,0.20865828693202243,177.609147002,0.06467503432785292,4.583975919959354,177.609147002
21,5623,6.574664950753466,0.1578543122709591,0.20687338230298394,177.15709973633332,0.040295187565552545,6.574664950753466,177.15709973633332
21,3162,11.133032799399288,,0.21432243730257647,176.493999845,0.03785374240023782,11.133032799399288,176.493999845
21,1778,17.89343798514865,0.1745980328471445,0.20705982173759474,176.28120620466666,0.01584155396351249,17.89343798514865,176.28120620466666
21,364,80.85928349939928,0.4405141984915308,0.20808936025943411,179.36665999566665,0.056784380714478534,80.85928349939928,179.36665999566665
21,273,108.4533270089673,0.3371939708793433,0.2143756058880015,182.78110201733332,0.03249128803970288,108.4533270089673,182.78110201733332
21,236,127.04110583587253,0.43402935634515105,0.20996810207972041,184.629675129,0.10724680705801448,127.04110583587253,184.629675129
21,219,136.6085948872431,0.1394439150129888,0.2091906931926559,185.50217301633333,0.03999103045742574,136.6085948872431,185.50217301633333
21,204,145.74878469803082,0.12656236387049907,0.20730691084666486,186.22307504266666,0.1023941717890967,145.74878469803082,186.22307504266666
21,199,149.56473657114367,0.1510934152881166,0.20769662905118222,186.75595782533333,0.16587021602200805,149.56473657114367,186.75595782533333
21,196,152.20500604257896,0.18231192860485126,0.2096596684603944,186.85706406600002,0.058108863593840515,152.20500604257896,186.85706406600002
21,192,155.2397069622165,0.2634867710235889,0.20783973061085037,187.09555401766667,0.03421745458904871,155.2397069622165,187.09555401766667
21,190,160.05512562785023,0.8625410542642562,0.20582689527219702,187.4232790276667,0.08772432890838772,160.05512562785023,187.4232790276667
21,183,166.0930904285327,0.18583011111701633,0.2059095819664506,188.07840154066665,0.05541858900844019,166.0930904285327,188.07840154066665
21,177,171.26019724390588,0.294962614616126,0.20572964658311998,188.51885056133335,0.09797322011187028,171.26019724390588,188.51885056133335
21,153,199.25685319340928,0.5730970463065358,0.2066474198681744,192.28855613233335,0.040353031650057485,199.25685319340928,192.28855613233335
24,10000,4.557339081808433,0.10814282010955481,0.2412021249855637,177.63158738566668,0.015788507664633668,0.0,177.63158738566668
24,10000,4.557339081808433,0.10814282010955481,0.2412021249855637,177.63158738566668,0.015788507664633668,4.557339081808433,177.63158738566668
24,236,127.20123930377419,0.29669633732745826,0.240211416406544,184.56534423166667,0.06638650307007556,127.20123930377419,184.56534423166667
24,219,136.85864764495417,0.3064890462223468,0.24209599988973232,185.30631605099998,0.06803638559124263,136.85864764495417,185.30631605099998
24,204,146.15654778590047,0.469654341334634,0.2416046672036997,186.134230842,0.07878146355213113,146.15654778590047,186.134230842
24,199,149.28419887890632,0.3522961965011366,0.24059475443521383,186.503199352,0.08593971577851413,149.28419887890632,186.503199352
24,196,151.42415045502472,0.17496770764537614,0.2405550717691708,186.65622608833334,0.10771809353741127,151.42415045502472,186.65622608833334
24,193,153.45894479018747,0.31626426820409426,0.2401556028915636,186.84622228333333,0.047814123343216636,153.45894479018747,186.84622228333333
24,192,154.75029364056752,0.45196540926282647,0.24034383102540965,187.065373443,0.2067991081814361,154.75029364056752,187.065373443
24,190,162.3450318147558,0.01812895094894546,0.24096924616588433,187.71333610399998,0.11159278232858234,162.3450318147558,187.71333610399998
24,187,164.34625528603144,0.16384206607182475,0.23879091701641117,187.8723638936667,0.10478052667017644,164.34625528603144,187.8723638936667
24,186,165.45204190986888,0.003695242245541189,0.23665169076659345,187.93712423866668,0.24039598043044547,165.45204190986888,187.93712423866668
24,183,169.6482844520389,0.6990559249170303,0.23631177909523313,188.50477840533335,0.18666853806667474,169.6482844520389,188.50477840533335
24,177,174.08297289898562,0.522224595471194,0.23816625468444783,188.82900593633335,0.18916144465336343,174.08297289898562,188.82900593633335
24,164,187.15032569984268,0.4406468792469116,0.2373824510375663,190.69739389533333,0.09483891119359474,187.15032569984268,190.69739389533333
24,153,200.69869128329296,0.24285010703118315,0.23684352426949862,192.69572551399997,0.1521638568891146,200.69869128329296,192.69572551399997
24,133,231.0967204135499,0.33588526791496776,0.2365263175432879,198.556213565,0.10563430509241697,231.0967204135499,198.556213565
24,125,245.2428348659742,0.3921209002084029,0.23629216786216806,203.183544891,0.11947594873832292,245.2428348659742,203.183544891
24,120,252.7200927079238,,0.23517545232297116,204.71033662433334,0.12457729148125535,252.7200927079238,204.71033662433334
24,118,254.07647113037223,2.210515557081959,0.2361237017708132,205.71885961433335,0.7371565173901226,254.07647113037223,205.71885961433335
24,112,268.51345134988037,0.8974220697087314,0.235581531316144,211.34406141833333,0.3034953077569688,268.51345134988037,211.34406141833333
24,108,278.11602105123075,2.6986387714100584,0.235553650580266,217.3707607816667,1.4270327183170912,278.11602105123075,217.3707607816667
24,107,279.52861261117545,0.5214279614758972,0.23623244266522825,218.47916748733334,0.006438310686853799,279.52861261117545,218.47916748733334
24,104,290.29852901216447,,0.2356478021851702,223.43198026733333,1.5380118235444118,290.29852901216447,223.43198026733333
24,103,291.68121585095724,2.4535729207345534,0.2351885023888713,225.14280120599997,1.545800566849612,291.68121585095724,225.14280120599997
27,3162,11.615481713310125,,0.27346986846028215,176.36631196533335,0.040961595901215515,11.615481713310125,176.36631196533335
27,2371,14.531283699683222,0.16181847035327634,0.2678712041626231,176.18386425633332,0.06452435983730935,14.531283699683222,176.18386425633332
27,236,129.18840341848625,0.11844936275719162,0.2676259089342115,184.33477850166665,0.044455471096254,129.18840341848625,184.33477850166665
27,219,138.94258029321952,0.1279090312938301,0.27414909976867163,185.24876157166668,0.01084624343576691,138.94258029321952,185.24876157166668
27,204,149.0545614109985,0.2045688258525547,0.2728039954165175,186.13641347566667,0.13839956938239312,149.0545614109985,186.13641347566667
27,190,163.34873905770064,0.29065698586585664,0.27150457731856564,187.63497062500002,0.06068413003149795,163.34873905770064,187.63497062500002
27,177,174.99959632818567,0.4827898349342301,0.27016208718516577,189.00222522333334,0.03877494270869685,174.99959632818567,189.00222522333334
27,164,188.8767332128285,0.09945536827671299,0.27027788080681137,190.81751834066665,0.03367601205953331,188.8767332128285,190.81751834066665
27,153,202.40568481377542,0.03286671953947626,0.27010062992827105,193.0208447803333,0.10835464134584402,202.40568481377542,193.0208447803333
27,142,218.38015726294756,0.22954851664909418,0.26826783323725795,196.25719289266667,0.11692254010351243,218.38015726294756,196.25719289266667
27,137,225.8575853938477,0.17195323937599127,0.26822310115755077,197.698937652,0.04341582848214967,225.8575853938477,197.698937652
27,130,226.9976567023132,0.12399528449333419,0.26896552722099437,197.95204428733334,0.21869073443712264,226.9976567023132,197.95204428733334
27,131,228.55689555955334,0.30390291891211924,0.2669759865338374,198.48699999066665,0.15905550388584946,228.55689555955334,198.48699999066665
27,134,230.91483723978342,0.5316591453951859,0.26975933090402754,198.88074744533333,0.1379395293367845,230.91483723978342,198.88074744533333
27,129,230.9921308499817,0.2671080936796239,0.2696613852340936,199.06721497333334,0.18700125316133936,230.9921308499817,199.06721497333334
27,133,233.22810000811901,0.26002228572078373,0.26949791239662696,199.51270215733334,0.15894663021624003,233.22810000811901,199.51270215733334
27,127,241.23373894725933,0.1194428470145458,0.2697459611366541,201.61002539433332,0.28803927731383056,241.23373894725933,201.61002539433332
27,125,246.0922446638864,0.146224061994377,0.26866253934557077,203.148834899,0.19786239503360883,246.0922446638864,203.148834899
27,124,246.34842376391808,0.2696315220983,0.269073298354396,203.24509660766668,0.09285105875413123,246.34842376391808,203.24509660766668
27,123,251.23330346716693,0.4060749194876534,0.2688671463455997,205.39319208333333,0.19961096624065924,251.23330346716693,205.39319208333333
27,120,253.0402176487817,1.2698620547351371,0.2654151763793078,206.82555092566668,0.606732517422112,253.0402176487817,206.82555092566668
27,121,256.12583252904346,0.09184540110001062,0.26751276614401603,207.465163326,0.12615205036042165,256.12583252904346,207.465163326
27,118,259.4295448839,0.484937687186521,0.26823684139732906,208.48074377566664,0.10516056323491875,259.4295448839,208.48074377566664
27,115,269.3484979995719,0.3613314411153329,0.26841254578513934,212.86927407166664,0.18299684429467272,269.3484979995719,212.86927407166664
27,112,276.5146545200119,0.12271046759455413,0.2677574553973379,217.37844209433334,0.019107950209670158,276.5146545200119,217.37844209433334
27,110,281.5867352265114,0.34745618433391745,0.2667121394863358,220.338415232,0.32411442020946896,281.5867352265114,220.338415232
27,103,299.87204391415725,,0.26537384929060853,235.47040541266665,0.4908406361795969,299.87204391415725,235.47040541266665
27,100,307.99867377524055,0.2052318305180529,0.2657850883832429,241.76018667666665,0.4923858826112865,307.99867377524055,241.76018667666665
27,65,440.9817767967033,0.21472897557807336,0.2744001246639252,564.7722829376667,5.883400715330713,440.9817767967033,564.7722829376667
27,63,442.7195699924275,0.21295324174334426,0.27450675871735103,583.1795699256667,1.0181458802903909,442.7195699924275,583.1795699256667
27,61,443.45754231221997,0.2661236794974257,0.274229953536489,592.4814746243334,1.1457480764389403,443.45754231221997,592.4814746243334
29,3162,12.030767677472614,,0.29032595185620985,176.31192039799998,0.051185862255949316,12.030767677472614,176.31192039799998
29,2371,14.646391280064352,0.125184381460858,0.28698333049710817,176.1851642626667,0.06544546943058162,14.646391280064352,176.1851642626667
29,1333,23.941170218081496,0.028045655626562107,0.28722683333286697,175.87530549966667,0.01940774958892873,23.941170218081496,175.87530549966667
29,648,47.88444127636424,0.04366479894824257,0.28705961689371995,176.1980829,0.010093383507434583,47.88444127636424,176.1980829
29,177,177.11988586524595,0.347702078427885,0.2938871817785223,189.11775588733335,0.10388208704451168,177.11988586524595,189.11775588733335
29,118,263.6725538381599,0.8464971576404302,0.29330779520798245,211.444680575,0.5246629183276095,263.6725538381599,211.444680575
29,110,279.37415180988387,0.31704693590586924,0.29436834058604133,220.07433986233332,0.33443674822590186,279.37415180988387,220.07433986233332
29,107,287.012223409084,1.6484470550453783,0.29330738234618714,224.79615149266667,0.6803052304310306,287.012223409084,224.79615149266667
29,103,299.16736807329625,0.012404396878200443,0.2927754747053435,234.44284421033333,0.358116795921084,299.16736807329625,234.44284421033333
29,100,308.17064884213806,0.711929927423778,0.29029372551477933,244.62362086766666,0.6982040892418583,308.17064884213806,244.62362086766666
29,79,387.89668031109505,1.459624868512254,0.29032230010398447,373.634448819,3.6554240481567373,387.89668031109505,373.634448819
29,41,444.80590371649754,0.05847953469480841,0.2885371163467558,634.1468875283334,0.9793897586389525,444.80590371649754,634.1468875283334
29,31,444.9371810720193,0.11972145115251982,0.29073210558891377,633.141587219,1.4663787369010268,444.9371810720193,633.141587219
30,1778,18.3482715224233,0.11319358261630812,0.3041169602017339,176.15016358033336,0.010029146003424042,0.0,176.15016358033336
30,1778,18.3482715224233,0.11319358261630812,0.3041169602017339,176.15016358033336,0.010029146003424042,18.3482715224233,176.15016358033336
30,364,83.8829840462207,0.10761150359037787,0.30275643185082596,179.36975293499998,0.13712995461801636,83.8829840462207,179.36975293499998
30,316,95.7750224193238,0.10665608895721806,0.3045166276443732,180.49830853800003,0.07066738894183916,95.7750224193238,180.49830853800003
30,273,111.35978337024945,0.07670746351788141,0.30142449822408596,182.31070942333335,0.007913609023280562,111.35978337024945,182.31070942333335
30,236,130.11061811102275,0.04231250697928524,0.30062594323655656,184.348055307,0.09197968528368831,130.11061811102275,184.348055307
30,219,139.21289649541475,0.15235885114644893,0.30083964439096156,185.27240257466667,0.046424220717748516,139.21289649541475,185.27240257466667
30,204,148.5831924553809,0.12030563316572244,0.30020470796882376,186.1524360443333,0.037543969226016334,148.5831924553809,186.1524360443333
30,199,151.84592959847726,0.27223642302088463,0.3013203675501887,186.439549103,0.04102569646096725,151.84592959847726,186.439549103
30,196,154.0903721412684,0.14867035648324434,0.3003913536952472,186.73610147933334,0.043615398113424096,154.0903721412684,186.73610147933334
30,193,156.24656691855694,0.09562375770961228,0.2997188887553298,186.902237336,0.07488452483307305,156.24656691855694,186.902237336
30,192,156.90466414078261,0.2859539378509948,0.2996995587995929,187.03021762933335,0.12896357672545394,156.90466414078261,187.03021762933335
30,190,165.4518940626226,0.1006466604586367,0.2983555478414334,187.88939338033333,0.1194027536932799,165.4518940626226,187.88939338033333
30,188,167.54966716029216,0.10212522537135858,0.29867927458005106,188.01043814166667,0.17840506226864059,167.54966716029216,188.01043814166667
30,187,168.57137672291086,0.1641914879676188,0.29913198636471955,188.20075593033334,0.045145713245990704,168.57137672291086,188.20075593033334
30,186,169.09735691738783,0.15831003107123948,0.29859074477223685,188.25498586,0.05671690625078631,169.09735691738783,188.25498586
30,183,171.96881550078874,0.0702481671150028,0.3004650522261334,188.62324905966668,0.06256121936477525,171.96881550078874,188.62324905966668
30,164,191.7977205789257,0.09407589321117572,0.29921338788125657,191.44049465966668,0.08015151974820804,191.7977205789257,191.44049465966668
30,153,204.8050677907037,0.14070997647232117,0.2985809886453672,193.60904921066665,0.05825264240067838,204.8050677907037,193.60904921066665
30,142,221.29175573369852,0.0298899002484586,0.2965993777672475,197.124013432,0.09185533212762975,221.29175573369852,197.124013432
30,133,235.47407312632512,0.291726930040829,0.2967499283382025,200.50264763266668,0.1466525994640292,235.47407312632512,200.50264763266668
30,127,244.59644099710704,0.37689959521911715,0.2969167808500533,203.232795259,0.13842351017581606,244.59644099710704,203.232795259
30,123,252.97710675398073,0.21524490262619908,0.2970888351649682,205.875182917,0.30359148999015245,252.97710675398073,205.875182917
30,115,270.9218710317314,0.09682500246406732,0.29752027824789384,214.42945081966664,0.7292308212115194,270.9218710317314,214.42945081966664
30,86,357.16122529987456,4.594635464649475,0.3026260598230118,312.62716342199997,6.268430456447627,357.16122529987456,312.62716342199997
30,82,376.6096716620528,2.246184285371549,0.29788883479047074,347.4185806706667,3.681168491659499,376.6096716620528,347.4185806706667
30,74,415.94562578039654,2.050894030438425,0.3029985514116811,439.43425910666673,6.240377208439826,415.94562578039654,439.43425910666673
30,71,425.10565401034575,2.080686026703715,0.30239822512526465,473.0095138153333,5.528272906510327,425.10565401034575,473.0095138153333
30,70,434.02687018701903,0.13450583769280436,0.30091104404523783,507.7066750943333,1.0659087603548818,434.02687018701903,507.7066750943333
30,68,438.00699426954435,0.9357122666437454,0.2991951873143887,530.973273175,2.5282899200452547,438.00699426954435,530.973273175
30,65,442.59031948384677,0.7549387722169283,0.29956360864262727,557.2484519083333,4.00310775846453,442.59031948384677,557.2484519083333
30,63,444.7249696523327,0.556278906846582,0.2993833541149087,581.1224459313333,0.979861088918701,444.7249696523327,581.1224459313333
30,61,446.32216993060865,0.3883670499084052,0.29844982487009647,590.7817219103333,3.0171263429514785,446.32216993060865,590.7817219103333
30,60,446.66203047277423,0.13971807515055026,0.29834249095935267,598.092822213,2.4896188596607307,446.66203047277423,598.092822213
30,58,447.12521495404945,0.10575833724596354,0.2999548883522527,607.9479801743333,0.7594501278860599,447.12521495404945,607.9479801743333
30,55,447.45007450280264,0.1745045009394541,0.30028748803403865,617.308466334,2.7380180163106895,447.45007450280264,617.308466334
30,50,447.5139087192816,0.0828918296298361,0.30230884691812143,624.9457472996667,0.4355969989285229,447.5139087192816,624.9457472996667
32,3162,11.520598587298087,0.17806138785411577,0.3203342058876505,176.34716251600003,0.048856242936661555,11.520598587298087,176.34716251600003
32,236,131.3738998859512,,0.32415559851905407,184.047900139,0.042594042716880956,131.3738998859512,184.047900139
32,219,141.03192602827434,0.20639526044740686,0.32370547238890285,185.03046570233334,0.09891095069877312,141.03192602827434,185.03046570233334
32,204,150.3941076706435,0.07435491903595444,0.3244848167951641,185.971925292,0.05242950050268692,150.3941076706435,185.971925292
32,190,167.73025966093297,0.0022359381095792756,0.32311385866202236,187.85638353000002,0.04862107318592248,167.73025966093297,187.85638353000002
32,177,180.42631413403547,0.5052783313013238,0.32421869261911745,189.67869469233332,0.10853307289286737,180.42631413403547,189.67869469233332
32,153,207.73662504102276,0.26303114375735936,0.3231604851923216,194.04011303433333,0.21855660329355134,207.73662504102276,194.04011303433333
32,133,237.97313758137034,0.5451786597928286,0.3233664960161304,201.52937323633333,0.0875818695762556,237.97313758137034,201.52937323633333
32,123,257.19151405497,0.11916759356021439,0.32162575938829696,208.20563904333335,0.09896750336997215,257.19151405497,208.20563904333335
32,115,271.9713918830939,0.8002988323933968,0.3186554044844299,216.41126321733336,0.7941113330774497,271.9713918830939,216.41126321733336
32,107,292.8058777092296,0.69236773616568,0.3200341444501869,229.89680058666667,0.9734001270523966,292.8058777092296,229.89680058666667
32,100,313.9033904899717,0.2582616839635709,0.3168461494793709,250.78656340233331,0.9007309007748914,313.9033904899717,250.78656340233331
32,90,347.16098562443045,,0.3244500293136167,291.51245086800003,2.0434554167656644,347.16098562443045,291.51245086800003
32,88,351.176947142099,1.7941655197470872,0.3198807722238535,302.01842954399996,2.340484508639533,351.176947142099,302.01842954399996
32,86,360.187687602439,1.0553457408730793,0.31985802478723685,317.9663485456667,2.267572568189362,360.187687602439,317.9663485456667
32,82,379.4642890983914,1.4306843735735824,0.3172554965828841,354.29494271666664,4.226556887625992,379.4642890983914,354.29494271666664
34,133,240.71025611937716,0.16836168707249366,0.3418229815792757,202.63313853866666,0.20951611584226132,240.71025611937716,202.63313853866666
34,123,259.8168905134878,0.38168269109528064,0.3400171266073908,210.1618463036667,0.21711784732770245,259.8168905134878,210.1618463036667
34,115,274.24751778610835,0.6349062165511251,0.3406563225822417,217.84836194066668,0.5574298102568201,274.24751778610835,217.84836194066668
34,110,285.9475559935104,3.284979730180297,0.3387162882366166,226.09389370033333,2.194809538182873,285.9475559935104,226.09389370033333
34,107,289.4575637647715,0.3979965970694214,0.3388935610011956,227.71277736266666,0.6513631325287617,289.4575637647715,227.71277736266666
34,103,302.25833006105853,2.222573876109826,0.3370057676499171,238.25764406,2.600915822130488,302.25833006105853,238.25764406
34,83,383.0117487191035,2.6931908602775385,0.34381521315559105,360.25978598566667,0.25332881052799217,383.0117487191035,360.25978598566667
34,82,388.4088559795238,1.3201249160509587,0.34252684284241053,368.5549247803333,0.8626169620817618,388.4088559795238,368.5549247803333
34,80,394.0791814908024,3.317409919393351,0.3433830246363553,377.2426023263333,7.328086512474423,394.0791814908024,377.2426023263333
34,79,400.0591415093772,2.135092463229481,0.342648938038909,395.20613016,4.080322588628348,400.0591415093772,395.20613016
34,77,409.730867280412,1.7123881984962497,0.34075138554111045,415.3809885138333,4.167448053465228,409.730867280412,415.3809885138333
34,76,420.03747775580524,,0.34436688280336974,439.957596572,0.9689052129819542,420.03747775580524,439.957596572
34,74,428.4404890368906,1.8997519889804753,0.34435136295828433,466.689252914,4.940411504678299,428.4404890368906,466.689252914
34,68,444.30765466984417,0.8761628095518642,0.3445743201929749,546.4309826146667,7.484122359667707,444.30765466984417,546.4309826146667
34,31,449.3978215340896,0.10156478678284803,0.3355727260878523,632.544845602,1.9940783293263442,449.3978215340896,632.544845602
34,10,449.503682594914,0.07785946967616925,0.33755295199756025,630.1793131640001,1.0823050846228102,449.503682594914,630.1793131640001
35,17782,3.1479081006098433,0.023184774344044513,0.3505587655284037,177.92512372733333,0.045455288599593184,0.0,177.92512372733333
35,17782,3.1479081006098433,0.023184774344044513,0.3505587655284037,177.92512372733333,0.045455288599593184,3.1479081006098433,177.92512372733333
35,10000,4.579320643999609,0.017768489119686277,0.35081513366056066,177.53290814833335,0.0699362731024478,4.579320643999609,177.53290814833335
35,421,74.5648552150874,0.11538232205832842,0.35473129951482585,178.26108227400002,0.05777149874276225,74.5648552150874,178.26108227400002
35,316,97.66584941985913,0.17962624133678914,0.34726798110667856,180.095100384,0.056431952426462616,97.66584941985913,180.095100384
35,273,114.66530722702153,0.13291203931770695,0.35238334489275597,182.10425261933332,0.057902494163486674,114.66530722702153,182.10425261933332
35,236,133.1427875201865,0.11179011185943794,0.35092551585046067,183.9917457,0.045664539061220734,133.1427875201865,183.9917457
35,204,151.9865511609378,0.1644611982011175,0.34906569526035164,186.02658510933335,0.01941193040619558,151.9865511609378,186.02658510933335
35,177,182.1564701770992,0.11562746594893203,0.3474394406555968,189.814314266,0.018927024825712773,182.1564701770992,189.814314266
35,153,209.22707474829855,,0.34905468746033974,194.60511822433332,0.11724245951532622,209.22707474829855,194.60511822433332
35,115,280.1456001990175,1.0199936386024464,0.35402644852855514,222.62813089833332,1.0936153347321365,280.1456001990175,222.62813089833332
35,107,301.0151273341708,3.2069924672617423,0.35024206286218257,239.77491604600002,3.014274721082492,301.0151273341708,239.77491604600002
35,100,320.1232656614814,2.6029694067997404,0.3498498592862382,260.9279326436667,3.242449405518743,320.1232656614814,260.9279326436667
35,92,347.76707076659926,,0.348158525343576,296.4808367406667,3.7760749192118466,347.76707076659926,296.4808367406667
35,88,362.2806266301727,2.130463242849563,0.34710713792410797,318.86011741600004,3.576424826446075,362.2806266301727,318.86011741600004
35,86,371.8498401672622,0.9971597742851528,0.3475250391227425,335.33369204583335,4.371265183231868,371.8498401672622,335.33369204583335
35,84,378.40217170126544,,0.34606772673871655,350.68739708566665,3.9670910060082645,378.40217170126544,350.68739708566665
35,83,383.48958023958244,0.003422386569591738,0.3456754319024863,355.292939166,5.819619576234195,383.48958023958244,355.292939166
35,82,391.2214366888123,,0.34580226917833007,370.037967898,1.4480469033322847,391.2214366888123,370.037967898
35,70,440.380226692561,0.7962647681922241,0.3451036538280664,519.3191055313333,1.9511447111803688,440.380226692561,519.3191055313333
35,66,447.5739001708535,0.46906043904908745,0.3462530859931386,563.6455385113333,3.130912580764628,447.5739001708535,563.6455385113333
35,65,447.91914638037696,0.07152335952181593,0.3458551225930709,570.6631169293333,1.2943601792962909,447.91914638037696,570.6631169293333
35,63,449.4759753206861,0.23619367023110005,0.3453083004255526,583.3392541876666,0.9933484176582319,449.4759753206861,583.3392541876666
35,60,450.50143502025986,0.13380366413574407,0.34683137717099566,594.3472730909999,1.741621024770642,450.50143502025986,594.3472730909999
35,58,450.7887249632774,0.18495391989462207,0.346971006697258,603.3555262596666,4.205890750399226,450.7887249632774,603.3555262596666
35,55,451.33881273481285,0.32534091649541735,0.3472569004599279,609.2675443449999,0.5545120040364636,451.33881273481285,609.2675443449999
35,47,451.37854101903514,0.30093426776020304,0.3517320038196365,622.828554387,1.1469818609238014,451.37854101903514,622.828554387
37,17782,3.167447609726525,0.03358177303460874,0.36873791717254323,177.79770365333334,0.014446188621585306,0.0,177.79770365333334
37,17782,3.167447609726525,0.03358177303460874,0.36873791717254323,177.79770365333334,0.014446188621585306,3.167447609726525,177.79770365333334
37,10000,4.694197780529075,0.015472977331317644,0.3737464069377344,177.56595810866668,0.03052783487637611,4.694197780529075,177.56595810866668
37,3162,11.599887710103026,0.19515928670440838,0.36857157894572734,176.32680105249997,0.035057273843328234,11.599887710103026,176.32680105249997
37,1778,19.143248381945526,0.13551713846056332,0.3702743032244998,175.876616707,0.027933726378493326,19.143248381945526,175.876616707
37,316,99.1302384297314,0.02485410393492634,0.3746794071209965,179.91800653100003,0.05686246525994581,99.1302384297314,179.91800653100003
37,236,136.04041943524234,0.22701882916031244,0.37342252967675904,183.87159481666666,0.061309426052447075,136.04041943524234,183.87159481666666
37,177,183.2565552827937,0.10039118986597032,0.37178985688811744,189.693375306,0.12407156878878349,183.2565552827937,189.693375306
37,153,212.85440308796032,1.508815172011659,0.3706705466449128,195.30547131366666,0.4977558984933557,212.85440308796032,195.30547131366666
37,133,244.83489930706685,1.0799041044902131,0.3692979644449868,204.21967566599997,0.3021622487705035,244.83489930706685,204.21967566599997
37,123,261.5712407443878,0.1349303628189288,0.3684546260801364,211.395462963,0.13565041900755936,261.5712407443878,211.395462963
37,115,282.3951088115958,0.07287376854543563,0.37080555613752747,223.82816924199997,0.43309193055251916,282.3951088115958,223.82816924199997
37,107,301.55531350116195,0.19308943323759625,0.36846295788159455,241.404572881,0.24396193021940082,301.55531350116195,241.404572881
37,100,322.3626511760683,,0.3653561809299167,263.16708888433334,0.3514376984958577,322.3626511760683,263.16708888433334
37,68,447.59660421705144,,0.37466079436803534,548.7420596003334,2.483879701215403,447.59660421705144,548.7420596003334
37,66,448.7108873924303,0.45003985119121076,0.37468285230824244,553.5483832203333,2.0574153796275856,448.7108873924303,553.5483832203333
37,65,449.5205007598632,0.36646717079505403,0.3745488709406428,561.2786611516667,4.186376658533888,449.5205007598632,561.2786611516667
37,63,451.2175388412896,0.359280984915533,0.37471676152473415,579.237696861,1.2883144861459,451.2175388412896,579.237696861
37,60,452.50506400316607,0.052558476313245,0.37428143953154835,589.4962111133333,1.270220215750141,452.50506400316607,589.4962111133333
37,58,453.14263338922365,0.2167529820244655,0.37427866152289746,598.3647822383333,1.880667589655777,453.14263338922365,598.3647822383333
37,10,451.9986358042343,0.18196064955329583,0.36688014750872994,629.5832260756666,1.8607082822175747,451.9986358042343,629.5832260756666
41,1778,19.72608045257764,0.20771406437652734,0.41086364963435584,175.85249353133335,0.04782088327988795,19.72608045257764,175.85249353133335
41,562,57.92054276952016,0.08761426013031805,0.40671823873670526,176.79752687366667,0.05403718121929959,57.92054276952016,176.79752687366667
41,153,215.37810097266114,0.2824724841205449,0.41174768601436035,195.910451543,0.10286929306684615,215.37810097266114,195.910451543
41,133,248.20844044865316,0.17933046061651883,0.4091456467455261,205.83763462166667,0.2367237312247218,248.20844044865316,205.83763462166667
41,123,268.838973109701,0.4607321427267654,0.4069643708726409,215.6618614933333,0.17059075805814175,268.838973109701,215.6618614933333
41,115,287.8771583409171,,0.4075041628427625,229.49358281766663,0.5429415725272749,287.8771583409171,229.49358281766663
41,92,359.6215535767715,0.1947753700695114,0.41280681150327975,312.3917956876667,0.3250258175900185,359.6215535767715,312.3917956876667
41,88,375.9455049284821,0.252988809066964,0.40884821888695155,337.5122886446667,0.8193004098770791,375.9455049284821,337.5122886446667
41,83,397.1881126000215,0.13132659911217762,0.40655693241476015,374.45350334333335,1.0552563821200347,397.1881126000215,374.45350334333335
41,82,397.1329075735423,0.1237022178337792,0.40773225191963647,376.988705358,0.2603976687707091,397.1329075735423,376.988705358
41,41,455.6446395092402,0.23167193487543639,0.40541634129839,630.9277700943334,1.7472467187258456,455.6446395092402,630.9277700943334
41,31,455.5605765471846,0.2810014178871815,0.41182208837830253,633.7399304236667,2.07674707613029,455.5605765471846,633.7399304236667
41,17,456.76213763039624,,0.41471253362273586,636.4509797683334,1.3459164099083303,456.76213763039624,636.4509797683334
41,1,455.95279073686453,0.14283605136686425,0.41470630766437194,635.1850060423334,3.520839578371104,455.95279073686453,635.1850060423334
41,0,456.3927103593067,0.03943434077017714,0.4141805991877032,632.0832420603333,1.1396904890674118,456.3927103593067,632.0832420603333
42,10000,4.537647361589632,0.27218997324583366,0.418412349037341,177.59797647633334,0.050243077712387056,0.0,177.59797647633334
42,10000,4.537647361589632,0.27218997324583366,0.418412349037341,177.59797647633334,0.050243077712387056,4.537647361589632,177.59797647633334
42,3162,12.122698057387385,,0.41596151158282496,176.35230606266668,0.04633232066430742,12.122698057387385,176.35230606266668
42,1000,34.256710979279156,0.03496299888187529,0.4237194831503683,175.367613096,0.07249744651721268,34.256710979279156,175.367613096
42,421,76.92319632769174,0.033116009300001074,0.4242073692342874,178.14578356166666,0.09543919728155477,76.92319632769174,178.14578356166666
42,316,101.56398137635847,0.14442324617892294,0.4205015704623056,179.73340152233334,0.09206015439601752,101.56398137635847,179.73340152233334
42,273,118.28055234261423,0.05303330068944539,0.42156827990036855,181.51192583333332,0.03488151852676097,118.28055234261423,181.51192583333332
42,236,137.12816287445204,0.18395584350438207,0.42023366977945775,183.54832061866668,0.07673976742289489,137.12816287445204,183.54832061866668
42,204,158.54122431307547,0.06605475093673956,0.4180126080944589,185.88325987266668,0.03840980590065068,158.54122431307547,185.88325987266668
42,177,187.0588464423144,0.2719152570933104,0.4170175081782783,190.22956752033335,0.02911794672298637,187.0588464423144,190.22956752033335
42,100,332.57006914001613,0.1421550838997462,0.41980545295193433,276.0217857366667,0.5734777921638564,332.57006914001613,276.0217857366667
42,95,348.5835924092493,0.3105307865944711,0.417591647673807,295.75405745333336,0.3647537609907618,348.5835924092493,295.75405745333336
42,72,444.98397894887586,0.6296667947694903,0.4244798976706454,505.11168976899995,1.525089198718553,444.98397894887586,505.11168976899995
42,71,446.7491656401249,0.7144285874978894,0.42398951290598186,513.7733982033334,5.486324936126614,446.7491656401249,513.7733982033334
42,70,448.82459566671105,0.5560489192620102,0.42446414105571506,532.502104446,1.4970735839108573,448.82459566671105,532.502104446
42,68,451.75629487219413,0.14262408258845283,0.4238443035680241,556.2196865293333,1.7226239567048616,451.75629487219413,556.2196865293333
42,66,452.937373242594,0.5945950561260934,0.4235581174604026,559.4168185183333,2.8905688191877634,452.937373242594,559.4168185183333
42,65,453.27915404352075,0.006395122162411249,0.4234681141063411,569.1475933966667,2.8200517727963863,453.27915404352075,569.1475933966667
42,63,454.4977520896864,0.8956592501907554,0.42378059867363715,577.8594191713333,6.4787140489268324,454.4977520896864,577.8594191713333
42,58,457.0846882575495,0.05285654307632541,0.42334918125304094,599.5345041290001,2.594451643297691,457.0846882575495,599.5345041290001
42,55,457.06216028854215,0.3709077466202343,0.423689926148542,607.978018045,3.511534859216838,457.06216028854215,607.978018045
42,50,457.9307596644162,0.1906725797281936,0.4243562631426976,618.867911887,1.2490811260449646,457.9307596644162,618.867911887
42,10,456.20113878029144,0.17783528711428093,0.4157000707426418,635.8720141893333,1.6913901699988099,456.20113878029144,635.8720141893333
43,133,250.37484815930546,0.2831402884127412,0.4341595298654502,206.73880159033334,0.11025021289190437,250.37484815930546,206.73880159033334
43,123,268.9610727791316,0.3053508244007991,0.4301857868983565,215.39988228433333,0.23893239670702812,268.9610727791316,215.39988228433333
43,86,383.4603851178687,1.8003677018629773,0.4318771403829175,349.99029196400005,2.9549337694064484,383.4603851178687,349.99029196400005
43,82,400.9921295893045,2.0990679844402518,0.4274899735842504,380.4750001923333,4.152741242257447,400.9921295893045,380.4750001923333
43,80,410.00363857498854,1.185387220958535,0.42805248558001385,396.80146301733333,2.8511986727854612,410.00363857498854,396.80146301733333
43,79,411.6998253600943,1.6353979491847364,0.43018427145914595,403.279876133,4.680159759414265,411.6998253600943,403.279876133
43,77,424.3648515553336,2.7033641338314136,0.42701456311463565,429.40448537933327,8.01738714605714,424.3648515553336,429.40448537933327
43,76,428.632080197972,0.8169635966286534,0.42718052230753584,445.31118915266666,1.7342326210576888,428.632080197972,445.31118915266666
43,74,437.8886014050157,0.7003596748191648,0.42588643327451575,473.2308211106667,3.1915327062746077,437.8886014050157,473.2308211106667
43,47,457.68438121881854,0.17619901417241363,0.4256852029366555,626.8262680753334,1.6934374856221113,457.68438121881854,626.8262680753334
43,43,457.9293858947779,0.14662905525744316,0.4272103371454679,630.5542891403334,2.4928352404604626,457.9293858947779,630.5542891403334
43,41,457.5731106237324,0.19174821767378636,0.42854805469583407,633.1813183596668,0.06251638359368239,457.5731106237324,633.1813183596668
43,35,458.1885753812271,0.11595706358905203,0.4318473534493474,636.3747818406667,1.0890952961393745,458.1885753812271,636.3747818406667
43,31,457.5506147684655,0.10133806161976329,0.4345727689592218,640.0111198406667,3.117754198053487,457.5506147684655,640.0111198406667
43,26,458.430732275104,0.27529195940071904,0.4342410573492632,639.545635523,2.966853282847726,458.430732275104,639.545635523
44,10000,4.404985929223039,0.0098508016519523,0.4397299015770873,177.63586708133334,0.026400049361719472,0.0,177.63586708133334
44,10000,4.404985929223039,0.0098508016519523,0.4397299015770873,177.63586708133334,0.026400049361719472,4.404985929223039,177.63586708133334
44,3162,12.138047685859966,0.07424107549655995,0.4371655871327997,176.413257722,0.04751426629529803,12.138047685859966,176.413257722
44,316,102.24133243093117,0.005649537267712328,0.4439984071137286,179.34095750566667,0.08456021280979059,102.24133243093117,179.34095750566667
44,273,119.19295566187,0.07258949613243873,0.44408026834666015,181.25826166466666,0.09326077154802259,119.19295566187,181.25826166466666
44,236,138.8460767660205,0.06848800042185926,0.441973327416104,183.29359481466668,0.04366811036188992,138.8460767660205,183.29359481466668
44,177,188.6556331175576,0.19037447120747986,0.43932653236635383,190.05374386100002,0.07371541255966188,188.6556331175576,190.05374386100002
44,153,218.06361986252202,,0.4359307544475402,196.276324707,0.10319548549675574,218.06361986252202,196.276324707
44,100,329.1317639205514,2.2235494229253523,0.4423326553744232,269.585248187,2.434127072666959,329.1317639205514,269.585248187
44,95,347.56365247900385,0.9169084064283517,0.44187544916879107,293.218691803,0.7520745015938644,347.56365247900385,293.218691803
44,92,359.6618862965557,0.800670774145715,0.4394649547580192,311.14475785400003,1.2680577069736751,359.6618862965557,311.14475785400003
44,22,458.70221186925755,0.12868353096590637,0.43524994698654684,639.2113048169999,0.5713779931977873,458.70221186925755,639.2113048169999
44,17,458.6103632348279,0.1951260362199429,0.43675578352291905,641.979884895,3.952675821127909,458.6103632348279,641.979884895
44,10,458.09660316155674,0.08955523935901473,0.4376513711770145,642.464273105,1.2347357529376097,458.09660316155674,642.464273105
44,3,462.38092870674586,0.10547880108108097,0.4434067400865168,633.9025332206667,8.322848326818653,462.38092870674586,633.9025332206667
44,1,459.7445523103621,2.047587818019165,0.43890397886974075,636.2508618723333,11.9873090524089,459.7445523103621,636.2508618723333
44,0,460.01208190431913,2.0671826909699607,0.4395095492395193,629.4534932548333,15.805949123900005,460.01208190431913,629.4534932548333
46,10000,4.468321074840409,0.0281450480235589,0.45771561348166767,177.64562169399997,0.017087800760489474,4.468321074840409,177.64562169399997
46,273,119.73543519627705,0.31781480224818087,0.46392530834533424,181.35191427766665,0.028668906263845613,119.73543519627705,181.35191427766665
46,236,139.92595304114303,0.036653867225778056,0.4638867154728022,183.53325691033334,0.15080598851311813,139.92595304114303,183.53325691033334
46,204,160.82571304804645,0.210092894785374,0.46280164958898123,185.90385792933333,0.07286658461566527,160.82571304804645,185.90385792933333
46,177,191.33901126650952,0.08453016603129662,0.46024247916871736,190.74575532233334,0.1391570913287271,191.33901126650952,190.74575532233334
46,153,220.9911071297045,0.24512072620416514,0.45732700373823015,197.29612010833333,0.1718751064760872,220.9911071297045,197.29612010833333
46,133,252.56983553117635,0.06441952168367994,0.45595913224849466,208.01163998933336,0.050764300047883584,252.56983553117635,208.01163998933336
46,92,362.80563552456414,1.1130991790881277,0.46214703990452766,312.0721786116667,5.055136942050946,362.80563552456414,312.0721786116667
46,86,384.5425265261742,1.5265730708928642,0.4559911066866645,348.0501120536667,2.3376294553942127,384.5425265261742,348.0501120536667
46,32,460.4987522884023,0.14690320200904408,0.4556871108737104,643.957752669,0.47061817992139643,460.4987522884023,643.957752669
46,31,459.97362271003016,0.07293222398844404,0.4563270340129156,650.2333062756667,0.28424760550238204,459.97362271003016,650.2333062756667
46,29,460.6894822962267,0.010442005019207078,0.45761475202830426,645.0451141293333,2.4112749874482744,460.6894822962267,645.0451141293333
46,28,460.39322129603687,0.26634700445454734,0.45803688185817143,644.7217177956667,4.46245635555951,460.39322129603687,644.7217177956667
46,26,460.6386730663433,0.1504053480086566,0.4561600013956893,646.3683694596666,2.2813305594669915,460.6386730663433,646.3683694596666
46,22,460.60119967058364,0.09682917187410467,0.4569100512448893,650.040009495,0.650662096957907,460.60119967058364,650.040009495
46,17,460.4258907049841,0.20015712739768626,0.4592034065473234,654.2710707299999,0.5687664895109374,460.4258907049841,654.2710707299999
46,10,460.1158553332736,0.20355379197064902,0.4607506782717003,657.4522532203333,1.153977775522812,460.1158553332736,657.4522532203333
46,7,460.43107533485596,0.20452246182212566,0.46088014657372023,654.6532918859999,4.628645133380497,460.43107533485596,654.6532918859999
46,5,460.2259902487515,0.12985612787594794,0.46023076619727316,645.1351724106667,4.852894708902462,460.2259902487515,645.1351724106667
46,3,462.11783549886167,1.7604336043373665,0.4576054155827442,636.201922487,18.09632912416189,462.11783549886167,636.201922487
46,1,461.9162126421065,1.8927635868589099,0.4581273489732629,647.1487408455,6.077110560532891,461.9162126421065,647.1487408455
46,0,461.5751511758358,1.4355196800330638,0.4574622519630266,646.1502679593333,4.95184208424981,461.5751511758358,646.1502679593333
48,177,193.05881689614003,0.35696338444621456,0.48314928482187697,190.99940146533334,0.13000587483896286,193.05881689614003,190.99940146533334
48,153,223.00905424979248,0.16590177758326136,0.4792303793573776,197.70242073266664,0.0864028839339124,223.00905424979248,197.70242073266664
48,133,255.4094516143622,0.2320262306745121,0.4800782994747535,209.2836696203333,0.17683512462303025,255.4094516143622,209.2836696203333
48,115,292.75746587694175,2.1184899944448214,0.47580509005157906,233.08990720566666,1.359407297584999,292.75746587694175,233.08990720566666
48,92,370.7493522233688,0.1644244904743462,0.48319114847760325,323.96434073333336,1.4130727022963778,370.7493522233688,323.96434073333336
48,86,396.34695770789875,0.2097891783920674,0.47687503098850104,365.23291954866664,1.34067924032664,396.34695770789875,365.23291954866664
48,79,419.43809241663917,1.1246246010380698,0.4756587485230955,405.68949525833335,3.0487660454584415,419.43809241663917,405.68949525833335
48,41,462.0772389003807,,0.4751001355026551,647.0791862606667,1.9550477499144592,462.0772389003807,647.0791862606667
48,31,462.2707524264297,0.22706684556561835,0.47847034444531866,658.7042502416666,3.5906095447315636,462.2707524264297,658.7042502416666
48,10,462.35498602618435,0.26189475531808115,0.48255006654234683,663.8590765996667,5.891442970983149,462.35498602618435,663.8590765996667
48,5,464.6554611623504,,0.4784962875706366,688.170893112,1.0540151492575962,464.6554611623504,688.170893112
48,1,463.7691326426459,0.8844565005556718,0.47652357646978794,643.065446789,18.01945708656966,463.7691326426459,643.065446789
48,0,463.10846024003837,0.7617883904333446,0.4756824896674798,661.8127628513333,6.790009448570537,463.10846024003837,661.8127628513333
49,31622,2.165262762447455,0.04026701114760698,0.4910822065981245,177.80786890416667,0.03997388846397936,0.0,177.80786890416667
49,31622,2.165262762447455,0.04026701114760698,0.4910822065981245,177.80786890416667,0.03997388846397936,2.165262762447455,177.80786890416667
49,3162,12.314619994888627,0.14069851533581784,0.48863037712383106,176.46791385916666,0.031314862283964955,12.314619994888627,176.46791385916666
49,1778,20.311989204115633,0.1270562072967773,0.4916628345643573,175.84520905399998,0.025222705078855892,20.311989204115633,175.84520905399998
49,1000,34.682984594703065,0.328736691768801,0.48762322985473716,175.43104428566667,0.048340578762999194,34.682984594703065,175.43104428566667
49,562,60.58854140995476,0.01996216546517666,0.4865905136468706,176.591993137,0.034989291729407214,60.58854140995476,176.591993137
49,421,79.03374727573255,0.07596205104271934,0.4898527956790211,177.905825865,0.08214019424827691,79.03374727573255,177.905825865
49,316,104.13116267491085,0.07271277647987284,0.4874117032705185,179.35128672733333,0.06873876175797657,104.13116267491085,179.35128672733333
49,236,141.4169171848608,0.16847120232866944,0.48690407066615704,183.37333620033334,0.07071038852225371,141.4169171848608,183.37333620033334
49,107,319.06610729838593,0.1661701963266209,0.49197317924549927,257.3933805036666,0.2338731501894344,319.06610729838593,257.3933805036666
49,100,341.37355564781797,0.12033444803149625,0.4897973297597405,284.76191950599997,0.16720582907045703,341.37355564781797,284.76191950599997
49,95,359.0842037300483,0.2616163676609604,0.4858886761128946,305.79445025066667,0.8612275855822228,359.0842037300483,305.79445025066667
49,76,439.5659583556877,,0.4949270440070974,451.2613354673333,4.651917853403883,439.5659583556877,451.2613354673333
49,74,446.20459140275693,0.40674407926199163,0.49419565204116184,481.7886364183334,1.540190710677191,446.20459140275693,481.7886364183334
49,72,450.66054591334864,1.4612343659824873,0.49434526905643866,501.5432396356667,6.177150104469658,450.66054591334864,501.5432396356667
49,71,453.11646387925265,0.6737626460305155,0.49383787694075537,518.6365165063334,3.789037033072466,453.11646387925265,518.6365165063334
49,70,452.3247620777469,0.0872700609130244,0.49419201846627975,520.415328579,1.8030872161290412,452.3247620777469,520.415328579
49,68,456.33595621571357,0.3716915106178413,0.4934419388321493,549.1547480753334,2.8189968846621833,456.33595621571357,549.1547480753334
49,66,458.52805607962114,0.288706115451943,0.4932912113775114,565.9125488343333,6.732080184351289,458.52805607962114,565.9125488343333
49,65,458.91454773570905,0.07400806974474414,0.493605033404049,570.1651392130001,1.4593188996077537,458.91454773570905,570.1651392130001
49,63,461.3314188934455,0.16524102429166687,0.49315789451824443,588.960282593,1.6658798167663784,461.3314188934455,588.960282593
49,61,462.35987116896536,0.21009414037488025,0.49282837004407226,597.297255951,1.6506331493445319,462.35987116896536,597.297255951
49,60,461.96193816703516,0.33972952127331074,0.4936972082680111,600.2835022386666,4.782557355696307,461.96193816703516,600.2835022386666
49,58,461.8518346724065,0.6016761491338077,0.49403311508560616,612.6727693713333,3.6482940174571308,461.8518346724065,612.6727693713333
49,55,463.04177973716514,0.26972281940138626,0.49396373744795685,622.7727714883333,3.0883508513865716,463.04177973716514,622.7727714883333
50,177,193.92053443672555,0.09740696119111186,0.5022610325835933,190.86482641333336,0.13161197068848116,193.92053443672555,190.86482641333336
50,153,223.49896516082603,0.11888364811938389,0.502748481582761,197.76866239400002,0.09471301180151034,223.49896516082603,197.76866239400002
50,133,257.67849616738636,0.11223357907726413,0.4985685242827644,210.833994499,0.011960208130130935,257.67849616738636,210.833994499
50,123,278.843828852969,0.055326749653474096,0.4979129124552149,221.56997069833332,0.34446179172355307,278.843828852969,221.56997069833332
50,115,298.9875177683643,0.2041332549888575,0.4964418889444086,238.676429808,0.463878298695893,298.9875177683643,238.676429808
50,86,399.6152547520803,0.19542807559142006,0.49765491852178023,365.07535943700003,0.42803260757885525,399.6152547520803,365.07535943700003
50,82,414.12324461440517,0.2081787138685712,0.49741709670020123,391.505912897,0.5208046984619839,414.12324461440517,391.505912897
50,80,420.22197827083556,1.3385765980918836,0.49686296864310525,403.2359959423334,1.709271463381025,420.22197827083556,403.2359959423334
50,79,424.37460924999664,0.8044148504052576,0.4971687609062125,413.513465647,2.5988858943016147,424.37460924999664,413.513465647
50,77,434.7127063852686,1.4422444416037337,0.49587188341053373,437.91488774000004,5.233320228127307,434.7127063852686,437.91488774000004
50,47,463.68185750460316,0.23003737437485913,0.4957313707954216,644.0069960763334,1.164072358105727,463.68185750460316,644.0069960763334
50,41,463.8779837366717,0.28894920561346094,0.4978074065053159,655.7684365453333,0.5454350742557619,463.8779837366717,655.7684365453333
50,31,463.8594905264324,0.3198941316811003,0.5025216209989017,669.6421423346666,3.0574550874405926,463.8594905264324,669.6421423346666
50,22,464.917230705602,0.30736410399930797,0.5028682631994897,673.193920417,0.5081203520253516,464.917230705602,673.193920417
50,17,464.76218400763014,0.11625848218327013,0.503890369834781,680.2521222946666,0.6869364456402322,464.76218400763014,680.2521222946666
50,13,465.32814905556705,0.11257875585965613,0.5044733997906038,679.9068607443334,1.6962341757722361,465.32814905556705,679.9068607443334
50,10,464.754636673206,0.28899063359871907,0.5046512798994585,688.6863082466666,1.7417317242553294,464.754636673206,688.6863082466666
50,5,465.1613317352216,0.14414108957676053,0.49814156851514024,689.3062099596667,0.34649595095566416,465.1613317352216,689.3062099596667
51,31622,2.1272206908795424,0.016421693443801687,0.5100553329847192,177.76163610333333,0.010646103827361296,0.0,177.76163610333333
51,31622,2.1272206908795424,0.016421693443801687,0.5100553329847192,177.76163610333333,0.010646103827361296,2.1272206908795424,177.76163610333333
51,1778,20.199208578496645,0.15592411856884236,0.512279406565292,175.918539076,0.027624900868276025,20.199208578496645,175.918539076
51,1000,35.24795723174947,0.08665924255179497,0.5080652946572516,175.44575533966668,0.01811046881710151,35.24795723174947,175.44575533966668
51,749,46.683503729704995,0.06083294097586992,0.5097277677341436,175.7440772363333,0.17894048249940134,46.683503729704995,175.7440772363333
51,562,61.22844119388132,0.03242551569628503,0.5100230909636758,176.66335933166667,0.05134549332479109,61.22844119388132,176.66335933166667
51,421,79.78844460506888,0.10800348013532989,0.5107931527888656,177.87697649933332,0.07122816640039345,79.78844460506888,177.87697649933332
51,364,91.55752395577548,0.008385817813254147,0.5081494903843025,178.356218924,0.05938889934776514,91.55752395577548,178.356218924
51,316,105.26288306342919,0.038473419266152185,0.5074318403067293,179.3833303703333,0.029773487289981294,105.26288306342919,179.3833303703333
51,273,123.2587453895688,0.05388456692559865,0.5053554302709862,181.2920125536667,0.04643105601284895,123.2587453895688,181.2920125536667
51,236,142.42689280099952,0.17070296783473446,0.5081350726763978,183.36657685366666,0.03023591387425077,142.42689280099952,183.36657685366666
51,204,163.74007971306398,0.37567475250318183,0.5067358557815025,185.92286228,0.03507101354110166,163.74007971306398,185.92286228
51,100,345.21384951510754,0.24420346436211088,0.5128506212027771,288.1226147753334,0.38752993520706136,345.21384951510754,288.1226147753334
51,95,362.65108607428607,0.4335954362257736,0.5069791208092586,307.39364111366666,0.35599578763244266,362.65108607428607,307.39364111366666
51,92,373.26527596403565,,0.5053930097414874,323.34454542533337,0.2890378332573267,373.26527596403565,323.34454542533337
51,3,465.917416858996,,0.5137547671499446,627.3656235856666,14.76620798798169,465.917416858996,627.3656235856666
52,31622,2.0865360116758502,0.016146551565889258,0.5197134456198936,177.77980533483333,0.03112003347141664,2.0865360116758502,177.77980533483333
52,10000,4.594712039973479,0.025087608903354278,0.5203122112477261,177.71626090100003,0.046106168808421034,4.594712039973479,177.71626090100003
52,3162,12.39078971370518,0.0003251871202349111,0.5171411434235784,176.49561942933335,0.0702561312607312,12.39078971370518,176.49561942933335
52,177,195.69891129769297,0.35448473776848294,0.5239654142381206,191.11133080166667,0.12426508369710858,195.69891129769297,191.11133080166667
52,153,226.0991628039127,0.3201715466386765,0.5232005813349841,198.52256788133332,0.13265207646619548,226.0991628039127,198.52256788133332
52,133,260.8062366896083,0.10783907723759253,0.5191505211328092,211.92140560433336,0.1559895523954973,260.8062366896083,211.92140560433336
52,123,279.0802746136433,0.0859332852994732,0.5206564734726252,221.78144921599997,0.132468536583496,279.0802746136433,221.78144921599997
52,115,302.07655383961,0.06575219374010283,0.5185430740102137,242.0374555663333,0.415062764634811,302.07655383961,242.0374555663333
52,86,396.0356502114755,0.9847336089113701,0.5217924451249917,358.054381095,0.8678286339549768,396.0356502114755,358.054381095
52,82,413.29364396883585,2.837603717485551,0.5198001021028901,384.3546434316667,5.2623999358964495,413.29364396883585,384.3546434316667
52,80,423.2748096929267,2.269334242252674,0.5203830269149151,403.52102295733334,5.392404880360739,423.2748096929267,403.52102295733334
52,79,423.58588829457057,2.4810134721354222,0.5204282896259337,406.1105568323333,5.611026532520064,423.58588829457057,406.1105568323333
52,77,436.01180568808337,1.322307778366448,0.518852893640525,433.307174904,4.303887442914475,436.01180568808337,433.307174904
52,76,439.2382997017908,3.7406196936576066,0.5180865561265808,446.16867821233336,9.193081598574105,439.2382997017908,446.16867821233336
52,74,446.8124941000587,1.5548536680260707,0.5171707207856522,475.0053025586667,7.411851307978268,446.8124941000587,475.0053025586667
52,72,453.3728870228656,0.8542812271800917,0.5166325839973579,504.51942990699996,0.8667081295113016,453.3728870228656,504.51942990699996
52,71,454.9301626394876,0.49253245156338155,0.5168046156947838,513.1077281409999,4.113634593299026,454.9301626394876,513.1077281409999
52,70,456.8798098303179,0.27296661729868854,0.5163378340244965,533.790642218,1.8396773688381116,456.8798098303179,533.790642218
52,68,458.80067113821514,0.2244149611487322,0.5168616466812174,555.4803869183334,4.677559800780015,458.80067113821514,555.4803869183334
52,65,461.2644117896541,0.18919843105822115,0.5166321894986243,575.8522516563334,0.6556338306892641,461.2644117896541,575.8522516563334
52,63,461.7882805219492,0.19010559562078092,0.5169091655443293,588.4887269879999,2.3788815855634438,461.7882805219492,588.4887269879999
52,58,463.92034640638667,0.12312873714168034,0.5174587294127536,612.7794917913334,1.3576144627600886,463.92034640638667,612.7794917913334
52,55,463.9100466339975,0.08175456054409574,0.5179582668744622,623.7966611533334,1.5074663522283902,463.9100466339975,623.7966611533334
52,50,464.60881863498054,0.06753223934675848,0.51945486202482,636.591890263,1.1480927420100533,464.60881863498054,636.591890263
52,47,464.02077801533915,0.07823729602677505,0.5205663721960209,644.848050174,1.9491742832923995,464.02077801533915,644.848050174
52,43,464.7378622783895,0.09625126748815786,0.521201731153903,645.4426734873333,1.232246180137561,464.7378622783895,645.4426734873333
52,41,464.5074713846795,0.13640288020794977,0.5215393279993129,649.6673032263333,0.12573363111551,464.5074713846795,649.6673032263333
52,37,464.89917047880726,0.13637381003546925,0.5223618592762912,649.3403619393333,0.7016105661683679,464.89917047880726,649.3403619393333
52,35,464.95384750480997,0.18947164196021704,0.5228379486988551,651.4732291263333,0.44808537388488817,464.95384750480997,651.4732291263333
52,31,464.4929113561043,0.12355789785440068,0.5246035512553768,656.718361634,0.24378783819702649,464.4929113561043,656.718361634
52,7,466.2772902732215,0.19467786858202243,0.5239199738682919,671.1507804526667,0.6343205921353205,466.2772902732215,671.1507804526667
52,5,466.17785288764026,0.1264562487950738,0.5199912660858872,667.26928495,2.721946471542724,466.17785288764026,667.26928495
53,31622,2.0903137277161297,0.0229130112620787,0.5317083248802505,177.72238305733333,0.030102067076138824,0.0,177.72238305733333
53,31622,2.0903137277161297,0.0229130112620787,0.5317083248802505,177.72238305733333,0.030102067076138824,2.0903137277161297,177.72238305733333
53,3162,12.304190858708784,0.07315600908676397,0.5276981556372988,176.54395018333332,0.04681904630258558,12.304190858708784,176.54395018333332
53,1000,35.24645183487736,0.2861571680951762,0.5274770818947837,175.454745233,0.011939029669134108,35.24645183487736,175.454745233
53,749,47.15219589382689,0.08120916709800893,0.5292774317836263,175.700487046,0.05612264854299707,47.15219589382689,175.700487046
53,562,61.941861432416566,0.06345168160950852,0.5303458355753695,176.59793081466668,0.05153517229799699,61.941861432416566,176.59793081466668
53,421,80.5173385182562,0.052860769648122724,0.5312326030069269,177.86061165766668,0.0698235138971432,80.5173385182562,177.86061165766668
53,316,106.33236199178815,0.07313501113838514,0.5292382053594045,179.246686878,0.03319723293549469,106.33236199178815,179.246686878
53,273,124.072104772764,0.12898848852581923,0.5270664559950851,181.07273909933335,0.07298493144380634,124.072104772764,181.07273909933335
53,236,144.00033044211617,0.0844168244541787,0.5277455804996146,183.29522669433334,0.039109466625448626,144.00033044211617,183.29522669433334
53,204,165.35985981811808,0.009762258841413789,0.5264513970301334,185.95349581733333,0.013304060889607752,165.35985981811808,185.95349581733333
53,100,339.7716896278007,1.8408939869271819,0.530788696370358,280.277059102,3.1009940987937683,339.7716896278007,280.277059102
53,95,357.2156890805238,0.7736872775273143,0.5312556485904414,299.8005788333333,1.2457118401039207,357.2156890805238,299.8005788333333
53,92,369.292573439415,1.925356061876698,0.5276680753480708,315.76777676066666,1.9240821661736904,369.292573439415,315.76777676066666
53,26,465.69324376367166,0.06616942285023078,0.525378332912274,656.790185598,0.17020445118062483,465.69324376367166,656.790185598
53,22,465.62008701189507,0.147883982082725,0.5254896592438131,657.913372623,0.6761555179685426,465.62008701189507,657.913372623
53,17,465.7956984614677,0.11726642138271719,0.5256436783993429,661.4983360863333,0.7910455274302912,465.7956984614677,661.4983360863333
53,10,465.49639733400016,0.16592974548025669,0.5259413125505685,669.5275860786666,1.6593820534561599,465.49639733400016,669.5275860786666
53,8,466.510148964026,0.11633505970946928,0.5253330634774472,667.3270375676667,0.6033184421533719,466.510148964026,667.3270375676667
54,153,228.79335555322905,,0.5422372359989062,198.91031715466667,0.19427413868375376,228.79335555322905,198.91031715466667
54,84,413.68423712083,0.26836971424983,0.5446906512694909,381.39720632333336,0.2950741094167045,413.68423712083,381.39720632333336
54,83,418.2457169951674,0.07737870234823145,0.5436525564308802,391.23642377000004,0.6025717055878018,418.2457169951674,391.23642377000004
54,82,417.27841454601503,0.465308298716159,0.5439047135119269,389.6958711996667,0.5755845430958234,417.27841454601503,389.6958711996667
54,80,423.8120926625104,0.6983391741308663,0.5422553895464765,402.93303111033333,0.9986572300168851,423.8120926625104,402.93303111033333
54,79,433.0445705525414,0.60659165995131,0.5412706493579145,423.27858597466667,2.3496849448842334,433.0445705525414,423.27858597466667
54,77,440.06830523599865,0.8763734560139674,0.541440240479557,444.5599290546666,4.289176519517241,440.06830523599865,444.5599290546666
54,76,442.12818679518324,0.6464610436093623,0.5413943135269924,447.79705617766666,3.392371739249374,442.12818679518324,447.79705617766666
54,74,450.26316813861655,0.24449670535238355,0.5398879158222366,479.94621735000004,3.8759011456786934,450.26316813861655,479.94621735000004
54,72,454.9584919762962,0.846638286685739,0.5392641069098367,501.27411895533334,3.5889722453876907,454.9584919762962,501.27411895533334
54,71,456.5985229484736,0.7991867936353534,0.5392577620478602,513.8751393326667,3.4707051508239823,456.5985229484736,513.8751393326667
54,70,457.93674488081274,0.4023610831884032,0.5390360685526344,525.7691912693333,2.7904710829563744,457.93674488081274,525.7691912693333
54,68,459.543324918309,0.11372515207601676,0.5388232409098457,548.2405143436666,3.8165589444634547,459.543324918309,548.2405143436666
54,66,461.74419402643434,0.2054968811445402,0.5387664042666803,556.3571473013334,2.974824939585989,461.74419402643434,556.3571473013334
54,65,461.92608606145376,0.10836884623773009,0.5387204438597878,566.9025431453333,1.2496867379272454,461.92608606145376,566.9025431453333
54,63,462.6607894379763,0.28004850143834736,0.5394012181821758,581.3619111443334,2.9211682137294375,462.6607894379763,581.3619111443334
54,60,464.0732751140184,0.14022778149778317,0.5394023402234803,593.2793084366666,2.0081950038064984,464.0732751140184,593.2793084366666
54,58,464.1624879673794,0.20171476409640016,0.5400406657389049,602.2259181456667,2.070595396255629,464.1624879673794,602.2259181456667
54,55,464.431038844609,0.13790353086542692,0.5406047218377025,613.592214498,0.5064574663721362,464.431038844609,613.592214498
54,50,464.8948630567691,0.12830884863172518,0.541501190384125,621.9515189183334,1.059595998414352,464.8948630567691,621.9515189183334
54,47,464.5297561937346,0.17089247597850665,0.5421478895297781,627.1362339193333,1.0857874649444046,464.5297561937346,627.1362339193333
54,41,465.0611270111645,0.05418930353205343,0.5433372689577777,628.131279153,0.48207960006704287,465.0611270111645,628.131279153
54,7,467.39367401676736,0.1463256923805669,0.5435341913456978,649.7174218443333,0.3492731614816541,467.39367401676736,649.7174218443333
54,5,467.5654302127372,0.16171253314235914,0.5402837412301277,641.5519179396666,1.1025095258969866,467.5654302127372,641.5519179396666
54,3,467.6699180030943,0.14637314149828262,0.5400356184110745,640.776861787,1.2094581962042916,467.6699180030943,640.776861787
54,1,466.77706830423546,0.28833469650694415,0.5381084772769464,643.992333876,2.4516806628229983,466.77706830423546,643.992333876
54,0,467.20773674558245,0.24386850786603195,0.5372492468974396,643.4273451516666,1.1176622757910057,467.20773674558245,643.4273451516666
55,56233,1.4204383522735404,,0.5495203387934828,176.86644204766665,0.057246896095236956,0.0,176.86644204766665
55,56233,1.4204383522735404,,0.5495203387934828,176.86644204766665,0.057246896095236956,1.4204383522735404,176.86644204766665
55,31622,2.071231959045102,0.00949035625237657,0.5489833930843906,177.60813443099997,0.043257489969298624,2.071231959045102,177.60813443099997
55,10000,4.956854529863404,,0.54912879828155,177.704839925,0.052432595704880784,4.956854529863404,177.704839925
55,3162,12.150924006125038,0.13457201177261507,0.5532196371471211,176.627883547,0.03758346962665443,12.150924006125038,176.627883547
55,1778,20.65573500315483,0.06313385086320059,0.5504256436671334,175.855318842,0.05042339507273013,20.65573500315483,175.855318842
55,562,62.55435971332495,0.18704828464804257,0.5504302159262623,176.67733473866667,0.022428637919712023,62.55435971332495,176.67733473866667
55,421,81.20642091645409,0.03664086152729525,0.5526485121703986,177.70431214566668,0.05399151766859413,81.20642091645409,177.70431214566668
55,316,106.59917354742889,0.077197467378505,0.5507655251309286,179.14222098033335,0.08700956349393017,106.59917354742889,179.14222098033335
55,236,145.48009332491986,0.09218484473524423,0.5487263346913328,183.26253501166664,0.02566706808672308,145.48009332491986,183.26253501166664
55,177,197.9587446940746,,0.5454948174465188,191.52430152266666,0.09716454649298215,197.9587446940746,191.52430152266666
55,92,379.4609241410294,0.21677133427905704,0.5534880351088938,327.852637728,0.5577160077393738,379.4609241410294,327.852637728
55,86,404.6072391794442,0.06136515493213291,0.5471264916178235,368.1011125743333,0.5366476519420073,404.6072391794442,368.1011125743333
55,31,465.54864050924226,0.1195811542609519,0.5457887756696936,632.2032962706667,0.6638213568244614,465.54864050924226,632.2032962706667
55,10,466.60884630087384,0.08801750320659688,0.5468056670521267,646.0278327166667,0.8519830067099574,466.60884630087384,646.0278327166667
56,56233,1.3788077129530802,0.012353753918312475,0.5576778333702375,176.79891395766666,0.04508172215973258,0.0,176.79891395766666
56,56233,1.3788077129530802,0.012353753918312475,0.5576778333702375,176.79891395766666,0.04508172215973258,1.3788077129530802,176.79891395766666
56,10000,4.629411327015535,0.016144494748676377,0.5593091853433917,177.82593750033334,0.09285355212925342,4.629411327015535,177.82593750033334
56,3162,12.251173980566024,0.04746155696301501,0.5583538696943877,176.654368309,0.06555301334695857,12.251173980566024,176.654368309
56,1778,21.199227473611653,,0.5643605277175292,175.98979038233333,0.014311482374482572,21.199227473611653,175.98979038233333
56,1000,36.06940040584313,,0.5639488418550999,175.46633269400002,0.14127999999056123,36.06940040584313,175.46633269400002
56,236,146.43670522492846,0.09740499103975589,0.5560331155394911,183.196654127,0.07039717129429916,146.43670522492846,183.196654127
56,133,265.1334629477964,0.12233226924898609,0.5638463410847816,213.898214767,0.1444419102684282,265.1334629477964,213.898214767
56,123,286.5253051509285,0.5305303773006422,0.5633782724521567,226.57411879999998,0.16695742936894387,286.5253051509285,226.57411879999998
56,107,328.2250379446927,0.10361544522239119,0.5636868039230164,264.46569024633334,0.3670764427875899,328.2250379446927,264.46569024633334
56,100,350.3423115120022,0.2186928328240928,0.5598497963805488,290.91596148733333,0.24925350006014815,350.3423115120022,290.91596148733333
56,79,435.5020781118364,1.5078846528603567,0.5626739222280284,422.407152235,2.147030199242374,435.5020781118364,422.407152235
56,74,450.22276604245894,1.635577319207586,0.560683451117015,475.988184728,8.993710863013916,450.22276604245894,475.988184728
56,70,457.1614984040757,0.12227481520355543,0.5597228713841987,510.5945652493333,3.954794594843784,457.1614984040757,510.5945652493333
56,68,459.12883497543424,0.1128369547708335,0.5590878681188273,533.2706462393334,3.952063585886927,459.12883497543424,533.2706462393334
56,66,461.3665727887319,0.9221319438724388,0.5589888333414527,546.1957485873334,1.099295926561466,461.3665727887319,546.1957485873334
56,65,462.1204197491791,0.5184321856960205,0.5584003529026917,552.2329882813333,1.4346020042944079,462.1204197491791,552.2329882813333
56,63,462.93009334842003,0.7046419049868639,0.5589126431849523,563.9569574196667,1.2126546716009157,462.93009334842003,563.9569574196667
56,58,465.3090955356594,0.14362631466225534,0.5598278832643925,585.6770055506666,0.21919744637601749,465.3090955356594,585.6770055506666
56,55,465.46878211265926,0.11423272309178727,0.5615525526501219,595.7951861676667,1.2000931337645333,465.46878211265926,595.7951861676667
56,52,466.0749834675259,0.18047393967010633,0.5616006680613107,599.3577484786666,0.44623499639333286,466.0749834675259,599.3577484786666
56,50,465.99220876356986,0.09366133166164323,0.5624273740759077,601.8976787566667,0.752019893782275,465.99220876356986,601.8976787566667
56,47,465.7851897245,0.05867140948393395,0.5629727490100419,605.671926827,0.37484001378223186,465.7851897245,605.671926827
56,41,466.18532756647164,0.11381041310759375,0.5641895381976404,605.6935349276667,0.9359864101383489,466.18532756647164,605.6935349276667
56,7,468.67278374121173,0.09692985434620935,0.5622590617279908,625.532136577,0.012854678518950247,468.67278374121173,625.532136577
56,5,467.6893859338277,0.3401158975136907,0.5589847096305918,614.8739368576666,0.34483132193687066,467.6893859338277,614.8739368576666
56,3,467.8977764673082,0.3736178551206423,0.5605757312674368,612.1195129543333,1.558977770938865,467.8977764673082,612.1195129543333
56,1,467.5812143984519,0.4840023187480172,0.5609115296614852,615.507896472,3.0978181201606505,467.5812143984519,615.507896472
56,0,468.0729602378499,0.2175120655325382,0.5604083387613065,612.2704120533333,0.4976636943943965,468.0729602378499,612.2704120533333
57,56233,1.3393282417501917,,0.5731977631162565,176.65599751,0.09053351323659992,0.0,176.65599751
57,56233,1.3393282417501917,,0.5731977631162565,176.65599751,0.09053351323659992,1.3393282417501917,176.65599751
57,10000,4.526573626157444,0.008023588314854248,0.5666896065186237,177.78955164133333,0.019053679791972786,4.526573626157444,177.78955164133333
57,562,63.022512598239494,0.045114421827045434,0.5704432145254188,176.6208565863333,0.02236237231080283,63.022512598239494,176.6208565863333
57,421,81.74057620839044,0.11814408314143457,0.5738532162178306,177.71933685033332,0.039080680506480225,81.74057620839044,177.71933685033332
57,316,108.04296377586324,0.04809042575317558,0.56895577691947,179.11705458100002,0.0185356320519085,108.04296377586324,179.11705458100002
57,273,125.82495438818417,0.035062568099642435,0.5679816841059497,181.050191668,0.13141587546064676,125.82495438818417,181.050191668
57,204,168.62048214165867,0.017484474603393977,0.5666943725965771,186.15312848899998,0.047306190516956004,168.62048214165867,186.15312848899998
57,177,199.94753715305706,0.3855067142259308,0.5664732948721326,191.65581250766664,0.053755550320744715,199.94753715305706,191.65581250766664
57,153,230.00673017766965,0.45730312323548195,0.565498485709994,199.373758211,0.10694353415361581,230.00673017766965,199.373758211
57,115,307.015484359839,0.020828923607390182,0.5656380341676268,245.10281174966667,0.20131655077193095,307.015484359839,245.10281174966667
57,93,373.18904108443564,0.814196439483698,0.5744468714022211,315.20557604466666,1.7427705764997627,373.18904108443564,315.20557604466666
57,92,377.743557684928,2.5793156568842353,0.5702759561328715,324.42270616766666,2.6803519726282774,377.743557684928,324.42270616766666
57,89,386.58408944125114,2.0069075409941735,0.5734305664117242,333.72951352766665,3.25314916621877,386.58408944125114,333.72951352766665
57,88,392.8171139639766,1.3585730169008907,0.5712895560804266,342.97333635133333,2.094900223068928,392.8171139639766,342.97333635133333
57,86,404.50930956083204,1.4320080838841054,0.5681671875490438,363.3974258256667,2.1248294973702073,404.50930956083204,363.3974258256667
57,82,421.565607681903,1.5780812954508787,0.565738993431017,389.254092394,3.0388050350972566,421.565607681903,389.254092394
57,31,466.545443821306,0.09041927683996524,0.5659360930166265,611.478237153,0.6737310359097075,466.545443821306,611.478237153
57,17,467.72069169472434,0.12025077323019516,0.566726835227938,613.8829297956667,0.2406032810191801,467.72069169472434,613.8829297956667
57,10,467.7503648512568,0.08792189267376,0.566627125211696,622.7462701796667,1.1938230547896096,467.7503648512568,622.7462701796667
58,153,232.44730443513336,0.26879897454448476,0.5822857871433088,199.90896828433333,0.1129928782498718,232.44730443513336,199.90896828433333
58,123,287.6842839734076,0.35041960181131676,0.5842249492111777,226.86801305166668,0.3856354687543307,287.6842839734076,226.86801305166668
58,110,316.64260507323326,2.2451000365256215,0.5849627788868313,251.713104914,1.510174716629378,316.64260507323326,251.713104914
58,107,324.24192503563177,1.996953415518513,0.5843664132481375,258.849927233,2.088569999151232,324.24192503563177,258.849927233
58,103,338.4214949202249,3.178351734711383,0.5826412443345063,273.4927992286667,3.286629277211615,338.4214949202249,273.4927992286667
58,100,349.9604129157737,1.3208953120954017,0.5807247683519654,289.5938082986667,1.8475319709649316,349.9604129157737,289.5938082986667
58,97,360.06707903712385,2.5355734100389076,0.5782683952069066,299.10639919066665,2.74884887976368,360.06707903712385,299.10639919066665
58,95,363.85915700450204,2.4752937684363827,0.576704160359344,304.23514554266666,2.4607855422668754,363.85915700450204,304.23514554266666
58,90,384.0567489411724,0.5485844715975827,0.5751527181273249,330.34135473733335,1.3395110714317886,384.0567489411724,330.34135473733335
58,5,468.0914383710981,0.39658857657747654,0.5828038517431354,587.2456400413333,1.275493034630166,468.0914383710981,587.2456400413333
58,3,468.2920309145942,0.09420629688866573,0.5838267119588214,584.7836208856667,0.5055808935687096,468.2920309145942,584.7836208856667
58,1,467.68520165694173,,0.5826326324942716,587.0155679546666,1.461215053268639,467.68520165694173,587.0155679546666
58,0,468.70352524157994,0.044590814791843486,0.5839340694535092,584.3700623203333,1.5746294670768353,468.70352524157994,584.3700623203333
59,31622,1.9299329631826687,0.006712154686706855,0.5858186845827833,177.56442510033332,0.028544471591850137,0.0,177.56442510033332
59,31622,1.9299329631826687,0.006712154686706855,0.5858186845827833,177.56442510033332,0.028544471591850137,1.9299329631826687,177.56442510033332
59,10000,4.5588790530637135,0.08481336174764939,0.588629326593138,177.7609520676667,0.026982331628329394,4.5588790530637135,177.7609520676667
59,3162,11.843680118159426,0.12183878272740127,0.5924886298303823,176.72880942799998,0.039626122050655334,11.843680118159426,176.72880942799998
59,562,63.5898491970752,0.040934915010009024,0.5897938907925009,176.60056403266665,0.008722465180756943,63.5898491970752,176.60056403266665
59,421,82.46715622320407,0.06537308535884363,0.5941782479015251,177.716559639,0.1034555662651095,82.46715622320407,177.716559639
59,316,108.74312710496478,0.07251157056203036,0.5891919280169948,178.99053619833333,0.0832581107961067,108.74312710496478,178.99053619833333
59,236,148.1876150175247,0.08757244985757417,0.5858766985218756,183.21804816899999,0.06298767068116226,148.1876150175247,183.21804816899999
59,177,201.53830928007417,0.2220253190688363,0.5857436377413898,191.83276347233334,0.0659156948915666,201.53830928007417,191.83276347233334
59,133,266.9772188402439,,0.5852711456033769,214.67026879133334,0.14816022178498744,266.9772188402439,214.67026879133334
59,115,306.3429723792461,0.5017227416702781,0.5860342537531776,244.42805394033334,0.551101212933503,306.3429723792461,244.42805394033334
59,83,409.6789941452862,1.837737018018056,0.5937490245230516,365.2953106003333,2.0700644414255436,409.6789941452862,365.2953106003333
59,82,412.902523218563,1.0663652565684334,0.5928222782489877,370.6390618146667,2.496062202862631,412.902523218563,370.6390618146667
59,80,421.9933647015717,0.3023909934390297,0.5913854584163998,386.71571184699997,0.4212977227590374,421.9933647015717,386.71571184699997
59,79,428.670161654396,0.21990892177699276,0.5894698925684824,399.81797887199997,0.5318190764032664,428.670161654396,399.81797887199997
59,77,434.1031292767797,0.472832389866938,0.5916911179541855,410.4913839896667,0.9979053948200468,434.1031292767797,410.4913839896667
59,76,442.0368387642455,1.0479757100077731,0.5905619109512452,432.3857026,4.172907949858956,442.0368387642455,432.3857026
59,74,450.35051432688687,0.7296573029473816,0.588590507822187,455.54096868466667,1.9596476459830943,450.35051432688687,455.54096868466667
59,71,457.21057104551056,1.0874316671326603,0.5877478931854752,485.600169845,7.437875673514459,457.21057104551056,485.600169845
59,70,458.5822959006773,0.3163904070649686,0.587449713589236,494.39146444533327,3.516658054788709,458.5822959006773,494.39146444533327
59,68,460.6993429031675,0.28581012219884416,0.5873729087066104,514.6605178473334,3.2140063193058257,460.6993429031675,514.6605178473334
59,66,462.8880551590501,0.3539107938925813,0.5874075934506217,527.6097928196667,0.5006349065473401,462.8880551590501,527.6097928196667
59,65,463.07396926218644,0.10042903360153972,0.5872598162714721,532.7712846333334,2.0935107170206497,463.07396926218644,532.7712846333334
59,63,464.085933988237,0.10121111848899125,0.587460189712771,546.7469351293333,1.4711663521917244,464.085933988237,546.7469351293333
59,60,465.412662712869,0.3342388986382192,0.5879770507293901,558.972991209,1.3969667372543197,465.412662712869,558.972991209
59,58,465.77934224099755,0.10216589330999244,0.5882750148704402,567.3066127393333,0.5024890688857689,465.77934224099755,567.3066127393333
59,55,465.8675069642663,0.22298812862364742,0.5887079477270797,571.6888224076666,0.07103073443584466,465.8675069642663,571.6888224076666
59,47,466.1052250619275,0.10036984165979047,0.5898788574910492,577.4696407716666,0.9169083167147002,466.1052250619275,577.4696407716666
59,41,466.5929187609135,0.13242609340453804,0.5905261868531769,578.2669177593333,0.28377442806818853,466.5929187609135,578.2669177593333
59,31,467.18471659458015,0.13147619226220578,0.5925712446911752,582.9911254543333,1.185949598515158,467.18471659458015,582.9911254543333
59,17,468.32384707328487,0.20409491443129912,0.5923537963822052,585.5520260743333,0.09891913062154292,468.32384707328487,585.5520260743333
59,10,468.5288110841509,0.10116291784692738,0.5918711787684429,593.9567282486668,1.1176796958317108,468.5288110841509,593.9567282486668
59,7,469.53482396407856,,0.5866020040137673,602.213433293,4.644903162617489,469.53482396407856,602.213433293
61,100000,0.7394646519194357,0.009170370496297634,0.6097665866423495,177.24993954433333,1.0758555259231564,0.0,177.24993954433333
61,100000,0.7394646519194357,0.009170370496297634,0.6097665866423495,177.24993954433333,1.0758555259231564,0.7394646519194357,177.24993954433333
61,31622,1.9870288222984338,0.009401927279152827,0.6063533545821076,177.55305471933335,0.04782740080249278,1.9870288222984338,177.55305471933335
61,5623,6.936531693280846,0.16407318037896618,0.611598307012432,177.47360794300002,0.04197764692239738,6.936531693280846,177.47360794300002
61,1000,35.88321204997647,0.16743390776939374,0.6132892189963414,175.397459618,0.055696705771871136,35.88321204997647,175.397459618
61,273,126.1929365782411,0.08960357774192053,0.6148619732234354,180.51898566066666,0.1933110922202051,126.1929365782411,180.51898566066666
61,177,200.2204726368158,0.13384688736159564,0.6136863676536222,191.408013033,0.10648233704552605,200.2204726368158,191.408013033
61,153,230.34122668204608,0.23222631642844843,0.6131743481598461,199.20333094166665,0.11948505306768176,230.34122668204608,199.20333094166665
61,133,264.23982318755435,0.35942381507449583,0.6131471935772924,212.8525856053333,0.10072765680724594,264.23982318755435,212.8525856053333
61,123,284.8243868131361,0.20111991547369137,0.6115208177487828,224.91320550733334,0.05675531425790908,284.8243868131361,224.91320550733334
61,115,301.76345346524766,1.6454328692067615,0.613285563195422,239.04216813866665,1.4297221229641426,301.76345346524766,239.04216813866665
61,107,323.2953451242092,1.7717840977636519,0.6112675605545713,257.2991003156667,1.9890773041858627,323.2953451242092,257.2991003156667
61,100,342.3547671869998,3.2654915666780333,0.6088570465706921,278.033777328,2.992151925354232,342.3547671869998,278.033777328
61,68,460.04614796405093,0.3229855428742348,0.6147569508776042,490.2097719646667,0.9699636132920681,460.04614796405093,490.2097719646667
61,65,463.240983389539,0.36428171533981313,0.6143149175424322,513.1808517243334,1.4552564207420269,463.240983389539,513.1808517243334
61,63,464.5066209124973,0.3352554580769236,0.6145357016265189,523.981902808,1.6729392886767862,464.5066209124973,523.981902808
61,8,469.8444344672385,0.05974947713326075,0.6138646728302466,566.9168584113334,0.862398545265243,469.8444344672385,566.9168584113334
61,5,468.29750631170003,,0.6050844403198883,561.6151112753333,1.481581401398558,468.29750631170003,561.6151112753333
61,3,468.74058595412254,0.2371361689844554,0.6084596321523787,557.508085413,0.14956035250358415,468.74058595412254,557.508085413
61,1,468.43197616657636,0.20610671131590588,0.6083950170738252,558.5486201513334,1.978385417952485,468.43197616657636,558.5486201513334
61,0,468.9805052506387,0.3819314606462174,0.6087291758028822,555.6122224146667,3.1037083718227167,468.9805052506387,555.6122224146667
64,316227,0.23602304520087772,0.00459885759131274,0.6386788936716582,174.81466540866668,0.027742069194024558,0.23602304520087772,174.81466540866668
64,177827,0.40050400595610186,0.005247556576882914,0.6400963822477682,174.15317801333333,0.07958973246421115,0.40050400595610186,174.15317801333333
64,100000,0.6979152933203515,0.0036459088947030974,0.6386203384903213,175.87440089066664,0.07063309101196648,0.6979152933203515,175.87440089066664
64,31622,1.9533607875508368,0.03570606165626816,0.6393937219655909,177.370298707,0.036473558859281205,1.9533607875508368,177.370298707
64,204,167.72798197682678,0.17758922314841502,0.6443432370944561,185.04177295399998,0.0654252419659423,167.72798197682678,185.04177295399998
64,177,198.4801769242554,0.1729472422441523,0.642678782789517,190.59118396,0.10648134562440238,198.4801769242554,190.59118396
64,153,229.06894742744453,0.19585363897324537,0.642559230206592,198.52903804733333,0.021807200046711397,229.06894742744453,198.52903804733333
64,133,262.17450368895993,0.3107268190707407,0.6424354780914863,211.48618749566666,0.16765343117778198,262.17450368895993,211.48618749566666
64,123,283.41063003694086,0.11973956710888556,0.6415799367852396,223.83459183133334,0.2768259186409875,283.41063003694086,223.83459183133334
64,115,297.37722875662774,1.33707896973696,0.6417099933833567,233.59801394666667,1.3943098575311974,297.37722875662774,233.59801394666667
64,107,320.8287359007383,1.111935871433911,0.6403667222417857,252.70975217466665,0.9655507944600547,320.8287359007383,252.70975217466665
64,74,444.7571254743324,0.7522044418689149,0.64441421535982,412.3287626223334,5.641375057485713,444.7571254743324,412.3287626223334
64,70,453.94079671877427,0.5966885271976894,0.6428498676372799,449.5690063216666,1.8766627320015243,453.94079671877427,449.5690063216666
64,68,458.30630948790855,0.3809374710035831,0.6418568966006913,471.86315114433336,2.174953978859734,458.30630948790855,471.86315114433336
64,66,461.1390344702475,0.6453936626320554,0.6399147531022337,482.59982960266666,2.3610470808923285,461.1390344702475,482.59982960266666
64,65,461.633435581706,0.44855281230430394,0.6396557052964592,487.2454478006667,1.3418836700047088,461.633435581706,487.2454478006667
64,63,463.02806919825395,0.3963360700400654,0.6393443480201134,502.6161310283333,4.826309128069419,463.02806919825395,502.6161310283333
64,61,464.94206690435186,0.4388884894416689,0.6386855338298082,509.0079542823333,0.9334921414653576,464.94206690435186,509.0079542823333
64,60,464.99033920520634,0.20011532160451168,0.6377550037492143,510.5437091096667,1.6790149687510663,464.99033920520634,510.5437091096667
64,58,465.49387770225957,0.19861863551601044,0.6370095119302186,517.215946932,1.3137019895345905,465.49387770225957,517.215946932
64,55,467.0974788762351,0.10235150427475632,0.6407139038550674,525.5894977373333,0.6016208827955822,467.0974788762351,525.5894977373333
64,52,467.51689758806486,0.09189498429357475,0.6415940212400778,525.7402567409999,0.22658773013039848,467.51689758806486,525.7402567409999
64,50,467.36358347153896,0.1314984169646863,0.6421853271513318,527.3943539349999,0.2941309223969729,467.36358347153896,527.3943539349999
64,47,466.99648824214245,0.17873734778753628,0.6425015425710581,530.3024807533334,0.2637053140532538,466.99648824214245,530.3024807533334
64,41,467.3981094574718,0.5486192885076848,0.6432466630300175,528.6580989983333,0.12342118850084702,467.3981094574718,528.6580989983333
64,31,468.2597889381613,,0.6445047311954869,530.532849139,0.8675722489091285,468.2597889381613,530.532849139
64,13,469.68612182216106,0.0962413581826336,0.6445861318945922,536.418688264,0.3110488227969204,469.68612182216106,536.418688264
64,11,470.1263259873692,0.021307929599024552,0.6444635875466166,538.2026934003334,0.567309962715009,470.1263259873692,538.2026934003334
64,10,469.87349559003945,0.05674373363193757,0.6434155801306699,543.0038781323334,0.8877981055206421,469.87349559003945,543.0038781323334
64,8,470.4496118140057,0.10066168198994209,0.6424025355748765,536.0643394393334,0.38256358813586483,470.4496118140057,536.0643394393334
64,7,469.54370088876664,0.30466954084585857,0.6382876182279403,534.948792482,1.8916106127474468,469.54370088876664,534.948792482
64,5,468.451480147253,0.5771714873886535,0.6415211726201937,523.2056371813333,0.9197634084573673,468.451480147253,523.2056371813333
67,316227,0.22662620378267,0.014249594798186247,0.667867872304917,174.80144337166666,0.1411192422025095,0.0,174.80144337166666
67,316227,0.22662620378267,0.014249594798186247,0.667867872304917,174.80144337166666,0.1411192422025095,0.22662620378267,174.80144337166666
67,100000,0.670296243903592,0.00870381687007481,0.6705469162336808,175.58704158499998,0.1987647884477409,0.670296243903592,175.58704158499998
67,10000,4.20690723818858,0.1495684477418693,0.6694679455567084,177.8749801286667,0.06469981180229226,4.20690723818858,177.8749801286667
67,5623,6.772206264589786,0.058617005341943154,0.672563138984163,177.57901585233333,0.06198952683409265,6.772206264589786,177.57901585233333
67,1000,35.50486138762079,0.08745561544587582,0.667159499903926,175.38977594166667,0.04839248596887305,35.50486138762079,175.38977594166667
67,316,106.16768226689778,,0.6747671906935014,177.99189864633334,0.03941140445587847,106.16768226689778,177.99189864633334
67,273,123.39583507591762,0.8629870140433383,0.6721268015069817,179.65613647266665,0.04126325273390454,123.39583507591762,179.65613647266665
67,177,195.92916918301168,0.1659498919015282,0.6709239471514746,189.857406596,0.10640893845435326,195.92916918301168,189.857406596
67,153,226.09079385327763,0.33347693277622253,0.6722324789038123,197.23493510366666,0.12199116185790056,226.09079385327763,197.23493510366666
67,133,259.8853220141075,0.36009878071063145,0.6697310412132685,210.31911909633334,0.107924298025848,259.8853220141075,210.31911909633334
67,123,279.9380832655268,0.26671566925125906,0.6705670309317596,220.41716134333333,0.3814198825916952,279.9380832655268,220.41716134333333
67,115,301.6620700936127,0.20027295159255584,0.6687275658581978,236.670019142,0.07205353049423362,301.6620700936127,236.670019142
67,107,322.4674635523079,0.2591321892345269,0.6692850725103198,252.34683755900002,0.1400510079658993,322.4674635523079,252.34683755900002
67,100,344.1158545445293,0.07054482076848227,0.6685884821076463,274.57505497833336,0.6039223697913106,344.1158545445293,274.57505497833336
67,95,360.71817563863056,,0.6651016046437882,290.23758847799996,0.25883916077457697,360.71817563863056,290.23758847799996
67,74,439.38194596239333,1.530404223470146,0.6712687868875603,397.92416511233336,5.285469310554571,439.38194596239333,397.92416511233336
67,72,446.7275371065125,0.24009156744407525,0.6745527044524106,414.0753103266666,1.5456911438327257,446.7275371065125,414.0753103266666
67,70,452.355052761352,1.1074267920256746,0.6737706457628952,426.0494289676667,2.533111552938752,452.355052761352,426.0494289676667
67,68,459.2699343123638,0.6173208892734603,0.6722136637055812,452.868093127,3.109915921388658,459.2699343123638,452.868093127
67,66,462.2062352902535,0.052543960792042564,0.6715796019047972,464.4195101203333,1.0068467290635936,462.2062352902535,464.4195101203333
67,65,463.46816512246164,0.29279009102613746,0.6711555888536211,473.41137655600005,0.22594537550196994,463.46816512246164,473.41137655600005
67,63,464.6890345688816,0.17740350293057666,0.6706138452378957,486.57337054100003,0.9708501805952854,464.6890345688816,486.57337054100003
67,61,466.4135311907382,0.09262820865911083,0.6705655241863457,491.39748131433333,0.4137332042253629,466.4135311907382,491.39748131433333
67,60,466.60746954405687,0.057098479787453846,0.6706211437056816,495.6060409593333,0.4299722702204438,466.60746954405687,495.6060409593333
67,58,466.8371359702683,0.056990500570952694,0.6704923235296256,501.8010274616667,1.3525940079119847,466.8371359702683,501.8010274616667
67,56,467.66573394954685,0.055710859630418504,0.6704248883525844,499.81649919166665,0.26130911971635457,467.66573394954685,499.81649919166665
67,55,467.3240152077913,0.1140587809461331,0.6701232347987883,502.8929473663334,0.5591072620744328,467.3240152077913,502.8929473663334
67,41,468.15652453995716,0.024845218205292372,0.6720491662497993,503.79204458333334,0.35870241873764463,468.15652453995716,503.79204458333334
67,5,469.0255664462035,0.6414449088514776,0.667749979432987,497.939026451,2.351179941040728,469.0255664462035,497.939026451
67,3,469.3674374501631,0.21401054383314275,0.6735905742433013,494.4544097996666,1.6386410181090867,469.3674374501631,494.4544097996666
69,316227,0.22032896715839514,0.009410103204804298,0.6873273084247873,174.60709243766667,0.08606014442742978,0.22032896715839514,174.60709243766667
69,100000,0.6458791560817486,0.005606896467584988,0.6895936537506049,175.57995995116667,0.09173870389579389,0.6458791560817486,175.57995995116667
69,5623,6.699011388527315,0.11109496429725894,0.687640092713978,177.63059276466666,0.019402335633241837,6.699011388527315,177.63059276466666
69,2371,14.789905022983486,0.23179150093623496,0.6868509314134223,176.58534960433335,0.04236407265193849,14.789905022983486,176.58534960433335
69,177,193.1565688475069,0.24628884056331896,0.6921353411007163,188.9419402963333,0.08626057423277765,193.1565688475069,188.9419402963333
69,133,256.9946771782268,0.11497635602336946,0.6924642810949923,208.68879670066667,0.22640886069437122,256.9946771782268,208.68879670066667
69,93,359.79001446754717,0.306575024004496,0.6943258603618598,285.0753414806666,0.6393275996990196,359.79001446754717,285.0753414806666
69,92,360.5453749903347,1.667618905753746,0.6944518486002982,286.852538586,1.8296649255205382,360.5453749903347,286.852538586
69,90,371.83324067348735,2.2301025224555415,0.6908296390883498,298.5578312073333,2.3454031326898237,371.83324067348735,298.5578312073333
69,89,374.22550321609606,1.8053786262445886,0.6858635952040674,302.35663786033336,2.2411711807862966,374.22550321609606,302.35663786033336
69,88,375.7292960911586,1.7855417400785387,0.6871112858538823,303.3569797376667,3.227593905387013,375.7292960911586,303.3569797376667
69,86,389.32609014192684,1.2037994120715367,0.6891662709011296,320.6539877976667,1.3302285659855293,389.32609014192684,320.6539877976667
69,84,396.882035682663,0.8446817245323403,0.6856810194482819,328.88960951966664,0.7966380847272341,396.882035682663,328.88960951966664
69,3,470.4356503625061,1.4952667510814377,0.6914782308700286,477.49718603499997,1.4714927112269292,470.4356503625061,477.49718603499997
69,0,470.16206240453704,,0.6928042145513463,468.3094338976666,3.7789834886833047,470.16206240453704,468.3094338976666
70,1000000,0.07397095976161701,0.0018837297196350159,0.7016052531633036,177.68000516916666,0.2608605953963428,0.0,177.68000516916666
70,1000000,0.07397095976161701,0.0018837297196350159,0.7016052531633036,177.68000516916666,0.2608605953963428,0.07397095976161701,177.68000516916666
70,100000,0.6758806305790894,0.08772466936393716,0.7011361257137754,175.3774210925,0.15712576516090182,0.6758806305790894,175.3774210925
70,31622,1.8807058347629053,0.0578000661668063,0.6970795668461847,177.30939151666666,0.02524744513842031,1.8807058347629053,177.30939151666666
70,3162,11.556368292565526,0.012346442952204797,0.6999062961430684,177.060305646,0.029330504565160613,11.556368292565526,177.060305646
70,2371,15.047354873147102,0.27543603507451664,0.6984013557460997,176.5486500446667,0.039095171696855696,15.047354873147102,176.5486500446667
70,1778,19.465674020196825,0.07013499774420652,0.7005742513563639,176.165053863,0.05059833399934798,19.465674020196825,176.165053863
70,1000,34.741591674806685,0.05585326524875138,0.7029289815661576,175.458835561,0.09615883889688454,34.741591674806685,175.458835561
70,562,60.42624534002103,0.8964079486518789,0.7032796911937566,175.96149931883335,0.06515027926266621,60.42624534002103,175.96149931883335
70,273,122.63670095616186,0.14567444752214723,0.7032459617027346,179.0785022276667,0.04322560974999312,122.63670095616186,179.0785022276667
70,204,163.46119289703532,0.17216175443012588,0.7035211845372867,183.66497463233335,0.06768622326505001,163.46119289703532,183.66497463233335
70,187,182.10990910932307,0.13074975053304472,0.699571749974238,187.05539159966665,0.37605589842635506,182.10990910932307,187.05539159966665
70,186,183.47061292355613,0.15148754494745822,0.7025654035526807,187.0976765736667,0.06433022076785955,183.47061292355613,187.0976765736667
70,153,224.35040934842837,0.03727827257961685,0.7003450757337215,196.63380187166663,0.1505486427742911,224.35040934842837,196.63380187166663
70,123,276.65292877688586,0.32662086191007594,0.699239006198483,217.59920779200002,0.19520422883861124,276.65292877688586,217.59920779200002
70,115,294.90295845433207,1.8021739473834062,0.6995145302841537,230.85536259966668,0.9583669850017166,294.90295845433207,230.85536259966668
70,100,336.6352334138599,0.9345571354061727,0.6975206525463794,265.7797999076667,0.18541431146001225,336.6352334138599,265.7797999076667
70,95,353.6624450874311,2.1569368620324028,0.6970245570716269,279.07566422866665,0.8144897166848097,353.6624450874311,279.07566422866665
70,55,467.98193512937746,0.04248131602776129,0.6986265539904007,480.759418181,0.06779639841467391,467.98193512937746,480.759418181
70,31,468.84679621041784,,0.7040649143644587,476.50576989266665,0.5227646226190785,468.84679621041784,476.50576989266665
70,5,470.6638654565465,1.9885916213710626,0.7013982849810724,466.66009839233334,9.285637109366954,470.6638654565465,466.66009839233334
70,1,471.5254148749444,0.10212466543225875,0.7023347507701289,467.0196263843333,3.0299477868465203,471.5254148749444,467.0196263843333
72,1000000,0.07269598595432786,0.0028637687841390983,0.719033184031538,177.60273460266666,0.20080792729067382,0.07269598595432786,177.60273460266666
72,10000,4.428810201265877,0.021623996313104896,0.7193512870278961,177.88151777166664,0.05630517164084909,4.428810201265877,177.88151777166664
72,2371,14.582577340160652,0.2301017410440747,0.7167403881735508,176.740808805,0.06476174094665736,14.582577340160652,176.740808805
72,1333,25.937236377962247,0.3128698428791314,0.7201610686001473,175.648106205,0.02400324845896471,25.937236377962247,175.648106205
72,188,180.84883035831703,,0.7187189137708354,186.26937359433336,0.34468312030861287,180.84883035831703,186.26937359433336
72,183,185.10954558465474,0.21776871512956425,0.7225059490900039,186.83744846266666,0.08989377919463912,185.10954558465474,186.83744846266666
72,115,292.83150609064654,0.3873835830641991,0.7226979287148362,228.90634007433331,0.3899610622318886,292.83150609064654,228.90634007433331
72,1,472.88698505617646,0.3276375527451742,0.7200604139456521,441.5252473923333,2.268546670646083,472.88698505617646,441.5252473923333
72,0,471.52487902829984,1.082805888265352,0.717760576368248,445.6490609256667,1.06605397165432,471.52487902829984,445.6490609256667
73,1000000,0.09351543751672746,0.046155572055597546,0.7298927471829069,177.48857399099998,0.23001809105801838,0.0,177.48857399099998
73,1000000,0.09351543751672746,0.046155572055597546,0.7298927471829069,177.48857399099998,0.23001809105801838,0.09351543751672746,177.48857399099998
73,100000,0.6064142475679146,0.002894386405223968,0.7326715277184643,175.24011644655556,0.08680665293508076,0.6064142475679146,175.24011644655556
73,31622,1.8223461702486183,0.0191252297042415,0.7314474919295165,176.98761488455557,0.07379013587507383,1.8223461702486183,176.98761488455557
73,10000,4.387054411351924,0.05130119071353913,0.734002216413804,177.92464178133332,0.048262802991517265,4.387054411351924,177.92464178133332
73,3162,11.243186261430191,0.19474301002303465,0.72695643262626,177.09475938616666,0.024496963160524937,11.243186261430191,177.09475938616666
73,1778,19.314077092620767,0.32744144498827843,0.7286638425500488,176.20997821655556,0.04197713847103953,19.314077092620767,176.20997821655556
73,1333,26.240111018624614,,0.7285086934275913,175.68854855733332,0.048612433158261734,26.240111018624614,175.68854855733332
73,1000,34.730747193983994,0.2957854907908963,0.7332295463542581,175.50560818300002,0.03464025849756183,34.730747193983994,175.50560818300002
73,562,60.56283186456849,,0.7250482112997217,175.85013992466668,0.025409684738483766,60.56283186456849,175.85013992466668
73,219,151.33576089892017,0.04723372769009059,0.7332628036935557,181.86005976299998,0.019865616702173895,151.33576089892017,181.86005976299998
73,204,162.47280784993805,0.2053028032087712,0.7330336213359417,183.187369863,0.07132904958393367,162.47280784993805,183.187369863
73,199,166.2589549724424,0.2166758884423251,0.7325035484498521,183.70728321,0.12083863421934259,166.2589549724424,183.70728321
73,196,168.09748854434358,0.10264613492795713,0.73289411435439,183.964734768,0.008438338953462828,168.09748854434358,183.964734768
73,193,171.68210690319742,1.5545701667463017,0.7322866730544647,184.44334766433334,0.11420295586640951,171.68210690319742,184.44334766433334
73,192,172.02644019525704,0.3768362847282566,0.7324081498160829,184.519754187,0.014513735645028324,172.02644019525704,184.519754187
73,190,179.00492567664995,1.207225339849657,0.7303802591074285,185.8794151,0.1282733288531788,179.00492567664995,185.8794151
73,177,191.7974107111454,0.21250880484713297,0.7332727479833333,188.20824588266666,0.2413259053669323,191.7974107111454,188.20824588266666
73,164,207.17366873662652,0.12774193371987186,0.7323339866740829,191.26867191899998,0.12197868603854664,207.17366873662652,191.26867191899998
73,153,221.39593997533902,0.13689435981963227,0.7313408736916248,195.17910467033334,0.12815802086213032,221.39593997533902,195.17910467033334
73,142,239.91134089718233,0.2978082701038498,0.7290688942103453,201.13063766933337,0.26565205823619303,239.91134089718233,201.13063766933337
73,130,248.05597382013062,0.16205176311892802,0.729135443884266,203.88243531133332,0.07951552479197556,248.05597382013062,203.88243531133332
73,137,248.1031392874638,0.25395977595605973,0.7296607446013296,203.98454529066666,0.1685850492376687,248.1031392874638,203.98454529066666
73,129,250.94734952689655,0.20344091087323402,0.7309901304556798,205.158308799,0.09324938490928977,250.94734952689655,205.158308799
73,133,255.7730156854235,0.16709674758455728,0.7314197135404735,207.452505006,0.09239332474382862,255.7730156854235,207.452505006
73,127,263.2489284940987,0.13114763142152192,0.7300827352858864,210.26534529,0.16975812540221297,263.2489284940987,210.26534529
73,123,276.42572895770127,0.28179782117548274,0.7286326923925409,217.259238969,0.20251349793894535,276.42572895770127,217.259238969
73,116,291.03316378287144,0.22666050766873455,0.7300946903171526,227.490667597,0.4384253373379554,291.03316378287144,227.490667597
73,115,294.76576371203635,1.3784107577979923,0.7286342774764896,228.97015201066665,0.29438643906326695,294.76576371203635,228.97015201066665
73,110,309.01043977510267,0.16673292981773272,0.7291081652932411,237.95408377133333,0.2806412280977906,309.01043977510267,237.95408377133333
73,107,317.198685238202,0.2597644905328904,0.7307624277423054,244.23975249600002,0.4652592007206022,317.198685238202,244.23975249600002
73,104,325.85512803213044,0.09114951159308868,0.7311264323645931,250.22965767366668,0.22332169630828536,325.85512803213044,250.22965767366668
73,103,329.3311183540753,0.27255398607912007,0.729514398091203,253.17859595866665,0.41898237088435436,329.3311183540753,253.17859595866665
73,100,337.4407339656527,0.13645803857159572,0.7284818761870966,262.96429940666667,0.12924013820047386,337.4407339656527,262.96429940666667
73,31,468.3510625615451,,0.7346899944969104,451.451145301,0.7996581529904819,468.3510625615451,451.451145301
73,7,467.6787562710774,0.4670732344833908,0.7305467488597425,455.32042042933335,0.803144787734107,467.6787562710774,455.32042042933335
73,5,469.11538304548725,0.8166129213820834,0.7307075479871084,443.364180072,3.470160738863125,469.11538304548725,443.364180072
74,1000000,0.07310382894709382,0.010624972385745574,0.7392054398801791,177.78106777918518,0.6112967224553136,0.0,177.78106777918518
74,1000000,0.07310382894709382,0.010624972385745574,0.7392054398801791,177.78106777918518,0.6112967224553136,0.07310382894709382,177.78106777918518
74,100000,0.6026568222275424,0.004674674037845911,0.7394534231737052,175.11383056816666,0.12903125916141892,0.6026568222275424,175.11383056816666
74,31622,1.7612618039011312,0.06843758744100707,0.7411838423869723,176.87005162699998,0.10828621171605982,1.7612618039011312,176.87005162699998
74,749,46.10639102506951,0.03546641181939326,0.7362771371431904,175.40437200966667,0.05833656545982737,46.10639102506951,175.40437200966667
74,421,79.02100460416854,0.06851858844483166,0.7388075855785954,176.50277174566668,0.05838984816482081,79.02100460416854,176.50277174566668
74,364,90.53359149088362,0.04701789519083789,0.7379795984528558,176.36707766766665,0.02770594290420542,90.53359149088362,176.36707766766665
74,316,103.79930471336434,0.05032884119568235,0.7363398838456682,177.16413809166667,0.025239304437494444,103.79930471336434,177.16413809166667
74,273,119.97715438739095,0.07677838570405997,0.7408647654549092,178.22375100833332,0.04928326982202024,119.97715438739095,178.22375100833332
74,236,141.54692109957966,,0.7350460030772782,180.63461806433335,0.06942794131849725,141.54692109957966,180.63461806433335
74,190,177.51768658014947,0.5051655170334975,0.7399885869684322,185.39355257333332,0.19330603579513503,177.51768658014947,185.39355257333332
76,1000000,0.0734507898332885,0.022455507028253698,0.7594330230869883,177.7296671917778,0.3238585108744502,0.0,177.7296671917778
76,1000000,0.0734507898332885,0.022455507028253698,0.7594330230869883,177.7296671917778,0.3238585108744502,0.0734507898332885,177.7296671917778
76,316227,0.19294033185935439,0.0036089759841388186,0.7598829658544364,175.32899614466666,0.051891657844399926,0.19294033185935439,175.32899614466666
76,31622,1.7451138968866378,0.020110853791977547,0.7568022308303187,176.97749799166664,0.042246271391793634,1.7451138968866378,176.97749799166664
76,1778,18.904863770603917,0.21261174278164566,0.7599192188014077,176.37403077583335,0.07219622619113379,18.904863770603917,176.37403077583335
76,1000,34.54578851281672,0.10716685268726968,0.7602666494402172,175.54387673200003,0.04101237880438491,34.54578851281672,175.54387673200003
76,749,45.60436119004218,0.08330160958854273,0.7604790778312847,175.34256609666667,0.04965456889938724,45.60436119004218,175.34256609666667
76,562,59.030364768134916,0.10156807998644828,0.7589740444181693,175.75340911166666,0.07962008831366456,59.030364768134916,175.75340911166666
76,364,89.5589687172661,0.02754501043516012,0.7638366796479908,176.05775638666668,0.02182505901997133,89.5589687172661,176.05775638666668
76,204,162.32551508858913,0.08624975290015205,0.7632208778771014,182.53169817533333,0.0684069896496591,162.32551508858913,182.53169817533333
76,177,190.12486112498527,0.09565457526544675,0.7640007926863968,187.44361265133332,0.2659630633727366,190.12486112498527,187.44361265133332
76,164,205.15065497305,0.0430557695533802,0.7584180703525175,190.25595273133334,0.026980254167871382,205.15065497305,190.25595273133334
76,153,219.87589743630414,0.14966058604183757,0.7625558045520343,193.89707559966666,0.01773683201958416,219.87589743630414,193.89707559966666
76,142,237.42482217647557,0.2562731595057663,0.7568470004064806,199.46574562066667,0.20876546073292968,237.42482217647557,199.46574562066667
76,133,253.424476151638,0.24047333916569685,0.759897702186969,205.76406634633335,0.021145254753889082,253.424476151638,205.76406634633335
76,130,248.91451403727922,0.3271024610831845,0.7616502553958006,203.27424215666667,0.3696291738087905,248.91451403727922,203.27424215666667
76,129,251.34205994538044,0.8332582388197914,0.7603649343929509,204.00505757366668,0.1133196039960081,251.34205994538044,204.00505757366668
76,127,263.21274373573397,0.17340070852381229,0.757210993179239,209.56521293166665,0.014775511115651278,263.21274373573397,209.56521293166665
76,123,273.24406879184306,0.13955095492255942,0.759708924200546,214.41337767733333,0.2714508304676383,273.24406879184306,214.41337767733333
76,120,278.37233486023666,0.4103348626690381,0.7592803087763664,217.92511209966665,1.5565929328536525,278.37233486023666,217.92511209966665
76,118,283.45989036857145,0.8637186401242324,0.7594302680186585,219.82390321033336,0.7163655640329532,283.45989036857145,219.82390321033336
76,113,298.2594645782712,0.13344384180792188,0.7607830971762134,228.391320987,0.6377407261300636,298.2594645782712,228.391320987
76,112,300.6326321556801,0.044343671511354134,0.7627149432176559,230.10313867966667,0.14118934280415613,300.6326321556801,230.10313867966667
76,110,306.0320054134461,0.09188505937291029,0.7617325680269836,233.61004169333333,0.20650344899104223,306.0320054134461,233.61004169333333
76,107,314.48549742122873,0.1161638517167461,0.7614033784895627,239.36196087166664,0.14853474555949175,314.48549742122873,239.36196087166664
76,104,323.4379551496565,0.12317575983898593,0.7580298847770074,246.230443595,0.411696254677011,323.4379551496565,246.230443595
76,103,325.8219283266329,0.21087517135545283,0.7595755060403038,247.76776007766668,0.17401534946835776,325.8219283266329,247.76776007766668
76,101,332.31415179748177,0.2078716298786674,0.759823452277321,253.06757746866666,0.09342535476721872,332.31415179748177,253.06757746866666
76,100,334.607856478246,0.07086373616890405,0.7586030605435491,257.1603136356667,0.5078055333530017,334.607856478246,257.1603136356667
76,55,467.9984509223611,0.16976210201254108,0.7584383228677622,441.88276058900004,0.369684559849598,467.9984509223611,441.88276058900004
76,17,466.2905334839136,0.7057052535914373,0.7571865331421392,440.50673524099994,1.1148620262736595,466.2905334839136,440.50673524099994
76,0,471.53755813832163,1.533153150192467,0.7607953948944991,430.2429034663333,5.392881368379794,471.53755813832163,430.2429034663333
77,1000000,0.07197794957688658,0.011941174458976057,0.7698343153347591,177.87959356126666,0.3796307573854129,0.0,177.87959356126666
77,1000000,0.07197794957688658,0.011941174458976057,0.7698343153347591,177.87959356126666,0.3796307573854129,0.07197794957688658,177.87959356126666
77,100000,0.5890159511758141,0.022650466179492113,0.7711039494702275,175.01717599555553,0.06852658273539927,0.5890159511758141,175.01717599555553
77,31622,1.6665604152947409,0.005150955070241384,0.7713346142766089,176.47541082633333,0.0840484867968817,1.6665604152947409,176.47541082633333
77,10000,4.3106879955119375,0.0335681808478369,0.7721973676606293,177.91034363466667,0.054875823433417036,4.3106879955119375,177.91034363466667
77,3162,10.749359207900651,0.018709206716279757,0.7671802376033536,177.30126621233333,0.016258873381768763,10.749359207900651,177.30126621233333
77,1333,25.405438232973246,0.14836521332797775,0.768024227467768,175.82179459300002,0.0802205635960465,25.405438232973246,175.82179459300002
77,421,78.12904573634414,0.06709929858826551,0.7703508514944563,176.19976886733332,0.08484233410869435,78.12904573634414,176.19976886733332
77,316,102.20598489246612,1.494028168900063,0.7696782714591582,176.74943654466665,0.03873017604058112,102.20598489246612,176.74943654466665
77,236,140.93910860141642,,0.7655611430126837,180.16240192133333,0.08213435319240744,140.93910860141642,180.16240192133333
77,219,151.32729956478505,0.007987299766998733,0.7660441586306015,181.2942271976667,0.0470020551341553,151.32729956478505,181.2942271976667
77,153,216.26529790718735,,0.7735463923177995,193.26293124233334,0.17337366065193635,216.26529790718735,193.26293124233334
77,118,281.1187465035103,0.3650119904667433,0.7679123891042813,219.0421429316667,0.37833806329498076,281.1187465035103,219.0421429316667
77,31,467.52565161681486,0.2823477323095185,0.7708859243648133,431.3706631503333,0.838357188059758,467.52565161681486,431.3706631503333
77,1,471.25640198475185,0.37660764604983515,0.7666864380335247,419.2153777346666,0.8299847475689578,471.25640198475185,419.2153777346666
79,1000000,0.07897162072986966,0.02721311437112757,0.7906949781113122,178.5058607023889,1.7301277696858557,0.0,178.5058607023889
79,1000000,0.07897162072986966,0.02721311437112757,0.7906949781113122,178.5058607023889,1.7301277696858557,0.07897162072986966,178.5058607023889
79,316227,0.20071011914920192,0.020549464226413256,0.7857659570999824,175.669216787,0.08342366556017268,0.20071011914920192,175.669216787
79,100000,0.5647369955544349,0.011360579803706066,0.7888424507563863,174.85600644233332,0.059213150982076565,0.5647369955544349,174.85600644233332
79,31622,1.6917901955637324,0.030604530203921305,0.7899065366993854,176.632791191,0.07299897912363812,1.6917901955637324,176.632791191
79,10000,4.144021228525096,0.12732643138994168,0.7899908648966929,177.971442048,0.060156708905405795,4.144021228525096,177.971442048
79,1778,18.407233260426963,0.08283717203825357,0.792274743381125,176.44665370433333,0.034911065134569395,18.407233260426963,176.44665370433333
79,1000,33.87072081416894,0.24618989149131185,0.7888842261469925,175.57843048150002,0.02124246862110154,33.87072081416894,175.57843048150002
79,749,45.17853025613822,0.27906380304797884,0.7904110282623378,175.37577005566666,0.021013340068662064,45.17853025613822,175.37577005566666
79,236,139.16268312390875,,0.794171873188428,179.54028635533334,0.05165568380542338,139.16268312390875,179.54028635533334
79,204,157.73317064817581,1.7729388302563316,0.7930756434288478,181.624956368,0.07843739976270107,157.73317064817581,181.624956368
79,153,218.8339232927817,0.20390898946424071,0.7925038486932806,193.283728631,0.13405257142622576,218.8339232927817,193.283728631
79,137,243.96910632012455,0.28961042132100223,0.7922780781643072,201.29507866666665,0.2779008357485004,243.96910632012455,201.29507866666665
79,131,244.01144614106258,0.06056055641063342,0.7937343937570818,200.94013630266667,0.03410853739389463,244.01144614106258,200.94013630266667
79,130,244.48869810941378,0.06039084684723656,0.7923800434302563,200.94147847633334,0.06334095985009229,244.48869810941378,200.94147847633334
79,129,246.48698309399347,0.2533007548640315,0.7936692700923129,202.036079731,0.3508252424424401,246.48698309399347,202.036079731
79,134,249.6305760468891,0.24163190389481576,0.7934246604080161,203.50266679900002,0.3919948507387412,249.6305760468891,203.50266679900002
79,133,251.34349013330387,0.022310602839039063,0.7912129404766887,204.81753767566667,0.8790596526226349,251.34349013330387,204.81753767566667
79,127,260.94655607846,0.20803802594302617,0.7924427836460618,207.80370724533336,0.1942247081393839,260.94655607846,207.80370724533336
79,125,265.6080235445995,0.3570462698061699,0.7924940672894065,210.136860145,0.09653346706147609,265.6080235445995,210.136860145
79,124,268.34628365933116,0.2394191164886379,0.7918023741053086,211.229172661,0.20048078362573696,268.34628365933116,211.229172661
79,123,270.07264695129015,1.8107775125923398,0.7899138592150707,212.81297852416665,0.40668771500098966,270.07264695129015,212.81297852416665
79,121,276.45167838793424,0.25327314807816126,0.7889639107639669,215.80351009799998,0.420869359918603,276.45167838793424,215.80351009799998
79,115,284.18868949919926,1.3238020961479415,0.7936061588229579,219.50880391366664,0.29233661405522143,284.18868949919926,219.50880391366664
79,112,293.0859421559616,2.5679975864986377,0.7919802155332251,224.25932499933333,1.4646823121410117,293.0859421559616,224.25932499933333
79,110,299.1149633855949,1.4531849395367178,0.7928127971023935,228.06369670733332,1.0695392546185558,299.1149633855949,228.06369670733332
79,107,306.41082724985296,2.3358759496052808,0.7911751151325968,232.589874968,1.615560928176906,306.41082724985296,232.589874968
79,104,316.2159575497712,0.5391667151731803,0.7916970050738596,238.73387641833332,0.9893993888018474,316.2159575497712,238.73387641833332
79,103,318.1550011962025,0.737694713626505,0.7919719243828682,239.44059061366667,1.1487624681242763,318.1550011962025,239.44059061366667
79,101,323.3417847187784,2.262668391827594,0.7901779447715858,243.46336416466667,1.7936330900134505,323.3417847187784,243.46336416466667
79,100,325.4334454459851,2.3324999640369013,0.7886983495083166,247.85881757033334,1.5356570562613971,325.4334454459851,247.85881757033334
79,55,467.7711130017546,0.17748271883604702,0.7857943876768164,423.443588918,0.18255906784950865,467.7711130017546,423.443588918
79,17,465.22419746239393,0.7361814302009513,0.7893080495325823,418.75877339900006,1.078895202816654,465.22419746239393,418.75877339900006
79,10,465.72282645461354,0.15715328760731756,0.7876494972966279,424.9217496086667,0.1517006365053503,465.72282645461354,424.9217496086667
80,1000000,0.07422956489819467,0.01932908052209079,0.799047068432268,177.368530366,0.07695921550765375,0.0,177.368530366
80,1000000,0.07422956489819467,0.01932908052209079,0.799047068432268,177.368530366,0.07695921550765375,0.07422956489819467,177.368530366
80,100000,0.5517751937744866,,0.8031219079424436,174.83986650199998,0.15281598739088512,0.5517751937744866,174.83986650199998
80,749,44.98766077265694,,0.7953369780636427,175.300273551,0.03635863145235214,44.98766077265694,175.300273551
80,421,77.50904667567514,0.028269871443133296,0.8008789138178661,175.96873022766667,0.02700718584875972,77.50904667567514,175.96873022766667
80,364,88.84517240899635,0.042215344774704185,0.800231696350921,175.70082073366666,0.03366321845032811,88.84517240899635,175.70082073366666
80,316,102.07661622795871,0.0704756383918227,0.7967079997415141,176.317642952,0.03274049876776835,102.07661622795871,176.317642952
80,273,118.93363102543788,0.05838770300295765,0.798410207729634,177.59393812199997,0.010715645023576277,118.93363102543788,177.59393812199997
80,219,148.95502587762505,0.16980103453698878,0.7961625490065437,180.54973256633332,0.09265756783845172,148.95502587762505,180.54973256633332
80,204,157.54352705398105,2.1769963275440873,0.796042740263154,181.9185764846667,0.09303499194129022,157.54352705398105,181.9185764846667
80,190,176.22152493211874,0.26102469594670125,0.7957423409877699,184.427309064,0.02546913714193361,176.22152493211874,184.427309064
80,177,189.16208714877408,,0.7954720766277145,186.787994734,0.06995641048616301,189.16208714877408,186.787994734
80,164,198.12394570358748,0.5605638043190238,0.7993268877971422,189.35135337166665,0.33948977126578017,198.12394570358748,189.35135337166665
80,142,235.18053789833067,,0.795706712273978,198.23498350233334,0.048833110400260296,235.18053789833067,198.23498350233334
80,121,273.0781464166423,,0.8005146909147725,213.16104447066667,0.3712011068132341,273.0781464166423,213.16104447066667
82,1000000,0.13013738839297334,0.02297415476331189,0.8189026703922142,178.125533582,0.11836377942860864,0.0,178.125533582
82,1000000,0.13013738839297334,0.02297415476331189,0.8189026703922142,178.125533582,0.11836377942860864,0.13013738839297334,178.125533582
82,100000,0.5427219896130835,0.0061594640060558675,0.8215390610061881,174.77945318416664,0.21739086970355948,0.5427219896130835,174.77945318416664
82,749,44.36211294955997,0.09298036120027156,0.817244248734547,175.44208156466667,0.14069764319502764,44.36211294955997,175.44208156466667
82,236,136.9036026718556,0.23499099336162674,0.8215659349843265,178.88236829166667,0.06187753527467843,136.9036026718556,178.88236829166667
82,204,157.81221373670084,0.2929419365466287,0.8227641970045041,181.05677391366666,0.11369100105753992,157.81221373670084,181.05677391366666
82,177,187.21609506812973,0.03443896120498439,0.8240464186516515,185.6253770046667,0.08493532154441397,187.21609506812973,185.6253770046667
82,161,201.30796937658144,0.20565001708110972,0.8211996884234961,188.99946651366668,0.264664378167063,201.30796937658144,188.99946651366668
82,137,241.02356848673094,0.09962219857766337,0.8220494417364702,199.23159806700002,0.1672210180782347,241.02356848673094,199.23159806700002
82,130,241.52540661886,0.13927726159468368,0.821666673644248,199.30675628733334,0.11078306049751382,241.52540661886,199.30675628733334
82,131,242.3993855689438,0.14450491508963237,0.8194048586676653,199.66273868733333,0.1921029214322323,242.3993855689438,199.66273868733333
82,129,244.12749908598138,0.2598187343861938,0.8183257476041438,200.195029163,0.17308390420112948,244.12749908598138,200.195029163
82,134,246.41061064128817,0.3128802513120218,0.8210282864720858,201.504014491,0.2547781108370094,246.41061064128817,201.504014491
82,133,247.6208647603735,0.2162739182464914,0.8220928570566896,202.00048208666666,0.3022220018588378,247.6208647603735,202.00048208666666
82,127,257.65897407997136,0.14829022118527457,0.8222095911560244,205.79793136833334,0.3126819682831989,257.65897407997136,205.79793136833334
82,125,264.1012642269452,0.24822902323304316,0.8191235791115571,208.8247235923333,0.6357884382842469,264.1012642269452,208.8247235923333
82,124,265.8585082985111,,0.8159506143340615,209.90053044866667,0.10499351668458685,265.8585082985111,209.90053044866667
82,120,276.0653320201443,0.09030156618648452,0.8232798857735805,214.06246773566667,0.08425565395818516,276.0653320201443,214.06246773566667
82,118,277.7884690816805,1.8557898762275131,0.8232601479357445,215.18308802633337,1.0113706681352594,277.7884690816805,215.18308802633337
82,115,279.0243161657803,1.6872041446756068,0.8231064680512479,215.88967448066668,0.3665513622750137,279.0243161657803,215.88967448066668
82,113,286.2423351546318,4.139711978786401,0.8214265262576625,219.231320668,2.142035392293389,286.2423351546318,219.231320668
82,112,291.8283126460106,0.35385342970669637,0.8184793553851185,221.58922882233333,0.6652726840858055,291.8283126460106,221.58922882233333
82,110,294.6820855366556,1.9690954526591335,0.8220478887544438,223.405915804,1.0859729792411024,294.6820855366556,223.405915804
82,107,303.32342897992044,1.9960461399715663,0.8220347761274911,228.71925231600002,0.8222313239431809,303.32342897992044,228.71925231600002
82,100,321.0519785388712,1.0081602641618224,0.8185023693059669,241.307158609,0.5677852033145653,321.0519785388712,241.307158609
82,3,469.557158627034,,0.8231722455341083,381.2503947216667,0.6019776817284207,469.557158627034,381.2503947216667
82,1,469.78790303611976,,0.8175050485960216,389.76395949166664,0.7821866962342306,469.78790303611976,389.76395949166664
82,0,470.87766447491504,0.2617989230836652,0.818994932008354,387.017610738,1.9183179085801525,470.87766447491504,387.017610738
83,3162,10.445770778225032,0.12123005917183029,0.8317126880092297,177.476954762,0.004533958747747516,0.0,177.476954762
83,3162,10.445770778225032,0.12123005917183029,0.8317126880092297,177.476954762,0.004533958747747516,10.445770778225032,177.476954762
83,749,44.609618438061226,0.06193789429090283,0.8305809869228731,175.37473776466666,0.006163866241958978,44.609618438061226,175.37473776466666
83,562,58.3734213569104,0.11287585758554725,0.8268733023818028,175.57261084033334,0.04295364787773003,58.3734213569104,175.57261084033334
83,421,76.35083780243386,0.7588044264223966,0.8299286406773231,175.7604104981667,0.07480428115817252,76.35083780243386,175.7604104981667
83,364,87.96534301203558,0.06676856445128265,0.8309207229898866,175.27712980966666,0.08335649405417188,87.96534301203558,175.27712980966666
83,316,101.17088306242756,0.11940308581334033,0.827546186137329,176.002255691,0.1123725064365985,101.17088306242756,176.002255691
83,273,117.82365559300723,0.013216096703061784,0.8296766829234463,177.056895586,0.09309822494401897,117.82365559300723,177.056895586
83,219,147.2532031324604,0.14891934593933037,0.8274273102116707,179.83256377533334,0.07316634837052993,147.2532031324604,179.83256377533334
83,190,174.84423923346375,0.14758553412217215,0.8261358932054913,183.3889136903333,0.08722255221306724,174.84423923346375,183.3889136903333
83,164,202.4363284848804,,0.8261469568185813,188.74595294300002,0.0613303253803059,202.4363284848804,188.74595294300002
83,142,232.72196005012785,,0.8259251580857084,196.617774793,0.1263329298962795,232.72196005012785,196.617774793
83,95,335.0103902514451,0.39987427734591713,0.8278045334082329,250.16691120266668,1.2181197714282166,335.0103902514451,250.16691120266668
83,5,468.815824353816,0.7223429310238842,0.826362108163298,384.42406835900005,0.8259492322418397,468.815824353816,384.42406835900005
83,0,469.91657806375076,1.2349547237582088,0.8293633224572196,384.21267601966673,4.858591880293281,469.91657806375076,384.21267601966673
84,100000,0.5317487405630996,0.010332602156988462,0.8388554321696761,174.57437612133333,0.007378213627923301,0.5317487405630996,174.57437612133333
84,124,261.73382359379076,0.17751268689492897,0.8383449592541993,206.63979949199998,0.06804480660672167,261.73382359379076,206.63979949199998
84,123,264.7372849014169,0.26080476746842823,0.844484072138546,207.96280508100003,0.0288594867177949,264.7372849014169,207.96280508100003
84,115,276.28575461217605,,0.8371993329842735,219.07923519233336,0.8035282480717104,276.28575461217605,219.07923519233336
84,82,383.62140467526734,0.18240821682008085,0.8391025513733199,285.86812300599996,0.8264264709278558,383.62140467526734,285.86812300599996
84,31,464.00988567932285,0.7988340602780573,0.8398018827257663,390.1652048733333,1.1597394511354102,464.00988567932285,390.1652048733333
84,5,468.000076779373,0.3390805125929876,0.8420934028764511,374.9213346926667,0.76281356324343,468.000076779373,374.9213346926667
84,1,468.8723256691904,,0.8352613357716309,378.9475939343333,0.2737293802668271,468.8723256691904,378.9475939343333
85,316227,0.187794965862904,0.023438143031073118,0.8482787003619437,178.2897468715,0.24194282563492447,0.0,178.2897468715
85,316227,0.187794965862904,0.023438143031073118,0.8482787003619437,178.2897468715,0.24194282563492447,0.187794965862904,178.2897468715
85,100000,0.5226736741781732,0.008226511068515184,0.849490329544315,174.69893281416668,0.10283663536510745,0.5226736741781732,174.69893281416668
85,10000,4.004018905500349,0.04313575754827985,0.8469242667356889,177.94321354333337,0.08126256893748719,4.004018905500349,177.94321354333337
85,364,87.0941908010655,0.00437134882774769,0.8545179393236684,175.05618777366666,0.03716593120224849,87.0941908010655,175.05618777366666
85,219,146.49241745638142,0.03622048698807609,0.8521207531290845,179.0699035243333,0.11592332574318187,146.49241745638142,179.0699035243333
85,211,151.67653161451793,0.027642833206772317,0.8490739342542186,179.780187999,0.053872256755390674,151.67653161451793,179.780187999
85,199,159.6090137609908,0.16060078679438414,0.8461474038315697,180.926257448,0.06388287183139085,159.6090137609908,180.926257448
85,196,161.70688325770476,0.10825179762021216,0.8544675482047427,181.0230588636667,0.15018235279519407,161.70688325770476,181.0230588636667
85,188,173.58676099665436,0.07671166833164622,0.8537801752693005,182.56651848166666,0.1638028536582819,173.58676099665436,182.56651848166666
85,177,184.06490059261122,0.22735503282784375,0.8498106917308362,184.417998563,0.11188734922869328,184.06490059261122,184.417998563
85,164,199.1630460323022,0.03696758442994997,0.8531008447900136,187.2098739966667,0.08767127997589583,199.1630460323022,187.2098739966667
85,160,202.7232661596678,0.22707498089474729,0.8474056084283371,188.335548676,0.049513106865614935,202.7232661596678,188.335548676
85,153,212.01733653492545,0.052754256855589106,0.8475530276585005,190.37983686099997,0.18761658926362942,212.01733653492545,190.37983686099997
85,142,230.62930901691217,0.25510226717239803,0.8519527344608298,195.22933719166667,0.21038358493745302,230.62930901691217,195.22933719166667
85,137,239.0297063708249,0.1575381251370363,0.8530130124234975,197.952390023,0.14050801028051832,239.0297063708249,197.952390023
85,131,239.0297206476918,0.2758385927750529,0.853694902672709,197.79911432333333,0.22249259128640028,239.0297206476918,197.79911432333333
85,130,239.73677699108484,0.23745919967375773,0.8526206113153081,198.09205110333332,0.15493246644457861,239.73677699108484,198.09205110333332
85,129,242.17517065379002,0.048369896458369914,0.8519279262005224,198.64954465666665,0.10924764206517495,242.17517065379002,198.64954465666665
85,133,245.40631370452155,2.710241464341479,0.8519974311782345,200.551324526,0.4267285776415582,245.40631370452155,200.551324526
85,127,255.25215306848372,0.08272161425645322,0.846384591862447,204.06742449766668,0.009311755664054315,255.25215306848372,204.06742449766668
85,115,284.64473028482985,0.174328107683801,0.8477059193773462,216.780864898,0.20870500840276812,284.64473028482985,216.780864898
85,110,295.47301108942753,,0.8470919239975002,221.7217911076667,0.6052183356241297,295.47301108942753,221.7217911076667
85,107,305.37896090557365,1.768238822552638,0.8468703106764351,226.65892439733332,1.2456139792020142,305.37896090557365,226.65892439733332
85,100,325.2141994655447,0.18677853499820946,0.853024512138204,241.02405071866667,0.45191439748807694,325.2141994655447,241.02405071866667
85,3,467.3815946043717,0.33728365354551476,0.8507483259323186,372.322581715,5.020846854292621,467.3815946043717,372.322581715
85,1,469.1470649642349,1.2858741180619648,0.849408973775396,370.4494516016667,3.340856203439053,469.1470649642349,370.4494516016667
85,0,469.0742505962852,1.530817699022081,0.8482202667657092,371.4946579776667,1.8936963714035508,469.0742505962852,371.4946579776667
86,3162,10.342371767469896,0.1694819166567765,0.8629240342146867,177.49831987866665,0.01705765144574052,0.0,177.49831987866665
86,3162,10.342371767469896,0.1694819166567765,0.8629240342146867,177.49831987866665,0.01705765144574052,10.342371767469896,177.49831987866665
86,1778,18.14774089862968,0.23157097091497555,0.8582003156451066,176.67364057116666,0.08068014263076409,18.14774089862968,176.67364057116666
86,1000,32.60338576810159,0.25184103295838056,0.8584567635466966,175.81481296766665,0.09210168419202805,32.60338576810159,175.81481296766665
86,562,57.83229432726126,0.08949314587696275,0.8614359232378773,175.518866051,0.01592618294740861,57.83229432726126,175.518866051
86,421,76.09112676629108,0.06338126641437347,0.8612336300665021,175.43118893300002,0.009747906441799237,76.09112676629108,175.43118893300002
86,273,116.80781907211453,0.06954740078888103,0.8600228479361536,176.54109578566667,0.053220993885957996,116.80781907211453,176.54109578566667
86,236,136.22702886804777,0.0490018687827475,0.8591418796058775,178.32727393366667,0.18399117427796427,136.22702886804777,178.32727393366667
86,219,146.19899377457713,0.19206040559135223,0.8567627223389376,179.374088289,0.023060812213861626,146.19899377457713,179.374088289
86,193,164.5114715901465,0.1614138889754508,0.8584903552433408,181.21280385433332,0.02589440054138693,164.5114715901465,181.21280385433332
86,192,165.3142088279832,0.1356929397376529,0.8583785091267503,181.39188997533333,0.08108064268957292,165.3142088279832,181.39188997533333
86,190,172.00922240367697,0.15555876607133987,0.8565078078838623,182.23929419533331,0.08624597595282525,172.00922240367697,182.23929419533331
86,187,175.00006461439992,0.15303056417253008,0.8558935820763005,182.75198851300001,0.0370593529983649,175.00006461439992,182.75198851300001
86,186,175.4934930837611,0.1453956587348527,0.8556488936233628,182.84997461900002,0.033974956296181046,175.4934930837611,182.84997461900002
86,183,178.78712671918686,0.2973102807001411,0.8563365443734701,183.31389320033335,0.11599866651151959,178.78712671918686,183.31389320033335
86,177,178.20788939961412,0.25199904662964295,0.8566378645148426,184.88282208266665,0.23926509377410507,178.20788939961412,184.88282208266665
86,116,274.45050215771175,0.033092751261704745,0.8609119474411291,213.57112933333335,0.42668655239738307,274.45050215771175,213.57112933333335
86,83,381.05151346585683,0.24894367678735707,0.8573874385191307,279.969877904,0.6238461109690436,381.05151346585683,279.969877904
86,74,408.1255687116008,1.7422545098287847,0.8586051583258556,307.73803910933333,2.6542548026375323,408.1255687116008,307.73803910933333
86,17,459.9079122482713,,0.8561747743450039,383.1180447996667,0.6361842755483552,459.9079122482713,383.1180447996667
86,8,465.6110240572009,,0.8628515299341998,358.621019556,6.196426585945668,465.6110240572009,358.621019556
87,100000,0.5426202477321075,0.06527854450052677,0.871270575290599,174.64414440566668,0.07643543224982595,0.5426202477321075,174.64414440566668
87,749,42.64547709753833,0.08910134375638303,0.8691006819906809,175.34862143233332,0.014118729109461627,42.64547709753833,175.34862143233332
87,562,57.207201708010665,,0.8720323983955853,175.53635465699998,0.029118023811867653,57.207201708010665,175.53635465699998
87,236,131.67790260931434,0.2979564475236249,0.8697015640133713,178.040544708,0.06285977707049865,131.67790260931434,178.040544708
87,166,195.12687623398747,0.1793151539932049,0.8704357053107369,186.21174491633334,0.17251057248169377,195.12687623398747,186.21174491633334
87,127,254.00583230767467,,0.8693213304986477,203.22148924533334,0.20069008485135403,254.00583230767467,203.22148924533334
87,118,270.41083644444274,2.0019931730159106,0.8686141711332809,209.677219057,0.8987159789106018,270.41083644444274,209.677219057
87,101,310.32690751100426,0.2107015660872765,0.8654055911726446,231.33843460733337,0.37328241194323886,310.32690751100426,231.33843460733337
87,100,312.88873473022005,0.18375842610619786,0.8681267051918962,233.61798307433332,0.7815529933230874,312.88873473022005,233.61798307433332
87,84,372.89328570370884,0.05974047094373167,0.8703517910389832,269.758121227,1.1084978419740337,372.89328570370884,269.758121227
87,7,465.6693637861918,1.1430605275468284,0.8715924069715562,360.02078372716664,2.18009211311718,465.6693637861918,360.02078372716664
87,5,467.44547133584337,0.7563272127834723,0.8725990702095917,357.2146946123333,1.3885724048877015,467.44547133584337,357.2146946123333
87,0,465.86430003873807,,0.8748332899206271,358.55661641566667,0.6665829008919474,465.86430003873807,358.55661641566667
88,562340,0.09754570382676644,,0.8753809068995315,178.305008434,0.10680366919286141,0.0,178.305008434
88,562340,0.09754570382676644,,0.8753809068995315,178.305008434,0.10680366919286141,0.09754570382676644,178.305008434
88,10000,3.9561721171912345,0.0480874827038892,0.8773031804939982,177.746709111,0.10586753901168179,3.9561721171912345,177.746709111
88,1778,17.77489214068756,0.24224482240982484,0.8770644437191356,176.78599073266665,0.01759601244579034,17.77489214068756,176.78599073266665
88,1000,31.63125742080439,0.2871900724551704,0.8805680496258844,175.90713574183334,0.03860004886136364,31.63125742080439,175.90713574183334
88,236,129.9923102887996,0.3452937990744855,0.8777820857905727,178.06993398533334,0.0635832190159069,129.9923102887996,178.06993398533334
88,204,156.19462624327414,,0.8849636023044374,179.857358442,0.01372936407055776,156.19462624327414,179.857358442
88,170,191.4360601298467,0.14778617433095725,0.8812152246500619,185.26786579466668,0.04945967293461729,191.4360601298467,185.26786579466668
88,167,194.52115138899225,0.20966244425724676,0.878516347997282,185.85242286166667,0.14430741871601743,194.52115138899225,185.85242286166667
88,158,205.49782076393788,0.03443313427559992,0.8814171222011234,188.1840823916667,0.11751228359816843,205.49782076393788,188.1840823916667
88,153,210.99825132982943,0.26134493397057934,0.8841444454682018,189.36680030833335,0.1078436455050746,210.99825132982943,189.36680030833335
88,147,221.37993750988986,0.17385764256587422,0.8827055426435509,191.99434908366666,0.09554052307281614,221.37993750988986,191.99434908366666
88,142,228.90168571074483,0.041264771606138874,0.88307732682166,194.17035534033334,0.12149432429570148,228.90168571074483,194.17035534033334
88,133,243.82485248854303,0.29277414056706313,0.8777869472671963,199.46013387033335,0.09208911641040717,243.82485248854303,199.46013387033335
88,121,263.6695419116729,1.8055304564664691,0.8806594806485345,206.48479707266665,0.8273177780564632,263.6695419116729,206.48479707266665
88,120,265.7095190962211,0.9240527168326892,0.8813532743126361,207.0650689756667,0.10528833832179137,265.7095190962211,207.0650689756667
88,115,281.4580070038816,0.06023100431958442,0.8810716192639388,213.96426256466665,0.48469611464602763,281.4580070038816,213.96426256466665
88,100,322.45283439794815,0.1648481432885844,0.8766707744856288,236.69538499766668,0.7082464175220765,322.45283439794815,236.69538499766668
88,68,446.163220891845,,0.8841980124603992,346.80875986999996,3.727159277125478,446.163220891845,346.80875986999996
88,66,449.49652115727116,0.854011770575123,0.879411678780305,354.660059221,1.3742646877216764,449.49652115727116,354.660059221
88,65,453.64481655531586,0.5457946646350057,0.8802441173363896,361.9022614796666,1.1829298846415732,453.64481655531586,361.9022614796666
88,63,459.86603850414014,0.8825516733964341,0.8833210683107405,372.91373175000007,0.857863298931898,459.86603850414014,372.91373175000007
88,61,462.29567809276523,0.33350871143755034,0.8781161366040734,375.7576758436667,0.35520013761120867,462.29567809276523,375.7576758436667
88,60,462.20571089724035,0.4222375671568907,0.8761832104753557,377.6992871256667,0.7296986241753481,462.20571089724035,377.6992871256667
88,58,459.99039750628185,3.130023021320851,0.8818394091617371,364.47011207900005,0.22423797782259375,459.99039750628185,364.47011207900005
88,47,463.37345964958575,0.4230886718424918,0.8788051399854724,377.01948967800007,0.875300743933051,463.37345964958575,377.01948967800007
88,41,462.1950234532337,0.2645709075082435,0.8841333735721943,372.0378325743333,0.5199487463057717,462.1950234532337,372.0378325743333
88,17,459.2932956343586,0.40843644386126277,0.8824572201748374,372.332029229,2.0098125712373145,459.2932956343586,372.332029229
88,10,460.15937666878676,0.8839912207660899,0.8804100969778912,361.0657995848889,8.056282011227184,460.15937666878676,361.0657995848889
88,8,464.0203694651483,0.9674860473006397,0.8780050056657048,354.04543926599996,2.409674903789129,464.0203694651483,354.04543926599996
88,7,464.24506802187136,0.7515461952677122,0.8796730220272945,350.9210050966667,0.7278306490535547,464.24506802187136,350.9210050966667
88,5,464.8898277499,0.9276574950410008,0.8788056106222045,358.8270445946667,2.533436498648768,464.8898277499,358.8270445946667
88,3,467.3667291150285,1.6645207978599639,0.882669647442591,358.3261524166667,4.148526895588662,467.3667291150285,358.3261524166667
88,1,467.0577373643083,1.7782958945139062,0.8797936368236048,357.94954430116667,3.817357546848973,467.0577373643083,357.94954430116667
88,0,467.38525535356774,0.7606074071693943,0.8794129936375391,354.77380739,1.571436316162545,467.38525535356774,354.77380739
89,100000,0.5079244179682922,0.02014498771681704,0.889842316485998,174.48067628116667,0.10813882814648071,0.0,174.48067628116667
89,100000,0.5079244179682922,0.02014498771681704,0.889842316485998,174.48067628116667,0.10813882814648071,0.5079244179682922,174.48067628116667
89,1778,17.410296417848866,0.2721744767418037,0.8932380707842654,176.870276491,0.04932177959240594,17.410296417848866,176.870276491
89,364,86.27215515936747,0.04568568845714622,0.8888254307957767,174.81575475366665,0.03598916899422885,86.27215515936747,174.81575475366665
89,273,115.71017607942632,0.0469984243016949,0.8894365391015505,176.10666319966666,0.04227094066117963,115.71017607942632,176.10666319966666
89,236,131.96468625353643,4.347447492032119,0.8887394588571261,177.74208539316666,0.13703033941947318,131.96468625353643,177.74208539316666
89,190,171.63056234389316,0.1876078552604721,0.8861205008162036,181.929282619,0.06673377393110408,171.63056234389316,181.929282619
89,177,182.48256985725433,,0.8864041746591812,183.98321479900002,0.04609276107455304,182.48256985725433,183.98321479900002
89,123,263.66931145936167,,0.8850115349009793,206.22097720566668,0.13736041422597914,263.66931145936167,206.22097720566668
89,113,281.3700760470049,0.1312706394353959,0.886361283306464,213.21091788233332,0.17004865723219498,281.3700760470049,213.21091788233332
89,88,361.2348055095685,0.3385713662355169,0.8914106961883274,258.1234651516667,0.48825743524041154,361.2348055095685,258.1234651516667
89,86,365.72365596827336,0.18234997438002526,0.8912186433746268,263.2065365363333,0.45232197966302606,365.72365596827336,263.2065365363333
89,77,402.59355713233737,1.2502139057850916,0.8915829132653759,293.15213238399997,1.6680339790208918,402.59355713233737,293.15213238399997
89,74,416.0843588594715,2.448997146644572,0.892432244030524,308.74360157866664,2.283764185795521,416.0843588594715,308.74360157866664
89,11,419.68215742204393,2.463863167189412,0.8914305020942724,322.42978270633336,1.4392206134179277,419.68215742204393,322.42978270633336
89,66,433.24630875231327,,0.8905660169615291,328.44928187233336,1.5900969576885216,433.24630875231327,328.44928187233336
89,70,435.13350374788166,4.174545633838276,0.8896367262196954,331.779599232,4.844790547205119,435.13350374788166,331.779599232
89,63,452.61772321454936,0.14983371454139596,0.8929297957408386,356.15120871566666,0.39379262587470676,452.61772321454936,356.15120871566666
89,60,456.57489103376946,1.0353347968864546,0.887210914181075,360.70346810366664,1.3056307365727577,456.57489103376946,360.70346810366664
89,10,460.3407267413622,1.345662957027428,0.8896550921049047,356.5613278998333,3.2138482839625135,460.3407267413622,356.5613278998333
89,3,464.9713556371952,0.4711977909067102,0.8866863904381916,353.2787163076667,2.3961652588988303,464.9713556371952,353.2787163076667
89,7,465.00357733305236,1.4919595116376922,0.892448582254548,349.7910758136666,2.2543071717537284,465.00357733305236,349.7910758136666
90,10000,3.6459068555845726,0.13352867606523747,0.8997351714929681,177.51383455100003,0.16710631219863575,0.0,177.51383455100003
90,10000,3.6459068555845726,0.13352867606523747,0.8997351714929681,177.51383455100003,0.16710631219863575,3.6459068555845726,177.51383455100003
90,1000,31.526918997522603,0.13164755797981406,0.8994586078384081,176.01571384766666,0.08516507483581567,31.526918997522603,176.01571384766666
90,562,56.016420495743915,0.14801407685911364,0.9000346874549356,175.56056814666667,0.06591030989020291,56.016420495743915,175.56056814666667
90,421,74.5455094615772,0.02235991788683332,0.8986861247593243,175.34292983466665,0.061611737149731526,74.5455094615772,175.34292983466665
90,177,176.5069872159484,0.023782604583564095,0.9021925083849056,182.796821773,0.09612440437154521,176.5069872159484,182.796821773
90,107,287.5666215320088,0.1697928682810892,0.8992207729939095,217.004393664,0.23152187649353595,287.5666215320088,217.004393664
90,103,310.3178143039258,0.15271740850427948,0.9019074857277852,225.71512915533333,0.5766226616771668,310.3178143039258,225.71512915533333
90,97,329.31643733686116,0.13727647525965786,0.9025959346703184,236.39792267233335,0.2021501466592239,329.31643733686116,236.39792267233335
90,93,335.7485014890226,7.486407363001223,0.8994740310210495,241.29781320816664,3.263906129280307,335.7485014890226,241.29781320816664
90,92,331.33549041464835,0.3085129582766446,0.8993663634825332,241.84815451933332,0.30487544646397047,331.33549041464835,241.84815451933332
90,86,369.7688298236064,0.3011438654308234,0.8999551484759266,264.7589812196666,0.2311662395828765,369.7688298236064,264.7589812196666
90,80,389.07651564593397,1.2217634665475665,0.9025258235154571,279.0943034356667,0.9052131722877453,389.07651564593397,279.0943034356667
90,79,389.77697434394486,7.3542204037693235,0.9027201437527582,279.62293270083336,10.248600778921688,389.77697434394486,279.62293270083336
90,76,404.51488569702724,4.973153451262843,0.8971090929965491,289.9263109231667,8.340273363253003,404.51488569702724,289.9263109231667
90,65,446.7433126974759,3.63241165258519,0.9003594134036292,340.30283466099996,6.029786570260814,446.7433126974759,340.30283466099996
90,10,459.8724380381898,0.8700590662976154,0.8965750856715577,347.22395116533335,1.6743604371063954,459.8724380381898,347.22395116533335
90,8,463.25370603151487,0.032932935796347665,0.8988445008971258,343.538232701,1.3949322462326517,463.25370603151487,343.538232701
90,7,463.80538822041154,0.26840084367348654,0.9003820337299571,341.7640722483334,1.6159354948895213,463.80538822041154,341.7640722483334
90,5,465.03568062656706,0.982002222161964,0.9017580451800775,343.93928549099996,2.2327580406541485,465.03568062656706,343.93928549099996
90,0,466.234363275302,1.8931803328228183,0.9008357225611737,345.36742369200005,2.133015978251724,466.234363275302,345.36742369200005
91,100000,0.4861274062871083,0.0004230449542740143,0.9075383695964212,174.48810234500002,0.11077398236548291,0.0,174.48810234500002
91,100000,0.4861274062871083,0.0004230449542740143,0.9075383695964212,174.48810234500002,0.11077398236548291,0.4861274062871083,174.48810234500002
91,3162,10.06763397534094,0.14996423868059267,0.9091149577913165,177.62202537266668,0.025680350989935954,10.06763397534094,177.62202537266668
91,562,56.48064124717831,0.3189243935220305,0.9098826110976194,175.676768369,0.008237479909806177,56.48064124717831,175.676768369
91,421,73.71260349165378,0.30608905658939783,0.9109529090518691,175.16444920933336,0.0365418458869787,73.71260349165378,175.16444920933336
91,316,96.79569988662594,0.34111278318102506,0.9083747114297326,175.030886643,0.09870842377376204,96.79569988662594,175.030886643
91,236,133.51983614771154,0.10400235665605476,0.9095517775948162,177.455467215,0.015966307529926612,133.51983614771154,177.455467215
91,177,180.00007083124459,2.079750362432704,0.9083481953195716,183.122324724,0.06591628991658002,180.00007083124459,183.122324724
91,153,204.76770018407407,4.761842835874555,0.9089556352659399,188.4538356952222,0.26616766087364463,204.76770018407407,188.4538356952222
91,123,246.47215274895618,,0.9121429955496441,199.1172467273333,0.18114976635612767,246.47215274895618,199.1172467273333
91,115,280.2119167908866,0.254630264072869,0.9073485131675482,213.748555557,0.14064609376168602,280.2119167908866,213.748555557
91,107,291.79245822469096,8.043685841027616,0.9080732089089402,216.75341469733334,4.133620727133774,291.79245822469096,216.75341469733334
91,100,319.8474255501405,0.10674468528445338,0.9062733722955789,232.46110718966665,0.11009149218657467,319.8474255501405,232.46110718966665
91,98,325.3800916562067,0.12956178664146595,0.9057079579741816,233.67290346666664,0.4466349271024729,325.3800916562067,233.67290346666664
91,92,346.631204755473,0.3147016586515875,0.9071332333970415,247.01420343466665,0.04717187790979555,346.631204755473,247.01420343466665
91,82,368.67074882112274,0.05833651099133041,0.9096994373200223,260.43762897433334,0.7275968768122041,368.67074882112274,260.43762897433334
91,80,379.4663874780722,0.852330698095943,0.9088808367024174,267.46444590133336,0.5569153470291773,379.4663874780722,267.46444590133336
91,74,393.2022278321877,1.0560355644591704,0.9120236012876646,280.3926171796667,0.4688903600973161,393.2022278321877,280.3926171796667
91,70,427.0399153129949,8.41782298852316,0.9088339143478551,314.422607557,9.842345570859333,427.0399153129949,314.422607557
91,13,447.2938647284798,1.79103006240059,0.9121474348587617,333.84235612000003,4.68168292006744,447.2938647284798,333.84235612000003
91,11,458.4964989931589,0.5443611923288869,0.9101086388795115,350.49913747466667,0.8381392336210578,458.4964989931589,350.49913747466667
91,14,460.6166903040565,0.4672040003548151,0.9092453987144395,342.542444978,1.0570500704646872,460.6166903040565,342.542444978
91,10,461.43048973463414,0.16195182103770425,0.9057049965041702,341.9853297786667,0.9135599824878211,461.43048973463414,341.9853297786667
91,5,464.3887381841314,0.25005794845430146,0.9092268677822526,345.300786822,0.4155807823096149,464.3887381841314,345.300786822
91,3,465.15885524191066,1.0882298855853196,0.9114983102570509,342.3697945198333,1.7751824140507997,465.15885524191066,342.3697945198333
91,1,465.52685412211673,1.4682686901930815,0.9109229643972055,341.8108889846667,2.6835370048917606,465.52685412211673,341.8108889846667
91,0,465.7350427117719,0.6834569020579493,0.911015533410628,341.380705992,4.451792452282432,465.7350427117719,341.380705992
92,177827,0.2778014557366334,0.004284195720728777,0.9242907011285131,176.01973997233333,0.3381169185113217,0.0,176.01973997233333
92,177827,0.2778014557366334,0.004284195720728777,0.9242907011285131,176.01973997233333,0.3381169185113217,0.2778014557366334,176.01973997233333
92,100000,0.4862201420204342,0.0069295903705784215,0.9199795804847862,174.4494049985,0.10699431153939432,0.4862201420204342,174.4494049985
92,10000,3.710726976631186,0.13973901495750826,0.9165973909078271,177.39298937499998,0.1716435724296054,3.710726976631186,177.39298937499998
92,1778,17.49770103419281,0.08642520446534292,0.9169662106971916,176.91571280000002,0.062172549695186735,17.49770103419281,176.91571280000002
92,562,55.13505627848799,0.47494013865578055,0.9201911055699804,175.62632732844446,0.09818200863189348,55.13505627848799,175.62632732844446
92,421,73.51952058793938,0.06278421157829127,0.9170672790997927,175.144803184,0.07557332910615384,73.51952058793938,175.144803184
92,316,95.4141544149923,0.2541300490732475,0.9168705881284467,174.800766041,0.04160075570986898,95.4141544149923,174.800766041
92,177,177.23903805388395,2.9587607525746824,0.92116230542636,182.70720676733333,0.13272215348057412,177.23903805388395,182.70720676733333
92,153,205.0177951391478,3.1937364525413128,0.9183514138078133,187.20265714166666,0.22077009926995197,205.0177951391478,187.20265714166666
92,133,238.17337842166944,0.11914766130863665,0.9215906600782896,196.358268769,0.05391383866117931,238.17337842166944,196.358268769
92,123,254.01220021495607,4.992844650567898,0.920580262064554,202.59554398866666,0.09944280802984003,254.01220021495607,202.59554398866666
92,120,261.4324011263175,0.8642150099470174,0.924355504153336,204.049638978,0.4612390662571289,261.4324011263175,204.049638978
92,118,268.24803542038893,,0.9237144481268929,206.42048681100002,0.4359960045297487,268.24803542038893,206.42048681100002
92,115,273.4286592331597,0.2519296447168718,0.9209609580192146,207.35703866966665,0.1420947368038866,273.4286592331597,207.35703866966665
92,112,283.6860117401271,0.2308425898111742,0.9232384203141495,212.5132959916667,0.16883184230316517,283.6860117401271,212.5132959916667
92,88,358.2721067826567,0.13339583457518542,0.9222099492375062,250.82678898133335,0.14195672124373787,358.2721067826567,250.82678898133335
92,86,355.3057810657289,12.194433703812463,0.9225153141388646,255.10524597733334,0.4250600408323287,355.3057810657289,255.10524597733334
92,82,372.5785777732862,7.315770469005007,0.9215803799377383,260.51915115616663,6.945332520312338,372.5785777732862,260.51915115616663
92,79,390.49258970082946,0.60910290117077,0.915748372493408,277.35598366199997,0.7508522987966448,390.49258970082946,277.35598366199997
92,76,393.48034750370147,11.35045771829504,0.9201714518964268,278.36484091183337,12.268484005834521,393.48034750370147,278.36484091183337
92,66,429.22117780329296,2.6889170393718764,0.921645399304563,308.32567854766666,2.6444712988906534,429.22117780329296,308.32567854766666
92,61,434.28622085667547,0.4227634980529708,0.9196617408883392,318.309015026,0.583611690823143,434.28622085667547,318.309015026
92,60,436.7254355405991,,0.9230194249880239,321.6517804183333,0.8229326378262469,436.7254355405991,321.6517804183333
92,19,460.7877767552727,0.06400834923893803,0.9222566196262136,339.7192919336667,2.40865982944653,460.7877767552727,339.7192919336667
92,17,460.30500693122,0.19818400064999195,0.92362284140122,343.96423519833337,0.3922762124130834,460.30500693122,343.96423519833337
92,11,457.3462473120089,1.3417303692873033,0.9197393962913873,341.04646721544447,6.149064652647323,457.3462473120089,341.04646721544447
92,3,463.96521222059215,,0.9173991757079012,341.026747253,2.2634226793100765,463.96521222059215,341.026747253
92,1,464.18560768699075,1.828828182623743,0.9188815007940545,336.64118366366665,2.893810996194106,464.18560768699075,336.64118366366665
92,0,465.4915508710685,0.4992206863992755,0.9197917885754299,334.92497909499997,0.408811142657892,465.4915508710685,334.92497909499997
93,10000,3.340650337663075,0.050506990860407164,0.9335893763515585,177.22765883233333,0.10784674318435482,0.0,177.22765883233333
93,10000,3.340650337663075,0.050506990860407164,0.9335893763515585,177.22765883233333,0.10784674318435482,3.340650337663075,177.22765883233333
93,3162,9.888394659963621,0.0939512638511265,0.9278602230333655,177.68524414833334,0.040716104858405495,9.888394659963621,177.68524414833334
93,1000,30.828017050079023,0.04700462666284788,0.9270658970031591,176.11152939066667,0.018445588616032627,30.828017050079023,176.11152939066667
93,421,72.53328324170529,0.4246823298978196,0.929489292615024,175.09648838716666,0.03150109699005291,72.53328324170529,175.09648838716666
93,316,94.49522726739772,0.23963934914021048,0.9289761842643164,174.71365624733335,0.023207218516681442,94.49522726739772,174.71365624733335
93,236,129.77808594154556,2.6802621888809246,0.928621384095327,176.91361180383333,0.0657079973335242,129.77808594154556,176.91361180383333
93,177,172.90100991842257,0.9697019433699762,0.9299794649483137,182.06503377233332,0.28486968663890483,172.90100991842257,182.06503377233332
93,153,202.78786802482676,2.0056097723401454,0.9289892536808193,186.97312124866667,0.15335128763170938,202.78786802482676,186.97312124866667
93,133,229.479388350024,1.369489859268987,0.9284318965729901,195.17054117483335,0.16822417770713793,229.479388350024,195.17054117483335
93,115,269.2258472789829,2.8546675706866673,0.9317724805414785,207.06299814633334,0.13094212964626895,269.2258472789829,207.06299814633334
93,110,288.460801274184,0.09372557364685802,0.9306104690902984,214.58798943099998,0.056883822758837,288.460801274184,214.58798943099998
93,107,294.9979217283438,1.4054779481371795,0.9288480846881391,216.65567224716665,1.3603945176905723,294.9979217283438,216.65567224716665
93,95,309.4053841762541,0.8509147328855545,0.9303556915489958,220.91657275466665,0.5578322741726844,309.4053841762541,220.91657275466665
93,100,316.5618199203782,0.19755941221232923,0.9257570386053404,228.60083364700003,0.2792550671323486,316.5618199203782,228.60083364700003
93,98,319.20376604702017,0.0679221768665218,0.9340501755173519,226.68548788933333,0.3406888904438046,319.20376604702017,226.68548788933333
93,92,335.40304617674417,6.835149928515699,0.9291738496212643,237.71501707683333,5.355502878055725,335.40304617674417,237.71501707683333
93,86,337.52348822500824,1.8023776504801288,0.9278984927318971,241.41643487933334,1.8479610554206338,337.52348822500824,241.41643487933334
93,90,338.73586047065874,0.508919084546634,0.9285781479110645,237.513140827,0.4623646310904718,338.73586047065874,237.513140827
93,88,344.8629991712997,8.229215421542245,0.930404000602524,237.134776577,3.7622267260286013,344.8629991712997,237.134776577
93,89,353.95371278633405,0.04639283024999894,0.927257848556865,248.55895145766667,0.16995427699357085,353.95371278633405,248.55895145766667
93,84,358.2057154720658,6.1227633727775395,0.9314712637158779,246.0530397266667,5.154474305454586,358.2057154720658,246.0530397266667
93,83,363.1543148532586,11.384602610631742,0.9294375578876937,254.21181349688888,10.727096320185733,363.1543148532586,254.21181349688888
93,82,368.8879479114301,9.921184671495986,0.9294400092713508,254.67822663866664,9.23933550473457,368.8879479114301,254.67822663866664
93,77,373.8518923578376,2.128298158253152,0.9271889980208129,258.43964126333333,1.4728268982454054,373.8518923578376,258.43964126333333
93,80,374.31658255361504,1.3386664210695678,0.9309669164821281,259.71643466533334,1.003645723974089,374.31658255361504,259.71643466533334
93,76,383.0864404748883,4.837501292129113,0.9271423254846063,268.38011748533336,1.2214059973058178,383.0864404748883,268.38011748533336
93,74,396.49442167451923,7.43852822411345,0.9311508874370013,271.54047969199996,0.7479165784978953,396.49442167451923,271.54047969199996
93,70,408.3987231461127,,0.9318324839972264,283.19108495,1.099943986965294,408.3987231461127,283.19108495
93,66,416.93998824152857,0.32300928098455073,0.9323329196002819,296.15956636966666,0.5469497263470569,416.93998824152857,296.15956636966666
93,71,419.74047554126446,0.33375399056777266,0.9268910345007343,300.72129025,0.7357048883613807,419.74047554126446,300.72129025
93,65,428.64589104173615,1.3524404552955054,0.9305343766812207,307.91370643433333,1.597391410937966,428.64589104173615,307.91370643433333
93,63,446.4402780278856,16.7365156096551,0.931168526022565,315.36592498466666,1.5730641582247153,446.4402780278856,315.36592498466666
93,13,448.81901524234746,6.879060083581367,0.9286874225572429,338.522494341,10.685983859156075,448.81901524234746,338.522494341
93,58,455.69437217101637,6.056167609950849,0.9294588652872043,340.252873686,11.321854400987974,455.69437217101637,340.252873686
93,55,455.99424674040176,4.690140265867818,0.9292310012063816,341.67533415124996,10.366015955144588,455.99424674040176,341.67533415124996
93,22,457.6573917578446,0.9935178279419711,0.9263219337883157,351.854644058,1.229427587544213,457.6573917578446,351.854644058
93,17,457.80605419145314,1.935390595886915,0.9305665676537852,349.443782916,0.7251358500583093,457.80605419145314,349.443782916
93,61,458.6310857758887,0.6543459330825149,0.9298351098923455,349.54368336500005,0.7943364056182024,458.6310857758887,349.54368336500005
93,47,460.29497242929074,2.546641347005263,0.9287562447157535,354.87027032833333,0.5297543400617816,460.29497242929074,354.87027032833333
93,41,460.3284851901412,1.8794269425332657,0.9308350002111384,340.81659972183337,1.1486442924117553,460.3284851901412,340.81659972183337
93,60,460.3875272534062,0.4345964793022986,0.9297617220239595,353.34396170300005,0.4501936374470347,460.3875272534062,353.34396170300005
93,10,460.8532181451661,1.714732811317917,0.9261971887330882,334.74842396266666,0.9171873256662401,460.8532181451661,334.74842396266666
93,35,461.06466651936074,,0.930214202748581,336.6765609533333,0.07849082763372267,461.06466651936074,336.6765609533333
93,5,463.8822164012463,2.028834391264689,0.9346847810740089,328.1917753133334,1.634622540367874,463.8822164012463,328.1917753133334
94,177827,0.2765596767936054,0.0015517793426948966,0.9402914614274378,176.1258200133333,0.1580717349707258,0.0,176.1258200133333
94,177827,0.2765596767936054,0.0015517793426948966,0.9402914614274378,176.1258200133333,0.1580717349707258,0.2765596767936054,176.1258200133333
94,100000,0.48019888026982555,0.0163506937100345,0.9385800858164007,174.61832373483333,0.06575094215467021,0.48019888026982555,174.61832373483333
94,31622,1.2592755817666499,,0.9426431774940467,174.68347946266667,0.21244016551135356,1.2592755817666499,174.68347946266667
94,1778,17.075640962318612,0.4269119785369461,0.9383673656399741,177.06192129633334,0.0367664613710007,17.075640962318612,177.06192129633334
94,1000,30.660261829139415,0.14277294794913623,0.9395352209222049,176.16253109533332,0.05874097985818379,30.660261829139415,176.16253109533332
94,562,54.091553520361224,0.16732001303995037,0.9419657174683298,175.570439212,0.0412268142121143,54.091553520361224,175.570439212
94,421,71.08221778975842,0.4599789406439393,0.9421026145993077,175.05260540566667,0.03578746931369651,71.08221778975842,175.05260540566667
94,316,93.56171676404031,0.6052710988155642,0.9402220497915357,174.6413934395,0.10284264892978855,93.56171676404031,174.6413934395
94,236,125.95805560871854,0.12166406171809102,0.9434640305203662,176.8584213306667,0.03543365791376065,125.95805560871854,176.8584213306667
94,204,146.14708190695842,0.01575561663527294,0.9357953218147237,178.605624211,0.19874634813738556,146.14708190695842,178.605624211
94,177,171.55401467230809,0.5280879285061035,0.941277381568171,181.7419436893333,0.046068134774476285,171.55401467230809,181.7419436893333
94,164,185.81627619447693,0.12988062163861555,0.9392042612262809,183.76133843366665,0.15132802490878564,185.81627619447693,183.76133843366665
94,153,198.9486182643244,5.344506449745331,0.9426561816132037,185.83188210716665,0.527598361413545,198.9486182643244,185.83188210716665
94,142,214.24880649341867,,0.9434445986558185,189.49358673400002,0.29585723435115024,214.24880649341867,189.49358673400002
94,133,231.48963094754217,5.113912858556534,0.941250106042977,194.96287878233335,0.7763178766726837,231.48963094754217,194.96287878233335
94,123,254.1555900094172,0.42262845489857803,0.9375838926401908,200.43763574599998,0.2099387456334009,254.1555900094172,200.43763574599998
94,115,262.47328797093184,3.459070125155891,0.9384361043791736,204.87181858044445,1.74151529093921,262.47328797093184,204.87181858044445
94,104,301.7438975848283,0.13781495573739602,0.9388367110863713,218.13516419266668,0.26464246548557513,301.7438975848283,218.13516419266668
94,103,304.70801258393703,0.07011284790640279,0.9407001154732351,219.78730794266667,0.28601985218305787,304.70801258393703,219.78730794266667
94,100,301.37809312748016,4.295216162124469,0.9394401297856528,220.1586103142,2.1889689887462622,301.37809312748016,220.1586103142
94,97,315.2681123245567,6.847771134667581,0.9380132707359515,224.30722408933332,4.146010217488622,315.2681123245567,224.30722408933332
94,95,323.0806831484821,5.113674314329482,0.9398911827320422,228.68516823755556,2.5900995342188966,323.0806831484821,228.68516823755556
94,92,331.7973279217041,9.98978912096123,0.9403737064881925,233.67187916916666,3.91094930456798,331.7973279217041,233.67187916916666
94,89,342.462791674252,0.7448464510234767,0.9377431016191707,238.87933728233335,0.22682892689201953,342.462791674252,238.87933728233335
94,86,350.33919653258937,4.92290563432571,0.9394540440155299,242.80450219255556,4.726020764047468,350.33919653258937,242.80450219255556
94,84,356.62881643754673,6.998378104671851,0.9402450788325839,249.712242781,0.5391612300683459,356.62881643754673,249.712242781
94,80,367.4862624496798,,0.9377910729703612,251.54634320166667,0.4470435826646348,367.4862624496798,251.54634320166667
94,82,368.2967432785686,1.0754747807646463,0.9436017683626395,252.810306559,0.2377111086279219,368.2967432785686,252.810306559
94,79,376.35239805410146,8.48947395976111,0.9401994147410557,259.15536808683333,7.232676411547657,376.35239805410146,259.15536808683333
94,77,386.82989870249577,3.004373516447167,0.9440475291374204,265.4780268196667,3.0638252713356247,386.82989870249577,265.4780268196667
94,76,394.0282982328576,0.1390095243401154,0.9429348548287809,272.17604759233336,1.4072136407472289,394.0282982328576,272.17604759233336
94,72,402.53502574045314,0.5136263640110699,0.938717222995123,280.28952250466665,1.0230953963466296,402.53502574045314,280.28952250466665
94,74,402.9292554616963,6.437454402693683,0.9397296952391153,284.4300777974444,4.333548915340008,402.9292554616963,284.4300777974444
94,68,416.955733904114,4.511462457607872,0.9407986198696375,295.8855896665,9.878358122163105,416.955733904114,295.8855896665
94,70,421.86131859219097,11.141322103238647,0.9378902259708379,309.4661664546666,1.1454661023450967,421.86131859219097,309.4661664546666
94,61,439.639357735295,3.909765566677312,0.9428560977619612,311.1395751886667,2.132426423403164,439.639357735295,311.1395751886667
94,65,441.0657451645212,9.864159178920188,0.9406548981069909,312.56874592783333,17.45884705424836,441.0657451645212,312.56874592783333
94,60,445.1839530442667,4.971908687863392,0.9408412807791396,313.0867333703333,1.6477551235393448,445.1839530442667,313.0867333703333
94,50,449.83698438931725,4.149593290290077,0.9403897339430746,329.8788560086667,6.762483305326805,449.83698438931725,329.8788560086667
94,55,451.85120462597916,8.0783796897963,0.9389943506785035,332.8904668571667,16.91405396172714,451.85120462597916,332.8904668571667
94,13,453.1005328698186,4.237469401723377,0.9385180432245331,332.93532069022217,9.60950855109178,453.1005328698186,332.93532069022217
94,56,454.3372321430891,6.474358081369714,0.9424367688054911,332.8035216353333,0.7091986626631399,454.3372321430891,332.8035216353333
94,47,456.28113333568996,5.268464749491754,0.940936018865024,343.0281908096667,5.137726295682247,456.28113333568996,343.0281908096667
94,22,457.59281331411864,0.8453891730720127,0.9417502803476698,345.8485226486667,0.9053083623837982,457.59281331411864,345.8485226486667
94,31,458.26434031766803,1.1688290713039324,0.9394702272382589,349.8122091973334,1.0249070475252149,458.26434031766803,349.8122091973334
94,15,459.56470028565633,0.43022805365584194,0.9404497360120058,331.91594734166665,0.09631916953124908,459.56470028565633,331.91594734166665
94,43,460.09795620606076,0.7368868111788792,0.9426052460817798,338.77283647233327,3.2775128428908706,460.09795620606076,338.77283647233327
94,41,460.13807077718474,1.4783535000479178,0.9399004794768601,346.75796799966673,0.5683943006415106,460.13807077718474,346.75796799966673
94,10,460.39109826360794,0.49772795923949587,0.9386299977242998,327.6396976203334,0.1844609141449766,460.39109826360794,327.6396976203334
94,37,460.7085565367074,0.4103770296852437,0.9421963266115606,338.265241399,0.8419611269579035,460.7085565367074,338.265241399
94,38,461.16407896952,0.36684747394804584,0.941713818797612,336.91538656233337,0.8688079082755171,461.16407896952,336.91538656233337
94,39,461.4440633401036,0.27695414469378316,0.9385532807801186,339.358333766,0.6186186816825521,461.4440633401036,339.358333766
94,3,462.5201333541254,0.41729777144475144,0.9356945550712146,328.3865480696667,0.4402274789452095,462.5201333541254,328.3865480696667
94,1,462.8349460506504,0.3210638256093774,0.9361015045216755,329.428258673,0.8358138770534642,462.8349460506504,329.428258673
94,0,463.19304358932186,,0.935543125993805,328.45798276566666,0.6562663705040179,463.19304358932186,328.45798276566666
95,100000,0.49393868443725353,0.03464061323848183,0.9485698124658121,174.75092434716666,0.12232370407785928,0.0,174.75092434716666
95,100000,0.49393868443725353,0.03464061323848183,0.9485698124658121,174.75092434716666,0.12232370407785928,0.49393868443725353,174.75092434716666
95,10000,3.302121288818856,0.03805630078328143,0.9536923955956901,176.7118667963333,0.1895607176826885,3.302121288818856,176.7118667963333
95,562,53.750807002274826,0.6555828928229863,0.9503732402747185,175.54884551966666,0.05837123114237762,53.750807002274826,175.54884551966666
95,421,71.2394257066972,0.6544265763540165,0.9458520511628626,174.986234892,0.053357296576512114,71.2394257066972,174.986234892
95,316,92.59690561124664,0.49506338349473156,0.9484460918886403,174.58284744733336,0.06216777816539616,92.59690561124664,174.58284744733336
95,204,143.95557969175283,0.893029796216125,0.9517078119335025,177.972486624,0.03441635833165012,143.95557969175283,177.972486624
95,133,227.58961221979726,4.162546213662757,0.9489680949453129,193.23023122983332,0.30392298727817907,227.58961221979726,193.23023122983332
95,115,261.7761437790888,6.48815485075358,0.9490350501560971,203.06145636833332,1.9066756608467124,261.7761437790888,203.06145636833332
95,107,279.3754963081781,0.06189433696717777,0.9485091247641525,208.66489968533335,0.3408376027315828,279.3754963081781,208.66489968533335
95,103,290.14061472965386,0.03254296928169618,0.9476606817084293,212.1304021346667,0.3498676469654665,290.14061472965386,212.1304021346667
95,100,294.241602236558,8.237241194365614,0.9505598098793154,213.31963185666666,0.8489617552539275,294.241602236558,213.31963185666666
95,95,313.0772169527347,0.2598778893986356,0.9488106561685634,220.69089574466668,0.5702131236072484,313.0772169527347,220.69089574466668
95,92,320.9348426503303,6.0304221921525825,0.9491635847364994,223.63979464966667,2.2686888983085285,320.9348426503303,223.63979464966667
95,90,328.0141624626601,1.3965845534392156,0.9461831585632062,228.82810161166665,0.48447624355031116,328.0141624626601,228.82810161166665
95,89,329.7241651758386,0.9667310968374971,0.9489508313249996,228.96291767900001,0.8100355497181642,329.7241651758386,228.96291767900001
95,86,346.257336228035,8.858272708435843,0.9492552915024973,238.41738622383332,8.085260977999198,346.257336228035,238.41738622383332
95,88,346.89863035854415,0.2155063747115523,0.9504747768174799,239.83085024833335,0.4408128795451429,346.89863035854415,239.83085024833335
95,82,351.33369901452744,2.479355519300043,0.9507119312936113,238.95302910566667,1.605217678395299,351.33369901452744,238.95302910566667
95,83,363.4398167639785,0.8956441771047372,0.9459028004062697,249.05582204433335,1.2334675616489248,363.4398167639785,249.05582204433335
95,79,371.3165270142977,10.090651915782301,0.948827324376852,251.13813955883333,7.687579885119379,371.3165270142977,251.13813955883333
95,74,384.1696670845265,2.5021045279117766,0.951529582582352,259.87006174066664,1.744771732394663,384.1696670845265,259.87006174066664
95,76,392.73870901140515,0.48230754116482116,0.9473639210482024,271.08011687933333,0.6715959901967727,392.73870901140515,271.08011687933333
95,71,407.84424674098983,2.1575749487432625,0.947823087651828,281.3682375985,3.5030288913180136,407.84424674098983,281.3682375985
95,72,408.8484069977142,8.33391458343931,0.9502693540295235,283.02339022666666,9.065077109635528,408.8484069977142,283.02339022666666
95,70,409.8412416148208,4.021045561164123,0.9493975215920418,281.2871498526667,7.672390967685879,409.8412416148208,281.2871498526667
95,65,424.8197321615789,1.886637908114076,0.9492448938634191,294.342820813,0.4460000030095616,424.8197321615789,294.342820813
95,68,427.2030185990608,4.353874241316402,0.9478610151891753,304.51312467866666,6.082690897350235,427.2030185990608,304.51312467866666
95,66,431.3796024048949,12.192749587165535,0.9507501535195373,304.88795712383336,17.67656189850795,431.3796024048949,304.88795712383336
95,61,438.5704112393713,0.6029297716734473,0.9489190997104479,305.1768535836666,3.6749273772670037,438.5704112393713,305.1768535836666
95,63,440.4527590579704,10.050296124201083,0.9513381664576999,323.5991619786667,14.058476430987369,440.4527590579704,323.5991619786667
95,60,447.3584457119855,8.951414939951029,0.9488795704111338,327.0529460145556,13.954945801804234,447.3584457119855,327.0529460145556
95,55,448.77556857779365,6.381728854993895,0.9507932536786388,324.681878199,0.1746040213890466,448.77556857779365,324.681878199
95,58,449.55093789146906,7.034731456199396,0.9489857601424582,332.8766040957778,11.84297369278526,449.55093789146906,332.8766040957778
95,14,452.0691538907572,3.671746845070104,0.9492966027299051,326.80506017566665,0.8863231750348906,452.0691538907572,326.80506017566665
95,13,456.75727747541225,0.5484362454040043,0.9479181427187358,338.4664044466667,0.6084303116537972,456.75727747541225,338.4664044466667
95,17,457.6225941674278,1.684256553268758,0.9481826986786269,337.1167101415556,4.263460936415927,457.6225941674278,337.1167101415556
95,22,458.7005077495367,0.40031488275976224,0.949875938344168,336.54983365666664,0.6510655539544123,458.7005077495367,336.54983365666664
95,31,458.7634824498378,0.2867219886166155,0.949444818350209,339.72072056466664,2.910531759224738,458.7634824498378,339.72072056466664
95,0,458.89856841837104,1.545932592028423,0.9497834485748227,322.90163486166665,0.5208987887753841,458.89856841837104,322.90163486166665
95,10,459.0796611847828,,0.9529542053700205,321.0027458846667,0.3616987366095216,459.0796611847828,321.0027458846667
95,47,459.39370284161777,2.8407010911623245,0.9491172300432981,336.97027222291666,7.115840979314837,459.39370284161777,336.97027222291666
95,50,459.78625481719774,1.9982113316879206,0.9482546241559149,339.02930858350004,8.471739105631222,459.78625481719774,339.02930858350004
95,19,459.8017231077079,0.15387513426277893,0.9470407058251102,332.63681694,1.2847549413846642,459.8017231077079,332.63681694
95,1,459.8502897813059,1.1452130464186063,0.9513469243663478,322.456589925,0.18921877002243379,459.8502897813059,322.456589925
95,3,460.0645807490892,2.8108509533129755,0.9515159011930491,323.38496457266666,2.146485425427829,460.0645807490892,323.38496457266666
95,41,460.25183539242374,0.7113645401887196,0.9502779301375774,334.580737127,0.09389253743739931,460.25183539242374,334.580737127
96,31622,1.21870616826715,0.04393370056215116,0.9634887508060346,174.58143738733335,0.12264517733074586,0.0,174.58143738733335
96,31622,1.21870616826715,0.04393370056215116,0.9634887508060346,174.58143738733335,0.12264517733074586,1.21870616826715,174.58143738733335
96,3162,9.942123687516698,,0.9555445578547076,177.614989628,0.04834738958162121,9.942123687516698,177.614989628
96,1778,17.092817418640365,0.13990778365606824,0.9605287822478252,177.014224109,0.06888226237037248,17.092817418640365,177.014224109
96,1000,30.383727559199713,0.25617761416742063,0.958163946060231,176.183182142,0.059855956778894666,30.383727559199713,176.183182142
96,562,53.11288314857268,0.32056720034945363,0.9600374455634646,175.70251126433334,0.08037882061507784,53.11288314857268,175.70251126433334
96,421,70.3300533567397,0.3700148650486831,0.9569641825359333,174.95423760933332,0.03185679619550904,70.3300533567397,174.95423760933332
96,316,91.71848318714886,,0.9626683275002281,174.35893368633333,0.020740746195056604,91.71848318714886,174.35893368633333
96,236,124.71576605420769,1.0785929740500122,0.9581657857934793,176.56049142233334,0.06748405766990041,124.71576605420769,176.56049142233334
96,204,142.96447825938117,0.46170962656468484,0.9558265433462714,177.96736601866667,0.08721414675522274,142.96447825938117,177.96736601866667
96,177,168.89697191510348,0.17643551220782105,0.9602602032665541,181.029212809,0.08080820331871927,168.89697191510348,181.029212809
96,153,194.73186485956668,0.3202298698572728,0.958494791965649,185.214634434,0.0276093154552547,194.73186485956668,185.214634434
96,84,342.0679406512347,0.05561741961587073,0.9648127402818828,232.021169225,0.6054947789623494,342.0679406512347,232.021169225
96,76,378.0903775434549,2.9085101102135225,0.9601117491904118,252.98875218866667,2.243089517374942,378.0903775434549,252.98875218866667
96,74,387.72321695390775,1.5405990883757774,0.9569195916361402,264.50226978899997,1.5807257311021536,387.72321695390775,264.50226978899997
96,68,412.34132626976424,4.609860706488822,0.9628097714198277,279.905388282,3.1648795518611377,412.34132626976424,279.905388282
96,63,423.2898723067757,0.42961197619181285,0.9563281533063834,297.59805600100003,1.8945316469452427,423.2898723067757,297.59805600100003
96,60,438.17358152008654,,0.9647186074995752,302.52991357366665,1.6179821567834385,438.17358152008654,302.52991357366665
96,41,460.158593030517,0.2885277653906188,0.9580206315582764,339.7199610576667,1.2009966582933826,460.158593030517,339.7199610576667
96,35,458.34060337598,0.0775095136693019,0.9558217806600128,330.863468392,0.3280435135169233,458.34060337598,330.863468392
96,32,460.93099931830534,0.18712833156105954,0.9592691754398722,329.740034094,0.3326579211406026,460.93099931830534,329.740034094
96,31,458.8732902099652,1.179284157155041,0.9593103993697272,334.3423209505556,3.247335419019676,458.8732902099652,334.3423209505556
96,29,460.9600255078448,0.4068666048070141,0.9587444277026731,329.9123357856667,0.49181484186081126,460.9600255078448,329.9123357856667
96,28,460.4603548768786,0.5483389820103475,0.9606016265302774,330.00121492266663,0.8732044546229701,460.4603548768786,330.00121492266663
96,26,459.3346203923856,0.06425531955092745,0.960963067095128,329.877503844,1.2770285512566693,459.3346203923856,329.877503844
96,22,458.2812586928079,1.026291234776163,0.9583901978851214,335.43169025783334,3.7578444151854553,458.2812586928079,335.43169025783334
96,17,457.1453281229496,1.4346293424264327,0.9601175270997134,334.37696795591665,3.130472803776877,457.1453281229496,334.37696795591665
97,100000,0.4647908068143981,0.012195068034278807,0.9654968690543679,174.95290064533333,0.1269111893518698,0.0,174.95290064533333
97,100000,0.4647908068143981,0.012195068034278807,0.9654968690543679,174.95290064533333,0.1269111893518698,0.4647908068143981,174.95290064533333
97,3162,9.974610995043484,,0.9719815363508233,177.59952191166667,0.034307927695071135,9.974610995043484,177.59952191166667
97,562,52.89645130913812,0.09300492625635029,0.9664415740662162,175.62233899066666,0.017186830528196976,52.89645130913812,175.62233899066666
97,421,69.84059581097496,0.1909076784542988,0.9700472867199165,174.81144564466663,0.008216422112538155,69.84059581097496,174.81144564466663
97,236,122.73035525146639,,0.9745718562747979,176.243310844,0.06593290330996764,122.73035525146639,176.243310844
97,177,167.78965482569149,0.34860222563110027,0.9697091023832437,180.82834623899998,0.10717262402249914,167.78965482569149,180.82834623899998
97,133,220.7951747124838,0.3609176939332973,0.9690248817710397,190.881779732,0.11424037395653587,220.7951747124838,190.881779732
97,115,250.81509881711736,0.8031335788432069,0.9692120416424371,198.73616689166667,0.11689266204779573,250.81509881711736,198.73616689166667
97,100,289.87577728681487,0.4769790597926733,0.9678481590702758,211.35231711233334,0.26387889379785173,289.87577728681487,211.35231711233334
97,92,311.04328244798467,1.094903783887164,0.9708429915913516,222.48954812533336,0.7843538808115283,311.04328244798467,222.48954812533336
97,86,333.2877415913333,2.0987024123546387,0.968704170236762,227.1521963115,2.591831068499296,333.2877415913333,227.1521963115
97,83,343.45118415389055,2.5844560781744415,0.9681619929355771,232.992497348,1.247045101713815,343.45118415389055,232.992497348
97,82,350.42682697992115,0.20852272605110467,0.9687601954790237,239.0499310383333,0.25556680465202253,350.42682697992115,239.0499310383333
97,80,354.9240745244342,1.316589431117209,0.9672756802365102,236.97009778466668,0.9432707547448739,354.9240745244342,236.97009778466668
97,79,360.26695408468044,2.2962382169069215,0.9680728054894953,240.665159586,1.7730841929549894,360.26695408468044,240.665159586
97,76,371.41773602752363,0.7475357782411635,0.9656472353493194,248.62699855033335,0.9840486921284328,371.41773602752363,248.62699855033335
97,74,378.49110139125423,3.362918351338164,0.9696156925286866,258.93449868266663,2.313054833609602,378.49110139125423,258.93449868266663
97,72,391.17840622529997,,0.9655400201435157,260.434497213,2.0105192626309827,391.17840622529997,260.434497213
97,71,396.3313768087727,2.919000376429798,0.9708009508946539,266.4519326143333,1.5555627157833225,396.3313768087727,266.4519326143333
97,70,398.7107483149964,1.933087661593486,0.9692452613772664,267.594474386,2.9616023902994977,398.7107483149964,267.594474386
97,66,413.63956684253225,2.28492726099912,0.9676344875615875,283.53638620866667,1.7140839857823917,413.63956684253225,283.53638620866667
97,65,413.2831545222709,1.5262320997546928,0.9691218407995351,283.46899280866666,1.3778822670121191,413.2831545222709,283.46899280866666
97,63,427.96655256153707,1.5315483697596237,0.9694127746059953,291.75109956,3.632176645322695,427.96655256153707,291.75109956
97,61,432.6899771926748,1.8548188608424276,0.9674142462444877,298.258481757,0.4600469184765701,432.6899771926748,298.258481757
97,58,439.78334042989724,5.564952082901657,0.9680487288706151,305.573643485,5.178203889355103,439.78334042989724,305.573643485
97,55,445.8105697923084,1.681324829715263,0.9676445438262297,312.4683012726667,2.042114531831479,445.8105697923084,312.4683012726667
97,50,446.0631721113585,0.526520534361032,0.970896760646189,312.8463377396667,0.3375717672926716,446.0631721113585,312.8463377396667
97,47,450.724779553894,0.8499244512490765,0.9684688949914959,318.3724033436667,0.6464607287001068,450.724779553894,318.3724033436667
97,43,453.5927215537633,0.8659860472419868,0.9674356801297632,320.32765848633335,0.630719042431906,453.5927215537633,320.32765848633335
97,41,453.86958744406365,0.797725611852552,0.9677847831985762,321.6026781383334,0.4769512962315102,453.86958744406365,321.6026781383334
97,37,457.77899121921337,3.354067374353919,0.9706985260985478,323.92782364650003,2.0159373878375497,457.77899121921337,323.92782364650003
97,35,458.0898527365505,3.3727880818883538,0.9704395926411404,324.68063939116666,1.0234963683298919,458.0898527365505,324.68063939116666
97,31,459.24754279144145,0.6556764353862253,0.9688049582705488,330.64711293283335,5.344696154562347,459.24754279144145,330.64711293283335
97,22,457.7088859497556,0.8626902956273665,0.9674260401469827,331.40138889288886,3.2401122524286814,457.7088859497556,331.40138889288886
97,17,459.21237224179004,0.6102894111080469,0.9715032889302591,324.48359524800003,0.7249668253403038,459.21237224179004,324.48359524800003
97,11,459.02314344049563,0.5576928275876105,0.9746013958417188,311.84524063633336,0.6143923643892886,459.02314344049563,311.84524063633336
97,10,461.59175744862324,0.28230989397280587,0.96971074808514,315.45070301000004,1.5835901201566813,461.59175744862324,315.45070301000004
97,7,464.7850604878427,1.2053433961581999,0.9674610755911477,311.2520506183333,0.9448175564569756,464.7850604878427,311.2520506183333
97,5,464.24115793921834,1.5179906418968216,0.9677216159433133,310.84909793766667,1.1106206130503702,464.24115793921834,310.84909793766667
97,3,465.0123748170875,0.6247544509257016,0.969168984671542,312.56157354733335,0.8601285441574322,465.0123748170875,312.56157354733335
97,1,463.512451717525,1.6182841986572478,0.9688317885528984,311.3044579723333,0.27134685166231726,463.512451717525,311.3044579723333
97,0,464.8278605361695,0.5672449501535822,0.9687417112533804,310.13496736133334,0.8241555101021335,464.8278605361695,310.13496736133334
98,10000,3.1598756450213474,0.021824706874031034,0.9764499172880846,176.49227882266666,0.12642549993882737,0.0,176.49227882266666
98,10000,3.1598756450213474,0.021824706874031034,0.9764499172880846,176.49227882266666,0.12642549993882737,3.1598756450213474,176.49227882266666
98,5623,5.53333344636889,0.06035669164574669,0.9777447359436916,177.24721405233333,0.17153192892775726,5.53333344636889,177.24721405233333
98,3162,9.648419912660465,0.16612195588628276,0.9792920642502377,177.65423685866665,0.04719575455103309,9.648419912660465,177.65423685866665
98,1778,17.14842667945254,0.18438879160544058,0.9764227338097072,177.122860188,0.04685261546850991,17.14842667945254,177.122860188
98,1000,30.32648574641823,,0.9755490156732475,176.207598534,0.02040523169697245,30.32648574641823,176.207598534
98,562,52.877060059860376,0.12122968467506226,0.9800046257258562,175.67168412066667,0.02423044461496695,52.877060059860376,175.67168412066667
98,421,69.26663448971593,0.2777954696518676,0.982393403722782,174.83990855866668,0.02026856282088517,69.26663448971593,174.83990855866668
98,316,90.72281165472369,0.27004505929822764,0.979120048930003,174.3633166561667,0.06299265247209575,90.72281165472369,174.3633166561667
98,236,122.54391073259032,0.31718067161959895,0.9803404676217882,176.02233435266666,0.028595921505367893,122.54391073259032,176.02233435266666
98,177,168.08426694178198,0.2987544028872639,0.979344319341323,180.6710967176667,0.1358167148386998,168.08426694178198,180.6710967176667
98,153,192.88471974211902,0.11899939699239521,0.9794589562995849,184.693740639,0.26358884930839765,192.88471974211902,184.693740639
98,133,218.61444700806385,0.348660208348032,0.9818186763023071,190.28999914933334,0.07738730294328114,218.61444700806385,190.28999914933334
98,115,249.47559407870142,1.0279812569275577,0.9811573779835921,197.59541399366665,0.39652085090866745,249.47559407870142,197.59541399366665
98,107,267.33622641480974,0.3591306102410384,0.9813766128055775,202.36956199433334,0.1490063397846181,267.33622641480974,202.36956199433334
98,100,288.3153111149823,0.8050311411396024,0.982103750958411,210.311644013,0.3276565766471411,288.3153111149823,210.311644013
98,95,299.3643949856094,0.7515912643352585,0.9805558591645229,212.988823096,0.31365572978113004,299.3643949856094,212.988823096
98,92,307.18153506296125,1.2603218579009905,0.9801251879514655,214.90568484666665,0.6542286690333105,307.18153506296125,214.90568484666665
98,90,317.22623747356016,1.817019417394117,0.9793398727767317,218.48115949866667,0.48261448295304715,317.22623747356016,218.48115949866667
98,89,321.4571415480664,1.4959898782930714,0.9806464025036571,220.27595822833334,0.6844144428373677,321.4571415480664,220.27595822833334
98,88,321.7171488731741,1.832528594578772,0.9774665281686715,219.81608200066668,0.6386831941299849,321.7171488731741,219.81608200066668
98,82,347.66307074727047,1.1020960590410638,0.9788942764132251,231.39624264633335,0.9214137419845513,347.66307074727047,231.39624264633335
98,79,356.86435560672976,0.2239773233658854,0.9774508073715918,237.10654010266668,0.8428697729452233,356.86435560672976,237.10654010266668
98,77,363.84754042361175,5.643520434916576,0.9783269429226769,242.24426402266667,3.658354036277457,363.84754042361175,242.24426402266667
98,76,369.8369391409683,1.1174057060721774,0.983477480027339,250.72438426333335,1.0850274157426156,369.8369391409683,250.72438426333335
98,74,379.80772370811377,1.5452143369369993,0.9787430241731238,252.36405085366667,0.652603593700729,379.80772370811377,252.36405085366667
98,71,391.3541334625654,,0.9752884710130099,260.15050239199996,1.6249413795540713,391.3541334625654,260.15050239199996
98,70,396.1367869913229,2.531149505054432,0.9759320866565797,263.91405533666665,1.934514235715323,396.1367869913229,263.91405533666665
98,68,399.69164304939954,0.5172107872737789,0.9825999352002187,272.6719623133333,0.28044792567577653,399.69164304939954,272.6719623133333
98,13,425.0828962054484,1.4059061153765238,0.9838365204151526,295.940905287,2.3576601724382025,425.0828962054484,295.940905287
98,60,433.24306954001537,0.3021786766267746,0.9766907739169751,296.444491637,0.10960491051846948,433.24306954001537,296.444491637
98,55,437.31565627699683,2.3147499905709146,0.9804087716178517,300.95007740566666,1.058246260840388,437.31565627699683,300.95007740566666
98,58,438.86973392609985,1.1635464136375924,0.9792209163556894,302.0652663893333,0.9561548304870022,438.86973392609985,302.0652663893333
98,56,446.4997593130024,0.3013885071762863,0.9792515012762877,307.67126146933333,0.2939087461504626,446.4997593130024,307.67126146933333
98,50,447.95539568012094,8.465874046140224,0.9793059647265004,312.41846426633333,7.7646650276683955,447.95539568012094,312.41846426633333
98,47,448.77790894334953,5.964999029302204,0.9831959728542238,310.211797284,0.3974121600256688,448.77790894334953,310.211797284
98,45,451.37964485584024,3.3877885706338007,0.9828517514559897,313.1704628723333,0.7209239637276724,451.37964485584024,313.1704628723333
98,53,451.4386184932787,1.3558082173947785,0.976912585856204,312.91286878433334,1.2993054979105785,451.4386184932787,312.91286878433334
98,44,451.8240970958432,2.0759478021417537,0.9839980935011857,316.01908254999995,1.1422294027304243,451.8240970958432,316.01908254999995
98,52,454.8640232262381,1.152740715601824,0.9767745576396847,316.67508285133334,0.6651375261056737,454.8640232262381,316.67508285133334
98,43,456.2759625933436,1.9023285783426078,0.9792903777373739,318.13571971566665,0.5573822323817668,456.2759625933436,318.13571971566665
98,31,456.79588522779136,0.32331643849051644,0.9842377318653748,318.81629994866665,0.2858729506296109,456.79588522779136,318.81629994866665
98,41,458.08174337439306,1.2726431778505458,0.9817433841764621,320.38231414850003,1.4989555064315834,458.08174337439306,320.38231414850003
98,35,458.7598965419805,0.695855606589793,0.9820297477342406,318.8021256216667,0.623574845886783,458.7598965419805,318.8021256216667
98,22,459.3313099922074,0.281777546107731,0.9807170441481543,320.87568971900004,0.24480936375831458,459.3313099922074,320.87568971900004
98,17,459.91574130769726,0.6842805925066779,0.9793838307713468,321.2584408476667,0.9888665105065844,459.91574130769726,321.2584408476667
99,10000,3.0273160944256623,0.04254968916688497,0.9947563666010311,176.14617990800002,0.1266817089830657,0.0,176.14617990800002
99,10000,3.0273160944256623,0.04254968916688497,0.9947563666010311,176.14617990800002,0.1266817089830657,3.0273160944256623,176.14617990800002
99,1778,17.026979583330945,0.10661168869078659,0.9874456539976171,177.17800141233332,0.08082512281736522,17.026979583330945,177.17800141233332
99,1000,30.530910048238667,0.20866251444800657,0.9902667794055428,176.30214566283334,0.03095900829190319,30.530910048238667,176.30214566283334
99,562,53.098416849286515,0.10152550922942978,0.9900236276948446,175.7037325315,0.09279945425490708,53.098416849286515,175.7037325315
99,421,69.77316887210227,0.3040339549312308,0.9931071469856277,175.00303728216667,0.05898248672033783,69.77316887210227,175.00303728216667
99,316,91.23392050249312,0.840826464220617,0.9918222458892488,174.30527852366666,0.12799411660590365,91.23392050249312,174.30527852366666
99,236,123.62355774150883,0.29439444254341257,0.9904187711789025,176.23964757433336,0.047173521098084016,123.62355774150883,176.23964757433336
99,177,166.54752072475938,1.3189822884416946,0.9886596506618476,180.32413936733334,0.040181444612572864,166.54752072475938,180.32413936733334
99,153,190.80987604658662,0.5659097918178971,0.9898014591236048,184.41639107666666,0.07858806708363367,190.80987604658662,184.41639107666666
99,133,218.32536627226025,0.08446438810783272,0.9906100101718579,190.23060066600002,0.07391597965223841,218.32536627226025,190.23060066600002
99,115,254.51395841219266,3.1952755839221862,0.9909044574126573,199.101154565,0.25133195040605016,254.51395841219266,199.101154565
99,107,277.8015881302334,0.19044475974103126,0.9932095613024424,203.970638513,0.046812713566030076,277.8015881302334,203.970638513
99,100,292.2666708434444,3.8265865693328567,0.9921297653657458,210.13662451466666,0.32864790765841784,292.2666708434444,210.13662451466666
99,97,305.31080819139703,0.9727335418597106,0.9936492792428723,212.32344874966668,0.4180093215919325,305.31080819139703,212.32344874966668
99,95,310.58278414033185,0.6980323752167835,0.9930155342081649,213.299207701,0.14566130696225085,310.58278414033185,213.299207701
99,93,317.43145065916156,0.20088757201320118,0.9935067741617868,216.12386475999998,0.3617533451210698,317.43145065916156,216.12386475999998
99,92,314.65904484429063,5.238486387361833,0.9928052116336841,216.48616640222224,1.4065721770449398,314.65904484429063,216.48616640222224
99,89,323.27591815406544,0.013714388282739676,0.9879955469966403,221.43094041966665,0.16834364702994406,323.27591815406544,221.43094041966665
99,88,326.7147134709205,0.36627349268960324,0.988827081454569,223.036312014,0.28353089800305864,326.7147134709205,223.036312014
99,86,336.8394914085931,4.9573959583077425,0.9926025202982939,228.32819439416667,2.6462575830449584,336.8394914085931,228.32819439416667
99,84,339.6719516476271,0.23198760377023428,0.9904502420297113,227.32768761666668,0.4434810014474634,339.6719516476271,227.32768761666668
99,83,344.1953486272734,0.2089579732985016,0.9897476419061834,230.048795445,0.0580672167114114,344.1953486272734,230.048795445
99,82,349.7266689297502,3.817706392141765,0.9919455988895656,230.62955450299998,2.378295252106494,349.7266689297502,230.62955450299998
99,80,349.558552965101,1.7418106513716527,0.988620968312759,232.15591246099999,1.3600112957851929,349.558552965101,232.15591246099999
99,79,358.33637553689437,4.237262973770317,0.9900644394613818,235.97549769233333,1.4507069925761176,358.33637553689437,235.97549769233333
99,77,366.13154233698805,5.400988474055084,0.9917808115507273,238.43013820166667,1.359893747283002,366.13154233698805,238.43013820166667
99,76,371.53114694891707,4.024985884369248,0.9920239414139993,240.88218853766668,1.07930149508122,371.53114694891707,240.88218853766668
99,74,381.6913362581856,3.922894242963533,0.9909592660364736,249.75425002666668,1.1547896054079803,381.6913362581856,249.75425002666668
99,72,388.0967384375005,4.397954992717979,0.9911587391048463,252.817173035,1.5212016063283722,388.0967384375005,252.817173035
99,71,392.8123875220792,5.131090308406287,0.9907715413139088,257.82833110666667,1.1236159446149476,392.8123875220792,257.82833110666667
99,70,393.0229550034098,7.7109627618943355,0.9928968712507635,259.02451462933334,3.2322865209099634,393.0229550034098,259.02451462933334
99,68,405.09960044303944,3.9068524677700855,0.9911623264616144,266.3606591595,2.5971244914336333,405.09960044303944,266.3606591595
99,66,416.04860805546485,5.5895876559420845,0.9913389175810295,274.66835964,2.319342100776438,416.04860805546485,274.66835964
99,65,419.23322600772195,6.263692538308317,0.9905739692849874,276.61427848266663,2.161713600500716,419.23322600772195,276.61427848266663
99,63,425.7141944787817,4.932754096713334,0.9905467671919018,282.78003460244446,3.2345218594821725,425.7141944787817,282.78003460244446
99,61,423.7923330389147,6.338512435762428,0.990040705090181,285.6952980616667,2.312883256910481,423.7923330389147,285.6952980616667
99,60,436.92609768491224,5.319471869441263,0.9916759711859086,292.84772829216666,2.20319002064,436.92609768491224,292.84772829216666
99,58,441.1954357346378,3.360482146549256,0.9926816204646889,297.5447677997778,2.70831818801637,441.1954357346378,297.5447677997778
99,55,448.2329174807598,3.563760579322634,0.9902869500952749,306.62986855,1.3487201064435446,448.2329174807598,306.62986855
99,52,451.2960949771073,0.5134332531589343,0.9902737698199348,307.5911966323333,1.4902266714747854,451.2960949771073,307.5911966323333
99,14,451.6731691978303,,0.9856210348403841,306.73644190433333,1.495353374172852,451.6731691978303,306.73644190433333
99,50,453.9408900468491,0.9556612896426355,0.9906041737545977,312.16116771549997,1.4949212564837873,453.9408900468491,312.16116771549997
99,17,457.2278920103531,2.1788275710231417,0.9905909800043076,312.798297777,2.410811939755752,457.2278920103531,312.798297777
99,48,457.563750746813,0.5853118424153301,0.9936512145642067,312.8233389366667,0.3429296943996295,457.563750746813,312.8233389366667
99,22,457.94915556465185,1.2457322637441746,0.9938680166263113,311.5098100473333,2.242366765982271,457.94915556465185,311.5098100473333
99,31,458.5749085625664,1.7516388198721948,0.9915886258756923,316.038703401,1.9017652668302387,458.5749085625664,316.038703401
99,0,458.76681268759677,1.3470903414691942,0.9875559168076494,307.2745691766667,0.42059760430170945,458.76681268759677,307.2745691766667
99,47,458.96602006969925,2.750513877924537,0.9906523550908697,315.2762578857778,1.669471435734109,458.96602006969925,315.2762578857778
99,10,459.23061625290023,1.0517923741903965,0.9886068393018493,309.93276171733334,1.5863479683829091,459.23061625290023,309.93276171733334
99,35,459.32151914606493,0.45964229759434366,0.9908550637800717,313.97132670699995,1.9088151133536349,459.32151914606493,313.97132670699995
99,41,460.03280895445056,0.7747975177968062,0.9919830705623595,316.6480122175,0.7333267454670114,460.03280895445056,316.6480122175
99,1,460.3698399530676,2.662114922520481,0.9876811532979489,311.95150669333333,2.5133626275636827,460.3698399530676,311.95150669333333
100,5623,5.416679793909505,0.07999277184960972,0.9966734706261686,176.91315578566665,0.00946396451512932,0.0,176.91315578566665
100,5623,5.416679793909505,0.07999277184960972,0.9966734706261686,176.91315578566665,0.00946396451512932,5.416679793909505,176.91315578566665
100,3162,9.335039834114214,0.19873266701048478,0.9980789307873622,177.66082309066667,0.0471968026894482,9.335039834114214,177.66082309066667
100,1778,16.79689232321382,0.20224852672595883,0.9971690486591602,177.2213748145,0.07005566748087329,16.79689232321382,177.2213748145
100,1000,30.62186313316568,0.33593126817241936,0.9986462216581954,176.38534509583334,0.04763749213120897,30.62186313316568,176.38534509583334
100,749,40.98750622720279,0.06211655068058964,0.9988330205598186,175.91460010166668,0.0451681350138382,40.98750622720279,175.91460010166668
100,562,54.240969223866365,0.6510987773122242,0.9987395778213938,175.79805563333335,0.047438240435438046,54.240969223866365,175.79805563333335
100,421,71.20480015228304,0.21482835200905162,0.9988202953241451,174.89541625666666,0.025107930934806462,71.20480015228304,174.89541625666666
100,316,93.43871447457391,0.7260103146646991,0.9979489560260193,174.21895022983335,0.08266632795103729,93.43871447457391,174.21895022983335
100,236,125.44805869163143,1.613720059559823,0.9975320558712818,176.12848649433332,0.13070806296027268,125.44805869163143,176.12848649433332
100,204,144.76558619179775,0.8432920961281478,0.9985435549484905,177.45654960649998,0.13123223174493298,144.76558619179775,177.45654960649998
100,177,170.00381654364836,2.232010673434697,0.9977259841117766,180.709238476,0.15881217961035896,170.00381654364836,180.709238476
100,153,195.7466471885818,2.190547687860282,0.997301207900984,184.83928600511112,0.22041563620692176,195.7466471885818,184.83928600511112
100,133,224.17329139888983,3.801948287643636,0.9970548969548145,191.07545423444446,0.5341064934300075,224.17329139888983,191.07545423444446
100,123,244.7496039193411,0.6988290589166078,0.9998785250702401,195.17510604466665,0.17037539709578867,244.7496039193411,195.17510604466665
100,115,256.9415408066195,6.293328999686161,0.9974039419642697,199.5145669131111,0.7652092057738789,256.9415408066195,199.5145669131111
100,110,274.1140181692093,0.2682218343467187,0.9998864077665348,203.238825101,0.20950755257435097,274.1140181692093,203.238825101
100,107,280.4896975478257,1.501453227172027,0.9987599805240801,205.02861225166666,0.42637157300478123,280.4896975478257,205.02861225166666
100,103,291.073471564304,0.9662277381505572,0.9998872293186638,208.24084477200003,0.5829696831140048,291.073471564304,208.24084477200003
100,100,291.13572615840195,8.84850578451692,0.9978423567405658,210.20180616999997,3.023226781410424,291.13572615840195,210.20180616999997
100,97,308.0891460200442,0.11880398773023129,0.9998928900805911,214.50887388966666,0.21976744133933598,308.0891460200442,214.50887388966666
100,90,314.0326872552832,1.7627339248230711,0.9959008562438867,216.56459544999998,0.7762358074339828,314.0326872552832,216.56459544999998
100,95,314.22655466574804,0.4461994430656859,0.9998889730665012,216.563585171,0.44110802694667933,314.22655466574804,216.563585171
100,89,315.26850975148005,1.495228027191408,0.9958265825402822,217.209987073,0.9363032374926662,315.26850975148005,217.209987073
100,88,317.79892097298466,0.7478575478371107,0.9964801738082119,221.908952835,0.7869393579308718,317.79892097298466,221.908952835
100,92,319.40748314714307,8.140713639461033,0.9988138575748392,219.99152604433334,0.27466315705943306,319.40748314714307,219.99152604433334
100,84,332.94841890234363,0.7075008596626441,0.9952174200856531,223.10340567433332,0.9128478101762986,332.94841890234363,223.10340567433332
100,86,334.61305259207865,10.527299996111793,0.9975737418113249,224.10418723450002,4.674082737409855,334.61305259207865,224.10418723450002
100,83,337.7382741534936,2.452209379873803,0.9953395328679203,224.700510799,1.5155756658962414,337.7382741534936,224.700510799
100,82,349.94217602234886,6.999757558401909,0.9982457392053817,232.545448769,0.2554883712918402,349.94217602234886,232.545448769
100,79,359.2691762543086,5.547342396768036,0.9979533241090975,235.43544528466668,1.6288716681458026,359.2691762543086,235.43544528466668
100,76,377.21823831988746,3.1029712850600912,0.9998980761289626,243.17036652133334,1.3737687717806062,377.21823831988746,243.17036652133334
100,74,381.72635529970347,6.771533377951519,0.9977266429739681,247.38327558799998,1.4870244692331291,381.72635529970347,247.38327558799998
100,72,397.21235642156245,0.2845026859511557,0.9998939047706958,254.11709270966665,0.6027649472130603,397.21235642156245,254.11709270966665
100,71,397.93692974986067,0.11161572531303293,0.999886938677998,254.82129140833334,0.22206437359661022,397.93692974986067,254.82129140833334
100,70,401.77823068899824,7.326198082412833,0.9975091366983628,261.6351591233333,0.2676227166379418,401.77823068899824,261.6351591233333
100,68,406.12217318720894,8.758170024528857,0.9976656795669534,263.836137635,4.332647928466881,406.12217318720894,263.836137635
100,66,406.13530599064137,1.2618294561672327,0.9955797580215665,266.155111537,0.4208642300660236,406.13530599064137,266.155111537
100,65,412.22568980026585,1.7120646168718785,0.9956830041660371,272.31414770966666,1.335924306097821,412.22568980026585,272.31414770966666
100,63,429.211927944542,7.26787941966313,0.9979751201040024,286.00192875333335,2.0672274171036795,429.211927944542,286.00192875333335
100,60,441.4629854906364,8.631744655397116,0.9980570641029181,292.76394818,4.580155111431681,441.4629854906364,292.76394818
100,58,452.3214443046836,1.6616933828592793,0.9999033577522254,304.54688086000004,1.6857152696980446,452.3214443046836,304.54688086000004
100,56,448.55541309652597,6.497007932395036,0.9980774520911553,300.15980433233335,4.501846451048133,448.55541309652597,300.15980433233335
100,55,451.9795381946689,9.294328544844536,0.9980680700408351,304.9856862415,7.620221793702318,451.9795381946689,304.9856862415
100,52,461.23423093556056,0.31643920370422257,0.9999053842032088,316.4962273866667,0.6970273184959412,461.23423093556056,316.4962273866667
100,50,463.0149788820159,0.49082677595076285,0.9998963831286405,319.47009659966665,0.6942497170319908,463.0149788820159,319.47009659966665
100,48,462.9166686593883,0.7871225663833709,0.9998967931943911,319.26990788033334,0.3761654913278045,462.9166686593883,319.26990788033334
100,47,462.40390923016366,0.2919718337475597,0.9998980922662005,318.2712957613333,0.4145764958475872,462.40390923016366,318.2712957613333
100,41,462.4481011955474,0.9749099896262087,0.9998920368816542,316.6656484713333,1.2309812951772707,462.4481011955474,316.6656484713333
100,31,460.7912033765111,0.48994156262995314,0.9998861579875332,314.42467672333333,0.5347160097149178,460.7912033765111,314.42467672333333
100,17,459.02184162637974,1.9366280370801676,0.9998711142814702,311.980702053,2.3733001322310954,459.02184162637974,311.980702053
100,10,457.17877878211567,0.2782671682970852,0.9998557391343258,312.827394639,0.33548293786082106,457.17877878211567,312.827394639
100,1,457.5559937445866,1.5905451134799462,0.9998581819522371,314.44103286033334,1.3815224901325125,457.5559937445866,314.44103286033334
100,0,457.9548575555215,1.085449333717708,0.9998523195646257,315.448552139,0.4810512599436936,457.9548575555215,315.448552139
