read_pct_rounded,pause,bandwidth_mean,bandwidth_std,rd_percentage_actual_mean,latency_mean,latency_std,bandwidth_smooth,latency_smooth
50,1000000,1.2429762996666665,0.0023067392766196937,0.5048268875121086,363.26956521733337,0.017823706849452496,0.0,363.26956521733337
50,1000000,1.2429762996666665,0.0023067392766196937,0.5048268875121086,363.26956521733337,0.017823706849452496,1.2429762996666665,363.26956521733337
50,100000,11.970187071,0.0036985060488400404,0.5040956968853388,364.3500289856667,0.0684853132980205,11.970187071,364.3500289856667
50,31622,37.05934409133334,0.021797185118339266,0.5016981116647824,366.76622222199995,0.0911329482621945,37.05934409133334,366.76622222199995
50,17782,66.32894120433333,0.0728656344148163,0.5010404723539639,369.8242745096666,0.14074004031689785,66.32894120433333,369.8242745096666
50,10000,117.79109763666668,0.00621504434428928,0.5005819225573592,375.68021890566666,0.17562450396106455,117.79109763666668,375.68021890566666
50,5623,209.389549203,0.01495833424085553,0.5003329987279646,387.74141538466665,0.24078647437530706,209.389549203,387.74141538466665
50,4216,279.219215366,0.04859671544972836,0.5002566366973599,399.2966349206667,0.2309490186301509,279.219215366,399.2966349206667
50,3162,372.20638494299993,0.01656455065453573,0.5001782924283525,417.0905471646667,0.07762198970912473,372.20638494299993,417.0905471646667
50,2371,496.1588521356667,0.004762357652532194,0.5001310340260914,442.9577543856667,0.07780260093558969,496.1588521356667,442.9577543856667
50,1778,661.3036711923334,0.06018241652689229,0.5000931743290401,476.45172327033333,0.09010342032315641,661.3036711923334,476.45172327033333
50,1333,881.7142099270001,0.015437747636071553,0.5000646952346924,522.333111111,0.3188707322291648,881.7142099270001,522.333111111
50,1154,1017.7712132753333,0.2347179765022437,0.5000544353630454,561.9271703703333,0.7744275290556583,1017.7712132753333,561.9271703703333
50,1000,1173.700801812,0.16267404002397734,0.500038470987398,658.1404211496666,2.6624193446894724,1173.700801812,658.1404211496666
50,930,1261.7556764586668,0.03779147618133822,0.5000314452737818,738.844749645,2.3733788042734134,1261.7556764586668,738.844749645
50,865,1356.0029988273334,0.07275153528956323,0.500023249137905,891.9842411776667,0.7578588777200089,1356.0029988273334,891.9842411776667
50,848,1382.868828201333,0.072625085033663,0.5000188670367014,951.0072098766667,1.845761227261903,1382.868828201333,951.0072098766667
50,833,1407.9523041596667,0.02857747600471712,0.5000186360899409,1014.12784,2.2457848046507034,1407.9523041596667,1014.12784
50,825,1421.1959558826666,0.11208313131885105,0.5000183647252613,1053.8991111113332,0.27107380773839085,1421.1959558826666,1053.8991111113332
50,818,1433.301821297,0.13461091465178654,0.5000129363336513,1099.086956522,2.882706074967939,1433.301821297,1099.086956522
50,813,1442.2500921873334,0.26830524081618656,0.500017487075192,1139.2823963523333,1.1817010391654432,1442.2500921873334,1139.2823963523333
50,810,1447.367170159,0.10673402437782636,0.5000154458965438,1166.013272727,4.920115039305472,1447.367170159,1166.013272727
50,806,1454.040799419,0.12285573900915026,0.5000160272556983,1244.202885902,8.835064317498157,1454.040799419,1244.202885902
50,804,1454.9482882353334,0.36805753424120513,0.5000146874152094,1315.2192234870001,2.4813048370292154,1454.9482882353334,1315.2192234870001
50,801,1454.6502976046668,0.2050758953939579,0.5000130221361313,1384.0910088370001,2.7866103479806497,1454.6502976046668,1384.0910088370001
50,799,1452.7401092986665,0.2077904099769842,0.5000124697437562,1431.8353333333334,5.184159210322985,1452.7401092986665,1431.8353333333334
50,796,1451.0147334996666,0.17974645631343383,0.5000130701692115,1438.1410498083333,4.765443227124776,1451.0147334996666,1438.1410498083333
50,789,1449.928987247,0.46138302849922214,0.5000082157661817,1452.8911111113332,1.5277015576860118,1449.928987247,1452.8911111113332
50,776,1448.957503103,0.20299004002939378,0.5000112271289977,1471.0927982273333,4.847620221475618,1448.957503103,1471.0927982273333
50,749,1448.0835970033334,0.4835783458096376,0.5000100253532146,1511.5545098036666,7.30381881390043,1448.0835970033334,1511.5545098036666
50,696,1445.911284195,0.20931252198893496,0.500011798382738,1560.5848307026665,9.750649518535152,1445.911284195,1560.5848307026665
50,648,1445.1384674130002,0.13143727244717218,0.5000113864763153,1582.5470897953335,3.0981509597307206,1445.1384674130002,1582.5470897953335
50,562,1445.2127195693336,0.043152117058565836,0.5000108828383764,1612.2455974253332,14.266876375516535,1445.2127195693336,1612.2455974253332
50,522,1445.4395912506664,0.1425611453923955,0.5000106465993608,1637.7996124173333,23.661072376374626,1445.4395912506664,1637.7996124173333
50,486,1444.9906979759999,0.04644635831066706,0.5000100076169612,1687.0913560340002,21.565709108510575,1444.9906979759999,1687.0913560340002
50,452,1435.74807116,0.08987488100480975,0.5000096067904627,1702.5634047209999,41.502108163353,1435.74807116,1702.5634047209999
50,421,1432.580004429,0.5407390201444802,0.5000099809960988,1647.3935206803333,13.748644564208613,1432.580004429,1647.3935206803333
50,391,1431.9570353243334,0.3680328682761069,0.5000091893762361,1701.4613699893334,53.5623860943411,1431.9570353243334,1701.4613699893334
50,364,1431.7590379806668,0.20133929827075897,0.5000090655441021,1733.3590004666667,46.53636444946809,1431.7590379806668,1733.3590004666667
50,316,1431.5738514759998,0.06538832400795302,0.5000090051372509,1784.0012258033332,16.461761936760883,1431.5738514759998,1784.0012258033332
50,293,1431.9086004649998,0.2293623206709056,0.5000090138136445,1737.1242112403334,32.35845017741585,1431.9086004649998,1737.1242112403334
50,273,1431.7163828276668,0.2694013807357137,0.5000089498891406,1727.1398942656667,19.34939280552336,1431.7163828276668,1727.1398942656667
50,236,1428.9108109833335,0.21447467316990101,0.5000092946773731,1710.1952927616667,37.66723093664061,1428.9108109833335,1710.1952927616667
50,204,1429.3964487543333,0.4202707514432137,0.5000090835821487,1723.8249593636665,5.9358196484123935,1429.3964487543333,1723.8249593636665
50,177,1429.667841281,0.38374157258169667,0.5000096139734087,1765.0884956833333,27.928637607416228,1429.667841281,1765.0884956833333
50,100,1430.6729086183332,0.43729357437426586,0.5000089006281879,1788.9549281686668,17.21206254652011,1430.6729086183332,1788.9549281686668
50,31,1431.3108558846664,0.4067145392442868,0.500009688220428,1748.0549866853332,48.544183166907715,1431.3108558846664,1748.0549866853332
50,10,1431.2702334409998,0.11465623807061737,0.5000099975069467,1727.6024720020002,31.574394728169956,1431.2702334409998,1727.6024720020002
50,3,1431.449746839,0.19920400198449614,0.5000097152081487,1736.8058396173335,28.776684401213963,1431.449746839,1736.8058396173335
50,1,1430.837059223,0.11386157305459327,0.5000091202325138,1774.6004865243333,39.155727115511425,1430.837059223,1774.6004865243333
50,0,1431.3116069073333,0.21896050591914504,0.5000097376616353,1763.894810576,24.20417132219573,1431.3116069073333,1763.894810576
51,56233,20.986148876999998,,0.5149144919982452,364.84063768133336,0.1796546242629531,0.0,364.84063768133336
51,56233,20.986148876999998,,0.5149144919982452,364.84063768133336,0.1796546242629531,20.986148876999998,364.84063768133336
51,31622,37.13648442566666,0.0020799672918662628,0.5131546942532426,366.91617391299997,0.18667231068597523,37.13648442566666,366.91617391299997
51,17782,66.29783637499999,0.06025189454807894,0.5122492812870444,369.81880392166664,0.15122257637413317,66.29783637499999,369.81880392166664
51,10000,117.789924488,0.03839497368225134,0.5112214950621145,375.770447761,0.041091154473770854,117.789924488,375.770447761
51,7498,157.06668207233335,0.06672574724864477,0.511048914163441,380.5528888886667,0.18269837775248401,157.06668207233335,380.5528888886667
51,5623,209.31079611566668,0.014221899072012573,0.5106157482694046,388.11337435900003,0.03231070081003454,209.31079611566668,388.11337435900003
51,4216,279.17710991666667,0.05290554326545413,0.5104299781351459,399.53369312166666,0.09438672041691878,279.17710991666667,399.53369312166666
51,3162,372.1204358023333,0.009988671934783939,0.5103380640717452,416.9874994003333,0.09999675106862137,372.1204358023333,416.9874994003333
51,2371,496.09087717433334,0.04592966646030746,0.5102487314806489,442.363461988,0.21170868386512234,496.09087717433334,442.363461988
51,2053,572.8392990503334,0.01736550542665909,0.5102398746443416,457.7279999996667,0.299053510785995,572.8392990503334,457.7279999996667
51,1778,661.169483592,0.0559677138814538,0.510213423862647,476.2952704403333,0.20682256097120638,661.169483592,476.2952704403333
51,1539,763.7843267676667,0.023859634286499308,0.5102352496373831,498.372993464,0.2614168042413571,763.7843267676667,498.372993464
51,1333,881.7416227353333,0.04921427790412526,0.5102320502560475,523.777611111,0.5043738026789174,881.7416227353333,523.777611111
51,1154,1017.831075854,0.03553348419262213,0.5101772794383893,564.0303407406667,0.1978616819141457,1017.831075854,564.0303407406667
51,1074,1093.2817260583336,0.02363050245162374,0.5101659343567881,598.555928055,1.020862780265079,1093.2817260583336,598.555928055
51,1000,1173.8517321906666,0.019548847917185613,0.5101542826005852,652.101196581,1.6369043451759862,1173.8517321906666,652.101196581
51,964,1217.5249986213332,0.031709494039114106,0.5101457308246208,693.975858324,1.8443122635599727,1217.5249986213332,693.975858324
51,930,1261.8309243616666,0.03749620852564696,0.5101425179124686,745.4165490193333,0.317733285377099,1261.8309243616666,745.4165490193333
51,896,1309.4546417833333,0.04325782907831616,0.5101352957398143,818.939483871,0.8705573894327755,1309.4546417833333,818.939483871
51,865,1356.1021881493334,0.14711480563493098,0.5101189326460336,911.722904762,1.0452068864237787,1356.1021881493334,911.722904762
51,833,1408.2287489566668,0.15044263718265885,0.5101163194676722,1035.9741866666666,0.715761128124051,1408.2287489566668,1035.9741866666666
51,818,1433.6790055356666,0.09933738665251224,0.5101135440855898,1108.572463768,2.209153724218277,1433.6790055356666,1108.572463768
51,813,1442.390926039,0.10738846647917803,0.510100720466487,1138.1586788456668,1.974481787656871,1442.390926039,1138.1586788456668
51,810,1447.7667161273332,0.06852468403672268,0.5101066192681419,1158.6942424239999,2.908606666179351,1447.7667161273332,1158.6942424239999
51,1,1435.4767157823333,0.47683260047766035,0.5100081585321455,1796.5637199573332,16.982091378595573,1435.4767157823333,1796.5637199573332
51,100,1435.8079583793333,0.6573353653826532,0.5100082591837,1822.169402865,41.557158810120406,1435.8079583793333,1822.169402865
51,10,1435.9968027286668,0.17041686036503922,0.5100087120210312,1752.7312002933334,46.84916331088268,1435.9968027286668,1752.7312002933334
51,316,1436.249268364,0.15787026576562915,0.5100448480591199,1798.8278873286665,26.15824855893306,1436.249268364,1798.8278873286665
51,0,1436.2723835489999,0.10014959610450246,0.5100089257844775,1757.6180939619999,20.36960954994396,1436.2723835489999,1757.6180939619999
51,421,1436.882415844,0.13691789991708087,0.5100448296263771,1747.863400008,49.91042276216987,1436.882415844,1747.863400008
51,648,1451.4521695886667,0.3054578323469723,0.5100442838700386,1625.8714947366668,11.010942723592986,1451.4521695886667,1625.8714947366668
51,562,1451.499878393667,0.16377674169783457,0.510045813364112,1673.3724029693333,11.619515377889089,1451.499878393667,1673.3724029693333
51,696,1452.2359776573333,0.012570477855781829,0.5100472490925635,1599.4272777776666,8.847370240114733,1452.2359776573333,1599.4272777776666
51,722,1453.4061801583332,0.06628011598761914,0.5100437128436006,1578.6828130389997,10.519107936463465,1453.4061801583332,1578.6828130389997
51,749,1454.4801341113332,0.10170173570231207,0.5100531799913982,1560.2341859353335,7.440097837471318,1454.4801341113332,1560.2341859353335
51,776,1455.3328961833333,0.20035394981319304,0.5100505947002655,1519.0280784313334,5.295671616587547,1455.3328961833333,1519.0280784313334
51,789,1456.342853608,0.20482956418537626,0.5100595358029342,1494.7613333336667,6.303194340760999,1456.342853608,1494.7613333336667
51,792,1456.4406595789999,0.1958198632995426,0.5100541972763174,1486.2975686276666,5.05875885811423,1456.4406595789999,1486.2975686276666
51,793,1456.9756547703334,0.2883271780278074,0.5100505352310897,1485.1902745099999,2.424489647972617,1456.9756547703334,1485.1902745099999
51,794,1457.2959117866667,0.0650838595654266,0.5100456519252011,1482.5498653026668,3.2773085066745637,1457.2959117866667,1482.5498653026668
51,796,1458.469604481,0.16233967626010723,0.5100489757991861,1470.83766794,6.776967177227282,1458.469604481,1470.83766794
51,797,1459.295902123,0.10640298527781142,0.5100543960731647,1453.0645185186668,3.238385166574404,1459.295902123,1453.0645185186668
51,799,1460.9547602326668,0.09703746073897604,0.510067754378922,1403.420629782,8.892146724532934,1460.9547602326668,1403.420629782
51,801,1461.7150172603333,0.21380323545675886,0.5100596349905674,1333.6468070176668,3.7671820390506587,1461.7150172603333,1333.6468070176668
52,100000,11.967037899,0.0046981583415120765,0.5174751216673171,363.95047343000005,0.043688240218683755,0.0,363.95047343000005
52,100000,11.967037899,0.0046981583415120765,0.5174751216673171,363.95047343000005,0.043688240218683755,11.967037899,363.95047343000005
52,31622,37.185963191666666,0.01498763051903482,0.5246720372779371,366.8407149756667,0.12356535461949106,37.185963191666666,366.8407149756667
52,17782,66.138750883,0.008595526485584676,0.5214362755013905,370.074745098,0.0661164263615274,66.138750883,370.074745098
52,10000,117.77789575233334,0.03660031608387916,0.5217607797170678,375.65404975133333,0.07527011901244611,117.77789575233334,375.65404975133333
52,7498,157.03774270733334,0.014211099990907014,0.5221480552394752,380.45317171733336,0.22166288950967084,157.03774270733334,380.45317171733336
52,5623,209.34624754900003,0.0278753533904714,0.5212234805829923,388.04730256400006,0.06661385220024961,209.34624754900003,388.04730256400006
52,4216,279.130611176,0.01850199863172296,0.5208606972105726,399.327238095,0.08738424951131757,279.130611176,399.327238095
52,3162,372.1201678213333,0.011461150883212428,0.5203688218571503,416.7194465976666,0.14486661995550346,372.1201678213333,416.7194465976666
52,2371,496.11993940599996,0.015845233763037404,0.5203698846441268,442.0518128656667,0.07568252174249261,496.11993940599996,442.0518128656667
52,1778,661.210880834,0.027542153553927837,0.5203174346794228,475.7353710693333,0.20880973537555256,661.210880834,475.7353710693333
52,1539,763.843627394,0.026640745628509346,0.5202633385095329,497.2791895426667,0.19421280800282378,763.843627394,497.2791895426667
52,1333,881.7272971823332,0.020594612677008947,0.5203459380804593,522.4587222223333,0.13254245469579562,881.7272971823332,522.4587222223333
52,1154,1017.8726548646667,0.03273751976572892,0.5202263694256071,561.6739555556667,0.5912513050657957,1017.8726548646667,561.6739555556667
52,1074,1093.1849399149999,0.23783013524759114,0.5201813454390243,595.359535833,1.6110944923733241,1093.1849399149999,595.359535833
52,1000,1173.8710413806666,0.033944629035939304,0.5201809153781893,648.246940171,1.8883509359753468,1173.8710413806666,648.246940171
52,964,1217.395402407,0.35154628857379405,0.5201504584317291,688.5368648650001,0.5264434638277414,1217.395402407,688.5368648650001
52,930,1261.8940330596668,0.009374568595584025,0.520207996895574,739.953372549,0.7883421994385151,1261.8940330596668,739.953372549
52,896,1309.4830911193333,0.06190418722902326,0.5201559546475083,811.1856344086667,0.4391806647812376,1309.4830911193333,811.1856344086667
52,865,1356.1129579706667,0.12343541090789319,0.5201280823336186,902.3231428570001,0.7358649362793207,1356.1129579706667,902.3231428570001
52,833,1408.266116866,0.053130409339006,0.5201108541832531,1019.4706666666667,1.2948709188693388,1408.266116866,1019.4706666666667
52,818,1433.7465902230003,0.36035252585616007,0.5201078622565851,1085.0732222223332,1.747946742749172,1433.7465902230003,1085.0732222223332
52,810,1447.8395110266665,0.17719735232905445,0.5201116705230269,1129.8980869563331,1.0394684698028185,1447.8395110266665,1129.8980869563331
52,236,1438.1956802786665,0.4793850000182253,0.5200082997972906,1783.7834052540002,19.714265385749847,1438.1956802786665,1783.7834052540002
52,177,1439.578995784,0.3557278995798416,0.5200081851267496,1777.7464135373332,41.314396210513706,1439.578995784,1777.7464135373332
52,100,1440.1143571620003,0.041558118770107746,0.5200079106453739,1793.3338890766665,54.282397771331155,1440.1143571620003,1793.3338890766665
52,55,1440.3346410966667,0.09309706685907279,0.5200084726500783,1765.578115888,33.15906364053382,1440.3346410966667,1765.578115888
52,10,1440.4035388563334,0.12321498124563489,0.520008243714985,1736.5037532883334,50.41507190551781,1440.4035388563334,1736.5037532883334
52,31,1440.5017781943334,0.21838765192507753,0.5200080841371132,1777.3604833663333,22.862434285110798,1440.5017781943334,1777.3604833663333
52,316,1440.55578249,0.10501248331362598,0.5201782718904161,1788.8075198436666,33.4891989132678,1440.55578249,1788.8075198436666
52,0,1440.568439802,0.17263582882785533,0.5200081357274547,1788.5457794220001,17.038605940944436,1440.568439802,1788.5457794220001
52,3,1440.6284858656666,0.25736239835254665,0.5200083027402943,1762.3413991959999,11.111993591185882,1440.6284858656666,1762.3413991959999
52,1,1440.7929107613334,0.08906032606987956,0.5200080688625638,1775.19188172,17.391966411417513,1440.7929107613334,1775.19188172
52,421,1441.1549800726668,0.12250474357789332,0.520182337622474,1747.5958080829998,35.665676133923576,1441.1549800726668,1747.5958080829998
52,562,1457.1727388103334,0.05553801460384632,0.5201707410064409,1675.582218708,14.008936145857861,1457.1727388103334,1675.582218708
52,648,1457.2323351683335,0.044213750819233205,0.5201599841889171,1621.492129129,9.306272442121323,1457.2323351683335,1621.492129129
52,696,1457.4763568996668,0.055828293426013774,0.5201871044918687,1596.6258333333335,4.834899535753744,1457.4763568996668,1596.6258333333335
52,722,1458.9005773710003,0.2338745001483211,0.52017138687256,1569.0246623606665,3.3786256569082385,1458.9005773710003,1569.0246623606665
52,749,1459.9218416893334,0.15933000328067135,0.5201840335307801,1543.4848545280001,3.5571223977271265,1459.9218416893334,1543.4848545280001
52,776,1461.029236335,0.07405617391736917,0.5201561901165698,1503.9992156863334,8.691381326191708,1461.029236335,1503.9992156863334
52,789,1461.9114745483332,0.08001553771477074,0.5201550545292212,1476.8435158263335,2.874098225692293,1461.9114745483332,1476.8435158263335
52,792,1462.6177880836667,0.17256604764855143,0.5201365629544922,1470.5861333333335,4.465669992846085,1462.6177880836667,1470.5861333333335
52,793,1463.3445486423334,0.3683040917826518,0.5201297255835057,1461.4250704226667,1.9707803524725966,1463.3445486423334,1461.4250704226667
52,794,1463.8299936133335,0.15931481107901238,0.5201346497676659,1455.9215784006667,3.827864064951878,1463.8299936133335,1455.9215784006667
52,796,1465.6213637686667,0.2434130976480214,0.5202017682685763,1412.619726704,11.92256495957219,1465.6213637686667,1412.619726704
52,797,1466.36130874,0.22539625749607578,0.520222248363308,1383.3301891443334,5.721998268996168,1466.36130874,1383.3301891443334
52,799,1466.767159671,0.14449030083096598,0.5201832771632824,1282.2354041766666,1.4789564075756072,1466.767159671,1282.2354041766666
53,1000000,1.2415301363333333,0.0017911132374952498,0.5286380402817511,362.8020193236667,0.08728521779723238,1.2415301363333333,362.8020193236667
53,316227,3.835194981333333,0.003893688018505546,0.5305234219084712,363.11031884066665,0.07934999522886903,3.835194981333333,363.11031884066665
53,17782,66.172757777,0.033906635504900536,0.5325995636175831,369.7505686273333,0.08558429995273928,66.172757777,369.7505686273333
53,10000,117.76287260933333,0.024529821260576685,0.53287143262652,376.14250746266663,0.15780972430038737,117.76287260933333,376.14250746266663
53,5623,209.354795438,0.021449028996524053,0.5326301163959029,388.15282051266666,0.07634570590309789,209.354795438,388.15282051266666
53,4216,279.2551001886667,0.010213090906721064,0.5318332167901371,399.24370370366665,0.05719589524743251,279.2551001886667,399.24370370366665
53,3162,372.1411619286667,0.08063660196906174,0.5305728310308987,416.30209836066666,0.16192471741591993,372.1411619286667,416.30209836066666
53,2371,496.14673393466666,0.032520352562118104,0.5305855904458107,441.26399999999995,0.04333303502171297,496.14673393466666,441.26399999999995
53,1778,661.3597011286666,0.017358489050903137,0.5306568971802554,474.342163522,0.1237529283798794,661.3597011286666,474.342163522
53,1539,763.9328003483333,0.035842295479359715,0.5306000773921583,495.6137254903333,0.3917581579919111,763.9328003483333,495.6137254903333
53,1333,881.8055648426666,0.04194277858716027,0.5306891326821996,521.8561925733334,0.4252031253101373,881.8055648426666,521.8561925733334
53,1154,1017.9938207016667,0.036054362533195126,0.5304844184947257,561.7628148150001,1.1544651993259625,1017.9938207016667,561.7628148150001
53,1074,1093.4907647206667,0.024036355687656007,0.5304270208368588,592.633349653,1.1573926523435234,1093.4907647206667,592.633349653
53,1000,1174.0031106803333,0.03759739273484953,0.5304342469605766,645.129731613,1.8323821437425896,1174.0031106803333,645.129731613
53,930,1262.0150048673333,0.08228090962033281,0.5304644762069469,736.0891435066666,0.9920745822555377,1262.0150048673333,736.0891435066666
53,896,1309.5274986303332,0.061843918768401576,0.5304017075617655,804.4397047243334,0.25737033112745256,1309.5274986303332,804.4397047243334
53,865,1356.0931396433334,0.08114823920549133,0.530384360436158,892.255866158,0.45464159323655096,1356.0931396433334,892.255866158
53,833,1408.2175763166667,0.029938666573603286,0.5303563389669272,1003.9791466666667,1.3904367712821382,1408.2175763166667,1003.9791466666667
53,818,1433.8309302750001,0.03719796714383133,0.5303735237928825,1065.1113888890002,1.2471338287674567,1433.8309302750001,1065.1113888890002
53,810,1447.9334352156666,0.04526046527615255,0.5303414956837789,1104.9528115943333,0.2781162852951681,1447.9334352156666,1104.9528115943333
53,804,1458.6635948543335,0.1158361886568229,0.5303360970686238,1147.7466666666667,1.652547368361706,1458.6635948543335,1147.7466666666667
53,801,1464.1427035953332,0.03717646989937667,0.5303422018828247,1179.6936969696667,1.3541579108949988,1464.1427035953332,1179.6936969696667
53,799,1467.6617965799999,0.1111571421226023,0.5302947850080264,1209.6446349206667,5.954876747296456,1467.6617965799999,1209.6446349206667
53,797,1470.8120407590002,0.03597992768007867,0.5303758489798721,1259.7541166316666,3.812660457286168,1470.8120407590002,1259.7541166316666
53,796,1471.380718462333,0.07628783505923713,0.5304283561073588,1314.772840959,5.292489301315669,1471.380718462333,1314.772840959
53,794,1470.2315438293333,0.24057455444417328,0.530381774279226,1404.5927884323335,5.604090854285186,1470.2315438293333,1404.5927884323335
53,793,1469.0199582243333,0.3736368855177993,0.5303252416774323,1428.8849629630001,4.754420447596503,1469.0199582243333,1428.8849629630001
53,792,1467.9843503026666,0.1933699828447618,0.5302616376356818,1447.2102962963334,7.072547414173979,1467.9843503026666,1447.2102962963334
53,789,1467.435045949,0.5148210440086527,0.5302507158349746,1455.3808148150001,5.941634535410209,1467.435045949,1455.3808148150001
53,782,1466.4321360713336,0.12401657337769896,0.5303865409956564,1478.8962875493332,4.720675081011459,1466.4321360713336,1478.8962875493332
53,776,1465.8326609993335,0.17541737489804254,0.5303430068574805,1492.6517337916666,2.1797816372008643,1465.8326609993335,1492.6517337916666
53,749,1464.6455058623333,0.05695361198324923,0.5303450152770313,1538.1963137253333,3.650636956820806,1464.6455058623333,1538.1963137253333
53,722,1463.6361345116668,0.26998327042436493,0.5303230328082496,1563.8644945733333,7.792339292989517,1463.6361345116668,1563.8644945733333
53,696,1463.0447012216664,0.2091087837024699,0.5303293108175614,1581.3769806716666,9.788841501405694,1463.0447012216664,1581.3769806716666
53,648,1462.008145871,0.15454203933306757,0.5303020814227962,1611.3861555556666,6.852980095679979,1462.008145871,1611.3861555556666
53,562,1461.407759894,0.39596290147472835,0.5303227238764329,1665.2278529906664,8.43892368656187,1461.407759894,1665.2278529906664
53,522,1460.9763302026665,0.16832235588736744,0.5303151009294395,1678.1309532233333,20.41724599498373,1460.9763302026665,1678.1309532233333
53,486,1458.1531268906665,0.17145900274242665,0.530314811864507,1742.4207002189999,32.101509365178735,1458.1531268906665,1742.4207002189999
53,468,1452.2875800213333,0.11870275337263311,0.5303128034172045,1716.8170482153334,14.79372563901793,1452.2875800213333,1716.8170482153334
53,452,1445.654941065667,0.19169760816499767,0.5303347737909654,1604.4813303726667,16.78275766361241,1445.654941065667,1604.4813303726667
53,436,1444.0856860329998,0.2611254186300496,0.5303288968218616,1683.5715709453334,16.90087265775802,1444.0856860329998,1683.5715709453334
53,421,1444.094284427,0.24541693727371058,0.5303287680251353,1727.8080585406667,20.490492662016816,1444.094284427,1727.8080585406667
53,364,1443.788058652667,0.17485136732859824,0.530320710372937,1710.4232299393334,2.3739605665751893,1443.788058652667,1710.4232299393334
53,316,1443.5148694453335,0.04354893083313401,0.5303157196722882,1768.8150915063334,27.2438870892218,1443.5148694453335,1768.8150915063334
53,273,1443.8852513473332,0.3364330754192989,0.5303187394361843,1783.3244613959998,55.28548282579157,1443.8852513473332,1783.3244613959998
53,236,1441.2320321266668,0.20252266260639545,0.5300069896331745,1771.6565908189998,44.06159753020651,1441.2320321266668,1771.6565908189998
53,177,1442.0696662460002,0.10960587747866121,0.5300078056880594,1753.2111524943332,23.427127081352523,1442.0696662460002,1753.2111524943332
53,100,1443.4258735336668,0.343891144345297,0.5300078181570372,1743.304000694,29.663302907502796,1443.4258735336668,1743.304000694
53,10,1444.0435576313332,0.18584975160451414,0.53000784228021,1735.9473377926668,27.258544658968994,1444.0435576313332,1735.9473377926668
53,1,1444.2387827936666,0.1849912005496916,0.5300079852202166,1732.8232121156668,61.699593481785534,1444.2387827936666,1732.8232121156668
53,0,1443.9834137416665,0.29291689236549734,0.5300080281605898,1745.8437282506668,23.05312750859633,1443.9834137416665,1745.8437282506668
54,100000,11.968709074333333,0.006710757424891191,0.5354131423473797,363.88618357499996,0.0712182900494646,0.0,363.88618357499996
54,100000,11.968709074333333,0.006710757424891191,0.5354131423473797,363.88618357499996,0.0712182900494646,11.968709074333333,363.88618357499996
54,31622,37.23637181566667,0.026121762325730484,0.5357618707623961,366.9662028986666,0.15221251101012337,37.23637181566667,366.9662028986666
54,17782,66.20115816433332,0.03357585285590999,0.5417558950094609,369.9181960783333,0.16352006230409588,66.20115816433332,369.9181960783333
54,10000,117.75447131133335,0.03828116510840066,0.543173557708675,376.04921393033334,0.08569920700009998,117.75447131133335,376.04921393033334
54,7498,157.1173036386667,0.0071524103038573825,0.5431367953508395,380.67957575733334,0.1084368949142973,157.1173036386667,380.67957575733334
54,5623,209.34614334466667,0.05194238278029878,0.5423900247459698,387.94096410266667,0.05800633588146113,209.34614334466667,387.94096410266667
54,4216,279.2552312523333,0.006163784909323404,0.5415920181104074,399.0557460316666,0.09449122986385511,279.2552312523333,399.0557460316666
54,3162,372.19512045633337,0.0159073208141899,0.5406683014689574,415.9535519123333,0.1686479401702261,372.19512045633337,415.9535519123333
54,2371,496.1721346556667,0.05029661133089007,0.5408712454743233,440.60533333333336,0.259140716460738,496.1721346556667,440.60533333333336
54,1778,661.2903782273333,0.00760610406402778,0.5405447081625393,473.4199496853334,0.06925100336225255,661.2903782273333,473.4199496853334
54,1539,763.9060267943332,0.010335604019053977,0.5406555934912343,494.168130719,0.17851263507093534,763.9060267943332,494.168130719
54,1333,881.85903865,0.00825659971211012,0.540577433185586,519.582530612,0.30729896365937726,881.85903865,519.582530612
54,1154,1018.014543928,0.019601231850050714,0.540588287193767,557.0786962963333,0.4753497986196041,1018.014543928,557.0786962963333
54,1074,1093.5099299296664,0.03530538078845654,0.540401442533016,589.5513798446667,0.43178126135025985,1093.5099299296664,589.5513798446667
54,1000,1174.0576008649998,0.04100286057860291,0.5404519802591596,640.205331237,1.7174958905618285,1174.0576008649998,640.205331237
54,964,1217.6872416856665,0.016950898179173855,0.5404318398363349,678.9847207206667,1.2439873978165645,1217.6872416856665,678.9847207206667
54,930,1262.037452796,0.05909069187951268,0.540404544657034,729.2130285713333,0.9977039241449517,1262.037452796,729.2130285713333
54,896,1309.5252486356667,0.06433625207218453,0.5404283021326318,796.4451249999998,0.6795907201213127,1309.5252486356667,796.4451249999998
54,865,1356.1161591946666,0.015299728435452575,0.5403684846101066,882.967448276,1.6987288022001716,1356.1161591946666,882.967448276
54,833,1408.4004539779999,0.09785988718901407,0.540320614447899,991.4596923076666,1.8416806641592485,1408.4004539779999,991.4596923076666
54,818,1433.7509219406666,0.187981855915468,0.5403190057253279,1050.6137222223333,2.260508425658022,1433.7509219406666,1050.6137222223333
54,810,1448.0396341313335,0.10903440083319324,0.5403041673407204,1087.544189536,0.5957109989144492,1448.0396341313335,1087.544189536
54,804,1458.7381229073333,0.036600571333527954,0.5402958044423848,1123.4271304346667,1.9061899927156587,1458.7381229073333,1123.4271304346667
54,177,1445.2635970236668,0.16208501783607646,0.5400074732940451,1753.323788292,40.71711953926736,1445.2635970236668,1753.323788292
54,100,1446.4031895146666,0.15875388876710367,0.540007324986007,1738.379169031,14.073561401909709,1446.4031895146666,1738.379169031
54,55,1446.7472183276666,0.11676041685409672,0.540007087349089,1734.588779591,38.11562765107275,1446.7472183276666,1734.588779591
54,31,1447.0348865453334,0.2727031277568711,0.5400080404786237,1684.5998786086666,26.736643980584194,1447.0348865453334,1684.5998786086666
54,0,1447.077054563,0.1493425570383263,0.540007899511506,1707.3829568076665,7.126356490565893,1447.077054563,1707.3829568076665
54,3,1447.0846916306666,0.3638499254930598,0.5400075030716437,1714.2954111526667,41.40021842810474,1447.0846916306666,1714.2954111526667
54,1,1447.0979219786666,0.14520238908649888,0.5400075358547177,1703.1403592550002,5.204303285725934,1447.0979219786666,1703.1403592550002
54,316,1447.1055588899999,0.15539016354289403,0.5403811327622697,1724.4157184429998,75.3482583377673,1447.1055588899999,1724.4157184429998
54,10,1447.2838082083333,0.12963516247761367,0.5400068218726193,1771.4632919656667,47.56897147272416,1447.2838082083333,1771.4632919656667
54,421,1447.3129011993333,0.26165940904313967,0.540390338717767,1701.0167168863334,49.60063989565718,1447.3129011993333,1701.0167168863334
54,562,1465.6580950413334,0.14222722773718913,0.5403811517188831,1637.2310021986668,16.908492489420286,1465.6580950413334,1637.2310021986668
54,648,1466.407992513,0.17400736452231588,0.540370299202701,1604.9588465093336,15.98865794876231,1466.407992513,1604.9588465093336
54,696,1467.2464264010002,0.16646098078127666,0.5404102414882943,1580.8723588203331,6.2162522699070095,1467.2464264010002,1580.8723588203331
54,722,1467.8945349833332,0.10166616240818274,0.5403858695402654,1560.8599822263334,5.69026650726497,1467.8945349833332,1560.8599822263334
54,749,1468.8215164406668,0.09195432732381015,0.540404625253699,1526.1855651416665,8.832474609851392,1468.8215164406668,1526.1855651416665
54,776,1470.2016178026668,0.07289204270568105,0.5404183980492991,1477.6661456096665,8.096280296958568,1470.2016178026668,1477.6661456096665
54,782,1470.683081874,0.04194506418271429,0.5403982617995094,1473.5186478873336,5.299385882074165,1470.683081874,1473.5186478873336
54,785,1470.9444865133335,0.0861479902460795,0.5403373153612628,1457.9863077723332,5.9142259423898675,1470.9444865133335,1457.9863077723332
54,789,1471.6148424643334,0.1759223396395417,0.5403211715833162,1445.9822962963335,7.706114071818166,1471.6148424643334,1445.9822962963335
54,790,1472.6481235236668,0.1135004054524785,0.5403559437410544,1443.0074814816664,2.5711528021076364,1472.6481235236668,1443.0074814816664
54,792,1473.7508060376667,0.28961181282435516,0.5404404677766627,1406.128304451,2.2194205497974577,1473.7508060376667,1406.128304451
54,793,1475.75088288,0.33950364316845477,0.5404222585837699,1333.9326111883333,12.781923661844584,1475.75088288,1333.9326111883333
55,1000000,1.2407193865833335,0.0014155744136805186,0.5523029727214931,363.1181352656667,0.07538917477043759,1.2407193865833335,363.1181352656667
55,31622,37.23197708683333,0.027830831267055853,0.550951566595403,366.79756521733333,0.20290045870655465,37.23197708683333,366.79756521733333
55,17782,66.162844057,0.0098078957757084,0.5509400844083836,369.6626078433333,0.07001271125710493,66.162844057,369.6626078433333
55,10000,117.77056157099999,0.01901827913590189,0.5517781650881736,375.87504477600004,0.039946500013702896,117.77056157099999,375.87504477600004
55,5623,209.34242790466666,0.016358714128227866,0.5515431449710227,387.7656615383333,0.11604788207496874,209.34242790466666,387.7656615383333
55,4216,279.2386308696667,0.04222273139683202,0.5508693458343087,398.65494179866664,0.018539066362530728,279.2386308696667,398.65494179866664
55,3162,372.17304786666665,0.029607710183426176,0.5502195780361109,415.506295082,0.049661298479554916,372.17304786666665,415.506295082
55,2371,496.1951252316667,0.03125730716014489,0.5504471973988005,439.946245614,0.09487171692834627,496.1951252316667,439.946245614
55,1778,661.225002154,0.058893021260371096,0.5503324259263036,471.873641471,0.3207227123940739,661.225002154,471.873641471
55,1539,763.8957814923333,0.021168029000059305,0.5503955920815501,492.3544575166666,0.030860959643473913,763.8957814923333,492.3544575166666
55,1333,881.8249922236668,0.020354669139608466,0.5504181075456959,516.7696870746666,0.48723269660368,881.8249922236668,516.7696870746666
55,1154,1018.0510597786666,0.034610744719196375,0.5503126950823393,553.971093688,0.9245748129011364,1018.0510597786666,553.971093688
55,1074,1093.5152902003335,0.020884028397030525,0.5502988390155096,584.7203410853334,0.4488849749764923,1093.5152902003335,584.7203410853334
55,1000,1174.0514188713332,0.024010673736126587,0.5502989297343049,633.5013,0.09274432597197689,1174.0514188713332,633.5013
55,930,1262.0533928843333,0.059000523282871246,0.5503152194159406,722.8924952383333,0.8076731633960996,1262.0533928843333,722.8924952383333
55,896,1309.6563412340001,0.04414056278406,0.5502817544459288,790.2209583333333,0.9207266265473777,1309.6563412340001,790.2209583333333
55,865,1356.2599543526667,0.08407707604537874,0.5502243325013391,874.5459770113333,1.5662458663941579,1356.2599543526667,874.5459770113333
55,833,1408.3241617859996,0.058339141161394104,0.5501865163104193,980.8253333336667,0.4000509238496382,1408.3241617859996,980.8253333336667
55,818,1433.9227393279998,0.05091475848069526,0.5501955928965256,1038.8268943146666,0.32855748550731256,1433.9227393279998,1038.8268943146666
55,804,1458.6724015186664,0.06549594528758193,0.5501908979616673,1101.344057971,1.940047903865318,1458.6724015186664,1101.344057971
55,799,1467.8483186603335,0.11758768766961014,0.5502079716121538,1136.8849758243334,1.3117195452319916,1467.8483186603335,1136.8849758243334
55,796,1473.4257320753334,0.1068852195700426,0.5501869277319892,1168.279030303,1.5973033505553367,1473.4257320753334,1168.279030303
55,794,1476.8825537230002,0.07946886540857541,0.5501981455101187,1197.1341803920002,2.1097180863202785,1476.8825537230002,1197.1341803920002
55,793,1478.5414139196666,0.08335219135529129,0.5502558479294483,1223.542857143,5.5061025127552865,1478.5414139196666,1223.542857143
55,792,1479.4645058346669,0.3622811075276302,0.5502854767789483,1284.2877104433335,12.968728676770203,1479.4645058346669,1284.2877104433335
55,790,1477.8259063633334,0.44800241528162027,0.5502673157810979,1401.9540051873335,3.873562608462505,1477.8259063633334,1401.9540051873335
55,789,1476.457630953,0.20715368124342373,0.5502036344467555,1420.7062962963334,3.306269169022984,1476.457630953,1420.7062962963334
55,787,1475.505277685,0.5490310473091287,0.5501754153151034,1443.514074074,0.15626826191952922,1475.505277685,1443.514074074
55,786,1475.1970129879999,0.19505346748315336,0.5501824450165792,1444.7608272756668,5.432116229131231,1475.1970129879999,1444.7608272756668
55,785,1474.710029072333,0.1830975584603729,0.5501934693462718,1451.6896296296666,4.370598006040678,1474.710029072333,1451.6896296296666
55,782,1474.3624615556666,0.16793779049815816,0.5502364068306255,1457.8953005716667,4.603219928982014,1474.3624615556666,1457.8953005716667
55,776,1473.743592652,0.040638575560452854,0.5502411281496149,1475.0812742583332,2.303758041423383,1473.743592652,1475.0812742583332
55,749,1472.3185952273334,0.2625247161375187,0.5502467238915439,1521.3294117646667,4.318834912732094,1472.3185952273334,1521.3294117646667
55,722,1471.5727378206666,0.1369251389475699,0.5502278728610853,1549.8440252993332,4.775976901296971,1471.5727378206666,1549.8440252993332
55,696,1470.6797712746666,0.3141114487710897,0.5502409495673907,1576.7183124290002,10.094690552474036,1470.6797712746666,1576.7183124290002
55,648,1469.9285155179998,0.18635267251563417,0.5502187949450895,1606.0284873499998,8.125235033371316,1469.9285155179998,1606.0284873499998
55,562,1469.0631953226666,0.04120865711327998,0.5502204060727607,1641.3022622053334,13.364846114913595,1469.0631953226666,1641.3022622053334
55,486,1460.7900908126667,0.28889194012214603,0.5502268346895968,1687.150971469,37.843311191671376,1460.7900908126667,1687.150971469
55,421,1451.0831956606664,0.07863427010757262,0.5502209458108195,1684.9838388216667,53.56413320780655,1451.0831956606664,1684.9838388216667
55,316,1451.1703362976666,0.21015477819827313,0.5502242478920488,1644.2172066570001,40.990685983009385,1451.1703362976666,1644.2172066570001
55,273,1451.3039312413332,0.1540897484841324,0.5502255039490386,1670.9200861810002,45.46799586387607,1451.3039312413332,1670.9200861810002
55,253,1448.6054269183333,0.6233668087982495,0.5500069929919814,1709.9047009763333,9.962353515496822,1448.6054269183333,1709.9047009763333
55,236,1448.7627640703333,0.27143789754491904,0.5500067586001721,1736.7933477776667,16.69439629038595,1448.7627640703333,1736.7933477776667
55,204,1449.233634256,0.1793663450373719,0.550006903925961,1714.6795886549999,53.119273230563905,1449.233634256,1714.6795886549999
55,177,1449.6225365500002,0.2139424977711758,0.5500068251586998,1718.4977804393336,11.447382618309005,1449.6225365500002,1718.4977804393336
55,100,1450.720284819,0.2226771118383404,0.5500069001436844,1714.3170043379998,6.185266527306271,1450.720284819,1714.3170043379998
55,10,1451.5426916176666,0.17237018898820686,0.5500069152910333,1721.7779122926665,43.45676076151999,1451.5426916176666,1721.7779122926665
55,1,1451.6551841096668,0.18427081982135612,0.5500068212851206,1744.3101740989998,33.56033628860521,1451.6551841096668,1744.3101740989998
55,0,1451.7170432146668,0.21161875298090485,0.5500072630125991,1699.3115619136668,11.244883455538984,1451.7170432146668,1699.3115619136668
56,100000,11.896555816000001,0.002803517026324257,0.5627342342636217,364.16836715,0.037426579556618975,11.896555816000001,364.16836715
56,31622,37.237270161999994,0.024287547298340078,0.5641211231774313,366.896811594,0.07935092731567414,37.237270161999994,366.896811594
56,17782,66.16071717066667,0.039285891384347786,0.5600645282404787,369.597372549,0.12149490316725205,66.16071717066667,369.597372549
56,10000,117.74507503399998,0.021590700299087447,0.5622920189004473,375.845512438,0.17110086688712497,117.74507503399998,375.845512438
56,5623,209.34275061000002,0.05798736455290767,0.5616625675706058,387.56841025600005,0.16290245917845403,209.34275061000002,387.56841025600005
56,4216,279.2229536483333,0.022640904093451715,0.5610739978497602,398.3986455026666,0.14262812454903542,279.2229536483333,398.3986455026666
56,3162,372.14663569466666,0.060730206770499257,0.5602762470563167,414.93210928966664,0.052296565824356746,372.14663569466666,414.93210928966664
56,2371,496.1536988556666,0.01908227972873286,0.560586525180346,439.1379451976666,0.0692230404546962,496.1536988556666,439.1379451976666
56,1778,661.3503544193334,0.05677286835075265,0.5603787043184113,470.6432345676667,0.1921713387670946,661.3503544193334,470.6432345676667
56,1333,881.8618558100001,0.010351234750490003,0.5606328877549693,514.6104489796667,0.11170112467350088,881.8618558100001,514.6104489796667
56,1154,1018.0705456763334,0.006761262887878097,0.560433413380094,551.456927536,0.3666091118016718,1018.0705456763334,551.456927536
56,1074,1093.3638436426666,0.28219826145859955,0.5604214419090221,582.2019492113333,0.28712458689832865,1093.3638436426666,582.2019492113333
56,1000,1174.089966624,0.06264335405177299,0.5603721290311775,631.9413333333333,0.9978372729725211,1174.089966624,631.9413333333333
56,930,1262.0789450949999,0.010843653000427288,0.5604283758845345,719.9428190476666,0.6717891050959023,1262.0789450949999,719.9428190476666
56,896,1309.5704899926666,0.08539892060993785,0.5603327855451816,783.977,0.11914545994289207,1309.5704899926666,783.977
56,865,1356.2404727386665,0.06562803390643543,0.5602808097012618,867.4409655173334,1.0218383471435042,1356.2404727386665,867.4409655173334
56,833,1408.2948679673334,0.05606010950313732,0.5602667123674402,971.932051282,0.7472551163014813,1408.2948679673334,971.932051282
56,818,1433.8779001,0.10007519399092442,0.5602854049369291,1025.99424,0.8964571262475752,1433.8779001,1025.99424
56,804,1458.824901484,0.0735212922313845,0.5602872353191874,1090.4191541216667,1.3590556375563603,1458.824901484,1090.4191541216667
56,799,1467.7196743020002,0.40723559581598917,0.560239299579158,1122.079768116,3.1029546125547265,1467.7196743020002,1122.079768116
56,796,1473.2759939180003,0.15755737206581538,0.560251683822055,1147.0754545456666,1.684909208719753,1473.2759939180003,1147.0754545456666
56,793,1478.751232407,0.09413909121291383,0.5602910537192041,1192.983544733,7.071581640925462,1478.751232407,1192.983544733
56,792,1480.7718392549998,0.08292637233895668,0.5603171954259681,1210.3543280423335,1.9449616214232701,1480.7718392549998,1210.3543280423335
56,790,1482.4518770776667,0.19075471178322875,0.5603440812839869,1304.2519934660002,6.801155225051406,1482.4518770776667,1304.2519934660002
56,789,1481.33243289,0.1107625452316408,0.5604142795594717,1361.1008870326668,7.8173972684079285,1481.33243289,1361.1008870326668
56,787,1479.6452214376668,0.08374112845048698,0.5602734815846868,1427.7392592593333,4.57928303887328,1479.6452214376668,1427.7392592593333
56,786,1479.179036955,0.1225382366311177,0.5602570447228366,1438.9188888886667,5.659247853965063,1479.179036955,1438.9188888886667
56,785,1478.6703070283336,0.1887724761192334,0.5602595007803787,1444.7779259259999,2.3116786093270885,1478.6703070283336,1444.7779259259999
56,782,1478.1211038396668,0.28440097506739637,0.5602941138301097,1457.973549296,3.7992239972149604,1478.1211038396668,1457.973549296
56,776,1477.2288210423333,0.12432014302396611,0.5603570646032838,1467.3587219313333,2.3001296147287187,1477.2288210423333,1467.3587219313333
56,762,1476.3743673036668,0.2368879482427204,0.5603231230136334,1497.2203137256668,0.6492331100398528,1476.3743673036668,1497.2203137256668
56,749,1475.9113470990003,0.3029241739003987,0.5603569300694792,1517.4474248366666,3.3570623884244872,1475.9113470990003,1517.4474248366666
56,722,1475.239535031,0.1855928196803785,0.5603289645498529,1552.4781539166668,3.8326652333535987,1475.239535031,1552.4781539166668
56,696,1474.274932753,0.3650733164014119,0.5603495896303676,1573.1570749960001,9.999126335846354,1474.274932753,1573.1570749960001
56,648,1473.3206614106666,0.1736254290147537,0.5603138242942988,1611.217875,1.8053186309831217,1473.3206614106666,1611.217875
56,562,1472.2038028656668,0.17349004903991558,0.5603325420188133,1653.3649681416666,6.686086837062727,1472.2038028656668,1653.3649681416666
56,522,1469.848383537,0.1626586185496253,0.5603317479549687,1663.7539217843332,15.585642047328967,1469.848383537,1663.7539217843332
56,486,1461.2599279896667,0.11309586522946698,0.5603362826258287,1633.0206250843332,29.241784478052363,1461.2599279896667,1633.0206250843332
56,468,1456.6671393610002,0.13875028233873402,0.5603394271260147,1610.5815172773334,33.402680570830796,1456.6671393610002,1610.5815172773334
56,452,1455.8648354736667,0.16833332143156718,0.5603356011215791,1582.4620848506668,4.0073798781723395,1455.8648354736667,1582.4620848506668
56,421,1455.7008696473333,0.18787007958979465,0.5603374938720179,1656.955399599,27.253113179697454,1455.7008696473333,1656.955399599
56,316,1455.889413221,0.22138576548821995,0.5603323619941962,1643.9756470956665,30.043875563686296,1455.889413221,1643.9756470956665
56,177,1454.2048164053333,0.10056855512497397,0.5600065487606347,1702.218116928,42.60461461287159,1454.2048164053333,1702.218116928
56,100,1455.180842635,0.2788186515083747,0.5600071803385455,1613.818868395,16.28712908865429,1455.180842635,1613.818868395
56,55,1455.736550707,0.2415472940255635,0.560007043834069,1674.2606383656666,34.612586490678495,1455.736550707,1674.2606383656666
56,31,1455.8398413470002,0.29785239041204625,0.5600068173500669,1676.9580742466667,25.676589569847543,1455.8398413470002,1676.9580742466667
56,10,1455.9002679436664,0.13295722456227685,0.5600064934024372,1707.0934636466666,30.47188579768008,1455.9002679436664,1707.0934636466666
56,3,1455.8965651906667,0.16318453872702374,0.5600068750894637,1678.146024239,23.323355263906134,1455.8965651906667,1678.146024239
56,1,1456.3435112766667,0.20871728120897587,0.5600069447038208,1664.3503316683334,20.848632908280102,1456.3435112766667,1664.3503316683334
56,0,1456.0069486773334,0.0956184906858588,0.5600069980113623,1661.9322021883333,29.150262194564007,1456.0069486773334,1661.9322021883333
57,100000,11.898707639166666,0.004500675605417061,0.5672606114718873,364.1974492753333,0.0719034383871345,11.898707639166666,364.1974492753333
57,17782,66.13809104133334,0.015976696413881622,0.5734518594168996,369.62596078433336,0.17592415703530162,66.13809104133334,369.62596078433336
57,10000,117.82083713533335,0.005441136538552524,0.5742664061920888,375.634208955,0.09040826680800441,117.82083713533335,375.634208955
57,5623,209.41208013066668,0.015107512575263424,0.5733968373867889,387.3404923076667,0.08422066269763781,209.41208013066668,387.3404923076667
57,4216,279.23104853633333,0.023112022683473846,0.5722989693483135,397.93519576700004,0.04993772225673603,279.23104853633333,397.93519576700004
57,3162,372.11643305766665,0.12386122576016392,0.5710115612343595,414.52373770466664,0.10698390308045348,372.11643305766665,414.52373770466664
57,2371,496.1859975186667,0.014587234985965583,0.5709388999138213,438.218083495,0.14892424063744097,496.1859975186667,438.218083495
57,1778,661.3581748026667,0.046127356175572655,0.570949122764625,469.33965432099995,0.09502050418862881,661.3581748026667,469.33965432099995
57,1539,763.8732379473335,0.0019548909320621,0.5710830428754661,488.80430769233334,0.04126254525336903,763.8732379473335,488.80430769233334
57,1333,881.7973773963334,0.010997612435392648,0.571209440654605,511.9565714286666,0.4950130779176675,881.7973773963334,511.9565714286666
57,1154,1018.0324851656666,0.034240956320114986,0.5709230148765735,547.5868985506667,0.6898445477197673,1018.0324851656666,547.5868985506667
57,1074,1093.5420859533333,0.022642180630304036,0.5707130330728653,576.7536060606667,0.6962783850259164,1093.5420859533333,576.7536060606667
57,1000,1174.0885983903333,0.02646881425899743,0.5707069768768134,626.7875,0.48549561275058567,1174.0885983903333,626.7875
57,930,1262.1106740663333,0.009925774578341368,0.5707403015659465,714.7031076136667,1.3108750363880572,1262.1106740663333,714.7031076136667
57,896,1309.5312229096664,0.08203510195889806,0.5707070898283877,778.7481033236667,0.5004409495693659,1309.5312229096664,778.7481033236667
57,865,1356.296404978,0.08760645998073725,0.5706421684669841,862.7651336129999,0.5184460621189297,1356.296404978,862.7651336129999
57,833,1408.5732534576666,0.06871804548927292,0.5706021363059008,965.6785641026667,2.0168990688943595,1408.5732534576666,965.6785641026667
57,818,1434.1459072083333,0.10850703455471926,0.5706059283784864,1019.9527466666667,0.8057154607758699,1434.1459072083333,1019.9527466666667
57,804,1459.068811642,0.04035023124626897,0.5705223766577134,1081.4530555556667,0.16590034947921686,1459.068811642,1081.4530555556667
57,796,1473.7220620633334,0.04363090029691561,0.5705540059535085,1130.358956522,1.5175991487275504,1473.7220620633334,1130.358956522
57,793,1479.1178478083332,0.026248672293513933,0.5705265029212708,1157.2813333336667,1.2490646727567227,1479.1178478083332,1157.2813333336667
57,792,1481.3428491746665,0.05393831652188677,0.5706063320858585,1175.874424242,3.098335491962122,1481.3428491746665,1175.874424242
57,790,1484.6732047593334,0.08529183558999544,0.5706666666697946,1222.5467513229999,8.366525577709947,1484.6732047593334,1222.5467513229999
57,789,1485.7215128553332,0.33136043875935134,0.5706675018541473,1258.2608597136666,7.7051157852828425,1485.7215128553332,1258.2608597136666
57,787,1483.7648247643335,0.2789837834617142,0.5706454650841213,1389.2973745916668,3.9612274818103312,1483.7648247643335,1389.2973745916668
57,786,1483.1478310303335,0.23671351461745252,0.5705241293007463,1417.1938271603333,6.3325453615405225,1483.1478310303335,1417.1938271603333
57,785,1482.5071423333331,0.10484321226681616,0.5704660441084896,1433.147037037,5.419592879386413,1482.5071423333331,1433.147037037
57,782,1481.552115304,0.30925861026954554,0.5705184825544249,1455.5356105816666,5.589823001319639,1481.552115304,1455.5356105816666
57,776,1480.4071705943334,0.10505683851218195,0.5705824688852125,1467.3143449733334,5.280386908808476,1480.4071705943334,1467.3143449733334
57,768,1479.9412786946666,0.23830325195411273,0.5705332142361842,1485.8928945723335,2.9003612474991365,1479.9412786946666,1485.8928945723335
57,762,1479.3613782956666,0.23810262759034143,0.570577097770565,1491.4816209150001,7.173069317338992,1479.3613782956666,1491.4816209150001
57,749,1479.155680283,0.1884198268238235,0.5705946538362684,1510.478588235,11.307891094181436,1479.155680283,1510.478588235
57,722,1478.460740726,0.12853535215124176,0.5705530633994554,1550.8397718336666,4.657400097150338,1478.460740726,1550.8397718336666
57,696,1477.828198540333,0.11972832979138898,0.5705672952023666,1574.5432573816668,6.653486240228937,1477.828198540333,1574.5432573816668
57,648,1476.8471260883334,0.25738311850916845,0.5705303376031633,1619.481375,7.455262800322595,1476.8471260883334,1619.481375
57,603,1476.3469542573332,0.017564295351487468,0.570544970039082,1637.4550173476666,6.624408588825148,1476.3469542573332,1637.4550173476666
57,562,1475.3178345333333,0.1599413916096309,0.5705517424526164,1661.8896639116665,8.282863356778996,1475.3178345333333,1661.8896639116665
57,541,1474.039041617,0.13451223077726793,0.5705539275747905,1671.1482308883333,5.565799072328675,1474.039041617,1671.1482308883333
57,522,1471.9068066773334,0.047710707182555476,0.5705472015761573,1669.0145391936667,11.272211631840168,1471.9068066773334,1669.0145391936667
57,486,1462.537334091,0.23092565038344942,0.5705389405438712,1623.6391382509998,33.94381833432143,1462.537334091,1623.6391382509998
57,452,1460.5799657886666,0.20758697217768746,0.5705495985144591,1630.6090292176668,21.922708840905727,1460.5799657886666,1630.6090292176668
57,421,1460.6426045340002,0.08231111024986322,0.5705470741593693,1672.6145561976666,39.13994333615922,1460.6426045340002,1672.6145561976666
57,316,1460.5071462923333,0.27853415089860256,0.5705515243442373,1643.3791777223335,25.751255272168333,1460.5071462923333,1643.3791777223335
57,177,1459.013321007,0.20200535118124294,0.5700064377914595,1665.0682663496666,23.614110093615686,1459.013321007,1665.0682663496666
57,100,1460.0009588536666,0.3959760580543111,0.5700065173340072,1663.3757397566667,17.263140035570043,1460.0009588536666,1663.3757397566667
57,10,1460.3034790433333,0.33381160485725064,0.5700062557731886,1683.4299278859999,15.15692363569798,1460.3034790433333,1683.4299278859999
57,1,1460.7710267820003,0.200225086645845,0.5700064634074673,1649.2718562423333,23.62297035288232,1460.7710267820003,1649.2718562423333
57,0,1460.7455934700001,0.14206961196606852,0.5700068377730819,1653.5217591766668,28.243984670752887,1460.7455934700001,1653.5217591766668
58,100000,11.895820498333334,0.0010675905625512354,0.5763124275426805,364.15791304366667,0.03676130313257995,0.0,364.15791304366667
58,100000,11.895820498333334,0.0010675905625512354,0.5763124275426805,364.15791304366667,0.03676130313257995,11.895820498333334,364.15791304366667
58,31622,37.20372956733333,0.030464420506840235,0.58200879820143,366.64510144933337,0.06393067550438468,37.20372956733333,366.64510144933337
58,17782,66.17214070533333,0.015734096444672576,0.5847318311716587,369.85519607833334,0.06832553229603046,66.17214070533333,369.85519607833334
58,10000,117.82541768633332,0.05194318709917243,0.5835701964145624,375.6413731343334,0.08922369619611616,117.82541768633332,375.6413731343334
58,7498,156.98703324000002,,0.5750098972186933,380.15909090900004,0.05578480908456672,156.98703324000002,380.15909090900004
58,5623,209.44304609433334,0.030969408578062022,0.5832841528770681,387.11999999999995,0.16772498228941335,209.44304609433334,387.11999999999995
58,4216,279.2267996486667,0.011436493835083593,0.5821015784197073,397.75462433866664,0.023167586213647454,279.2267996486667,397.75462433866664
58,3162,372.1469365313333,0.11282905921286009,0.5809367654614247,414.14546448100003,0.08486006879244491,372.1469365313333,414.14546448100003
58,2371,496.20606430299995,0.011103996355136845,0.5809029490259174,437.44209195400003,0.13496589353976868,496.20606430299995,437.44209195400003
58,1778,661.2563607843334,0.14407614784719225,0.581012462962066,467.4711604936667,0.03960202130924172,661.2563607843334,467.4711604936667
58,1333,881.7869577800001,0.016926671390670993,0.5809654878487628,509.50975276400004,0.3161445687221104,881.7869577800001,509.50975276400004
58,1154,1017.9587313966667,0.018041926918837263,0.5809614971077773,544.3437971013333,0.2582298377894877,1017.9587313966667,544.3437971013333
58,1074,1093.468453961,0.013682386956374519,0.5807014969686423,573.1424242426666,0.5872426274221403,1093.468453961,573.1424242426666
58,1000,1174.0936640276666,0.0431032872599452,0.5807806764270809,623.7315350796666,0.6255959006254278,1174.0936640276666,623.7315350796666
58,930,1262.04246072,0.1268736521057165,0.580683394989431,710.5857407406667,0.08639804016177231,1262.04246072,710.5857407406667
58,865,1356.355243664,0.09760296796989532,0.5806374732490666,854.9744000000001,0.7854111902699802,1356.355243664,854.9744000000001
58,833,1408.6800288206668,0.04069488513971621,0.5805571074797578,957.3409382716667,1.06167830836097,1408.6800288206668,957.3409382716667
58,818,1434.2870845203333,0.032727508802379235,0.5805389582677917,1011.0738133333333,0.7104104023262598,1434.2870845203333,1011.0738133333333
58,804,1459.2085099153335,0.10342786791163566,0.580490307327071,1069.137111111,2.127552227853336,1459.2085099153335,1069.137111111
58,796,1473.7838266576666,0.002636809217989726,0.5805027543993154,1116.2815652176666,1.8283944758320314,1473.7838266576666,1116.2815652176666
58,792,1481.5221001889997,0.03970877944451507,0.5805217878196742,1150.6252121213333,4.994352282695723,1481.5221001889997,1150.6252121213333
58,789,1486.3621954676667,0.0794230504894445,0.5806124472728986,1207.936698413,8.454640372501524,1486.3621954676667,1207.936698413
58,787,1489.0212355806664,0.4952689161611494,0.580582357544817,1275.8444236443333,18.80629224905509,1489.0212355806664,1275.8444236443333
58,786,1488.2444755416666,0.2802828980392156,0.580554959899568,1352.7428004243332,5.6800526335267145,1488.2444755416666,1352.7428004243332
58,785,1487.2032393383333,0.42558179975006405,0.5805212659757433,1392.402112347,7.825224136679449,1487.2032393383333,1392.402112347
58,783,1485.485165438,0.0612654366345182,0.5804036808623481,1435.2191111109998,6.430115629669303,1485.485165438,1435.2191111109998
58,782,1485.184703455,0.08684629114403487,0.5804286262791383,1442.3597037036668,3.5722664404508837,1485.184703455,1442.3597037036668
58,776,1484.0002870416665,0.2852679566329586,0.5805119398568563,1467.3490655236667,6.954778066121317,1484.0002870416665,1467.3490655236667
58,768,1483.6720066893333,0.12179590113284357,0.580472417032385,1482.1016919193335,2.2614564376198136,1483.6720066893333,1482.1016919193335
58,762,1483.2285012763334,0.2984021333253905,0.5805236300266411,1496.3907450983334,2.6088950034618246,1483.2285012763334,1496.3907450983334
58,749,1482.453322548,0.20398889692966707,0.5805151137432899,1522.7550588236666,3.260213821104535,1482.453322548,1522.7550588236666
58,722,1482.0758895816664,0.16342141127403215,0.580484496775013,1556.705315405333,11.89701470859888,1482.0758895816664,1556.705315405333
58,696,1481.207731653,0.24662503107884443,0.5804873876503686,1580.0900493196666,6.021644987821208,1481.207731653,1580.0900493196666
58,648,1480.3364623153332,0.028767648226475526,0.5804741260200439,1613.8628333333334,4.5720197009454235,1480.3364623153332,1613.8628333333334
58,562,1478.3266610226667,0.08979724520754492,0.5804788190819784,1652.5764870966668,3.303873120255729,1478.3266610226667,1652.5764870966668
58,522,1474.0468254549999,0.22350054508606856,0.5804784593129709,1650.942180942,2.3007394796856273,1474.0468254549999,1650.942180942
58,512,1471.3716790340002,0.23822490894356638,0.5804778575498982,1653.6674203086668,43.6428842305272,1471.3716790340002,1653.6674203086668
58,503,1469.2820381226666,0.11501820601956118,0.5804761567599176,1651.4333710813335,11.308708594666136,1469.2820381226666,1651.4333710813335
58,494,1467.4648773586666,0.10442721994746433,0.5804839830791283,1589.3516488956666,19.777351832211757,1467.4648773586666,1589.3516488956666
58,486,1466.532591018,0.11071654853468925,0.5804805824481166,1579.5476008796668,37.87322361419474,1466.532591018,1579.5476008796668
58,476,1465.8996012176667,0.15128081093001802,0.5804781462375445,1577.0677644033333,29.605069410522013,1465.8996012176667,1577.0677644033333
58,468,1465.8523312053333,0.07215576572785036,0.580479333239622,1561.2587948903335,14.69794536397577,1465.8523312053333,1561.2587948903335
58,459,1465.6515650536667,0.27762669365498377,0.5804763768781193,1610.0863677566667,8.269476646752043,1465.6515650536667,1610.0863677566667
58,452,1465.597793162,0.1848507799831553,0.5804777984142503,1613.4746095103335,26.467037028356422,1465.597793162,1613.4746095103335
58,421,1465.8031035820002,0.06746857635096236,0.5804793074379451,1623.5788498250001,37.28292586831747,1465.8031035820002,1623.5788498250001
58,316,1465.4098653123335,0.29743533775449477,0.5804822335586635,1633.7640955903335,23.35154477979646,1465.4098653123335,1633.7640955903335
58,177,1463.967746682,0.4318217853463945,0.5800059380969825,1653.8863418253334,14.689313319741576,1463.967746682,1653.8863418253334
58,100,1465.0417515686665,0.14697743770434893,0.5800060416729601,1642.4663783486667,23.023503929207546,1465.0417515686665,1642.4663783486667
58,10,1465.593234753,0.2319873116612877,0.580006158518192,1628.6433678886667,33.29645699043717,1465.593234753,1628.6433678886667
58,1,1465.5931648063333,0.3940416085521515,0.5800064319190935,1597.2213464269998,22.53419133747645,1465.5931648063333,1597.2213464269998
58,0,1465.7232420546668,0.22818022763245724,0.580006169750801,1633.321877802,10.299760394465563,1465.7232420546668,1633.321877802
59,31622,37.25121654466667,0.027371291615617237,0.5915682036904065,366.72966183600005,0.07885490778059197,37.25121654466667,366.72966183600005
59,17782,66.18571559666667,0.021585113360926,0.5938468176358827,370.0033921566667,0.011886477586082604,66.18571559666667,370.0033921566667
59,10000,117.82345196433334,0.03145952254901284,0.5930774498079218,375.323920398,0.1816246704018963,117.82345196433334,375.323920398
59,5623,209.44486653066664,0.030758695114661883,0.5928398294123375,387.02320000000003,0.12473755077165448,209.44486653066664,387.02320000000003
59,4216,279.2491672246667,0.013651707539695215,0.5920725722952914,397.610031746,0.15583468349197177,279.2491672246667,397.610031746
59,3162,372.215841019,0.03221675111684007,0.5906198132724056,413.1896830603334,0.19857635007662333,372.215841019,413.1896830603334
59,2371,496.2129049723333,0.02927436284185903,0.5906613211678908,436.435586207,0.08396197010701167,496.2129049723333,436.435586207
59,1778,661.1476007423333,0.0879343801508244,0.5908909118392117,466.14560493799996,0.053481755088152574,661.1476007423333,466.14560493799996
59,1333,881.8004590836666,0.0020282305671894775,0.5908311711053063,507.4293333333333,0.07021395113031748,881.8004590836666,507.4293333333333
59,1154,1018.0301679053333,0.015233540636496085,0.5906891363249974,541.3662695036667,0.5692014422559388,1018.0301679053333,541.3662695036667
59,1074,1093.48563372,0.007331228578927418,0.5906664276994901,571.0437272723333,0.18819606881961753,1093.48563372,571.0437272723333
59,1000,1174.1418031183332,0.01386616979630016,0.5907239855965994,621.553495935,0.40035589537258753,1174.1418031183332,621.553495935
59,930,1262.148335953,0.028459148392588896,0.5905911840678507,708.1345185186666,0.16810535872915697,1262.148335953,708.1345185186666
59,865,1356.3562996886667,0.027270508328450814,0.5905692854501295,850.2265333336667,1.1306474133580997,1356.3562996886667,850.2265333336667
59,833,1408.7733924103334,0.046899493073110844,0.5905126686559123,950.9955555556667,1.950277523986479,1408.7733924103334,950.9955555556667
59,804,1459.2845108576669,0.02467803913086195,0.590460234160187,1065.4148333333333,1.1894404265997214,1459.2845108576669,1065.4148333333333
59,796,1473.8853085029998,0.03386528392731175,0.5904905006837238,1110.737507246,1.1185015677182677,1473.8853085029998,1110.737507246
59,792,1481.6222213976669,0.03939344530921867,0.5905001670019023,1143.0389908070001,4.910710045364755,1481.6222213976669,1143.0389908070001
59,789,1486.7806043419998,0.11702844428592345,0.5905353199248684,1183.6463326286666,3.8987458778209145,1486.7806043419998,1183.6463326286666
59,787,1490.0874147453333,0.11313830697922928,0.5905871506355459,1238.399115701,1.6140480237739898,1490.0874147453333,1238.399115701
59,786,1491.2398989053333,0.2670642123459279,0.5905601127013106,1276.4873735006668,4.934338422286515,1491.2398989053333,1276.4873735006668
59,785,1490.901275257,0.43428262599901374,0.590519149073818,1344.8178348116667,7.055687332464775,1490.901275257,1344.8178348116667
59,783,1489.1045236460002,0.2280805580208137,0.5903647710767417,1428.6646666666668,1.1803730942341621,1489.1045236460002,1428.6646666666668
59,782,1487.8717754870001,0.43944449834357235,0.5903743289573808,1441.319037037,4.763093508686374,1487.8717754870001,1441.319037037
59,778,1487.3652139356666,0.21279340058329518,0.5905039294732082,1465.2147981219998,1.9163983189495384,1487.3652139356666,1465.2147981219998
59,776,1486.9026074049998,0.25303570897310457,0.5904850918205043,1472.3303935723334,7.720438686917306,1486.9026074049998,1472.3303935723334
59,768,1486.2925671290002,0.23416978043614883,0.5904285700830526,1488.0729207163333,0.4815497986982841,1486.2925671290002,1488.0729207163333
59,762,1485.8943501843332,0.16206003746807285,0.590487676788494,1498.0538514326665,3.3802138747707375,1485.8943501843332,1498.0538514326665
59,749,1485.5140155553333,0.340035829175106,0.5904692666990585,1518.964183006333,2.7660821907140023,1485.5140155553333,1518.964183006333
59,722,1484.6817683663332,0.22304862788802263,0.5904427648520509,1559.6620087256667,6.147599742228164,1484.6817683663332,1559.6620087256667
59,696,1484.201334579,0.15273170778835682,0.5904284372897494,1582.0221054486665,13.592506319559265,1484.201334579,1582.0221054486665
59,648,1483.4987179296668,0.11309281153921856,0.5904273378477843,1617.447906746,9.439747836059443,1483.4987179296668,1617.447906746
59,603,1483.0119248949998,0.12845713990294638,0.5904280664387093,1643.2214899226667,6.515237746494218,1483.0119248949998,1643.2214899226667
59,562,1481.1498454763332,0.032747742570476406,0.5904263761805381,1665.1809051403334,4.646748111001701,1481.1498454763332,1665.1809051403334
59,541,1479.321980995667,0.1764916938875669,0.5904316759510134,1650.6712008896666,23.013100614177766,1479.321980995667,1650.6712008896666
59,522,1475.959696326,0.16926549126015591,0.5904326568627777,1656.5030622116665,21.13615905795766,1475.959696326,1656.5030622116665
59,503,1472.7218895880003,0.17498092194514614,0.5904374594631724,1592.3570174886665,23.832240787091116,1472.7218895880003,1592.3570174886665
59,486,1471.3531157676668,0.09919851906580059,0.5904314414935425,1578.912843204,19.96805280313144,1471.3531157676668,1578.912843204
59,468,1470.8736386540002,0.09263256919175507,0.5904345178341679,1610.5166236613334,15.629602714085319,1470.8736386540002,1610.5166236613334
59,452,1471.015448913,0.06819542680728591,0.5904330633975369,1625.0258614393333,8.687045848181086,1471.015448913,1625.0258614393333
59,421,1470.8084362056668,0.17822245514612142,0.5904341649930885,1614.93509014,17.74139411779826,1470.8084362056668,1614.93509014
59,316,1470.892128534,0.10644181900981257,0.5904300777397826,1634.4909124273333,22.55657929274882,1470.892128534,1634.4909124273333
59,177,1468.8533309643335,0.07081171343972512,0.5900057018654773,1639.198499296,20.07384344382111,1468.8533309643335,1639.198499296
59,100,1470.0616141029998,0.12872869432233322,0.5900055490110697,1647.030063927,6.776042455929818,1470.0616141029998,1647.030063927
59,31,1470.500798846,0.260114133351352,0.5900056419734602,1628.2646793256665,15.85041270702137,1470.500798846,1628.2646793256665
59,10,1470.7969587320001,0.07809986327941448,0.5900056769357459,1625.653333827,25.9349248106838,1470.7969587320001,1625.653333827
59,1,1470.6066745516666,0.21036818558340412,0.5900057236002544,1643.4643928373334,12.841063152087212,1470.6066745516666,1643.4643928373334
59,0,1470.8983482296665,0.3540424788392709,0.5900059546256615,1621.7463030283334,25.46084243980334,1470.8983482296665,1621.7463030283334
60,1000000,1.2450762353333333,0.0010343185363358865,0.5997659227167735,363.1154975843333,0.052084442907025276,0.0,363.1154975843333
60,1000000,1.2450762353333333,0.0010343185363358865,0.5997659227167735,363.1154975843333,0.052084442907025276,1.2450762353333333,363.1154975843333
60,31622,37.25262343533333,0.07965672291862397,0.5993115287800027,366.61706280199996,0.20965797734572295,37.25262343533333,366.61706280199996
60,17782,66.17167728866667,0.0185409834834064,0.602951295255001,369.8744705883333,0.11769662180149874,66.17167728866667,369.8744705883333
60,10000,117.84210535366667,0.04108544192594561,0.6019256013804839,375.4930149256667,0.07159886779764793,117.84210535366667,375.4930149256667
60,7498,157.11009195333335,0.02832723570688372,0.6042773596410879,379.688040404,0.15001322643837758,157.11009195333335,379.688040404
60,5623,209.477428477,0.018493202132628,0.6023968809150941,386.6692102566667,0.0557231476104305,209.477428477,386.6692102566667
60,4216,279.2560194046667,0.010723635597753687,0.6019099347678417,397.150899471,0.013890161691826958,279.2560194046667,397.150899471
60,3162,372.24609669299997,0.011452996478865057,0.6003749128362822,413.11836065566666,0.09568729851082634,372.24609669299997,413.11836065566666
60,2371,496.2140204936666,0.025842216825408174,0.6005914428983617,435.63765517266665,0.0673407579260949,496.2140204936666,435.63765517266665
60,1778,661.208368054,0.1877625934909562,0.6007372653545552,464.73834567933335,0.1198482425861556,661.208368054,464.73834567933335
60,1539,763.8476999983333,0.024740813574587288,0.6007794952556026,483.14487179500003,0.13487027121250114,763.8476999983333,483.14487179500003
60,1333,881.8118500493334,0.026089669008514636,0.6008633716706138,505.1276,0.050662427892862946,881.8118500493334,505.1276
60,1154,1018.0348954063334,0.00626902942747621,0.6006135368039373,538.3427801416666,0.24773473068178828,1018.0348954063334,538.3427801416666
60,1074,1093.5331184773333,0.02111659319085181,0.6005987514358159,566.7582535166666,0.6863257098790069,1093.5331184773333,566.7582535166666
60,1000,1174.1250614293333,0.004695463467111775,0.600588949070943,616.5203577236666,0.1634477236928185,1174.1250614293333,616.5203577236666
60,930,1262.1247452163334,0.08490617726534297,0.6005911093777643,703.3882962963334,0.7720679408322861,1262.1247452163334,703.3882962963334
60,896,1309.546336939333,0.08944971422582877,0.6005436745544829,763.995232323,0.7811704374940599,1309.546336939333,763.995232323
60,865,1356.4052326996668,0.04145157114379797,0.600476336692657,844.4205777779999,2.065101003885378,1356.4052326996668,844.4205777779999
60,833,1408.79146939,0.018176426917782276,0.6004254943477308,945.2467160493334,0.7191949364491284,1408.79146939,945.2467160493334
60,818,1434.4064013806667,0.09105469177421362,0.6003955975584022,999.5348255406667,1.243494919066217,1434.4064013806667,999.5348255406667
60,804,1459.264251783333,0.02774758954910782,0.6004172441314862,1058.689111111,1.509995487057129,1459.264251783333,1058.689111111
60,796,1473.8655358066665,0.04798331593710236,0.6003988987094725,1101.7597681159998,1.9028939483454084,1473.8655358066665,1101.7597681159998
60,792,1481.6945325456666,0.07165285667634091,0.6004308291215642,1133.0648376556667,4.0380760783067045,1481.6945325456666,1133.0648376556667
60,789,1486.8588006809998,0.07256456697417922,0.6004639764673952,1167.4504242426667,1.8037806242074677,1486.8588006809998,1167.4504242426667
60,786,1492.217301316333,0.10437459427689466,0.6005270414293734,1226.8731640213334,3.338540136620242,1492.217301316333,1226.8731640213334
60,785,1493.5424180273333,0.07772875123289652,0.6005064602560597,1256.1987430343333,0.8283746273559381,1493.5424180273333,1256.1987430343333
60,783,1493.2858208253335,0.3507956735652586,0.6004502489409973,1384.9317397943335,4.779093866928181,1493.2858208253335,1384.9317397943335
60,782,1492.3230634956665,0.05251399781827231,0.6003094067688224,1422.1684691356666,3.2618582853582474,1492.3230634956665,1422.1684691356666
60,780,1491.1868534510002,0.13226801702579047,0.6003486052971746,1457.8055054773333,2.3827884090059013,1491.1868534510002,1457.8055054773333
60,779,1490.7224382533332,0.20996317398655315,0.6003993842871173,1458.486222222,2.0370655122106984,1490.7224382533332,1458.486222222
60,778,1490.5911049166668,0.2901801645284235,0.6004457187185178,1469.6109702466667,2.9619238898529656,1490.5911049166668,1469.6109702466667
60,776,1490.122497585,0.44542445512770573,0.6004478001626484,1477.0280156863334,8.214894272450668,1490.122497585,1477.0280156863334
60,768,1489.2380280999998,0.1333487317039794,0.6003603111710163,1489.5717647056665,4.452506547911866,1489.2380280999998,1489.5717647056665
60,762,1489.0495901106667,0.11491243088804481,0.600426815404326,1504.0053333333333,4.382071572901654,1489.0495901106667,1504.0053333333333
60,749,1488.7622154603334,0.29831551157613106,0.6003999935168355,1519.5925490193333,4.216617594061866,1488.7622154603334,1519.5925490193333
60,722,1487.9295158603334,0.06573016157535053,0.6003870471805168,1564.972293771,17.491602708135048,1487.9295158603334,1564.972293771
60,696,1487.4302273806668,0.38960233846184084,0.600371482654339,1594.8941987576666,4.257789363466822,1487.4302273806668,1594.8941987576666
60,648,1486.6856895263334,0.1560829989222346,0.6003650154962319,1627.5597702703333,5.89007005392197,1486.6856895263334,1627.5597702703333
60,603,1486.0088429763334,0.03174140075413074,0.6003620034431799,1658.066053369,5.22797449537604,1486.0088429763334,1658.066053369
60,562,1484.2757291346668,0.051514955433206874,0.6003655538734706,1667.3362001383332,6.038587425415329,1484.2757291346668,1667.3362001383332
60,522,1479.2872480530002,0.2383151011530389,0.600371014026397,1650.1978232586669,21.941927672046816,1479.2872480530002,1650.1978232586669
60,503,1477.0450871503335,0.30558131574310776,0.6003621727451425,1593.9961176403333,25.10153147021459,1477.0450871503335,1593.9961176403333
60,486,1476.5318429216666,0.15936664424896624,0.6003721956520746,1590.8878779886666,26.16266489850696,1476.5318429216666,1590.8878779886666
60,421,1476.1573815446666,0.25996669213818424,0.6003712275792212,1622.8399669526668,26.703135719674414,1476.1573815446666,1622.8399669526668
60,316,1476.1167290863332,0.0582869518565981,0.600363388659913,1632.2545165943332,21.512208625332747,1476.1167290863332,1632.2545165943332
60,100,1475.43736955,0.26788712152988414,0.6000050477330044,1648.884965479,26.60294837392826,1475.43736955,1648.884965479
60,10,1475.7495785823332,0.06601075633152195,0.6000051168674232,1641.93600083,15.534353485286612,1475.7495785823332,1641.93600083
60,1,1476.1537997136668,0.07847769146171786,0.6000051350944614,1639.2019537566666,19.047906099379965,1476.1537997136668,1639.2019537566666
60,0,1475.6925522726667,0.08935193219121623,0.6000053786331737,1636.2055218696667,2.8468596353526565,1475.6925522726667,1636.2055218696667
61,100000,11.972726972333334,0.00607096369583464,0.6073108714500396,364.20900483099996,0.048326180177447615,11.972726972333334,364.20900483099996
61,31622,37.233146676333334,0.04778618803245768,0.6088429627079827,366.70367149733335,0.13655818250593382,37.233146676333334,366.70367149733335
61,17782,66.15371204233332,0.008016961326434159,0.6120394932333179,369.4593333330001,0.07588375119442932,66.15371204233332,369.4593333330001
61,10000,117.789557484,0.01776904379934521,0.6118377111906239,375.02453731333327,0.16534480040680666,117.789557484,375.02453731333327
61,5623,209.46364146633334,0.0313693111909313,0.6123090753318348,386.5495384613334,0.13069414679328764,209.46364146633334,386.5495384613334
61,4216,279.20483457033333,0.0036797355432762894,0.611792752097851,396.776811991,0.07958477075067993,279.20483457033333,396.776811991
61,3162,372.15390083000005,0.06755466336884151,0.6105476031077325,412.26406557366664,0.2542418379260105,372.15390083000005,412.26406557366664
61,2371,496.2129501243333,0.00318435372509257,0.6106486967771723,434.71135632200003,0.20508067900688082,496.2129501243333,434.71135632200003
61,1778,661.1043694496667,0.260879979942761,0.6106124824043515,463.10482222133334,0.03519828634942308,661.1043694496667,463.10482222133334
61,1539,763.8737372866667,0.037966223794725515,0.6108088121549506,481.38835897433336,0.12143523656242074,763.8737372866667,481.38835897433336
61,1333,881.8152473533333,0.03399927052929126,0.6109132189847166,502.65424,0.20055392092900998,881.8152473533333,502.65424
61,1154,1018.0149805993333,0.015436575683670144,0.61070733320148,534.4816170213334,0.17874747585628448,1018.0149805993333,534.4816170213334
61,1074,1093.5695952886665,0.040728021668743085,0.6105151548778114,563.792562963,0.14805389331353838,1093.5695952886665,563.792562963
61,1000,1174.133024924,0.011584558513984468,0.6105417506580727,613.0447154469999,0.22675748857757677,1174.133024924,613.0447154469999
61,930,1262.15651352,0.031590906859566524,0.6105833968572546,699.02,0.4814462396777514,1262.15651352,699.02
61,896,1309.6195779733332,0.07696906946055374,0.6105040686893134,759.7382671833333,0.6248591249278733,1309.6195779733332,759.7382671833333
61,865,1356.2820788306665,0.05802026070508555,0.6104324193874705,837.8385777776666,0.7650880248387237,1356.2820788306665,837.8385777776666
61,833,1408.7321963896666,0.057108644082023464,0.6103798205728209,938.0350617283333,0.7216549242064689,1408.7321963896666,938.0350617283333
61,804,1459.263207264,0.05310754809127914,0.6103866085824962,1054.2483888886666,1.626000259291987,1459.263207264,1054.2483888886666
61,796,1473.8962353099998,0.05414755160481229,0.610363075842047,1097.3666086956666,1.2406115571614647,1473.8962353099998,1097.3666086956666
61,792,1481.8496942,0.0676207729576811,0.6104074055251688,1125.3425507246668,3.080430973073053,1481.8496942,1125.3425507246668
61,789,1486.8983878283334,0.03448393109638591,0.6103989130015844,1151.241333333,1.5171383710999047,1486.8983878283334,1151.241333333
61,786,1492.384713251333,0.0401388229577833,0.6104702697344072,1200.3543357606666,0.6810392470340794,1492.384713251333,1200.3543357606666
61,785,1494.249231502,0.0524368026979421,0.6105054642593498,1222.2225185186667,2.9250011975463264,1494.249231502,1222.2225185186667
61,783,1496.6752558770002,0.18075789307703202,0.6104451041752929,1299.0282536109999,8.908422406483963,1496.6752558770002,1299.0282536109999
61,782,1496.5609743389998,0.2564018840881587,0.6104908672742125,1361.2720923326667,1.601810301580467,1496.5609743389998,1361.2720923326667
61,780,1494.7605061136665,0.3959016866384742,0.6103070976354906,1440.2071851849998,7.100317865942915,1494.7605061136665,1440.2071851849998
61,779,1494.1282856056666,0.15640624420738253,0.6103434474755373,1452.0454074073332,2.325673674368742,1494.1282856056666,1452.0454074073332
61,778,1493.944819131,0.41612821506034414,0.6103991230135406,1465.0890452043332,4.5923783696513,1493.944819131,1465.0890452043332
61,776,1493.4773300420002,0.1453707440986133,0.6104584107693858,1473.5985477713332,1.3177554300527008,1493.4773300420002,1473.5985477713332
61,768,1492.4388980463336,0.08826267198515776,0.6103779429087148,1492.3825098036666,1.7888333568882044,1492.4388980463336,1492.3825098036666
61,762,1492.0769281760001,0.18581075755492674,0.6104484482121226,1509.3028235296667,6.191645175431631,1492.0769281760001,1509.3028235296667
61,749,1491.8981927473333,0.24075828147059022,0.6104150544876171,1527.7105843526667,10.706595973242784,1491.8981927473333,1527.7105843526667
61,722,1491.1210213136667,0.12471352742052873,0.6104098128749688,1564.2540611430002,2.3158380707750448,1491.1210213136667,1564.2540611430002
61,696,1490.5819060283332,0.2345255416163779,0.6103872052833444,1598.2204903383333,4.855323136995088,1490.5819060283332,1598.2204903383333
61,648,1489.9900617033334,0.2380725326786121,0.6103864701568377,1646.2682499999999,5.4362167278816615,1489.9900617033334,1646.2682499999999
61,603,1488.9762820036667,0.23690651493737258,0.6103806434569791,1649.6469333106668,18.017604983357472,1488.9762820036667,1649.6469333106668
61,562,1487.3764242123334,0.13357324133459336,0.6103865137970166,1661.7038390976668,5.45620762754588,1487.3764242123334,1661.7038390976668
61,522,1483.2507508383333,0.061167192700305975,0.6103821338048108,1636.8506517919998,16.95245681777067,1483.2507508383333,1636.8506517919998
61,503,1481.9016713796666,0.06297537897034218,0.6103952863078134,1614.4506193713332,9.330946864157166,1481.9016713796666,1614.4506193713332
61,486,1481.6975413443333,0.1352029950798102,0.6103895888280751,1603.779557924,11.833983107439046,1481.6975413443333,1603.779557924
61,468,1481.447897741,0.07559625304228958,0.6103877403243115,1624.2525527813334,19.710172678633125,1481.447897741,1624.2525527813334
61,452,1481.315401788,0.17400319300398798,0.6103894671799891,1628.3170168570002,10.073538419876728,1481.315401788,1628.3170168570002
61,421,1481.385725145333,0.10638145015762457,0.6103851774054908,1647.759369419,7.172342199012857,1481.385725145333,1647.759369419
61,316,1481.3232079729999,0.11562953135150586,0.6103826987507529,1649.257055969,19.562116957323113,1481.3232079729999,1649.257055969
61,177,1479.358341889,0.008464474120591111,0.6100048341756797,1636.5723519566666,8.23652605242551,1479.358341889,1636.5723519566666
61,100,1480.5927431500002,0.11370082518432649,0.6100048465026898,1634.8271301020002,23.71274272993647,1480.5927431500002,1634.8271301020002
61,10,1481.0966066193332,0.24761296562940255,0.6100047986555419,1628.252435183,11.02812409568871,1481.0966066193332,1628.252435183
61,1,1480.9027735886666,0.056922054246664404,0.6100048722441135,1620.3189650880001,6.703527573056009,1480.9027735886666,1620.3189650880001
61,0,1481.1768272073332,0.08741155438687499,0.6100049924664964,1622.4775899313333,21.486482064580365,1481.1768272073332,1622.4775899313333
62,1000000,1.2450151508666667,0.0014711323411528141,0.6235219851270152,363.0148096619333,0.16031555558877603,0.0,363.0148096619333
62,1000000,1.2450151508666667,0.0014711323411528141,0.6235219851270152,363.0148096619333,0.16031555558877603,1.2450151508666667,363.0148096619333
62,100000,11.971977043166667,0.0028968900217049487,0.6185132957188596,364.0052173911667,0.23136369429237422,11.971977043166667,364.0052173911667
62,31622,37.30736147066667,0.0500699015874079,0.6200198753292551,366.4742318838333,0.1594396015982875,37.30736147066667,366.4742318838333
62,17782,66.24407666733335,0.07047768438801362,0.621124559507641,368.98843137266664,0.09030858932459859,66.24407666733335,368.98843137266664
62,10000,117.89069630766666,0.02424086649935742,0.6205165632274501,374.9480995023334,0.07937403401953896,117.89069630766666,374.9480995023334
62,7498,157.15485307566667,0.02973480701690629,0.623916506633619,379.494929293,0.05626528881331147,157.15485307566667,379.494929293
62,5623,209.37211461033334,0.020792676749916437,0.6218724213646972,386.48352820533336,0.16024640607780863,209.37211461033334,386.48352820533336
62,4216,279.19161052733335,0.06941798234542267,0.6215577103779536,396.62865657366666,0.05217778701404751,279.19161052733335,396.62865657366666
62,3162,372.22712476,0.016304009324542373,0.6203156214418591,411.9121311476667,0.03806245336548048,372.22712476,411.9121311476667
62,2371,496.15648597833336,0.04880480021927476,0.6206242232338645,432.778551724,0.19447066453501868,496.15648597833336,432.778551724
62,1778,660.9201492233333,0.1837487494547096,0.6205850330097306,461.55384242433337,0.17462242715245127,660.9201492233333,461.55384242433337
62,1539,763.8694400979999,0.023264807763036344,0.6205811382081222,479.6488805033334,0.2157985468894628,763.8694400979999,479.6488805033334
62,1333,881.831140836,0.03105308992770664,0.6207391920957608,500.9853606633333,0.3592404127863619,881.831140836,500.9853606633333
62,1154,1018.007376296,0.03167931519812876,0.6205689142153593,533.0060149346667,0.5940633617077299,1018.007376296,533.0060149346667
62,1074,1093.5863557876667,0.006585292776295341,0.6204111131088571,562.1062814816667,0.2106517072906439,1093.5863557876667,562.1062814816667
62,1000,1174.1239091099999,0.007654487755839276,0.6204496069658175,611.4858211383333,0.39921442609878893,1174.1239091099999,611.4858211383333
62,930,1262.1568145513336,0.07703219686240227,0.6205004484412977,696.5841793103333,0.6375791848307575,1262.1568145513336,696.5841793103333
62,896,1309.655585906,0.12254491420871305,0.6204233647958147,756.7324974086667,0.799575127222277,1309.655585906,756.7324974086667
62,865,1356.3743087340001,0.018924727007325903,0.620378735602389,833.8317633563333,0.4096546293853287,1356.3743087340001,833.8317633563333
62,833,1408.821008536,0.04872703269685599,0.6203052080804311,934.364345679,0.6781257528586035,1408.821008536,934.364345679
62,818,1434.5269194036666,0.033980854928443084,0.6203009376895681,989.3539999999999,0.8760511048727769,1434.5269194036666,989.3539999999999
62,804,1459.334275801,0.010093777247495763,0.6202947371348664,1052.0124444446667,0.9814768113550774,1459.334275801,1052.0124444446667
62,796,1473.9517484553332,0.039201905827344896,0.6202917601016884,1096.824637681,1.2282605622311724,1473.9517484553332,1096.824637681
62,789,1486.9438501839998,0.02498434451477756,0.620340987355931,1153.2056363636666,1.1213809228192204,1486.9438501839998,1153.2056363636666
62,786,1492.5102638816668,0.045020525162380996,0.6203766841063411,1191.178275604,0.8305224290734244,1492.5102638816668,1191.178275604
62,785,1494.4041170133332,0.012756462627495076,0.6204416410275525,1210.2548571426667,2.0389413107700367,1494.4041170133332,1210.2548571426667
62,783,1497.6060248679998,0.048743771292401,0.6204422899835814,1261.5896229506668,1.2426959722404975,1497.6060248679998,1261.5896229506668
62,782,1498.643328066,0.13041367219237568,0.6203674276797778,1304.8619231356668,6.571907170534489,1498.643328066,1304.8619231356668
62,780,1498.2770636333335,0.23676413808635627,0.620277253581099,1412.688197531,5.293586677168503,1498.2770636333335,1412.688197531
62,779,1498.0171156323333,0.19712058500866433,0.620250283286167,1444.471851852,8.982085161074973,1498.0171156323333,1444.471851852
62,778,1497.2388679906664,0.10720297784875883,0.6202975508338308,1455.2205185186667,5.655620961511552,1497.2388679906664,1455.2205185186667
62,776,1496.6514976299998,0.4650277525259749,0.6203716120321092,1478.9729082123333,0.8845792472471204,1496.6514976299998,1478.9729082123333
62,773,1495.9193429363331,0.1016412907107705,0.620345514932911,1484.5790235863333,1.5667858604790876,1495.9193429363331,1484.5790235863333
62,771,1495.513578678,0.3404314479654697,0.6203094532419143,1494.5607581699999,4.65496418757091,1495.513578678,1494.5607581699999
62,768,1495.5920695566667,0.08936934691627751,0.6203202750525545,1504.692627451,5.5104576986500025,1495.5920695566667,1504.692627451
62,762,1495.27215506,0.22717543562030545,0.620385802112987,1510.4146666666668,7.463110982481582,1495.27215506,1510.4146666666668
62,749,1494.5783263833334,0.05849444689164415,0.6203372907941812,1536.0127450979999,5.139252112989653,1494.5783263833334,1536.0127450979999
62,722,1494.121326590667,0.257693068635098,0.6203449080204874,1578.5017210883334,9.785643286361351,1494.121326590667,1578.5017210883334
62,696,1493.6542768850002,0.18677572230709752,0.620311354865823,1603.482013889,7.041163932214327,1493.6542768850002,1603.482013889
62,648,1493.156088543,0.1257321917184711,0.6203180793577484,1643.9241827726667,3.3806190163682377,1493.156088543,1643.9241827726667
62,603,1492.3935825423332,0.26601752191439426,0.6203129566268967,1664.7821859443332,6.302415208174403,1492.3935825423332,1664.7821859443332
62,562,1490.8150871843336,0.03342603466381978,0.6203169961575045,1668.8790589906666,9.115856216935883,1490.8150871843336,1668.8790589906666
62,522,1487.3435481513334,0.15247792562946036,0.6203329661446539,1632.2450914446665,32.60198555810178,1487.3435481513334,1632.2450914446665
62,486,1486.268336749,0.14676108257673526,0.6203236233523665,1630.0956988913333,24.35203644805801,1486.268336749,1630.0956988913333
62,421,1485.8826607293333,0.19179867258604785,0.6203176843848824,1647.791284719,9.060736280503413,1485.8826607293333,1647.791284719
62,316,1486.1906811823335,0.1390144324646668,0.6203176459360117,1647.497188367667,5.44120786522801,1486.1906811823335,1647.497188367667
62,177,1483.7269841486668,0.16623171198569967,0.6200044601904368,1641.1690030916668,17.45545638644399,1483.7269841486668,1641.1690030916668
62,100,1485.1202601610003,0.11235630554170244,0.6200042684153114,1643.709605892,14.367588636414471,1485.1202601610003,1643.709605892
62,10,1486.023346588,0.22179801368035149,0.6200043947401221,1633.938229735,5.321643120796334,1486.023346588,1633.938229735
62,1,1485.927327918,0.10324764150004986,0.6200044216983979,1645.2924920326668,12.657022453426919,1485.927327918,1645.2924920326668
62,0,1486.0625649633332,0.1806123495557251,0.6200043592091615,1648.512932002667,13.689496015451219,1486.0625649633332,1648.512932002667
63,100000,11.972675876333334,0.0019650025790373085,0.6297435374488258,364.01779710150004,0.19063068010839257,11.972675876333334,364.01779710150004
63,17782,66.18542008866667,0.05655641428263438,0.6323133413259457,369.2151960786667,0.05284128910614466,66.18542008866667,369.2151960786667
63,10000,117.82674618233334,0.09497608930172079,0.6313504509174551,374.6204577113333,0.24311101884917316,117.82674618233334,374.6204577113333
63,7498,157.14830818533335,0.0144291222823264,0.6343654765395007,379.18840769966664,0.17387303820405176,157.14830818533335,379.18840769966664
63,5623,209.43705595799997,0.020907516077790716,0.6321949326450796,386.04949743566664,0.029279980129381454,209.43705595799997,386.04949743566664
63,4216,279.1462844023333,0.034998725048275725,0.631809399768429,396.18681250000003,0.10804579830446351,279.1462844023333,396.18681250000003
63,3162,372.202689044,0.025376560920215945,0.6307025366495215,411.287147541,0.1844243262152449,372.202689044,411.287147541
63,2371,496.0796195456667,0.028048793335323677,0.6308525518749669,431.8324367816667,0.21007730160529703,496.0796195456667,431.8324367816667
63,2053,573.0073102006667,0.0399856049098032,0.6303769596151796,444.5829473686667,0.06472675261108454,573.0073102006667,444.5829473686667
63,1778,661.3447391163335,0.06992156760425468,0.63068960613186,460.15035151533334,0.07870631108988048,661.3447391163335,460.15035151533334
63,1539,763.9076911829999,0.026715403766161775,0.6307142591921951,477.830163522,0.10431871419063517,763.9076911829999,477.830163522
63,1333,881.8242385636667,0.011163209723420378,0.6306710870914355,498.4364183006667,0.31752941230720266,881.8242385636667,498.4364183006667
63,1154,1018.055457137,0.014097935735470005,0.6305480352437792,530.099,0.26958588387585597,1018.055457137,530.099
63,1074,1093.5878126916666,0.048275182589710586,0.6305155768348117,558.9318814813333,0.3175951279783259,1093.5878126916666,558.9318814813333
63,1000,1174.159049778,0.04721849950623599,0.6306049475718903,607.8834920633334,0.21031334632207932,1174.159049778,607.8834920633334
63,930,1262.0229914246665,0.13896602888502244,0.6304896154180614,693.4450294263333,0.6592126512799601,1262.0229914246665,693.4450294263333
63,896,1309.550480011,0.053942796154513056,0.6304870361692553,750.9818039216667,1.0218833983535782,1309.550480011,750.9818039216667
63,865,1356.5745073676665,0.05393456961938497,0.6304543691117623,828.2870537633333,0.7655438236933443,1356.5745073676665,828.2870537633333
63,833,1408.854021991,0.03951268260779504,0.6303704173526703,930.0721481483333,1.550748643629967,1408.854021991,930.0721481483333
63,818,1434.543206617,0.028874044689322854,0.6303413810499285,987.7824102566666,1.5793698868580515,1434.543206617,987.7824102566666
63,804,1459.3467197143334,0.034962871665290635,0.630342774927682,1051.3767222223335,3.086925413824671,1459.3467197143334,1051.3767222223335
63,796,1473.957027439,0.06143976193666552,0.6303337395242702,1096.9614492753333,0.9795529449840908,1473.957027439,1096.9614492753333
63,792,1481.9225387373335,0.0723120913569702,0.6303730156879634,1126.4664927533333,2.692728312312318,1481.9225387373335,1126.4664927533333
63,789,1486.9480373613333,0.03754480222827622,0.6303793541965161,1152.4515151513333,2.680319977945701,1486.9480373613333,1152.4515151513333
63,785,1494.435114248333,0.019017558711054573,0.630457930528729,1205.8058835976665,2.7611977181432628,1494.435114248333,1205.8058835976665
63,783,1498.038210166,0.10088886687867685,0.6304628135904239,1239.8793387536666,4.762957129235949,1498.038210166,1239.8793387536666
63,782,1499.5234705116666,0.01783587502950974,0.6304782945490937,1269.9471333333333,4.005949866552663,1499.5234705116666,1269.9471333333333
63,780,1501.5951080040002,0.27599230818400866,0.6304823864288484,1352.416720809,7.257142831531867,1501.5951080040002,1352.416720809
63,779,1501.501863642,0.3284224199252971,0.630392767960765,1403.3455514963334,3.7396109750598665,1501.501863642,1403.3455514963334
63,778,1500.5433910236668,0.3094748368661997,0.6303059403848774,1445.7511111113333,1.6157481011189152,1500.5433910236668,1445.7511111113333
63,776,1499.931775700333,0.12724151107098508,0.6304132077658836,1478.2154191533334,4.827189936346538,1499.931775700333,1478.2154191533334
63,773,1498.996345452,0.20641257971644184,0.6304102553761036,1492.5497254903332,4.189141649004791,1498.996345452,1492.5497254903332
63,771,1498.526288252,0.15724664761727403,0.6303556786398404,1498.747372549,7.2400449071765465,1498.526288252,1498.747372549
63,768,1498.2913928136668,0.2939806873254982,0.6303815502703703,1507.3078954246666,5.186438895674142,1498.2913928136668,1507.3078954246666
63,762,1498.1265719433331,0.2061283559922736,0.6304251193082689,1523.2124705883332,3.477767951329228,1498.1265719433331,1523.2124705883332
63,749,1497.7615150823333,0.24293320553570696,0.6303792504249249,1542.3844413226668,2.625597077741382,1497.7615150823333,1542.3844413226668
63,722,1497.0997590236668,0.2652091175125789,0.6303976897555704,1589.3294722223334,8.98123707164522,1497.0997590236668,1589.3294722223334
63,696,1496.602080541,0.25538127098551233,0.6303606761225072,1613.305916666667,2.511097796947224,1496.602080541,1613.305916666667
63,648,1496.1179617589999,0.057607881630498896,0.6303552404845364,1654.8636212623333,5.688231835634371,1496.1179617589999,1654.8636212623333
63,603,1495.5034948896666,0.20607471897419435,0.6303623436803677,1669.200515509,13.566360499829665,1495.5034948896666,1669.200515509
63,562,1494.0678347100002,0.04188837484506344,0.6303721442933977,1674.0083216036667,3.039683959815892,1494.0678347100002,1674.0083216036667
63,421,1490.539201631,0.08016394382549183,0.6303682226572013,1666.509828774,7.595267101304537,1490.539201631,1666.509828774
63,316,1490.7248333816667,0.12938717008726874,0.630369254971388,1671.3654021656666,4.780722166359425,1490.7248333816667,1671.3654021656666
63,177,1488.9948595423332,0.06163844429623644,0.6300037824509803,1660.8567060656667,8.041214631726291,1488.9948595423332,1660.8567060656667
63,100,1489.7909396206667,0.2038394513885206,0.6300037326145199,1664.0036840996665,8.276330116383276,1489.7909396206667,1664.0036840996665
63,10,1490.7513135946665,0.14520326461631913,0.6300037891050412,1649.7941261523335,5.828823412360317,1490.7513135946665,1649.7941261523335
63,1,1490.8049244143333,0.19116957821072517,0.6300038819245493,1650.6463394183331,9.070940773266713,1490.8049244143333,1650.6463394183331
63,0,1490.3490927283335,0.31343446051686713,0.6300048814823572,1654.1369350946668,9.77201357199834,1490.3490927283335,1654.1369350946668
64,100000,11.974290524333334,0.0011017591333975691,0.6387575361311089,364.0419710143333,0.11037822742072918,0.0,364.0419710143333
64,100000,11.974290524333334,0.0011017591333975691,0.6387575361311089,364.0419710143333,0.11037822742072918,11.974290524333334,364.0419710143333
64,31622,37.336987528,0.011929501942457382,0.636725157851351,366.6222222223334,0.040174888986464284,37.336987528,366.6222222223334
64,17782,66.296249379,0.03519390789896021,0.643472379876182,368.86103921600005,0.11708519237470365,66.296249379,368.86103921600005
64,10000,117.87059522466667,0.011330374047391638,0.640876744779923,374.72790049766667,0.0611012134195941,117.87059522466667,374.72790049766667
64,7498,157.10465217866667,0.024732388618428858,0.6440515468331086,379.08074747499995,0.019378434367547125,157.10465217866667,379.08074747499995
64,5623,209.43373103166667,0.006031259216470224,0.6424895695574676,385.849846154,0.1312296111942976,209.43373103166667,385.849846154
64,4216,279.1799323646667,0.019331122684595765,0.641807565910654,395.968,0.11377477408791806,279.1799323646667,395.968
64,3162,372.1298442883333,0.030364443963025282,0.6406896361587451,410.834054645,0.06643556095376428,372.1298442883333,410.834054645
64,2371,496.1168277906667,0.024814504424677763,0.6407590679166986,431.2054097923333,0.12983359827933735,496.1168277906667,431.2054097923333
64,1778,661.1373431463334,0.12589851526537046,0.6406791276053155,458.4036363636667,0.19888316293566094,661.1373431463334,458.4036363636667
64,1539,763.7756683116667,0.01057984531736886,0.6407113011501872,475.98236477999995,0.11668218276218932,763.7756683116667,475.98236477999995
64,1333,881.7019238496667,0.02788011624759005,0.6407328258155283,496.3411241833333,0.29023127845471786,881.7019238496667,496.3411241833333
64,1154,1017.9186294703335,0.008840199611196697,0.6405533919462703,527.464833333,0.14702125696646332,1017.9186294703335,527.464833333
64,1074,1093.3941652543333,0.01676223628461065,0.640573686563343,555.792152847,0.23960123428905936,1093.3941652543333,555.792152847
64,1000,1174.0440825026665,0.02887862978870484,0.6405656245409482,605.1541269840001,0.7566590506741921,1174.0440825026665,605.1541269840001
64,930,1262.0882394436667,0.03832161615492304,0.640456764627768,688.7977297296666,0.1450369289122047,1262.0882394436667,688.7977297296666
64,896,1309.642315133,0.1091344830228153,0.6405109051094838,746.8919999999999,1.0959156576825604,1309.642315133,746.8919999999999
64,865,1356.10433549,0.00739492251967571,0.6404619990943151,821.4691182796668,1.0066379756012478,1356.10433549,821.4691182796668
64,833,1408.830584665,0.0823732575009106,0.6403602214199356,925.1128286726666,1.3577125440248177,1408.830584665,925.1128286726666
64,818,1434.4078846433333,0.026680545625193557,0.6403291840580908,984.670820513,1.8748950222461582,1434.4078846433333,984.670820513
64,804,1459.1721117763334,0.04500546149725304,0.6403111463109924,1051.4951666670001,2.296739210271761,1459.1721117763334,1051.4951666670001
64,796,1473.685748227,0.09510038416840594,0.6403092791337867,1099.785565217,1.129047349255685,1473.685748227,1099.785565217
64,789,1486.776547705,0.07099768007853097,0.6403721222536656,1156.2878181816666,0.5717956058961629,1486.776547705,1156.2878181816666
64,785,1494.3059947410002,0.17951388991986478,0.6404210527275398,1200.694529972,2.331480421197495,1494.3059947410002,1200.694529972
64,782,1499.5794048343334,0.06425299400783013,0.6404700641115642,1260.1398666666666,4.031616034958281,1499.5794048343334,1260.1398666666666
64,780,1502.6184280533332,0.06908925940006931,0.6403883944421301,1324.1302248823333,4.517577630159676,1502.6184280533332,1324.1302248823333
64,779,1503.602236243,0.2289828030293732,0.6404001036085266,1364.2049122806666,10.489056268560658,1503.602236243,1364.2049122806666
64,778,1503.4498047586667,0.29874464145726104,0.6403026380749232,1410.2799147643334,2.0374248846101537,1503.4498047586667,1410.2799147643334
64,776,1502.7339357983335,0.19681847530837257,0.6403266726467381,1468.2930865193332,3.94809555769274,1502.7339357983335,1468.2930865193332
64,774,1502.0496599449998,0.13403313850164983,0.6404009745400042,1498.3923137256668,9.8991380430668,1502.0496599449998,1498.3923137256668
64,773,1501.6530731550001,0.39508508469447506,0.6403662762862486,1498.8634509806668,5.131960000252166,1501.6530731550001,1498.8634509806668
64,771,1501.365455495333,0.2546807297092225,0.6402924653793733,1511.5573333336667,5.326459945166563,1501.365455495333,1511.5573333336667
64,768,1501.2848856663334,0.16115706290393622,0.6403323238902605,1518.6887058823334,1.7306946182125968,1501.2848856663334,1518.6887058823334
64,762,1500.8607603740002,0.12053653303312606,0.6403459520500466,1532.0992941176667,3.3876158994785888,1500.8607603740002,1532.0992941176667
64,749,1500.220685106,0.06946131969702198,0.6403219781478252,1556.4219030696665,11.412033204763308,1500.220685106,1556.4219030696665
64,722,1499.85826903,0.2819496692929238,0.6403282042133219,1600.3531666666668,8.218866855949921,1499.85826903,1600.3531666666668
64,696,1499.6456743946665,0.33265075640276187,0.6402965238521673,1632.7466666666667,4.910308991889761,1499.6456743946665,1632.7466666666667
64,648,1499.3859053076667,0.061003668725426195,0.6402997597603513,1677.283290346,6.864461736366763,1499.3859053076667,1677.283290346
64,603,1498.4762174366667,0.13266630820653183,0.6403086152751643,1698.4442351426667,24.644178435279766,1498.4762174366667,1698.4442351426667
64,562,1497.6459689243336,0.08787154469614057,0.64031475734962,1686.624740467,3.623285585284077,1497.6459689243336,1686.624740467
64,486,1495.5527450213333,0.2418111561061253,0.6403129274115041,1682.543164607,11.615178486190679,1495.5527450213333,1682.543164607
64,421,1495.114276587,0.1042094990155962,0.6403067097313273,1687.3559025396669,19.97356983799324,1495.114276587,1687.3559025396669
64,316,1495.2281871206667,0.08593723126165144,0.6402997987046314,1689.8624840526666,18.028139885010894,1495.2281871206667,1689.8624840526666
64,177,1493.3035368729998,0.19459268999188223,0.6400033015844131,1684.0101875163334,11.227262894486485,1493.3035368729998,1684.0101875163334
64,100,1494.4911443073333,0.03596529369451094,0.6400033750117259,1682.6795797966668,5.806799560284026,1494.4911443073333,1682.6795797966668
64,10,1495.3362461206664,0.00996863453510682,0.6400023028161361,1686.1088279836667,7.839612170574927,1495.3362461206664,1686.1088279836667
64,1,1495.2216954463331,0.158632233307973,0.6400027274544998,1679.6574998726667,5.3629213814872685,1495.2216954463331,1679.6574998726667
64,0,1495.229195158,0.16253359552651667,0.6400033936550681,1683.3055854006668,6.631458800849746,1495.229195158,1683.3055854006668
65,1000000,1.2465932616666668,0.0009303481485964107,0.6472092607256598,363.01085990366664,0.18423310008546578,0.0,363.01085990366664
65,1000000,1.2465932616666668,0.0009303481485964107,0.6472092607256598,363.01085990366664,0.18423310008546578,1.2465932616666668,363.01085990366664
65,100000,11.972810331333335,0.003983652400432196,0.6522404719108817,363.7051594203333,0.09502913463387842,11.972810331333335,363.7051594203333
65,31622,37.385578726,0.028495276022656325,0.6462674145353798,366.26852173900005,0.05560961588879342,37.385578726,366.26852173900005
65,17782,66.357352968,0.13110462361096273,0.6546352156246271,368.86280392133335,0.1964964171455626,66.357352968,368.86280392133335
65,10000,117.81666682999999,0.014938029066629579,0.6521280941764878,374.6337910446667,0.013225598807044724,117.81666682999999,374.6337910446667
65,7498,157.14523010766663,0.021080450259338284,0.6536314651866609,378.70732163733334,0.026073307533146527,157.14523010766663,378.70732163733334
65,5623,209.37884475166666,0.024702391639163736,0.6528181298596915,385.4531487176667,0.0723849622427388,209.37884475166666,385.4531487176667
65,4216,279.1503704483334,0.02143782533065882,0.6517813395907943,395.38725,0.046531365429707615,279.1503704483334,395.38725
65,3162,372.1257172936667,0.020890234110891737,0.6511094223929975,410.1241614806666,0.0837299839510202,372.1257172936667,410.1241614806666
65,2371,495.9668120886667,0.08805059098136367,0.6508230041503528,430.1917062146667,0.15685504843701023,495.9668120886667,430.1917062146667
65,2053,572.8490557453333,0.015790196406927148,0.6505993483691327,443.0311812863333,0.04723908705406695,572.8490557453333,443.0311812863333
65,1778,660.4976431226665,0.39508890080939957,0.6507585763481017,457.29454545466666,0.17814880597058824,660.4976431226665,457.29454545466666
65,1539,763.693155451,0.0577418874179346,0.6508393475057418,474.046893082,0.1602132670336407,763.693155451,474.046893082
65,1333,881.6767267843333,0.04347125618293919,0.6508854648918091,493.61432679733326,0.17378488451753116,881.6767267843333,493.61432679733326
65,1154,1017.9009472656667,0.016323343047803758,0.6506731185492787,524.1505833333333,0.28780839707952827,1017.9009472656667,524.1505833333333
65,1074,1093.3239432366665,0.05256402981804541,0.6506019404788886,552.5584637683334,0.03788614273970811,1093.3239432366665,552.5584637683334
65,1000,1174.0071020673333,0.014218143606723457,0.6505830312495579,601.3027936506668,0.31267330037151947,1174.0071020673333,601.3027936506668
65,930,1261.89762593,0.06534570621753148,0.6505542429461553,684.581081081,0.9924455276451672,1261.89762593,684.581081081
65,896,1309.3592354626664,0.06514476345876456,0.650519180448987,743.0093333333334,0.40486016812620973,1309.3592354626664,743.0093333333334
65,865,1356.2377680186667,0.011358651793899721,0.6504630936414275,816.319182796,0.9154712436414096,1356.2377680186667,816.319182796
65,833,1408.8120154643332,0.07824107902815576,0.6503780980354034,923.8889738313334,1.5717233477038826,1408.8120154643332,923.8889738313334
65,818,1434.3099120516665,0.04724716005955721,0.6503625792416291,985.971025641,1.2270637034648602,1434.3099120516665,985.971025641
65,804,1459.091799167,0.06313931608276664,0.6503459939681963,1055.8164444443335,0.7780107349343742,1459.091799167,1055.8164444443335
65,796,1473.787605468,0.09488153273802404,0.6503802522616775,1108.9155942026666,0.2097977663629949,1473.787605468,1108.9155942026666
65,789,1486.797707508,0.14080129422396115,0.6504253567926297,1163.8921212123332,1.415404207130999,1486.797707508,1163.8921212123332
65,785,1494.1316114653334,0.0825691347927146,0.6504849279967715,1210.9277460316666,2.545759145289937,1494.1316114653334,1210.9277460316666
65,782,1499.7145778626666,0.07450423308850924,0.6504976173154274,1257.4184569106667,4.126135440189421,1499.7145778626666,1257.4184569106667
65,779,1504.4125688093334,0.1673894211327082,0.6504058951772337,1340.574526316,3.7168125565490437,1504.4125688093334,1340.574526316
65,778,1505.788838668,0.29006091190174554,0.6504054954782629,1370.9391812866668,4.559490695809786,1505.788838668,1370.9391812866668
65,776,1505.9989984936665,0.338216472721625,0.6502988114710581,1461.7291768386667,3.644552615595954,1505.9989984936665,1461.7291768386667
65,774,1504.9386247769999,0.302003561031699,0.6504268917505397,1497.6495686276667,2.4402148901900262,1504.9386247769999,1497.6495686276667
65,773,1504.981358025,0.6851118732147012,0.6504145102734418,1509.423764706,9.362740450249277,1504.981358025,1509.423764706
65,771,1504.4186269823333,0.19497925442856914,0.650354109093122,1517.0198169936666,4.8336234075967806,1504.4186269823333,1517.0198169936666
65,768,1503.9860688400001,0.13534459684498193,0.6503735703265878,1530.4944313726667,2.6150808868240683,1503.9860688400001,1530.4944313726667
65,762,1503.6989429983332,0.11933648180832555,0.6503828468186237,1543.4466666670003,3.119900640154485,1503.6989429983332,1543.4466666670003
65,749,1503.485291138,0.2882034124887666,0.6503716943146046,1575.9994166666665,1.8187244900844723,1503.485291138,1575.9994166666665
65,722,1503.0148231953335,0.06737951232847893,0.6503542801594159,1612.1781666666666,10.90825359628363,1503.0148231953335,1612.1781666666666
65,696,1502.941923935333,0.11659460368848291,0.650352829320119,1643.5316671906667,6.038312369038663,1502.941923935333,1643.5316671906667
65,648,1502.3007841443332,0.06385371474002499,0.6503521120849007,1687.7402937196666,5.853164889694431,1502.3007841443332,1687.7402937196666
65,603,1501.9579602246667,0.24748485998239703,0.6503539175287633,1713.561746102,7.6598519535489205,1501.9579602246667,1713.561746102
65,562,1501.334068844,0.2154525939231873,0.6503479572000139,1702.0750791760001,8.548038619143448,1501.334068844,1702.0750791760001
65,486,1499.8831930046665,0.20622173887554207,0.6503543973341607,1707.434834628,17.751611017025006,1499.8831930046665,1707.434834628
65,421,1499.6729464296666,0.24446672500694414,0.6503519487140359,1717.0457159766665,10.856970010774099,1499.6729464296666,1717.0457159766665
65,316,1499.5800462446666,0.4566798856420338,0.6503497382418825,1713.2272709366669,3.578346588669705,1499.5800462446666,1713.2272709366669
65,177,1497.7363010993333,0.3363572722303615,0.6500028754455682,1701.065601075,10.591379853443362,1497.7363010993333,1701.065601075
65,100,1498.869749683,0.08320697789820808,0.6500027594574634,1705.4140819043332,9.969008818842898,1498.869749683,1705.4140819043332
65,10,1499.812474521,0.06335892790381087,0.6500027370860401,1707.3668197456666,8.591573868241868,1499.812474521,1707.3668197456666
65,1,1499.909633364,0.1563450208312309,0.6500028971063582,1697.6204386376667,8.209691308838222,1499.909633364,1697.6204386376667
65,0,1499.6133355343334,0.09287581437220424,0.6500034340436982,1683.3253029496666,7.791105331510264,1499.6133355343334,1683.3253029496666
66,316227,3.8414316163333333,0.0013590375908506236,0.6605151661936794,363.0976811593334,0.09715718899462014,3.8414316163333333,363.0976811593334
66,31622,37.33027369133333,0.01566282904318061,0.6600040963390484,366.43665700466664,0.05392246517313519,37.33027369133333,366.43665700466664
66,10000,117.800540936,0.036407935894768546,0.662012851979667,374.9001592043333,0.08905784602823506,117.800540936,374.9001592043333
66,7498,156.96537509033334,0.005981340722577838,0.6644708139607665,378.953001674,0.08140356073680044,156.96537509033334,378.953001674
66,5623,209.32161461733335,0.0035247928724917465,0.6632986385153413,385.1817641023333,0.007527925508712044,209.32161461733335,385.1817641023333
66,4216,279.091374165,0.024250867038386623,0.6623733357822127,394.90462499999995,0.011068501197128433,279.091374165,394.90462499999995
66,3162,372.07078210266667,0.04993337901207707,0.6606666745929368,409.563323669,0.18256014574710888,372.07078210266667,409.563323669
66,2371,496.05283234200004,0.03582421539585748,0.6607852400923645,430.3222372883333,0.19356348936000511,496.05283234200004,430.3222372883333
66,2053,572.5317038463334,0.14243199270668747,0.6605044695374184,442.53169590633337,0.1099891224253165,572.5317038463334,442.53169590633337
66,1778,660.0236751303333,0.036931466285402906,0.660928534594475,456.1212848486667,0.11680924544693594,660.0236751303333,456.1212848486667
66,1539,763.673941488,0.023288174765621714,0.6608416384253087,472.47396226399997,0.18444449218736414,763.673941488,472.47396226399997
66,1333,881.4882722873334,0.04603535720344272,0.660970094950797,491.21333333333337,0.2535379010357337,881.4882722873334,491.21333333333337
66,1154,1017.791519944,0.053168712703809344,0.6607678381452081,521.3462710133333,0.29270312506721985,1017.791519944,521.3462710133333
66,1074,1093.2579516639998,0.050169648383457284,0.6605332085608432,549.244985507,0.2999692274044313,1093.2579516639998,549.244985507
66,1000,1173.7327315536666,0.03150431869941814,0.6605959582845338,598.586,0.04964344532478334,1173.7327315536666,598.586
66,930,1261.535025729,0.0715639940378999,0.6606153826188862,681.8200000003334,0.44460659148130005,1261.535025729,681.8200000003334
66,896,1309.1465627806667,0.08021517305122805,0.660543442570913,738.4923921569999,1.0618688061435675,1309.1465627806667,738.4923921569999
66,865,1356.0100119883334,0.0783521175341979,0.6604760581965717,811.768688172,1.365081809842327,1356.0100119883334,811.768688172
66,833,1408.580342317,0.05806485163534788,0.6604462672818445,921.7758095236667,1.4397773376257232,1408.580342317,921.7758095236667
66,818,1434.1795939076667,0.04335698499043699,0.6604152816027828,986.8997435900001,3.4765849747157014,1434.1795939076667,986.8997435900001
66,804,1458.8525100416666,0.020933385047986315,0.6604180339062355,1063.5995,2.553362494680743,1458.8525100416666,1063.5995
66,796,1473.6526675733332,0.07865153896766117,0.6604641053712674,1117.9195362316666,2.4267173830393842,1473.6526675733332,1117.9195362316666
66,789,1486.686847901333,0.0644692387177494,0.6604931727949714,1176.6792121213332,1.3522710660256294,1486.686847901333,1176.6792121213332
66,785,1494.0782811293332,0.015486020331761993,0.6605247044125132,1224.793968254,4.432398200598744,1494.0782811293332,1224.793968254
66,782,1499.440109668,0.04934192829039516,0.6604883879667568,1268.2641999999998,1.279554656902304,1499.440109668,1268.2641999999998
66,779,1504.652912934,0.1888291065292985,0.6604623586121282,1343.6841403506667,3.894755649147021,1504.652912934,1343.6841403506667
66,778,1506.276922311,0.15281481397811156,0.6604440067537195,1367.7411461986667,8.433829833881619,1506.276922311,1367.7411461986667
66,776,1507.4400112150004,0.24509722646261908,0.6602811909960061,1445.4732592593334,1.1660835015230977,1507.4400112150004,1445.4732592593334
66,774,1507.6747032666665,0.3340023103104303,0.6603996085705218,1499.3969411766666,1.6864524794341686,1507.6747032666665,1499.3969411766666
66,773,1507.597011377333,0.1619275441005042,0.6604617048049142,1509.8727058823333,5.445912332361025,1507.597011377333,1509.8727058823333
66,771,1507.3092391830003,0.37115941761973853,0.6603590193217258,1531.2496470586666,9.019103520738835,1507.3092391830003,1531.2496470586666
66,768,1507.0669984160002,0.25657835555770997,0.6603836853974531,1546.7544828796665,7.314817535281285,1507.0669984160002,1546.7544828796665
66,762,1506.522276413,0.18429453370191962,0.6603729263111143,1561.8461008223333,4.732213828284208,1506.522276413,1561.8461008223333
66,749,1506.0070043773333,0.13915899132554424,0.6603749400186708,1581.899583333333,4.465744803034824,1506.0070043773333,1581.899583333333
66,722,1505.8774579753333,0.15683594425649222,0.6603549162740124,1634.550111111,5.63782085167268,1505.8774579753333,1634.550111111
66,696,1505.8209786506666,0.11585205577862662,0.6603339721262831,1655.6540026456667,1.1383550387636983,1505.8209786506666,1655.6540026456667
66,648,1505.4506032803336,0.1603964733049777,0.6603619411285512,1707.3613518926668,5.577834794437402,1505.4506032803336,1707.3613518926668
66,603,1505.119682407,0.025277253535305143,0.6603384863311089,1725.4762666666666,2.901314950736341,1505.119682407,1725.4762666666666
66,562,1504.6590506886666,0.2989444292865178,0.66035642580817,1745.383786667,5.599760845179087,1504.6590506886666,1745.383786667
66,486,1504.077095777,0.5496217048222817,0.6603425673511433,1751.6053256776668,10.971501536201176,1504.077095777,1751.6053256776668
66,421,1504.025303582667,0.12048185777060008,0.660351209160464,1739.8298574890002,3.493995872538312,1504.025303582667,1739.8298574890002
66,316,1503.899730145,0.2719837711932852,0.6603573249774941,1756.2826542036667,15.623998071388295,1503.899730145,1756.2826542036667
66,236,1501.1484021926665,0.3810239971947811,0.6600025577018455,1743.7446744283334,6.366801199795445,1501.1484021926665,1743.7446744283334
66,177,1502.4052821173334,0.06075523778628046,0.6600024874785276,1748.494540171,7.977437981705624,1502.4052821173334,1748.494540171
66,100,1503.5919981926666,0.09713728534118365,0.660002220436014,1741.0159490513333,3.9551791248546175,1503.5919981926666,1741.0159490513333
66,10,1504.3938373853332,0.20166776474130618,0.6600023963421938,1740.543226277,14.447522966006046,1504.3938373853332,1740.543226277
66,1,1504.47691538,0.24218738043666332,0.6600023784074767,1727.975287026,13.737199416971132,1504.47691538,1727.975287026
66,0,1504.4526188173334,0.09389516982518704,0.6600024815795709,1723.0632458573334,6.560233651491905,1504.4526188173334,1723.0632458573334
67,1000000,1.2457661443333334,0.0012374631052925664,0.6709166135305275,363.1259323673333,0.06525544373055568,0.0,363.1259323673333
67,1000000,1.2457661443333334,0.0012374631052925664,0.6709166135305275,363.1259323673333,0.06525544373055568,1.2457661443333334,363.1259323673333
67,100000,11.972659353333333,0.004164357195623057,0.66568378968331,364.06525603899996,0.16442057876944136,11.972659353333333,364.06525603899996
67,31622,37.321955975,0.04234781398659479,0.6701697091556212,366.36372946866663,0.07858197838107848,37.321955975,366.36372946866663
67,17782,66.17512947566667,0.03545732043426975,0.6661539317845788,369.1920588236667,0.07105297952585142,66.17512947566667,369.1920588236667
67,10000,117.79016135299999,0.01544759384243215,0.6719548175474284,374.71874626866673,0.08924881949099119,117.79016135299999,374.71874626866673
67,7498,156.95110421766665,0.02653432923077181,0.6733859794446656,378.8171852086667,0.02449052144156663,156.95110421766665,378.8171852086667
67,5623,209.29616076,0.042589555095415316,0.6727311020368597,385.047651282,0.051763187192375146,209.29616076,385.047651282
67,4216,279.20956628233336,0.02206447489910851,0.6721401729366147,394.47610416666663,0.03758544085922499,279.20956628233336,394.47610416666663
67,3162,372.0059485346667,0.02209047426771611,0.6706897662181315,408.82339784933333,0.04055054678860279,372.0059485346667,408.82339784933333
67,2371,495.953827957,0.027412009104460917,0.6706582461175786,429.10616949166666,0.058314662450393226,495.953827957,429.10616949166666
67,2053,572.629260003,0.024963138562650602,0.670510468956394,441.2025964913334,0.25641252504091744,572.629260003,441.2025964913334
67,1778,660.0472890863334,0.06685293935189193,0.670747977800871,454.97462189466665,0.3148819656138369,660.0472890863334,454.97462189466665
67,1539,763.6354830153333,0.038823454312563135,0.6707059965756542,470.854691358,0.3349227316828018,763.6354830153333,470.854691358
67,1333,881.5366629999999,0.006779034823986897,0.6706273985472153,489.0963333336667,0.05296601198892633,881.5366629999999,489.0963333336667
67,1154,1017.8435568493334,0.007797853398502417,0.6705551146603915,518.7414421766667,0.2784827738726492,1017.8435568493334,518.7414421766667
67,1074,1093.282096526,0.0627272987630323,0.6705264292551553,547.0307246376666,0.37470865141410653,1093.282096526,547.0307246376666
67,1000,1173.6866935696667,0.12169844817676721,0.6705213616675056,595.5883544726667,0.2740032934551684,1173.6866935696667,595.5883544726667
67,930,1261.5073650973334,0.04014728031638556,0.6705264097066351,677.9254774773334,0.7359329321435081,1261.5073650973334,677.9254774773334
67,896,1309.2512356133332,0.07159985860338909,0.670466545808265,734.2334388486667,0.5123456728413188,1309.2512356133332,734.2334388486667
67,865,1356.182634346,0.04770740466364214,0.6704291122459995,806.7632473596667,1.438233393032441,1356.182634346,806.7632473596667
67,848,1383.6201737413332,0.02075159710355656,0.6703809548572481,862.0490184553333,1.3546960220887336,1383.6201737413332,862.0490184553333
67,833,1408.6424693606666,0.13030130979444732,0.6703626365910619,918.469857143,1.5056294837325541,1408.6424693606666,918.469857143
67,818,1434.1518233553334,0.03530900137278312,0.6703408194916293,989.034102564,1.7412103815652984,1434.1518233553334,989.034102564
67,804,1459.008628104,0.06242012396884165,0.6703720038976044,1070.7593333333334,1.3675788314433828,1459.008628104,1070.7593333333334
67,796,1473.6167883383332,0.03537671121547289,0.670402599705362,1129.5512463766665,0.25850325804306507,1473.6167883383332,1129.5512463766665
67,789,1486.4545687660002,0.08345899203393577,0.6704471894381777,1195.647890943,1.803633244176591,1486.4545687660002,1195.647890943
67,785,1493.978415534,0.06995294410394258,0.6703763854381762,1241.8260952383334,2.941791916733967,1493.978415534,1241.8260952383334
67,782,1499.544015139,0.02362414152794612,0.67036566345971,1288.5207333333335,5.2325749543923115,1499.544015139,1288.5207333333335
67,779,1504.6474912666665,0.11253764781571121,0.6703737799101591,1348.4369122806665,1.8407599342352978,1504.6474912666665,1348.4369122806665
67,778,1506.2175962263334,0.2655597526056866,0.6703337324097106,1376.7676416373333,3.1373302674063326,1506.2175962263334,1376.7676416373333
67,776,1508.5801502076665,0.31086855659563506,0.6702609363194467,1438.6977037036668,0.6769216569851277,1508.5801502076665,1438.6977037036668
67,774,1509.6403041049998,0.12997828291736388,0.6703033379531579,1502.0875294119999,8.39265092566612,1509.6403041049998,1502.0875294119999
67,773,1509.8320742976666,0.3589677850252995,0.6703813775974216,1520.33145098,1.8672588992065635,1509.8320742976666,1520.33145098
67,771,1509.7555277709998,0.1314981153816241,0.6702827797474745,1543.4993725493332,2.039186408489047,1509.7555277709998,1543.4993725493332
67,768,1509.1884801533333,0.3282047948931931,0.6703321276223771,1561.0691138250002,0.7447748377263185,1509.1884801533333,1561.0691138250002
67,762,1508.6643882360001,0.2609505525790227,0.6703165339959961,1577.5972243590002,0.9968501193976675,1508.6643882360001,1577.5972243590002
67,749,1508.6740291159997,0.1733650701698234,0.6703078400583563,1608.84975,4.664365900098324,1508.6740291159997,1608.84975
67,722,1508.6773822513335,0.3507275354026255,0.6703147889020097,1656.529154762,7.2568313248763285,1508.6773822513335,1656.529154762
67,696,1508.7164872780002,0.1576269217573716,0.6702837647761862,1696.4615703703332,4.3912297973193395,1508.7164872780002,1696.4615703703332
67,671,1508.4255940383334,0.5267954447238377,0.6703088952749335,1708.3155555553333,11.496351146798716,1508.4255940383334,1708.3155555553333
67,648,1508.555447121,0.14191617176454424,0.6702827660848412,1734.4877037036667,6.898010273252996,1508.555447121,1734.4877037036667
67,625,1508.5795310836666,0.1764504606836039,0.6702935904838928,1753.6320888886667,2.9960362014794724,1508.5795310836666,1753.6320888886667
67,603,1508.2015725466665,0.08240347125363955,0.6702945676309433,1756.1415407406666,14.918604883638189,1508.2015725466665,1756.1415407406666
67,562,1508.3599862023336,0.2842605287763839,0.6702856458627618,1771.952321255,5.6824920432865555,1508.3599862023336,1771.952321255
67,316,1508.3315538613333,0.3412807987435607,0.6702978782654395,1780.2598511160002,5.55481374157843,1508.3315538613333,1780.2598511160002
67,100,1507.905646944,0.09768087131467151,0.6700018502876836,1787.2773965793333,9.58616856972502,1507.905646944,1787.2773965793333
67,10,1509.2006533156666,0.5037310370550109,0.6700018973078598,1783.564812142,3.098098986962205,1509.2006533156666,1783.564812142
67,1,1509.588308995,0.1728732257825732,0.6700021543697859,1792.1614923396667,8.572905129977299,1509.588308995,1792.1614923396667
67,0,1508.894359248333,0.2754551048240432,0.6700020387036957,1780.244566174,21.552926928450745,1508.894359248333,1780.244566174
68,316227,3.841617542333333,0.001822757583783835,0.6767440660939589,363.05296618333335,0.0903864110636778,0.0,363.05296618333335
68,316227,3.841617542333333,0.001822757583783835,0.6767440660939589,363.05296618333335,0.0903864110636778,3.841617542333333,363.05296618333335
68,100000,11.974789419999999,0.0005105272580660932,0.6791290354163367,364.0597294683334,0.008657953839099376,11.974789419999999,364.0597294683334
68,31622,37.360370034,0.02745311123487497,0.6778269442128192,366.3017971013333,0.0842416184942361,37.360370034,366.3017971013333
68,17782,66.124088139,0.009853431639581403,0.6752638938990682,369.35241176466667,0.05786893091523144,66.124088139,369.35241176466667
68,10000,117.79329930800002,0.04508798696440542,0.6812249910408941,374.5440199006667,0.07145703372573392,117.79329930800002,374.5440199006667
68,7498,157.0874911233333,0.09791431201251191,0.6829187540251609,378.2909054726667,0.2035389312825849,157.0874911233333,378.2909054726667
68,5623,209.31795257733333,0.023599989698176727,0.6829658139579896,384.5715275883333,0.029282805350796724,209.31795257733333,384.5715275883333
68,4216,279.11282034566665,0.06074382584348651,0.6822840475889441,393.9746875,0.07588640256165581,279.11282034566665,393.9746875
68,3162,372.1451419196667,0.019636857712668036,0.6806156341825821,408.131548387,0.05398650934776805,372.1451419196667,408.131548387
68,2371,496.055418553,0.02412580218261438,0.6806924503815064,428.1261920903333,0.1673445629318448,496.055418553,428.1261920903333
68,2053,572.5910508809999,0.09971025703940148,0.6804186285942494,440.14488888899996,0.19324682816517472,572.5910508809999,440.14488888899996
68,1778,660.1061880643332,0.03783693255557655,0.6809609637844729,453.72049999999996,0.09039279396534797,660.1061880643332,453.72049999999996
68,1539,763.6795994183334,0.019706380872534967,0.6807142124310074,468.9566419753333,0.2478716022882368,763.6795994183334,468.9566419753333
68,1333,881.5390010713332,0.07465416590852961,0.6807681535343905,486.63910256433337,0.17511974483668474,881.5390010713332,486.63910256433337
68,1154,1017.7934495123333,0.06906109765078977,0.6805943722613508,516.109877551,0.11615810177339399,1017.7934495123333,516.109877551
68,1074,1093.1457681136667,0.08903402054513469,0.6805993183361093,544.0559816686667,0.23905198156928986,1093.1457681136667,544.0559816686667
68,1000,1173.6874180213333,0.07479933013898632,0.6806755231745113,592.2550387596667,0.7293413747456937,1173.6874180213333,592.2550387596667
68,930,1261.4933337326668,0.0753315875162204,0.6805101360462196,673.1987017543333,0.5869012512101373,1261.4933337326668,673.1987017543333
68,896,1309.3819775586667,0.07736772776335962,0.6804945673890543,729.7028571430001,0.12255074068142251,1309.3819775586667,729.7028571430001
68,865,1356.4714231313333,0.07217458526587786,0.680459897104707,801.4997916666667,0.31517654609489304,1356.4714231313333,801.4997916666667
68,848,1383.7329865886668,0.045716790223261757,0.680380333815301,857.6131555553333,1.3133761438543856,1383.7329865886668,857.6131555553333
68,833,1408.659553388,0.014894402662065319,0.6804110619232726,918.947142857,0.7925315160953167,1408.659553388,918.947142857
68,818,1434.1274862516668,0.09870999581228877,0.680382760150185,994.6078461540001,0.4343403350121773,1434.1274862516668,994.6078461540001
68,804,1459.0641017449998,0.08535423219848358,0.6804491582466768,1082.5221081870002,1.7384649571927313,1459.0641017449998,1082.5221081870002
68,796,1473.3758350743335,0.14081529285216357,0.6804572405142372,1147.3275151516666,1.6407822394335552,1473.3758350743335,1147.3275151516666
68,789,1486.3548440296665,0.09428095825212052,0.6803693519968528,1216.7284444443333,2.1076815974225203,1486.3548440296665,1216.7284444443333
68,785,1493.6478815503333,0.048139959181339266,0.6803967879083513,1267.4673333333333,2.0982814904899065,1493.6478815503333,1267.4673333333333
68,782,1499.0725517926667,0.012293925490284853,0.6803652476518538,1311.4091400843333,1.675886735040894,1499.0725517926667,1311.4091400843333
68,778,1505.9905417743332,0.1408431176737716,0.6802564159228202,1393.2581899543336,5.501432740783757,1505.9905417743332,1393.2581899543336
68,776,1508.9129374873335,0.21602668652934065,0.6802021630170815,1445.53,5.94961404727165,1508.9129374873335,1445.53
68,773,1511.03833201,0.20827449698446865,0.6803864676029518,1524.315529412,3.247928894280362,1511.03833201,1524.315529412
68,771,1511.3045893409999,0.2715225856229398,0.6802491316643944,1556.967800995,1.9337933931309872,1511.3045893409999,1556.967800995
68,768,1511.3879365366665,0.3502023592088742,0.6802932692009502,1581.7501666666667,0.9461680061348249,1511.3879365366665,1581.7501666666667
68,762,1511.1953735696668,0.15356518496583452,0.6802583454304779,1605.5905,3.4955494829139693,1511.1953735696668,1605.5905
68,755,1511.5084204293332,0.05964278850549282,0.6802662160270221,1626.3841666666667,3.724275486028538,1511.5084204293332,1626.3841666666667
68,749,1511.091630709,0.07792556664382197,0.680249326860135,1629.0190833333334,4.477058397634936,1511.091630709,1629.0190833333334
68,735,1511.4810947966664,0.18049818823424574,0.680272520880874,1665.8919815666668,3.7916855415398585,1511.4810947966664,1665.8919815666668
68,722,1511.6446669036666,0.05320824288334761,0.6802640207858458,1689.3884454213332,7.151105764092632,1511.6446669036666,1689.3884454213332
68,696,1511.3534373066666,0.1848862474408618,0.6802415893524457,1726.9957333333332,7.461732422330736,1511.3534373066666,1726.9957333333332
68,648,1511.7186703139998,0.1285786466311602,0.6802377362029893,1779.4601046303333,7.518835444866134,1511.7186703139998,1779.4601046303333
68,603,1511.908170658,0.06243131668404531,0.6802471066662088,1809.385047619,4.233814821746368,1511.908170658,1809.385047619
68,562,1511.9577192850002,0.18399755637849252,0.6802403604704371,1824.2994285713332,10.245522239447734,1511.9577192850002,1824.2994285713332
68,421,1512.1184620403335,0.16872183377257458,0.6802558582072796,1835.6883809523333,5.078700254452189,1512.1184620403335,1835.6883809523333
68,316,1512.7337528023334,0.14894853533610533,0.6802599825547427,1831.5680952383334,3.5505146775321323,1512.7337528023334,1831.5680952383334
68,100,1512.617965625,0.16172616697027534,0.6800010913074225,1837.9716190476665,6.248867961939111,1512.617965625,1837.9716190476665
68,10,1513.3861293383334,0.10882148863484979,0.6800016012958503,1839.6520317463335,6.0481751904822,1513.3861293383334,1839.6520317463335
68,1,1513.705298644,0.09861267831209118,0.680000887900909,1849.8455238093331,9.535157613901466,1513.705298644,1849.8455238093331
68,0,1513.591221763,0.1067694852130307,0.680001341757753,1845.7489841269999,3.5493866053853207,1513.591221763,1845.7489841269999
69,1000000,1.2465685886666666,0.001253343737991484,0.6946715250381454,363.06359420300004,0.045782459679539186,0.0,363.06359420300004
69,1000000,1.2465685886666666,0.001253343737991484,0.6946715250381454,363.06359420300004,0.045782459679539186,1.2465685886666666,363.06359420300004
69,316227,3.8427686646666666,0.0008514304370764317,0.6929368632913345,363.388,0.12689140061077706,3.8427686646666666,363.388
69,100000,11.968966554,0.0027486414071390647,0.6925673021896164,364.047768116,0.09742837449672478,11.968966554,364.047768116
69,31622,37.330508042,0.04818523049901206,0.6892911378242275,366.3155748793333,0.14830057767663796,37.330508042,366.3155748793333
69,17782,66.12137046233333,0.005299383296856977,0.6865265158539621,369.34019607833335,0.057649019680663445,66.12137046233333,369.34019607833335
69,10000,117.65878914866666,0.01747203862069314,0.6915458957381041,374.424756219,0.03741775683181237,117.65878914866666,374.424756219
69,7498,157.08942878333335,0.019542599622963036,0.6929576096022846,378.381233831,0.046963841580516565,157.08942878333335,378.381233831
69,5623,209.34355337233333,0.05763564669049692,0.6935174369875198,384.3145050503333,0.07164078179066959,209.34355337233333,384.3145050503333
69,4216,278.9594213663333,0.022529954404749288,0.6926889653148631,393.4146041666666,0.05440632478934124,278.9594213663333,393.4146041666666
69,3162,372.01483740466665,0.011090155819019266,0.6907509719872879,407.3205591396666,0.16511768963455653,372.01483740466665,407.3205591396666
69,2371,495.9370442813333,0.024452710871523543,0.6908343333934902,427.1192316386667,0.12375972363446441,495.9370442813333,427.1192316386667
69,2053,572.5432144356666,0.047687513955677004,0.6904628101944006,439.1600701753334,0.04309389076376688,572.5432144356666,439.1600701753334
69,1778,660.0253545226666,0.04894122336458452,0.6910889998946926,452.4553809526667,0.14025363928729925,660.0253545226666,452.4553809526667
69,1539,763.5593234533334,0.033932410469290755,0.6907701609994433,467.266271605,0.10245171074649513,763.5593234533334,467.266271605
69,1333,881.4893188216666,0.01425352081354143,0.690820597869705,484.744717949,0.04370384027720096,881.4893188216666,484.744717949
69,1154,1017.657747391,0.05271697753603805,0.6906651289009847,514.245142857,0.19759501988527803,1017.657747391,514.245142857
69,1074,1093.1868823066668,0.05746120215069461,0.6906526042253466,541.7651631206667,0.2086318768600184,1093.1868823066668,541.7651631206667
69,1000,1173.595427992,0.051508883570143583,0.6906761876286387,589.3349457363333,0.4498732500125389,1173.595427992,589.3349457363333
69,930,1261.3031428136667,0.1267898219043893,0.6905228470248237,669.0795438596666,0.2153437587490663,1261.3031428136667,669.0795438596666
69,896,1309.0780856576669,0.06422145054086657,0.6905832172217162,725.5845333333333,0.3377324693721712,1309.0780856576669,725.5845333333333
69,880,1333.4372700453332,0.017954659488030565,0.6904692729536497,757.0728371823334,0.5299189471675303,1333.4372700453332,757.0728371823334
69,865,1356.3885052393332,0.06512981635333823,0.6904988757030172,797.0228333333333,0.7525625216275007,1356.3885052393332,797.0228333333333
69,848,1383.5938834506667,0.12282693053449874,0.6903682861482144,855.7963111109999,1.6702843742483122,1383.5938834506667,855.7963111109999
69,833,1408.3528844173334,0.048271948492672294,0.6904372411942031,919.959857143,0.19302389635613,1408.3528844173334,919.959857143
69,818,1433.9986153173334,0.04895254488268352,0.6904087101869577,1000.906248366,0.6798330996490466,1433.9986153173334,1000.906248366
69,804,1458.760744925333,0.03991915780753575,0.6904582292960186,1102.2594782606668,1.0948055666960514,1458.760744925333,1102.2594782606668
69,796,1473.3267326743335,0.07031730850678497,0.69040636330966,1173.933818182,1.8237817759220099,1473.3267326743335,1173.933818182
69,789,1485.7700784983335,0.032155044093693845,0.6903586868291792,1251.605114277,2.617055207430619,1485.7700784983335,1251.605114277
69,782,1498.2001177236668,0.15040999341555686,0.690220891327896,1353.9943157896666,5.295641781096639,1498.2001177236668,1353.9943157896666
69,776,1507.0329922266665,0.07377374776256632,0.6903002079317978,1472.73637089,3.225860760267348,1507.0329922266665,1472.73637089
69,773,1509.8041169233336,0.27718461588560045,0.6903052090747046,1532.2522352943333,5.365564590614222,1509.8041169233336,1532.2522352943333
69,771,1510.1919671026665,0.18908164678843128,0.6902214336458865,1564.4991167053333,2.806509248614996,1510.1919671026665,1564.4991167053333
69,768,1510.9300327370001,0.06676322492126453,0.6903334540745022,1593.2235,2.994594703378057,1510.9300327370001,1593.2235
69,764,1511.1878427210002,0.31980889693366277,0.6902335126964907,1613.755,1.8371343683844847,1511.1878427210002,1613.755
69,762,1510.953993053,0.3251478740211941,0.6902882972693689,1617.1945833333332,4.124274552370942,1510.953993053,1617.1945833333332
69,749,1511.9408725576668,0.4480018543553379,0.6902641754151441,1660.2006349206667,1.6926425500662579,1511.9408725576668,1660.2006349206667
69,735,1511.9060294293333,0.3209406933333971,0.6902882996975546,1683.2920888886667,3.9857517108764964,1511.9060294293333,1683.2920888886667
69,722,1512.35948855,0.3010218840699395,0.6902680741014594,1712.5998518516665,1.3205835096324283,1512.35948855,1712.5998518516665
69,696,1512.8445423636667,0.11942210913808501,0.6902339824700882,1753.2768888889998,3.268939664346086,1512.8445423636667,1753.2768888889998
69,648,1513.3338328493335,0.10970038075382202,0.6902682920682727,1809.3158095239999,5.201980167489475,1513.3338328493335,1809.3158095239999
69,603,1513.8817822519998,0.12244029194848026,0.6902516996054023,1848.0485714286667,3.3356927746413243,1513.8817822519998,1848.0485714286667
69,562,1514.0874059793332,0.10895457227917212,0.690258762559259,1862.524095238,3.1938293094990153,1514.0874059793332,1862.524095238
69,486,1514.4875221956665,0.2240309549455394,0.6902538992853523,1873.457142857,5.216163388111796,1514.4875221956665,1873.457142857
69,421,1514.852767112,0.2689027037886683,0.690256405244302,1878.6973333333333,4.282454077552976,1514.852767112,1878.6973333333333
69,316,1515.3484264543333,0.18240839410959428,0.6902651320395533,1878.4149523806666,6.782303806690748,1515.3484264543333,1878.4149523806666
69,100,1515.012108041333,0.14987760206426345,0.6900003788856073,1891.468761905,3.347151726612346,1515.012108041333,1891.468761905
69,10,1515.86326721,0.14201610563018302,0.6900012742736717,1887.394285714,7.680043372645034,1515.86326721,1887.394285714
69,1,1515.8307467873335,0.14215051782660582,0.6900011263368615,1889.6125714283335,8.56313051658032,1515.8307467873335,1889.6125714283335
69,0,1515.7717315319999,0.16998889412499413,0.6900009966862827,1890.7664761906665,2.7845317537191048,1515.7717315319999,1890.7664761906665
70,100000,11.969799797333332,0.002807844079129695,0.6970429630044972,364.105198068,0.058754025844612784,0.0,364.105198068
70,100000,11.969799797333332,0.002807844079129695,0.6970429630044972,364.105198068,0.058754025844612784,11.969799797333332,364.105198068
70,56233,21.017233608999998,0.0023795150742285847,0.6981395977010032,364.78365217366667,0.058554483886313353,21.017233608999998,364.78365217366667
70,31622,37.09672387366666,0.02485215503409971,0.6987530595051865,366.378531401,0.04303844565319744,37.09672387366666,366.378531401
70,17782,66.16733982800001,0.030194795002314822,0.6974018223441529,369.054980392,0.13520767476255705,66.16733982800001,369.054980392
70,10000,117.72705087366667,0.08707928994316111,0.700928453342891,373.938368159,0.15759005212336238,117.72705087366667,373.938368159
70,7498,157.049592988,0.01294220629174449,0.703741125246391,378.04511442800003,0.07952329184690018,157.049592988,378.04511442800003
70,5623,209.36384304933335,0.030027597082869693,0.7025587219685692,383.8862020203333,0.044606733002869374,209.36384304933335,383.8862020203333
70,4216,279.0895940093333,0.04224042595107293,0.702100322088726,392.9352083333333,0.18289249674215505,279.0895940093333,392.9352083333333
70,3162,372.0316787683334,0.017935327659798234,0.7007651431989818,406.6118709676666,0.11910657732178129,372.0316787683334,406.6118709676666
70,2371,495.973677146,0.01689633532623503,0.7009632527988859,426.03430508466664,0.16004957539627096,495.973677146,426.03430508466664
70,2053,572.6370258776666,0.06774468132502517,0.7004595042111662,437.9703678163333,0.15105835617008512,572.6370258776666,437.9703678163333
70,1778,660.0223887253333,0.06152578196159962,0.7008455752785681,450.99600000000004,0.19387956517606703,660.0223887253333,450.99600000000004
70,1539,763.5696142126667,0.027264229958051205,0.7007277536412652,465.5552098763333,0.1545354974972695,763.5696142126667,465.5552098763333
70,1333,881.4782949516666,0.04430972818099032,0.7008919258101242,482.82466666666664,0.008330926841093274,881.4782949516666,482.82466666666664
70,1154,1017.6906584783334,0.042176642193124066,0.7007251272776797,511.87643537400004,0.12176616000422466,1017.6906584783334,511.87643537400004
70,1074,1093.2074737893333,0.015494229793825797,0.7005343473665211,539.1429787233333,0.5591986566373301,1093.2074737893333,539.1429787233333
70,1000,1173.6963640383333,0.10711796489868931,0.7005818103432485,585.9946976746667,0.632026199018068,1173.6963640383333,585.9946976746667
70,930,1261.4644441563332,0.06592302998399889,0.7005612680865413,664.7824561403334,0.5601009837161327,1261.4644441563332,664.7824561403334
70,896,1309.1830677633332,0.12858536439306162,0.7005086504768129,720.8765333336668,1.121935949697871,1309.1830677633332,720.8765333336668
70,880,1333.4380206626668,0.05897680492528801,0.7003973232131638,751.7838823526666,0.3410707543833383,1333.4380206626668,751.7838823526666
70,865,1356.305534537,0.13602871150517962,0.7003966145669022,791.5114166666666,0.8735948926466406,1356.305534537,791.5114166666666
70,848,1383.7254389416667,0.017767518573984405,0.7003482411116045,853.322888889,0.4601086115957722,1383.7254389416667,853.322888889
70,833,1408.5925639176667,0.050068331104526215,0.700371942419285,921.7251969109999,0.9265613788260324,1408.5925639176667,921.7251969109999
70,818,1434.0993856203334,0.06223386982008711,0.7004009364285922,1010.5518400000001,1.401889869568996,1434.0993856203334,1010.5518400000001
70,804,1458.7744836089998,0.03152169594954527,0.7002889589403646,1121.0017391303334,1.6679358624523233,1458.7744836089998,1121.0017391303334
70,796,1473.0047146933332,0.10810784644812958,0.7003330625958313,1202.5083174603333,0.17860434803838401,1473.0047146933332,1202.5083174603333
70,789,1485.4341210566665,0.10739888659346977,0.7002979882574955,1294.4932666666666,2.9476318381598348,1485.4341210566665,1294.4932666666666
70,782,1496.9385736273334,0.10185871057480878,0.7001597865731539,1399.0405895483334,2.059794594849836,1496.9385736273334,1399.0405895483334
70,776,1504.504000197,0.05746026099472181,0.7003112898263811,1508.4624313726665,0.9076460246666591,1504.504000197,1508.4624313726665
70,773,1506.8936537253333,0.19439262782416916,0.7002079229829489,1553.050987416,3.66951208297519,1506.8936537253333,1553.050987416
70,771,1507.717364956,0.16275453705752588,0.7002858220298339,1578.6366666666665,3.902107958633768,1507.717364956,1578.6366666666665
70,768,1508.3914002186666,0.16894129857476753,0.7002354112688706,1597.6052499999998,3.636731886254499,1508.3914002186666,1597.6052499999998
70,762,1509.575041514,0.18929417181973238,0.7002504094415304,1628.4215833333335,5.408248332023352,1509.575041514,1628.4215833333335
70,749,1510.413541087,0.3552532426914717,0.7002504706435198,1668.5639480963334,5.543854031422987,1510.413541087,1668.5639480963334
70,735,1510.9936302429999,0.20092557571582978,0.7002614774699407,1697.4072888889998,4.670696944291221,1510.9936302429999,1697.4072888889998
70,722,1511.5871862820002,0.4136332164434808,0.7002366127012826,1723.7011555556667,7.083684586883798,1511.5871862820002,1723.7011555556667
70,696,1512.5599770906667,0.26565136163238184,0.7002527040801693,1772.7904286250002,5.476753754337808,1512.5599770906667,1772.7904286250002
70,648,1513.3051865533334,0.13255269905850375,0.7002299635785189,1839.870190476,6.44714573966091,1513.3051865533334,1839.870190476
70,603,1514.5483958693333,0.10643700605946269,0.7002483362188269,1873.8767619050002,2.105148001834414,1514.5483958693333,1873.8767619050002
70,562,1515.0463790250003,0.17880122042953625,0.7002370800602981,1899.8748571429999,7.008537604071893,1515.0463790250003,1899.8748571429999
70,522,1515.6445015203333,0.17236312854323418,0.7002303288936454,1914.3466666666666,1.7150171139617507,1515.6445015203333,1914.3466666666666
70,486,1515.612181038,0.24905470696611956,0.7002368084985188,1913.9581974026667,5.76760166742519,1515.612181038,1913.9581974026667
70,421,1516.3899125613334,0.12409243905061934,0.7002336002080151,1917.316010582,8.34665870997115,1516.3899125613334,1917.316010582
70,316,1516.837116302,0.2384587704532055,0.7002509158466174,1916.9431578003332,4.1839821769139816,1516.837116302,1916.9431578003332
70,100,1516.2329680743333,0.27588162011458933,0.7000000886999289,1920.8633065753336,7.297707414739982,1516.2329680743333,1920.8633065753336
70,10,1516.4984026063332,0.17156773506214365,0.7000002042782857,1916.3015107166666,4.66069885838359,1516.4984026063332,1916.3015107166666
70,1,1515.8842476786667,0.2402157525398015,0.6999998996585144,1916.382846295667,7.045645939314324,1515.8842476786667,1916.382846295667
70,0,1516.0619641736666,0.32965634803500116,0.7000004336952262,1923.8535844806665,6.778254229040251,1516.0619641736666,1923.8535844806665
71,100000,11.970448416666665,0.000571684245751111,0.7105181193527271,363.98842512100003,0.018641655220871748,0.0,363.98842512100003
71,100000,11.970448416666665,0.000571684245751111,0.7105181193527271,363.98842512100003,0.018641655220871748,11.970448416666665,363.98842512100003
71,56233,20.907663608333333,0.039420060501494755,0.710523454834056,364.4390917873333,0.05463639225180988,20.907663608333333,364.4390917873333
71,31622,37.07269167533334,0.034540391680207935,0.7102240107943185,366.372115942,0.03307006331727013,37.07269167533334,366.372115942
71,17782,66.14598383466667,0.005904270271976953,0.7065389972065357,368.8940980393333,0.07839343449789904,66.14598383466667,368.8940980393333
71,10000,117.65142079133334,0.016305746441487957,0.7107260157736875,374.173353234,0.07683260493810445,117.65142079133334,374.173353234
71,7498,157.01612946233334,0.013437633392943467,0.7133438361197744,378.03462686566667,0.0326396859904645,157.01612946233334,378.03462686566667
71,5623,209.38101124233333,0.01675080928242445,0.7126059057333379,383.676222222,0.11649119169971672,209.38101124233333,383.676222222
71,4216,279.0532304943333,0.019562376947654548,0.7121373271290481,392.12750000000005,0.14564720860693314,279.0532304943333,392.12750000000005
71,3162,371.96751680533333,0.009253491742311158,0.71054583977322,405.89094623666665,0.12306771394690244,371.96751680533333,405.89094623666665
71,2738,429.47946169133337,0.033203013322953855,0.710682489945439,414.8459453553333,0.18111905489162952,429.47946169133337,414.8459453553333
71,2371,495.8901534046666,0.02762581768871454,0.710666663746677,425.0222372883333,0.020126460389786216,495.8901534046666,425.0222372883333
71,2053,571.9501389420001,0.27742345749762876,0.7103491765565662,436.68986206899996,0.2095967590979405,571.9501389420001,436.68986206899996
71,1778,659.8075431626665,0.08436684491224508,0.7107489253652203,449.64845238099997,0.07965724791370839,659.8075431626665,449.64845238099997
71,1539,763.4216717356667,0.008688714247711197,0.7106564158834486,463.9565925923334,0.2801782304077079,763.4216717356667,463.9565925923334
71,1333,881.2590104496667,0.04125984859578766,0.7107235804940916,481.0513624926666,0.1345892923740724,881.2590104496667,481.0513624926666
71,1154,1017.4516000193333,0.047003417967720285,0.710474645980204,509.34369822433337,0.09611532675894852,1017.4516000193333,509.34369822433337
71,1074,1092.7438638963333,0.08410845208520216,0.7104384508032231,536.4792056736666,0.0946743513241353,1092.7438638963333,536.4792056736666
71,1000,1173.121723294,0.06768475878741909,0.710456198376593,582.5131472866666,0.2860747851951458,1173.121723294,582.5131472866666
71,930,1260.917740304,0.06508305154161628,0.7104640603779453,661.4010526316666,0.6637593595317834,1260.917740304,661.4010526316666
71,896,1308.9571075163333,0.03901270425865812,0.710394243297224,715.9130310026667,0.4275257610560999,1308.9571075163333,715.9130310026667
71,880,1333.0371862863333,0.02664401792425986,0.7103137078602472,746.931607843,1.468519779591452,1333.0371862863333,746.931607843
71,865,1355.956610849,0.09241194191812005,0.7102869520868746,784.9586666666668,1.4945842666802847,1355.956610849,784.9586666666668
71,848,1383.0459910876668,0.08239544461818325,0.7102930820975278,849.5638666670001,0.9203335916937974,1383.0459910876668,849.5638666670001
71,833,1407.9419011680002,0.13230952159554052,0.7102978726355605,921.589095238,0.3873747416236123,1407.9419011680002,921.589095238
71,818,1433.231318104,0.08726591577553662,0.71036684765873,1015.6234133333334,0.5323056525468656,1433.231318104,1015.6234133333334
71,804,1457.5102089153334,0.010984643155772666,0.7103245330073781,1133.9835897433334,1.8561338312988105,1457.5102089153334,1133.9835897433334
71,796,1471.1746711983333,0.06288962461755535,0.7102902710028011,1220.0062857146665,1.9116610958186875,1471.1746711983333,1220.0062857146665
71,789,1482.618501795,0.21067665952314815,0.7101344211329149,1312.2810092826667,0.38464094618758926,1482.618501795,1312.2810092826667
71,782,1492.1206984263333,0.24714017505146008,0.7102924692088001,1419.923259259,1.8752835020660295,1492.1206984263333,1419.923259259
71,776,1498.0266244183333,0.14834026068322634,0.7101444993321898,1502.9889411763334,1.757379253675809,1498.0266244183333,1502.9889411763334
71,771,1500.7945188173333,0.45949628283051996,0.7102295340028183,1551.2663529413333,4.0239232622467735,1500.7945188173333,1551.2663529413333
71,768,1501.7813099253333,0.12750942559877135,0.7101711570379877,1571.358625641,1.0440669069882793,1501.7813099253333,1571.358625641
71,762,1503.3603564109999,0.10390470518337244,0.7102044931469728,1602.7106666666666,1.0205820745208523,1503.3603564109999,1602.7106666666666
71,749,1504.7877095463334,0.1496363513184107,0.7101852410861126,1644.3990000000001,3.6278681842784235,1504.7877095463334,1644.3990000000001
71,735,1505.6629002043335,0.3060755586592357,0.7102219197915999,1681.0060269580001,4.764988375315572,1505.6629002043335,1681.0060269580001
71,722,1505.7894072853333,0.18364788091056736,0.7102321335990159,1704.2058666666665,3.640518800965921,1505.7894072853333,1704.2058666666665
71,696,1507.2005157676667,0.13733391355833716,0.7102020261031051,1754.3309333333334,0.49272474176697184,1507.2005157676667,1754.3309333333334
71,648,1508.847075625,0.27651975641640136,0.7101941033634942,1831.5249523809998,5.344932288478375,1508.847075625,1831.5249523809998
71,603,1510.5840445556667,0.40145270796039095,0.710218839233284,1874.8501904763334,6.407460258502614,1510.5840445556667,1874.8501904763334
71,562,1511.574567763333,0.18144270829019452,0.7101875691596913,1898.9681904763331,3.003413151643035,1511.574567763333,1898.9681904763331
71,522,1512.3013006146666,0.14207515023547357,0.7101865073802824,1909.8335757576667,8.026667399154274,1512.3013006146666,1909.8335757576667
71,486,1512.5959539966668,0.1755314900780716,0.7101950812598269,1918.7145086419998,0.19964233672743842,1512.5959539966668,1918.7145086419998
71,421,1513.0457986436668,0.16254680573136757,0.7101883133569401,1915.4975685106665,8.371990251986354,1513.0457986436668,1915.4975685106665
71,316,1513.468094641,0.21499130530703686,0.7101851382558872,1920.7971220123334,4.954994813824678,1513.468094641,1920.7971220123334
71,100,1512.6589558603334,0.08530867697925221,0.709994102541121,1925.2660405313334,4.080373146335789,1512.6589558603334,1925.2660405313334
71,10,1512.7557814656666,0.10262585163092704,0.7099940726027775,1914.130226415,6.154387438102118,1512.7557814656666,1914.130226415
71,1,1511.051329512,0.11099471183089085,0.7099991699281961,1903.085809524,1.9858876869559274,1511.051329512,1903.085809524
71,0,1511.5991326886667,0.2679883911131763,0.7099938385957625,1917.964868238,7.899253084192591,1511.5991326886667,1917.964868238
72,1000000,1.2446456163333333,0.0014492728382588622,0.7183133273992494,363.1198067633333,0.043351555279201016,0.0,363.1198067633333
72,1000000,1.2446456163333333,0.0014492728382588622,0.7183133273992494,363.1198067633333,0.043351555279201016,1.2446456163333333,363.1198067633333
72,316227,3.836843446,0.0012353861525705098,0.7172192095905956,363.03965217399997,0.08183517875928407,3.836843446,363.03965217399997
72,100000,11.968342190500001,0.0034490948159511254,0.7240275269881117,363.8776328503333,0.21467621882513166,11.968342190500001,363.8776328503333
72,56233,20.841420405999997,0.028508589789967672,0.7167971924833921,364.663594203,0.047234425758965935,20.841420405999997,364.663594203
72,31622,37.19820005566667,0.01403958971434247,0.7154488474186448,366.4257198066666,0.019543226390063586,37.19820005566667,366.4257198066666
72,17782,66.19754365383334,0.09008924443777998,0.7201922842780245,368.86789215666664,0.13029051062302188,66.19754365383334,368.86789215666664
72,10000,117.70963915233334,0.019126502734286645,0.720643007654337,373.9236218906667,0.038075809972373136,117.70963915233334,373.9236218906667
72,7498,157.02314363166667,0.025687089874514877,0.7233643473867658,377.70859701499995,0.1825953045274864,157.02314363166667,377.70859701499995
72,5623,209.37481869866667,0.010461299143494392,0.7221705018839458,383.280949495,0.04441830279987891,209.37481869866667,383.280949495
72,4216,279.03109505666663,0.0340585140724059,0.721977138072313,391.77795833333334,0.07851045743776992,279.03109505666663,391.77795833333334
72,3162,371.952161688,0.04327941514636197,0.7207821773568486,404.96533333366665,0.09855447087804162,371.952161688,404.96533333366665
72,2371,495.81227599766663,0.10915505358221766,0.7206831034410577,423.87467641200004,0.14488013975762046,495.81227599766663,423.87467641200004
72,2053,571.7899692223333,0.11367561427836097,0.7203533389684201,435.62965517233334,0.22576390615709635,571.7899692223333,435.62965517233334
72,1778,660.0037718986667,0.03998845357391009,0.7206119536205527,448.1338809526667,0.0571307725000479,660.0037718986667,448.1338809526667
72,1539,763.4634720519999,0.012805282199038011,0.7205611010183716,462.11030303066667,0.15172858469184397,763.4634720519999,462.11030303066667
72,1333,881.3651900273334,0.07639681315324795,0.7206353487578442,479.11927044033337,0.386698998682025,881.3651900273334,479.11927044033337
72,1154,1017.505245234,0.02971972995633129,0.7205072063336898,507.1216266666667,0.21181235972750317,1017.505245234,507.1216266666667
72,1074,1092.736358197,0.11657438660615188,0.7204723696797872,533.3467801420001,0.2998197052502902,1092.736358197,533.3467801420001
72,1000,1173.2688593473333,0.05350870647662977,0.7205360648912619,578.6377878786667,0.17334779265971847,1173.2688593473333,578.6377878786667
72,930,1261.2247883253333,0.05256479319417273,0.7203877174642345,656.7874997519999,0.21758860053298218,1261.2247883253333,656.7874997519999
72,896,1309.0648940336669,0.17041682679470727,0.7203553004830802,710.6130370373334,0.7586469544275691,1309.0648940336669,710.6130370373334
72,880,1333.1414278979998,0.02235459915469928,0.7203385314799323,740.971764706,0.5013951612505554,1333.1414278979998,740.971764706
72,865,1356.0733690196666,0.04987071572979337,0.720285492085933,781.1082419263333,0.6412452219223448,1356.0733690196666,781.1082419263333
72,848,1383.0923779796667,0.036663221765228175,0.7202709856692184,845.8901333333333,0.6354675479904212,1383.0923779796667,845.8901333333333
72,833,1407.880381912,0.04220016768633542,0.7202525079824014,923.5326598023333,0.6640244685872901,1407.880381912,923.5326598023333
72,818,1433.0539327489998,0.05542510397993103,0.7202687913756766,1023.2886933333334,0.9412104456142617,1433.0539327489998,1023.2886933333334
72,810,1446.602041565,0.1521975668944542,0.7203304922040997,1094.024927536,0.7110954796833533,1446.602041565,1094.024927536
72,804,1456.9173308093332,0.042344423926496476,0.7203390769324848,1152.7244848486669,1.658953392263474,1456.9173308093332,1152.7244848486669
72,796,1470.050495255,0.1121420691447272,0.7202060457348427,1254.5218765433333,0.6329092357713845,1470.050495255,1254.5218765433333
72,789,1479.8226451763333,0.01967545259610793,0.7202071929134134,1355.7211228073331,1.7853071285013857,1479.8226451763333,1355.7211228073331
72,782,1486.8080555590002,0.05814327407358288,0.7201515221469652,1444.9348888886668,3.174948639340618,1486.8080555590002,1444.9348888886668
72,776,1490.3857728506666,0.12162064179251462,0.7202563643839431,1500.938117647,2.6338481010677066,1490.3857728506666,1500.938117647
72,768,1492.4938676826666,0.17842272094109765,0.7201996521073047,1540.7000784313332,1.5043175937430808,1492.4938676826666,1540.7000784313332
72,762,1493.7692769766666,0.4345960261238054,0.7202266212680081,1565.1579710956667,5.23051731502165,1493.7692769766666,1565.1579710956667
72,749,1495.3483253430002,0.20202897431604083,0.7202107491612718,1607.7136666666665,1.297300859798289,1495.3483253430002,1607.7136666666665
72,735,1495.7490212496668,0.26009289755967163,0.7202079629640737,1632.680833333333,1.218106017895548,1495.7490212496668,1632.680833333333
72,722,1496.5288871586665,0.1380906651531856,0.7202425500300476,1659.5935133983332,1.4186254241737932,1496.5288871586665,1659.5935133983332
72,696,1497.4674371043332,0.05732587935507954,0.7202383025628861,1713.7560888886667,5.432977521937384,1497.4674371043332,1713.7560888886667
72,671,1498.2095359730001,0.5600612771520841,0.7202064287886999,1750.9421333333332,6.941558654632769,1498.2095359730001,1750.9421333333332
72,648,1499.3852273136665,0.15472982266565288,0.7201990245840135,1786.0645146196666,0.6892373699874935,1499.3852273136665,1786.0645146196666
72,625,1499.8552534536666,0.335274271747701,0.7202460518033892,1806.3930476189998,3.303750180280087,1499.8552534536666,1806.3930476189998
72,603,1501.206500905,0.18527251566159347,0.7202449789624202,1820.385047619,1.8409267042453341,1501.206500905,1820.385047619
72,562,1502.7952672526665,0.15746625781541254,0.7202144315036626,1858.0560952383332,7.421826808084349,1502.7952672526665,1858.0560952383332
72,522,1503.4227891866667,0.1531539105182118,0.7202038137280392,1871.4759047616665,6.787001107058422,1503.4227891866667,1871.4759047616665
72,486,1503.6028316436666,0.376204302435972,0.7201732678798617,1873.176095238,5.380121516772896,1503.6028316436666,1873.176095238
72,421,1503.9780936736668,0.07523147406700836,0.7201885574919323,1873.3626666666667,4.7591748588240375,1503.9780936736668,1873.3626666666667
72,316,1504.4083670126668,0.0573171343499377,0.7202000308644587,1873.5273333333334,3.0235178100435287,1504.4083670126668,1873.5273333333334
72,100,1504.021707807,0.05917463964653046,0.7199985389833105,1874.2354285713334,4.791563742849571,1504.021707807,1874.2354285713334
72,10,1504.4898764626669,0.12065512840748079,0.7199982193796884,1874.8683809523334,4.2403725797822585,1504.4898764626669,1874.8683809523334
72,1,1504.2182730356665,0.31365551253077883,0.7199984389528665,1875.6713333333335,5.367771682978883,1504.2182730356665,1875.6713333333335
72,0,1504.0679990193332,0.13647339606816988,0.7199986959704594,1874.1665714283333,4.283235893118974,1504.0679990193332,1874.1665714283333
73,56233,20.803721552000003,0.01481337816335169,0.7258722475520974,364.6662222223333,0.12160943204337966,0.0,364.6662222223333
73,56233,20.803721552000003,0.01481337816335169,0.7258722475520974,364.6662222223333,0.12160943204337966,20.803721552000003,364.6662222223333
73,31622,37.17033300733333,0.025939401850602662,0.7270882993652202,366.35889855066665,0.06700358422777511,37.17033300733333,366.35889855066665
73,17782,66.30902796066668,0.1769416202387445,0.7340083006987315,368.60907843133333,0.1468492902369685,66.30902796066668,368.60907843133333
73,10000,117.74998845066666,0.0038068800354918815,0.7299472659895078,373.8124577116667,0.04960149805360971,117.74998845066666,373.8124577116667
73,7498,156.97275853066665,0.03037025676824863,0.7333162702260155,377.4242388056667,0.023155176110804927,156.97275853066665,377.4242388056667
73,5623,209.254621263,0.06950416337555487,0.7315983535722227,382.94804040400004,0.15199736992923868,209.254621263,382.94804040400004
73,4216,278.998225604,0.028936843002853586,0.731561971341133,391.250125,0.17442257415542514,278.998225604,391.250125
73,3162,371.9368339133334,0.07248492995763994,0.7307775390734764,404.20612903233337,0.21991265857460493,371.9368339133334,404.20612903233337
73,2371,495.8711996683333,0.026908797015782734,0.73065095906163,422.67059999966665,0.14766100816848918,495.8711996683333,422.67059999966665
73,2053,571.8323551536666,0.10102049358523092,0.7303049193963598,433.92636781633337,0.22595425682505,571.8323551536666,433.92636781633337
73,1778,659.9282522876666,0.011878545903852351,0.7304811439496582,446.8590726986667,0.11267744427246414,659.9282522876666,446.8590726986667
73,1539,763.4185880206666,0.015287591556144321,0.7305017964959672,460.6217939393334,0.06650639050955894,763.4185880206666,460.6217939393334
73,1333,881.3134209996666,0.027846611708909903,0.7306201162115665,477.0863899373333,0.15242582129380897,881.3134209996666,477.0863899373333
73,1154,1017.3513008946667,0.08026844887164937,0.7304644123726769,504.9234133333334,0.44053044631823346,1017.3513008946667,504.9234133333334
73,1074,1092.6616608833335,0.07583792220815429,0.7304003320791148,530.9619310646667,0.07604279479760377,1092.6616608833335,530.9619310646667
73,1000,1173.1248234389998,0.05713546685834285,0.7303686944171238,575.4456060606667,0.496481973400915,1173.1248234389998,575.4456060606667
73,964,1216.7452969469998,0.06872862178984968,0.7303886029502831,609.7192619896666,0.31463296966340365,1216.7452969469998,609.7192619896666
73,930,1261.167144824,0.03437722047024435,0.7303561982623403,652.0165811963334,0.7402563823969915,1261.167144824,652.0165811963334
73,896,1309.1004087576666,0.05416130188872782,0.7303623431373992,705.7250370369999,0.38075818345878126,1309.1004087576666,705.7250370369999
73,880,1333.0981185936666,0.03853615899699496,0.7303091367308691,736.911104623,0.7816084869625236,1333.0981185936666,736.911104623
73,865,1356.130527367667,0.09214666615930622,0.730285435754093,774.5104646466667,0.5321434980332382,1356.130527367667,774.5104646466667
73,848,1383.0174670466668,0.040990335119183104,0.7302775453150637,842.4949333333334,1.6999460749154043,1383.0174670466668,842.4949333333334
73,833,1407.7243532516668,0.019263250484218338,0.7302419230397378,922.7068095236667,0.4216825950314841,1407.7243532516668,922.7068095236667
73,825,1421.121779277,0.0029385871798966977,0.7302631423779666,977.1754871796666,1.109580914929861,1421.121779277,977.1754871796666
73,818,1433.084227388,0.0770609204790747,0.730200165589853,1032.7556266666668,1.519679800659756,1433.084227388,1032.7556266666668
73,810,1446.4241400703334,0.017090964725819092,0.7302765114705307,1107.6951304346667,1.6753748464696405,1446.4241400703334,1107.6951304346667
73,804,1456.3651097986667,0.06963839360013623,0.7302246479978649,1179.542060606,1.6809598431150807,1456.3651097986667,1179.542060606
73,796,1467.9445991186665,0.07585159732845476,0.7301288112643016,1287.6560666666667,1.7815496887074282,1467.9445991186665,1287.6560666666667
73,789,1475.5259766303334,0.10516859329386945,0.7301797016502677,1382.3525511110001,3.644331086739296,1475.5259766303334,1382.3525511110001
73,782,1479.7298099163334,0.0599409338331589,0.73021963466104,1442.7017777776666,1.9716263013016329,1479.7298099163334,1442.7017777776666
73,776,1481.408516382,0.3480436492512574,0.7302232212186581,1480.485647059,2.8166543750962583,1481.408516382,1480.485647059
73,768,1483.1009596473334,0.14424260518263735,0.7301790896376666,1508.0572549019998,2.4606786175307906,1483.1009596473334,1508.0572549019998
73,762,1484.3438063036667,0.23228970646144603,0.7301908386468078,1528.0327058823332,1.4008887542407407,1484.3438063036667,1528.0327058823332
73,749,1485.0000046626667,0.21287050225993576,0.730201224677474,1555.3805491613332,6.9688890513450374,1485.0000046626667,1555.3805491613332
73,722,1486.3375332816668,0.4076001475566708,0.7302117451881108,1617.906,2.711378604603139,1486.3375332816668,1617.906
73,696,1487.443549436667,0.1859096764269503,0.7301849685227636,1661.6435687829999,2.1857871449478203,1487.443549436667,1661.6435687829999
73,648,1489.1520959910001,0.21856444563257424,0.7301755658628495,1732.8255999996666,5.046225636387507,1489.1520959910001,1732.8255999996666
73,603,1491.135368938,0.24674512660305284,0.7301813295748517,1776.9219043313333,2.205095483335747,1491.135368938,1776.9219043313333
73,562,1492.4872069716669,0.20377068790217856,0.7301833537223085,1805.1415238093332,1.0174140221915469,1492.4872069716669,1805.1415238093332
73,522,1492.9511989363334,0.07393179701406488,0.7301961630069803,1815.5121904763334,2.877277416518653,1492.9511989363334,1815.5121904763334
73,486,1493.2808127380001,0.08908760172289523,0.7301962481982754,1815.2465714286666,4.991087273081985,1493.2808127380001,1815.2465714286666
73,421,1493.6209500473333,0.1999198847312717,0.730202100678944,1815.1502857143332,0.4249868183235927,1493.6209500473333,1815.1502857143332
73,316,1494.3052614153332,0.0706574262687181,0.7302344158926135,1817.6027619046665,2.9121798040071383,1494.3052614153332,1817.6027619046665
73,100,1494.1063277443334,0.05451059533774283,0.7299973812776538,1821.2684761906667,2.566391357131975,1494.1063277443334,1821.2684761906667
73,10,1494.628161479667,0.12140692101939517,0.7299976110420641,1819.5846666666666,3.9168200587328825,1494.628161479667,1819.5846666666666
73,1,1494.7920431366667,0.06555982567144515,0.7299972144198864,1828.7324761903335,6.2527395421406675,1494.7920431366667,1828.7324761903335
73,0,1494.7929888379997,0.05735936653451046,0.7299978902883416,1822.9999047620001,6.52415869253966,1494.7929888379997,1822.9999047620001
74,1000000,1.2443956683333333,0.0009459728752327772,0.7420246954416229,363.111884058,0.09847845591813754,0.0,363.111884058
74,1000000,1.2443956683333333,0.0009459728752327772,0.7420246954416229,363.111884058,0.09847845591813754,1.2443956683333333,363.111884058
74,316227,3.839568438,0.0038577534149989846,0.741415087773734,363.375652174,0.1306257154121022,3.839568438,363.375652174
74,100000,11.913358554,0.002330111736234722,0.7399918751567055,364.00938164250005,0.05869270651938401,11.913358554,364.00938164250005
74,56233,20.86286822883333,0.032915579015778344,0.7432046899792843,364.5402512078333,0.20559580506917963,20.86286822883333,364.5402512078333
74,31622,37.166062198,0.01846014149116926,0.7366304178079246,366.315188406,0.0752870970518768,37.166062198,366.315188406
74,17782,66.26072188966667,0.08659601177879482,0.7431699271010205,368.78529411766664,0.06146231276239648,66.26072188966667,368.78529411766664
74,10000,117.69344871033333,0.014530408159277329,0.7398840290194494,373.51532338299995,0.06285164712575099,117.69344871033333,373.51532338299995
74,7498,156.978184123,0.004354752335900076,0.7423452582064788,377.0832437813333,0.12800826072296803,156.978184123,377.0832437813333
74,5623,209.21473772133334,0.018578607801566255,0.7409366460058019,382.5586464643334,0.08237726663643749,209.21473772133334,382.5586464643334
74,4216,279.032415631,0.024426438065535693,0.7409114034133372,390.6942822266667,0.04396553871126809,279.032415631,390.6942822266667
74,3162,371.96161750133336,0.022249475248635384,0.7406285182723732,403.1727144966667,0.004028902657050551,371.96161750133336,403.1727144966667
74,2738,429.468029599,0.04901937417089117,0.7408124976654674,411.572590164,0.013579154393133197,429.468029599,411.572590164
74,2371,495.883075658,0.059961145953776364,0.7407453582035401,421.5348666666667,0.0652155744161161,495.883075658,421.5348666666667
74,2053,572.0772763636666,0.19430748774938897,0.7403081186182049,432.6077471263334,0.2740140371238047,572.0772763636666,432.6077471263334
74,1778,659.971993205,0.014940830236315282,0.7403605776658666,445.251111111,0.10652072983981921,659.971993205,445.251111111
74,1539,763.444087541,0.04273693450887326,0.7405552362254694,459.1168242423334,0.1509261296557041,763.444087541,459.1168242423334
74,1333,881.2954035953335,0.045157911784671045,0.7405821952220051,475.21418867933335,0.2733052570386025,881.2954035953335,475.21418867933335
74,1154,1017.4859686636668,0.06099897827991719,0.7404777757180815,502.4420533333334,0.22685664665891306,1017.4859686636668,502.4420533333334
74,1074,1092.73845611,0.06490176006153428,0.7403578680646213,528.46125,0.40758962003577787,1092.73845611,528.46125
74,1000,1173.2305516353333,0.019909933787855248,0.7403222911182823,572.2182121213333,0.12810230728613428,1173.2305516353333,572.2182121213333
74,964,1216.7894908813334,0.0647054217057742,0.7403132585730545,605.4755555556667,0.13855595856099465,1216.7894908813334,605.4755555556667
74,930,1261.101326143,0.03577322825821923,0.7403284070034614,647.6486153846666,0.5956396190748087,1261.101326143,647.6486153846666
74,896,1309.0962837583334,0.09702208220460841,0.7402421972613736,701.6435925923333,0.4415317660673083,1309.0962837583334,701.6435925923333
74,880,1333.1999529976667,0.04593331854378802,0.7402198802271017,732.6610285713333,0.4685383539367093,1333.1999529976667,732.6610285713333
74,865,1356.0876345926665,0.06999549824137072,0.7401902436435926,767.7721616160001,0.8336588530787414,1356.0876345926665,767.7721616160001
74,848,1383.0371615046668,0.03669402283215701,0.7401903197326568,837.799288889,0.9988712414028609,1383.0371615046668,837.799288889
74,833,1407.8836652603331,0.050320751081461924,0.740168569895269,923.4663745173333,1.128858448935459,1407.8836652603331,923.4663745173333
74,825,1421.0556023830002,0.08255908524732652,0.7401317800076735,979.7413333333334,0.6756664270005927,1421.0556023830002,979.7413333333334
74,818,1432.8533083096665,0.06646480638081054,0.7401620449455498,1039.675084626,2.1959725000301544,1432.8533083096665,1039.675084626
74,810,1445.9730472559997,0.07583664324979199,0.7402196938550522,1122.2049275359998,1.1641371806662033,1445.9730472559997,1122.2049275359998
74,804,1455.195696717,0.03606883337304024,0.740190106011772,1197.755571989,2.7665556605744044,1455.195696717,1197.755571989
74,796,1465.1977064073333,0.2808152496848886,0.7401871208108607,1308.2195881856667,1.2167347945899945,1465.1977064073333,1308.2195881856667
74,789,1470.3134175733333,0.3165858086343598,0.740149313773483,1379.9490198826668,4.180494957292219,1470.3134175733333,1379.9490198826668
74,782,1472.9722312996666,0.29258431026784465,0.7401264151391721,1427.3045925926665,3.100537271962482,1472.9722312996666,1427.3045925926665
74,776,1474.4473358546668,0.11743462976381683,0.7401439879425321,1451.8946666666668,4.239198194627394,1474.4473358546668,1451.8946666666668
74,762,1476.3718473663332,0.1892150423518163,0.7401571840434471,1490.1379914746667,3.484128143811638,1476.3718473663332,1490.1379914746667
74,749,1477.0890872359998,0.10111440099206212,0.740153637498857,1522.9221960783334,0.40495029102188884,1477.0890872359998,1522.9221960783334
74,722,1478.6778207923335,0.06681616534659428,0.7401596752359882,1582.7459166666667,2.0362048849105507,1478.6778207923335,1582.7459166666667
74,696,1479.340217151,0.10390923676429885,0.7401419038194598,1629.6383333333333,6.967683372781322,1479.340217151,1629.6383333333333
74,648,1481.0123200863334,0.21583134524749567,0.740135049388119,1696.4376888890001,1.6130328165397367,1481.0123200863334,1696.4376888890001
74,603,1483.117724118,0.07190829180809638,0.7401456799986894,1732.7792,1.6167149796711182,1483.117724118,1732.7792
74,562,1484.3144581736667,0.31131296999214597,0.740140961872815,1766.0915555556667,6.831012024893104,1484.3144581736667,1766.0915555556667
74,522,1485.005945383333,0.1945467435003635,0.740144120346882,1771.6929777776668,5.0320057962438804,1485.005945383333,1771.6929777776668
74,486,1485.2949592816667,0.2771400104527727,0.7401523055683921,1771.9480888886667,1.4509513039672397,1485.2949592816667,1771.9480888886667
74,421,1485.717469528,0.32442655136372434,0.7401526107470201,1773.3708444446665,1.249954490302281,1485.717469528,1773.3708444446665
74,316,1486.412700621,0.13613615471731313,0.7401677711311955,1781.2960935126666,5.389829005862894,1486.412700621,1781.2960935126666
74,100,1486.3000670996664,0.12175519599079616,0.7399963867101013,1786.6606571173334,2.798488476579259,1486.3000670996664,1786.6606571173334
74,10,1486.317211544,0.16572717815105312,0.7399970795267632,1782.914503102,9.433550847457786,1486.317211544,1782.914503102
74,1,1486.5122806903335,0.438936593675734,0.7399969388528266,1777.3723841806666,3.8247980361762695,1486.5122806903335,1777.3723841806666
74,0,1486.9401598243333,0.20142231932943533,0.7399968257200283,1777.6409355933336,4.765994194770775,1486.9401598243333,1777.6409355933336
75,100000,11.911607339999998,0.0024028470230807813,0.7466576035734462,363.9481352656667,0.07825432213298286,0.0,363.9481352656667
75,100000,11.911607339999998,0.0024028470230807813,0.7466576035734462,363.9481352656667,0.07825432213298286,11.911607339999998,363.9481352656667
75,56233,20.881988277,0.03401877911723961,0.7540157692403932,364.3991304346667,0.22184902880265994,20.881988277,364.3991304346667
75,31622,37.1581444405,0.020610151356379794,0.7511621781119396,366.216183575,0.05240596931570943,37.1581444405,366.216183575
75,17782,66.38043997033333,0.022573705557180933,0.7523333386165371,368.62733333333335,0.046981714171025535,66.38043997033333,368.62733333333335
75,10000,117.66414995733334,0.027778656067103696,0.7487819733326387,373.31214976999996,0.12518641022883492,117.66414995733334,373.31214976999996
75,7498,156.95613799733334,0.02521812628583326,0.7518970421215195,376.799283582,0.08416477050211492,156.95613799733334,376.799283582
75,5623,209.232538859,0.006831673326242868,0.7507603948222404,382.20117171733335,0.09673489234095524,209.232538859,382.20117171733335
75,4216,279.03721809800004,0.03404411092083643,0.7505547308820687,390.16055384633336,0.13771224269353619,279.03721809800004,390.16055384633336
75,3162,371.9306994936667,0.03333840496171607,0.7500777503856261,402.30698412733335,0.16996479121456032,371.9306994936667,402.30698412733335
75,2371,495.8085272453333,0.06074494558248075,0.7504881197172834,420.307,0.09750215933856898,495.8085272453333,420.307
75,2053,572.0369305876667,0.15909627989707234,0.7500744851444504,431.5260007893333,0.14757731261231874,572.0369305876667,431.5260007893333
75,1778,659.9632018726667,0.062319473217444764,0.7503222593906788,443.71906432733334,0.13198687320383692,659.9632018726667,443.71906432733334
75,1539,763.4442139683333,0.059535704806236184,0.750378863356278,457.48574545466664,0.10292481710829866,763.4442139683333,457.48574545466664
75,1333,881.3553163813334,0.002924268389767392,0.7504545887239614,473.351371069,0.07201377699152572,881.3553163813334,473.351371069
75,1154,1017.3782863356668,0.06910329947842132,0.7503870125656968,500.53449101166666,0.07650012058159074,1017.3782863356668,500.53449101166666
75,1074,1092.5869616706666,0.06762219437585106,0.7502233427857189,525.4327777776666,0.2007085079329665,1092.5869616706666,525.4327777776666
75,1000,1173.174187626,0.03431866818462161,0.7502527599989849,569.1393778463333,0.43183961783774916,1173.174187626,569.1393778463333
75,964,1216.8731779173334,0.029613757072000764,0.7502240479190304,601.5253015873333,0.6038704514110849,1216.8731779173334,601.5253015873333
75,930,1261.119039265,0.030507326659593624,0.7502640689025508,642.8412991456667,0.45316843885849045,1261.119039265,642.8412991456667
75,896,1309.164127964,0.05816818345968872,0.7502052853134105,697.2572962963333,0.45745863106176615,1309.164127964,697.2572962963333
75,880,1333.1518615900002,0.003787442671687245,0.7501711528641949,727.2647999996666,0.11233762518247702,1333.1518615900002,727.2647999996666
75,865,1356.091066369,0.05433682302085747,0.7501729578412686,761.2937777779999,0.6698014490036798,1356.091066369,761.2937777779999
75,848,1382.846775888,0.0389333751624114,0.7501587659200877,833.1539411856667,0.7784928729383248,1382.846775888,833.1539411856667
75,833,1407.8533080213335,0.07309636844382464,0.750181083385019,921.1063333333333,0.6261232570925822,1407.8533080213335,921.1063333333333
75,825,1420.8844435996664,0.12175349683812632,0.7500955425730517,977.6071794873333,1.156715941781981,1420.8844435996664,977.6071794873333
75,818,1432.5639631153333,0.10387462876115192,0.7501172970875393,1039.6943509763335,1.6149043493924,1432.5639631153333,1039.6943509763335
75,810,1445.5039565223335,0.04754820406761245,0.7501061566022401,1129.4948405796667,2.548530463652939,1445.5039565223335,1129.4948405796667
75,804,1454.2754421103334,0.0880860663543563,0.7500183228021705,1208.9615238093331,4.754673931143139,1454.2754421103334,1208.9615238093331
75,799,1459.8857156766665,0.16787856010242888,0.7501372687993743,1277.2854666666665,1.8931043746537466,1459.8857156766665,1277.2854666666665
75,796,1462.536914981,0.1416730148631537,0.7500833546491457,1313.4506346423334,0.8459607984964532,1462.536914981,1313.4506346423334
75,789,1466.2961996993333,0.3168582723481856,0.7500901458967316,1371.5676491226666,3.115783018037176,1466.2961996993333,1371.5676491226666
75,782,1468.650232711,0.07998881331358425,0.7501094955044633,1410.6608148149999,1.3181498507864562,1468.650232711,1410.6608148149999
75,776,1469.6416974563333,0.37160691519232614,0.7500818706771764,1428.6171851853333,3.8002453876350377,1469.6416974563333,1428.6171851853333
75,762,1471.297735784,0.1995146420851716,0.7500845629393589,1469.0037879036665,3.574725008629046,1471.297735784,1469.0037879036665
75,749,1472.4509701590002,0.02062243824672033,0.7501001899161767,1498.7003137256668,1.4129689440208306,1472.4509701590002,1498.7003137256668
75,722,1473.1778297043331,0.29937939094937077,0.7500992233619582,1551.7724167396666,4.84743507094282,1473.1778297043331,1551.7724167396666
75,696,1474.1825709310003,0.1491170810764013,0.7500900569804562,1599.0224166666667,2.2457992638108832,1474.1825709310003,1599.0224166666667
75,648,1475.9862908450002,0.09985376435613234,0.7501119160862043,1662.339552794,6.156426805965832,1475.9862908450002,1662.339552794
75,603,1477.5293681586666,0.2700806856263829,0.7501114960587025,1705.4841777776667,2.9334413108636617,1477.5293681586666,1705.4841777776667
75,562,1479.0205988816667,0.047172215534655344,0.7501049815480779,1730.8436444443332,2.4476672156812924,1479.0205988816667,1730.8436444443332
75,522,1479.7343231286668,0.10370912010994372,0.7500975306038367,1742.0082666666667,2.9687285481596506,1479.7343231286668,1742.0082666666667
75,486,1479.954121332,0.09671472195478868,0.7500912971495507,1741.5200888886666,3.218411592388771,1479.954121332,1741.5200888886666
75,421,1480.5076527426666,0.07937780639785942,0.7500645350174824,1742.522755555333,2.889040382848604,1480.5076527426666,1742.522755555333
75,316,1481.0482401223333,0.16800449606944629,0.7500692377838094,1744.7438222223334,2.998781077850072,1481.0482401223333,1744.7438222223334
75,100,1480.5690110606668,0.05101350808576106,0.7499965123959337,1745.8415999996669,2.1813423145699713,1480.5690110606668,1745.8415999996669
75,10,1481.4791836269999,0.19707446144961974,0.7499956836905567,1748.0616,2.449804171765568,1481.4791836269999,1748.0616
75,1,1482.1250848706666,0.12466952987913775,0.749996157337224,1751.4287111113335,2.1295430385734027,1482.1250848706666,1751.4287111113335
75,0,1481.9737545879998,0.20352151394875814,0.7499958721304716,1749.3136000000002,0.5548817531691043,1481.9737545879998,1749.3136000000002
76,1000000,1.249911014,,0.7616673573851714,363.08956521733336,0.12365516345114837,0.0,363.08956521733336
76,1000000,1.249911014,,0.7616673573851714,363.08956521733336,0.12365516345114837,1.249911014,363.08956521733336
76,316227,3.8405326954166665,0.0021842077616215593,0.7577489607548866,363.1481690821667,0.23068580447367737,3.8405326954166665,363.1481690821667
76,100000,11.914277478999999,0.0011703285127964026,0.7556485422964531,363.9840966183333,0.052384769815893274,11.914277478999999,363.9840966183333
76,17782,66.11220215366667,0.0046712056187839125,0.7635187047116476,368.45568627433335,0.046037795938206866,66.11220215366667,368.45568627433335
76,10000,117.69020688433334,0.012756863983131717,0.7598301082853367,373.06317423366664,0.014835302407501586,117.69020688433334,373.06317423366664
76,7498,157.09644338533334,0.020057095070109776,0.7625421518546759,376.3724179106667,0.08821868780620432,157.09644338533334,376.3724179106667
76,5623,209.22097548866668,0.02325927319940464,0.7613278082809402,381.73103030299995,0.0732809478838046,209.22097548866668,381.73103030299995
76,4216,279.10662844533334,0.031637568352133584,0.7611616179777257,389.337148718,0.1782999833039148,279.10662844533334,389.337148718
76,3162,372.0069354766667,0.01047680824020935,0.7602267988330856,401.59060317433335,0.04822375828340555,372.0069354766667,401.59060317433335
76,2371,495.71791334899996,0.2120318913525865,0.7606730700735181,419.1917111113333,0.15656161494089893,495.71791334899996,419.1917111113333
76,2053,571.7749270093333,0.11350423853282819,0.7601399252222935,430.127683616,0.07755636898271956,571.7749270093333,430.127683616
76,1778,660.075987156,0.07470543362616588,0.7605047876057629,442.17459649133326,0.20930432463580054,660.075987156,442.17459649133326
76,1539,763.5580323306667,0.006262139477166823,0.7604535311992882,455.7311272726667,0.09277808250060063,763.5580323306667,455.7311272726667
76,1333,881.485435161,0.09618739018608956,0.7603819177711338,471.50536330766664,0.22704345550396254,881.485435161,471.50536330766664
76,1154,1017.500536466,0.043437672638599475,0.7602978761096164,497.89524183033336,0.030770830634591156,1017.500536466,497.89524183033336
76,1074,1092.9405533353336,0.14694708024351297,0.7603018717078575,522.8678055553333,0.37543250348207263,1092.9405533353336,522.8678055553333
76,1000,1173.3801871206667,0.04720875685448022,0.7603849827119337,565.4085925926667,0.48191401383004207,1173.3801871206667,565.4085925926667
76,930,1261.5951779863333,0.07685744724055556,0.7602731290222643,639.3329125786667,0.34418309115968243,1261.5951779863333,639.3329125786667
76,896,1309.7041963253334,0.019931656493851594,0.7602931842903038,692.6136936940001,0.43359786651501403,1309.7041963253334,692.6136936940001
76,880,1333.5447594403333,0.05506037967472306,0.7602587072449346,722.8792380953333,0.5677616323248708,1333.5447594403333,722.8792380953333
76,865,1356.6273687139999,0.016409798123141174,0.7602815322057692,755.1799607843333,0.833707493388482,1356.6273687139999,755.1799607843333
76,848,1383.471758464,0.06473172439697562,0.7602410936132711,826.7042150540001,0.8015266837974632,1383.471758464,826.7042150540001
76,833,1408.5342412720001,0.08450902928503191,0.7602265012926569,919.1165714286667,0.4937789104280754,1408.5342412720001,919.1165714286667
76,825,1421.84848309,0.1265778666670156,0.7602177842132273,979.5093333333334,0.42349803735304864,1421.84848309,979.5093333333334
76,818,1433.6267400486668,0.15706611655894875,0.7602621974837488,1047.5537983966667,2.348476302954361,1433.6267400486668,1047.5537983966667
76,810,1446.5285888676665,0.05153755679338377,0.7600925049405705,1144.7363030303334,1.8359085421428893,1446.5285888676665,1144.7363030303334
76,804,1455.141487627,0.16307145693496528,0.760209103707625,1228.3468571426667,2.3000713936605544,1455.141487627,1228.3468571426667
76,799,1460.1507221900001,0.40341447254712204,0.7600763301922777,1294.3332,3.915351039179057,1460.1507221900001,1294.3332
76,796,1462.1544340913333,0.15259575518620555,0.7601872731467325,1323.367775079,5.060185589320795,1462.1544340913333,1323.367775079
76,789,1464.7337684796667,0.2528284381886198,0.7601654232334578,1369.1437894736666,1.853452126734551,1464.7337684796667,1369.1437894736666
76,782,1466.1731007523333,0.24589821745525328,0.7601612783577926,1395.662399797,0.19524837440113085,1466.1731007523333,1395.662399797
76,776,1467.0658828176665,0.1987403008926331,0.7601076339186298,1414.6415555556669,1.372770614318703,1467.0658828176665,1414.6415555556669
76,749,1469.3839460730003,0.10340751106105278,0.7601851491158454,1481.084721796,2.7596234978160634,1469.3839460730003,1481.084721796
76,722,1470.5158956903335,0.28735415812056986,0.760189919662031,1531.420862745,2.0042764012205576,1470.5158956903335,1531.420862745
76,696,1471.057515513,0.17413376418951573,0.7601548185184551,1583.8819166666665,4.674188013263121,1471.057515513,1583.8819166666665
76,671,1471.829145705,0.11286479841193052,0.760076836268636,1620.9295833333333,0.41672775385524036,1471.829145705,1620.9295833333333
76,648,1473.1273932956667,0.23527938079221347,0.7600822219122009,1648.8220833333332,2.769856204901766,1473.1273932956667,1648.8220833333332
76,603,1474.881000479,0.1329990865148897,0.7601324061461897,1686.4955555553333,5.598313811917634,1474.881000479,1686.4955555553333
76,562,1476.144678322,0.14437038321162166,0.7601250429474642,1718.0308444446666,3.0230722897813314,1476.144678322,1718.0308444446666
76,522,1476.276469178,0.1432053740114349,0.7601417994526533,1719.0809185186665,5.029477204603348,1476.276469178,1719.0809185186665
76,486,1476.8139598246669,0.3756178205557455,0.7601303270958999,1720.1931555556666,3.893627426022179,1476.8139598246669,1720.1931555556666
76,421,1477.487245099,0.08652021241091278,0.7601679057245675,1719.5773925923331,4.469458458640128,1477.487245099,1719.5773925923331
76,316,1478.1222255536668,0.025958520753113827,0.7602118799906877,1720.7643555556667,4.455044065674443,1478.1222255536668,1720.7643555556667
76,177,1477.0291464450002,0.08685957222969376,0.7599958728055367,1726.2789333333333,7.280145190569149,1477.0291464450002,1726.2789333333333
76,100,1477.786615327,0.12583582192861295,0.7599956527034576,1720.6350222223334,6.378704015505411,1477.786615327,1720.6350222223334
76,10,1478.3802946120002,0.16642069291822154,0.7599958002636379,1720.102133333333,6.188848058287303,1478.3802946120002,1720.102133333333
76,1,1478.5401046703334,0.14186285136457696,0.7599953478545162,1725.4096592593332,0.42270360692461945,1478.5401046703334,1725.4096592593332
76,0,1478.591356839,0.13741347326410452,0.759995982008134,1728.6099555556666,1.4230366864060338,1478.591356839,1728.6099555556666
77,1000000,1.24540425635,0.0009815373164109003,0.765778968637417,363.0241384863333,0.15916586166610563,0.0,363.0241384863333
77,1000000,1.24540425635,0.0009815373164109003,0.765778968637417,363.0241384863333,0.15916586166610563,1.24540425635,363.0241384863333
77,316227,3.8406275381111112,0.0024157510613588306,0.7686161929486703,363.23600644122223,0.2336066119575528,3.8406275381111112,363.23600644122223
77,100000,11.966675061333333,0.004329410031504945,0.7733658009904625,363.9141062803333,0.055754806802919527,11.966675061333333,363.9141062803333
77,56233,20.883378609333334,0.024166640861112972,0.7694312447198564,364.579227053,0.03277297547746161,20.883378609333334,364.579227053
77,31622,37.167136082333336,0.030610603743512523,0.7658074420221445,365.84139130399996,0.06489499716925215,37.167136082333336,365.84139130399996
77,17782,66.26089655999999,0.13025617034197404,0.7725472960211626,368.1391176473333,0.15504292309358647,66.26089655999999,368.1391176473333
77,10000,117.72654184800001,0.025814788817863598,0.7700375541209895,372.739980392,0.04626523265410923,117.72654184800001,372.739980392
77,7498,157.06746143066667,0.03336800249962824,0.7725681351048612,376.10250746266667,0.10919030876306328,157.06746143066667,376.10250746266667
77,5623,209.353826892,0.040881934148767736,0.7711417534822198,380.7985858586667,0.09297235060015864,209.353826892,380.7985858586667
77,4216,279.11999464499996,0.028467672458709674,0.7709463241984853,388.8241846153333,0.07060617989981206,279.11999464499996,388.8241846153333
77,3162,371.9639574633334,0.05041729915311139,0.7703210407503297,400.61801058199995,0.11109936134821657,371.9639574633334,400.61801058199995
77,2371,495.86995965899996,0.0218332758309003,0.770547450068087,417.485711111,0.10802128030610028,495.86995965899996,417.485711111
77,2053,571.9453377469999,0.2799634744279564,0.7700795489577006,428.65059887,0.13138847216448768,571.9453377469999,428.65059887
77,1778,660.1316185733334,0.06241426122751619,0.7703986928181251,440.68928654966663,0.08541415666148607,660.1316185733334,440.68928654966663
77,1539,763.5852416196667,0.05914633666538028,0.7702761200166371,454.069904762,0.17809400953415247,763.5852416196667,454.069904762
77,1333,881.475981394,0.03715314303940326,0.7704546638150279,469.51125925933337,0.12222695824227668,881.475981394,469.51125925933337
77,1154,1017.5143573706667,0.041428456234384216,0.7703224655165211,495.576261438,0.1127595032367322,1017.5143573706667,495.576261438
77,1074,1092.9217885046667,0.044850279197263435,0.7702886835663382,520.2038566893333,0.22557103840128676,1092.9217885046667,520.2038566893333
77,1000,1173.3765314986667,0.03800011999643003,0.7702626972680277,561.7891851853333,0.221485362267178,1173.3765314986667,561.7891851853333
77,964,1217.0512509723333,0.05360728209029721,0.7702344676133808,594.0964678363333,0.7418227493879498,1217.0512509723333,594.0964678363333
77,930,1261.5645573680001,0.11292841367066557,0.7702596139546083,635.0957333333333,0.48610005485835855,1261.5645573680001,635.0957333333333
77,896,1309.7380253546667,0.0038420524336036104,0.7702733968431402,688.9112792793334,0.23688776647301552,1309.7380253546667,688.9112792793334
77,880,1333.4966609250002,0.08668546672216276,0.7702555086967641,718.2350857143333,0.23914601790897733,1333.4966609250002,718.2350857143333
77,865,1356.519159284,0.03515364110066165,0.7702322347332574,749.7176862746668,0.429825687714273,1356.519159284,749.7176862746668
77,848,1383.4648686826667,0.09429662508631652,0.7702444089910901,815.5531612906667,1.2380673534390212,1383.4648686826667,815.5531612906667
77,833,1408.4923664543333,0.0743512152241479,0.770240088910343,907.0654761903334,0.576040041196689,1408.4923664543333,907.0654761903334
77,825,1421.8067441743333,0.08554637384070439,0.7702003329641215,970.1193846153333,2.2122477953593225,1421.8067441743333,970.1193846153333
77,818,1433.6816692113334,0.07053817636441523,0.770282455115172,1038.1658299016665,3.4850388283403846,1433.6816692113334,1038.1658299016665
77,810,1446.5194919409998,0.06326908843072436,0.7700621369492359,1137.739176696,0.971870557118309,1446.5194919409998,1137.739176696
77,804,1454.5996652833335,0.24082652690955594,0.7702216836685536,1224.586920635,6.000091900270434,1454.5996652833335,1224.586920635
77,799,1459.2688584183334,0.10795896538072725,0.7701143323864184,1286.1411333333333,1.9047070255904872,1459.2688584183334,1286.1411333333333
77,796,1460.9852452416665,0.05045034321666386,0.770184325898582,1312.7855230769999,4.017071405982739,1460.9852452416665,1312.7855230769999
77,789,1463.1471158443335,0.13832778342933724,0.7702022581003728,1351.6593684213333,1.8973982711482662,1463.1471158443335,1351.6593684213333
77,782,1464.8091112343334,0.2295292727272679,0.7701730314180134,1379.3739649123333,2.1103064363248105,1464.8091112343334,1379.3739649123333
77,776,1465.2964818623332,0.1725748834735539,0.7701604494021606,1394.6176113646668,3.014280712534702,1465.2964818623332,1394.6176113646668
77,762,1466.868006582,0.2995597761316314,0.7702077382855631,1426.187037037,1.410128377180959,1466.868006582,1426.187037037
77,749,1467.3084876523335,0.14818041125882017,0.7701892629659778,1453.9514074073334,5.766342895228654,1467.3084876523335,1453.9514074073334
77,722,1468.4591128026666,0.32989530016545826,0.7701392341097512,1510.6865882353334,2.7123544183784456,1468.4591128026666,1510.6865882353334
77,696,1468.9181630023331,0.11546742848065747,0.7701603540370573,1561.0280922660002,3.339910680661511,1468.9181630023331,1561.0280922660002
77,671,1469.6689926653332,0.32611973141204725,0.7701586488121209,1595.9900833333334,3.6170170058812396,1469.6689926653332,1595.9900833333334
77,648,1470.667889175,0.12471302282212464,0.7701975139570757,1621.3521666666668,2.27375999631311,1470.667889175,1621.3521666666668
77,603,1472.7881488083333,0.02869832065380574,0.7701872296264526,1658.1248558203333,1.2053584609056296,1472.7881488083333,1658.1248558203333
77,562,1473.9869660333334,0.38989887102373305,0.7701513775335469,1685.6778666666667,3.0485680780438544,1473.9869660333334,1685.6778666666667
77,486,1474.6009207480001,0.24230958625359464,0.7701273892247532,1692.1537661203336,4.718311094028081,1474.6009207480001,1692.1537661203336
77,421,1475.3406242243334,0.17847854859211632,0.770096144593248,1700.714844444333,4.0559382539525135,1475.3406242243334,1700.714844444333
77,316,1475.6886881306666,0.19037926105152891,0.7701135832502178,1696.7102222223332,3.2451396419524725,1475.6886881306666,1696.7102222223332
77,100,1475.564669765333,0.0842905499707372,0.7699948815969355,1702.1042666666665,4.155007423053956,1475.564669765333,1702.1042666666665
77,10,1476.4103113703334,0.2206423748246607,0.7699954824972087,1701.5075555556668,3.385497439269227,1476.4103113703334,1701.5075555556668
77,1,1477.0028262633332,0.1752656961729769,0.7699946430231358,1705.6734222223333,5.846493372693813,1477.0028262633332,1705.6734222223333
77,0,1476.766000473667,0.23979110490388134,0.7699950514112998,1704.002488889,3.5549228051932866,1476.766000473667,1704.002488889
78,100000,11.96823437,0.0007265241444461893,0.7823217583828446,363.9871884056667,0.11768814141380246,0.0,363.9871884056667
78,100000,11.96823437,0.0007265241444461893,0.7823217583828446,363.9871884056667,0.11768814141380246,11.96823437,363.9871884056667
78,56233,20.898709114,0.03589196806593781,0.7756623150491713,364.51951690833334,0.023612379742763513,20.898709114,364.51951690833334
78,31622,37.1574113305,0.019895717019311723,0.7801824794128293,365.7009178745,0.07869079052047853,37.1574113305,365.7009178745
78,17782,66.33645079666667,0.020597401491197417,0.7818941288672608,367.8961581556667,0.09113105894443432,66.33645079666667,367.8961581556667
78,10000,117.751876475,0.01621828375260755,0.7791817418423238,372.64145098033333,0.030707478514698974,117.751876475,372.64145098033333
78,7498,157.03299473833331,0.04730986604398946,0.7822643944122221,375.58191044766664,0.02142476894541183,157.03299473833331,375.58191044766664
78,5623,209.34203027566664,0.03364107153384329,0.7810621481804487,380.7414747473333,0.06710025201246632,209.34203027566664,380.7414747473333
78,4216,279.05877414800005,0.06203683092841797,0.7809611096882797,387.93967179500004,0.07824034806126838,279.05877414800005,387.93967179500004
78,3162,371.99730622,0.03558677037868875,0.7799493370253759,399.6496084656667,0.08756935168403011,371.99730622,399.6496084656667
78,2371,495.9640337823333,0.021318576593166733,0.7801475185668743,416.2704262293334,0.09464267125107091,495.9640337823333,416.2704262293334
78,2053,571.8201966749999,0.07580688784931604,0.7798851121811353,426.8786666666667,0.22115587134160936,571.8201966749999,426.8786666666667
78,1778,660.0437533256667,0.021680125033761107,0.7802657849762169,438.9274089736667,0.23172793014979642,660.0437533256667,438.9274089736667
78,1539,763.577091687,0.02734420391784718,0.7801261537384562,452.08807142866664,0.21102092665249128,763.577091687,452.08807142866664
78,1333,881.4494083436666,0.011391234067213945,0.7803038298976471,467.8299012346667,0.15747145280463787,881.4494083436666,467.8299012346667
78,1154,1017.5627002710002,0.04976611555182024,0.7802005509200748,493.25192156833333,0.2005923100948266,1017.5627002710002,493.25192156833333
78,1074,1092.9103791413334,0.05611451600434314,0.7801166487366693,516.9378503403333,0.07132378721306458,1092.9103791413334,516.9378503403333
78,1000,1173.2559498753333,0.3075233568741551,0.7802033035577556,558.2669333333333,0.38131519252072527,1173.2559498753333,558.2669333333333
78,964,1217.1276198266667,0.05871818701481113,0.7801296247610924,590.0187596903334,0.32341009314676045,1217.1276198266667,590.0187596903334
78,930,1261.509569848,0.09557745102482193,0.7802204322934171,630.1758666666666,0.5267519182057021,1261.509569848,630.1758666666666
78,896,1309.6687252606666,0.05558935014622442,0.7802275813117676,683.6073873873333,0.6848379981238077,1309.6687252606666,683.6073873873333
78,880,1333.5834209013333,0.00522604696550559,0.7801840192412431,713.1842603023333,1.0108034661924021,1333.5834209013333,713.1842603023333
78,865,1356.563595453,0.09573196096446425,0.7801731272446837,743.5728627453333,0.5361131073860259,1356.563595453,743.5728627453333
78,848,1383.4416633586668,0.05744997825290219,0.7801562007130798,805.6729373826666,0.273620477826245,1383.4416633586668,805.6729373826666
78,833,1408.4760739563333,0.12174019633980102,0.780239783797692,894.4609511166667,1.342556507355555,1408.4760739563333,894.4609511166667
78,825,1421.8696324343334,0.003956546574612062,0.7801909273690373,957.5058317756666,1.9104133260114087,1421.8696324343334,957.5058317756666
78,818,1433.7352150876668,0.03238337353791504,0.7802174854929476,1026.2636266666666,1.224383828271797,1433.7352150876668,1026.2636266666666
78,810,1446.6567648399998,0.058695268569895834,0.7799692174562431,1126.2024347826666,0.3998662537264633,1446.6567648399998,1126.2024347826666
78,804,1454.6266983716666,0.10010848361633823,0.7801687593685352,1206.2790476193334,2.4398922913212777,1454.6266983716666,1206.2790476193334
78,799,1458.7492685623336,0.1936731064389489,0.7801125352033623,1267.6373999999998,2.664579283864532,1458.7492685623336,1267.6373999999998
78,796,1460.494186432,0.3058568802236294,0.7800953797937634,1293.1348666666665,4.005494837511751,1460.494186432,1293.1348666666665
78,789,1462.6576717906667,0.2658704811019873,0.7800689259335574,1331.1882807016666,2.4247421255614783,1462.6576717906667,1331.1882807016666
78,776,1464.5995347286669,0.26206250204451015,0.7800835271360231,1372.8919298246667,1.457947745186672,1464.5995347286669,1372.8919298246667
78,749,1466.40477353,0.26169968980410974,0.7801640225414405,1430.820222222,5.118062846988641,1466.40477353,1430.820222222
78,722,1467.0421584403332,0.21189978417201122,0.7801190562422641,1489.9294901960002,0.3884209422727216,1467.0421584403332,1489.9294901960002
78,696,1467.990062389,0.06788053534850283,0.7801275769136403,1544.915685104,1.956037864930792,1467.990062389,1544.915685104
78,671,1468.711569893,0.07851024033608842,0.7801380821856508,1581.8968333333335,5.637179815371623,1468.711569893,1581.8968333333335
78,648,1469.5978323086667,0.11128193027642354,0.7801343429392188,1601.6335,4.703038731766912,1469.5978323086667,1601.6335
78,603,1471.5528165286667,0.08854690907445666,0.7800696442738922,1640.3875833333334,2.4503610235703452,1471.5528165286667,1640.3875833333334
78,562,1472.611365451,0.04983969059748297,0.7800990140360614,1666.5661921829999,0.06497405508156352,1472.611365451,1666.5661921829999
78,522,1472.9985712200003,0.11701048661889397,0.780142192581215,1675.4335283156668,5.789856676523053,1472.9985712200003,1675.4335283156668
78,486,1473.1433411863334,0.1317319653501019,0.780159967540893,1673.0971701746666,4.815710604078619,1473.1433411863334,1673.0971701746666
78,421,1473.9445208956665,0.10699683175235174,0.780124684376795,1669.8971687333335,3.8092067833369696,1473.9445208956665,1669.8971687333335
78,316,1474.5426143276666,0.11056348298031987,0.7800752340209458,1683.4424,1.6680017482484695,1474.5426143276666,1683.4424
78,236,1472.5972744023331,0.20656691931534577,0.7799946006619923,1681.7910149360002,8.25593918908494,1472.5972744023331,1681.7910149360002
78,177,1473.371198585667,0.18578015600777226,0.7799941068563986,1679.0417836066665,7.614457887231514,1473.371198585667,1679.0417836066665
78,100,1474.1477391216667,0.3475788547828599,0.7799943918592002,1688.291111111,1.7270301048731047,1474.1477391216667,1688.291111111
78,10,1474.6011818753334,0.3397933661309674,0.7799944885936201,1687.976888889,5.7528777099549995,1474.6011818753334,1687.976888889
78,1,1474.7856344763334,0.036548831437518345,0.7799944897494001,1679.419288889,3.2736662134762975,1474.7856344763334,1679.419288889
78,0,1474.5662748083332,0.27872954890150026,0.7799940804808306,1681.7277808923334,4.095746869165796,1474.5662748083332,1681.7277808923334
79,1000000,1.245592243,0.001005285598782849,0.7894438916436067,363.05080676333336,0.0959081285195718,0.0,363.05080676333336
79,1000000,1.245592243,0.001005285598782849,0.7894438916436067,363.05080676333336,0.0959081285195718,1.245592243,363.05080676333336
79,100000,11.967886233666666,0.0008531192863150766,0.7913190059775902,363.958821256,0.03592039240857186,11.967886233666666,363.958821256
79,31622,37.21283827533333,0.07142729907938145,0.7945692933675366,365.619458937,0.05026840227119298,37.21283827533333,365.619458937
79,17782,66.320184588,0.12299253443606609,0.7910492746469356,367.85362414699995,0.1250539922007996,66.320184588,367.85362414699995
79,10000,117.79427491333333,0.023816263777930533,0.7884061168704249,372.3777843136666,0.040737506357138215,117.79427491333333,372.3777843136666
79,7498,157.05910520300003,0.023931945249275846,0.7927520265834014,375.55102487566666,0.08478733002308032,157.05910520300003,375.55102487566666
79,5623,209.33029414633333,0.013578042665841181,0.7910391646659735,380.30189899,0.011232632107863311,209.33029414633333,380.30189899
79,4216,278.96300774233333,0.05729201839602162,0.7911891130546422,387.35993846133334,0.1412030677315226,278.96300774233333,387.35993846133334
79,3162,371.961406618,0.015315757000374514,0.7900526722505395,398.7558306876667,0.18458063788236176,371.961406618,398.7558306876667
79,2371,495.8231325476667,0.08499032902006672,0.7901901043517,415.36441530033335,0.14380129501187575,495.8231325476667,415.36441530033335
79,2053,571.9716492043334,0.044542667774236,0.7898158218616586,425.82205649733334,0.15887766877490647,571.9716492043334,425.82205649733334
79,1778,660.1842863749999,0.040829951405727406,0.7904033730887136,437.5183448276667,0.09535911206594644,660.1842863749999,437.5183448276667
79,1539,763.5680855306667,0.01720049010023283,0.7901206162645099,450.7099761906666,0.05607144381091153,763.5680855306667,450.7099761906666
79,1333,881.581090157,0.058538074061280254,0.7904001985092503,465.82777777766665,0.06128021502169284,881.581090157,465.82777777766665
79,1154,1017.572798844,0.06878245859167226,0.7903039984663068,491.387372549,0.10504455779414212,1017.572798844,491.387372549
79,1074,1092.9018736876667,0.10286649255030085,0.7900973197944596,514.692,0.21867513721984883,1092.9018736876667,514.692
79,1000,1173.274843508,0.2779551480662802,0.7902735388016316,554.6243370556666,0.4885252312707684,1173.274843508,554.6243370556666
79,964,1217.1483485689998,0.02437857512123876,0.7901318458489461,586.3960930229999,0.47784835063195835,1217.1483485689998,586.3960930229999
79,930,1261.6550022893332,0.04618007840675186,0.7902775239605067,626.2398333333334,0.2900961966887538,1261.6550022893332,626.2398333333334
79,896,1309.7276350253335,0.0701483731700498,0.790240715209876,679.3636036036668,0.16017234460991847,1309.7276350253335,679.3636036036668
79,880,1333.579130884,0.09154320137513866,0.7901771842573911,708.6463333333332,0.478034607541987,1333.579130884,708.6463333333332
79,865,1356.574097262,0.053064507898381116,0.7901944422336512,738.8119999999999,0.7406583153188042,1356.574097262,738.8119999999999
79,856,1370.641196587,0.040736705345296005,0.7902054177880574,761.1595555556665,0.7310708532148321,1370.641196587,761.1595555556665
79,848,1383.5579378463335,0.01141475741959799,0.790214121820366,795.114375,0.32932895788253636,1383.5579378463335,795.114375
79,833,1408.5767050129998,0.12963013072079707,0.7902297683935039,884.1825287353334,2.183418678049348,1408.5767050129998,884.1825287353334
79,825,1421.9025870636667,0.1486137010705678,0.7902409792137597,944.6056296293333,2.0814009578860744,1421.9025870636667,944.6056296293333
79,818,1433.5972467366666,0.119360781043735,0.7902904835007138,1010.18064,1.2191948451334498,1433.5972467366666,1010.18064
79,810,1446.4864240603335,0.05941957680383742,0.7899793979486853,1110.5527536233333,0.9518408526702189,1446.4864240603335,1110.5527536233333
79,804,1454.5527370030002,0.09107654571158617,0.7902142815194427,1189.7324742353333,2.1656852244253733,1454.5527370030002,1189.7324742353333
79,799,1458.628213409,0.23541515288084677,0.7901637057780228,1250.5096914580001,1.9916942137199842,1458.628213409,1250.5096914580001
79,796,1460.105730136,0.07548136970073555,0.7901025820946691,1274.5375333333334,2.693088638224269,1460.105730136,1274.5375333333334
79,789,1462.4749417226667,0.11628146158329916,0.7901202629365027,1310.0864372606666,1.3978023214494182,1462.4749417226667,1310.0864372606666
79,776,1463.946324554,0.0706049724946032,0.7901683744331195,1351.4542456143333,1.920904730887177,1463.946324554,1351.4542456143333
79,749,1465.6194876616664,0.20076630345523125,0.7901380457308019,1414.7897037036666,2.24153255881015,1465.6194876616664,1414.7897037036666
79,722,1466.642273324,0.41290714339077755,0.7900786693224973,1467.0871184143334,1.8693740884905743,1466.642273324,1467.0871184143334
79,696,1467.3574624953333,0.25311922510436496,0.79005659813822,1525.0567058826666,2.857691928119479,1467.3574624953333,1525.0567058826666
79,671,1468.3414262100002,0.3849518520135198,0.790056846212841,1563.6122828286668,2.4131800122887888,1468.3414262100002,1563.6122828286668
79,648,1468.986966401,0.3196520572708936,0.790053218322662,1583.6414166666666,3.9992385004315745,1468.986966401,1583.6414166666666
79,603,1470.94014881,0.13707582548124328,0.7899806487732719,1624.475416666667,1.436484039533162,1470.94014881,1624.475416666667
79,562,1472.0354527056668,0.22894257481335328,0.7900101942323708,1652.1195,5.810622863557771,1472.0354527056668,1652.1195
79,522,1472.3381799053334,0.3350042773165191,0.7900348331771334,1653.1253333333334,4.200703217418859,1472.3381799053334,1653.1253333333334
79,486,1472.5106397483332,0.09228266057340063,0.7900567933585162,1654.9704150026666,4.830805121046634,1472.5106397483332,1654.9704150026666
79,421,1473.3329362866668,0.19374010718696244,0.7900908817301602,1661.4718220260002,2.9035690573925987,1473.3329362866668,1661.4718220260002
79,316,1473.8398841046667,0.11378398774421934,0.790099806400836,1660.3496263440002,9.427317978234493,1473.8398841046667,1660.3496263440002
79,100,1473.4496834016666,0.18949694791256227,0.7899936789107124,1664.531563748,2.3555599716360747,1473.4496834016666,1664.531563748
79,10,1474.1602152563335,0.19434239839875841,0.7899941557907025,1663.3522962963334,1.8332017974651462,1474.1602152563335,1663.3522962963334
79,1,1474.4497065293333,0.21782915344544507,0.7899939623964142,1664.375124989,9.77439596955591,1474.4497065293333,1664.375124989
79,0,1474.4101853796665,0.2551901820919575,0.7899932276674558,1669.9713377710002,10.299869216725515,1474.4101853796665,1669.9713377710002
80,316227,3.8398355793333336,0.0036868587806740314,0.7983787418805126,363.359884058,0.0827364544677632,0.0,363.359884058
80,316227,3.8398355793333336,0.0036868587806740314,0.7983787418805126,363.359884058,0.0827364544677632,3.8398355793333336,363.359884058
80,100000,11.965994252,0.0028641644890149073,0.8002818967616615,363.8656618356667,0.13419328640657915,11.965994252,363.8656618356667
80,56233,20.96876633933333,0.015661351071029218,0.7973904282131995,364.18307246366663,0.0994636655133661,20.96876633933333,364.18307246366663
80,17782,66.360798497,0.016517772484635502,0.8022707511922372,367.77056898666666,0.04670302342352662,66.360798497,367.77056898666666
80,10000,117.91180071133333,0.0009408458815069189,0.7996167684661383,372.022,0.09801668148261326,117.91180071133333,372.022
80,7498,156.929037603,0.033021285038265284,0.8028542493155076,375.2950646766667,0.10888161670054976,156.929037603,375.2950646766667
80,5623,209.18945975033333,0.014908722405078687,0.801052479421084,379.62432323266665,0.1071419565425882,209.18945975033333,379.62432323266665
80,4216,279.05033237699996,0.012386515520276432,0.8011711610783744,386.944533333,0.03524522813485324,279.05033237699996,386.944533333
80,3162,371.977955175,0.011822917859933321,0.8005574204566098,397.7737777776667,0.08273600569619104,371.977955175,397.7737777776667
80,2371,495.60200897466666,0.3169858417416086,0.8005277700578751,414.0506448086667,0.09648166663724742,495.60200897466666,414.0506448086667
80,2053,571.6017985743333,0.054046085570292474,0.800093476762943,424.35950282466666,0.090292698222194,571.6017985743333,424.35950282466666
80,1778,660.1973955103333,0.06448227634631197,0.8003918458938425,435.88719540233336,0.03916982372718053,660.1973955103333,435.88719540233336
80,1539,763.5762580366667,0.030548857594393835,0.8003228372157781,448.8466904763333,0.1093145697103359,763.5762580366667,448.8466904763333
80,1333,881.458889427,0.016109415588032045,0.8004277536636072,463.776148148,0.21091983556883814,881.458889427,463.776148148
80,1154,1017.4918496780001,0.1181046760519869,0.8002074857257447,488.87110256433334,0.1455391394101886,1017.4918496780001,488.87110256433334
80,1074,1092.8540778776667,0.03877749633237964,0.8002244059254638,512.0740952376667,0.09279713092062138,1092.8540778776667,512.0740952376667
80,1000,1173.2191393393332,0.285519716171715,0.8002394589669879,551.2580579710001,0.37277617151564596,1173.2191393393332,551.2580579710001
80,964,1217.110825007,0.10410625623406267,0.8002540064648462,582.6397275620001,0.7035320987815147,1217.110825007,582.6397275620001
80,930,1261.8669656623335,0.04861914220424469,0.8002450928696659,622.7439999996667,0.3617580313491505,1261.8669656623335,622.7439999996667
80,896,1309.7717087960002,0.05023079628730166,0.8002771936053173,674.7818568423334,0.09407807839359604,1309.7717087960002,674.7818568423334
80,865,1356.563486317,0.022200688234646493,0.8002613454721436,733.8314853033334,0.520964090767037,1356.563486317,733.8314853033334
80,856,1370.6557954090001,0.0678755784754831,0.8002610573292689,754.9879999999999,0.5855405096406092,1370.6557954090001,754.9879999999999
80,848,1383.4129916486665,0.050399342534201884,0.8002466521297871,786.4420833333334,1.0504773493313806,1383.4129916486665,786.4420833333334
80,833,1408.4177734083332,0.0874923281742379,0.8002313970164335,874.1705287353334,0.4647921882509721,1408.4177734083332,874.1705287353334
80,825,1421.832546144,0.01774811808143949,0.8002048653740491,934.1352098766666,1.4223001084075781,1421.832546144,934.1352098766666
80,818,1433.750269565,0.11157342487239721,0.8002723040839359,997.402845407,2.2943048792330023,1433.750269565,997.402845407
80,810,1446.322032444,0.09499357271480681,0.8000398996043803,1098.093797101,2.0683866452687445,1446.322032444,1098.093797101
80,804,1454.0354638936667,0.048334637224638016,0.8002051981373741,1177.7576363636665,1.5976657247339094,1454.0354638936667,1177.7576363636665
80,799,1458.160899319333,0.09562554890674936,0.8001951572412532,1235.3956190476667,1.5610780271386717,1458.160899319333,1235.3956190476667
80,796,1459.6672066883336,0.15484196679725992,0.8001388778606486,1258.8350666666668,0.7652579782877962,1459.6672066883336,1258.8350666666668
80,789,1461.4408796116666,0.16024812540010383,0.8001043046717419,1290.3012666666666,1.6639255071467478,1461.4408796116666,1290.3012666666666
80,776,1463.3611857936667,0.24581479211697302,0.8001788831350898,1331.4952982456668,1.90028563356956,1463.3611857936667,1331.4952982456668
80,762,1464.6703097146667,0.29287074019162584,0.8001146352358077,1362.7299649123333,2.9118957192593187,1464.6703097146667,1362.7299649123333
80,749,1464.862827317,0.1514142044854361,0.8002051402183845,1391.1600454153333,3.127824539818593,1464.862827317,1391.1600454153333
80,722,1465.6634814793333,0.2096126426598067,0.8001267254785823,1443.7196296296668,6.657750164132668,1465.6634814793333,1443.7196296296668
80,696,1466.7222852723335,0.3147375584984759,0.8001250443138028,1506.3187450980001,4.210499858397718,1466.7222852723335,1506.3187450980001
80,671,1467.4792066076668,0.1865198797114674,0.8001544726716406,1543.9385882353333,4.644682680564822,1467.4792066076668,1543.9385882353333
80,648,1468.2334925183334,0.18816228061900073,0.8001401431044194,1568.4287692306668,3.03528651650345,1468.2334925183334,1568.4287692306668
80,603,1470.0511549310002,0.16584622814335634,0.8001930545681605,1603.075,2.727125730508381,1470.0511549310002,1603.075
80,562,1471.2199187113335,0.10910679028781683,0.8001821524228102,1626.5524444443333,6.167625543447724,1471.2199187113335,1626.5524444443333
80,522,1471.7859307793333,0.09519634449527808,0.8001825798653576,1635.3836666666666,1.676317622299933,1471.7859307793333,1635.3836666666666
80,486,1472.1152596273332,0.42334698477388805,0.8001754422856111,1637.0152500000002,4.201625005578206,1472.1152596273332,1637.0152500000002
80,421,1472.6831887863334,0.11932577858759143,0.8001844365821551,1638.10875,5.4929433594386,1472.6831887863334,1638.10875
80,316,1473.299975596333,0.06698430331425682,0.8001263644644587,1640.56725,4.833651304914326,1473.299975596333,1640.56725
80,100,1472.9597222333334,0.12062629772497196,0.7999933153810014,1648.0822500000002,0.931178319388911,1472.9597222333334,1648.0822500000002
80,10,1473.3458287846668,0.08543882422728503,0.7999938113841706,1645.009,6.553585244925254,1473.3458287846668,1645.009
80,1,1473.8193677783331,0.15231705111236063,0.7999936984476612,1647.3564166666667,4.820167439605674,1473.8193677783331,1647.3564166666667
80,0,1473.6326557276668,0.4197811852881194,0.7999937261845739,1646.4326666666666,5.7728017695769855,1473.6326557276668,1646.4326666666666
81,1000000,1.2451226214444444,0.0007250755603005404,0.8131748539325521,362.9222769726667,0.16660420077683147,0.0,362.9222769726667
81,1000000,1.2451226214444444,0.0007250755603005404,0.8131748539325521,362.9222769726667,0.16660420077683147,1.2451226214444444,362.9222769726667
81,316227,3.839317396166667,0.0013807587679679466,0.8105543460028476,363.04204830916666,0.05927067961791304,3.839317396166667,363.04204830916666
81,100000,11.894064747666667,0.003900494472220106,0.8096683787760764,363.55855072466665,0.055321329747506386,11.894064747666667,363.55855072466665
81,56233,20.917775684000002,0.04646597576983806,0.8066536067705895,364.220405797,0.13827902546121576,20.917775684000002,364.220405797
81,31622,37.25882911,0.0620174133261536,0.8079499191653808,365.6908019323334,0.12369561503602085,37.25882911,365.6908019323334
81,17782,66.36442373366667,0.010389545627760951,0.8114300477773059,367.829157509,0.08410256399999128,66.36442373366667,367.829157509
81,10000,117.90754023533333,0.02291814087915168,0.8101774649172895,372.089352941,0.12006451582044822,117.90754023533333,372.089352941
81,7498,157.03950013,0.019432637432204254,0.8140221806301753,374.989114428,0.0702516202663611,157.03950013,374.989114428
81,5623,209.21045249633335,0.02642799014224128,0.8115215713279835,379.507777778,0.06875840593928464,209.21045249633335,379.507777778
81,4216,279.09313717966666,0.04090472167028244,0.8118506125507211,386.34754871800004,0.0767239845971795,279.09313717966666,386.34754871800004
81,3162,372.0094721123333,0.014857178074697473,0.8104175700710884,396.73187973833336,0.04641934504454274,372.0094721123333,396.73187973833336
81,2371,495.59910186033335,0.32914406841741023,0.8109534073353077,412.7431038253333,0.04570380472048094,495.59910186033335,412.7431038253333
81,2053,571.699801133,0.05164115548394182,0.8101201507170096,422.814133333,0.12686812050313911,571.699801133,422.814133333
81,1778,660.270352563,0.02731991527152632,0.8103622301336612,434.2774482756667,0.09565365580361715,660.270352563,434.2774482756667
81,1539,763.5165010926667,0.06198528157684112,0.8104938703256588,446.8097407406667,0.1964136629336927,763.5165010926667,446.8097407406667
81,1333,881.5433330213333,0.027207461080530383,0.8104787832216601,461.9448969696667,0.1443745784747467,881.5433330213333,461.9448969696667
81,1154,1017.5035838946666,0.11125335688373021,0.8103578720242449,486.5716666666667,0.22653251012807335,1017.5035838946666,486.5716666666667
81,1074,1092.8437747186665,0.040631225672684124,0.8102185778243723,509.2938133333334,0.1552817585337649,1092.8437747186665,509.2938133333334
81,1000,1173.2565979673334,0.34414525306752086,0.8102442406349991,548.0014202896667,0.3345742362757605,1173.2565979673334,548.0014202896667
81,964,1217.1481146323333,0.03210535105023733,0.8102325605854152,578.9826666666667,0.389711657843909,1217.1481146323333,578.9826666666667
81,930,1261.8774972343333,0.07525632412735217,0.810343457663017,618.960097561,0.2711124544338232,1261.8774972343333,618.960097561
81,896,1309.813990154,0.022703226708932878,0.8103354484922178,670.9380000003333,0.6605537089140797,1309.813990154,670.9380000003333
81,865,1356.637885414,0.06857992505447737,0.8103008180242196,729.1369523809999,0.2295595881893754,1356.637885414,729.1369523809999
81,856,1370.7639841769999,0.028580853921404137,0.8103095653408742,748.6959215686666,0.3317305848053995,1370.7639841769999,748.6959215686666
81,848,1383.4969775843335,0.02905478999359555,0.810281087483991,774.5964040403333,0.3752833825652398,1383.4969775843335,774.5964040403333
81,840,1396.8991243313333,0.057989888997241466,0.8102438626304557,815.4796129033333,1.0299967246284303,1396.8991243313333,815.4796129033333
81,833,1408.696356739,0.06413037374732106,0.8102983753708936,858.3234666666667,1.553283610076845,1408.696356739,858.3234666666667
81,825,1421.8668954293335,0.01989185847816321,0.810391005392107,916.920809524,1.0680318476313475,1421.8668954293335,916.920809524
81,818,1433.7123754193333,0.16315378142602002,0.8104796330009109,978.7515897433333,1.088149314675033,1433.7123754193333,978.7515897433333
81,810,1446.6670864753335,0.08407869515451985,0.8101954614126425,1073.266888889,1.7994135567693967,1446.6670864753335,1073.266888889
81,804,1454.723967867667,0.16282660761729628,0.810440977733225,1152.9315151516666,0.7649623625518454,1454.723967867667,1152.9315151516666
81,799,1458.7549966036665,0.16511475641737255,0.8103323641476935,1209.6650793649999,3.7491813740136593,1458.7549966036665,1209.6650793649999
81,796,1460.317864737667,0.06687529123637317,0.8103080860899752,1235.7253333333335,1.9085041714949678,1460.317864737667,1235.7253333333335
81,789,1462.466751727,0.11996961416079743,0.8102921223114676,1272.4832,0.5269837189135596,1462.466751727,1272.4832
81,782,1463.3624230833332,0.14452505517205236,0.8102985330199045,1294.8293999999999,1.211525369111269,1463.3624230833332,1294.8293999999999
81,776,1464.0543082323336,0.12524800147908208,0.8103781685148288,1310.2096514766665,0.20049251982939648,1464.0543082323336,1310.2096514766665
81,749,1465.5380435243333,0.20710475638267634,0.8102569095312839,1369.0611929823333,2.046006477798244,1465.5380435243333,1369.0611929823333
81,722,1466.2124301406666,0.22108424411999417,0.8104068481549644,1429.5014814816666,2.6700596037023843,1466.2124301406666,1429.5014814816666
81,696,1467.0642472866666,0.1744012379833571,0.8104382458383261,1485.977254902,1.5126847524563576,1467.0642472866666,1485.977254902
81,671,1467.7869103376668,0.21661201267224406,0.8103742272312534,1530.598274509667,1.248314358364491,1467.7869103376668,1530.598274509667
81,648,1468.4428078303333,0.09239324789974898,0.8103245532858367,1552.3296201346666,3.9569166187515425,1468.4428078303333,1552.3296201346666
81,603,1470.310266833,0.07580952038460508,0.8104552026906197,1585.8463333333332,8.373426726605485,1470.310266833,1585.8463333333332
81,562,1471.5815075243336,0.21204754290094957,0.8104090982270561,1615.338,0.9048139311482064,1471.5815075243336,1615.338
81,522,1472.257711125,0.34744734768525004,0.810386066439078,1622.2126111110001,4.80101311954882,1472.257711125,1622.2126111110001
81,486,1472.0955392866665,0.016940763788254026,0.8104177761601962,1623.75575,3.938185107064004,1472.0955392866665,1623.75575
81,421,1472.566232074667,0.25638571264665266,0.810387974975331,1623.1525000000001,6.956438425121019,1472.566232074667,1623.1525000000001
81,316,1473.590273156,0.13902803646036901,0.8104580114516869,1629.6595833333333,3.3158322327635545,1473.590273156,1629.6595833333333
81,100,1473.0260070816669,0.15147732970784905,0.8099930434726632,1635.04475,4.312627874915664,1473.0260070816669,1635.04475
81,10,1473.666695371,0.020497529832738157,0.8099930842331003,1633.3365000000001,2.484099044422263,1473.666695371,1633.3365000000001
81,1,1473.7887514739998,0.24035061280953515,0.8099930963191597,1625.988583333333,4.867361286758302,1473.7887514739998,1625.988583333333
81,0,1474.0278615283332,0.22095760260254743,0.8099920305389872,1633.79025,4.6065548338753635,1474.0278615283332,1633.79025
82,31622,37.169839681666666,0.025305387184158232,0.82128849096598,365.82450241533337,0.025830776574598174,0.0,365.82450241533337
82,31622,37.169839681666666,0.025305387184158232,0.82128849096598,365.82450241533337,0.025830776574598174,37.169839681666666,365.82450241533337
82,17782,66.256589526,0.12191434557990871,0.820612434008822,367.602126207,0.18729088828692367,66.256589526,367.602126207
82,10000,117.90435513566666,0.017998057380465764,0.8200586872616267,371.5661568626667,0.150416657157393,117.90435513566666,371.5661568626667
82,7498,157.17523819366667,0.01707192451849151,0.8236525792895728,374.72202985099995,0.018206214609824158,157.17523819366667,374.72202985099995
82,5623,209.21789171499998,0.02869943378588817,0.8210851344733529,379.046949495,0.09435266569246532,209.21789171499998,379.046949495
82,4216,279.0289157503333,0.03833562831107129,0.8213582804279002,385.641271795,0.17112497789129477,279.0289157503333,385.641271795
82,3162,371.9455380136667,0.03373100441889168,0.8200819036455873,395.7925,0.09135858265646501,371.9455380136667,395.7925
82,2371,495.6079476283333,0.323333055071825,0.820591216130178,411.3210928963333,0.03119646434562822,495.6079476283333,411.3210928963333
82,2053,571.6803839226667,0.07060598298653922,0.8200147778250577,421.43104444466667,0.14153030819616277,571.6803839226667,421.43104444466667
82,1778,660.2776407176667,0.0584219637839586,0.8202028531317508,432.63422988499997,0.12507885400608154,660.2776407176667,432.63422988499997
82,1539,763.6067992993334,0.017491630288598264,0.8201396209523466,445.20264327499996,0.06974804379325363,763.6067992993334,445.20264327499996
82,1333,881.53572838,0.05091417685982172,0.8203295842110186,460.19170909099995,0.10648457457512146,881.53572838,460.19170909099995
82,1154,1017.5048512116667,0.12095241358433863,0.8202506014655483,484.229307692,0.11892307700001936,1017.5048512116667,484.229307692
82,1074,1092.8887232566667,0.07093171965356314,0.8201475401952095,506.5994666666666,0.2154580658349325,1092.8887232566667,506.5994666666666
82,1000,1173.3829053336667,0.22792083967244123,0.8201661661549111,544.2509275363333,0.41142405043813873,1173.3829053336667,544.2509275363333
82,964,1217.3305917320001,0.029550347176214124,0.8201760494642167,574.6645151516667,0.3376939336301157,1217.3305917320001,574.6645151516667
82,930,1261.9715736733333,0.05650845422751841,0.8202393366031453,613.868292683,0.01824077207822845,1261.9715736733333,613.868292683
82,896,1309.8691157533333,0.03840083076812559,0.8202269273905657,665.639122807,0.34150986748310785,1309.8691157533333,665.639122807
82,865,1356.6429411473334,0.062496031025290534,0.8201779607039175,724.3160761906666,0.182786283743979,1356.6429411473334,724.3160761906666
82,856,1370.830749205,0.015237772064477021,0.8202231550977558,743.427882353,0.38552165672645167,1370.830749205,743.427882353
82,848,1383.4889364823332,0.009486470969212206,0.8202232446757179,766.6434343433333,0.4925586401033234,1383.4889364823332,766.6434343433333
82,840,1397.085174922,0.03692713750591338,0.8201682154355886,804.2238103673334,0.7767774893894168,1397.085174922,804.2238103673334
82,833,1408.5949476916667,0.11430731572642347,0.8202078995487566,846.998311111,0.9613981332897447,1408.5949476916667,846.998311111
82,825,1421.9801783696666,0.028484379125776074,0.820267414388164,902.455952381,1.1111505376623134,1421.9801783696666,902.455952381
82,818,1433.58942638,0.35160924046196274,0.8204068635036587,964.2982427349999,1.8244093684512743,1433.58942638,964.2982427349999
82,810,1446.7307683113333,0.16714827030636425,0.8201424403817166,1053.7896111113332,1.9708836452488332,1446.7307683113333,1053.7896111113332
82,804,1455.0305055079998,0.20572434349575408,0.8203527523250146,1134.7202298736665,1.114892710877652,1455.0305055079998,1134.7202298736665
82,799,1459.0899955383331,0.13793213587447878,0.8202242236068161,1190.1462325583332,0.2673428814590727,1459.0899955383331,1190.1462325583332
82,796,1461.222626642,0.17706959692015928,0.82028297800803,1215.1627301586668,3.2152068286334656,1461.222626642,1215.1627301586668
82,789,1463.0390288833332,0.14706449884972178,0.8202547821623843,1250.9311934156667,0.11451554090642675,1463.0390288833332,1250.9311934156667
82,776,1464.6463893906666,0.4396870850825882,0.8202809739059301,1290.1184,2.5367616443016736,1464.6463893906666,1290.1184
82,749,1466.0861813873332,0.07605321242133958,0.8202352979746035,1347.8040000003332,3.5624321798860676,1466.0861813873332,1347.8040000003332
82,722,1467.2268961686666,0.07407580858897883,0.8203047615738349,1411.4164444443334,3.093921088953849,1467.2268961686666,1411.4164444443334
82,696,1467.4799134533332,0.1631994280976497,0.8202700043743082,1472.40644196,2.997415961915415,1467.4799134533332,1472.40644196
82,671,1468.3731148806667,0.20601962097745205,0.8202181508472601,1513.810980392,2.8061359296580726,1468.3731148806667,1513.810980392
82,648,1469.2090306953332,0.18017496452307805,0.8201297764058992,1538.4973333333335,3.377404661808984,1469.2090306953332,1538.4973333333335
82,603,1470.7195129536667,0.2771749982109868,0.8202694251869237,1570.471798718,1.509477734020649,1470.7195129536667,1570.471798718
82,562,1472.101053382,0.1507396930852266,0.8202261689410753,1600.6159166666666,2.846623453028892,1472.101053382,1600.6159166666666
82,522,1472.4741686836667,0.3116871927019374,0.8202092654011706,1606.1123333333333,1.3979060307593372,1472.4741686836667,1606.1123333333333
82,486,1472.7389430286667,0.16405013559635742,0.8202173858197427,1610.6767499999999,1.3997645337698572,1472.7389430286667,1610.6767499999999
82,421,1473.3157152623335,0.026999728158093973,0.8201972143196836,1611.3693333333333,0.5852369890336931,1473.3157152623335,1611.3693333333333
82,316,1474.0716596813334,0.24715956759407612,0.8202725703689889,1614.01775,2.052132595009363,1474.0716596813334,1614.01775
82,100,1473.8516078896666,0.21350915847527624,0.8199926193278325,1620.4112499999999,1.2166317232424586,1473.8516078896666,1620.4112499999999
82,10,1473.781490389,0.07095078745739802,0.8199925618801922,1621.6409999999998,3.0014360000672435,1473.781490389,1621.6409999999998
82,1,1474.778566404333,0.19219899844070468,0.8199926319483826,1621.44075,3.613864733564342,1474.778566404333,1621.44075
82,0,1474.7859730276668,0.28837247389997445,0.8199913163208402,1615.39175,4.741635240083362,1474.7859730276668,1615.39175
83,316227,3.8402133338888884,0.0013016156612377491,0.8308379924422599,363.22678260866667,0.14470930527182413,0.0,363.22678260866667
83,316227,3.8402133338888884,0.0013016156612377491,0.8308379924422599,363.22678260866667,0.14470930527182413,3.8402133338888884,363.22678260866667
83,100000,11.900790826166668,0.007336072626178794,0.8296485821835301,363.70656038650003,0.1720766871237791,11.900790826166668,363.70656038650003
83,56233,20.876663286,0.03770323822566697,0.8345686041696573,364.405062802,0.02593037281005178,20.876663286,364.405062802
83,31622,37.30418683466667,0.09183726172443044,0.8270604291180838,365.517391304,0.24416033515612431,37.30418683466667,365.517391304
83,17782,66.208684088,0.1245044194352659,0.8297424672891784,367.4202741413333,0.15013138878103413,66.208684088,367.4202741413333
83,10000,117.83367049399999,0.01987850456788926,0.8298888341109142,371.2241372546667,0.08597582193877215,117.83367049399999,371.2241372546667
83,7498,157.12876146966667,0.011591593149881077,0.8335288192411445,374.3847761193333,0.03819631345435699,157.12876146966667,374.3847761193333
83,5623,209.25634615366667,0.012173938532061696,0.8313671685104062,378.6198559263333,0.08576948708847117,209.25634615366667,378.6198559263333
83,4216,279.0260851296666,0.030634623315775936,0.8313124916070752,384.849607938,0.1326392183052974,279.0260851296666,384.849607938
83,3162,372.04142712099997,0.009666547507070414,0.8300894361528899,394.8115416666667,0.06147679101361957,372.04142712099997,394.8115416666667
83,2371,495.79704036366667,0.06726866108862223,0.8304454428417122,409.8862188593334,0.031191335913269735,495.79704036366667,409.8862188593334
83,2053,571.6087620266666,0.08800793664650534,0.8300617476415052,419.61820000000006,0.24963900178436074,571.6087620266666,419.61820000000006
83,1778,660.3558504356666,0.015318381262953746,0.8303391352288334,430.69199047933336,0.07198906704808222,660.3558504356666,430.69199047933336
83,1539,763.5396713890001,0.07407124599249165,0.8301594079738717,443.2751111113333,0.2404325675197528,763.5396713890001,443.2751111113333
83,1333,881.5438696360001,0.048007761714536884,0.8303868860938102,458.036678788,0.22134550328755276,881.5438696360001,458.036678788
83,1154,1017.5552050653333,0.06726852800688252,0.8302809195174041,482.23251282033334,0.18527629047584682,1017.5552050653333,482.23251282033334
83,1074,1092.862887492667,0.03762999496143312,0.8301280955529565,503.85976,0.13510460539895364,1092.862887492667,503.85976
83,1000,1173.4696675316666,0.2273279527488649,0.8302302039992174,541.2363687946666,0.3099256801634686,1173.4696675316666,541.2363687946666
83,964,1217.3855015233332,0.01514683758992315,0.8301965304464213,571.3145757576667,0.5747211062064385,1217.3855015233332,571.3145757576667
83,930,1262.0595180216667,0.05458323277530472,0.8302221308511205,609.8269123499999,0.3092013656187393,1262.0595180216667,609.8269123499999
83,896,1309.866216421,0.07218388341986413,0.8302139465108745,662.0796842106666,0.3520974427845184,1309.866216421,662.0796842106666
83,865,1356.6725258796666,0.02958699727242724,0.8301892634285615,719.7275428570001,1.103407300486479,1356.6725258796666,719.7275428570001
83,856,1370.8257898966667,0.02757513891196086,0.8301981697427651,738.2052549023333,0.6922682674880368,1370.8257898966667,738.2052549023333
83,848,1383.6091640683335,0.020454924532634998,0.8302190858214837,758.5806516293333,0.4475056078124424,1383.6091640683335,758.5806516293333
83,840,1397.085136088,0.09584942556363943,0.8301893438158503,792.1057916666667,1.0355933861599562,1397.085136088,792.1057916666667
83,833,1408.7405266316666,0.03808751161960013,0.8302259815805169,832.4993907490001,1.4361705687749649,1408.7405266316666,832.4993907490001
83,825,1422.1677012693333,0.026529737129260267,0.830292656912747,887.5502068963333,0.7132562097317273,1422.1677012693333,887.5502068963333
83,818,1433.871056901,0.026184339192742087,0.8304063840651082,944.8221728396667,0.8854676915818355,1433.871056901,944.8221728396667
83,810,1447.2224192596666,0.03202097355750029,0.8301733926622926,1028.8133866666667,2.073897783144883,1447.2224192596666,1028.8133866666667
83,804,1455.586083333,0.1745865592661889,0.8302971532138415,1105.3372173913333,1.036942765691755,1455.586083333,1105.3372173913333
83,799,1460.4315566950002,0.11836982616239898,0.8301526999590131,1167.1195757576668,2.9978141036851267,1460.4315566950002,1167.1195757576668
83,796,1462.1947428813335,0.2796049755469473,0.8303203645690482,1194.2192823923333,3.12716339849936,1462.1947428813335,1194.2192823923333
83,789,1464.5095318479998,0.11165127852609973,0.8302877873736212,1234.3492698413334,2.166891503241049,1464.5095318479998,1234.3492698413334
83,782,1465.452891912,0.05785846149828242,0.8302642907510015,1258.130436214,4.033910929606564,1465.452891912,1258.130436214
83,776,1466.353010224,0.1718860243489128,0.8302987417612041,1275.3694666666668,3.2322269804785555,1466.353010224,1275.3694666666668
83,749,1467.6583537746667,0.1534878590330454,0.8303032267686786,1333.4329122806666,3.748414226163488,1467.6583537746667,1333.4329122806666
83,722,1468.3994684416666,0.2085798995540591,0.8302391164766091,1396.1988117706667,1.6020531364441501,1468.3994684416666,1396.1988117706667
83,696,1469.0116642286666,0.10868843820991805,0.8301789460575106,1455.0673865416666,5.064896055786177,1469.0116642286666,1455.0673865416666
83,671,1469.6934485623333,0.1395832266631897,0.8301829191371294,1504.8549019606664,2.890779273180859,1469.6934485623333,1504.8549019606664
83,648,1470.3063990566668,0.21703570696636823,0.8300789269954199,1527.7525490196667,2.1074823411264214,1470.3063990566668,1527.7525490196667
83,603,1471.840567613667,0.3239346853515929,0.830187134162434,1562.18647128,4.530735345873952,1471.840567613667,1562.18647128
83,562,1473.5692398713334,0.27842807467899466,0.8301517107782422,1591.0285000000001,7.476738276146946,1473.5692398713334,1591.0285000000001
83,486,1473.9396556066667,0.08354502068364446,0.8300985719090131,1600.8754166666668,0.8401273836945794,1473.9396556066667,1600.8754166666668
83,421,1474.3813658689999,0.0786031676618156,0.8301041301004327,1602.1085833333334,1.8508572394524814,1474.3813658689999,1602.1085833333334
83,316,1475.1997531923334,0.15407683859291904,0.8300974194114007,1603.7375833333333,6.140546954126621,1475.1997531923334,1603.7375833333333
83,100,1475.037465564,0.12457817947699008,0.8299919126854816,1608.5884166666667,1.1312679372427223,1475.037465564,1608.5884166666667
83,10,1475.495023019,0.1180442020383173,0.8299918250275446,1603.6474166666667,3.395003316763158,1475.495023019,1603.6474166666667
83,1,1475.636805631,0.0337557329792428,0.8299918589099167,1610.15225,2.3513202674243487,1475.636805631,1610.15225
83,0,1475.7614024839997,0.3802761510265957,0.8299924086777967,1610.35225,1.4200198062000318,1475.7614024839997,1610.35225
84,316227,3.840770074222222,0.002378393273397507,0.8389457435330014,363.1692689208889,0.17165713056350893,0.0,363.1692689208889
84,316227,3.840770074222222,0.002378393273397507,0.8389457435330014,363.1692689208889,0.17165713056350893,3.840770074222222,363.1692689208889
84,100000,11.897081142000001,0.005751416489146783,0.8416615586455732,363.50995169066664,0.020444078766519217,11.897081142000001,363.50995169066664
84,56233,20.896818567,0.021925714235663273,0.8438391702135002,364.097700483,0.12532156611968961,20.896818567,364.097700483
84,31622,37.31177332166667,0.07291527119178368,0.839519474928697,365.3461642513333,0.16438575393713056,37.31177332166667,365.3461642513333
84,17782,66.19695454033332,0.08115589135714099,0.8388525800865684,367.3184916253333,0.12281455922865948,66.19695454033332,367.3184916253333
84,10000,117.846036141,0.01821693368359533,0.8391483927860378,371.26431372533335,0.047900211026903554,117.846036141,371.26431372533335
84,7498,157.0397577696667,0.01320560023276582,0.8422665121281804,373.94678606966664,0.03487059535259177,157.0397577696667,373.94678606966664
84,5623,209.31893932333332,0.0545181508053315,0.8408394589271682,378.09196019899997,0.045219273399323946,209.31893932333332,378.09196019899997
84,4216,279.02503490833334,0.002868609691425808,0.8407652603314019,384.1979405463333,0.14398618525532053,279.02503490833334,384.1979405463333
84,3162,371.9208076616667,0.09176171519692888,0.839762602887126,393.766625,0.142585514363291,371.9208076616667,393.766625
84,2371,495.763421899,0.1326388100142487,0.8399243776509028,408.456516129,0.11435518004108074,495.763421899,408.456516129
84,2053,571.7805680766666,0.06566598625052773,0.8397899057112355,418.007088889,0.13006248656769373,571.7805680766666,418.007088889
84,1778,660.392081499,0.07593841849367176,0.8401081765853249,428.896474576,0.1387584954733811,660.392081499,428.896474576
84,1539,763.5882066403334,0.014595397770528724,0.8399810721741838,441.27964912299996,0.23891977051487162,763.5882066403334,441.27964912299996
84,1333,881.5738033156667,0.04106076806608379,0.8401645316617533,456.0232484846667,0.08098361704154888,881.5738033156667,456.0232484846667
84,1154,1017.556653623,0.04751029102177994,0.8399960985519609,479.7609056603333,0.17436659078202627,1017.556653623,479.7609056603333
84,1074,1092.9621911746667,0.04310191325992892,0.840040459897633,501.06738666666666,0.12946126730933083,1092.9621911746667,501.06738666666666
84,1000,1173.3887039583333,0.22027129059040945,0.8400400968490868,537.9018723403334,0.1673640549361044,1173.3887039583333,537.9018723403334
84,964,1217.4499898906668,0.09661614750243559,0.8400333453128894,567.037605297,0.3841594402591429,1217.4499898906668,567.037605297
84,930,1262.1130840526666,0.05981912941176405,0.8400805865813804,606.003936508,0.5727915672518811,1262.1130840526666,606.003936508
84,896,1309.9995553646668,0.10650349773409959,0.8401037220153592,657.440865801,0.5600872384493598,1309.9995553646668,657.440865801
84,865,1356.6621583006665,0.025263788204755187,0.840086889212801,715.1402383093333,0.3313013939641788,1356.6621583006665,715.1402383093333
84,848,1383.6875289566667,0.09477449006545674,0.8400834521793814,751.6670196076666,0.6327794054008533,1383.6875289566667,751.6670196076666
84,840,1397.0377584566668,0.15661104976244417,0.8400621162447347,780.4958467333332,0.9037732891330992,1397.0377584566668,780.4958467333332
84,833,1408.7187148993332,0.09088341820512513,0.8400465353220626,816.998064516,0.7830936168175978,1408.7187148993332,816.998064516
84,825,1422.0689112236666,0.1065641378140188,0.8401159921838829,870.8765977013333,0.6202836117053889,1422.0689112236666,870.8765977013333
84,818,1434.0644973379997,0.10886185544526555,0.8402064595488842,924.2547500293334,2.5670095358723004,1434.0644973379997,924.2547500293334
84,810,1447.4077342276667,0.04255040885023598,0.8400813548147356,1004.5792,0.20326197480097494,1447.4077342276667,1004.5792
84,804,1456.4105280679998,0.07991918262547228,0.840102386170425,1081.7730970763334,1.5777229879458057,1456.4105280679998,1081.7730970763334
84,799,1462.0083235883333,0.20604361666030285,0.8400599112903117,1144.308060606,2.7151807956386347,1462.0083235883333,1144.308060606
84,796,1464.3256755333332,0.03281110667687381,0.8401565142869639,1170.755151515,0.8684416809372196,1464.3256755333332,1170.755151515
84,789,1466.5704668873334,0.15082280910320447,0.8401675803503652,1215.7335873016666,2.0829139220780712,1466.5704668873334,1215.7335873016666
84,782,1467.930574731333,0.25562156383332524,0.840130763469951,1240.3795555556665,2.0892736084613475,1467.930574731333,1240.3795555556665
84,776,1468.6517533726667,0.06186765337877609,0.8401380239254337,1257.7276576133333,1.3588441232067892,1468.6517533726667,1257.7276576133333
84,762,1469.7169805646665,0.3044221584993878,0.8400870691280824,1289.0044666666665,4.6126877255385415,1469.7169805646665,1289.0044666666665
84,749,1469.7840529173334,0.272961338628936,0.8401036403176393,1311.893251282,1.2303630814903719,1469.7840529173334,1311.893251282
84,722,1470.607092172,0.19247063593786173,0.8400607019346117,1380.951279532,2.3535542700944037,1470.607092172,1380.951279532
84,696,1470.9190844510001,0.10284686544408535,0.8400174790745588,1452.383333333,4.349988954044036,1470.9190844510001,1452.383333333
84,671,1471.6648770046668,0.13702712744943066,0.8400269645634042,1502.9188235293332,5.788461779458204,1471.6648770046668,1502.9188235293332
84,648,1472.1164547433334,0.11611849231936879,0.8399671243850523,1522.7739607843332,5.621200582474377,1472.1164547433334,1522.7739607843332
84,603,1473.7289738983334,0.16768640868251988,0.8400728320638476,1556.1682200763335,2.37024228307269,1473.7289738983334,1556.1682200763335
84,562,1475.059318212,0.07895479219536375,0.840000555809327,1585.7915,1.352659625515574,1475.059318212,1585.7915
84,522,1475.527792784,0.20497804115046822,0.8399972431085726,1588.4565,2.988155879886457,1475.527792784,1588.4565
84,486,1475.7769147916667,0.3680241812127236,0.8399921720679586,1597.5171666666668,4.916300008220983,1475.7769147916667,1597.5171666666668
84,421,1476.2348809960001,0.07193027505136454,0.840000601964222,1598.3213055556669,0.2551884696661991,1476.2348809960001,1598.3213055556669
84,316,1476.9025853776666,0.07323954436214981,0.8400001063223862,1601.81375,4.216447327134557,1476.9025853776666,1601.81375
84,100,1476.0229108739998,0.3321285735102564,0.8399915835358147,1603.037916666667,0.6672546521630612,1476.0229108739998,1603.037916666667
84,10,1477.1350197373333,0.09077566241483181,0.839991843158108,1603.0710833333333,2.2891707332205606,1477.1350197373333,1603.0710833333333
84,1,1477.0283073496666,0.39146475712663903,0.8399916097020839,1601.765583333333,1.7942860058622778,1477.0283073496666,1601.765583333333
84,0,1477.1814560363334,0.32512261468977016,0.8399842656938987,1606.9248333333335,2.8819025436043186,1477.1814560363334,1606.9248333333335
85,100000,11.8943428148,0.0068444739608641,0.8451497949484625,363.6482415456667,0.1667606476813144,0.0,363.6482415456667
85,100000,11.8943428148,0.0068444739608641,0.8451497949484625,363.6482415456667,0.1667606476813144,11.8943428148,363.6482415456667
85,31622,37.32214238500001,0.02057233281294868,0.8481353839681202,365.32376811600005,0.0761238886010966,37.32214238500001,365.32376811600005
85,17782,66.13373201433332,0.0028221922729588247,0.8479215235221637,367.12863768100004,0.11964867726809056,66.13373201433332,367.12863768100004
85,10000,117.74291150933334,0.02286170895995152,0.8482596544979671,370.7315490196667,0.15283768324884645,117.74291150933334,370.7315490196667
85,7498,157.05805473966666,0.024124242650755204,0.8505341863396207,373.65828855700005,0.19662318643283147,157.05805473966666,373.65828855700005
85,5623,209.241000803,0.04637578344317683,0.8498464600421434,377.28499502466667,0.14034057586478954,209.241000803,377.28499502466667
85,4216,279.029412274,0.034299577826738384,0.8499368126755842,383.603919192,0.0891489470308482,279.029412274,383.603919192
85,3162,371.9797476223334,0.03590568370243523,0.8496788018199851,392.72514583333333,0.0827881882552582,371.9797476223334,392.72514583333333
85,2371,495.66921494633334,0.14145232385623588,0.8498115732296786,407.067032258,0.08045083690436011,495.66921494633334,407.067032258
85,2053,571.7161340946667,0.04682958717521377,0.8497464489728515,416.17521311466663,0.06952666025812848,571.7161340946667,416.17521311466663
85,1778,660.1836413333334,0.08709577168132368,0.8498311354798519,426.9732881356667,0.13348036889117584,660.1836413333334,426.9732881356667
85,1539,763.5543945169999,0.057512774880258605,0.8498368189497615,439.346736842,0.15920109837866836,763.5543945169999,439.346736842
85,1333,881.6152268503333,0.02844227190155449,0.8498623704830579,454.1768571426667,0.06382801349847239,881.6152268503333,454.1768571426667
85,1154,1017.6092943383333,0.025769111713576386,0.849894501143248,477.382616352,0.2080957325057057,1017.6092943383333,477.382616352
85,1074,1092.86035853,0.03233772524937039,0.8498923636186948,498.29764705866666,0.211089293213112,1092.86035853,498.29764705866666
85,1000,1173.2934970396666,0.2233011704552299,0.8499159186350638,534.4112907803334,0.20659252076851048,1173.2934970396666,534.4112907803334
85,964,1217.3177485493334,0.08481721878317579,0.8499398214560321,562.729274074,0.26076061698598946,1217.3177485493334,562.729274074
85,930,1262.0470169383334,0.1408813117829312,0.8499762442709436,601.2803492063333,0.5566703762888868,1262.0470169383334,601.2803492063333
85,896,1309.9213747403332,0.06573502459364765,0.8499893213154781,652.9248205126668,0.29232023389729883,1309.9213747403332,652.9248205126668
85,865,1356.6728446289999,0.06461030367912647,0.8499881149255715,710.674111111,0.6789521612551646,1356.6728446289999,710.674111111
85,848,1383.6692335816667,0.09646503332391007,0.849977330527162,746.3873333333335,0.5110358075231856,1383.6692335816667,746.3873333333335
85,840,1396.8778399786668,0.11317203206593482,0.8499478786249058,771.4773737373333,0.49688783240391593,1396.8778399786668,771.4773737373333
85,833,1408.7198173329998,0.1353033520860501,0.8499318488185016,805.9499287816667,1.1922003501918468,1408.7198173329998,805.9499287816667
85,825,1422.2532726103334,0.11966294834632124,0.8499758423962441,856.8790666666667,0.5146272353580155,1422.2532726103334,856.8790666666667
85,818,1434.1035547566669,0.11684070653172135,0.8500278831307492,911.9126666666666,0.7766990370675864,1434.1035547566669,911.9126666666666
85,810,1447.7011206066666,0.17458327939758383,0.8499638145336231,989.081948718,2.081685800163947,1447.7011206066666,989.081948718
85,804,1456.8278182483334,0.08656505206707159,0.8499604103922908,1062.5175000003335,1.3622210111922322,1456.8278182483334,1062.5175000003335
85,799,1462.9326526686666,0.11497025318496447,0.8499711038328623,1124.8990724636667,2.4694427733392965,1462.9326526686666,1124.8990724636667
85,796,1465.357146972,0.14431160554604952,0.849981443931293,1157.305090909,2.9059281895706723,1465.357146972,1157.305090909
85,792,1467.8675319003332,0.23536852346281256,0.8499767131458839,1188.971824818,1.8096536904579448,1467.8675319003332,1188.971824818
85,789,1468.3465721966668,0.23297402659474165,0.8499875457094944,1205.9325721756668,2.8565956584932786,1468.3465721966668,1205.9325721756668
85,782,1469.6203935073333,0.21876098170611671,0.8499865879784781,1231.6663492066666,3.2537055343926986,1469.6203935073333,1231.6663492066666
85,776,1469.9982318376667,0.09403736070964842,0.849987581515105,1245.760364011,3.933461265199101,1469.9982318376667,1245.760364011
85,749,1471.255954762,0.07368552822214815,0.84995326932883,1298.2654,1.7542906030644183,1471.255954762,1298.2654
85,722,1472.0325870446668,0.11939903840255102,0.8499963338442695,1363.3202807016667,6.019631309220221,1472.0325870446668,1363.3202807016667
85,696,1472.555117979,0.10516607871197658,0.8499287236250123,1447.3111851853334,1.309945495741384,1472.555117979,1447.3111851853334
85,671,1473.2440679346666,0.05850747020125068,0.8499346425257214,1498.7418039216666,5.186406599560502,1473.2440679346666,1498.7418039216666
85,648,1473.5843552653332,0.030550636908940536,0.8499134712922292,1517.7843921566666,4.187825493969402,1473.5843552653332,1517.7843921566666
85,603,1475.284455978667,0.186802719754177,0.8499824384765674,1548.538980392,3.453011317432976,1475.284455978667,1548.538980392
85,562,1476.380033176,0.30737617431440756,0.8499248525622769,1585.7380833333334,7.028739148725988,1476.380033176,1585.7380833333334
85,522,1476.9252233260002,0.3895023278918413,0.8499151367351834,1586.8743333333332,4.595343977422522,1476.9252233260002,1586.8743333333332
85,486,1476.9879757643332,0.05305683911487187,0.8498997649762531,1587.7572499999999,4.533712489505781,1476.9879757643332,1587.7572499999999
85,421,1477.650730775,0.28254277598262423,0.8499150050929088,1592.4838333333335,2.5780269385390477,1477.650730775,1592.4838333333335
85,316,1478.1851123536665,0.14916123835169212,0.8499240386807637,1594.97475,4.109785008063074,1478.1851123536665,1594.97475
85,100,1478.1897418726667,0.5110212509476258,0.8499912187187305,1598.6264166666667,6.04311741949747,1478.1897418726667,1598.6264166666667
85,10,1478.0856825246667,0.10899829261117988,0.8499913466954884,1597.6948333333332,2.4413749370658633,1478.0856825246667,1597.6948333333332
85,1,1478.2666130549999,0.412555239385656,0.8499909537908884,1599.6160833333333,3.0197871648235166,1478.2666130549999,1599.6160833333333
85,0,1477.8577443456663,0.5763512911597909,0.8499915358826174,1601.2927222223334,0.6524948612842906,1477.8577443456663,1601.2927222223334
86,1000000,1.2459430361666666,0.001753866058625139,0.8600459467511636,362.93383574866664,0.17671407316978496,0.0,362.93383574866664
86,1000000,1.2459430361666666,0.001753866058625139,0.8600459467511636,362.93383574866664,0.17671407316978496,1.2459430361666666,362.93383574866664
86,100000,11.903524888666666,0.010449134441924282,0.8628202647230591,363.6316038648333,0.18493792492666186,11.903524888666666,363.6316038648333
86,31622,37.37633668233333,0.011965379132558056,0.8612599663834409,365.2640772946667,0.09814857961531964,37.37633668233333,365.2640772946667
86,17782,66.15332815266667,0.010847295516572033,0.8612791067998459,367.06057971033334,0.20455200398473514,66.15332815266667,367.06057971033334
86,10000,117.74745065833334,0.030895091799050364,0.8586810953314364,370.87596078433336,0.06108523590991864,117.74745065833334,370.87596078433336
86,7498,157.01302999233334,0.036010318540850385,0.8615046141522867,373.132747937,0.02182548760211785,157.01302999233334,373.132747937
86,5623,209.21098544133335,0.01997958082145628,0.8604272333918455,376.92772139333334,0.11743200637792375,209.21098544133335,376.92772139333334
86,4216,279.07178067,0.015513427147901122,0.8605148423192016,382.9026666666667,0.07299242098710952,279.07178067,382.9026666666667
86,3162,371.850117583,0.09910546430537204,0.8599174251799718,391.68220833333334,0.08417256579988164,371.850117583,391.68220833333334
86,2371,495.700690544,0.05715552266809365,0.8601837217377981,405.4026666666667,0.17268065030425142,495.700690544,405.4026666666667
86,2053,571.7034443653333,0.04387826336932014,0.8598084294457116,414.333661202,0.1226612079854977,571.7034443653333,414.333661202
86,1778,659.814229403,0.30128104086627794,0.8600612568633447,425.029355932,0.04318867600838477,659.814229403,425.029355932
86,1539,763.5381631936667,0.017897384642181744,0.8599090131877238,437.2001149426667,0.07235824889472736,763.5381631936667,437.2001149426667
86,1333,881.414409159,0.027289514913959614,0.8600381312569265,451.80595238066667,0.21061441122628613,881.414409159,451.80595238066667
86,1154,1017.5380528366668,0.021088738140003355,0.8600115999066619,474.587119497,0.28029199388555637,1017.5380528366668,474.587119497
86,1074,1092.872457575,0.038117076615271715,0.8599831377835766,495.1993464053333,0.11762345732095743,1092.872457575,495.1993464053333
86,1000,1173.265985744,0.20823255683478378,0.8600591521356687,530.6889444443333,0.32512803407897645,1173.265985744,530.6889444443333
86,964,1217.0110412236666,0.2244114796254892,0.8599992232016409,558.9672296296667,0.40590671251102534,1217.0110412236666,558.9672296296667
86,930,1261.4197307726668,0.3724998265373545,0.8600609725113634,595.9408088663333,0.4766326467166032,1261.4197307726668,595.9408088663333
86,896,1309.6808578549999,0.04266600625235262,0.860063863607916,647.4064273503333,0.6189750499490079,1309.6808578549999,647.4064273503333
86,865,1356.333269951,0.33755718849855976,0.8600452096240557,704.424851852,0.9788407879933891,1356.333269951,704.424851852
86,848,1383.65826205,0.02222435861587224,0.8600666099891995,740.2742352943333,0.5205286636400013,1383.65826205,740.2742352943333
86,840,1396.8167471666666,0.04892854001994952,0.8600576953023782,760.7492525253333,0.5965170081573496,1396.8167471666666,760.7492525253333
86,833,1408.5041867033333,0.024930227051410847,0.8600079949605893,792.3333333333334,0.8635602390444238,1408.5041867033333,792.3333333333334
86,825,1422.0951798226668,0.13810878146330893,0.8600029743938399,839.3425333333333,0.5825752941322545,1422.0951798226668,839.3425333333333
86,818,1434.0539090026668,0.1332684796720398,0.8600424049238841,893.356634891,1.0043509561504016,1434.0539090026668,893.356634891
86,810,1447.6296658479998,0.0761596293522625,0.8600233830250558,967.4732307693333,2.094016875302566,1447.6296658479998,967.4732307693333
86,804,1457.277861089,0.11234349030628704,0.8599569660548112,1040.092343597,1.5912199950408237,1457.277861089,1040.092343597
86,799,1463.7559334496666,0.19393222154072592,0.860021826377232,1103.5935072466666,1.124667620924872,1463.7559334496666,1103.5935072466666
86,796,1466.2988030763336,0.1666229549699821,0.8599931045209503,1137.007015897,1.832469068710873,1466.2988030763336,1137.007015897
86,792,1469.05807225,0.08536340053896022,0.8599897352903102,1169.1863030303332,2.7297759196855056,1469.05807225,1169.1863030303332
86,789,1469.6531103836667,0.10349419096219672,0.8600166931728999,1188.2381118773333,3.2000906307308417,1469.6531103836667,1188.2381118773333
86,782,1471.0460436153335,0.17005834512020832,0.8599926855246665,1216.3502857143333,2.358989506665205,1471.0460436153335,1216.3502857143333
86,776,1471.7448357869998,0.2439401628156406,0.860010462443097,1233.3523174603333,3.11934967511836,1471.7448357869998,1233.3523174603333
86,749,1472.7502121056666,0.32909590050379,0.859976902680446,1288.2834666666668,3.0058929344428176,1472.7502121056666,1288.2834666666668
86,722,1473.3571619456668,0.26139200782915006,0.8600512053422705,1354.2129122806666,4.123312120484391,1473.3571619456668,1354.2129122806666
86,696,1473.8423957983334,0.14596660003026898,0.8599579663688641,1437.2535555556667,1.714721976631537,1473.8423957983334,1437.2535555556667
86,671,1474.4676542006666,0.24605760703384716,0.8599155183203943,1491.626509804,4.468162842585801,1474.4676542006666,1491.626509804
86,648,1474.4282614596668,0.22060295933327803,0.859859021902316,1514.443607843,1.775902633110304,1474.4282614596668,1514.443607843
86,603,1476.372468953,0.06636379072500405,0.8600429613102599,1545.5218039216668,4.791960634245619,1476.372468953,1545.5218039216668
86,562,1477.5386481156668,0.24862892173546347,0.8598482830495383,1576.2320833333333,2.6159876998628024,1477.5386481156668,1576.2320833333333
86,522,1478.0360979933332,0.287338548020838,0.859875477306567,1581.66875,2.4184801916700023,1478.0360979933332,1581.66875
86,486,1478.1860565923334,0.15849753764427552,0.859877716979511,1586.207,1.1059787803118712,1478.1860565923334,1586.207
86,421,1478.7140587736667,0.14483505044644204,0.8599047930413527,1589.9929166666668,3.763362362413815,1478.7140587736667,1589.9929166666668
86,316,1479.5369116256668,0.03135918792889661,0.8599185723905172,1587.8491666666666,1.9656642696129893,1479.5369116256668,1587.8491666666666
86,100,1479.5954373463335,0.10158702290776342,0.8599909720632631,1597.43625,5.719809563044844,1479.5954373463335,1597.43625
86,10,1479.8550119279998,0.16156489572551733,0.8599908578447701,1598.5499166666668,5.345850179890338,1479.8550119279998,1598.5499166666668
86,1,1480.4009306283333,0.04873559272108755,0.8599907577414981,1599.5708333333332,0.988152389985138,1480.4009306283333,1599.5708333333332
86,0,1480.0134729153333,0.2975102214346547,0.8599910220632575,1598.1615000000002,1.3634575305083982,1480.0134729153333,1598.1615000000002
87,316227,3.8402523523333336,0.0017482024756537346,0.8713782771586108,363.00187439616667,0.058161237607040624,0.0,363.00187439616667
87,316227,3.8402523523333336,0.0017482024756537346,0.8713782771586108,363.00187439616667,0.058161237607040624,3.8402523523333336,363.00187439616667
87,31622,37.36708742833333,0.007519716652819946,0.8729978472939827,365.144830918,0.056420908532807984,37.36708742833333,365.144830918
87,17782,66.14553114166667,0.0203951963438477,0.8703913980178788,366.9100289853333,0.11590980705833785,66.14553114166667,366.9100289853333
87,10000,117.76615913833332,0.00973665798452174,0.8691839443229034,370.37321568600004,0.07339520297609974,117.76615913833332,370.37321568600004
87,7498,157.0486796926667,0.08330921565964444,0.8704641264795877,373.03499375466663,0.11756628986381469,157.0486796926667,373.03499375466663
87,5623,209.188555394,0.022850270193096843,0.8697751338253937,376.44608955233326,0.20928427811051323,209.188555394,376.44608955233326
87,4216,279.005034872,0.012621704562568253,0.8702267309924719,382.0472323233333,0.08934748290316191,279.005034872,382.0472323233333
87,3162,371.95250655599995,0.03762938763129674,0.8696953890157504,390.501333967,0.07405152625209782,371.95250655599995,390.501333967
87,2371,495.77690981333336,0.026931352478331345,0.8701035222154084,403.83636559133333,0.06372979942512474,495.77690981333336,403.83636559133333
87,2053,571.7349736063334,0.0519491269125613,0.8698685172261117,412.63761748633334,0.12153926927644887,571.7349736063334,412.63761748633334
87,1778,660.0752031393333,0.052285639706169014,0.8699972759014561,422.87888888900005,0.026749897767344735,660.0752031393333,422.87888888900005
87,1539,763.4809768653334,0.04234199588489233,0.8698975033397401,435.09009195433333,0.052003170780971074,763.4809768653334,435.09009195433333
87,1333,881.4987136173335,0.005587738369902184,0.870036637953905,449.582857143,0.12216547381108142,881.4987136173335,449.582857143
87,1154,1017.5475542686667,0.13721344123991536,0.870025262649166,472.50888050333333,0.17099057757693717,1017.5475542686667,472.50888050333333
87,1074,1092.8547038113334,0.05852597042773043,0.8699715046442881,492.798248366,0.1431803174921174,1092.8547038113334,492.798248366
87,1000,1173.4899908496666,0.033365389217349654,0.8699645198730352,526.7625555556666,0.27448625439750474,1173.4899908496666,526.7625555556666
87,964,1217.1667030193332,0.016466658449697226,0.8699514881084712,554.2950669203334,0.5530031980757533,1217.1667030193332,554.2950669203334
87,930,1261.9771445663332,0.21471883305954823,0.8699787164094337,591.6845891470001,0.3667016072301056,1261.9771445663332,591.6845891470001
87,865,1356.5146313556668,0.12177810031791757,0.8699950394513655,699.374888889,0.2696859859587846,1356.5146313556668,699.374888889
87,848,1383.7211486143333,0.03653153207020339,0.869997452874967,734.129527122,0.7230726588896095,1383.7211486143333,734.129527122
87,840,1396.981521548667,0.06929188369757242,0.8699882573699598,753.5954901963332,0.6908583933454224,1396.981521548667,753.5954901963332
87,833,1408.5550552413333,0.08521076923208293,0.8699562811232134,781.608736794,0.8979625271504255,1408.5550552413333,781.608736794
87,825,1422.120142104667,0.14860628100024847,0.8699259341605895,828.3936344083335,0.33006548296456756,1422.120142104667,828.3936344083335
87,818,1434.2587204863332,0.13548178059040009,0.8699681845139337,882.4605057473333,1.2236112423987042,1434.2587204863332,882.4605057473333
87,810,1447.7941762773335,0.15462023416561427,0.8699853231216786,956.5628641973334,0.12602700372663778,1447.7941762773335,956.5628641973334
87,804,1457.5323407943333,0.15215485037567486,0.8699376493764134,1027.9782933333333,0.8791250098441679,1457.5323407943333,1027.9782933333333
87,799,1464.0817767183332,0.0968365360633084,0.8699870985979454,1092.1781399406666,1.951060030204582,1464.0817767183332,1092.1781399406666
87,796,1466.9860594423333,0.15278105728099314,0.8699631715295187,1127.8433623186668,0.8172899349273873,1466.9860594423333,1127.8433623186668
87,792,1469.512987223333,0.10745307842423202,0.86997929866224,1161.6586060606667,3.7000312007554355,1469.512987223333,1161.6586060606667
87,789,1470.2559314386665,0.35527931117673817,0.8699841483586604,1178.1803636366667,1.743292098137799,1470.2559314386665,1178.1803636366667
87,782,1471.3727042073333,0.21256281719881748,0.8699782943828867,1204.9375238093332,1.84385813599666,1471.3727042073333,1204.9375238093332
87,776,1472.188133719,0.38117379495022263,0.8699705677455213,1224.649079365,1.9367394097901796,1472.188133719,1224.649079365
87,762,1473.3428211243333,0.12196206443127432,0.8699794859586318,1251.1978801256666,2.3948626736552705,1473.3428211243333,1251.1978801256666
87,749,1473.1677512546667,0.14386239635907266,0.8699814836615873,1276.3014,3.379136877961544,1473.1677512546667,1276.3014
87,722,1473.5770144603332,0.25359509703526323,0.8699755160872494,1338.787017544,1.3362534523685248,1473.5770144603332,1338.787017544
87,696,1474.3602723553333,0.056313774405561706,0.869990985126445,1436.308222222,2.7276609253459445,1474.3602723553333,1436.308222222
87,671,1474.661828495,0.1942833136709493,0.8699366364589661,1490.9744313726667,3.8093520349986725,1474.661828495,1490.9744313726667
87,648,1474.9277312909999,0.05727418424289946,0.8699199557836607,1507.3767843136666,1.3885391560185099,1474.9277312909999,1507.3767843136666
87,603,1476.5093220279998,0.1614766499686044,0.8700017382758295,1538.6451756939998,2.1846879517660946,1476.5093220279998,1538.6451756939998
87,562,1478.0563001379999,0.24928730606059965,0.869931520699209,1581.2407064103334,3.454703997390849,1478.0563001379999,1581.2407064103334
87,522,1478.3770471036667,0.3311296570570979,0.8698995688105007,1584.2642500000002,6.972165907198422,1478.3770471036667,1584.2642500000002
87,486,1478.7378086986666,0.08826365906491179,0.8699055794433117,1587.9185833333333,2.0599498830878837,1478.7378086986666,1587.9185833333333
87,421,1479.019927847,0.25849813602143484,0.869928469939332,1589.5800833333333,5.264230501301601,1479.019927847,1589.5800833333333
87,316,1479.600538469,0.1474884706162686,0.8699615373779009,1590.5534166666666,4.309744259620571,1479.600538469,1590.5534166666666
87,100,1479.900827307,0.24355371843367832,0.8699900562032213,1597.7305833333332,2.104575615375613,1479.900827307,1597.7305833333332
87,10,1480.0811486443336,0.07404753774897278,0.8699903502293348,1590.0422500000002,6.30423120312867,1480.0811486443336,1590.0422500000002
87,1,1480.483379123,0.09471063404393389,0.8699906711756654,1600.2505833333335,5.428710679879054,1480.483379123,1600.2505833333335
87,0,1480.2962677623334,0.12436315904947642,0.8699900745376148,1595.7785833333335,1.3785445752072332,1480.2962677623334,1595.7785833333335
88,1000000,1.2475464546666668,0.0041031794896067885,0.8825383018360977,362.7627246376667,0.031457649224767174,0.0,362.7627246376667
88,1000000,1.2475464546666668,0.0041031794896067885,0.8825383018360977,362.7627246376667,0.031457649224767174,1.2475464546666668,362.7627246376667
88,316227,3.840041188888889,0.00264788262549272,0.8795101468251825,362.98893397744445,0.08584071266586761,3.840041188888889,362.98893397744445
88,100000,11.9029233695,0.004639323184337315,0.8800523554784895,363.7109855075,0.1412074316744754,11.9029233695,363.7109855075
88,31622,37.382572153666665,0.05017443792406317,0.8825697158827683,365.1395362316666,0.12127282698537144,37.382572153666665,365.1395362316666
88,17782,66.15033657266666,0.025989752140275442,0.8795509525004629,366.7262028986667,0.14861475287611797,66.15033657266666,366.7262028986667
88,10000,117.76390675666666,0.03655404158155878,0.8791061916737171,370.36625490233337,0.055823539830741134,117.76390675666666,370.36625490233337
88,7498,157.03446652966667,0.001332464548253439,0.8798238936340712,372.3929215686667,0.13311974379891245,157.03446652966667,372.3929215686667
88,5623,209.25350906133335,0.039500565645319397,0.879893696354744,375.941850746,0.15275702240458533,209.25350906133335,375.941850746
88,4216,278.9787976636666,0.0023901976021710515,0.8803436839539218,381.3725050506667,0.12667232628329833,278.9787976636666,381.3725050506667
88,3162,371.99011922866674,0.030022300142884064,0.8797951995553808,389.1908923076667,0.10927246842021225,371.99011922866674,389.1908923076667
88,2371,495.8241788973334,0.14040471703947188,0.8799981365441112,402.2483809523333,0.04714177776312342,495.8241788973334,402.2483809523333
88,2053,571.7515651473334,0.05238126260206808,0.8798750885980504,410.360306011,0.10964582176464087,571.7515651473334,410.360306011
88,1778,660.0838155323332,0.0471139890502625,0.879996282436657,420.86677777766664,0.022044634811764698,660.0838155323332,420.86677777766664
88,1539,763.546161547,0.02880996380170296,0.8800041745297259,432.766873563,0.16562293071089948,763.546161547,432.766873563
88,1333,881.5289381766667,0.013793645863315291,0.8800502076616074,447.15071428566665,0.0621688369023081,881.5289381766667,447.15071428566665
88,1154,1017.6507301933334,0.02282856588246104,0.8800107157872299,469.6259753086667,0.35281844849596344,1017.6507301933334,469.6259753086667
88,1074,1092.8904348296667,0.03297826575071644,0.8799776540785035,489.0553076926667,0.11782837782135977,1092.8904348296667,489.0553076926667
88,1000,1173.4835906380001,0.01630354107680303,0.879995235975557,522.359916667,0.2659298544729337,1173.4835906380001,522.359916667
88,930,1261.7935526483332,0.053737800649010486,0.8800224812832521,586.045116279,0.6752645408575518,1261.7935526483332,586.045116279
88,865,1356.6716209533333,0.015806786685142876,0.8800286132632288,693.2755702643334,0.6041981061368205,1356.6716209533333,693.2755702643334
88,848,1383.876985295,0.041313024624052105,0.8800170612163717,729.3970666663332,0.22379011538531116,1383.876985295,729.3970666663332
88,840,1397.0158626826667,0.05108104707119506,0.880010379907216,747.414862745,0.645098531193988,1397.0158626826667,747.414862745
88,833,1408.69446089,0.06902294471208054,0.8799799342587041,773.5995151513333,0.5710301490945808,1408.69446089,773.5995151513333
88,825,1422.2341697763331,0.06292067492497547,0.8799385761804173,820.1666666666666,0.5387656808869121,1422.2341697763331,820.1666666666666
88,818,1434.2559342686666,0.0638490960256323,0.8800188310782069,872.9739310346667,1.0516120325093417,1434.2559342686666,872.9739310346667
88,810,1447.9357379403334,0.05794120846026861,0.8800039691032177,950.8912592593333,0.5825109265079605,1447.9357379403334,950.8912592593333
88,804,1457.6318438466667,0.1649548662258809,0.8799712412340573,1023.7679164983333,6.506625050961649,1457.6318438466667,1023.7679164983333
88,799,1464.078070904,0.23122996679191554,0.8800146695393781,1087.2891768476668,2.153415513790251,1464.078070904,1087.2891768476668
88,796,1466.720295581,0.16054163718206468,0.8800007649251586,1122.0510724636667,2.682402480149181,1466.720295581,1122.0510724636667
88,789,1470.0699182703331,0.049612422499094894,0.8800053533580647,1172.0736969696666,1.481470414594617,1470.0699182703331,1172.0736969696666
88,782,1471.2210788403333,0.09224636657625339,0.8800182910168802,1199.44831746,2.3162478401630584,1471.2210788403333,1199.44831746
88,776,1471.8939458090001,0.06876431113370604,0.8800002892567104,1217.625904762,2.4837083750595355,1471.8939458090001,1217.625904762
88,762,1473.104836381667,0.11052891816771127,0.8800105165350637,1244.8822130426668,1.4468671532219013,1473.104836381667,1244.8822130426668
88,749,1472.750981898,0.04315781046342708,0.8800076028309984,1264.817,1.491349952224454,1472.750981898,1264.817
88,722,1473.2160161466666,0.0677810465118959,0.8799835852053245,1332.3684210526667,1.7316602636568306,1473.2160161466666,1332.3684210526667
88,708,1473.6443809063333,0.18617430667106438,0.8800047606234301,1383.3904010116667,4.4041042474120555,1473.6443809063333,1383.3904010116667
88,696,1473.9377266963331,0.1277860529485003,0.8800043358600096,1436.3524444443335,0.9146171298591882,1473.9377266963331,1436.3524444443335
88,683,1474.364813592667,0.21043212570463718,0.8800067033977396,1474.1734650916667,3.072202293739857,1474.364813592667,1474.1734650916667
88,671,1474.4215747356666,0.1477019006214158,0.8799499418695159,1495.2260392156668,5.953375916779893,1474.4215747356666,1495.2260392156668
88,648,1474.7416171510001,0.09713229724171789,0.8799595295153809,1510.9565490196667,4.380577278236244,1474.7416171510001,1510.9565490196667
88,603,1475.909142925,0.24635167052262458,0.8800303631938675,1533.820705882,3.4834136460181964,1475.909142925,1533.820705882
88,562,1477.4466855783332,0.1893142782262562,0.8799331373604931,1578.2077499999998,2.728860064202729,1477.4466855783332,1578.2077499999998
88,522,1478.0939257339999,0.06599342787047878,0.8799510809255165,1584.7615833333332,7.922175168211961,1478.0939257339999,1584.7615833333332
88,486,1478.2469266956666,0.09048016001832923,0.8799754723162799,1586.4119166666667,4.817056442562625,1478.2469266956666,1586.4119166666667
88,421,1478.8975935893334,0.270339330245322,0.8800008648469887,1591.7616666666665,2.9960452718263477,1478.8975935893334,1591.7616666666665
88,316,1479.1105283006666,0.28211565882660145,0.8800311054657376,1588.8406666666667,1.6185674478788572,1479.1105283006666,1588.8406666666667
88,100,1479.5042812253332,0.12408292651514041,0.8799895788874962,1595.5494444443332,3.1396818691633377,1479.5042812253332,1595.5494444443332
88,10,1479.7377583779999,0.07981561601761976,0.8799896581215617,1597.9029166666667,5.981931504190964,1479.7377583779999,1597.9029166666667
88,1,1480.1127339506668,0.07716199121004468,0.8799895724386756,1598.6432499999999,0.5421433735644738,1480.1127339506668,1598.6432499999999
88,0,1480.0533060466666,0.26945402903278703,0.8799878266624906,1600.4458333333332,0.33018709973806465,1480.0533060466666,1600.4458333333332
89,31622,37.40346378633333,0.03802531411893469,0.8883191539357324,365.07553623199993,0.12250090155350424,0.0,365.07553623199993
89,31622,37.40346378633333,0.03802531411893469,0.8883191539357324,365.07553623199993,0.12250090155350424,37.40346378633333,365.07553623199993
89,17782,66.15903502066666,0.01309497862397831,0.8886562264204004,366.8834202896667,0.15050618530575666,66.15903502066666,366.8834202896667
89,10000,117.79161588833334,0.013979921990289417,0.889219477524453,369.713254902,0.11851481956569646,117.79161588833334,369.713254902
89,7498,157.02715460366667,0.01927172316268357,0.8883140670281606,372.14633333333336,0.11644801236081564,157.02715460366667,372.14633333333336
89,5623,209.20091104433334,0.035072585302919394,0.8893067881140665,375.54384079600004,0.04972805842017225,209.20091104433334,375.54384079600004
89,4216,279.06902573499997,0.024515256703277703,0.889920367081293,380.38315151533334,0.050115605611026556,279.06902573499997,380.38315151533334
89,3162,371.89035116166673,0.12023452168950109,0.8896745757326588,388.0300923073333,0.10711311500892651,371.89035116166673,388.0300923073333
89,2371,495.87455483733333,0.036183751257609316,0.8897844067720828,400.516063492,0.02531120480740597,495.87455483733333,400.516063492
89,2053,571.775177255,0.04170335311073865,0.8898779553704514,408.6851612903333,0.14908080465416956,571.775177255,408.6851612903333
89,1778,660.1324095673334,0.09312428618364708,0.8898529163159754,418.4677777776667,0.16120196249672322,660.1324095673334,418.4677777776667
89,1539,763.6060838916666,0.012853275305984116,0.8898770991704286,430.4214463276667,0.13423416067826083,763.6060838916666,430.4214463276667
89,1333,881.5225213670001,0.032673751305116405,0.8898671827054173,444.75920467833333,0.24190519371946828,881.5225213670001,444.75920467833333
89,1154,1017.4373667760001,0.27230953116144613,0.8898427573428668,466.7461234566667,0.1996701851793218,1017.4373667760001,466.7461234566667
89,1074,1093.0435489543333,0.053247403506637134,0.8899137662086648,485.98625641000007,0.25969661798141214,1093.0435489543333,485.98625641000007
89,1000,1173.5494110833333,0.022739384649300212,0.8899350967065595,518.4693061223334,0.1170602851037736,1173.5494110833333,518.4693061223334
89,930,1261.8264240023334,0.07493823930324978,0.8899202523768239,580.036060606,0.06892410088521826,1261.8264240023334,580.036060606
89,865,1356.5873815016669,0.033577662963644735,0.8899412258748004,686.3011891890001,0.7492248732162095,1356.5873815016669,686.3011891890001
89,848,1383.8256467620001,0.01818048225736639,0.8899391656766794,722.3086095236667,0.459165615387119,1383.8256467620001,722.3086095236667
89,840,1397.05590047,0.06444748973883105,0.8899247521392847,741.1453725490001,0.15925172521463649,1397.05590047,741.1453725490001
89,833,1408.7327544596665,0.017423661004806815,0.8899247778019305,763.7332121210001,1.5023429465523932,1408.7327544596665,763.7332121210001
89,825,1422.256514487667,0.09204036954297681,0.8898770442655127,808.2904461076665,0.7605489812830089,1422.256514487667,808.2904461076665
89,818,1434.3426529260003,0.1108177820597745,0.889906544811088,865.5461507026666,0.38594027596811553,1434.3426529260003,865.5461507026666
89,810,1448.1635106233334,0.039454593783978316,0.889842268430331,948.9127407406668,1.3102572067758573,1448.1635106233334,948.9127407406668
89,804,1457.3742801293336,0.14684547276739918,0.8899331273018718,1021.5938133333334,0.6572294105815049,1457.3742801293336,1021.5938133333334
89,799,1463.7347064593334,0.22641729952321168,0.889903064324615,1087.443786098,3.678554490860841,1463.7347064593334,1087.443786098
89,796,1466.4272458389999,0.04557551481837718,0.8899161729209774,1123.3383188403334,1.0356976639095101,1466.4272458389999,1123.3383188403334
89,792,1468.6433962013334,0.342072232881389,0.8899096932732338,1151.4284848483333,2.0862556626317743,1468.6433962013334,1151.4284848483333
89,789,1469.131792018333,0.09303445602914848,0.8899310499402313,1169.3127272726667,2.393518872476529,1469.131792018333,1169.3127272726667
89,782,1470.4244486766668,0.18019541035226894,0.8899149987409917,1199.100380952,0.5852076166640077,1470.4244486766668,1199.100380952
89,776,1470.9332417243331,0.2654894919204803,0.8899001686416609,1212.744888889,2.4367380618715924,1470.9332417243331,1212.744888889
89,762,1471.6983044463334,0.11438311231147759,0.8898997969431521,1240.497079365,1.127872788747283,1471.6983044463334,1240.497079365
89,749,1471.4806672426666,0.18992032463967096,0.889909826743278,1262.4114,1.5153140400589666,1471.4806672426666,1262.4114
89,722,1472.1156269863334,0.2716646510497167,0.8899358706964161,1331.6369122806666,2.6970081409105418,1472.1156269863334,1331.6369122806666
89,696,1472.2575057733332,0.0455239810680775,0.8898576961153903,1429.8054814813333,0.8646364920140912,1472.2575057733332,1429.8054814813333
89,683,1472.7608436376668,0.20440189819693513,0.8899095285050173,1473.3351486543334,2.616313520343801,1472.7608436376668,1473.3351486543334
89,671,1472.7618332303334,0.2300908855744459,0.8899253054611224,1491.930901960667,0.5371725201529631,1472.7618332303334,1491.930901960667
89,648,1473.1127878716668,0.04404900953115478,0.8899493322050107,1506.6682352943335,4.245749976067066,1473.1127878716668,1506.6682352943335
89,603,1474.8286960976666,0.09143041663807115,0.889861250525137,1547.366509804,2.6028334877891877,1474.8286960976666,1547.366509804
89,562,1475.8558450093333,0.2620573121755878,0.8899385102614913,1580.5956666666668,2.448698306413841,1475.8558450093333,1580.5956666666668
89,522,1476.5525141580001,0.17950525090045502,0.8899608819033663,1582.26375,3.6520323194765094,1476.5525141580001,1582.26375
89,486,1476.906841628,0.271243221553085,0.8899505114507814,1588.3131666666668,4.180917829356783,1476.906841628,1588.3131666666668
89,421,1477.2309367396665,0.22681095605527393,0.8899064485607484,1586.5513333333336,4.515318249673377,1477.2309367396665,1586.5513333333336
89,316,1477.7992188266664,0.24094991185644565,0.8899043939651102,1591.4560833333333,2.375783743490567,1477.7992188266664,1591.4560833333333
89,100,1478.068575167,0.24101501920138368,0.8899889130495783,1598.4335833333334,3.508656521139371,1478.068575167,1598.4335833333334
89,10,1478.500935219,0.1567245535427105,0.8899889575759375,1600.43325,2.216763956198323,1478.500935219,1600.43325
89,1,1478.8326873639999,0.13651920688682576,0.8899884557634294,1603.8335,2.601653548707027,1478.8326873639999,1603.8335
89,0,1478.7255673076668,0.12307241286832739,0.8899877560536275,1607.1299166666668,0.19796059161688115,1478.7255673076668,1607.1299166666668
90,316227,3.842384189,0.001004286495894729,0.8955170321335221,362.96863768133335,0.06293324351623678,0.0,362.96863768133335
90,316227,3.842384189,0.001004286495894729,0.8955170321335221,362.96863768133335,0.06293324351623678,3.842384189,362.96863768133335
90,100000,11.902622465,0.013374856028852336,0.89826882376471,363.3793043476667,0.1163754793981266,11.902622465,363.3793043476667
90,31622,37.380207375,0.08000357267202028,0.8959807308557434,365.02989372,0.0979638165374801,37.380207375,365.02989372
90,17782,66.19059204000001,0.01475958013865428,0.8977711357480168,366.5184541063333,0.10021215619274332,66.19059204000001,366.5184541063333
90,10000,117.773064348,0.03620497296596279,0.8990911709400637,369.73839215666663,0.11258200147834907,117.773064348,369.73839215666663
90,7498,157.00708194433332,0.027058956831334864,0.8976790327041851,371.98937254933327,0.10923967050917627,157.00708194433332,371.98937254933327
90,5623,209.29186008066668,0.030196822962284126,0.8985019689774338,375.139044776,0.11198911586583836,209.29186008066668,375.139044776
90,4216,278.99529467233333,0.019224115399931005,0.899221072435204,379.46812121199997,0.13111870170471215,278.99529467233333,379.46812121199997
90,3162,372.00586575666665,0.03864361806040575,0.8994534938528945,387.00139487166666,0.10864354087474049,372.00586575666665,387.00139487166666
90,2371,495.7067174746667,0.12317486571647795,0.8995301598661326,398.766074074,0.2292317825000542,495.7067174746667,398.766074074
90,2053,571.8090038666668,0.05443195473058954,0.8997604381532985,406.58815053766665,0.10552380259006543,571.8090038666668,406.58815053766665
90,1778,660.1938567379999,0.04390908964727521,0.8996429067197848,416.117967213,0.1731446074932711,660.1938567379999,416.117967213
90,1539,763.576297619,0.024433168022340697,0.8997492892740565,427.73837288133336,0.10021549923510595,763.576297619,427.73837288133336
90,1333,881.51309656,0.04082726861439936,0.8996908555787578,441.835883041,0.1654751471712705,881.51309656,441.835883041
90,1154,1017.5922832276666,0.028652706121637787,0.89974798703459,463.79634567933334,0.26401023958887243,1017.5922832276666,463.79634567933334
90,1074,1093.0366769003333,0.04355584159275548,0.8998169924557643,482.512820513,0.3468638730529692,1093.0366769003333,482.512820513
90,1000,1173.3971654446668,0.2306914222469095,0.8998353403515819,513.648489796,0.2015904607623221,1173.3971654446668,513.648489796
90,964,1217.2863278323332,0.044541420035471194,0.8998447236007069,539.1507517733334,0.414098103287618,1217.2863278323332,539.1507517733334
90,930,1261.7755853026667,0.04845740884555759,0.8998057508289499,573.2552121213333,0.1085880963116846,1261.7755853026667,573.2552121213333
90,896,1309.964351797,0.008634285408890913,0.8998127431674215,621.698211382,0.21857652772237268,1309.964351797,621.698211382
90,865,1356.6194464866667,0.023536489359342508,0.8998438085757329,677.5709189186667,1.1227516703521065,1356.6194464866667,677.5709189186667
90,848,1383.8351832333335,0.06071672090561503,0.8998313369259519,715.0032945093334,0.6279219094473371,1383.8351832333335,715.0032945093334
90,840,1397.1772181036667,0.04435712514209591,0.8998364093245819,733.643373758,0.4801403434029946,1397.1772181036667,733.643373758
90,833,1408.7629705203333,0.01873731110904648,0.8998279522248103,754.1796862746666,1.076293860649292,1408.7629705203333,754.1796862746666
90,825,1422.3931208679999,0.04737778991318127,0.8997568652514222,800.3603333333334,1.0560144806456935,1422.3931208679999,800.3603333333334
90,818,1434.465906384333,0.04518938447845976,0.899758768635563,857.3310610643333,1.499700828689736,1434.465906384333,857.3310610643333
90,810,1448.0169860133335,0.11226562156499406,0.8997431074829959,948.4873580246667,1.967919485848232,1448.0169860133335,948.4873580246667
90,804,1457.3119965786666,0.04886837630060846,0.8998399981901484,1029.1478399999999,1.5377769471546459,1457.3119965786666,1029.1478399999999
90,799,1462.7309708926666,0.21517533305389752,0.8998121208358887,1097.4571594203333,2.7170342462215404,1462.7309708926666,1097.4571594203333
90,796,1464.9081222426666,0.36188025468755436,0.8998178809553935,1127.6423768116667,4.10405664939391,1464.9081222426666,1127.6423768116667
90,789,1467.0130395323333,0.05193068123058485,0.8997781891369105,1171.2696363636667,1.5497765555922975,1467.0130395323333,1171.2696363636667
90,782,1467.8280922673332,0.2293390146495097,0.8998084793559294,1194.8321970446666,2.8367917243760945,1467.8280922673332,1194.8321970446666
90,776,1468.1354498206667,0.08345940373736395,0.8997795061397231,1209.0850793653333,0.7587278131993914,1468.1354498206667,1209.0850793653333
90,749,1468.9082012626668,0.13948361130267733,0.8998299886229352,1259.2198469136667,3.34207284333462,1468.9082012626668,1259.2198469136667
90,722,1469.3066993473333,0.05243409218878293,0.899866931876704,1328.9350877193333,3.494156149313534,1469.3066993473333,1328.9350877193333
90,696,1469.794846289,0.17496644556341107,0.8997708462737165,1431.4985185183332,2.3783060299005103,1469.794846289,1431.4985185183332
90,683,1470.0312617230002,0.24752776572785243,0.8998483499788018,1476.1181422966667,3.2774062185078656,1470.0312617230002,1476.1181422966667
90,671,1470.1386177183333,0.24815834430324568,0.8999181096388944,1496.8194509803334,5.014970890213107,1470.1386177183333,1496.8194509803334
90,648,1470.7518203400002,0.32647782131419595,0.8998788717919796,1516.7079999996665,6.779818988831654,1470.7518203400002,1516.7079999996665
90,603,1472.3413766756667,0.16744793101146707,0.8997516256924979,1547.7636242319998,5.0415334429544405,1472.3413766756667,1547.7636242319998
90,562,1473.6296389476665,0.11223462587773736,0.8999273548141601,1584.5275000000001,4.438345278648315,1473.6296389476665,1584.5275000000001
90,522,1474.122862016,0.06927554733164648,0.8999047047817249,1584.4375,4.099614943808701,1474.122862016,1584.4375
90,486,1474.3543929220002,0.18041791240926736,0.8998766789122432,1587.3763333333334,2.3654107773985706,1474.3543929220002,1587.3763333333334
90,421,1474.7118393903336,0.0564852606957807,0.8997874494444319,1592.802,3.1432688896274286,1474.7118393903336,1592.802
90,316,1475.3099928736665,0.11151755311791241,0.899739184195501,1595.6875833333334,3.3470925473958957,1475.3099928736665,1595.6875833333334
90,100,1476.1833722643332,0.05912385745761379,0.899988169566023,1604.2674166666666,2.30099072864994,1476.1833722643332,1604.2674166666666
90,10,1476.5383120166669,0.11530225176280719,0.8999878923206553,1602.8064722223335,3.2817040103966777,1476.5383120166669,1602.8064722223335
90,1,1476.882016326,0.18231091357532087,0.8999882551031667,1600.4751666666668,1.9434280976750669,1476.882016326,1600.4751666666668
90,0,1476.9180018916668,0.08100433901027224,0.8999884866399203,1604.7211666666665,6.376564167585383,1476.9180018916668,1604.7211666666665
91,31622,37.41765573766667,0.04752996282297776,0.9055414695804983,365.03319806766666,0.17253810426775998,0.0,365.03319806766666
91,31622,37.41765573766667,0.04752996282297776,0.9055414695804983,365.03319806766666,0.17253810426775998,37.41765573766667,365.03319806766666
91,17782,66.15032323466666,0.020926295391918016,0.9068663496248099,366.6709178743333,0.0565654927961903,66.15032323466666,366.6709178743333
91,10000,117.746872936,0.0367887495520546,0.908863095985876,369.5153333333333,0.028697704353018817,117.746872936,369.5153333333333
91,7498,156.970000023,0.013466276419803243,0.9074921962117676,371.639137255,0.02182934215919068,156.970000023,371.639137255
91,5623,209.289822651,0.05528442720071436,0.9077838688044704,374.30819900533334,0.23013507758248716,209.289822651,374.30819900533334
91,4216,278.98922268666666,0.035887723340418835,0.9085011267860267,378.92482113066666,0.20475216933133994,278.98922268666666,378.92482113066666
91,3162,371.868283447,0.0614595101221626,0.9092404985067247,385.7912205129999,0.12580208129785703,371.868283447,385.7912205129999
91,2371,495.7173056116667,0.2027698069552559,0.9093918963913189,396.71242446233333,0.14572680669709118,495.7173056116667,396.71242446233333
91,2053,571.7858882746665,0.07691695148759883,0.9095633340467973,404.30473118266667,0.07111235486457534,571.7858882746665,404.30473118266667
91,1778,660.0204075093334,0.030540289573532508,0.909515053596511,413.61794535533335,0.09493164697832818,660.0204075093334,413.61794535533335
91,1539,763.3664122133333,0.17653393202457043,0.9095537193851988,424.941875706,0.014544598365224103,763.3664122133333,424.941875706
91,1333,881.4616138656667,0.09642109303842178,0.909526466143238,438.9764095103333,0.10699894723166557,881.4616138656667,438.9764095103333
91,1154,1017.6626681503334,0.05123505389352573,0.9097341143951266,460.1599030303333,0.18922268613230891,1017.6626681503334,460.1599030303333
91,1074,1092.7064194043332,0.3271288991993601,0.9097684846050353,478.337610063,0.30929372204608396,1092.7064194043332,478.337610063
91,1000,1173.4956519946666,0.08357612104214782,0.9097296321970051,508.31296000000003,0.04175961685648637,1173.4956519946666,508.31296000000003
91,930,1261.8883785983332,0.1180195256823786,0.909733017556602,565.2201185183334,0.39417787918445363,1261.8883785983332,565.2201185183334
91,896,1309.5936134286667,0.15915720546380083,0.909742633179664,611.9766829270001,0.5466283478336492,1309.5936134286667,611.9766829270001
91,865,1356.3600127756665,0.5302642498934959,0.9097513502152991,668.0111929826667,0.8491669068047555,1356.3600127756665,668.0111929826667
91,848,1383.8081356276668,0.09378118930727587,0.9097418138462746,705.6746296293335,0.4065665986069792,1383.8081356276668,705.6746296293335
91,840,1397.0504653046667,0.12833193607079588,0.9097729048639502,725.9226285716667,0.5349337798314078,1397.0504653046667,725.9226285716667
91,833,1408.7804638549999,0.0706501785867506,0.9097635760223328,745.9518823530001,0.3210619920664926,1408.7804638549999,745.9518823530001
91,825,1422.2954705066666,0.060386299505977396,0.9096835745569588,790.6157916666667,0.08291791246973967,1422.2954705066666,790.6157916666667
91,818,1434.4344965283333,0.05560853404228741,0.9096522421222675,853.2531555556667,1.2511430532251056,1434.4344965283333,853.2531555556667
91,810,1447.7020716,0.26450123874808007,0.9097230157480629,951.399950617,4.199625726058511,1447.7020716,951.399950617
91,804,1456.5661266286668,0.0855722734558503,0.9097023739813132,1043.2805186226667,3.151132374586536,1456.5661266286668,1043.2805186226667
91,799,1461.0143436936667,0.11845838169610656,0.9097546006711948,1106.2386666666666,1.0313069334340315,1461.0143436936667,1106.2386666666666
91,796,1462.5882144886666,0.1185626786595064,0.909733583539324,1130.931118968,1.7325738640328907,1462.5882144886666,1130.931118968
91,789,1464.0932206536665,0.27735418430607606,0.9097416705664324,1167.9832727273333,2.7975286555522034,1464.0932206536665,1167.9832727273333
91,782,1464.7892780769998,0.05135480963567272,0.9097353715826392,1192.4140096673334,1.0265569377521464,1464.7892780769998,1192.4140096673334
91,776,1464.952085007,0.13908563895815498,0.9097703118227213,1201.8502222223333,2.413520662402911,1464.952085007,1201.8502222223333
91,749,1465.8193375856665,0.3427444296401328,0.9097493882926994,1254.5660576133332,3.155521856368025,1465.8193375856665,1254.5660576133332
91,735,1466.2334938783333,0.13400287456014723,0.9097335257407319,1287.3288666666667,0.4101695909418695,1466.2334938783333,1287.3288666666667
91,722,1466.2787984696668,0.1911146156019739,0.9097613887024002,1327.5484912279999,2.165871995543722,1466.2787984696668,1327.5484912279999
91,708,1466.6102722980002,0.16039275442722878,0.9097716360600955,1387.597048889,1.99135769402652,1466.6102722980002,1387.597048889
91,696,1466.9913710869998,0.18547600353671959,0.9097543558127091,1439.2496296296667,0.7955767323095211,1466.9913710869998,1439.2496296296667
91,683,1467.1228591656666,0.11459201165717192,0.9098282248039374,1480.3189178746668,3.3596837036028777,1467.1228591656666,1480.3189178746668
91,671,1467.4543797210001,0.19414807797875436,0.9098973843441788,1501.473333333667,2.6715179758736576,1467.4543797210001,1501.473333333667
91,648,1467.9291807123334,0.08227809037981053,0.9098118043941158,1517.760888889,1.6348034609359534,1467.9291807123334,1517.760888889
91,603,1469.1959989413333,0.18433391697098891,0.9096295314229262,1550.6919215686667,6.790532343673656,1469.1959989413333,1550.6919215686667
91,562,1470.4749952969999,0.24445386210617895,0.9098851068867045,1588.5271666666667,2.513441320348095,1470.4749952969999,1588.5271666666667
91,522,1471.3540482613332,0.1657324247736572,0.9098226550224261,1594.2736666666667,4.0030004163543,1471.3540482613332,1594.2736666666667
91,486,1471.42440671,0.03822206116439978,0.9097850064758594,1593.0114999999998,3.7592438401890633,1471.42440671,1593.0114999999998
91,421,1472.3082436946668,0.1293864555418233,0.9097062159020255,1592.5833888886666,1.6336011882656136,1472.3082436946668,1592.5833888886666
91,316,1473.0465073983335,0.1970613585392319,0.90965514617195,1598.8358333333333,3.3557041765974818,1473.0465073983335,1598.8358333333333
91,100,1473.8588266896668,0.1779309824065998,0.909981384252239,1602.9799166666664,3.9429103807762003,1473.8588266896668,1602.9799166666664
91,10,1474.3707249463332,0.04331564648853255,0.9099875539387102,1605.1355,7.118312392168622,1474.3707249463332,1605.1355
91,1,1474.7443978709998,0.14793898394815835,0.9099789891498968,1605.7935,3.830235118435868,1474.7443978709998,1605.7935
91,0,1474.5891831376666,0.14622501176356462,0.9099867938512999,1609.5276666666666,1.894854221525493,1474.5891831376666,1609.5276666666666
92,100000,11.899675087666665,0.003924074582252884,0.921492668296835,363.42394202900005,0.08202628181509908,0.0,363.42394202900005
92,100000,11.899675087666665,0.003924074582252884,0.921492668296835,363.42394202900005,0.08202628181509908,11.899675087666665,363.42394202900005
92,31622,37.421274361,0.0236480127060376,0.9189259839919711,364.91111111133335,0.15274591553604605,37.421274361,364.91111111133335
92,17782,66.33916154533334,0.06382509777388014,0.9181178248614993,366.1750531403333,0.11271034317885323,66.33916154533334,366.1750531403333
92,10000,117.60971644366667,0.051355485789441185,0.9193387993588592,368.8859607846666,0.06287961062045372,117.60971644366667,368.8859607846666
92,7498,156.96410803633336,0.02895875639394011,0.9180494663589762,370.95470588233337,0.04549443880373897,156.96410803633336,370.95470588233337
92,5623,209.20941117533334,0.05727714272799759,0.9182861229745886,373.82479601999995,0.13893339484568537,209.20941117533334,373.82479601999995
92,4216,279.0765938683333,0.01578809673311182,0.9187722038879894,377.77470646766665,0.10086084963543508,279.0765938683333,377.77470646766665
92,3162,371.9593532363333,0.04924397904590266,0.9196719487445685,384.47248807466667,0.09037986717010334,371.9593532363333,384.47248807466667
92,2371,495.78029649800004,0.11951320488566924,0.9197665835680876,395.0157708333333,0.1741955767473388,495.78029649800004,395.0157708333333
92,2053,571.8057028986667,0.07835043864511981,0.9198957623835328,401.7756402116667,0.1509800332785352,571.8057028986667,401.7756402116667
92,1778,660.1034722833333,0.028485000271752835,0.9196679888881372,410.78338797833334,0.0742724874315243,660.1034722833333,410.78338797833334
92,1539,763.5865328213334,0.03238974149655959,0.919809524686754,421.78435555566665,0.19722283320772777,763.5865328213334,421.78435555566665
92,1333,881.5822375053334,0.02889892775825473,0.9196984296587644,435.8631724136667,0.044120093373860705,881.5822375053334,435.8631724136667
92,1154,1017.5616019716666,0.05098038462207345,0.9197321925460044,456.67233939399995,0.16846257162847045,1017.5616019716666,456.67233939399995
92,1074,1092.9910420776666,0.03973102838175607,0.9198496448316189,474.06636478,0.14529980472667617,1092.9910420776666,474.06636478
92,1000,1173.5398851573334,0.08922162268113568,0.9198087316890455,502.5896533333333,0.1280393022994656,1173.5398851573334,502.5896533333333
92,964,1217.4186247693333,0.13251944700442184,0.9198168871500806,525.3111944443334,0.17979429473160383,1217.4186247693333,525.3111944443334
92,930,1261.914761539,0.03237854495479931,0.9197661891638274,556.929748148,0.45866408505527384,1261.914761539,556.929748148
92,896,1310.0599837500001,0.03967845728625988,0.9197849498000809,602.2667619046666,0.5124257991080767,1310.0599837500001,602.2667619046666
92,865,1356.7251140606666,0.06382907533064178,0.9198256180961106,658.3022135076667,0.18035795262919785,1356.7251140606666,658.3022135076667
92,848,1383.7985003436668,0.08638152026460952,0.9198015459204564,694.7473723193334,0.08596399577437347,1383.7985003436668,694.7473723193334
92,833,1408.8412546216666,0.025066201567970008,0.9197871730342091,736.144920915,0.382469185355562,1408.8412546216666,736.144920915
92,825,1422.4063125933335,0.026595653087260866,0.9197424776859271,771.9968484846668,1.4999345783802789,1422.4063125933335,771.9968484846668
92,818,1434.4386376329996,0.1133637714767313,0.9197080209579789,836.4666666666667,1.0565936659911088,1434.4386376329996,836.4666666666667
92,810,1447.9476165253334,0.10218232730685313,0.9197894059223816,944.8842469136666,2.0286086448332887,1447.9476165253334,944.8842469136666
92,804,1456.3119282986665,0.1917875596631683,0.9197719770298293,1044.9014618136669,1.952460138456362,1456.3119282986665,1044.9014618136669
92,799,1459.7696345166667,0.10958565661144269,0.9198552028936294,1107.051478261,1.0870608648137106,1459.7696345166667,1107.051478261
92,796,1460.683264458,0.03191639628215075,0.9197890001989008,1129.7059034876665,5.176955333182446,1460.683264458,1129.7059034876665
92,789,1461.9629306283332,0.29105025144008,0.9198617151335021,1164.2058787879998,3.3062055472268015,1461.9629306283332,1164.2058787879998
92,776,1462.6468153840003,0.07852440592099158,0.9198078877211118,1198.8182857143333,2.159207673717421,1462.6468153840003,1198.8182857143333
92,749,1463.3330673720002,0.2295299938700496,0.9198146893059157,1249.533918699,0.9348237975497687,1463.3330673720002,1249.533918699
92,735,1463.7220742600002,0.14912430822865294,0.9197957712807846,1280.0863333333334,5.266206149908459,1463.7220742600002,1280.0863333333334
92,722,1464.0451397363333,0.24639643938286063,0.9197761730294114,1324.3124210526667,3.405894814799208,1464.0451397363333,1324.3124210526667
92,708,1464.3004550403332,0.09408849960837033,0.9198197478529252,1389.6388577073333,4.013322359137071,1464.3004550403332,1389.6388577073333
92,696,1464.4052566350001,0.06221366640272895,0.919841202174302,1441.3055555556666,1.0815624048572106,1464.4052566350001,1441.3055555556666
92,683,1464.728850057,0.008068300955245118,0.919907018088545,1479.3270076729998,2.0734686297737555,1464.728850057,1479.3270076729998
92,671,1465.0138113463333,0.1373402912673794,0.9199611724567328,1499.0152156863332,2.457695438484816,1465.0138113463333,1499.0152156863332
92,648,1465.564396131,0.06589718791770273,0.9198217395083788,1509.8232941173335,5.786175874838186,1465.564396131,1509.8232941173335
92,603,1467.1304430466669,0.31541261596734493,0.9197293656820996,1549.4924471759998,3.217117801420378,1467.1304430466669,1549.4924471759998
92,562,1468.1756002006666,0.14357183643852917,0.9199611995462655,1579.9058333333335,4.56479046844806,1468.1756002006666,1579.9058333333335
92,522,1468.754398438333,0.10600220358471485,0.9199349266799972,1591.42,3.9394102747111335,1468.754398438333,1591.42
92,486,1469.217528862,0.10471150593260713,0.9198515039157709,1592.2950833333334,7.952143442703581,1469.217528862,1592.2950833333334
92,421,1470.1518892163333,0.16849650415285616,0.9197876716681259,1591.64775,7.052502339595603,1470.1518892163333,1591.64775
92,316,1471.223351224,0.11579359409660385,0.9196877640253907,1593.6582499999997,1.6708413299892309,1471.223351224,1593.6582499999997
92,100,1472.4618568646667,0.038057176031488366,0.9199865144710141,1605.6135000000002,1.0216810901647393,1472.4618568646667,1605.6135000000002
92,10,1472.6577131683334,0.28279193997087987,0.9199864783449269,1605.0825000000002,3.7753870993581247,1472.6577131683334,1605.0825000000002
92,1,1472.8912882040001,0.11119708315159191,0.919986607142851,1602.8708333333334,6.539099672036977,1472.8912882040001,1602.8708333333334
92,0,1473.0421506473333,0.10910874090527854,0.9199870488059324,1603.796833333333,4.188413671467157,1473.0421506473333,1603.796833333333
93,1000000,1.2454873537333335,0.0008384342928651789,0.9316514256698604,362.76769708573335,0.15949845087985492,0.0,362.76769708573335
93,1000000,1.2454873537333335,0.0008384342928651789,0.9316514256698604,362.76769708573335,0.15949845087985492,1.2454873537333335,362.76769708573335
93,100000,11.972500464666666,0.0025041864812715498,0.9348163408506013,363.33673429966666,0.07208775086265212,11.972500464666666,363.33673429966666
93,31622,37.448323933333334,0.004104315747689713,0.9303131084929154,364.718164251,0.041599174919760805,37.448323933333334,364.718164251
93,17782,66.348948433,0.050197425976273344,0.931485138762906,366.1929082126667,0.08662524939046494,66.348948433,366.1929082126667
93,10000,117.64254741833334,0.022612592689789136,0.9306280147186142,368.63596078433335,0.08671379002109825,117.64254741833334,368.63596078433335
93,7498,156.95362670166665,0.031406430961488804,0.9289093547095303,370.88211764700003,0.024958442869082,156.95362670166665,370.88211764700003
93,5623,209.23862838899996,0.025376740586954792,0.9295721098528821,373.0717696443333,0.07842405378202814,209.23862838899996,373.0717696443333
93,4216,279.0874239313334,0.017499489406418316,0.9294555968396295,376.9869850746666,0.05768279604149994,279.0874239313334,376.9869850746666
93,3162,372.0170384516667,0.034022968169342506,0.9300442198888589,383.2913737373333,0.050553023706487295,372.0170384516667,383.2913737373333
93,2371,495.80484668033336,0.07815442528825069,0.9298945228380723,392.911125,0.1764892104527849,495.80484668033336,392.911125
93,2053,571.6496631046666,0.02356807732820609,0.9301154574662568,399.7089100526667,0.07059661782634732,571.6496631046666,399.7089100526667
93,1778,660.2678299293333,0.1313280449803967,0.9299751694973537,408.1856129033333,0.10637070222497427,660.2678299293333,408.1856129033333
93,1539,763.5190506929999,0.024820314669215172,0.9300096368771724,419.07286666633337,0.13185026861303378,763.5190506929999,419.07286666633337
93,1333,881.5892780106666,0.017225106669641634,0.9299052769168331,432.12089655166665,0.1278934419117075,881.5892780106666,432.12089655166665
93,1154,1017.6316034956667,0.04562388277075767,0.9300310362903467,452.4074761903333,0.18230146230268973,1017.6316034956667,452.4074761903333
93,1074,1093.080943786,0.04487936104117106,0.9300536549318865,469.29269135799996,0.24380135761172453,1093.080943786,469.29269135799996
93,1000,1173.7015295553335,0.018017444926020882,0.9299952843104515,496.8294901963333,0.11034541554243121,1173.7015295553335,496.8294901963333
93,930,1262.1038621673333,0.06347284635724441,0.9299379455209422,547.3036231886667,0.031810441821238905,1262.1038621673333,547.3036231886667
93,896,1310.069212907,0.024270189676022822,0.9299459630073779,590.4035038763333,0.36224240422187537,1310.069212907,590.4035038763333
93,865,1356.8670374543333,0.09391382513967243,0.9299729244238476,644.4524786323333,0.3454255180611487,1356.8670374543333,644.4524786323333
93,848,1383.9087647536664,0.09819112376479923,0.9299451216157578,682.955927928,0.4069226285971947,1383.9087647536664,682.955927928
93,833,1409.0231689536668,0.045843823934224225,0.9299473569651014,724.423504762,0.3800101280273023,1409.0231689536668,724.423504762
93,828,1417.1063993883336,0.1325405387594476,0.9299266620178689,743.1768627450001,1.250284686736409,1417.1063993883336,743.1768627450001
93,825,1422.3624173770002,0.06045533975808829,0.9298946839242203,755.8724731896667,0.7235520914352699,1422.3624173770002,755.8724731896667
93,821,1429.3964379183333,0.14139519354358535,0.9298534074192486,781.9185832693333,1.3575903176934685,1429.3964379183333,781.9185832693333
93,818,1434.4471487583332,0.10654310319872023,0.9298052528980157,822.8455483869999,0.7192171369423016,1434.4471487583332,822.8455483869999
93,810,1447.9964562946668,0.09965331460728913,0.9298103763847366,934.0920987656667,2.1095758957171524,1447.9964562946668,934.0920987656667
93,804,1455.606095575,0.0272249645462558,0.9298482254725827,1046.3607411223334,1.4739394370205494,1455.606095575,1046.3607411223334
93,799,1458.79054705,0.1030351972640936,0.9298949757851057,1105.6779130433333,1.9522986773361295,1458.79054705,1105.6779130433333
93,796,1459.8975528976669,0.1446807516439121,0.9298509879361375,1129.0798069756668,2.1462060335945896,1459.8975528976669,1129.0798069756668
93,789,1460.3385367396666,0.2226552363398802,0.9298726878435043,1162.2652727273335,1.6113063744157268,1460.3385367396666,1162.2652727273335
93,776,1461.0032421503336,0.31338300457885276,0.9298375789646416,1194.368622969,3.1988977649790744,1461.0032421503336,1194.368622969
93,749,1461.3253903983334,0.044363715970349306,0.9298907746285358,1238.4203809523333,2.2645889075202863,1461.3253903983334,1238.4203809523333
93,735,1461.9355416229998,0.24053521796424004,0.9298996901628476,1278.1637333333335,4.302708264957495,1461.9355416229998,1278.1637333333335
93,722,1461.8687855056667,0.03883476765348708,0.9298251831673044,1319.0055492576666,4.525037968892737,1461.8687855056667,1319.0055492576666
93,708,1462.5020020853335,0.26288524809652564,0.9299043257758756,1382.3958368896667,5.466533320334872,1462.5020020853335,1382.3958368896667
93,696,1462.3267605106666,0.1731723579670849,0.9298958169584002,1444.615703704,1.166103913665945,1462.3267605106666,1444.615703704
93,683,1462.9258686336668,0.2284167193563233,0.9299264294770184,1485.6956862743334,3.88007751698465,1462.9258686336668,1485.6956862743334
93,671,1462.7950840156666,0.016015249785241933,0.9299793890630427,1505.270901961,0.9943403671114872,1462.7950840156666,1505.270901961
93,648,1463.39958189,0.06283961727491529,0.9298695335547108,1517.8005490196667,2.3919859896273734,1463.39958189,1517.8005490196667
93,603,1465.0384055603333,0.22559897124737294,0.9298104368662394,1544.3011764706669,2.6986545614355557,1465.0384055603333,1544.3011764706669
93,562,1466.245043352,0.13376573571887948,0.9299706704259298,1583.484388889,3.3474053067313174,1466.245043352,1583.484388889
93,522,1466.463963422,0.08473383854342954,0.9299314565531787,1587.02225,9.831379121847615,1466.463963422,1587.02225
93,486,1467.0142510063333,0.0696624920387693,0.92988026033041,1588.6560833333333,1.08442961197728,1467.0142510063333,1588.6560833333333
93,421,1467.9640871996664,0.24599902652589903,0.9298273657344508,1587.1657500000001,0.602849691050871,1467.9640871996664,1587.1657500000001
93,316,1469.2468072373333,0.3204694891277527,0.9297398390432439,1591.5635833333333,5.671716518906206,1469.2468072373333,1591.5635833333333
93,100,1470.968568766,0.10843576960051328,0.9299856306671845,1593.674,6.68127262858658,1470.968568766,1593.674
93,10,1471.0887790010001,0.2090763764177531,0.9299857513983841,1591.8419166666665,0.6936714970599851,1471.0887790010001,1591.8419166666665
93,1,1471.3322134423333,0.13250506419787156,0.9299854511055502,1598.8081666666667,5.630343863462801,1471.3322134423333,1598.8081666666667
93,0,1471.2911669446667,0.215626317955638,0.9299864398004578,1598.40075,1.5317222129028532,1471.2911669446667,1598.40075
94,31622,37.44727411233333,0.002129743537926344,0.9418299214295178,364.5880579713333,0.026324969036059503,0.0,364.5880579713333
94,31622,37.44727411233333,0.002129743537926344,0.9418299214295178,364.5880579713333,0.026324969036059503,37.44727411233333,364.5880579713333
94,17782,66.213381197,0.018474852467335563,0.940629649071863,365.97029951666667,0.07072383773829605,66.213381197,365.97029951666667
94,10000,117.70460855166668,0.021834187162896233,0.9412419087216092,368.4152941176667,0.041451350980038264,117.70460855166668,368.4152941176667
94,7498,157.06709300366666,0.05199535659735415,0.9395926451965981,370.146215686,0.10905261002627445,157.06709300366666,370.146215686
94,5623,209.38839455233332,0.047162031168234,0.9398375380076662,372.387117647,0.08538739360180965,209.38839455233332,372.387117647
94,4216,279.0773580633333,0.02654670764394734,0.9398136788426282,375.92071641766665,0.2957666712526185,279.0773580633333,375.92071641766665
94,3162,372.0288472016667,0.018298083606800717,0.9401374694340182,381.66660606066665,0.09057552944639603,372.0288472016667,381.66660606066665
94,2371,495.4914247066667,0.28507776761304543,0.9399557408076632,391.29512500000004,0.046837860286846146,495.4914247066667,391.29512500000004
94,2053,571.7920816966666,0.07779555103398895,0.940115740724759,397.4305396826667,0.11142580376671252,571.7920816966666,397.4305396826667
94,1778,660.3002912846667,0.07424740782767866,0.9400160941288617,405.80694623666665,0.10484221018358608,660.3002912846667,405.80694623666665
94,1539,763.5609561613334,0.07039033644837335,0.9401352629847319,415.75737704933334,0.009220754224241802,763.5609561613334,415.75737704933334
94,1333,881.6391944076667,0.027090657543253623,0.9399771847422095,428.945536723,0.10400394086781435,881.6391944076667,428.945536723
94,1154,1017.5957256716666,0.04018498629904511,0.9399778135259735,448.726690476,0.16809497351742145,1017.5957256716666,448.726690476
94,1074,1093.0939130643335,0.014882047664285662,0.9400627364932834,464.4369382713333,0.3676245949556807,1093.0939130643335,464.4369382713333
94,1000,1173.6872341546666,0.112598521094638,0.9400224728992413,489.6723285733333,0.16315580989216755,1173.6872341546666,489.6723285733333
94,930,1262.1297366666665,0.04879142742351977,0.9400207715877462,537.4184680853333,0.39505315021323073,1262.1297366666665,537.4184680853333
94,896,1310.007756454,0.015002211023710611,0.9400175028884153,577.7926969696667,0.41039897289260113,1310.007756454,577.7926969696667
94,865,1356.739424467,0.03928091502501657,0.9400295161505432,629.3106666666666,0.9008410422118865,1356.739424467,629.3106666666666
94,848,1383.8903579823336,0.010442687392220868,0.9400093464591753,667.7726666670001,0.2535514247934684,1383.8903579823336,667.7726666670001
94,833,1408.8549756543332,0.07149187315060589,0.9399838252199507,710.6383333333333,0.44078723032642303,1408.8549756543332,710.6383333333333
94,825,1422.3702385193335,0.03772783021935481,0.9399713216519623,742.189647059,0.4872460990538407,1422.3702385193335,742.189647059
94,821,1429.3117658526664,0.023177112659142924,0.9399509303811341,762.2594747476666,0.9545194521786001,1429.3117658526664,762.2594747476666
94,818,1434.4827277306667,0.03526220112856957,0.9399275144328589,782.5401685676667,1.5155955385715603,1434.4827277306667,782.5401685676667
94,813,1443.149937503,0.03503079666758444,0.9399324447096511,850.370622222,0.1349835435457482,1443.149937503,850.370622222
94,810,1448.0966225579998,0.09847081199055785,0.9398946209862253,902.0482857143334,1.009332159579887,1448.0966225579998,902.0482857143334
94,804,1456.5269266169998,0.19704104782691437,0.939968772336991,1019.676,1.685918952263113,1456.5269266169998,1019.676
94,799,1459.1957030963333,0.05936748184437052,0.9400009755864581,1094.0638840576667,2.6906486317019143,1459.1957030963333,1094.0638840576667
94,796,1459.974435317333,0.05734741499352436,0.9399484453809154,1117.7944927536666,0.8828049529968132,1459.974435317333,1117.7944927536666
94,789,1460.6343811266668,0.1360712082749708,0.9399758632471804,1152.1504242423334,3.5610393239400278,1460.6343811266668,1152.1504242423334
94,776,1460.704697618,0.06041398364123827,0.9400030880954048,1183.2732734236668,1.7307370290641304,1460.704697618,1183.2732734236668
94,749,1461.2910779783333,0.163443502707799,0.9399908642984686,1231.24184127,4.319774926420572,1461.2910779783333,1231.24184127
94,735,1461.107527202,0.3155401298760187,0.9400241253231534,1260.9841168723333,3.5442557807842547,1461.107527202,1260.9841168723333
94,722,1461.4844968613334,0.18942353790274888,0.9399862610930046,1309.0118358973334,5.486020067445529,1461.4844968613334,1309.0118358973334
94,708,1461.9323004323332,0.12804679790411547,0.939998766642005,1376.8651920470002,1.3952216740790426,1461.9323004323332,1376.8651920470002
94,696,1462.0855717743334,0.10043077358752163,0.9399942334894306,1437.8683209873334,3.769230843095756,1462.0855717743334,1437.8683209873334
94,683,1462.4034097443334,0.10727682084312459,0.9400342807143941,1483.973490196,1.9828424085052325,1462.4034097443334,1483.973490196
94,671,1462.5378586746665,0.24789161356899259,0.9400666429832688,1499.5508235293335,4.592291154919756,1462.5378586746665,1499.5508235293335
94,648,1463.156843178,0.15476393292663096,0.9399761838953694,1509.9683921570002,4.077574910877538,1463.156843178,1509.9683921570002
94,603,1464.4202964816668,0.07345184953485256,0.9399146771761627,1541.6058039216666,2.967174475193336,1464.4202964816668,1541.6058039216666
94,562,1465.3634471346668,0.0474022992078114,0.9400207242965083,1570.0788529566664,3.2189835808269978,1465.3634471346668,1570.0788529566664
94,522,1465.7572743700002,0.20840814313578648,0.9400005090279929,1576.3623449643335,2.995599471483677,1465.7572743700002,1576.3623449643335
94,486,1466.2264099486667,0.1272291495810619,0.9399680436896594,1578.117774914,5.441964005584108,1466.2264099486667,1578.117774914
94,421,1467.1588933243331,0.12940286008918023,0.939950116577705,1576.1301448716667,9.006361571969041,1467.1588933243331,1576.1301448716667
94,316,1468.500242315,0.33970620577720845,0.9398952697136979,1578.6718461540001,5.931207991870901,1468.500242315,1578.6718461540001
94,100,1471.2407358996668,0.14150062818561174,0.9399847302118323,1584.773063001,9.269509247489985,1471.2407358996668,1584.773063001
94,10,1471.4166157783336,0.18916771725968992,0.9399848493709478,1581.8960833333333,3.855959286718774,1471.4166157783336,1581.8960833333333
94,1,1471.505798528,0.04163381063988364,0.9399767677886718,1589.4598333333333,7.0926640108519,1471.505798528,1589.4598333333333
94,0,1471.3800564756666,0.06066511303590287,0.9399766242777455,1583.2508333333335,8.03571895637431,1471.3800564756666,1583.2508333333335
95,100000,11.956769461,0.0018781268065308691,0.9483020275489394,363.2979130436667,0.1082061712820584,0.0,363.2979130436667
95,100000,11.956769461,0.0018781268065308691,0.9483020275489394,363.2979130436667,0.1082061712820584,11.956769461,363.2979130436667
95,31622,37.297071677999995,0.031308962314723854,0.9514192789878259,364.50235748766664,0.16912973988903557,37.297071677999995,364.50235748766664
95,17782,66.237766889,0.057150978307373125,0.9497485730239807,365.8640772946667,0.23810277438022875,66.237766889,365.8640772946667
95,10000,117.77477311133333,0.01066913023961372,0.9513084884198624,367.9458235293334,0.06001946072768646,117.77477311133333,367.9458235293334
95,5623,209.335276984,0.017384304066019318,0.9499836811249063,371.81072549000004,0.06455483267660514,209.335276984,371.81072549000004
95,4216,279.04522004266664,0.01018205777247631,0.950014964276425,375.1736915423333,0.07453932398097662,279.04522004266664,375.1736915423333
95,3162,371.8913015386667,0.07762571432725045,0.9502282244632649,380.52133333333336,0.21716246743795328,371.8913015386667,380.52133333333336
95,2371,495.74316655166666,0.06198768929616906,0.9500765523263373,389.38461538466663,0.08408295667697535,495.74316655166666,389.38461538466663
95,1778,660.28089185,0.04724335389481213,0.9499966563500326,402.79265608500003,0.06603682313724225,660.28089185,402.79265608500003
95,1539,763.3700690623333,0.06003218707330158,0.9501861571944566,412.5215956283334,0.04623784752430127,763.3700690623333,412.5215956283334
95,1333,881.4278037153332,0.02409597053885926,0.9500564310768231,424.80813559300003,0.10547943374069371,881.4278037153332,424.80813559300003
95,1154,1017.4495156086667,0.03177333977854958,0.9501302886465192,443.8666900586666,0.22770694251378215,1017.4495156086667,443.8666900586666
95,1074,1092.7146053010001,0.09419863006996586,0.950103292612391,458.66596363633334,0.1354767568896207,1092.7146053010001,458.66596363633334
95,1000,1173.1745601916666,0.07881949990002389,0.9500908042485269,482.1157179486666,0.26481115686335593,1173.1745601916666,482.1157179486666
95,930,1261.7292567943334,0.03552181309053445,0.9500556252674589,525.2993333333334,0.20656871016738212,1261.7292567943334,525.2993333333334
95,896,1309.6533442930001,0.03252399879800039,0.9500384027142815,561.560474074,0.12699545101706672,1309.6533442930001,561.560474074
95,865,1356.3009815316666,0.07053058319922724,0.9500622888078117,610.7092813006667,0.22581857315315002,1356.3009815316666,610.7092813006667
95,848,1383.4054261373333,0.025311713358028048,0.9500444081674013,646.967179487,0.33013603470937425,1383.4054261373333,646.967179487
95,833,1408.233367124,0.12027053950422287,0.9500300234227698,689.063747748,0.4908202681300243,1408.233367124,689.063747748
95,825,1421.7462024486667,0.02013478539461759,0.9500010090816319,720.1588190476667,0.2755519662535985,1421.7462024486667,720.1588190476667
95,818,1433.9583414299998,0.045226710914573726,0.9499765250625968,755.6055686276667,0.19601035676943646,1433.9583414299998,755.6055686276667
95,813,1442.6137116613336,0.02835627514108333,0.9499231222257105,793.3044166666667,1.5769732298641501,1442.6137116613336,793.3044166666667
95,810,1447.432282421,0.02505951586364287,0.9499824733626293,838.2784444443333,3.0545170932308645,1447.432282421,838.2784444443333
95,804,1456.057548111333,0.1225340928349708,0.9500487362759324,952.1294320986667,1.2150413192988727,1456.057548111333,952.1294320986667
95,799,1460.3333465120002,0.10268941561037076,0.9500381027036958,1045.619718786,0.5796161282597907,1460.3333465120002,1045.619718786
95,796,1461.1745783136666,0.12015158998910681,0.9500446657789023,1081.365777778,2.41809614235104,1461.1745783136666,1081.365777778
95,792,1462.0363709776666,0.06000709263116384,0.9500284759543037,1111.8721739129999,1.9511911614869974,1462.0363709776666,1111.8721739129999
95,789,1461.8617069736665,0.028237281971498805,0.9500169781852351,1126.072695652,0.9268749615263034,1461.8617069736665,1126.072695652
95,776,1462.1185702740001,0.22809659892135356,0.9499888247598678,1168.2576363633334,0.22689255480312176,1462.1185702740001,1168.2576363633334
95,762,1462.3743329236668,0.23130802586754806,0.9500322666505511,1188.5472490423333,2.2417312174565907,1462.3743329236668,1188.5472490423333
95,749,1461.951294272,0.26383247024664386,0.950017077672765,1209.11415873,4.545662076346173,1461.951294272,1209.11415873
95,735,1462.5345586113333,0.05264141688891606,0.9499966115231823,1241.7980455156667,5.304410303234875,1462.5345586113333,1241.7980455156667
95,722,1462.6613358193333,0.2182840122543967,0.9500335161665441,1282.5948666666666,2.5096412519189983,1462.6613358193333,1282.5948666666666
95,708,1463.1084767366667,0.15104760628325373,0.9499756681841761,1348.1781052630001,1.5008496354174574,1463.1084767366667,1348.1781052630001
95,696,1463.1450033833335,0.15899470505245036,0.9500408939888328,1413.0016790123334,4.7576711769001605,1463.1450033833335,1413.0016790123334
95,683,1463.4633878673333,0.07540577440729217,0.9500335205400453,1460.0693343766668,1.8299733923268922,1463.4633878673333,1460.0693343766668
95,671,1463.8470950413332,0.07537320011894669,0.9500749438197974,1486.2149803923332,3.7642434593408916,1463.8470950413332,1486.2149803923332
95,659,1464.1182440683333,0.15651715321418336,0.950052445606584,1488.1005751633336,6.21325543457275,1464.1182440683333,1488.1005751633336
95,648,1464.339134792667,0.061175701907791265,0.9500304116776928,1498.3502745096666,6.497079803383484,1464.339134792667,1498.3502745096666
95,603,1465.5029721283333,0.2196779656016765,0.9499866319103177,1525.666745098,2.047762020602185,1465.5029721283333,1525.666745098
95,562,1466.25118151,0.2815415796233819,0.9500117604916783,1552.5645898040002,6.462549755949733,1466.25118151,1552.5645898040002
95,522,1466.365051505,0.18695791844387932,0.9499862727658607,1553.1363541293333,6.460219013779524,1466.365051505,1553.1363541293333
95,486,1467.1821215680002,0.040068174898002,0.9500105711309011,1553.1074942933335,7.1082071029865554,1467.1821215680002,1553.1074942933335
95,421,1468.2908511323333,0.13272686260669941,0.9500479391694681,1559.000133876,3.5741004937253336,1468.2908511323333,1559.000133876
95,316,1470.1095720206667,0.1499655234469494,0.9500548290403646,1557.666544703,4.142275525315549,1470.1095720206667,1557.666544703
95,100,1473.8522649006666,0.6736748876493458,0.9499838930577953,1560.6548440533334,9.5493275677759,1473.8522649006666,1560.6548440533334
95,10,1474.1815459846666,0.231356495567602,0.9499843793446864,1552.7545099810002,6.333959874210845,1474.1815459846666,1552.7545099810002
95,1,1474.4417997550001,0.20373945981764155,0.9499841637957186,1556.996866743,13.232502180813697,1474.4417997550001,1556.996866743
95,0,1474.3936617753334,0.2354260666257928,0.9499845169506397,1558.0587687186664,7.700375655987701,1474.3936617753334,1558.0587687186664
96,1000000,1.2463238341666667,0.000408681304816992,0.9553747136473358,362.82166183566665,0.16524931359281092,0.0,362.82166183566665
96,1000000,1.2463238341666667,0.000408681304816992,0.9553747136473358,362.82166183566665,0.16524931359281092,1.2463238341666667,362.82166183566665
96,100000,11.957590303666665,0.002536976811786776,0.9594539142029976,363.332763285,0.07830854072573165,11.957590303666665,363.332763285
96,31622,37.30223213366667,0.0038559080714741737,0.9590626708855229,364.48359420266667,0.08767864392609818,37.30223213366667,364.48359420266667
96,17782,66.26043449466667,0.029410436681663085,0.958846252481087,365.6622608696667,0.09087590293488382,66.26043449466667,365.6622608696667
96,10000,117.775986003,0.014492176616851347,0.9607334791564007,367.70089460033336,0.14793689245499847,117.775986003,367.70089460033336
96,5623,209.269982719,0.008815975976531729,0.9597446689574182,371.18843137233335,0.08521175181395349,209.269982719,371.18843137233335
96,4216,278.9965588196667,0.03618263009674467,0.9598169138155948,374.3699502486667,0.05729951154095164,278.9965588196667,374.3699502486667
96,3162,371.94825751266666,0.04783468625132022,0.9600842790625577,379.24088888866663,0.23350442640660243,371.94825751266666,379.24088888866663
96,2371,495.655519696,0.15754847924667517,0.9599084168241759,387.21698461533333,0.20124853359273892,495.655519696,387.21698461533333
96,1778,660.2252005276666,0.030044019862059755,0.9599540044648135,399.37432804200006,0.033666503205110866,660.2252005276666,399.37432804200006
96,1539,763.5028517986666,0.01306968869972651,0.9601107568267593,408.87552688200003,0.0987117085157767,763.5028517986666,408.87552688200003
96,1333,881.4843813913334,0.01117568690850095,0.9599787202087852,420.4714000003333,0.13260125690708233,881.4843813913334,420.4714000003333
96,1154,1017.4409241883333,0.047106538918730956,0.9600344574526414,438.40493180233335,0.1689269751000269,1017.4409241883333,438.40493180233335
96,1074,1092.8789833766666,0.09243856485535121,0.9600296800061124,452.1455238093333,0.14254376947727465,1092.8789833766666,452.1455238093333
96,1000,1173.3940667223335,0.14353128623861336,0.9600263588499383,473.51255345933333,0.08927843581557343,1173.3940667223335,473.51255345933333
96,930,1261.7553613463333,0.031606006934416675,0.9599851075326064,511.340489796,0.44292035318201595,1261.7553613463333,511.340489796
96,896,1309.6385836693332,0.041188983338416946,0.9600075310733708,543.9812212006667,0.07308377465956861,1309.6385836693332,543.9812212006667
96,865,1356.487196635,0.11549324084477586,0.9600023014097504,588.3673798446666,0.6476742187850321,1356.487196635,588.3673798446666
96,848,1383.5660274049999,0.1238991955162478,0.9600085069810113,622.533788618,0.6231118719175186,1383.5660274049999,622.533788618
96,833,1408.2777096483333,0.07896266601459377,0.9599812206037734,662.7221052633334,0.10472668568711935,1408.2777096483333,662.7221052633334
96,818,1433.9045040983335,0.06860458764879447,0.9598917276411489,725.7020571429999,1.3841619013705075,1433.9045040983335,725.7020571429999
96,813,1442.7351363223333,0.11631331508676052,0.9598877915587095,757.628027996,0.23903920170660783,1442.7351363223333,757.628027996
96,810,1448.049435134,0.045166183084468216,0.959871446704511,781.6917940763333,0.39178858223211227,1448.049435134,781.6917940763333
96,807,1453.149348798,0.09948817100678918,0.9599085469010764,816.8136774193332,1.0935638555147646,1453.149348798,816.8136774193332
96,806,1454.7508505156666,0.06304866585481692,0.9599459045684143,834.8519298436667,1.2242006793019666,1454.7508505156666,834.8519298436667
96,804,1457.5178338529997,0.1580564962901241,0.9599397863838371,882.6529195403333,1.2272084683542452,1457.5178338529997,882.6529195403333
96,799,1463.1871200516669,0.15729808120321698,0.9599931580016626,991.2745128203333,0.6639115634692841,1463.1871200516669,991.2745128203333
96,796,1464.5271136143335,0.13850941396119051,0.9599728218904794,1044.1560077143333,2.54116395711085,1464.5271136143335,1044.1560077143333
96,792,1465.460657861,0.08766604799942207,0.9599785423775185,1087.370983871,3.3233148101279295,1465.460657861,1087.370983871
96,789,1465.0743834353334,0.16093889571445763,0.9600152041940989,1102.9307826086667,2.9678902905490143,1465.0743834353334,1102.9307826086667
96,776,1465.4216330853333,0.07511925074685416,0.9599686439074548,1150.1335757576664,0.9950414308152158,1465.4216330853333,1150.1335757576664
96,762,1465.668391901,0.023567882571530776,0.9600053671324321,1169.137878788,3.3805555872772195,1465.668391901,1169.137878788
96,749,1465.557939522,0.05967806691226643,0.9599997107357462,1194.8717422966668,0.40436543697889005,1465.557939522,1194.8717422966668
96,735,1465.8848103673333,0.08113913002390381,0.9599763691127811,1221.8516825396666,2.0624043503001848,1465.8848103673333,1221.8516825396666
96,722,1466.3802828966666,0.07464411558901951,0.9600169879965263,1262.4714000000001,3.440210336592807,1466.3802828966666,1262.4714000000001
96,708,1466.2670625066667,0.06546343151533317,0.9599464148109531,1323.169241285,1.9821708667854068,1466.2670625066667,1323.169241285
96,696,1466.5125279276665,0.13015776388931108,0.9599802743273709,1386.231432072,4.089638599485522,1466.5125279276665,1386.231432072
96,683,1466.7935729406665,0.09967684325834285,0.9600100910908457,1443.6457530866667,7.328150417900021,1466.7935729406665,1443.6457530866667
96,671,1467.104517739,0.1776969925480745,0.9600178233072046,1469.466007453,8.154367212419118,1467.104517739,1469.466007453
96,648,1467.448526298,0.09247768926642967,0.9600138322154815,1483.6751173996665,7.754497483540183,1467.448526298,1483.6751173996665
96,603,1468.7604794309998,0.056567230425275665,0.9600015979717532,1503.308522876,5.857593305673603,1468.7604794309998,1503.308522876
96,562,1469.2855053889998,0.18862179917293254,0.9600015839878888,1528.5969325906665,4.680915131270414,1469.2855053889998,1528.5969325906665
96,522,1469.7257377226667,0.13988166295232649,0.9600051919334284,1529.5045490193334,8.370659932324854,1469.7257377226667,1529.5045490193334
96,486,1470.1164492316668,0.12581451615060527,0.960018653579145,1524.8295668846667,1.6497647639764013,1470.1164492316668,1524.8295668846667
96,421,1471.408726977,0.19126309723839965,0.9599777286267734,1526.8292392156666,5.700556083594323,1471.408726977,1526.8292392156666
96,316,1473.3555023693334,0.08085314237465162,0.9599480064153946,1520.9563921566667,6.549033052954578,1473.3555023693334,1520.9563921566667
96,177,1476.426843261,0.6282036800366726,0.959983747644459,1514.6480818346665,9.015087648127931,1476.426843261,1514.6480818346665
96,100,1478.0244410286668,0.2101789452173197,0.9599831123647312,1514.821537255,10.39895770608357,1478.0244410286668,1514.821537255
96,10,1478.495640065,0.02679556859542371,0.9599836281414977,1511.7678169933333,11.369666429626053,1478.495640065,1511.7678169933333
96,1,1478.6769846113332,0.135695383324802,0.9599833852678034,1520.473882353,0.8094055749301827,1478.6769846113332,1520.473882353
96,0,1478.6995731406666,0.1383724903831585,0.9599833317587638,1511.266222222,8.224300802313742,1478.6995731406666,1511.266222222
97,31622,37.326517814666666,0.020127749869517084,0.9686394094567689,364.41976811600006,0.09577167760420062,0.0,364.41976811600006
97,31622,37.326517814666666,0.020127749869517084,0.9686394094567689,364.41976811600006,0.09577167760420062,37.326517814666666,364.41976811600006
97,17782,66.281429983,0.056742021551918924,0.967950460266153,365.5578550723333,0.2254148841591902,66.281429983,365.5578550723333
97,10000,117.75655270066666,0.007508658963684376,0.9707275958327535,367.40565647600005,0.09345115221621277,117.75655270066666,367.40565647600005
97,7498,157.160622139,0.03174718212191823,0.9688342385756074,368.8235490193333,0.1579923162695191,157.160622139,368.8235490193333
97,5623,209.284677171,0.02134700600446216,0.9694214227732233,370.672764706,0.017737805676434987,209.284677171,370.672764706
97,4216,279.068628327,0.059865048390054604,0.9697007815391857,373.51500497533334,0.12092080569037515,279.068628327,373.51500497533334
97,3162,371.89490868433336,0.01552107106918398,0.9701146779862739,377.8801791046667,0.06290429821390672,371.89490868433336,377.8801791046667
97,2371,495.4991338933334,0.20826509628730197,0.969754000294147,384.968820513,0.08253031221369847,495.4991338933334,384.968820513
97,1778,660.347254067,0.019369071655327436,0.9698514385458434,396.17468750000006,0.03110296659884621,660.347254067,396.17468750000006
97,1539,763.4930302563333,0.009824442466240084,0.9700211192479857,404.7611827956666,0.1370464780249371,763.4930302563333,404.7611827956666
97,1333,881.5416860696668,0.0654091188187072,0.9699815757702194,415.7720655736666,0.031160790994463942,881.5416860696668,415.7720655736666
97,1154,1017.4637602323334,0.05629098995587203,0.9699629885009015,432.27942528733337,0.20802022815350024,1017.4637602323334,432.27942528733337
97,1000,1173.3259865853333,0.1172542264974375,0.9699598548556324,463.11078251233334,0.23536258283751343,1173.3259865853333,463.11078251233334
97,930,1261.801628933,0.016472647724514292,0.9699628189271223,495.585647059,0.40613436910062223,1261.801628933,495.585647059
97,896,1309.6951413396669,0.0585565946387808,0.9699563625451817,522.7977777780001,0.3063497722991279,1309.6951413396669,522.7977777780001
97,865,1356.4576253736666,0.03887007425689129,0.9699490324567465,561.048,0.6020907637641062,1356.4576253736666,561.048
97,848,1383.561188206,0.03147114354928079,0.969956364652185,590.435844961,0.4745303320757723,1383.561188206,590.435844961
97,833,1408.3251182853335,0.021271156950203974,0.9699618673422222,626.8711999999999,0.27815522644741913,1408.3251182853335,626.8711999999999
97,818,1433.880840324,0.07673163706072687,0.9699047689670964,681.581045045,0.40498817228551026,1433.880840324,681.581045045
97,810,1448.1194440836664,0.009648866795211885,0.9698951818780627,728.5569904763333,0.6321410568208776,1448.1194440836664,728.5569904763333
97,804,1458.6895418196666,0.08828259901273959,0.9698604443513071,781.535129331,1.8115392189523865,1458.6895418196666,781.535129331
97,801,1464.0230736506667,0.059013534200084254,0.9699188004459001,819.5620645160001,1.317865275028437,1464.0230736506667,819.5620645160001
97,799,1467.147605007667,0.10353642804961921,0.9699560622975447,860.6663761096667,0.5006576855545474,1467.147605007667,860.6663761096667
97,796,1470.1053226223332,0.10941464647876968,0.9700104772697719,940.3379753086666,2.7827112430602936,1470.1053226223332,940.3379753086666
97,793,1471.509987718,0.04781789909288761,0.9700040990958909,1004.4227347853333,0.8052748070545338,1471.509987718,1004.4227347853333
97,792,1472.424853491,0.07741441460129894,0.9699715915064252,1024.8114666666668,2.451483985290074,1472.424853491,1024.8114666666668
97,789,1472.1570403803332,0.1506837670043671,0.970024637607113,1055.5552777780001,1.4317160869681913,1472.1570403803332,1055.5552777780001
97,782,1472.235935203,0.2762135014418181,0.9699668231647692,1099.3819710146668,2.7494147161954356,1472.235935203,1099.3819710146668
97,776,1472.2377563153332,0.16383903708499709,0.9699778887030542,1117.8478260873335,3.0898311221058137,1472.2377563153332,1117.8478260873335
97,762,1472.3282698913335,0.16360157630429195,0.9699965087145276,1142.7416794609999,6.07538833341274,1472.3282698913335,1142.7416794609999
97,749,1472.3514331153335,0.06898391397791508,0.9699808248083693,1162.9567878786665,1.3048435430755132,1472.3514331153335,1162.9567878786665
97,735,1472.7227849966666,0.09003356713694138,0.9699841912995248,1191.0525825806667,3.740837444967253,1472.7227849966666,1191.0525825806667
97,722,1473.1347284180001,0.1814823391228946,0.9699383772233624,1223.9916825396667,4.4680944183305575,1473.1347284180001,1223.9916825396667
97,708,1473.4258790673332,0.22990077621129595,0.9700193343215386,1282.8440666666668,3.8608449299774388,1473.4258790673332,1282.8440666666668
97,696,1473.763178902,0.14367228986554964,0.9699787211077403,1340.6111111113335,2.52594769105639,1473.763178902,1340.6111111113335
97,683,1473.83359016,0.20527812364766973,0.9700169530476482,1404.882806734,3.622574852200143,1473.83359016,1404.882806734
97,671,1474.1465735933334,0.16917887961271016,0.969998752077577,1439.3690370370002,9.119609939497698,1474.1465735933334,1439.3690370370002
97,659,1474.6408152326667,0.15297769829963379,0.9700170856024627,1454.1894645766668,2.5591203897794794,1474.6408152326667,1454.1894645766668
97,648,1474.7717688763335,0.24887865502690878,0.9700366861060856,1463.0646186553333,3.30241523940813,1474.7717688763335,1463.0646186553333
97,603,1476.128364639,0.14112620947387505,0.9700088653386779,1475.7611308593332,3.2957603196195038,1476.128364639,1475.7611308593332
97,562,1476.5960599573336,0.27876064195732797,0.9700541076173285,1487.1058283603334,6.230064741669894,1476.5960599573336,1487.1058283603334
97,486,1477.6014743363332,0.10681548003051744,0.9699722033054973,1485.5990394996668,0.3651496147611113,1477.6014743363332,1485.5990394996668
97,421,1479.2097743273334,0.2065394641714907,0.9699840782357388,1483.254903983,7.490353074846954,1479.2097743273334,1483.254903983
97,316,1482.2970613306668,0.1365807063655688,0.970000132353786,1477.3296065503334,3.963151270565505,1482.2970613306668,1477.3296065503334
97,177,1484.1391398596668,1.3372096036458887,0.9699832776559075,1450.8295828676667,13.379345579741475,1484.1391398596668,1450.8295828676667
97,100,1488.7026419703334,0.38361901446496877,0.9699827293952747,1450.2879846263331,4.4904359703014896,1488.7026419703334,1450.2879846263331
97,10,1489.3550224969997,0.17808741348934623,0.9699828619565883,1452.594732738,6.4269245701859266,1489.3550224969997,1452.594732738
97,1,1489.6080532626665,0.1443661487895168,0.9699830858396519,1458.8147447350002,11.244988604332402,1489.6080532626665,1458.8147447350002
97,0,1489.516509209,0.28417423111691525,0.9699831308143453,1454.2475941576668,4.765526290195738,1489.516509209,1454.2475941576668
98,1000000,1.2408769113333333,0.0006943875510290957,0.978877913757784,363.010048309,0.0908111887081414,0.0,363.010048309
98,1000000,1.2408769113333333,0.0006943875510290957,0.978877913757784,363.010048309,0.0908111887081414,1.2408769113333333,363.010048309
98,100000,11.972267714,0.0024563585431539295,0.9819331597129418,363.2282705313333,0.08638259055750393,11.972267714,363.2282705313333
98,31622,37.446041339333334,0.004453169734145787,0.9801196447492075,364.40067632866663,0.16876477824291358,37.446041339333334,364.40067632866663
98,17782,66.294283855,0.08492965561945223,0.979198200995581,365.45503381633335,0.20274154860571397,66.294283855,365.45503381633335
98,10000,117.75552663999999,0.055820552501093954,0.9800262233989785,367.25394691233333,0.28685587077638813,117.75552663999999,367.25394691233333
98,5623,209.21994291800002,0.0323935415698824,0.9800512249368992,370.3575098036667,0.06705754194051265,209.21994291800002,370.3575098036667
98,4216,278.99272340399995,0.03691450158108542,0.9799274649957201,372.9378340206667,0.07574588763694273,278.99272340399995,372.9378340206667
98,3162,371.9290242736667,0.046843412654275676,0.9800444113064871,376.88595024866663,0.04797379298936031,371.9290242736667,376.88595024866663
98,2371,495.29815196833334,0.06833963664880827,0.979996937197459,383.2326060606667,0.10342659993223455,495.29815196833334,383.2326060606667
98,1778,660.5467804993333,0.042239823660328794,0.9799953436498169,393.3682708333333,0.037958876459684134,660.5467804993333,393.3682708333333
98,1333,881.5702473153333,0.043549193845662436,0.9799851565561654,410.9141639343334,0.038209256989828536,881.5702473153333,410.9141639343334
98,1154,1017.385395023,0.04414474796975235,0.9800008579475811,425.69839548,0.11091223606320556,1017.385395023,425.69839548
98,1000,1173.4596309083333,0.22590144355674235,0.9799904196438677,452.433857143,0.18663354878607746,1173.4596309083333,452.433857143
98,930,1262.0134426623333,0.042431715140689615,0.9799759423613604,479.2190943396667,0.12994155411549468,1262.0134426623333,479.2190943396667
98,896,1309.7808132483333,0.0965591962934733,0.9799763565739811,500.8979733333333,0.20493389893652997,1309.7808132483333,500.8979733333333
98,865,1356.4645592193333,0.0301508518137699,0.9799735136461494,531.8065526290001,0.2067574110117158,1356.4645592193333,531.8065526290001
98,848,1383.4324762766666,0.12467776660582924,0.9799657318501157,556.8584296296667,0.1774924230524284,1383.4324762766666,556.8584296296667
98,833,1408.5700926073332,0.013969487846054693,0.97997706316492,586.4951007753333,0.27230430798384403,1408.5700926073332,586.4951007753333
98,818,1434.1140166436664,0.03806805143095157,0.9799807882735069,632.4408333333333,0.20045199757879462,1434.1140166436664,632.4408333333333
98,810,1448.207649955,0.028305469511075737,0.9799872550837513,668.349719298,0.3471808159283852,1448.207649955,668.349719298
98,804,1458.9166156953333,0.039922105706600514,0.9799782021383528,707.0519629629999,0.055277340235709585,1458.9166156953333,707.0519629629999
98,799,1467.9243324796669,0.05330896111834857,0.9799754264635913,750.6155294116667,0.8495865959564702,1467.9243324796669,750.6155294116667
98,796,1473.2693582229997,0.052197169188487005,0.9799991490275061,788.3114428293334,2.4602405548619255,1473.2693582229997,788.3114428293334
98,792,1480.5108905926666,0.12334621860826905,0.9800060979980816,861.112180791,0.35312945430138504,1480.5108905926666,861.112180791
98,789,1483.6830567183333,0.10858880424767804,0.9800195270208977,940.5929876543333,2.074545683651313,1483.6830567183333,940.5929876543333
98,785,1484.5829114073333,0.06327839135646879,0.980000805146985,1023.7860266666667,2.7864180824372835,1484.5829114073333,1023.7860266666667
98,782,1484.5848477813333,0.15756627389580882,0.9800045627477886,1054.069611111,1.3692086756120376,1484.5848477813333,1054.069611111
98,776,1484.1049515659997,0.24205312626858613,0.9799984024420408,1084.0430763716668,3.6205694366328047,1484.1049515659997,1084.0430763716668
98,768,1483.7246047416666,0.09401695234851698,0.979999376727308,1099.934550725,1.1700459115935748,1483.7246047416666,1099.934550725
98,762,1484.1699946073334,0.19140486986823235,0.9800017227923951,1112.8856231886666,3.6118247147726246,1484.1699946073334,1112.8856231886666
98,749,1483.9746847686665,0.07365964768307325,0.9799962288505903,1130.3717228859998,3.4588168688539724,1483.9746847686665,1130.3717228859998
98,735,1484.0152496176668,0.07915688579072322,0.980000964942831,1154.6386666666667,2.861781577367821,1484.0152496176668,1154.6386666666667
98,722,1484.4494119419999,0.25164215430420167,0.9799980348947145,1180.8766116336667,2.292293940721381,1484.4494119419999,1180.8766116336667
98,708,1484.2348434473333,0.147171861053298,0.9799960295715185,1223.477777778,2.052972645430949,1484.2348434473333,1223.477777778
98,696,1484.6964239536667,0.3104350237777542,0.980023255201127,1292.0509333333332,2.7672842451279562,1484.6964239536667,1292.0509333333332
98,683,1485.1125785926668,0.13145522109836993,0.9799982164723104,1367.1776140353334,2.8357277555463885,1485.1125785926668,1367.1776140353334
98,671,1485.1316142040002,0.08776298064232402,0.9800086947139866,1403.0156936936667,11.61217341236664,1485.1316142040002,1403.0156936936667
98,659,1485.7297560823336,0.08234277340188315,0.9800128631329791,1422.0447754786667,5.441812624350387,1485.7297560823336,1422.0447754786667
98,648,1485.8021981126667,0.153747740632859,0.9800197141757976,1425.0718271606668,4.208090060668571,1485.8021981126667,1425.0718271606668
98,625,1486.523121839,0.125599377595796,0.9799878162288387,1422.573074074,5.110008101438953,1486.523121839,1422.573074074
98,603,1487.0136784103333,0.07911151792305916,0.9799999961576606,1439.8654814813333,12.590340310969486,1487.0136784103333,1439.8654814813333
98,582,1487.527263708,0.056352585121905045,0.9799978185271417,1426.1952296296668,2.630111261122503,1487.527263708,1426.1952296296668
98,562,1487.6921452999998,0.05797358336308553,0.9800021454749986,1432.809111111,11.393952849343204,1487.6921452999998,1432.809111111
98,421,1489.9636085769998,0.06186687415463454,0.9799924931694851,1424.8394814813335,0.31823652436260674,1489.9636085769998,1424.8394814813335
98,316,1492.345376943,0.09801403745155558,0.9799871792612714,1415.7415340996668,4.53624425702334,1492.345376943,1415.7415340996668
98,177,1494.0814953850002,0.998734399154344,0.9799826555393185,1379.082543158,6.301381828412155,1494.0814953850002,1379.082543158
98,100,1499.7713636193332,0.7990194044503203,0.9799823492268276,1374.745971089,3.9969930008672208,1499.7713636193332,1374.745971089
98,31,1501.7877317076666,0.6072280175516575,0.979981933846712,1364.6923837023332,1.9639913480021443,1501.7877317076666,1364.6923837023332
98,10,1501.376393529,0.4121442986089947,0.9799817676959313,1374.738024783,2.3090460030859474,1501.376393529,1374.738024783
98,1,1501.4519909033334,0.901090511452196,0.9799819918248152,1369.6436573243334,1.5296224677270096,1501.4519909033334,1369.6436573243334
98,0,1501.4460952766667,0.559156788523478,0.979981875034316,1360.8279298246666,11.916284914825132,1501.4460952766667,1360.8279298246666
99,31622,37.44534298633334,0.008211766872097624,0.9915902396913094,364.19611594233334,0.07450615130936436,0.0,364.19611594233334
99,31622,37.44534298633334,0.008211766872097624,0.9915902396913094,364.19611594233334,0.07450615130936436,37.44534298633334,364.19611594233334
99,17782,66.13175844,0.0013396415340772671,0.9883051569592295,365.2253333333333,0.15448337813024615,66.13175844,365.2253333333333
99,10000,117.80734733233334,0.02432543616714036,0.990514706365763,366.96081159433334,0.20979981684841917,117.80734733233334,366.96081159433334
99,5623,209.30149396466666,0.01474655831636843,0.9895607506973056,369.714176471,0.06266025815311103,209.30149396466666,369.714176471
99,4216,279.1164527696667,0.0502802386446791,0.9898731512318379,372.08170588266665,0.08310815484420254,279.1164527696667,372.08170588266665
99,3162,371.95119407199996,0.021606168975421645,0.990145939977864,375.40280597,0.06740478299085895,371.95119407199996,375.40280597
99,2371,495.764903693,0.16909931880805382,0.9900931603404937,381.05747474733334,0.061120793707566165,495.764903693,381.05747474733334
99,1778,660.4335833586666,0.0258616724950794,0.9898961658889908,389.8688,0.07295469591550188,660.4335833586666,389.8688
99,1539,763.5440109673333,0.03413414852162844,0.9900715589213714,396.42217067,0.08122687073326544,763.5440109673333,396.42217067
99,1333,881.5834856513333,0.029089623189723218,0.9900092333671391,405.05498924733337,0.05910087127951747,881.5834856513333,405.05498924733337
99,1154,1017.5947352613333,0.08107023528380014,0.9900127504812367,417.71364444466667,0.1194500235977579,1017.5947352613333,417.71364444466667
99,1000,1173.4435254513335,0.03996637255639969,0.9899819323331313,439.010513445,0.18138202588370134,1173.4435254513335,439.010513445
99,930,1261.9900993536667,0.02247131523986576,0.9899660312215125,458.31803636366664,0.10135549404982185,1261.9900993536667,458.31803636366664
99,865,1356.5704085183334,0.05037740443119728,0.9899486430052055,494.88081045766666,0.033862134281819174,1356.5704085183334,494.88081045766666
99,833,1408.731203413,0.03633600467648941,0.9899490092711,531.0623595113333,0.3588878839896859,1408.731203413,531.0623595113333
99,818,1434.243520285,0.044178294936475286,0.9899538459502036,559.6211851853333,0.5473883752545576,1434.243520285,559.6211851853333
99,804,1459.0625927306667,0.03339572379859737,0.9899695117938186,601.6417142856667,0.7214957442075858,1459.0625927306667,601.6417142856667
99,796,1473.7530581816666,0.06012080112190127,0.9899640841708667,639.6178436060001,0.5272977425766865,1473.7530581816666,639.6178436060001
99,789,1486.6405453553332,0.07733662851692835,0.9899773829348807,686.8874234236667,0.7822273034911228,1486.6405453553332,686.8874234236667
99,785,1493.819050608333,0.10945304509723243,0.9900077598148781,729.3393904760001,0.2321067265218796,1493.819050608333,729.3393904760001
99,782,1499.064461364,0.0935644976743222,0.990039053986683,771.0153131313333,1.849922510289942,1499.064461364,771.0153131313333
99,778,1505.2632383176667,0.2843698693835223,0.9900718418710853,845.5736,2.506751888493179,1505.2632383176667,845.5736
99,776,1507.9653100373334,0.04349561924895556,0.9900604831266325,895.7725420556667,2.4348729167418712,1507.9653100373334,895.7725420556667
99,773,1509.7259438203334,0.18399672271588352,0.9900443203379526,971.8111203906668,3.8870628790509048,1509.7259438203334,971.8111203906668
99,771,1510.156846874,0.0338759701081401,0.9900737177869701,999.8265966113335,1.4544683795592406,1510.156846874,999.8265966113335
99,768,1510.3068304313335,0.15832445173998583,0.9900442017735921,1033.53008,1.3387872912453886,1510.3068304313335,1033.53008
99,764,1509.65241614,0.13539064065035777,0.9900553122514767,1055.7332777776667,3.2150628916969617,1509.65241614,1055.7332777776667
99,762,1510.0120272326667,0.14471986393993863,0.9900610684042404,1063.1580000000001,1.726187425751689,1510.0120272326667,1063.1580000000001
99,749,1509.3107062679999,0.3281987868498026,0.9900603660995411,1097.395277544,5.331217611727268,1509.3107062679999,1097.395277544
99,735,1509.5294930523332,0.3038134242592117,0.9900722601974205,1111.431478261,6.131069164986206,1509.5294930523332,1111.431478261
99,722,1509.8643590723332,0.21813714672166595,0.9900698953327809,1130.4677846793334,1.3712696329428615,1509.8643590723332,1130.4677846793334
99,708,1510.1414945213335,0.195557642263973,0.9900864506853987,1164.897212121,1.9422790764573057,1510.1414945213335,1164.897212121
99,696,1510.3718406963333,0.33287941675340277,0.9900451534041842,1214.5910476190002,6.4583986723553695,1510.3718406963333,1214.5910476190002
99,683,1510.7802861206667,0.28543129650032295,0.9900818153478953,1280.5476666666666,6.140179459428831,1510.7802861206667,1280.5476666666666
99,671,1511.0481232523332,0.133716166716321,0.9900918222254779,1352.9037076023333,2.3416354402921886,1511.0481232523332,1352.9037076023333
99,659,1511.3472767680003,0.10170458231789041,0.9900447206983651,1396.5699512356666,9.816167731922725,1511.3472767680003,1396.5699512356666
99,648,1511.1312791049997,0.25798780578469754,0.9900153108139547,1411.0396357013333,4.677958463442613,1511.1312791049997,1411.0396357013333
99,636,1512.2871357410002,0.0780758225498478,0.9900496239540945,1410.9822765393335,14.43780270958087,1512.2871357410002,1410.9822765393335
99,625,1511.8734845153333,0.18720374742943552,0.9900646461483097,1409.877259259,1.558566757433603,1511.8734845153333,1409.877259259
99,603,1512.4486302066664,0.31296240380169643,0.9900524889681592,1405.9369721976666,6.814967596358055,1512.4486302066664,1405.9369721976666
99,562,1512.8915745583333,0.2886873468854891,0.9900575316758333,1392.2555441096665,5.165213314948944,1512.8915745583333,1392.2555441096665
99,486,1514.20671272,0.2928603986489052,0.990080028939378,1389.9362886086667,8.206648450336003,1514.20671272,1389.9362886086667
99,421,1516.0418579833333,0.11325396523295432,0.9900590421279533,1367.4387836253334,7.254009742938269,1516.0418579833333,1367.4387836253334
99,316,1519.4782669116667,0.1030215154150203,0.9901153747548775,1346.4854219083334,5.573160392941001,1519.4782669116667,1346.4854219083334
99,177,1521.2066875603334,0.2585405819354041,0.9899820430188772,1279.282066842,7.402335290235978,1521.2066875603334,1279.282066842
99,100,1527.11183325,0.3811318707643006,0.9899819272037732,1258.818605417,3.367780201300937,1527.11183325,1258.818605417
99,10,1526.7165255783332,1.4712066843112352,0.9899815076708407,1243.9964552866666,14.572693733241497,1526.7165255783332,1243.9964552866666
99,1,1527.6660401536665,0.7643478804922709,0.9899815566847946,1246.340370225,13.427529613482028,1527.6660401536665,1246.340370225
99,0,1528.392393384,0.49084831287952596,0.9899818415266104,1253.2914124923334,6.149192877190738,1528.392393384,1253.2914124923334
100,100000,11.894171343000002,0.0038789746417087225,0.997625687457106,363.54003864733335,0.059122202852924674,0.0,363.54003864733335
100,100000,11.894171343000002,0.0038789746417087225,0.997625687457106,363.54003864733335,0.059122202852924674,11.894171343000002,363.54003864733335
100,31622,37.426169373,0.0002628913321820736,0.9992227468376284,364.20220289866666,0.14569661478316911,37.426169373,364.20220289866666
100,17782,66.42119145599999,0.003764394148226321,0.9995572261688411,365.31812560366666,0.08759651146634355,66.42119145599999,365.31812560366666
100,10000,117.89955143866666,0.0015923117695216358,0.9997568400176075,366.8617584543333,0.0500832776222026,117.89955143866666,366.8617584543333
100,5623,209.3184181083333,0.03979797376534381,0.999792758236486,369.427117647,0.029345100976416495,209.3184181083333,369.427117647
100,4216,279.0492325753334,0.007061326033362036,0.9998966108457846,371.22301960766663,0.07077427321089252,279.0492325753334,371.22301960766663
100,3162,372.03165164833337,0.03304120593233205,0.9999206096923832,374.0266467663333,0.020636719617863942,372.03165164833337,374.0266467663333
100,2371,495.06528733333334,0.0284255393069727,0.9999418984203516,378.664483341,0.040159850491405635,495.06528733333334,378.664483341
100,1778,660.2835724246667,0.1764073916551291,0.999956368106243,385.92539487199997,0.04985607974053711,660.2835724246667,385.92539487199997
100,1333,881.5449619676666,0.04399339680797336,0.9999663389159799,398.6097354496667,0.05061326431296769,881.5449619676666,398.6097354496667
100,1154,1017.3928736366666,0.0017426095184596472,0.9999705117425449,408.6937419353333,0.030486379928775627,1017.3928736366666,408.6937419353333
100,1000,1173.5492722503332,0.0235419225240179,0.9999736665390705,423.66545874133334,0.23685214618456643,1173.5492722503332,423.66545874133334
100,865,1356.4266103480002,0.29143089009535794,0.9999675149112655,453.1951904763334,0.12042656591394411,1356.4266103480002,453.1951904763334
100,833,1408.480765634,0.1911571709017,0.999966805573257,467.919259259,0.11977250931703642,1408.480765634,467.919259259
100,804,1458.861313479,0.27738132638458396,0.9999704878668544,489.49861538466666,0.06287015820137744,1458.861313479,489.49861538466666
100,789,1486.704562148,0.06243512180185939,0.9999816228107249,508.4661066666667,0.17191377063320046,1486.704562148,508.4661066666667
100,776,1511.5514305696668,0.059524438883608394,0.9999830154774285,532.6427361626667,0.18567711852839008,1511.5514305696668,532.6427361626667
100,768,1527.2087068043331,0.08214104303119787,0.9999821414487045,556.413049151,0.2021937308018747,1527.2087068043331,556.413049151
100,762,1539.4204536083332,0.4530302728384159,0.9999768070982039,579.9394629046666,0.503600288780267,1539.4204536083332,579.9394629046666
100,755,1553.2233217136666,0.08781471348470181,0.9999825645100149,624.8583374483334,0.7910207027827936,1553.2233217136666,624.8583374483334
100,751,1561.3779555936665,0.06716887570598465,0.9999825518179867,664.950736842,2.2606735371792497,1561.3779555936665,664.950736842
100,749,1565.7294576406666,0.1043005107741865,0.9999818238221939,691.8921360543333,1.179202832187538,1565.7294576406666,691.8921360543333
100,747,1569.6682438503333,0.14276470177975328,0.9999822423012518,736.2093155973333,1.6745537640260668,1569.6682438503333,736.2093155973333
100,746,1571.3375543126667,0.31787032202087645,0.9999817720530052,784.3144467833332,11.520666684463537,1571.3375543126667,784.3144467833332
100,744,1566.6621697546664,0.169131208115969,0.9999811101696893,873.1504367816666,5.951268966296175,1566.6621697546664,873.1504367816666
100,742,1565.064682226667,0.27642919668244215,0.9999809517988285,883.4969977816667,8.069670313623845,1565.064682226667,883.4969977816667
100,741,1564.4262105026667,0.392041584872292,0.9999810624642453,892.4190005523333,3.1844921662829986,1564.4262105026667,892.4190005523333
100,735,1563.2628284566665,0.2879713305741083,0.999974232646126,928.676634594,2.1870149839904403,1563.2628284566665,928.676634594
100,722,1563.4584229943332,0.022150846766548975,0.9999812294553597,974.45382906,1.6760771962919148,1563.4584229943332,974.45382906
100,708,1563.8273800473335,0.1537368009541843,0.9999813050204187,990.5279007876667,5.829500777408339,1563.8273800473335,990.5279007876667
100,696,1563.9544275669998,0.046438401476668036,0.999981015357842,1005.2800094433334,4.8559511515385045,1563.9544275669998,1005.2800094433334
100,683,1563.8137985743333,0.16113176900664483,0.9999814631789391,1026.11968,3.543492095433583,1563.8137985743333,1026.11968
100,671,1563.8414313196665,0.13854733458350513,0.9999810428403201,1050.8502199309999,3.8073635364407425,1563.8414313196665,1050.8502199309999
100,664,1564.0767660233334,0.05099416686975999,0.9999815749890996,1072.23067366,7.787120658287723,1564.0767660233334,1072.23067366
100,659,1564.182473695,0.10770004436623484,0.9999814189410751,1093.9872076396666,6.5139391707916054,1564.182473695,1093.9872076396666
100,653,1563.9815659733333,0.1850516008472623,0.9999808425492532,1134.3168695759998,9.734460903979528,1563.9815659733333,1134.3168695759998
100,648,1563.9235904329998,0.10839447989533964,0.9999760992711905,1159.1415550913332,3.4005125051866996,1563.9235904329998,1159.1415550913332
100,641,1564.0150473896667,0.07592414831532567,0.9999814998488029,1175.2123936003334,4.556882415671331,1564.0150473896667,1175.2123936003334
100,636,1564.830243332667,0.14809256267042673,0.999981416660252,1166.7060383016667,11.366328663486364,1564.830243332667,1166.7060383016667
100,625,1564.048478913667,0.15096288356199053,0.9999813628541299,1177.5347682196668,1.1232124363847718,1564.048478913667,1177.5347682196668
100,603,1564.4866933296664,0.08674160552283748,0.9999811504119629,1182.0778431953333,6.5564549007912225,1564.4866933296664,1182.0778431953333
100,562,1564.972381321,0.05817083385424892,0.9999815088947083,1167.8937135616668,6.563300550888629,1564.972381321,1167.8937135616668
100,486,1565.667335923,0.1259864283614228,0.9999813194193282,1147.4181566720001,9.592277983329549,1565.667335923,1147.4181566720001
100,421,1566.6874972816665,0.06979955686491474,0.9999814695985055,1130.4817673303332,8.850062284084506,1566.6874972816665,1130.4817673303332
100,316,1568.125719703,0.22022043961168827,0.9999812485514852,1109.4571515006667,7.457229317478872,1568.125719703,1109.4571515006667
100,177,1567.9192819263333,1.2441184469001962,0.9999813557909917,1074.233936047,1.173249989387014,1567.9192819263333,1074.233936047
100,100,1568.8956562503333,0.4838584862026612,0.9999815288632683,1062.1924444446668,4.1209759846191565,1568.8956562503333,1062.1924444446668
100,10,1568.153072113,0.8407149766411837,0.9999753320208523,1054.7422962963335,6.119298507420467,1568.153072113,1054.7422962963335
100,1,1570.3004095763333,0.7214475001310428,0.9999811725015201,1062.516148148,5.140711367205834,1570.3004095763333,1062.516148148
100,0,1569.3714776980003,1.5105726349730897,0.999974385211996,1060.4838555556669,5.782348300195688,1569.3714776980003,1060.4838555556669
