{
    "50": [
        [223.9406755282017, 385.9139070615324],
        [218.63464172751128, 356.4840500160403],
        [197.4616889134836, 233.80410201366865],
        [178.2241103686067, 192.1215113936438],
        [159.53006576134797, 171.05038777807258],
        [144.67746548675038, 159.37325581542578],
        [124.17462249985664, 146.98806784866554],
        [95.33955339277917, 134.87471784601487],
        [58.91325439143619, 125.60338875032107],
        [0.0, 119.08956989692352]
    ],
    "51": [
        [225.33768158020223, 389.89777372049815],
        [219.4354196379864, 348.4293419725033],
        [196.80432771353676, 225.63138234015196],
        [176.33906217858154, 187.84499371150585],
        [158.56470887884583, 168.98021965834934],
        [144.244699647273, 158.078027865422],
        [123.98077399277902, 146.32634736915688],
        [95.36153857548356, 134.39900754104357],
        [58.82873712858946, 125.46233119169769],
        [0.0, 116.325389059229]
    ],
    "53": [
        [228.4551760792672, 390.2662034922544],
        [223.3780255051184, 345.1034811057996],
        [210.4463505681705, 267.37464533487173],
        [104.03467966858568, 136.9475117029651],
        [79.35029189965003, 129.48212515647427],
        [43.35321688057701, 122.64798066854782],
        [0.0, 116.14325128391827]
    ],
    "54": [
        [226.4374153644288, 378.08584764254033],
        [221.2592278992813, 311.9647122143308],
        [200.40863154600584, 224.65044797986863],
        [194.1429537717196, 213.06354600910493],
        [175.5478241187617, 183.28812305559032],
        [159.53939249957898, 167.2819181122684],
        [136.32335276804963, 151.77555836390275],
        [105.83393153345423, 137.5915573693052],
        [74.62109215242457, 128.39889081529734],
        [40.86637155193044, 122.10617899213266],
        [0.0, 116.15501100589348]
    ],
    "56": [
        [229.41325377197003, 378.1064117510585],
        [224.2903571943084, 356.99862604155624],
        [218.6480857336892, 286.6614905187686],
        [196.3163415877165, 211.43810986075349],
        [137.44489606507182, 151.51435007836372],
        [104.8049149326093, 136.23777854105597],
        [80.12148360369704, 129.30540488862786],
        [43.89260612563194, 122.46504531350456],
        [0.0, 116.197894186192]
    ],
    "57": [
        [230.52323779894724, 384.6960012803144],
        [225.2658294801328, 316.8031373948849],
        [219.21332868076627, 286.4957867382388],
        [206.00991913380076, 233.34237946208464],
        [178.427231303428, 183.00946497203108],
        [162.19564327531805, 167.56989331070432],
        [130.36975746649438, 146.78207221675487],
        [99.74421232904622, 134.54430356194442],
        [61.56046893599423, 125.29628447369755],
        [0.0, 116.2060037966814]
    ],
    "58": [
        [227.72021491115603, 369.76560553818416],
        [215.95627430433032, 264.64087408321006],
        [191.3397639234236, 199.59326746242172],
        [173.39449552320988, 175.95087137538158],
        [153.0887563596522, 159.94940366885464],
        [138.0381906042823, 150.6228824933171],
        [105.68369714220738, 136.31140559672716],
        [80.67757933670718, 129.0786666050795],
        [44.14987787226325, 122.29938775567886],
        [0.0, 116.18963872530604]
    ],
    "59": [
        [226.0167214869277, 363.05948937632735],
        [220.99033268270355, 289.3918788185798],
        [213.04294300911155, 248.8308623318017],
        [204.5938531826772, 222.9188171566292],
        [187.26379323263225, 190.44901844364912],
        [157.7259217522325, 162.33493945309078],
        [132.45823122248154, 147.4892877403155],
        [101.19377208711698, 134.62330052067537],
        [77.17699016942738, 128.17177802251928],
        [42.2900205413594, 122.03981205890602],
        [0.0, 116.17794089651444]
    ],
    "60": [
        [227.6038127276338, 363.9982262518418],
        [222.4831436544224, 344.2872136384988],
        [216.2888934137064, 257.94782256124734],
        [194.44863721621445, 200.19016662509415],
        [173.033245967738, 174.26817602618326],
        [160.5996518776633, 163.4847292254708],
        [126.58571772884494, 144.02720823540133],
        [96.49623673709404, 132.8586497063542],
        [59.70604987723764, 124.76410569038576],
        [0.0, 116.17583484381272]
    ],
    "61": [
        [232.65301590741495, 384.3525397929393],
        [226.48361273939767, 358.166084113997],
        [220.57195814820167, 269.3766037329111],
        [213.73016323224715, 247.40819013281293],
        [207.0113451036084, 224.23615348874853],
        [185.8202381131617, 186.01459903387203],
        [167.7199292591645, 167.85734911201493],
        [151.31161968366692, 156.64844088870555],
        [134.25770965116251, 147.0708358602084],
        [99.22078567642431, 133.4261682543046],
        [61.28856749270636, 124.7555273208888],
        [0.0, 116.19318857378178]
    ],
    "62": [
        [231.34719409318723, 372.5731249023368],
        [225.567936860386, 343.3127716929352],
        [220.1241642734544, 260.59806533079404],
        [194.0282112736509, 196.8069841610517],
        [175.68746106092996, 174.5893676083758],
        [156.62910466050468, 157.86479415912575],
        [125.70399876863132, 142.50904075442514],
        [63.30767782314451, 125.0514685187092],
        [0.0, 116.1955396398282]
    ],
    "63": [
        [229.95044575093925, 350.3147663940886],
        [222.50686757068016, 270.8605561095198],
        [217.22068472785008, 245.49581199909065],
        [207.0927339174976, 218.42624689345],
        [188.63455864570696, 187.09558928549248],
        [164.6388687883323, 164.48083306543427],
        [149.2492812680128, 154.32783436289685],
        [135.8790832365961, 146.79673468611205],
        [99.35073601395054, 133.06035014929867],
        [59.2693665186028, 124.19723405383644],
        [0.0, 116.19236718066766]
    ],
    "64": [
        [232.1605986147173, 362.5010775699316],
        [226.7840588334431, 284.2972302956944],
        [221.77378384948747, 258.702635610752],
        [214.58171416450116, 231.41124528033967],
        [200.97107399912545, 203.01163408780656],
        [182.11363214384903, 177.6962970932574],
        [170.25717061785102, 167.74798966747747],
        [154.17847014184113, 156.51893302594084],
        [128.9020024113978, 143.5199558400478],
        [100.7142652606924, 133.2143040834184],
        [60.24449005329475, 124.3337023365874],
        [0.0, 116.19092418282712]
    ],
    "65": [
        [233.0546703824781, 354.2383275893464],
        [227.9016004720556, 285.24942127481194],
        [218.55058159027357, 244.7891540719753],
        [213.2398426793787, 229.5308880216564],
        [193.31344716903467, 189.5854040874286],
        [183.87184916464864, 178.9938453130201],
        [165.78693841208283, 163.33222567827772],
        [148.17944704554677, 151.86791171391886],
        [123.59875201826507, 140.79871711565931],
        [94.4067575594732, 131.2569491511491],
        [58.30667023808822, 123.96354859129536],
        [0.0, 116.15285468388876]
    ],
    "66": [
        [228.83265085576105, 339.1978794994323],
        [220.8811547294653, 249.9777953735457],
        [213.91816119969587, 230.9071834481049],
        [204.580445083366, 209.4392587106693],
        [181.2622459623035, 175.3418080156224],
        [165.60465231962417, 162.36956452009838],
        [134.14309538276808, 144.99330048383297],
        [115.55371453263184, 137.16215910111876],
        [88.27231920860123, 129.4365106872882],
        [54.52140529103294, 123.17912252028567],
        [0.0, 116.20505108291188]
    ],