read_pct_rounded,pause,bandwidth_mean,bandwidth_std,rd_percentage_actual_mean,latency_mean,latency_std,bandwidth_smooth,latency_smooth
50,40000,1.14919584,0.003936718009306831,0.4992068151740977,129.32276202038017,0.3629162761911779,1.14919584,129.32276202038017
50,5000,8.302219306666666,0.013379377125191359,0.5029678456309297,131.81881353305795,0.11386068664063267,8.302219306666666,131.81881353305795
50,3000,13.649354026666666,0.009863987253627712,0.5031423855364664,133.43761268256074,0.10431556269164952,13.649354026666666,133.43761268256074
50,2000,20.304143146666664,0.02115218419849188,0.5018816237136299,135.41230976287957,0.005606444655602014,20.304143146666664,135.41230976287957
50,1500,26.879668480000003,0.051544329166352716,0.5018827567252919,137.5640804727768,0.04688302305019606,26.879668480000003,137.5640804727768
50,1000,39.650170026666665,0.004013487116077599,0.5011267692756242,142.85534043761058,0.029582989473757544,39.650170026666665,142.85534043761058
50,900,43.900789546666665,0.011907298198288216,0.5008764128113123,145.13021485297102,0.061606417021726596,43.900789546666665,145.13021485297102
50,800,49.12708586666667,0.059533687800158164,0.5009713293437058,148.32954005058363,0.02623173239362304,49.12708586666667,148.32954005058363
50,700,55.71278016,0.02621835147562225,0.5007964357354688,153.1733806893582,0.08274498609655458,55.71278016,153.1733806893582
50,600,64.29074517333333,0.02366931416697006,0.5005882477703643,160.92042886778214,0.01959003796254093,64.29074517333333,160.92042886778214
50,550,69.61919274666667,0.027461545706283983,0.5004673226212722,166.5194009062296,0.1699436249586847,69.61919274666667,166.5194009062296
50,450,83.83098581333333,0.04206231541193302,0.5006242894523562,186.49417463066186,0.02297247837398763,83.83098581333333,186.49417463066186
50,380,97.56082624,0.055901938550191085,0.5006756611477498,219.9351078998311,0.063436685573935,97.56082624,219.9351078998311
50,340,107.72149205333334,0.1499405311825351,0.5005585474937145,270.0545064700903,0.3199827238003598,107.72149205333334,270.0545064700903
50,300,118.20161536,0.01877497936177014,0.500579317280631,383.3492193096677,0.34240469156212444,118.20161536,383.3492193096677
50,260,118.8324128,0.08213005187446491,0.5002464841517721,456.5461867230433,0.803754269503902,118.8324128,456.5461867230433
50,220,119.25257706666666,0.09665596143965476,0.49941541401767814,493.671479418156,0.4839352478597561,119.25257706666666,493.671479418156
50,200,119.03047786666666,0.10714728403053549,0.49905856456608416,504.6817098673705,0.5291717199139113,119.03047786666666,504.6817098673705
50,180,119.21468266666666,0.13058683377631222,0.49829989662592916,513.0253989364924,0.5082112020737239,119.21468266666666,513.0253989364924
50,160,119.29420074666666,0.016529590931629413,0.49761787230581317,516.7286825387226,0.4345173633732749,119.29420074666666,516.7286825387226
50,140,119.25391296,0.1544320097352557,0.495582373584045,517.6163686106013,0.24902659314961215,119.25391296,517.6163686106013
50,100,119.09739200000001,,0.5048428237622533,520.032173225465,1.7015618948482285,119.09739200000001,520.032173225465
50,90,119.07613077333333,0.11328456369624824,0.5046381472195473,518.3594881129437,0.6142439466077777,119.07613077333333,518.3594881129437
50,80,119.04522197333334,0.07489017340622921,0.5044651643247097,516.1290164049373,0.7686455052084793,119.04522197333334,516.1290164049373
50,70,119.04133397333334,0.09573148939938488,0.5037298741540076,513.7111498800264,0.5526121299233274,119.04133397333334,513.7111498800264
50,65,118.9613184,0.1090053314857781,0.5033231155003554,511.3767952657727,1.6501909615390888,118.9613184,511.3767952657727
50,60,119.02707392,0.09244771814258854,0.5030603183677174,510.0902865817889,1.6608407742998121,119.02707392,510.0902865817889
50,55,118.93802816,0.1256000375341634,0.5028137133877183,508.88952042287974,0.45517223595813644,118.93802816,508.88952042287974
50,50,118.87132736000001,0.12287432999085866,0.502424161417338,506.61989113546673,2.700698755090521,118.87132736000001,506.61989113546673
50,45,118.89884629333334,0.0442822857554421,0.50221002527196,506.41355451293094,0.09413997124718254,118.89884629333334,506.41355451293094
50,40,118.83941845333334,0.008273254932022177,0.5019501062907834,503.5761806604127,1.3708555016597217,118.83941845333334,503.5761806604127
50,35,118.83490346666667,0.058382232009915457,0.5018964185723183,503.02575037447764,0.13667898576420262,118.83490346666667,503.02575037447764
50,30,118.84192618666668,0.020909030417663593,0.5009097724052127,500.5282192751194,0.1271364626525632,118.84192618666668,500.5282192751194
50,25,118.79433621333332,0.06292535233714504,0.5004333737552903,498.4350143906131,0.790893185577689,118.79433621333332,498.4350143906131
50,20,118.80800576,0.0351812313424535,0.5000146367560228,496.3437480601587,0.4170297519298082,118.80800576,496.3437480601587
50,15,118.67481514666667,0.1257337760201667,0.4994560521382936,495.4808370890732,0.3456768848487897,118.67481514666667,495.4808370890732
50,10,118.70043114666667,0.059776999358951935,0.49867766764323435,493.4603671126531,0.29720432832211124,118.70043114666667,493.4603671126531
50,5,118.65903509333334,0.07727100288983024,0.49776332544265833,489.67126757010084,1.084437153476032,118.65903509333334,489.67126757010084
50,0,118.63490368,0.10356380727345142,0.49713070254172426,484.10784797298294,0.7891635682267079,118.63490368,484.10784797298294
51,100000,0.53589376,,0.5082237195671022,129.13409383885318,0.05728187124621981,0.53589376,129.13409383885318
51,5000,8.252368853333335,0.00589885504895018,0.5141244354082019,131.28166260245195,0.07278580633137698,8.252368853333335,131.28166260245195
51,2000,20.266858666666664,0.02429688992368522,0.5105815677309782,134.93912738295646,0.0962564681589384,20.266858666666664,134.93912738295646
51,1500,26.82858922666667,0.014897431789692701,0.5102340185280835,137.094581119833,0.019866815753708356,26.82858922666667,137.094581119833
51,1000,39.518448426666666,0.03113995797631865,0.5098232941671912,142.1753044668526,0.05628271134399036,39.518448426666666,142.1753044668526
51,900,43.83274730666667,0.040945780283403135,0.5101166530790816,144.36152364731709,0.057056170966507114,43.83274730666667,144.36152364731709
51,800,49.033851733333336,0.015619149063906972,0.5100728196619195,147.68345777993167,0.08468648271057502,49.033851733333336,147.68345777993167
51,700,55.63612906666666,0.013802662663779849,0.5102075413771584,152.39837238497066,0.02726456211581698,55.63612906666666,152.39837238497066
51,600,64.208848,0.02312839396523457,0.5109592988830477,159.9880656023375,0.032119293453222134,64.208848,159.9880656023375
51,550,69.47900501333334,0.02778700282965805,0.5113248207350584,165.43296272565183,0.1168499231153168,69.47900501333334,165.43296272565183
51,450,83.88561941333334,0.02923515679391676,0.5118185778362122,185.6857801669447,0.1581744708401963,83.88561941333334,185.6857801669447
51,380,97.50686314666666,0.02125400868614678,0.5119815754605727,218.9571287146223,0.11245986427878563,97.50686314666666,218.9571287146223
51,340,107.34414229333333,0.03904972811167708,0.5120148692739415,266.6044788710168,0.11987977186035026,107.34414229333333,266.6044788710168
51,300,117.40574826666666,0.05324244218814426,0.51181316394094,370.66200796337836,0.3858638813340687,117.40574826666666,370.66200796337836
51,260,118.85022762666667,0.11537222350744926,0.511308577208709,457.7917951328016,0.4073763890042971,118.85022762666667,457.7917951328016
51,220,119.04576938666666,0.08776026986216102,0.5103899739995629,497.76790204872736,0.6096755738149053,119.04576938666666,497.76790204872736
51,200,119.12337408,0.09529718353274731,0.5097447240470289,508.3238891985093,1.4004526824524557,119.12337408,508.3238891985093
51,180,119.15269760000001,0.041299559645115766,0.5094253473461036,510.89628532225674,0.5162777888436207,119.15269760000001,510.89628532225674
51,160,119.18826176,0.2155684508838806,0.5093213868178489,512.4017722805589,0.057872637592235834,119.18826176,512.4017722805589
51,140,119.17937877333333,0.10053690893356014,0.5067970769530709,524.5863715466677,0.7736313143808231,119.17937877333333,524.5863715466677
51,120,119.12304490666668,0.01391109097279699,0.505980185494976,522.6042390438948,1.1107550329177214,119.12304490666668,522.6042390438948
51,60,119.47729728,,0.5148645156898547,516.0018487487697,0.8263007567508616,119.47729728,516.0018487487697
51,50,119.34451007999999,0.0066759931110839865,0.5149052838073123,515.3479490443291,1.134593339714833,119.34451007999999,515.3479490443291
51,45,119.46789461333333,0.03938777866620704,0.5144072050831944,514.5799075986455,0.48408950540228235,119.46789461333333,514.5799075986455
51,40,119.64481258666667,0.4009497618333843,0.513965439275781,512.6219846764383,1.0005373064981988,119.64481258666667,512.6219846764383
51,35,119.33434346666667,0.11937909020070732,0.5137198804034319,511.2472885884254,0.06501718648277585,119.33434346666667,511.2472885884254
51,30,119.38364928,0.09732256749514201,0.5129902969347871,510.21303355289984,0.22058258465295497,119.38364928,510.21303355289984
51,25,119.57322090666666,0.40502181694656003,0.5124817487395751,508.05839172651184,0.7609735856848667,119.57322090666666,508.05839172651184
51,20,119.20719829333332,0.023642792081125172,0.5118447360028225,507.20465294734305,0.7928866544411536,119.20719829333332,507.20465294734305
51,15,119.24300629333334,0.10302059359975059,0.5110017712660505,504.38084015904343,0.6115431806042658,119.24300629333334,504.38084015904343
51,10,119.15587242666668,0.07257288936496158,0.5100141984388649,502.91846707376817,1.4808246020520954,119.15587242666668,502.91846707376817
51,5,119.15768362666665,0.10792707953287833,0.5091091863273357,497.619109983852,0.8862208080103228,119.15768362666665,497.619109983852
51,0,119.13506047999999,0.09849867977330291,0.5077905349346399,493.60061097325547,0.6489798901101286,119.13506047999999,493.60061097325547
53,200000,0.29918880000000003,0.004713290960677067,0.5270186892704471,129.13904694809193,0.018743625880803014,0.29918880000000003,129.13904694809193
53,40000,1.1704400000000001,0.10109341601850853,0.5273488451979322,129.0557905221173,0.35247823260011607,1.1704400000000001,129.0557905221173
53,5000,8.55134208,0.34922013337269675,0.5301496138179949,131.3729686558616,0.08875048414153054,8.55134208,131.3729686558616
53,3000,14.12976736,0.5885717358465361,0.529094198524212,132.9527740346486,0.09151905217145015,14.12976736,132.9527740346486
53,2000,21.01590229333333,0.8414669530108374,0.5286443345432378,135.10850811045933,0.16823829821420194,21.01590229333333,135.10850811045933
53,1500,27.7987024,1.103551741042284,0.5284404392380552,137.38051248827122,0.280505699312511,27.7987024,137.38051248827122
53,1000,40.989485120000005,1.6096256319970366,0.5282324608547705,142.70231443244327,0.8008819520884181,40.989485120000005,142.70231443244327
53,900,45.398156160000006,1.699507696092136,0.5280402573392231,145.06119142462225,0.8854894753508056,45.398156160000006,145.06119142462225
53,800,51.097450496,2.04082133831418,0.527738922199029,148.36285529733152,1.6559916817151545,51.097450496,148.36285529733152
53,700,57.51780490666667,2.2114540095169914,0.527978071483298,153.4825124044089,1.6896172771671396,57.51780490666667,153.4825124044089
53,600,66.29416554666666,2.5139975682846134,0.5280398485397797,161.69154660713914,2.4618903020285017,66.29416554666666,161.69154660713914
53,550,71.90617194666667,2.739827583425213,0.5283316467042983,167.71504616081214,3.2614003224124852,71.90617194666667,167.71504616081214
53,450,86.87539765333334,3.2002745897540716,0.5310543066855388,190.10907902877622,5.971319291844605,86.87539765333334,190.10907902877622
53,380,104.54042176,0.21206587281310418,0.5300578026581025,242.93590726946067,0.14691070255689673,104.54042176,242.93590726946067
53,340,114.79314816,0.27402161765808014,0.5295122750469122,320.5011215543504,0.5614342898815573,114.79314816,320.5011215543504
53,300,119.4152768,0.03132273035638448,0.5267097994708346,439.38062586761833,1.2204681041623713,119.4152768,439.38062586761833
53,260,119.64343402666667,0.16789584653461515,0.5290738770607671,480.0891327870681,10.457919000794432,119.64343402666667,480.0891327870681
53,220,120.04128725333334,0.04683717164620557,0.5313343839302379,508.4480182611839,0.10923315550141827,120.04128725333334,508.4480182611839
53,200,119.97855253333334,0.10839760475693093,0.5308141268835878,519.6475889994327,1.044682344523891,119.97855253333334,519.6475889994327
53,180,119.97143658666668,0.022441832958909044,0.5299057291914226,508.4314087964976,1.0671677128471002,119.97143658666668,508.4314087964976
53,160,119.95870890666667,0.15558051056073335,0.529650591106623,514.3557866653284,1.063437022682756,119.95870890666667,514.3557866653284
53,140,120.12940202666668,0.061561189911385684,0.5281043958607975,530.5290780965328,1.6669330401402662,120.12940202666668,530.5290780965328
53,120,120.03022448,0.13361861714583492,0.5292180916917314,530.5796231787493,0.7505535557607266,120.03022448,530.5796231787493
53,100,119.92649632,0.13207503486079297,0.530373944192824,532.8773518583985,5.836499810066301,119.92649632,532.8773518583985
53,90,119.9198432,0.17647014519168308,0.5298203326167147,531.2467442561536,5.776403745748996,119.9198432,531.2467442561536
53,80,119.85693429333332,0.15537172958657106,0.5294044768635356,528.8872827240592,5.127229138092575,119.85693429333332,528.8872827240592
53,70,119.88085552,0.10374889203435461,0.531254154287957,533.9506241313501,0.8601259247903305,119.88085552,533.9506241313501
53,65,119.68444181333332,0.053411046045995364,0.5326346471535575,530.2477407700311,0.3658943586385952,119.68444181333332,530.2477407700311
53,60,119.71528128,0.04072234352455165,0.5322788422840691,528.4549999752144,1.611239337034555,119.71528128,528.4549999752144
53,55,119.69498922666666,0.07095206748270966,0.5321057062914295,527.1022314949624,1.2586167615312824,119.69498922666666,527.1022314949624
53,50,119.64323050666667,0.015974640720422047,0.5317214045807876,526.7806246904505,0.9340836484591065,119.64323050666667,526.7806246904505
53,45,119.73842688,0.011256024103448474,0.5316226888524891,523.9060609449375,0.5818811521503028,119.73842688,523.9060609449375
53,40,119.63259157333334,0.0655641899506642,0.5312922666716631,523.4009458621914,0.3467500646218587,119.63259157333334,523.4009458621914
53,35,119.60676480000001,0.04922663565081528,0.5310867420426306,521.4045290083592,0.5618631707148021,119.60676480000001,521.4045290083592
53,30,119.56984896,0.02207973271026973,0.5306791182785066,520.0898641372136,0.7696620703748632,119.56984896,520.0898641372136
53,25,119.57332287999999,0.061283028609032765,0.5299333960833167,517.2788593586023,0.7870131277001623,119.57332287999999,517.2788593586023
53,20,119.55269802666665,0.012853572822110705,0.5295836150935385,514.703457101295,0.8109002377385063,119.55269802666665,514.703457101295
53,15,119.56875861333333,0.029808817823822446,0.5292601521837753,513.8201112947013,0.6512938962567096,119.56875861333333,513.8201112947013
53,10,119.55327765333334,0.018330830487568145,0.5285105442761876,509.70188807628125,0.6275949815107162,119.55327765333334,509.70188807628125
53,5,119.43614058666667,0.07986498244641473,0.5282197156663718,503.60874514794517,0.7983903790808625,119.43614058666667,503.60874514794517
53,0,119.53234624,0.1501372748338692,0.5289859867534498,498.21200812459983,0.9904545547186153,119.53234624,498.21200812459983
54,200000,0.294896,0.009651881429524467,0.5397013564206918,129.04679497246718,0.41884577896434017,0.294896,129.04679497246718
54,100000,0.49244704,0.023810827258651388,0.5389124667379145,128.89093247173233,0.27376683501315996,0.49244704,128.89093247173233
54,40000,1.167440768,0.05239123861415306,0.540017499068292,129.1862245136563,0.34441226192601143,1.167440768,129.1862245136563
54,5000,8.743438933333332,0.013177987123339554,0.5412142908272584,131.76217515696314,0.017550936452231373,8.743438933333332,131.76217515696314
54,3000,14.448575360000001,0.0499422696460139,0.5404915734574617,133.35789683658842,0.01976358391633081,14.448575360000001,133.35789683658842
54,2000,21.462041599999996,0.01211218099098306,0.5399696125745934,135.4246340638973,0.062057347153592804,21.462041599999996,135.4246340638973
54,1500,28.43593728,0.019295200153237407,0.5401263213444255,137.72455081121527,0.026328080978465018,28.43593728,137.72455081121527
54,1000,41.92795690666667,0.016098423729513534,0.539877552882326,143.1533838335383,0.0697340072540142,41.92795690666667,143.1533838335383
54,900,46.44534122666666,0.009897346134900665,0.5396052717166225,145.4687039270113,0.1277960638242028,46.44534122666666,145.4687039270113
54,800,51.95158826666667,0.022577591274512965,0.5400581571619582,148.96739012933983,0.054538978570120064,51.95158826666667,148.96739012933983
54,700,58.91220330666667,0.011123067236641731,0.5395150097861116,154.37764020789257,0.016896088911332312,58.91220330666667,154.37764020789257
54,600,67.88164095999998,0.05370990747761962,0.5397763931902428,162.7428495291658,0.025835477234268926,67.88164095999998,162.7428495291658
54,550,73.63889685333334,0.02954270117235848,0.5400595199859305,168.99486370566322,0.08815680904572466,73.63889685333334,168.99486370566322
54,380,98.30631082666667,0.03888306762459995,0.5364909990800277,216.9638416443496,0.33749732999650045,98.30631082666667,216.9638416443496
54,340,108.33362901333334,0.03349781338155218,0.5367934358651897,263.2852727882616,0.18098719194009144,108.33362901333334,263.2852727882616
54,300,119.09731626666667,0.6549811698029974,0.539235644832094,413.02653939705874,42.73961265208558,119.09731626666667,413.02653939705874
54,260,119.90760618666665,0.07754230253234741,0.541397376717637,509.71970129142136,0.7757546555085948,119.90760618666665,509.71970129142136
54,220,119.96424298666666,0.028721566857915475,0.5397048407254577,533.5287218885491,0.8510707269312913,119.96424298666666,533.5287218885491
54,200,119.93833813333333,0.037483446459877154,0.5389766512787978,540.9173674816003,0.9124253330596039,119.93833813333333,540.9173674816003
54,180,119.90474965333333,0.05463609873307132,0.5383173408429455,537.6326657541363,1.3204541686967421,119.90474965333333,537.6326657541363
54,160,119.86362474666667,0.07155874132201732,0.5377809180983696,530.5168441933564,0.8094144171435453,119.86362474666667,530.5168441933564
54,140,120.20445184,0.49431307873550756,0.5394105623782445,553.433556682572,9.329606966216334,120.20445184,553.433556682572
54,120,120.46708928000001,0.5285414939290941,0.5404940245875183,550.1131129894823,10.148869917139058,120.46708928000001,550.1131129894823
54,100,120.82973802666667,0.031127119199391005,0.543502931476023,555.9870212474331,0.5595983641989148,120.82973802666667,555.9870212474331
54,90,120.7729984,0.05593365806721622,0.5432009736154569,552.93511532537,0.5541295432709713,120.7729984,552.93511532537
54,80,120.72672341333333,0.08011493624965901,0.5427682502129211,552.6585399199896,0.680745200849071,120.72672341333333,552.6585399199896
54,70,120.70450432,0.05722077439767538,0.542300566666034,548.5227914946128,1.3500244543979902,120.70450432,548.5227914946128
54,65,120.59348309333332,0.04783992817581343,0.5419980329480588,546.6461017753314,0.9918647840794607,120.59348309333332,546.6461017753314
54,60,120.68624149333333,0.0476305063207775,0.5418113469715837,544.9948607281358,0.6384055501266002,120.68624149333333,544.9948607281358
54,55,120.67100010666667,0.09993665689713786,0.5415010935817789,543.1718351355012,0.7841915749723877,120.67100010666667,543.1718351355012
54,50,120.71103957333334,0.06939099708111812,0.5414476780558152,542.429181299481,0.8457698186825436,120.71103957333334,542.429181299481
54,45,120.52680704,0.09470242110608529,0.541091887156597,539.4587969672833,0.372177183558797,120.52680704,539.4587969672833
54,40,120.58354431999999,0.019583499988385666,0.5407982908935781,537.7974010872008,0.5223216767326913,120.58354431999999,537.7974010872008
54,35,122.92441408000002,3.516862110103344,0.5401317616719207,536.4477759293638,0.05581946867092427,122.92441408000002,536.4477759293638
54,30,120.59686421333333,0.007818169753016972,0.5398319552959228,534.0798733990473,0.4218838275455862,120.59686421333333,534.0798733990473
54,25,120.43088053333334,0.1403038259607147,0.5420329005995702,531.3850252013004,1.5473888990336524,120.43088053333334,531.3850252013004
54,20,120.43898826666667,0.10564347223565405,0.5415858956175655,528.833217110517,0.7600779925192602,120.43898826666667,528.833217110517
54,15,120.39357333333334,0.13937891407778355,0.5408466534499594,525.3089961005237,1.8368726949812961,120.39357333333334,525.3089961005237
54,10,120.36986826666667,0.1374481060187878,0.540074732294095,520.5730212576104,1.7246282865959248,120.36986826666667,520.5730212576104
54,5,120.26837781333334,0.10340263211871864,0.539460613378071,513.049246615214,1.6063602625756355,120.26837781333334,513.049246615214
54,0,120.26840629333333,0.0804396491911955,0.5388920406396298,505.3640955317812,0.9739090596432135,120.26840629333333,505.3640955317812
55,100000,0.5094097066666666,0.05663538241908264,0.548470766064285,129.54290057160662,0.31073413850294357,0.5094097066666666,129.54290057160662
55,40000,1.1370325333333333,0.043214794012446024,0.5498452211566905,129.1328547033571,0.3518537811730322,1.1370325333333333,129.1328547033571
55,3000,13.586992853333333,0.0537501128597051,0.5496341508545304,133.3781945305116,0.0894216024039671,13.586992853333333,133.3781945305116
55,2000,20.175627306666666,0.04224350584400475,0.5492390457296392,135.1336155388598,0.05416977500893596,20.175627306666666,135.1336155388598
55,1500,26.692329173333334,0.016650372721897056,0.5488886754534678,137.270499777371,0.0806230861598197,26.692329173333334,137.270499777371
55,1000,39.380758613333334,0.016385607187833263,0.548705942451949,141.91892045233442,0.08925348364872554,39.380758613333334,141.91892045233442
55,900,43.59646613333334,0.029153841415971136,0.5487510667421741,144.07213284450677,0.023197765494389302,43.59646613333334,144.07213284450677
55,800,48.78403178666667,0.08402965792155902,0.5489153470458215,146.98462164702946,0.028208549763340026,48.78403178666667,146.98462164702946
55,700,55.308914346666675,0.016840363784638605,0.5487307619136429,151.60452064691557,0.02582601280942992,55.308914346666675,151.60452064691557
55,600,63.735885440000004,0.08781701491683015,0.5488330851480454,158.53614733392388,0.06879554829529372,63.735885440000004,158.53614733392388
55,550,69.10297621333332,0.08918843261742015,0.5492050210969789,163.78356005446057,0.042778193718213064,69.10297621333332,163.78356005446057
55,450,86.6070272,3.283609613061883,0.5486206873571252,187.65058807165937,6.169537117640241,86.6070272,187.65058807165937
55,380,104.67524565333333,0.03354916361089191,0.5484857188724034,239.8701894119777,0.08223691064243352,104.67524565333333,239.8701894119777
55,340,114.85201536,0.044923107731368594,0.5483945424761392,318.33822562673373,0.357544986880244,114.85201536,318.33822562673373
55,260,120.60191402666668,0.06953819419148373,0.5511924391184614,492.70366764252736,0.19094461621829745,120.60191402666668,492.70366764252736
55,220,120.78679168000001,0.06588622916551827,0.5490482588488761,535.3075602814237,0.6488750101977165,120.78679168000001,535.3075602814237
55,200,120.70572010666666,0.15106902499079203,0.5514541271497847,547.2651167323925,1.1476631066370167,120.70572010666666,547.2651167323925
55,180,120.74771882666666,0.059508968405187164,0.5508299109406506,534.8994342073667,1.872388002702513,120.74771882666666,534.8994342073667
55,160,120.69771306666667,0.05532936559977961,0.5501522559207112,536.2257169184319,3.9997946264992033,120.69771306666667,536.2257169184319
55,140,120.75164720000001,0.13087042884735728,0.5501277709357422,560.4709732674204,0.7966686690974044,120.75164720000001,560.4709732674204
55,120,120.53967829333334,0.08257924297004966,0.5510930892369951,555.2040011153405,1.5402556263956277,120.53967829333334,555.2040011153405
55,100,120.64774549333333,0.09150739683925498,0.5502086724138125,551.9230802354854,1.2243278529781416,120.64774549333333,551.9230802354854
55,90,120.56260992,0.1263112897917577,0.5497376855827184,550.0611662722149,2.1242816802967073,120.56260992,550.0611662722149
55,80,120.48457151999999,0.12006321486481127,0.5493426976086219,545.9411508594426,1.2396236621828849,120.48457151999999,545.9411508594426
55,70,120.51676032,0.11245639018533772,0.5487412903253183,544.4378573187196,0.3761249042056662,120.51676032,544.4378573187196
55,65,120.54135317333333,0.03801147243791544,0.5485240753744132,543.148839245845,0.742890420588019,120.54135317333333,543.148839245845
55,60,120.51284138666666,0.04350846822432755,0.5481838535910625,542.5283145555513,0.8342331643107611,120.51284138666666,542.5283145555513
55,55,120.44084842666666,0.0986134829316912,0.5472816672145617,544.1663467103768,1.3386089707959403,120.44084842666666,544.1663467103768
55,50,120.43990165333332,0.06944582572968527,0.5470910988246351,541.7366459444232,1.6449542732214049,120.43990165333332,541.7366459444232
55,45,120.35821104,0.3748265219139804,0.5488875628591116,540.3604757526485,0.7846837361456416,120.35821104,540.3604757526485
55,40,120.1971344,0.46977016450426917,0.5508035034328285,537.5776476405007,1.2556635528830942,120.1971344,537.5776476405007
55,35,120.11978165333333,0.39016032724207017,0.5500497913683667,536.6346393165023,0.7747895159091265,120.11978165333333,536.6346393165023
55,30,121.12996970666667,2.4202875197568128,0.5496218912433868,535.0057110523718,0.3195249600387327,121.12996970666667,535.0057110523718
55,25,119.75907264,0.12478660619326909,0.5532237622201335,533.1031729234642,1.1049754344275518,119.75907264,533.1031729234642
55,20,119.71071744,0.024549323580155206,0.5525723405329268,529.9483084434254,2.1066192520999327,119.71071744,529.9483084434254
55,15,119.67083626666665,0.030989835206729113,0.5520105993676322,526.1005942660594,0.1619248409338784,119.67083626666665,526.1005942660594
55,10,119.74559871999999,0.2503370042261288,0.551193159774727,519.658463529537,0.5650779978448195,119.74559871999999,519.658463529537
55,5,119.55373184,0.03556088555172064,0.5503163408136799,510.17978493346936,0.261261536805061,119.55373184,510.17978493346936
55,0,119.49660757333334,0.09018723413305639,0.5496037132602566,502.58469633801707,0.6234498891881771,119.49660757333334,502.58469633801707
56,100000,0.50142144,0.01739813586409763,0.5617205884764571,129.18573475693805,0.20178531602565036,0.50142144,129.18573475693805
56,40000,1.120914688,0.03184540282168719,0.5610949355898428,129.69701010337062,0.27104050169743477,1.120914688,129.69701010337062
56,5000,8.55918128,0.20922255964877204,0.5573350063743253,131.79431484551034,0.09765944591566,8.55918128,131.79431484551034
56,3000,14.336233813333331,0.014077477335223252,0.5561691174700168,133.46150602677355,0.12117914042857894,14.336233813333331,133.46150602677355
56,2000,20.630887786666666,0.7612595567339654,0.5606829305952453,135.163545215427,0.3579595849624965,20.630887786666666,135.163545215427
56,1500,27.332727146666667,1.0145911096526203,0.5605547619045043,137.20282347057173,0.4863769603148668,27.332727146666667,137.20282347057173
56,1000,40.27572330666666,1.472279620749937,0.5604411374229467,142.18764258490117,0.772303543577276,40.27572330666666,142.18764258490117
56,900,44.944607104,1.6252590699281357,0.5596207365749309,144.43677268273268,0.9872524698949269,44.944607104,144.43677268273268
56,800,49.85514933333334,1.8638541867035843,0.5605146517883657,147.43209389450934,1.2680652078539278,49.85514933333334,147.43209389450934
56,700,56.55672170666667,2.083953351725286,0.560544618167918,152.1661691199864,1.6927395110131798,56.55672170666667,152.1661691199864
56,600,65.12428906666666,2.548491734967355,0.5605599063824859,159.5135382849826,2.278275521586664,65.12428906666666,159.5135382849826
56,550,71.153647104,2.635941014474932,0.5601175188749756,167.44363719339333,0.10952751160475228,71.153647104,167.44363719339333
56,450,88.80463978666666,0.07855775745577231,0.5628376270563393,189.47551231734656,0.12232614813320267,88.80463978666666,189.47551231734656
56,380,98.28819605333335,0.042497673530097084,0.5575514242464324,212.9004913762966,0.14230167788197162,98.28819605333335,212.9004913762966
56,340,108.27099029333333,0.01141205483879272,0.5581288704884103,254.8718599186303,0.2796818881679916,108.27099029333333,254.8718599186303
56,300,119.18954709333333,0.9745348879305962,0.5590335303088922,400.4120759493282,41.10071722490531,119.18954709333333,400.4120759493282
56,260,120.61514154666668,0.060962117238895226,0.5576569176677628,514.9010990210405,1.4072303805058048,120.61514154666668,514.9010990210405
56,220,120.29428650666667,0.3802390457254122,0.5600431667522424,535.8836719126103,8.213761520848923,120.29428650666667,535.8836719126103
56,200,119.91954912,0.07612541900627609,0.5631159010833409,537.504138433677,1.0399736447813772,119.91954912,537.504138433677
56,180,119.83242048,0.04568362337266342,0.5617852685499344,525.9353730148476,1.6983102974365905,119.83242048,525.9353730148476
56,160,119.89579477333332,0.19347821215599628,0.5608498545604753,523.381213818836,1.2891538363486792,119.89579477333332,523.381213818836
56,140,120.02137792,0.08363311552468479,0.5594033402047603,555.7576194122337,1.0116842486750715,120.02137792,555.7576194122337
56,120,119.94317738666666,0.06392652757484779,0.5589519750972163,552.5782680946395,0.2866691934611636,119.94317738666666,552.5782680946395
56,100,120.31663978666666,0.4194709101678405,0.5612340242620695,552.8592824255862,3.1752596149533576,120.31663978666666,552.8592824255862
56,90,120.27372650666666,0.37274598517453494,0.5610033472903729,552.8938728573403,3.2041141790060648,120.27372650666666,552.8938728573403
56,80,120.20681141333334,0.38828879456154025,0.5606706797202596,547.8900456246197,3.5716663889429405,120.20681141333334,547.8900456246197
56,70,120.28160608,0.36866988813433194,0.5604619081153656,546.9035720604804,2.5878166590635647,120.28160608,546.9035720604804
56,65,120.32126848,0.35647280326959774,0.5600494400862105,545.1851180616088,3.7575763928992414,120.32126848,545.1851180616088
56,60,120.25021141333333,0.3384796035307781,0.5596311599312443,543.0309846852737,3.7227149974709377,120.25021141333333,543.0309846852737
56,55,120.22081408000001,0.36392511185798543,0.5584806085101738,549.9905403093159,7.162429104359375,120.22081408000001,549.9905403093159
56,50,120.19998976,0.34865698071593015,0.558326344754326,548.3527090863955,7.373210412944874,120.19998976,548.3527090863955
56,45,120.18338086400001,0.44555298925351833,0.5585085288660944,548.5170444649008,10.053894477717444,120.18338086400001,548.5170444649008
56,40,120.49828074666668,0.08228828282733663,0.5606484638209421,552.6006480951141,1.9989919346476381,120.49828074666668,552.6006480951141
56,35,120.44484778666667,0.07738904427175848,0.559903522773106,553.1778880020607,1.033235700306379,120.44484778666667,553.1778880020607
56,30,120.48209557333332,0.06481418739016646,0.5595480031576852,550.6382204572011,0.7694121723501821,120.48209557333332,550.6382204572011
56,25,120.49197056000001,0.04150954158594872,0.5587220268400039,551.0116070103468,0.6159168491119976,120.49197056000001,551.0116070103468
56,20,120.47249962666667,0.01616918486648937,0.5581911963855228,547.6221110442721,0.5177040990700144,120.47249962666667,547.6221110442721
56,15,120.47843157333334,0.027142198554939746,0.5574591555904123,543.3747642599162,1.9069723280001516,120.47843157333334,543.3747642599162
56,10,120.06625194666667,0.33730104880053485,0.5606449828466196,528.8275999388198,4.554916725875005,120.06625194666667,528.8275999388198
56,5,120.07989770666666,0.29617011965548806,0.5603117878392356,519.1730423478085,3.578125537462406,120.07989770666666,519.1730423478085
56,0,119.98776181333334,0.367722586157718,0.559758659901671,510.760779851561,3.5542881798848387,119.98776181333334,510.760779851561
57,200000,0.29463274666666667,0.009387537275504535,0.5708959362883558,129.48176629344997,0.432762459832619,0.29463274666666667,129.48176629344997
57,40000,1.131511808,0.02701241167532274,0.5694969407280395,129.1967172370352,0.2998983440842206,1.131511808,129.1967172370352
57,5000,8.398740373333332,0.19541499008605406,0.5690638393453759,131.46860623183161,0.1956346642718169,8.398740373333332,131.46860623183161
57,3000,13.866130944,0.3905807164811889,0.5681334348613405,132.97466382655043,0.06257205742406885,13.866130944,132.97466382655043
57,2000,21.001341653333334,0.010075590885011504,0.5698405736115532,134.9421212985321,0.021932012051155057,21.001341653333334,134.9421212985321
57,1500,27.763818239999996,0.050372863655394215,0.5697946730812777,136.91520844514756,0.019120415246038976,27.763818239999996,136.91520844514756
57,1000,40.97367189333333,0.020663328582098114,0.5698105314849112,141.94218856190165,0.10421919404981593,40.97367189333333,141.94218856190165
57,900,44.77019664,1.1300332423270787,0.5687811489250632,144.1893166006308,0.024168000743974988,44.77019664,144.1893166006308
57,800,50.61860373333334,0.03793924293834447,0.5700037009009178,147.00596152246274,0.39892971632169644,50.61860373333334,147.00596152246274
57,700,57.42072874666667,0.06263072480384423,0.5700182202215814,151.92915394820722,0.02640541839792477,57.42072874666667,151.92915394820722
57,600,66.15889493333334,0.029141593557455773,0.5701455247971112,159.39157902400862,0.12074144713113555,66.15889493333334,159.39157902400862
57,550,70.79193792000001,1.7801841435405665,0.5692022498262672,163.7305241232393,1.2201405633897402,70.79193792000001,163.7305241232393
57,450,82.58039381333333,0.0668784145123775,0.5674208515532672,180.26679668097242,0.11973381619027998,82.58039381333333,180.26679668097242
57,380,103.65181632000001,0.058736384940179444,0.5662247859852184,230.3861827531034,0.36735738772393584,103.65181632000001,230.3861827531034
57,340,113.65259029333333,0.09242620826574824,0.5661112809087098,294.53455820632917,0.47757729241521923,113.65259029333333,294.53455820632917
57,260,120.23866282666665,0.4813411694726936,0.5698723261198123,496.3424671340051,15.049511565254008,120.23866282666665,496.3424671340051
57,220,120.73826730666667,0.039404661279382636,0.5702052497272124,543.2145105127994,1.0889739293810705,120.73826730666667,543.2145105127994
57,200,120.8074136,0.20376047687432408,0.5683170488097629,549.8926171567537,0.9314582853660204,120.8074136,549.8926171567537
57,180,120.68950165333335,0.10311857438261306,0.5678610327949262,540.3079818304927,0.37758198666238246,120.68950165333335,540.3079818304927
57,160,120.37796223999999,0.40602911485401144,0.5702080508790427,543.0663583755407,0.7923522744531136,120.37796223999999,543.0663583755407
57,140,120.39126634666667,0.3826647667650842,0.569686473131898,557.8283386035902,2.9425092516835614,120.39126634666667,557.8283386035902
57,120,120.32228778666666,0.37977439033999677,0.5690783967833122,555.7744591317347,4.296669528885803,120.32228778666666,555.7744591317347
57,100,119.96712746666667,0.10990555332900104,0.5721602302738286,549.1151434980949,2.0862113486772045,119.96712746666667,549.1151434980949
57,90,120.25289685333333,0.4450945764956793,0.5719204719607631,547.6872805515894,3.2673320716705305,120.25289685333333,547.6872805515894
57,80,119.91967637333335,0.04708656657533984,0.5715927590695128,545.3951851309126,0.7763039453599705,119.91967637333335,545.3951851309126
57,70,119.90554346666666,0.03674662598841052,0.5712756446973147,543.643722688693,2.2311989430779433,119.90554346666666,543.643722688693
57,65,119.90189589333333,0.05005234478259315,0.5709550548636693,542.8544078520646,1.662597108316169,119.90189589333333,542.8544078520646
57,60,120.15294655999999,0.452778715057716,0.5706908421715225,541.6787024397928,1.551389923488802,120.15294655999999,541.6787024397928
57,55,119.90866282666667,0.10325264889051868,0.5691805250346865,550.2749517756453,0.15328162507060356,119.90866282666667,550.2749517756453
57,50,119.83907797333332,0.08572671473547619,0.5690354198821761,549.3286489697099,2.7738358063045334,119.83907797333332,549.3286489697099
57,45,119.86404394666665,0.04015033798076004,0.5688198743145486,549.0911901518613,1.0833111837642408,119.86404394666665,549.0911901518613
57,40,119.79662954666667,0.1085129426178248,0.5686700404560369,546.436601855581,1.980036461288176,119.79662954666667,546.436601855581
57,35,120.39542357333333,0.6817277819801832,0.5713840075300488,554.2536569024679,9.34076484564628,120.39542357333333,554.2536569024679
57,30,120.45762037333334,0.586021016328011,0.5711465534440092,552.3155612252357,9.319443566443317,120.45762037333334,552.3155612252357
57,25,120.35951285333334,0.6483290606483536,0.570137156546348,548.8543550025771,7.822230549581702,120.35951285333334,548.8543550025771
57,20,120.34505482666667,0.690755681996621,0.5693028896186333,545.0720646608804,7.4874500954557055,120.34505482666667,545.0720646608804
57,15,120.27304725333335,0.6503042298435022,0.5689191757099327,541.7112742192431,7.965719445774865,120.27304725333335,541.7112742192431
57,10,120.85114261333332,0.06040082941848523,0.5716559099842212,537.8908369661294,1.5831249713429008,120.85114261333332,537.8908369661294
57,5,120.75216575999998,0.020959025428339526,0.5714894852136984,521.1020222825714,1.2542817935322883,120.75216575999998,521.1020222825714
57,0,120.80091498666667,0.10390948798088691,0.571466410381328,512.6862688941691,1.1903491897843839,120.80091498666667,512.6862688941691
58,200000,0.29226733714285713,0.0053277818024818945,0.5793023289113789,129.61326220451923,0.12685821255607183,0.29226733714285713,129.61326220451923
58,100000,0.5094266311111111,0.029859400973186144,0.5802698018006073,129.24018713333356,0.47757310572279815,0.5094266311111111,129.24018713333356
58,40000,1.12601408,0.027234462397092946,0.5793652636465774,128.74907808036662,0.29834416613421133,1.12601408,128.74907808036662
58,5000,8.011237546666665,0.022577675543397662,0.5794174262983048,131.64416665898548,0.06021015957708691,8.011237546666665,131.64416665898548
58,3000,13.46030432,0.4301338845496524,0.5781164707664225,132.82854086303527,0.4880001236973298,13.46030432,132.82854086303527
58,2000,19.65158698666667,0.019189783845591713,0.578157388914143,134.46913658918132,0.7413488921204334,19.65158698666667,134.46913658918132
58,1500,26.01648704,0.008267283997251157,0.5780432924432791,136.86900515490774,0.08075984315043025,26.01648704,136.86900515490774
58,1000,38.36887381333334,0.05517929318966581,0.578116906351351,141.1499818109406,0.012391236061528298,38.36887381333334,141.1499818109406
58,900,42.5450272,0.053581699172580835,0.5782472413884037,142.92806633818694,0.19523156538239458,42.5450272,142.92806633818694
58,800,47.55107434666667,0.04681848639886183,0.5781063075515802,145.6804906195609,0.020461364861669825,47.55107434666667,145.6804906195609
58,700,53.93359850666667,0.0070901844856490065,0.5777878835465092,149.30492535363203,0.6832948570219464,53.93359850666667,149.30492535363203
58,600,62.138997546666666,0.00699773299671793,0.5781817165297518,156.0896508660725,0.05818595263259647,62.138997546666666,156.0896508660725
58,550,67.41756501333333,0.0547184577254839,0.5783728540474575,160.86802010188705,0.11817384532519874,67.41756501333333,160.86802010188705
58,450,84.95278186666667,3.215474258016914,0.5813788520448412,182.43441776478537,5.2191647283629745,84.95278186666667,182.43441776478537
58,380,98.02075349333334,0.01925062434599436,0.5771925052785633,213.65946612886003,0.04772302994692092,98.02075349333334,213.65946612886003
58,340,107.65805205333334,0.054709164499432035,0.5776142037084141,255.685555183803,0.2788168282581771,107.65805205333334,255.685555183803
58,300,118.60706784,1.6091773995048597,0.5772709329106366,385.07795054117696,39.47354305883726,118.60706784,385.07795054117696
58,260,119.84569536,0.06514382847301156,0.5837130872633688,486.7879970583367,0.5171739334537292,119.84569536,486.7879970583367
58,220,120.05098538666665,0.05753597336536056,0.5794102234030639,533.1326841514227,2.248158481501374,120.05098538666665,533.1326841514227
58,200,120.00729109333334,0.10628100191988121,0.577811837340507,543.9414938238783,2.28762038131284,120.00729109333334,543.9414938238783
58,180,120.45593301333334,0.5029377171230939,0.5798223586019748,514.6144098928461,3.6942159027234207,120.45593301333334,514.6144098928461
58,160,120.70022608,0.5099068612508201,0.581153396882208,509.1680964978037,6.977108285939978,120.70022608,509.1680964978037
58,140,121.23493375999999,0.15190011443574614,0.5823614216877437,556.8512787225321,0.5457521856786148,121.23493375999999,556.8512787225321
58,120,121.06332394666667,0.10344664836636845,0.5811722938650967,554.5248656757507,1.2212069388049878,121.06332394666667,554.5248656757507
58,100,121.11382037333333,0.06423419820203581,0.5799876017292057,558.6862078119308,1.039738294579794,121.11382037333333,558.6862078119308
58,90,121.14001087999999,0.026549254123033945,0.579511304882211,556.6608298822731,1.8518739800226973,121.14001087999999,556.6608298822731
58,80,121.06705877333333,0.06929245721561368,0.5792138996087384,555.7927331750225,0.862305838461178,121.06705877333333,555.7927331750225
58,70,121.04095808,0.09127780840726771,0.5786351452073736,555.7313627444636,0.8788927575320011,121.04095808,555.7313627444636
58,65,121.15534293333333,0.03641949758576117,0.5783147290596639,556.0968673549754,0.046188838673496685,121.15534293333333,556.0968673549754
58,60,121.1324896,0.05142853764273511,0.5783490698823518,555.1872255962988,0.9758262426280414,121.1324896,555.1872255962988
58,55,120.99829781333334,0.0815103591214286,0.5766927103242355,562.2105385447568,0.8949180860031661,120.99829781333334,562.2105385447568
58,50,120.92769141333333,0.14062305184371068,0.5806454761324215,560.4085010506426,0.8485859050626589,120.92769141333333,560.4085010506426
58,45,120.95877324799999,0.22565671774225005,0.5799357980805414,560.7712629277312,0.6285241378599988,120.95877324799999,560.7712629277312
58,40,120.94501909333333,0.15471978954650434,0.5802305909477534,559.5523193850678,1.6660323917530626,120.94501909333333,559.5523193850678
58,35,120.72266154666666,0.056200183984734885,0.5822572778345617,566.0560009662744,0.8513208692725518,120.72266154666666,566.0560009662744
58,30,120.70990634666667,0.1454661978539674,0.5818569762512835,564.7979396681825,1.0106099014972467,120.70990634666667,564.7979396681825
58,25,120.71878421333334,0.05467987235597573,0.581120412658061,565.3166792716221,1.7319717386481341,120.71878421333334,565.3166792716221
58,20,120.62918656,0.12758969666419676,0.5796076790871298,563.3828083707615,0.7581388783338341,120.62918656,563.3828083707615
58,15,120.74767786666666,0.07949332584368475,0.5782113473809619,557.8937577325863,2.3521194982145333,120.74767786666666,557.8937577325863
58,10,120.58462997333334,0.027091644581910577,0.576495834730213,540.5119165128048,0.38968309593728195,120.58462997333334,540.5119165128048
58,5,120.47825045333332,0.10965347902392465,0.575801043692275,524.845311110504,0.24637471456753604,120.47825045333332,524.845311110504
58,0,120.52686229333334,0.059280628216991406,0.5756660407126285,515.6569261308297,1.0636026702721817,120.52686229333334,515.6569261308297
59,200000,0.29164928,0.011804738740963334,0.589645788236208,129.01650339583514,0.1865715045628954,0.29164928,129.01650339583514
59,100000,0.5134614399999999,0.03903890810725993,0.5889636231824116,129.30658069650326,0.2942404814060985,0.5134614399999999,129.30658069650326
59,5000,8.421266133333333,0.008750035958539635,0.5883735942275765,131.05544077264315,0.05948499299544899,8.421266133333333,131.05544077264315
59,3000,14.059547946666667,0.0918148107088722,0.586987665084462,132.5895261324495,0.06967373853372241,14.059547946666667,132.5895261324495
59,2000,20.84517930666667,0.011575142785492272,0.5879605082152416,134.54863432958427,0.06518246636998089,20.84517930666667,134.54863432958427
59,1500,27.593768960000002,0.00950200262378232,0.5882416787727586,136.68402482548515,0.019662859096869562,27.593768960000002,136.68402482548515
59,1000,40.750750933333336,0.02441811125726062,0.5882576831245289,141.36738386066722,0.03571534619935844,40.750750933333336,141.36738386066722
59,900,45.06212096000001,0.03603078247889641,0.588397382189599,143.65278891567607,0.025755557271192983,45.06212096000001,143.65278891567607
59,800,50.455375573333335,0.03502449326919221,0.5887248621138648,146.36233867578713,0.35860198449190184,50.455375573333335,146.36233867578713
59,700,57.19677461333333,0.018140607235058094,0.5886448524155371,151.33332305218457,0.018671394380887538,57.19677461333333,151.33332305218457
59,600,65.85462805333333,0.005141052332018523,0.5890083504680568,158.48621518961338,0.04334145846436398,65.85462805333333,158.48621518961338
59,550,71.35899818666667,0.021574146678630755,0.5893786934347172,163.69275985069166,0.07406345128628423,71.35899818666667,163.69275985069166
59,380,104.21224469333333,0.01315263865051358,0.5879824385521014,226.97147169722868,0.050311719517624844,104.21224469333333,226.97147169722868
59,340,114.19764479999999,0.01560340680419835,0.5876469642114226,289.86344749685736,0.11012962514115844,114.19764479999999,289.86344749685736
59,300,117.9192784,0.08975436481247905,0.5949419809010146,356.95005557207037,0.6965855943822549,117.9192784,356.95005557207037
59,260,120.98016213333334,0.08442747157313432,0.5895281992420633,507.9052345034106,0.4680578838098308,120.98016213333334,507.9052345034106
59,220,120.98999317333335,0.11793905614288046,0.5866237857893348,542.2259522033257,0.1861222701596971,120.98999317333335,542.2259522033257
59,200,121.36335658666667,0.6088278549193329,0.5853152516360666,550.467349164173,0.5397003042158969,121.36335658666667,550.467349164173
59,180,120.67437205333333,0.11169551350787384,0.5918973474743968,495.6926853134209,0.4432132817643215,120.67437205333333,495.6926853134209
59,160,120.60192469333333,0.082567820432904,0.5906740448741181,480.72218706698095,0.4866359640491224,120.60192469333333,480.72218706698095
59,140,120.92705002666668,0.10998147685034333,0.5912744177475581,545.2906579650576,0.6424072427507704,120.92705002666668,545.2906579650576
59,120,120.95350464,0.04399646515429777,0.5901675648266832,544.9450497076592,0.6873469757048463,120.95350464,544.9450497076592
59,100,120.93667029333334,0.037942260380393215,0.5882451833646963,557.6255578423056,2.0312193881070937,120.93667029333334,557.6255578423056
59,90,120.83708778666669,0.013191027413828828,0.5878317015984877,558.2442014868076,0.5412863779386509,120.83708778666669,558.2442014868076
59,80,120.81950528,0.16806271487338065,0.587471492391093,555.1112944824372,2.0424311822593513,120.81950528,555.1112944824372
59,70,120.92732266666667,0.06783115054230239,0.5871573324518654,555.0069725414861,0.7243107557083454,120.92732266666667,555.0069725414861
59,65,120.89723584000001,0.10900275755531798,0.5868780563722625,556.2451936399659,0.969602033676374,120.89723584000001,556.2451936399659
59,60,120.85490154666667,0.03889159825338691,0.586668667187051,555.637392137297,0.14842382877975047,120.85490154666667,555.637392137297
59,55,120.80809386666665,0.08658613153172456,0.5852080537377473,560.2343707945679,1.4643064311650267,120.80809386666665,560.2343707945679
59,50,121.15304959999999,0.045522350869630385,0.5947171640770403,558.2328386441483,2.195857253644713,121.15304959999999,558.2328386441483
59,45,121.08017552000001,0.0790284002610527,0.592042782906607,559.206968682103,3.1777809705016153,121.08017552000001,559.206968682103
59,40,121.07625408000001,0.025909859634228254,0.5941625440160158,557.5714055546258,1.4594975690709007,121.07625408000001,557.5714055546258
59,35,121.07529856000001,0.015262851874641981,0.5922509500661932,559.2365268027075,2.456258096984017,121.07529856000001,559.2365268027075
59,30,121.07428096000001,0.029930392253810313,0.591879538085138,556.0476191279631,0.8422067892762415,121.07428096000001,556.0476191279631
59,25,120.92932992,0.035083374278206785,0.590206729527978,558.7020867320252,0.7754843310504312,120.92932992,558.7020867320252
59,20,120.86607253333334,0.015128542085967063,0.5889170440826504,553.6900977380474,0.7531132403494377,120.86607253333334,553.6900977380474
59,15,120.85636480000001,0.08887741762988301,0.5878998810678536,548.7771265410316,1.1190855902925663,120.85636480000001,548.7771265410316
59,10,120.85714794666667,0.0498096427697862,0.5872926496148315,531.6367933902903,1.0197894413648938,120.85714794666667,531.6367933902903
59,5,120.81698133333333,0.06739858455909697,0.5874131994242413,512.8554446987249,0.7122748660561761,120.81698133333333,512.8554446987249
59,0,120.87902912,0.02752285433384346,0.5873732006476033,504.4538680026164,0.5638004431407972,120.87902912,504.4538680026164
60,200000,0.29303072,0.003669714488730649,0.6021809446235195,129.41741205087496,0.25467613994517196,0.29303072,129.41741205087496
60,40000,1.1077101381818182,0.03216920731078516,0.5996228847885152,129.3012793369438,0.415537574211781,1.1077101381818182,129.3012793369438
60,5000,8.115107327999999,0.22700843060005396,0.6001239418241868,131.24527225216005,0.03247301911084583,8.115107327999999,131.24527225216005
60,3000,13.556900864,0.36147112679429916,0.6008341466229795,132.64950821522646,0.00506970371928302,13.556900864,132.64950821522646
60,2000,20.016583936,0.5969175891026707,0.5993614728475334,134.53597904333378,0.09061013506027574,20.016583936,134.53597904333378
60,1500,26.22960688,0.7850516818870868,0.598442687399318,136.40604459714362,0.07318225959590424,26.22960688,136.40604459714362
60,1000,38.100197546666664,0.04623074660224143,0.5962526785781258,140.57344089070742,0.05197484267873966,38.100197546666664,140.57344089070742
60,900,42.24324586666666,0.0024235711902371353,0.5962525082141589,142.3999921106389,0.061060765308254654,42.24324586666666,142.3999921106389
60,800,47.22054656,0.008241392174428921,0.5964632028240312,144.9105941310552,0.014018788382552227,47.22054656,144.9105941310552
60,700,53.50058602666667,0.0353304398597053,0.5963576925153595,148.87499839069415,0.05982611966472541,53.50058602666667,148.87499839069415
60,600,61.70051498666667,0.023367376276141355,0.5967140147105127,154.87078882943229,0.020065804332185053,61.70051498666667,154.87078882943229
60,550,66.83569258666667,0.06668224840404881,0.5970054907067468,159.25746067734465,0.07323884809611404,66.83569258666667,159.25746067734465
60,450,84.72222090666666,3.2023267884665305,0.600984163006876,179.73641081301682,4.945719584486937,84.72222090666666,179.73641081301682
60,380,100.93823498666666,2.2950306040082085,0.6005677818424472,215.79385254001897,4.272449386969481,100.93823498666666,215.79385254001897
60,340,110.81445760000001,2.376091322271397,0.6004691071494171,264.2463663571104,11.386207686119493,110.81445760000001,264.2463663571104
60,300,119.44179328,0.9673284220553734,0.5961672974205942,409.0583814275971,0.6277178584357298,119.44179328,409.0583814275971
60,260,120.47298090666668,0.07579652646942349,0.6010911949570387,450.3211273392335,0.4817282608322868,120.47298090666668,450.3211273392335
60,220,120.83201663999999,0.12398607161040386,0.5966424022417658,513.4182449072833,0.5553982406495412,120.83201663999999,513.4182449072833
60,200,121.05522570666666,0.2791195711904712,0.5989103539537043,538.395051652699,5.956693790633703,121.05522570666666,538.395051652699
60,180,121.05935040000001,0.04402712969808927,0.6002280465253734,494.4050787374086,0.44943230256296285,121.05935040000001,494.4050787374086
60,160,121.00602346666666,0.10391462278747536,0.5984789037371385,499.39100041819205,0.2927697592597349,121.00602346666666,499.39100041819205
60,140,121.33342101333334,0.06633963215629284,0.6011781816625277,546.7074746006707,0.37339300526788133,121.33342101333334,546.7074746006707
60,120,121.27848213333334,0.02927848673743233,0.6004247723743321,541.820509351004,0.6326146208328582,121.27848213333334,541.820509351004
60,100,121.15159146666667,0.06135459500226941,0.5982343433901205,557.030733336448,1.7809377643887607,121.15159146666667,557.030733336448
60,90,121.19022208000001,0.0270380814542996,0.5977617977751041,557.4715714529767,1.2508789980781183,121.19022208000001,557.4715714529767
60,80,121.09356394666666,0.025509832490093653,0.5973209296530024,553.911057625027,0.481027502198191,121.09356394666666,553.911057625027
60,70,121.10304469333333,0.06302206591707751,0.5966385953469486,555.0445536932234,0.9791234164080598,121.10304469333333,555.0445536932234
60,65,121.11634133333332,0.07020240038150513,0.596338456972254,554.7568409773264,0.8601762337507325,121.11634133333332,554.7568409773264
60,60,121.1916576,0.10838159047999167,0.5961364448432477,551.8177399917985,0.42174891859251196,121.1916576,551.8177399917985
60,55,121.33522933333334,0.16693643208444883,0.5997946118782933,560.0291453914381,1.7460180537701329,121.33522933333334,560.0291453914381
60,50,121.61414015999999,0.014260318132104885,0.6042545258977231,556.1932982521016,0.300397264018265,121.61414015999999,556.1932982521016
60,45,123.35261056,3.039903426856397,0.603691345447421,556.0836869928204,0.9016264384145816,123.35261056,556.0836869928204
60,40,121.42422826666666,0.12571305371943048,0.6034006520826481,559.7792932849651,0.8100985924811619,121.42422826666666,559.7792932849651
60,35,121.44650773333335,0.08058173799129774,0.6014911022302856,562.8966687556149,0.4195722819942593,121.44650773333335,562.8966687556149
60,30,121.38827925333332,0.04422209921626482,0.6011886120479779,561.8952497419915,1.134262434277627,121.38827925333332,561.8952497419915
60,25,121.28907797333333,0.06931254857868982,0.5992838765720129,561.3734485010729,0.3620560751547095,121.28907797333333,561.3734485010729
60,20,121.36680192,0.0440636850788986,0.5978964143850489,558.8548768886858,0.7928072265440755,121.36680192,558.8548768886858
60,15,121.03062988799999,0.374588892848458,0.5997345977375682,553.3359761097264,0.372619192690264,121.03062988799999,553.3359761097264
60,10,121.024024,0.30602647085336454,0.5995263213048211,527.332237617754,7.699006810463794,121.024024,527.332237617754
60,5,121.05157792,0.2984977433658171,0.5991367134169058,506.2118532008404,9.414497632439112,121.05157792,506.2118532008404
60,0,121.02862879999999,0.2835810066907006,0.600077142829203,496.2624379002686,10.29130906234135,121.02862879999999,496.2624379002686
61,200000,0.28901845333333337,0.0064642608528224866,0.6088591878042693,129.0649451039386,0.09474388343338319,0.28901845333333337,129.0649451039386
61,100000,0.4876082133333333,0.01638214791740162,0.6104701684179575,128.987312556543,0.27083488034061964,0.4876082133333333,128.987312556543
61,40000,1.136371072,0.03901520254397676,0.6134067553101399,127.72796853997976,1.8301121562473677,1.136371072,127.72796853997976
61,5000,7.92080784,0.27074412097043027,0.6089891441471557,131.15641443585412,0.13669360401055683,7.92080784,131.15641443585412
61,3000,13.203778719999999,0.4442873148262083,0.6101358621654287,132.61375343543932,0.15413490760737608,13.203778719999999,132.61375343543932
61,2000,19.66846192,0.6742692853110879,0.6107575230993048,134.12060629460677,0.11056412131723888,19.66846192,134.12060629460677
61,1500,26.330235904,0.9567356399305327,0.6099874853284203,136.20600754337963,0.34161066775664045,26.330235904,136.20600754337963
61,1000,39.18237813333333,1.422707100483935,0.609828923439118,140.62564441314865,0.49055490687907916,39.18237813333333,140.62564441314865
61,900,43.4680496,1.590306915450611,0.6100651998212917,142.5468559525075,0.8025474147669353,43.4680496,142.5468559525075
61,800,48.66286048,1.763745086162365,0.6104073832659306,145.14626441684672,0.978756584190602,48.66286048,145.14626441684672
61,700,55.218822293333325,1.9820807690173812,0.610559339815854,149.36711300357166,1.2422662089365788,55.218822293333325,149.36711300357166
61,600,65.83238336,0.1017769510550746,0.6070442448459162,157.62281540604855,0.07154482579846017,65.83238336,157.62281540604855
61,550,71.5132576,0.041517274580915246,0.6087018551875766,162.70280942673284,0.08550925080196098,71.5132576,162.70280942673284
61,380,97.00370922666667,0.016686311054962356,0.6129150247160706,201.3889041309782,0.1978754142858048,97.00370922666667,201.3889041309782
61,340,106.71853674666666,0.09028761206442477,0.6134003379311559,233.14829563801814,0.09746164881329579,106.71853674666666,233.14829563801814
61,300,116.4917632,0.11722240229918984,0.6122899911481077,309.49050763534285,0.35683087416519466,116.4917632,309.49050763534285
61,260,121.33332949333334,0.09587155738713914,0.6085282382609105,508.4240936280391,0.47077385716090214,121.33332949333334,508.4240936280391
61,220,121.29239423999998,0.02427205550316351,0.6052546620485714,539.812807577067,2.053249395866268,121.29239423999998,539.812807577067
61,200,121.71559786666666,0.10147085647912722,0.6136301292311245,535.0924038665262,2.36656447447537,121.71559786666666,535.0924038665262
61,180,121.49221312000002,0.05021042220083804,0.6092954852453065,511.7626874964831,0.23360088848457333,121.49221312000002,511.7626874964831
61,160,121.09324778666667,0.2914627634116368,0.610652347570149,469.9473062781104,8.387014246657365,121.09324778666667,469.9473062781104
61,140,121.64684501333333,0.04965866192479705,0.6105133427402715,546.6855521561356,0.1856716770542176,121.64684501333333,546.6855521561356
61,120,121.76688128,0.07978351086921708,0.6096595010229316,542.0044155391989,0.29712798277318797,121.76688128,542.0044155391989
61,100,121.33215946666667,0.361738564331037,0.6109105239930943,547.5281086951916,10.395784685596416,121.33215946666667,547.5281086951916
61,90,121.30047296,0.31228655427055435,0.6105525086241107,546.2547372777766,10.53717329969249,121.30047296,546.2547372777766
61,80,121.24308448,0.38614815070312797,0.6104415424318743,546.5551071151864,8.383301450020227,121.24308448,546.5551071151864
61,70,121.29963328000001,0.3267982192149089,0.6099880738616357,546.056012122626,8.124757564720015,121.29963328000001,546.056012122626
61,65,121.25563882666667,0.42785515493842247,0.6093684799869924,544.3788312608459,5.464926457158959,121.25563882666667,544.3788312608459
61,60,121.22369887999999,0.37171418320566174,0.609103584098961,543.1725832633103,6.0964466067103595,121.22369887999999,543.1725832633103
61,55,120.97138816,0.06606225615756248,0.610994296652451,546.5327887640066,0.9264788018267356,120.97138816,546.5327887640066
61,50,120.84638890666668,0.1343989220914339,0.6106352697837897,548.0992285320235,2.875239115314537,120.84638890666668,548.0992285320235
61,45,120.92607253333334,0.0773340813402394,0.6099956572508126,549.037364899005,3.69876599508091,120.92607253333334,549.037364899005
61,40,120.8874656,0.14025524845283474,0.609787916606384,549.2787932225009,2.054530304352508,120.8874656,549.2787932225009
61,35,120.85023168,0.18132447703260404,0.6086220396941379,552.66215414718,2.392281960505767,120.85023168,552.66215414718
61,30,120.78196821333334,0.04629133660186103,0.6080761199459802,554.5467146350301,0.5329219763962889,120.78196821333334,554.5467146350301
61,25,120.86686389333333,0.17895476432031732,0.6108361881478542,550.6209502846272,2.976374166382058,120.86686389333333,550.6209502846272
61,20,120.69163146666666,0.11894530022731056,0.6094107066767117,549.2891791758602,2.8055489836179186,120.69163146666666,549.2891791758602
61,15,120.91716832,0.09193773797155812,0.6100806475588194,541.5772743144961,1.5075279623982245,120.91716832,541.5772743144961
61,10,121.066098816,0.5803511372093395,0.6119979716493391,523.2278043615471,2.858546311661477,121.066098816,523.2278043615471
61,5,121.18380814222223,0.40338923130952686,0.612150433067284,507.64764323900937,8.511746666042221,121.18380814222223,507.64764323900937
61,0,121.2305786311111,0.35399030783234575,0.6125098062480231,496.5500626355189,9.879733845202097,121.2305786311111,496.5500626355189
62,100000,0.48357512,0.022083053419514772,0.620022199966245,127.98755947092157,1.9166328291892096,0.48357512,127.98755947092157
62,40000,1.10399984,0.05341538348515474,0.6190846034171698,128.82066111384015,0.33804322229237044,1.10399984,128.82066111384015
62,5000,7.946574902857143,0.3068970795314377,0.6206873240146636,130.0210873659393,1.663656786204785,7.946574902857143,130.0210873659393
62,3000,13.667221973333334,0.01444717217679981,0.6192483541916549,129.28343321940775,0.027815359243476546,13.667221973333334,129.28343321940775
62,2000,20.363737386666667,0.013408879663105291,0.6192892229475416,131.0991551308323,0.03292583132152206,20.363737386666667,131.0991551308323
62,1500,26.87085248,0.012552086666877297,0.618704192179124,132.8724752442159,0.04371953453972534,26.87085248,132.8724752442159
62,1000,39.59834154666667,0.044137263430695683,0.6191038341652164,137.21162326247182,0.06393562179498802,39.59834154666667,137.21162326247182
62,900,43.985317759999994,0.057743770472032226,0.6192499630899783,139.20934703111294,0.11005223070373185,43.985317759999994,139.20934703111294
62,800,49.0988544,0.02998177126231264,0.6189560817100112,142.085742613498,0.3267730990536541,49.0988544,142.085742613498
62,700,55.64530304000001,0.08523004475654887,0.6189293955966993,145.8908512691837,0.12622142903497577,55.64530304000001,145.8908512691837
62,600,63.00914773333333,1.4472797296543638,0.6176847649929353,153.25056357537648,1.0400482678961083,63.00914773333333,153.25056357537648
62,550,68.2475792,1.5248406295094985,0.6183795915384452,157.80750785165944,0.7104759965080389,68.2475792,157.80750785165944
62,450,85.38392341333333,3.7114878184234037,0.621817090752139,178.54515909791076,5.162985324886299,85.38392341333333,178.54515909791076
62,380,104.07614613333334,0.04076449085221405,0.6245624964786464,218.85378264323398,0.36893218452960125,104.07614613333334,218.85378264323398
62,340,114.23559776,0.04006455708495108,0.6241605833120543,274.70233809701716,0.3326655043073868,114.23559776,274.70233809701716
62,300,120.61437888,0.08469051630524742,0.6155231213887683,410.85908684204895,1.4669383991904945,120.61437888,410.85908684204895
62,260,121.16278069333333,0.4062011304254069,0.6217587524373765,462.23801533244614,6.114233278139111,121.16278069333333,462.23801533244614
62,220,121.37504138666667,0.5184768053668983,0.6176633894629492,517.7686323461455,14.810071373341177,121.37504138666667,517.7686323461455
62,200,121.05800661333335,0.26553899333234265,0.6182247713213129,513.0443372742133,2.226536194121344,121.05800661333335,513.0443372742133
62,180,120.67064565333334,0.10314260874511925,0.6199212222107592,481.5567351780653,26.182672383200412,120.67064565333334,481.5567351780653
62,160,120.59822890666668,0.045805133878722495,0.6203239527562276,485.9961996267011,0.14897648945444392,120.59822890666668,485.9961996267011
62,140,120.83639658666665,0.05080948910899876,0.6203571754823778,529.4112229818094,10.83164319478514,120.83639658666665,529.4112229818094
62,120,120.95236149333333,0.1379213937563943,0.6199849818547306,524.5173206541825,10.210203634130659,120.95236149333333,524.5173206541825
62,100,120.70215957333333,0.09590342769336585,0.6219438002905632,547.2931043815009,0.3947729064166854,120.70215957333333,547.2931043815009
62,90,121.13138197333335,0.029443003125674595,0.6223019659031132,541.419055451545,0.9516842664839655,121.13138197333335,541.419055451545
62,80,121.03856746666668,0.1931829193376654,0.6216940149238946,541.4591062723999,2.6344190239717866,121.03856746666668,541.4591062723999
62,70,121.27197845333335,0.2681361109720754,0.621026734436955,539.5695465964578,1.9302195941149165,121.27197845333335,539.5695465964578
62,65,121.07086207999998,0.03243007486578669,0.6205056430148465,540.2467052951174,0.3203128466747559,121.07086207999998,540.2467052951174
62,60,120.78206954666666,0.04091492765287655,0.6205082298755515,540.7499381940492,0.7992546549975507,120.78206954666666,540.7499381940492
62,55,121.48546506666666,0.5927280471132901,0.621350187301921,549.696897440067,2.0485744308829856,121.48546506666666,549.696897440067
62,50,121.44690485333332,0.6484541834136921,0.6210255143964498,549.5618308373585,2.439277312592197,121.44690485333332,549.5618308373585
62,45,121.54753536,0.5365594130248503,0.6205953371025085,548.1189079089172,0.892534417521462,121.54753536,548.1189079089172
62,40,121.35415253333333,0.5175944738287814,0.6205855596520824,546.4620513507258,4.124622299268781,121.35415253333333,546.4620513507258
62,35,121.43763242666667,0.43248012347411247,0.61910158878012,549.4103198464899,1.261991493106335,121.43763242666667,549.4103198464899
62,30,121.31385183999998,0.5842259742990041,0.6186078425337153,550.6424202536089,2.7451855134280074,121.31385183999998,550.6424202536089
62,25,121.70781632,0.0807459708126088,0.6190577037229023,547.9126488065373,0.7819821425237914,121.70781632,547.9126488065373
62,20,121.60185312,0.15944060218086925,0.6205865748004066,547.0218797349052,1.6083932689890492,121.60185312,547.0218797349052
62,15,121.50357717333333,0.1838543085672527,0.6183970391918344,542.8605573218797,3.346569117485522,121.50357717333333,542.8605573218797
62,10,121.43596352,0.18793341849783118,0.6165623619378153,532.883153202446,1.1163966371402076,121.43596352,532.883153202446
63,200000,0.30090176,,0.6261222267360617,125.89208159494046,0.15276076357628385,0.30090176,125.89208159494046
63,100000,0.46120408615384617,0.031247702406271276,0.6311948562144605,129.2320129335388,0.2792138003020265,0.46120408615384617,129.2320129335388
63,40000,1.032808704,0.037383889889433364,0.6286876781145916,129.11035764337487,0.3550288869450667,1.032808704,129.11035764337487
63,5000,7.71362832,0.30451382415477235,0.6307488184941633,130.84738392356346,0.047035415445527896,7.71362832,130.84738392356346
63,3000,13.03709664,0.33533317265636814,0.6286987168955629,132.4221028990202,0.3072321714017068,13.03709664,132.4221028990202
63,2000,19.449363520000002,0.48906531382109164,0.6292765467952894,134.08311075751502,0.2736758942335599,19.449363520000002,134.08311075751502
63,1500,25.792019733333333,0.6695722940766213,0.6304212880186504,135.8326393876827,0.3157487575007826,25.792019733333333,135.8326393876827
63,1000,38.24516842666667,0.9509092000847558,0.6314097889999801,139.90991472314198,0.53543398309496,38.24516842666667,139.90991472314198
63,900,42.38608416,1.0637809500218836,0.6317691551423237,141.85568044422567,0.7333307218895767,42.38608416,141.85568044422567
63,800,47.42456565333333,1.1906183694020869,0.6318940398966572,144.15368024467617,0.7209079469230695,47.42456565333333,144.15368024467617
63,700,53.89697397333333,1.226032897746135,0.6326185502497618,147.71819166805508,0.9439387901012178,53.89697397333333,147.71819166805508
63,600,60.888811946666664,0.02667255741485366,0.6310784181175414,152.68375268276122,0.04406046815739252,60.888811946666664,152.68375268276122
63,550,66.27534208,0.06548373433690986,0.6325517689492635,157.08982143723588,0.06066694154425582,66.27534208,157.08982143723588
63,450,86.55258154666667,0.10280825523090825,0.6329152093532399,175.41232512098262,0.1404543799063306,86.55258154666667,175.41232512098262
63,380,97.59959936000001,0.08396046352276326,0.632479427186822,199.59693404435856,0.2060222885373983,97.59959936000001,199.59693404435856
63,340,109.39524784,3.3447792785362154,0.6311922520494195,231.04174549052723,0.1947446100444441,109.39524784,231.04174549052723
63,300,118.34133109333334,0.7257894768518296,0.6325174166820268,327.99765960564054,20.15441617202765,118.34133109333334,327.99765960564054
63,260,121.31872928,0.7070313791735449,0.6339628046119016,466.4369711762435,4.068509255029524,121.31872928,466.4369711762435
63,220,121.39875978666667,0.5966324332048607,0.6303646623608582,518.8230107455491,3.4330474492377445,121.39875978666667,518.8230107455491
63,200,121.413752,0.733611859068557,0.6283442196037261,525.8804282726915,7.614583244206111,121.413752,525.8804282726915
63,180,121.55427754666668,0.12621441218122942,0.631078021435128,445.1783924671784,1.2509758273626728,121.55427754666668,445.1783924671784
63,160,121.64197386666666,0.08180758424844703,0.6292010360613928,456.2765179603705,5.582261885468182,121.64197386666666,456.2765179603705
63,140,122.06915093333333,0.035841320217582226,0.63094680143146,516.5159512405236,0.613286511457007,122.06915093333333,516.5159512405236
63,120,122.56093248,0.7746366214636297,0.6306014139536259,513.2160953825977,0.6426935123456688,122.56093248,513.2160953825977
63,100,121.96001824,0.09325771847777287,0.6288786796564148,539.786591088478,0.8364593134824665,121.96001824,539.786591088478
63,90,121.90731136,0.15461487761169704,0.630564425286961,537.2766884143547,1.6013340880789217,121.90731136,537.2766884143547
63,80,121.82831552,0.12825230613315294,0.6300108682644944,535.6386957052895,1.2871776269763386,121.82831552,535.6386957052895
63,70,121.87962879999999,0.13667952478547835,0.6298357535521408,534.4697738239552,0.7363210237445257,121.87962879999999,534.4697738239552
63,65,121.827832,0.09307441090720142,0.6294801160307376,533.6799317925178,0.4607147797988637,121.827832,533.6799317925178
63,60,121.81210336,0.10659709829733684,0.629164652091459,533.4884221308865,1.2490582551649496,121.81210336,533.4884221308865
63,55,121.59651328,0.07905564267427836,0.631391797292711,543.3288161981682,0.3509881549077654,121.59651328,543.3288161981682
63,50,121.54801130666668,0.08985072756345955,0.6311854727383467,542.3519312478521,0.7240408727594727,121.54801130666668,542.3519312478521
63,45,121.61957781333332,0.019181286414479193,0.6306020243732413,543.2255602262198,0.908209905468324,121.61957781333332,543.2255602262198
63,40,121.60209450666666,0.027847796207402305,0.6305293219311247,542.7236442795994,0.790028488883584,121.60209450666666,542.7236442795994
63,35,121.52542272000001,0.08918894350360372,0.6285609015950525,547.598467204857,0.6056422551726331,121.52542272000001,547.598467204857
63,30,121.59347648,0.07756177125090871,0.628128705063666,547.070627713413,0.561157730217104,121.59347648,547.070627713413
63,25,121.46021695999998,0.07185816139185312,0.625818354903999,549.2955874472004,0.7249533900058275,121.46021695999998,549.2955874472004
63,20,121.65064704000001,,0.6349738563626468,538.949745780648,0.18112757990097855,121.65064704000001,538.949745780648
63,15,121.67461845333332,0.12388892561579255,0.6323413997802844,536.5474667273285,0.5075582209200352,121.67461845333332,536.5474667273285
63,10,121.47274357333333,0.15876800724990195,0.6324940581313884,520.551643583852,4.786476698162653,121.47274357333333,520.551643583852
63,5,121.49153226666665,0.22066149046173764,0.631813868001818,506.0688573802649,7.170292907400516,121.49153226666665,506.0688573802649
63,0,121.65179733333333,0.3832834169674287,0.6331547883628388,499.4129811168547,8.293546413484012,121.65179733333333,499.4129811168547
64,100000,0.45553536,0.021422821030613905,0.6392945399958239,129.11908392139287,0.4778178218497086,0.45553536,129.11908392139287
64,40000,1.028667392,0.05863103125589645,0.6407805003953595,129.023847874548,0.3595479753238889,1.028667392,129.023847874548
64,3000,12.473731199999998,0.005613531464310146,0.6387217812741003,132.2071447473405,0.024129549634307527,12.473731199999998,132.2071447473405
64,2000,18.620621866666667,0.018235749234748175,0.640399659329948,133.80751025541727,0.02311906457900747,18.620621866666667,133.80751025541727
64,1500,24.727488213333334,0.0030020061018829203,0.6419009033254108,135.47967415378946,0.028331070835933406,24.727488213333334,135.47967415378946
64,1000,36.626895573333336,0.024412290824593404,0.6433836071898693,139.25370085746934,0.025097058673306565,36.626895573333336,139.25370085746934
64,900,40.65074197333333,0.015492135240792768,0.643001332279197,140.79737243664928,0.0495355174072326,40.65074197333333,140.79737243664928
64,800,45.49353130666666,0.02057661460315681,0.6435525232334546,142.84319161564568,0.03234808090586665,45.49353130666666,142.84319161564568
64,700,51.65307712,0.05720382485584115,0.6438253266435814,145.9750083169461,0.04705096550881521,51.65307712,145.9750083169461
64,600,61.604085760000004,2.1359950754725086,0.639819214653514,153.02170063843994,1.844316092834491,61.604085760000004,153.02170063843994
64,550,66.82706474666666,2.2896566483679703,0.6404795225313441,157.21249847043393,2.245541280537186,66.82706474666666,157.21249847043393
64,450,82.98392554666667,1.7715570992660823,0.6416406682054284,173.5920488534648,2.177117548693695,82.98392554666667,173.5920488534648
64,380,99.170276224,2.9666969192976027,0.6396316085793772,199.35865645221358,5.502961204311159,99.170276224,199.35865645221358
64,340,109.84320432,2.5448107570348784,0.6386180829993039,245.78602446748656,0.36411658254911883,109.84320432,245.78602446748656
64,300,117.94547498666667,1.56681754863922,0.6442764862752779,311.54823916187473,19.163398862739133,117.94547498666667,311.54823916187473
64,220,121.82826688,0.07931899702814081,0.6433193450175554,505.3844647826095,0.9419985713083978,121.82826688,505.3844647826095
64,200,121.97701077333333,0.09392310931131273,0.6412086665774244,512.993069505981,0.406204187544077,121.97701077333333,512.993069505981
64,140,121.74776362666667,0.0035741619449200183,0.637758347437253,523.9733426792841,0.4005802603948255,121.74776362666667,523.9733426792841
64,120,121.77673066666667,0.056789794354658,0.6369559975804447,519.958730639578,0.6701549800184403,121.77673066666667,519.958730639578
64,100,121.80830271999999,0.020537466365409072,0.6382568072059156,537.3279743211809,0.6709421842674166,121.80830271999999,537.3279743211809
64,90,122.06589269333334,0.08942038031698513,0.6443426973080614,532.4167463558857,0.48988642501987806,122.06589269333334,532.4167463558857
64,80,121.98653930666666,0.11220570243117563,0.6444065330066484,535.0765334340764,6.666330493310405,121.98653930666666,535.0765334340764
64,70,121.98961333333334,0.12378776135023484,0.6440513170879383,532.6822487984688,6.157659169191139,121.98961333333334,532.6822487984688
64,65,122.20045386666668,0.4970332273271126,0.6435563385118969,532.5869335076102,6.052633714393031,122.20045386666668,532.5869335076102
64,60,121.97076042666667,0.1611525746724216,0.6433095682886145,531.6516837415138,5.9237484860911795,121.97076042666667,531.6516837415138
64,55,121.92523989333334,0.13947334942575923,0.6421917941038534,541.9626282278389,3.7512677260026437,121.92523989333334,541.9626282278389
64,50,121.92973130666667,0.16211075813520628,0.642051535369959,539.9644129142945,5.346501528970641,121.92973130666667,539.9644129142945
64,45,121.88337642666666,0.14818496964407732,0.6413889854639614,539.7638725218786,4.682750006311905,121.88337642666666,539.7638725218786
64,40,121.95064917333333,0.15631059560332358,0.6413201327794681,538.9982518596063,5.025187520690623,121.95064917333333,538.9982518596063
64,35,121.88546688000001,0.16210758913982623,0.6401414676770866,542.6291661243531,4.792823958071649,121.88546688000001,542.6291661243531
64,30,121.80108117333333,0.06867461500294349,0.6395362897356498,543.1272616614837,3.358112489265992,121.80108117333333,543.1272616614837
64,25,121.62820288,0.07292641385887123,0.6383175069750255,541.9625285118414,0.8241678406805191,121.62820288,541.9625285118414
64,20,121.85264696,0.23973012535659324,0.6399159356911273,535.0178642140851,4.505186412841601,121.85264696,535.0178642140851
64,15,121.85787616,0.3454979833763698,0.639418643278587,529.5010678098845,4.806436043079716,121.85787616,529.5010678098845
64,10,122.02243797333334,0.04169278841394798,0.641200320449892,506.55744904323916,0.2470944594935632,122.02243797333334,506.55744904323916
64,5,121.96203648,0.042338251148618264,0.6403555153346444,489.89014685055287,0.2824461813861778,121.96203648,489.89014685055287
64,0,121.9453568,0.030041036286134196,0.6411115325256135,482.2557311343317,0.8712421089060939,121.9453568,482.2557311343317
65,100000,0.46410263272727276,0.039359408033295705,0.6488057245602841,129.2738999494709,0.4342103406872223,0.46410263272727276,129.2738999494709
65,40000,0.9816516072727274,0.05828389164568833,0.6489738495968039,129.58700590013794,0.37311007447434696,0.9816516072727274,129.58700590013794
65,5000,7.511568384,0.43453441324307207,0.650171694703906,130.78133876657967,0.3794572731997221,7.511568384,130.78133876657967
65,3000,12.649273325714287,0.5823645947461046,0.652405128867171,131.8503135153386,0.3586925399520994,12.649273325714287,131.8503135153386
65,2000,18.850086765714284,0.848968552036723,0.6531392224092626,133.4352862816567,0.424554029999286,18.850086765714284,133.4352862816567
65,1500,24.188497664,0.5630850918881031,0.6523677323792862,134.62992437816615,0.016441395336076605,24.188497664,134.62992437816615
65,1000,35.19274112,0.010323830378769442,0.6514672283112248,138.16343107118132,0.007492573330696126,35.19274112,138.16343107118132
65,900,39.632156032,0.8912566408365321,0.6527981758096182,139.98450725002346,0.6295378764392926,39.632156032,139.98450725002346
65,800,43.62991829333333,0.040885769458807335,0.6515588490198567,141.3416550342458,0.07759597675091147,43.62991829333333,141.3416550342458
65,700,49.495001386666665,0.04158514733171635,0.6516009542807432,144.1523083890511,0.07847015863018304,49.495001386666665,144.1523083890511
65,600,57.082814719999995,0.009578067041064802,0.6520097203254511,148.71547287822435,0.07950264404048298,57.082814719999995,148.71547287822435
65,550,61.92013056,0.03554545658739156,0.6522334420155934,152.0394346628054,0.0029966977533375707,61.92013056,152.0394346628054
65,450,76.68751946666667,2.115923751789965,0.6507096330983377,165.19683107226342,2.7333419388831683,76.68751946666667,165.19683107226342
65,380,95.87163026285714,3.308211145397351,0.6483094987814386,193.6605135202567,7.9680409053567836,95.87163026285714,193.6605135202567
65,340,105.96818496,3.192450025410546,0.6483001897683152,221.55407402208056,11.642785657081017,105.96818496,221.55407402208056
65,300,113.30657578666667,0.060388860023895444,0.6525810963040962,256.1355990370385,0.1757949596702792,113.30657578666667,256.1355990370385
65,260,121.76637120000001,0.2992832358173829,0.650271000883771,458.25653036009635,30.15624626475913,121.76637120000001,458.25653036009635
65,220,122.11725888000001,0.22211072652567426,0.6517273362891546,502.1517425503979,20.398499600455207,122.11725888000001,502.1517425503979
65,200,122.14418830222222,0.16440856939808787,0.6502956380205743,504.95364483456274,23.54881872779338,122.14418830222222,504.95364483456274
65,180,121.84341553777777,0.1456477486132135,0.6498792007496156,443.36035388718875,47.6419036829685,121.84341553777777,443.36035388718875
65,160,121.93068743111111,0.1512321988326894,0.6479919043290495,450.6220821803234,34.66485905626676,121.93068743111111,450.6220821803234
65,140,122.31550897777778,0.16685521512248372,0.6494549063536884,525.8762779482709,9.220490919065622,122.31550897777778,525.8762779482709
65,120,122.23961585777778,0.15978075275247622,0.6488749871633887,520.4570938172916,9.492973690732715,122.23961585777778,520.4570938172916
65,100,122.17298984,0.10415127592199648,0.6474649799394419,533.1667152814722,8.92544858014513,122.17298984,533.1667152814722
65,90,122.18222730666666,0.0779206633929699,0.6477822108662118,532.6255425318017,10.35259281707545,122.18222730666666,532.6255425318017
65,80,121.62123616000001,0.6586812910702883,0.6524194750970626,523.1459123549622,2.2661902214497704,121.62123616000001,523.1459123549622
65,70,121.64603573333333,0.6980951557943141,0.6521076950873234,522.8853447969854,2.1867840548999444,121.64603573333333,522.8853447969854
65,65,121.60922421333333,0.6453114810043432,0.65191170843966,522.2346776676025,2.3021747497784926,121.60922421333333,522.2346776676025
65,60,121.62649162666666,0.6991690143289768,0.6517169918300232,521.499993616951,2.285956666492084,121.62649162666666,521.499993616951
65,55,121.60206784,0.7020679408525019,0.6511279184088928,532.5250057251607,1.1802038562693025,121.60206784,532.5250057251607
65,50,121.56711072,0.6448932615889654,0.6509913131128705,530.8029655801333,1.5901661291275349,121.56711072,530.8029655801333
65,45,121.53763168,0.6433341999966952,0.650711008343558,530.028864745133,0.671462012405223,121.53763168,530.028864745133
65,40,121.56076021333332,0.695570526334462,0.65061742964684,530.0238880583557,1.440903775647029,121.56076021333332,530.0238880583557
65,35,121.52728330666666,0.7256915237255553,0.6499140106523752,534.5406173727406,1.4463419435491722,121.52728330666666,534.5406173727406
65,30,121.53536010666666,0.7795251226473594,0.6495934364680428,534.1053446617899,1.012492710283208,121.53536010666666,534.1053446617899
65,25,121.51889301333334,0.780784783438207,0.6487259122344622,534.6396359204861,0.6571258145445629,121.51889301333334,534.6396359204861
65,20,121.03731472,0.6059037241282345,0.6519407124200071,532.0269305769822,1.3293417974599226,121.03731472,532.0269305769822
65,15,121.21968010666666,0.613768854751689,0.6516563947129409,522.9871974085577,5.153212607970222,121.21968010666666,522.9871974085577
65,10,121.28064565333334,0.7111143481682273,0.6502277949416562,506.4554914980558,4.515053831460172,121.28064565333334,506.4554914980558
65,5,121.16760768,0.759309818334349,0.6489706014386294,488.3594568522871,5.8336473222121645,121.16760768,488.3594568522871
65,0,121.16082944,0.6061117138181162,0.6494069927411982,479.08860993716513,6.735668737092553,121.16082944,479.08860993716513
66,100000,0.45414911999999996,,0.6611706745132524,128.9383203976162,0.29028895357990603,0.45414911999999996,128.9383203976162
66,40000,0.9251978666666666,0.06791896714542188,0.6596453762168628,129.37806915764386,0.38482766440242405,0.9251978666666666,129.37806915764386
66,5000,6.950109165714286,0.2815391921015324,0.6604305913817604,130.84201047398722,0.3211088128261306,6.950109165714286,130.84201047398722
66,3000,11.726225105454546,0.7179391169685323,0.6592773033069783,132.07289642920125,0.36221993438629546,11.726225105454546,132.07289642920125
66,2000,17.469764945454546,1.1414065731921283,0.6595720168756697,133.53517083852452,0.5108841812897386,17.469764945454546,133.53517083852452
66,1500,23.66688620307692,1.8900923365259015,0.6590128668490441,135.17286858234007,0.5685262150040268,23.66688620307692,135.17286858234007
66,1000,35.14805994666666,2.7149037477604248,0.6587172046149165,138.54304427653867,1.0314965411656827,35.14805994666666,138.54304427653867
66,900,38.67382247384615,3.169486934279096,0.6591759752348607,139.67473900199477,1.380516339025619,38.67382247384615,139.67473900199477
66,800,43.517944789333335,3.37591047255687,0.6588940232163787,141.78994352142283,1.616279441700342,43.517944789333335,141.78994352142283
66,700,49.484701056,3.76336071370092,0.6590025061422395,144.5708517976585,2.139117704313033,49.484701056,144.5708517976585
66,600,56.935610368,4.434006986255494,0.6590211402379672,149.0399687061107,3.149157318154375,56.935610368,149.0399687061107
66,550,61.64484714666666,4.7568095202310205,0.659113559113866,152.4500475644008,3.6241215542088243,61.64484714666666,152.4500475644008
66,450,74.43350020266666,6.076105036747579,0.6604564974648108,163.32919459890797,6.024181301906597,74.43350020266666,163.32919459890797
66,380,87.07586499555555,6.513372432437747,0.6607453390897832,178.0193583273283,9.776448166144494,87.07586499555555,178.0193583273283
66,340,96.23173372444444,7.314035261957187,0.6613064382886296,194.69135068888374,16.866291076372402,96.23173372444444,194.69135068888374
66,300,106.16969845333334,7.740453323779449,0.6611341961433519,229.59405932906026,42.18126174898712,106.16969845333334,229.59405932906026
66,260,116.26081624,5.27454695394283,0.6599683495855958,298.8573004119149,65.59943709328027,116.26081624,298.8573004119149
66,220,121.01382304,0.6137265787828553,0.6606408023555761,431.10381388828154,28.809792830214175,121.01382304,431.10381388828154
66,200,121.6197627022222,0.5066672372642023,0.660138429442283,446.2771657151301,35.946512676350736,121.6197627022222,446.2771657151301
66,180,121.5077261511111,0.5004274149642688,0.660068029304672,414.6459854648276,20.320548760981445,121.5077261511111,414.6459854648276
66,160,121.56189148444443,0.6260052151567183,0.6597442489133628,423.1648800221681,17.020426665836432,121.56189148444443,423.1648800221681
66,140,122.04877207272726,0.6137635785413138,0.6606087780735624,518.9402183863067,5.128436354707849,122.04877207272726,518.9402183863067
66,120,122.03889381333333,0.6181361280547778,0.6606824078031506,516.4190335608536,3.902988486703599,122.03889381333333,516.4190335608536
66,100,122.03080447999999,0.6286568517777764,0.6601590067024324,526.0284957577899,3.385882287155388,122.03080447999999,526.0284957577899
66,90,121.95709194666667,0.5385819141676774,0.6600363282790118,523.936149207103,2.498221706662881,121.95709194666667,523.936149207103
66,80,122.29524664888888,0.20430432559389888,0.6614701410356381,521.3426420521508,2.4379393781793905,122.29524664888888,521.3426420521508
66,70,122.26442396444443,0.18771860751961011,0.6612799235123636,519.1765815970373,2.3916279659181314,122.26442396444443,519.1765815970373
66,65,122.22869091555556,0.1789968771037283,0.6611835930047025,517.9639092117602,1.7685459872845153,122.22869091555556,517.9639092117602
66,60,122.78909859555557,1.553326376620069,0.6609790696076216,517.4560308193528,2.3487854549065283,122.78909859555557,517.4560308193528
66,55,122.19591900444445,0.13477617462073946,0.6608272025342421,527.1885739794928,2.0206535208319645,122.19591900444445,527.1885739794928
66,50,122.22680142222222,0.16619741396763096,0.6606783709133054,526.8908454281031,1.6260114266494596,122.22680142222222,526.8908454281031
66,45,122.1647200711111,0.17732524179060427,0.6604521841514558,524.0592927408201,1.9227535839412995,122.1647200711111,524.0592927408201
66,40,122.17126229333333,0.2455933545436784,0.6603791927737593,524.1675991047144,1.4507265945565038,122.17126229333333,524.1675991047144
66,35,121.98697589333334,0.3044642202699882,0.6612249899292026,529.3619143255715,4.043699342724317,121.98697589333334,529.3619143255715
66,30,122.02186463999999,0.3042022923496935,0.6610653020456315,528.2713976578706,4.072084106343627,122.02186463999999,528.2713976578706
66,25,121.95293679999999,0.2847227863370292,0.6605425654383164,526.093946749808,4.603716465503608,121.95293679999999,526.093946749808
66,20,121.95832343272727,0.27382268704254353,0.6604185571873212,523.1081047944776,4.534900458556215,121.95832343272727,523.1081047944776
66,15,121.86865699555557,0.3141498810589481,0.6607621067848435,517.6488723213992,3.100951145308208,121.86865699555557,517.6488723213992
66,10,121.82433095111112,0.3973720045368314,0.6593835241368627,497.8548820824408,1.3667574900787665,121.82433095111112,497.8548820824408
66,5,121.76912540444444,0.40461145002820537,0.6585331094530281,479.8796288779722,1.5792370620258163,121.76912540444444,479.8796288779722
66,0,121.83569635555556,0.38113688339458834,0.6585646625093866,473.18445118077307,2.8188313296893637,121.83569635555556,473.18445118077307
67,100000,0.4088672,0.0045291037863135495,0.6713645658617383,129.412426642264,0.04159039116584633,0.4088672,129.412426642264
67,5000,6.543742613333333,0.3456902196734356,0.6670423341194981,131.0009388085259,0.14158735657518043,6.543742613333333,131.0009388085259
67,3000,10.77926368,0.5681551321050109,0.6677523550026758,132.03802044646886,0.07392629459324618,10.77926368,132.03802044646886
67,2000,16.008730773333333,0.8593583918995739,0.6666724565767789,133.32371004760606,0.07484180989442597,16.008730773333333,133.32371004760606
67,1500,21.15894421333333,1.1383349823296807,0.6666915391397414,134.7140388722187,0.23774907752814575,21.15894421333333,134.7140388722187
67,1000,31.189808853333332,1.6381189094271613,0.6666367575794038,137.47320854843,0.24235135294030868,31.189808853333332,137.47320854843
67,900,34.47341834666667,1.8363597831853051,0.6663720807163868,138.61254041501607,0.29780314098526933,34.47341834666667,138.61254041501607
67,800,38.54871221333333,2.0846160109691154,0.6664234465120425,139.90384909653105,0.5088766483678208,38.54871221333333,139.90384909653105
67,700,43.688068799999996,2.3485342748487303,0.6664010491656519,142.08189122283298,0.8405027199035077,43.688068799999996,142.08189122283298
67,600,50.32686304,2.7026768076242007,0.6664430650560448,145.28810811801665,1.1250019670600697,50.32686304,145.28810811801665
67,550,54.52487968,2.9298535311875553,0.6664260010678866,147.64385862354425,1.6362203022428559,54.52487968,147.64385862354425
67,450,65.52264426666666,3.5269615681874953,0.6665062562728518,155.48067423578564,2.4258967061243,65.52264426666666,155.48067423578564
67,380,76.23160320000001,4.055642010643223,0.6668587309208166,164.950749105068,3.547791319421824,76.23160320000001,164.950749105068
67,340,84.06513642666667,4.518323112874355,0.6666410278165424,173.932604949185,4.755594411077928,84.06513642666667,173.932604949185
67,300,93.04988042666666,5.077746927949217,0.6667670261099725,187.56910059655823,7.439627849958473,93.04988042666666,187.56910059655823
67,260,104.93360682666666,5.438655753665784,0.6667385010889992,217.74254524251094,14.842684358127888,104.93360682666666,217.74254524251094
67,220,117.5887996342857,3.9664496334979376,0.6664117249142186,312.7394548322671,41.19115908608331,117.5887996342857,312.7394548322671
67,200,120.78320106666666,1.3452853463331151,0.6663449611173996,375.3517339800481,40.62459501488492,120.78320106666666,375.3517339800481
67,180,121.10640874666667,0.5149511159353056,0.6662881442348247,383.0556262574869,8.720000361664631,121.10640874666667,383.0556262574869
67,160,121.23426730666667,0.4871812243001925,0.6662140940724269,391.66706005173955,10.022938093935727,121.23426730666667,391.66706005173955
67,140,122.03653104,0.2707855889865013,0.6661978202487661,526.41672077959,0.10092114256808982,122.03653104,526.41672077959
67,120,121.76551850666665,0.11010947153822873,0.6663969293747619,526.8701964260122,1.5193551868666118,121.76551850666665,526.8701964260122
67,100,121.64727104,0.025262178864830297,0.6660520170947647,533.8131933815664,0.6015595425664041,121.64727104,533.8131933815664
67,90,121.57166656,0.019051745669186642,0.6659663793339137,531.9799347525936,0.8762130127472346,121.57166656,531.9799347525936
67,80,121.65476970666667,0.020502690403646336,0.6658372409479587,531.2132620080905,0.2966746639013633,121.65476970666667,531.2132620080905
67,70,121.56216298666668,0.08163282230010183,0.6656416234812846,528.2272538251462,1.8477748787867663,121.56216298666668,528.2272538251462
67,65,121.51375573333333,0.08147606125514857,0.6656254751906874,525.2318782381715,0.8432993256336877,121.51375573333333,525.2318782381715
67,60,121.50463018666666,0.050804023855590776,0.6655442627591615,524.9362521982836,0.23461895163678068,121.50463018666666,524.9362521982836
67,55,121.53886784000001,0.006090227086999519,0.6652645783736689,533.7001948746242,0.9027467280206277,121.53886784000001,533.7001948746242
67,50,121.52242517333333,0.05573239643854887,0.6652649227698428,532.0773184866899,0.4794997074815728,121.52242517333333,532.0773184866899
67,45,121.55473962666667,0.020853194849529,0.6653358561553803,531.9469822312022,0.5451809749679147,121.55473962666667,531.9469822312022
67,40,121.52909056,0.06144766952463831,0.6650720014839268,530.3067071443131,0.47762392050688224,121.52909056,530.3067071443131
68,40000,0.9275825066666666,0.030594109827385602,0.6808812919961179,129.69230889856945,0.05936654885372925,0.9275825066666666,129.69230889856945
68,3000,11.13939744,0.1174792863117592,0.6834982762144017,132.04670213446914,0.060048346647063,11.13939744,132.04670213446914
68,2000,16.402204373333333,0.015482909025547062,0.6839622480346784,133.3625287222405,0.04507498559516642,16.402204373333333,133.3625287222405
68,1500,21.68675242666667,0.022713456070176285,0.6842196019649438,134.6496748694621,0.023705585730421745,21.68675242666667,134.6496748694621
68,1000,31.942931413333337,0.006542804055672306,0.6839784670903585,137.4570753098612,0.0275800650569829,31.942931413333337,137.4570753098612
68,900,35.33351850666667,0.04308460623762777,0.6841990923660318,138.58376211648752,0.10105629298458324,35.33351850666667,138.58376211648752
68,800,39.47472960000001,0.020307347070375372,0.6843247747650905,139.99515799055933,0.024990816020848513,39.47472960000001,139.99515799055933
68,700,44.754021120000004,0.013076421879278677,0.6842077192258006,141.98027291683687,0.06777202723402545,44.754021120000004,141.98027291683687
68,600,51.57149546666667,0.009250102090973465,0.6842205203191365,145.2537801536996,0.08496497046288971,51.57149546666667,145.2537801536996
68,550,55.8147968,0.02104189873348566,0.6841009136955697,147.74229268739623,0.08979197070712598,55.8147968,147.74229268739623
68,450,67.09350336,0.02087885153868696,0.6841359069212737,155.56104836895972,0.036935068522374534,67.09350336,155.56104836895972
68,380,77.97427904,0.04572029796128975,0.6843368362851715,164.99657162393027,0.12568975802514298,77.97427904,164.99657162393027
68,340,86.08427093333334,0.10057201930517247,0.6842972942780657,173.97484363127083,0.14715822496584696,86.08427093333334,173.97484363127083
68,260,107.68348437333333,0.06665136225773947,0.6843706776167275,217.78971358962318,0.06009294923035758,107.68348437333333,217.78971358962318
68,220,120.36496810666665,0.09010752052806144,0.6841948246236397,322.6380115662001,0.34807848948502584,120.36496810666665,322.6380115662001
68,200,122.2860256,0.03130063768009395,0.6841875337737396,409.8907441864969,0.864901998114137,122.2860256,409.8907441864969
68,180,124.00209728,3.446373563419028,0.6841319421849025,394.84044427415233,0.17184023388393624,124.00209728,394.84044427415233
68,160,121.96186773333334,0.041783240855242404,0.6842090097167027,401.760020693576,0.050144670823909956,121.96186773333334,401.760020693576
68,140,122.54930090666666,0.09552662476153995,0.6833959437872891,519.5147700865466,0.32899578219553033,122.54930090666666,519.5147700865466
68,120,122.47723328000001,0.11074098884343395,0.6830824538322765,516.3063608811503,0.41395326655183484,122.47723328000001,516.3063608811503
68,100,122.43796074666666,0.12042835425811536,0.6826732449549476,524.1063601094661,0.6143497343613562,122.43796074666666,524.1063601094661
68,90,122.38737194666665,0.05364800588400604,0.6823939447563702,522.3622350219994,0.4494001153904236,122.38737194666665,522.3622350219994
68,80,122.34890090666666,0.08736382101496269,0.68225029742128,519.370691415465,2.135074808396796,122.34890090666666,519.370691415465
68,70,122.26349333333333,0.03456773579396939,0.6820936641578982,518.1722134677874,0.5291993951444939,122.26349333333333,518.1722134677874
68,65,122.17697130666666,0.11112142282991368,0.6820152370263489,512.8053422221866,2.704234456344536,122.17697130666666,512.8053422221866
68,60,122.16534058666667,0.008940468250596264,0.6819569787706725,511.05746523678243,0.579577384252731,122.16534058666667,511.05746523678243
68,55,122.12397568,0.02427436415539904,0.6814960655538796,516.895621738268,0.8604922265018723,122.12397568,516.895621738268
68,50,122.06378986666668,0.06829735560830591,0.6814630066462414,516.5904209963747,0.8725256479990662,122.06378986666668,516.5904209963747
68,45,122.06037461333334,0.09634890961624352,0.6813390422970841,514.7766681303962,0.49221951609959264,122.06037461333334,514.7766681303962
68,40,122.10709333333334,0.03445577465794218,0.6811710301684665,512.6692980842824,0.5011998716405208,122.10709333333334,512.6692980842824
68,35,122.03963541333333,0.0391200738228704,0.680782489122347,516.2804915289381,0.38464331615576536,122.03963541333333,516.2804915289381
68,30,122.02063253333331,0.04092813076862487,0.680577825211289,513.8391527447837,0.7249427976673251,122.02063253333331,513.8391527447837
68,25,121.98921856,0.012580165775189655,0.679826057235975,511.18484906034814,0.5192115313280594,121.98921856,511.18484906034814
68,20,121.97098304000001,0.06735239634955965,0.6790241521751309,506.6597431792945,0.6615290040608582,121.97098304000001,506.6597431792945
68,15,121.88514922666666,0.02147118031062787,0.6783706928902794,499.5918862297779,0.22599269588758944,121.88514922666666,499.5918862297779
68,10,121.80585173333334,0.0750283608742879,0.676671156953025,481.0614897319039,0.7722391713555339,121.80585173333334,481.0614897319039
68,5,121.89135850666666,0.02299470803666853,0.6758773992646946,458.4897508239612,0.3961529774551969,121.89135850666666,458.4897508239612
68,0,121.98448362666666,0.10544338892001008,0.6758317420479351,451.0514163132954,1.4150861927218543,121.98448362666666,451.0514163132954
70,100000,0.44017408,0.01862700387596458,0.7002388570115893,129.63709877618263,0.18380813759236508,0.44017408,129.63709877618263
70,40000,0.9629131200000001,0.015541542592231127,0.7013110363465199,129.1602093199579,0.3214727062510269,0.9629131200000001,129.1602093199579
70,5000,6.3944281599999995,0.016081750307923987,0.7006932625088661,130.64730317593452,0.03535859658761246,6.3944281599999995,130.64730317593452
70,3000,10.51993344,0.007220091604516649,0.7015635483957471,131.5438332019636,0.031031694291010815,10.51993344,131.5438332019636
70,2000,15.614142506666667,0.013362759752646794,0.7009086072728673,132.790648277771,0.029704909572636076,15.614142506666667,132.790648277771
70,1500,20.654830506666666,0.03749359539679012,0.7005707891593378,134.173143872947,0.12499635966983569,20.654830506666666,134.173143872947
70,1000,30.394142079999998,0.004805977973483541,0.7009034748633214,136.88934307047109,0.051648478683873934,30.394142079999998,136.88934307047109
70,900,33.64157824,0.04605144283112763,0.7008221255757224,137.76732078316584,0.05827199312161446,33.64157824,137.76732078316584
70,800,37.567296,0.023202730238246386,0.7008770536445778,139.07816620193867,0.11156373689206094,37.567296,139.07816620193867
70,700,42.61037013333333,0.014110705810341979,0.7008206189217514,140.8107796963579,0.010833969090099222,42.61037013333333,140.8107796963579
70,600,49.12219306666666,0.0110240669598335,0.7007786518962188,143.8013693360942,0.07403320341972296,49.12219306666666,143.8013693360942
70,550,53.143985066666666,0.053539695875614975,0.7006896080852814,145.92492700226353,0.024479250387499128,53.143985066666666,145.92492700226353
70,450,63.90937728,0.017398737806539995,0.7008331781230002,152.7954753523135,0.05560679998769429,63.90937728,152.7954753523135
70,380,74.29896042666667,0.02553822527715428,0.7007828036257263,161.22745153211363,0.09864650269139494,74.29896042666667,161.22745153211363
70,340,81.94957525333334,0.03721986373935646,0.7008837838253137,169.08616117225804,0.06717383184330088,81.94957525333334,169.08616117225804
70,300,90.88913429333333,0.06921612954538199,0.7007563784131673,180.64076243720172,0.11168109016746564,90.88913429333333,180.64076243720172
70,260,102.68934869333334,0.055647995776279505,0.7008285002176734,204.4536338637248,0.0944798438351414,102.68934869333334,204.4536338637248
70,220,116.01483605333334,0.03409494454126917,0.7008164577415922,268.14386797871475,0.8917828497947784,116.01483605333334,268.14386797871475
70,200,120.84794602666666,0.04235863196653714,0.7007531629629958,351.7199527855385,0.7259038939243894,120.84794602666666,351.7199527855385
70,180,120.83050474666668,0.005622884999766104,0.7006798918522145,355.0961337677981,0.8796540070195251,120.83050474666668,355.0961337677981
70,160,121.13664234666668,0.034073686228790534,0.7005949731388664,372.0113336046417,0.18914449892994475,121.13664234666668,372.0113336046417
70,140,122.11006698666667,0.05393076550032786,0.6995876950056447,496.6985081099567,0.34930569801843375,122.11006698666667,496.6985081099567
70,120,122.15945599999999,0.08724573330721143,0.6994121648688593,495.68571229980336,0.28964451206873043,122.15945599999999,495.68571229980336
70,100,122.34468330666665,0.07195891225812195,0.6988898395987394,506.9943705677433,0.4714202758042147,122.34468330666665,506.9943705677433
70,90,122.30640576,0.017783703239628544,0.6986733556338726,504.8003650320922,0.8260533580827423,122.30640576,504.8003650320922
70,80,122.30996330666666,0.12262490873372238,0.6984313033029874,503.6948156760547,1.1100556107145914,122.30996330666666,503.6948156760547
70,70,122.21363605333333,0.10567885881391853,0.6982070351636693,500.0033420863994,0.1373315640430116,122.21363605333333,500.0033420863994
70,65,122.13852437333333,0.04974134815687315,0.6981236213365943,498.10585563725834,0.2941810928270703,122.13852437333333,498.10585563725834
70,60,122.15377066666667,0.056349724397284744,0.6979992102649807,497.6745370747363,0.407016963678498,122.15377066666667,497.6745370747363
70,55,122.17863616,0.06147473307572534,0.69733963774316,506.9336799232232,0.34919377051367023,122.17863616,506.9336799232232
70,50,122.16464384,0.004351859903631255,0.6971833464037483,506.11432055480554,0.15570130671577082,122.16464384,506.11432055480554
70,45,122.12036181333333,0.09112917449571274,0.6970091219127431,504.4323666959678,0.7269980314507883,122.12036181333333,504.4323666959678
70,40,122.12235690666667,0.08706013944965556,0.6968290882014535,503.94183525892623,0.6672272290691077,122.12235690666667,503.94183525892623
70,35,122.18443072000001,0.03622696466737479,0.6961864857149439,507.301627216113,0.6223839565189404,122.18443072000001,507.301627216113
70,30,122.1353152,0.02949940254678268,0.6959182317659055,505.71194686518766,0.6861597421515324,122.1353152,505.71194686518766
70,25,122.02127552000002,0.08819553871331849,0.6952138311098626,501.8327092409001,0.5424355823626995,122.02127552000002,501.8327092409001
70,10,122.68126101333333,0.017043785583134394,0.7036978075945542,457.5101653293768,0.28831424207485784,122.68126101333333,457.5101653293768
70,5,122.79687381333333,0.07574051186921339,0.7025346648373265,429.50598985883113,0.30941839428042134,122.79687381333333,429.50598985883113
70,0,122.69962901333334,0.047224567394960816,0.702659026310041,416.88198238193354,0.6301488466536622,122.69962901333334,416.88198238193354
72,100000,0.44759424000000003,0.021252575141172913,0.7194396848893245,129.0912241613738,0.08163250323996457,0.44759424000000003,129.0912241613738
72,5000,6.860219093333334,0.009856981693100455,0.7157697432189373,130.46072531133134,0.03720050615346785,6.860219093333334,130.46072531133134
72,3000,11.288770986666668,0.007200672006565288,0.7165938107820086,131.5917464878947,0.05543863768841762,11.288770986666668,131.5917464878947
72,2000,16.742285653333333,0.003171954563442556,0.7166452344370549,132.75848570306974,0.050563640308861825,16.742285653333333,132.75848570306974
72,1500,22.134162560000004,0.014481954322037657,0.7163194480263412,134.3222071201185,0.31753940187175017,22.134162560000004,134.3222071201185
72,1000,32.58111701333333,0.005197113067743293,0.7164354275324305,136.91193664059065,0.08472774660004069,32.58111701333333,136.91193664059065
72,900,36.09942741333333,0.03899578416937513,0.7162871788253115,138.04556045306515,0.05055062288327824,36.09942741333333,138.04556045306515
72,800,40.3067648,0.0270374613227179,0.716453406470715,139.30525006578884,0.09866326609958308,40.3067648,139.30525006578884
72,700,45.68172672,0.0037650753422470936,0.7162871432131448,141.3801362792228,0.016235996241200038,45.68172672,141.3801362792228
72,600,52.657283199999995,0.09606790268634625,0.716340108078963,144.55224141115113,0.05649636671788976,52.657283199999995,144.55224141115113
72,550,56.988296319999996,0.005711349852078302,0.7164228322743126,146.94942809815822,0.02208171331068118,56.988296319999996,146.94942809815822
72,450,68.45957738666668,0.0085548453434421,0.7165269709183058,154.57991253766338,0.08440948619989272,68.45957738666668,154.57991253766338
72,380,79.56927082666668,0.006475141173604183,0.716535697970313,163.71460700037372,0.07202490645224206,79.56927082666668,163.71460700037372
72,340,87.75326229333332,0.035733893758145716,0.7166734187056335,172.50641094123702,0.1196192257775458,87.75326229333332,172.50641094123702
72,300,97.02531904,0.005071119630857403,0.716590524246311,185.37673073022583,0.13110941189257322,97.02531904,185.37673073022583
72,260,109.38469290666666,0.07135943479262238,0.7166567989800546,214.76030783625762,0.10407093167696617,109.38469290666666,214.76030783625762
72,220,121.64717269333333,0.07626966252717901,0.7165765591974411,321.4240773084154,0.20994592791947972,121.64717269333333,321.4240773084154
72,200,123.00368576000001,0.04140154018978961,0.7160991746169086,392.00020617287055,0.7165774217841812,123.00368576000001,392.00020617287055
72,180,122.67694122666666,0.05980044465093074,0.7163765008340452,357.27639807258237,0.16223892292513264,122.67694122666666,357.27639807258237
72,160,122.75074816,0.04605633131247193,0.7163483402820913,371.88105675920724,0.08767818382824524,122.75074816,371.88105675920724
72,45,122.88005994666666,0.018661664735406838,0.7248708903592626,480.2251999979494,0.7191501229622336,122.88005994666666,480.2251999979494
72,40,122.98741973333334,0.07337647832191337,0.7247018967837723,479.1758145306873,0.4066884316309919,122.98741973333334,479.1758145306873
72,35,122.86717696000001,0.08851727534012488,0.7236057667616652,483.2093861819976,0.34965055287224633,122.86717696000001,483.2093861819976
72,30,122.78450538666668,0.07249515693340311,0.7232252858082832,482.08990359630843,0.62035173693947,122.78450538666668,482.08990359630843
72,25,122.73261397333333,0.10496764973164453,0.7220369974238384,480.1349928167426,1.4023616366731193,122.73261397333333,480.1349928167426
72,20,122.76620650666666,0.13658940776225553,0.7207916062993646,475.390084412144,1.0004698543429327,122.76620650666666,475.390084412144
72,15,122.67095274666666,0.015866640389721187,0.7193058747431343,469.01844570386083,0.2841919080096284,122.67095274666666,469.01844570386083
72,10,122.56934442666666,0.05447248668763521,0.716721373139804,451.58888048477434,0.13665906566144762,122.56934442666666,451.58888048477434
72,5,122.65685354666668,0.07969181218876212,0.715406435479441,419.1007794226384,0.5644578987939867,122.65685354666668,419.1007794226384
72,0,122.62257173333334,0.025467863433638237,0.7154727530073398,402.4174901476844,0.25791948584870467,122.62257173333334,402.4174901476844
73,100000,0.44421414400000003,0.034722856472653295,0.7317878477206177,129.36110635037633,0.29177954796292466,0.44421414400000003,129.36110635037633
73,40000,0.97150592,0.0050676363108652644,0.7274675883290396,129.47205837591463,0.026141540256177764,0.97150592,129.47205837591463
73,5000,6.518032213333332,0.0064778653458471575,0.7320780270598083,130.0258510588511,0.021036786191501147,6.518032213333332,130.0258510588511
73,3000,10.753458559999999,0.010798422469675554,0.7318613670310783,131.1230784577555,0.0850897023491738,10.753458559999999,131.1230784577555
73,2000,15.921682986666667,0.021706510674885056,0.731630049529317,132.37321913041572,0.0629874038279004,15.921682986666667,132.37321913041572
73,1500,21.028670293333334,0.02042961384176824,0.7319612547366231,133.52493478138854,0.04242090662537773,21.028670293333334,133.52493478138854
73,1000,30.995568426666665,0.019605134450642558,0.7316791411865412,136.18155985062614,0.03537654948890633,30.995568426666665,136.18155985062614
73,900,34.30632576,0.025973943756492028,0.7316636831694736,136.9459469220462,0.022981599326774807,34.30632576,136.9459469220462
73,800,38.46041664,0.20213115330246614,0.7323694412738325,138.2852299454341,0.05633116168469605,38.46041664,138.2852299454341
73,700,43.47655274666666,0.02328997874126788,0.73160230002081,140.00841976877535,0.07234587526373053,43.47655274666666,140.00841976877535
73,600,50.09716778666667,0.02830889324591624,0.731886476518563,142.78910968789305,0.06939234516920302,50.09716778666667,142.78910968789305
73,550,54.27670741333333,0.0523413019967542,0.7317337662259864,144.77072594763885,0.12654204071154718,54.27670741333333,144.77072594763885
73,450,65.21201002666668,0.07247833422144986,0.7319634024178354,151.51299405273275,0.0956009411805401,65.21201002666668,151.51299405273275
73,380,75.86337194666666,0.016755716298651614,0.7319977786536507,159.6009819489474,0.1699431706735971,75.86337194666666,159.6009819489474
73,340,83.76634965333334,0.07054606702988571,0.7318081789206574,166.96985568674816,0.11659336053748925,83.76634965333334,166.96985568674816
73,300,92.58489344000002,0.1049802210316792,0.7319700059525026,177.06178756549164,0.13792837706391783,92.58489344000002,177.06178756549164
73,260,104.72172565333334,0.3480726901655759,0.7320840716682749,198.28937248044656,0.13928677929871586,104.72172565333334,198.28937248044656
73,220,118.17779712,0.06597541005736958,0.7320611524588759,259.94453813890266,0.08637828879155851,118.17779712,259.94453813890266
73,200,122.7698112,0.03446702801776369,0.7317315168966241,360.7004014710137,0.9258762817216764,122.7698112,360.7004014710137
73,180,122.84856298666666,0.03379929321499169,0.7317548474808783,367.1693093982135,0.17650878720551608,122.84856298666666,367.1693093982135
73,160,122.95659392,0.2056605995016251,0.7316576497570929,372.4586324435106,0.2645441222706113,122.95659392,372.4586324435106
73,140,123.20817856000001,0.10311156379158283,0.7293838318417322,466.5605541806761,0.9030329276992527,123.20817856000001,466.5605541806761
73,120,123.25773546666666,0.01864073576390421,0.7286631569793699,468.8695220325307,0.2671067612294413,123.25773546666666,468.8695220325307
73,100,123.16432960000002,0.013849950945641804,0.7276972936659224,480.4736259375556,0.25202532891956547,123.16432960000002,480.4736259375556
73,90,123.43734677333333,0.39957794900472704,0.7272352428129901,479.5745627567639,0.23004037445739334,123.43734677333333,479.5745627567639
73,80,123.05026432,0.03944924875119903,0.7268396486163828,478.14612311039724,0.39578030681342546,123.05026432,478.14612311039724
73,70,122.97497493333333,0.007871379548455144,0.7268377565379742,474.3573478163193,0.35439187349582113,122.97497493333333,474.3573478163193
73,65,122.96965397333334,0.06570130663367635,0.7261368771144427,475.96444691629387,0.43350128132596377,122.96965397333334,475.96444691629387
73,60,123.03740074666666,0.028108572824812623,0.7260050604169931,474.71470578559746,0.7694126618803829,123.03740074666666,474.71470578559746
73,55,122.93875498666667,0.06259806923649527,0.7253045933942843,482.55860392805613,0.2114589098841847,122.93875498666667,482.55860392805613
73,50,122.90123114666666,0.05620992645746952,0.725106342012941,481.21799067061573,0.6189062834410752,122.90123114666666,481.21799067061573
73,25,122.98975999999999,,0.7349127680223134,469.27639761409336,1.213464260632449,122.98975999999999,469.27639761409336
73,20,122.90292032,0.042466336475883444,0.733256211323042,465.5827290387151,0.6986418693409118,122.90292032,465.5827290387151
73,15,122.91695551999999,0.06525483372787198,0.7317178268381835,461.07930344621496,0.2472388155404302,122.91695551999999,461.07930344621496
73,10,122.82500117333332,0.028168758095027044,0.7289730018163499,442.755326426588,0.45001851087794564,122.82500117333332,442.755326426588
73,5,122.81153877333334,0.07134908673597276,0.7274825121896459,414.3911828483631,0.35914239672744563,122.81153877333334,414.3911828483631
73,0,122.78104213333334,0.12162871510947486,0.7273613486608568,391.2635764763854,0.9622275454613417,122.78104213333334,391.2635764763854
75,100000,0.46752288,0.014733616304057886,0.7476152072313677,129.07386699673884,0.03692481952680681,0.46752288,129.07386699673884
75,40000,1.0284823466666666,0.03219348240138864,0.7495203967091979,129.29960697890888,0.287495111662077,1.0284823466666666,129.29960697890888
75,5000,6.974972800000001,0.015714288556749813,0.7458206195674989,130.78555293082786,0.048701524010769666,6.974972800000001,130.78555293082786
75,3000,11.49189728,0.02870287846192447,0.7459399735436456,131.80342929021649,0.017735316842274605,11.49189728,131.80342929021649
75,2000,17.06616128,0.04363191909284669,0.7457321215581724,132.94798227463082,0.01248020760150803,17.06616128,132.94798227463082
75,1500,22.502891946666665,0.009903158272901776,0.7464099342924809,134.30448514313846,0.048813237665476766,22.502891946666665,134.30448514313846
75,1000,33.15599957333333,0.019468138132954303,0.7462802057226957,137.00869235999113,0.07002095752862715,33.15599957333333,137.00869235999113
75,900,36.75142677333333,0.013872321418494074,0.7461971859280575,138.0169229605182,0.04564852588829987,36.75142677333333,138.0169229605182
75,800,41.08021482666667,0.028391580832671067,0.7463888006412343,139.37004089807098,0.020851142996565358,41.08021482666667,139.37004089807098
75,700,46.524728960000004,0.03363742033276246,0.7465266921063813,141.4115271601593,0.060385011741709786,46.524728960000004,141.4115271601593
75,600,53.687265493333335,0.022886927504729374,0.7465057198239015,144.64173436570238,0.031048064314801702,53.687265493333335,144.64173436570238
75,550,58.12704213333333,0.05318579660727823,0.746332492450715,146.90005071874148,0.014552935999729092,58.12704213333333,146.90005071874148
75,450,69.90150976000001,0.006326358757571911,0.7465850066607045,154.7040268095279,0.025436687624286945,69.90150976000001,154.7040268095279
75,380,81.29353685333332,0.07052538613039093,0.7467164390072832,164.01406523911768,0.03384170989679253,81.29353685333332,164.01406523911768
75,340,89.73813269333334,0.009669704961563642,0.7467228463540195,173.04849421240274,0.3545051695789681,89.73813269333334,173.04849421240274
75,300,99.23400277333333,0.09100111234546564,0.7469699376597042,186.4002115650802,0.052352756755808215,99.23400277333333,186.4002115650802
75,260,111.80473408,0.08943727239747967,0.7469182140535628,218.96275572449613,0.04553573105617101,111.80473408,218.96275572449613
75,220,122.68370218666666,0.13054047228445392,0.7467291496601982,341.44029142495657,0.4467768184193438,122.68370218666666,341.44029142495657
75,200,123.28768213333332,0.05677374744418758,0.7464492497971746,398.04212713962255,0.25123202852141646,123.28768213333332,398.04212713962255
75,180,123.28208405333334,0.01983122339380845,0.746456611476784,373.44147356477055,1.0095822923936142,123.28208405333334,373.44147356477055
75,160,123.26705386666667,0.01485231001353702,0.7463446530440802,380.88034299475794,0.7043680335860669,123.26705386666667,380.88034299475794
75,100,122.70047296,,0.7549544063305949,465.65921131980986,0.404371561335222,122.70047296,465.65921131980986
75,90,122.78419967999999,0.03904074324799791,0.7544312687831959,465.8414528113328,0.6966062916960528,122.78419967999999,465.8414528113328
75,80,122.82518976,0.05321731280737965,0.7537693837583639,465.18500812026986,0.47101212150947297,122.82518976,465.18500812026986
75,70,122.82297130666666,0.03211872599429701,0.754021751476233,462.7823239315012,0.41547103053777895,122.82297130666666,462.7823239315012
75,65,122.70062826666667,0.08905409548942994,0.7530092202146575,464.2006408769123,0.3306765677003643,122.70062826666667,464.2006408769123
75,60,122.82099178666665,0.32088023177809005,0.752449840400854,464.278947595954,0.6635238421048987,122.82099178666665,464.278947595954
75,55,122.65338538666667,0.03091596473346033,0.7519262191675283,468.93440568589637,0.5546127007063003,122.65338538666667,468.93440568589637
75,50,122.63466624,0.0732083811056831,0.7516476060585676,468.60041101602155,0.49367771981573516,122.63466624,468.60041101602155
75,45,122.58728981333333,0.10459330953408323,0.7512959027865714,467.6179169090597,0.503759706915531,122.58728981333333,467.6179169090597
75,40,122.64804416,0.03916594725600412,0.750986764498018,467.1477300271665,0.26268204790593386,122.64804416,467.1477300271665
75,35,122.42969365333333,0.06809326095043158,0.7498086010107693,467.860537259248,0.6800562351870837,122.42969365333333,467.860537259248
75,30,122.50865578666667,0.10968073089778908,0.7493122074473818,467.0074989454333,0.21846070324915826,122.50865578666667,467.0074989454333
75,25,122.62530389333334,0.2554329526928803,0.7474657846633774,465.2553231186195,0.24892132916498202,122.62530389333334,465.2553231186195
75,20,122.49215253333334,0.10304921352563406,0.7458523068487611,460.6956636120436,0.491451278329994,122.49215253333334,460.6956636120436
76,100000,0.4263836,0.016558761925837707,0.7598906498168853,128.18463173489272,1.566161412007418,0.4263836,128.18463173489272
76,40000,0.94936672,0.03559454952492968,0.7567047580265829,129.72157276963992,0.06330354886967424,0.94936672,129.72157276963992
76,5000,6.619714133333333,0.015418450816983977,0.7589995911004302,130.37089077776213,0.03715627603720667,6.619714133333333,130.37089077776213
76,3000,10.903541333333331,0.019456044308721172,0.7597936820664944,131.3197625630547,0.044287351810881455,10.903541333333331,131.3197625630547
76,2000,16.15796288,0.013041115232801721,0.7595690170181256,132.49150624247338,0.22972745626709923,16.15796288,132.49150624247338
76,1500,21.351550933333332,0.023328171704900907,0.7597979884307154,133.63673147407678,0.018110941656853348,21.351550933333332,133.63673147407678
76,1000,31.46749418666667,0.09544591543664015,0.7600924955614663,136.13975353688323,0.032215607354925936,31.46749418666667,136.13975353688323
76,900,34.83513557333333,0.0404932690288328,0.7602983844233965,136.97783557772217,0.08838308888092213,34.83513557333333,136.97783557772217
76,800,38.96159616,0.016514069935374853,0.7601352915870273,138.18503499271938,0.05897401609003411,38.96159616,138.18503499271938
76,700,44.16213930666666,0.028941454190452794,0.7601683642766383,140.07619771636544,0.050501531735024745,44.16213930666666,140.07619771636544
76,600,50.93093056,0.03963451225497458,0.7602675619940039,142.79882044978947,0.05200552600156325,50.93093056,142.79882044978947
76,550,55.06622144,0.040084519897794345,0.760332302912092,144.8958081375738,0.0830597859062305,55.06622144,144.8958081375738
76,450,66.47585407999999,0.05719503203801379,0.7605445850226116,151.68666085462004,0.06954213287962256,66.47585407999999,151.68666085462004
76,380,77.37651456,0.06496698332670729,0.7606751654822764,160.06719905186392,0.01722443733111277,77.37651456,160.06719905186392
76,340,85.36219306666665,0.08274356896468921,0.7608854989182153,167.57130484320746,0.13354327084314307,85.36219306666665,167.57130484320746
76,300,94.20376256000002,0.04004881571426764,0.7608608417890026,177.8160044468831,0.07554638925642182,94.20376256000002,177.8160044468831
76,260,106.63432469333333,0.05842524224785475,0.7608978548402822,202.9299992691535,0.16242670611471502,106.63432469333333,202.9299992691535
76,220,120.36462186666667,0.13079495093954335,0.760766654458381,296.50200961342915,1.0582716426382819,120.36462186666667,296.50200961342915
76,200,122.66848383999998,0.05880026890735828,0.760011522891535,382.5428436728198,0.5190773352748476,122.66848383999998,382.5428436728198
76,180,122.53260906666667,0.06369578910777808,0.7602851811640817,358.98981906727425,0.6074585840916349,122.53260906666667,358.98981906727425
76,160,122.79254805333333,0.0951416474918875,0.7600282272348725,376.07721437279656,0.3650254674009457,122.79254805333333,376.07721437279656
76,140,122.85474047999999,0.0939580699401466,0.757449104711473,454.24776794002906,0.38716618686916904,122.85474047999999,454.24776794002906
76,120,122.85335488,0.03945632545397092,0.7567457976179871,454.03090431183006,0.5107687274774207,122.85335488,454.03090431183006
76,15,121.50630506666666,0.07143739131332857,0.7649026548978978,451.6323992732584,0.30482879781677646,121.50630506666666,451.6323992732584
76,10,122.07838464000001,0.45867593049956384,0.7604590916566153,446.20060838691916,2.5290164915771265,122.07838464000001,446.20060838691916
76,5,122.08791637333333,0.46810296231199344,0.7571879034079018,426.82983234823445,0.7259466681557548,122.08791637333333,426.82983234823445
76,0,122.01778378666666,0.4134505035419057,0.7557828192354049,406.3956498752266,0.7999135394689455,122.01778378666666,406.3956498752266
78,100000,0.39196735999999993,0.01752733108159178,0.7797811832378011,129.17386608240514,0.32792419259791444,0.39196735999999993,129.17386608240514
78,40000,0.9313688,0.027017862031971932,0.7808950401067684,128.88627398620397,0.35742513837215445,0.9313688,128.88627398620397
78,5000,7.041036287999999,0.23955810430625862,0.7791095947211716,130.8952206807172,0.025288962907846043,7.041036287999999,130.8952206807172
78,3000,11.68312608,0.47566525293905176,0.7800594516709478,131.7810751244872,0.10572835055141228,11.68312608,131.7810751244872
78,2000,17.281098399999998,0.748350996835018,0.7794231889613404,133.1096925993339,0.034780325513980324,17.281098399999998,133.1096925993339
78,1500,23.255300266666666,0.021379101258468692,0.7779217346634527,134.3433204255824,0.035318217335355395,23.255300266666666,134.3433204255824
78,1000,34.29102848,0.03229146241098556,0.778170351682194,137.01798397162034,0.026151481055656636,34.29102848,137.01798397162034
78,900,37.98470037333333,0.030046111302231983,0.778286058945226,138.11038152814885,0.04566446732899411,37.98470037333333,138.11038152814885
78,800,42.47373888,0.038303055916184284,0.7784660185497492,139.3851257123019,0.11851373195789743,42.47373888,139.3851257123019
78,700,48.21186986666667,0.0100373429616656,0.7784285164193895,141.47591467298665,0.059469424797149936,48.21186986666667,141.47591467298665
78,600,55.627416960000005,0.026161252240608973,0.7786372445461877,144.84974934612868,0.037056780982844685,55.627416960000005,144.84974934612868
78,550,60.28572394666666,0.005330315041401826,0.778696800626906,147.12164024698845,0.48510348810968146,60.28572394666666,147.12164024698845
78,450,72.60174784000002,0.02704762105336171,0.7788777168074592,155.2527073894999,0.06811380394950511,72.60174784000002,155.2527073894999
78,380,84.54889898666666,0.013417796842184767,0.7790034539612591,165.1039308720809,0.03248381249190194,84.54889898666666,165.1039308720809
78,340,93.16145109333333,0.18427166783689983,0.7791420650895159,174.86310406764156,0.11141374821478583,93.16145109333333,174.86310406764156
78,300,103.46020607999999,0.034334757810888,0.7791101461041817,190.57747729779024,0.06550632082647873,103.46020607999999,190.57747729779024
78,260,117.24633322666666,0.07759742771775312,0.7791501714911931,241.65739441630694,0.4553252679209136,117.24633322666666,241.65739441630694
78,220,123.05149525333333,0.09698735656815163,0.7785738579298084,414.6465829100153,0.3224171440336119,123.05149525333333,414.6465829100153
78,200,122.95020458666666,0.06912361800407164,0.7780073007557796,442.5496042234449,1.0374231020383642,122.95020458666666,442.5496042234449
78,180,122.98416533333334,0.07283602814964758,0.7784724721670756,406.2892697502189,0.26653938389342097,122.98416533333334,406.2892697502189
78,160,123.03189696,0.02847715629487594,0.7785584445378672,385.627903493809,0.03571149581970961,123.03189696,385.627903493809
78,140,122.67804202666667,0.5925166452176107,0.7790410207327031,450.29212345341693,10.534957614228952,122.67804202666667,450.29212345341693
78,120,122.55061749333333,0.6169204447289319,0.7778920318609118,450.7275105646749,9.480708044122636,122.55061749333333,450.7275105646749
78,100,121.95480938666667,0.03842662736712418,0.779510177632195,451.4969392321445,0.8445805045066093,121.95480938666667,451.4969392321445
78,90,122.03690175999999,0.02420794147356715,0.7784456103474472,452.1054657968564,0.20750625157669925,122.03690175999999,452.1054657968564
78,80,121.96040597333332,0.1191061890521363,0.7778811783298444,451.2567220621888,0.29589879894157595,121.96040597333332,451.2567220621888
78,70,122.09087530666666,0.07681346885183801,0.7779101923491013,450.665881292651,0.5129040501536616,122.09087530666666,450.665881292651
78,65,122.05326698666666,0.09925968421892556,0.7773038794040955,451.1562361963042,0.1145131860960334,122.05326698666666,451.1562361963042
78,60,122.30413056000002,0.1820622560093631,0.7771012968791996,452.4129690239265,0.19706475288102007,122.30413056000002,452.4129690239265
78,55,121.99478378666667,0.0884276565185391,0.7761406118667376,456.02937026754716,0.3497040239570343,121.99478378666667,456.02937026754716
78,50,122.00210794666667,0.027690853561974812,0.7757722214920224,455.93012689678716,0.2995746227918592,122.00210794666667,455.93012689678716
78,45,122.02883093333332,0.015154029121430285,0.7755766168940189,456.3988070084167,0.6028308531358163,122.02883093333332,456.3988070084167
78,40,121.90293376,0.003208977806106373,0.7751825885159264,454.42186300329035,0.3650106048868044,121.90293376,454.42186300329035
78,35,122.91795669333334,0.07396690113919568,0.7841229267728173,443.98033338471987,0.9795183016839613,122.91795669333334,443.98033338471987
78,30,122.79930794666666,0.08697046798319837,0.7836296866024953,443.68235734131457,0.18478820099409052,122.79930794666666,443.68235734131457
78,25,122.78975168,0.07790811344178966,0.7806621679615123,443.7319928286526,0.6166290196697358,122.78975168,443.7319928286526
78,20,122.77365525333333,0.029782950258308193,0.7778032173215433,442.8418359588789,0.36616498424862587,122.77365525333333,442.8418359588789
78,15,122.81823146666666,0.02971266658049567,0.7754778999360511,442.02434406357247,0.3493867725584233,122.81823146666666,442.02434406357247
79,40000,0.92493024,0.037691464467111295,0.7916680904484509,129.36219815607737,0.21361432949979783,0.92493024,129.36219815607737
79,5000,6.652978559999999,,0.7861035764408055,130.81962482052958,0.06839014339420228,6.652978559999999,130.81962482052958
79,2000,16.1949472,0.007031696106286972,0.7854686742561399,132.93522063634381,0.22166053059594848,16.1949472,132.93522063634381
79,1500,21.442211626666666,0.007206589619764984,0.785443659532739,134.03818089325787,0.020813361954205647,21.442211626666666,134.03818089325787
79,1000,31.664573653333335,0.01846745861910678,0.7860203526256017,136.38809359687426,0.05957624421931421,31.664573653333335,136.38809359687426
79,900,35.08011136,0.0026253367911936304,0.785843022902239,137.35759173442463,0.04920865708423975,35.08011136,137.35759173442463
79,800,39.19292906666667,0.04554538275711543,0.7860734042599086,138.45825754755938,0.007668059470858751,39.19292906666667,138.45825754755938
79,700,44.467646933333334,0.025604876130277503,0.7861982102501854,140.14457609399105,0.050249751877279765,44.467646933333334,140.14457609399105
79,600,51.32729215999999,0.024483721865049348,0.7864315219736246,142.80188785533855,0.02548387982832851,51.32729215999999,142.80188785533855
79,550,55.628174720000004,0.0535845423518706,0.7864468977883988,144.92691167947578,0.0340838222522924,55.628174720000004,144.92691167947578
79,450,67.12502485333334,0.04030552810166286,0.7868475964141454,151.4731078373142,0.07179962839472762,67.12502485333334,151.4731078373142
79,380,78.34910698666667,0.1320793462530403,0.7874196901878122,159.74246761330238,0.04781354874414857,78.34910698666667,159.74246761330238
79,340,86.55911189333334,0.03751760076844078,0.7877711559953474,167.46455545605724,0.12643078396232,86.55911189333334,167.46455545605724
79,300,95.72225877333334,0.005680739443320792,0.7877635481318822,178.5300256758887,0.1154125973167959,95.72225877333334,178.5300256758887
79,260,108.15880746666669,0.17719060409129272,0.7876587252421903,204.28298021474816,0.06528263475787309,108.15880746666669,204.28298021474816
79,220,121.14934976,0.0559988144258551,0.7873704395132847,318.4577621868478,0.28597684475967994,121.14934976,318.4577621868478
79,200,121.93100992,0.04484673185049825,0.7866125241292697,368.7925418976327,0.9388946944400995,121.93100992,368.7925418976327
79,180,121.60616085333334,0.0736269728532159,0.7870886237829207,337.1922681576925,0.3884345822035883,121.60616085333334,337.1922681576925
79,160,121.73823317333334,0.029580817020048313,0.7868612993434064,347.6299594414231,0.1254323726519221,121.73823317333334,347.6299594414231
79,140,123.34837397333335,0.044657547288810044,0.7931782884296683,427.66368186521237,0.11322054350969685,123.34837397333335,427.66368186521237
79,120,123.2518912,0.018640926389339122,0.7921645932540714,428.36859159606576,0.7565497420036387,123.2518912,428.36859159606576
79,100,123.22928426666668,0.16742014236207645,0.7907119179079274,439.06010571228654,0.24886875561566782,123.22928426666668,439.06010571228654
79,90,123.29130005333333,0.07284161403353764,0.7902237002312636,440.10519719928993,0.6759898176474912,123.29130005333333,440.10519719928993
79,80,123.16646869333333,0.013922402740064753,0.7895533150627413,440.36900895840046,0.41320930836623593,123.16646869333333,440.36900895840046
79,70,123.11253205333334,0.036695850066866695,0.7889706978472217,439.920686017818,0.30586045596151434,123.11253205333334,439.920686017818
79,65,123.17217365333333,0.01100793038737047,0.7887504560537547,440.41317694524133,0.2269794034706375,123.17217365333333,440.41317694524133
79,60,123.12658624000001,0.07826314455482283,0.7886107237866389,439.99427805073645,0.9538662563649961,123.12658624000001,439.99427805073645
79,55,122.97328490666666,0.08863244982563935,0.7872057682802508,443.1838885269172,0.22859163658995557,122.97328490666666,443.1838885269172
79,50,122.99883776,0.047478543640671084,0.7869369887228871,442.67001933155774,0.5021836136973186,122.99883776,442.67001933155774
79,45,123.03281536000001,0.0656956684055925,0.7866829914298915,444.29330222801264,0.34492422090575553,123.03281536000001,444.29330222801264
79,40,123.03672341333333,0.04060669472365608,0.7863669303079286,443.79151608421535,0.2382436328046371,123.03672341333333,443.79151608421535
79,15,123.22498325333333,0.04428800395068122,0.7940312311155399,436.1858063202535,0.3431124080617396,123.22498325333333,436.1858063202535
79,10,123.19540224,0.05722726102694653,0.7906634301684267,421.16638884934264,0.327588338029111,123.19540224,421.16638884934264
79,5,123.26297344,0.03731394667443638,0.7902186656763881,398.96960885064317,0.058899776215027976,123.26297344,398.96960885064317
79,0,123.23532288000001,0.09933228215718133,0.7900820845833945,376.88773026834525,0.5078925116037781,123.23532288000001,376.88773026834525
80,40000,0.9148292266666668,0.012108948131581608,0.8030416358671767,128.92942914193418,0.3466040002546404,0.9148292266666668,128.92942914193418
80,5000,6.871503232,0.2597633756252087,0.7991047677541789,130.08026860791026,0.23015810157990038,6.871503232,130.08026860791026
80,3000,11.608794026666667,0.033501649218516893,0.7969614771912256,130.83607227547057,0.0925464695942815,11.608794026666667,130.83607227547057
80,2000,17.1325088,0.008279093753690235,0.7968320497726521,132.021640789438,0.04874744483706453,17.1325088,132.021640789438
80,1500,22.654617599999998,0.012505373148402795,0.7975331285115138,133.29537363986162,0.04725349699971391,22.654617599999998,133.29537363986162
80,1000,33.452644480000004,0.015105135726786942,0.7977585846596608,135.91975139114695,0.0665817413209311,33.452644480000004,135.91975139114695
80,900,37.04185152,0.019097076110774793,0.7978708517677773,136.8452018489204,0.059456390622106885,37.04185152,136.8452018489204
80,800,41.41533376,0.03746909058150001,0.7977775363342289,138.0883728922735,0.036027158130611754,41.41533376,138.0883728922735
80,700,47.049434240000004,0.002467573844569286,0.797906119057889,140.00219088861675,0.11348001269098565,47.049434240000004,140.00219088861675
80,600,54.305429546666666,0.021554475781976404,0.7986258587543764,142.92660488057427,0.038390389775866104,54.305429546666666,142.92660488057427
80,550,58.96148757333333,0.11338233896287853,0.7984367950954706,145.091351254297,0.026666189000185254,58.96148757333333,145.091351254297
80,450,71.20764906666666,0.1987757354720663,0.7991692594433445,152.65810005234152,0.07537820440763832,71.20764906666666,152.65810005234152
80,380,83.02636650666666,0.028215837341772854,0.8000967634026285,161.7612119430023,0.09081884838564222,83.02636650666666,161.7612119430023
80,340,91.88405503999998,0.015935801534503694,0.800756397842929,170.44932792419868,0.03828723680596893,91.88405503999998,170.44932792419868
80,300,101.94162816,0.14254856729843166,0.8008737882401737,183.7086710483865,0.13872413115212096,101.94162816,183.7086710483865
80,260,115.52688149333333,0.3967314854440136,0.8007943003350554,221.15887707991274,0.16612138641169258,115.52688149333333,221.15887707991274
80,220,123.06392277333335,0.024105288054975985,0.7991711954586065,353.8804800410897,0.44750895951449493,123.06392277333335,353.8804800410897
80,200,123.30942634666667,0.0499800397359033,0.7982830621166825,383.7170073141076,0.9449354570657875,123.30942634666667,383.7170073141076
80,180,123.33484629333334,0.25247537271892984,0.7988712796200429,343.8424686043429,0.12263366557968343,123.33484629333334,343.8424686043429
80,160,123.03217258666666,0.11504497572119213,0.7991575159125023,347.87764979257423,0.06654397137534475,123.03217258666666,347.87764979257423
80,100,123.5059296,0.09822333713124126,0.8041437099725338,428.97336428300076,0.3690386188676252,123.5059296,428.97336428300076
80,90,123.55076351999999,0.04078955405853404,0.8040517155921907,428.7596677907339,0.2729074205482718,123.55076351999999,428.7596677907339
80,80,123.57685632,0.047571419233722455,0.8031921220564516,431.2239705464417,0.221461175366634,123.57685632,431.2239705464417
80,70,123.50613055999999,0.06272038955961307,0.8033009637792784,430.6884207709175,0.6421483278200281,123.50613055999999,430.6884207709175
80,65,123.69469354666667,0.3257285348760438,0.8027128495397028,431.40479887046985,2.8013416252336225,123.69469354666667,431.40479887046985
80,60,123.53121941333332,0.017537736163205624,0.8024347971754207,431.6298057506254,0.5967820101909983,123.53121941333332,431.6298057506254
80,55,123.45628650666667,0.014634314539593055,0.8016304994650492,438.1981714866636,0.5258590178029616,123.45628650666667,438.1981714866636
80,50,123.38539477333332,0.011826208795404249,0.8013940666896842,438.14367576913565,0.3209054001783203,123.38539477333332,438.14367576913565
80,45,123.37819328,0.06788399151172554,0.801377833378463,438.6989436490714,0.33135094686143957,123.37819328,438.6989436490714
80,40,123.37380010666668,0.03460403572202933,0.8010767859340088,439.92108931969375,0.3648538433229277,123.37380010666668,439.92108931969375
80,35,123.30133439999999,0.017533535172773593,0.7998405810203301,440.5418759153129,0.3596743007610858,123.30133439999999,440.5418759153129
80,30,123.27557184,0.028860036545623986,0.799617735313749,441.29663658663384,0.9074034527624298,123.27557184,441.29663658663384
80,25,123.21790400000002,0.0964533276150262,0.798017603971653,440.7583714275641,0.46014954774311206,123.21790400000002,440.7583714275641
80,20,123.20137237333334,0.0341041200134221,0.7960178994852717,439.4140909671872,0.2584901022519541,123.20137237333334,439.4140909671872
80,15,122.92542570666667,0.059197594430984934,0.8039271738711794,428.82302097560387,0.07256129080986241,122.92542570666667,428.82302097560387
80,10,122.97020096,0.014810540015117488,0.8016429227976211,415.3342096288373,0.4900904017793145,122.97020096,415.3342096288373
80,5,122.92303701333333,0.04746006110454142,0.8004877210420892,397.4133167165556,0.4996436278254113,122.92303701333333,397.4133167165556
80,0,122.94767701333332,0.023827436172519045,0.8001582387187351,381.5655397970845,0.3522001174148479,122.94767701333332,381.5655397970845
81,100000,0.3588232533333333,0.017818241894950997,0.8107575506843124,129.36872032341043,0.11677915954974377,0.3588232533333333,129.36872032341043
81,40000,0.88375696,0.037941025555269285,0.8077228016766201,126.09454958428103,0.020594488263482282,0.88375696,126.09454958428103
81,3000,10.95511424,0.37006246219395367,0.8074245208097313,131.33832188025715,0.3146051408238873,10.95511424,131.33832188025715
81,2000,15.885716266666668,0.01892599797989337,0.8061298944131178,132.13259321021204,0.016403974620578732,15.885716266666668,132.13259321021204
81,1500,20.99917632,0.015285108075196672,0.8068408418514418,133.31540510833474,0.05849076699184347,20.99917632,133.31540510833474
81,1000,30.924269226666667,0.011482225433728115,0.8068616831681945,135.49555184556718,0.026372230988998834,30.924269226666667,135.49555184556718
81,900,34.36490325333333,0.03976207773511535,0.8072551681576233,136.34034147967876,0.006809033636647087,34.36490325333333,136.34034147967876
81,800,38.43536490666667,0.023809650354264845,0.8073324144000017,137.37120449382795,0.03413135618787953,38.43536490666667,137.37120449382795
81,700,43.641596373333336,0.0211029975133173,0.8077245784350011,138.97456309056665,0.05428458872469497,43.641596373333336,138.97456309056665
81,600,50.36800896,0.023386362496604286,0.808150001706832,141.3165561775438,0.05798109514309747,50.36800896,141.3165561775438
81,550,54.599562453333334,0.027896220635466686,0.8084896126097932,142.96792100926004,0.044467939516663696,54.599562453333334,142.96792100926004
81,450,66.25474368,0.03828541727085587,0.8094897440812115,149.2199448996605,0.23153209276923573,66.25474368,149.2199448996605
81,380,77.89017322666668,0.04062722421843624,0.8114035136085107,156.8034995162274,0.034716868374521086,77.89017322666668,156.8034995162274
81,340,86.58567210666666,0.1297569211141862,0.8128603209178604,163.83426211459548,0.011457189291085797,86.58567210666666,163.83426211459548
81,300,95.79948373333333,0.10909231042529359,0.8133400352335417,172.99180571281076,0.12782268060661445,95.79948373333333,172.99180571281076
81,260,108.36387946666667,0.014950777218985495,0.8131701179290799,193.8416157479073,0.11072614765701895,108.36387946666667,193.8416157479073
81,220,121.70980501333334,0.15578369368849806,0.8125090848768637,280.6530899954874,0.2215606631769709,121.70980501333334,280.6530899954874
81,200,123.0952832,0.05375962922539103,0.8113558036872383,325.34229286026965,0.5523187798866791,123.0952832,325.34229286026965
81,180,123.42833877333334,0.3782306064427261,0.8115966623600678,319.82845719879884,0.6366705433062775,123.42833877333334,319.82845719879884
81,160,123.32037674666667,0.06830262697806531,0.8109704376512029,332.67235652714663,0.7507821353335221,123.32037674666667,332.67235652714663
81,140,123.70806869333335,0.05105059381903011,0.8062257808122423,412.22430584714266,0.8118976343429608,123.70806869333335,412.22430584714266
81,120,123.61907456,0.08051833361415424,0.8053718918243042,415.4044190903406,0.5206749504379095,123.61907456,415.4044190903406
81,100,123.21506282666667,0.024191263627601288,0.8136333561639155,426.6617007474276,0.4400033006254156,123.21506282666667,426.6617007474276
81,90,123.14005162666666,0.04277504433459583,0.8132021589264022,426.84196695078276,0.3327071349446415,123.14005162666666,426.84196695078276
81,80,123.10756586666666,0.02498954870709338,0.8128985944796027,427.2038877557532,0.3211953409119965,123.10756586666666,427.2038877557532
81,70,123.13206698666666,0.05287432729085588,0.8124817857359754,426.59224232313596,0.30733216689310905,123.13206698666666,426.59224232313596
81,65,123.10071893333334,0.03478607275124493,0.8126231666189726,426.7401113277674,0.27150965635355284,123.10071893333334,426.7401113277674
81,60,123.10321792000002,0.0402616163052066,0.8124252523536847,426.7096072136519,0.446765882045456,123.10321792000002,426.7096072136519
81,55,122.92654144000001,0.09685387323925726,0.8113276882747362,431.4851466920268,0.584462010950612,122.92654144000001,431.4851466920268
81,50,123.05503765333333,0.0213964473159229,0.8112024038474862,431.70507954103965,0.4045643118420349,123.05503765333333,431.70507954103965
81,45,123.16172693333333,0.2551878271940404,0.811295461798632,431.0574380774151,0.6195549362824618,123.16172693333333,431.0574380774151
81,40,123.01504981333333,0.08135977015681184,0.8110592635637298,431.53766950347443,0.4173263058229191,123.01504981333333,431.53766950347443
81,35,122.87543978666667,0.07684652422905944,0.8094756573901458,432.78691176065695,0.38122378940837026,122.87543978666667,432.78691176065695
81,30,122.83929450666666,0.03790820532224375,0.8092564428959356,433.2115419279403,0.06388056805285532,122.83929450666666,433.2115419279403
81,25,122.91157034666666,0.037376780623819626,0.8072436408206567,433.04425749401963,0.12271266703980632,122.91157034666666,433.04425749401963
81,20,122.92177685333333,0.03877968216932561,0.8056088693976465,432.4151763873444,0.2631613423169384,122.92177685333333,432.4151763873444
81,10,123.32455850666668,0.04016663656442234,0.8140058256490054,417.9557265418016,0.6134558728561915,123.32455850666668,417.9557265418016
81,5,123.22647509333335,0.06645903281763027,0.812742800886557,401.00582581825046,0.3226187481829327,123.22647509333335,401.00582581825046
81,0,123.30860863999999,0.009718144966032783,0.8123778088668262,386.5912235281635,0.8433200954525116,123.30860863999999,386.5912235281635
82,100000,0.34142378666666673,0.019326737307981807,0.8185539278786492,129.02417957989894,0.2673581985948963,0.34142378666666673,129.02417957989894
82,40000,0.8419665599999999,0.036424494135311465,0.8226217036872412,128.97936277726652,0.24223221867477954,0.8419665599999999,128.97936277726652
82,5000,6.682148736,0.3013152399865222,0.8200517435867554,130.53480933487862,0.06040622828334378,6.682148736,130.53480933487862
82,3000,10.891045759999999,0.49153894850920404,0.8208216567350366,131.11686877794105,0.07428734698949072,10.891045759999999,131.11686877794105
82,2000,16.680407040000002,0.01028981548895755,0.8171085288644987,132.54319566073897,0.04993680454158816,16.680407040000002,132.54319566073897
82,1500,22.03322794666667,0.0027818990018594935,0.8174882801897524,133.69550696459248,0.033958777292943006,22.03322794666667,133.69550696459248
82,1000,32.41085845333333,0.01335753138518536,0.8173851166985472,136.1322261734731,0.08077864963486513,32.41085845333333,136.1322261734731
82,900,35.96299861333333,0.021508710915734357,0.8177177576440918,137.03460560692682,0.03581244263374176,35.96299861333333,137.03460560692682
82,800,40.2644832,0.0057209456091122605,0.8177859696220863,138.16983216890364,0.08426869581623282,40.2644832,138.16983216890364
82,700,45.68940650666667,0.040279911551943645,0.8180514980856808,139.72345314637042,0.06411195563758912,45.68940650666667,139.72345314637042
82,600,52.83401322666666,0.0035361008540691886,0.8187843035314527,142.26745552664457,0.10981992213894282,52.83401322666666,142.26745552664457
82,550,57.3671872,0.03488082786246711,0.819158693454408,144.19241365557937,0.10034302927881512,57.3671872,144.19241365557937
82,450,69.47104320000001,0.04140269066178069,0.8204835156283314,150.83989399705206,0.0289444067834586,69.47104320000001,150.83989399705206
82,380,82.1200032,0.08457516392292647,0.8233327757180732,159.74373696349537,0.09535876287637002,82.1200032,159.74373696349537
82,340,91.34775957333333,0.06426661777560715,0.8248330613396185,167.99589172508158,0.09996615954498224,91.34775957333333,167.99589172508158
82,300,101.05146271999999,0.11290311749808625,0.8248823437310233,179.9858812411479,0.15477413352330105,101.05146271999999,179.9858812411479
82,260,114.38155925333335,0.040533161862938406,0.8248344676136851,212.55829310328264,0.03392349632662791,114.38155925333335,212.55829310328264
82,220,122.58010346666667,0.13368269034960106,0.8213857801126941,332.63410762144605,0.31116556992954864,122.58010346666667,332.63410762144605
82,200,123.15657130666666,0.06523506251047552,0.8198954798269439,367.1241714183275,0.5563840176183958,123.15657130666666,367.1241714183275
82,180,122.97997845333333,0.07120361850927895,0.8208753544880437,340.4385244826601,0.6500794915687491,122.97997845333333,340.4385244826601
82,160,122.93355967999999,0.03590018177486748,0.8212210273731864,331.2854197185007,0.8039384938496594,122.93355967999999,331.2854197185007
82,140,123.20467925333332,0.051853536604339744,0.8160411950141718,406.19817888810184,0.3739719744050757,123.20467925333332,406.19817888810184
82,120,123.18577002666666,0.04531354588248497,0.815206242675969,409.5644493001769,0.1890918861333007,123.18577002666666,409.5644493001769
82,100,123.5557792,0.004994861989835407,0.8241715354293659,414.1749475438365,0.4667499390075391,123.5557792,414.1749475438365
82,90,123.49407104,0.0701889004467257,0.823774259104921,416.1150824117156,0.6118574461183046,123.49407104,416.1150824117156
82,80,123.53030997333333,0.10278966498028709,0.823383270295675,417.1854433167762,0.36952859657692344,123.53030997333333,417.1854433167762
82,70,123.56076671999999,0.06695817381729632,0.8231153682561466,417.66683036766653,0.3037957454044715,123.56076671999999,417.66683036766653
82,65,123.49788181333334,0.0698368847106058,0.8229710106737175,418.77442416908224,0.37519570270219527,123.49788181333334,418.77442416908224
82,60,123.47436650666667,0.0557528157780679,0.822860788823471,419.07769314898604,0.4305116035469954,123.47436650666667,419.07769314898604
82,55,123.39583936000001,0.06473292516513132,0.8222858650728283,423.295283050391,0.36196886209345774,123.39583936000001,423.295283050391
82,50,123.38556117333333,0.03447254081630607,0.8223551092701585,423.6925096367556,0.3035345219966134,123.38556117333333,423.6925096367556
82,45,123.43193557333335,0.01462211881583164,0.8223219567816278,423.6570234586143,0.587878401017376,123.43193557333335,423.6570234586143
82,40,123.46178517333334,0.012276544232274094,0.8220798101956879,424.15959603075254,0.783834493655275,123.46178517333334,424.15959603075254
82,35,123.35943018666667,0.03566155881652974,0.8208854653644603,425.95077572222266,0.25220768967489493,123.35943018666667,425.95077572222266
82,30,123.32026730666666,0.06130734113182787,0.8205032010675574,426.5573356494783,0.29555354988193056,123.32026730666666,426.5573356494783
82,25,123.24072533333333,0.12210920275929954,0.8191487594668105,427.0518901664859,0.5553032041762102,123.24072533333333,427.0518901664859
82,20,123.23800170666668,0.06067592186592999,0.8179315628487571,427.49129025350857,0.4937316805558678,123.23800170666668,427.49129025350857
82,15,123.29539264,0.031220113639758813,0.8166890196927458,425.80928719452254,0.5529777003835823,123.29539264,425.80928719452254
82,5,122.13367061333334,0.04809825800296602,0.8240005558747173,400.7213681973232,0.14512072902501746,122.13367061333334,400.7213681973232
82,0,122.22731114666665,0.03225364376367488,0.8238053689953114,386.758335452236,0.7808580601923755,122.22731114666665,386.758335452236
83,100000,0.31047552,0.006216737867145478,0.8303121287011974,129.5390116024606,0.06573923064069329,0.31047552,129.5390116024606
83,40000,0.82355008,0.023670465027786903,0.8280314694210128,127.83754988968093,1.7446021931126776,0.82355008,127.83754988968093
83,5000,6.50914336,0.24395749636360836,0.8293732258194438,130.36825616514764,0.0992907388441333,6.50914336,130.36825616514764
83,2000,15.342007039999999,0.01631146759857008,0.8258665571685891,132.12829225960536,0.01040853336750355,15.342007039999999,132.12829225960536
83,1500,20.267063680000003,0.016497823135722626,0.8259051842169448,133.1498986413502,0.030453746503670064,20.267063680000003,133.1498986413502
83,1000,29.902514346666667,0.02250597181511767,0.8261301159677695,135.4073726101125,0.045145645967220406,29.902514346666667,135.4073726101125
83,900,33.08524565333334,0.025867507810050466,0.8262638890050055,136.1850313975131,0.095616273988063,33.08524565333334,136.1850313975131
83,800,37.07651968,0.031208535296924977,0.8267860400391198,137.10900425698728,0.10639518845991641,37.07651968,137.10900425698728
83,700,42.183338240000005,0.006991356836322642,0.8272446958883376,138.43410291593327,0.019676616061158725,42.183338240000005,138.43410291593327
83,600,48.722858026666664,0.03909539808411704,0.8277293991520057,140.4908064763114,0.03545496003363483,48.722858026666664,140.4908064763114
83,550,53.0983232,0.14825252965366334,0.828659208483347,142.19518507117343,0.03080569420654857,53.0983232,142.19518507117343
83,450,64.45976618666667,0.031597915374000876,0.8302945354122976,147.51987094811952,0.0546998333226557,64.45976618666667,147.51987094811952
83,380,76.10097301333333,0.040143118628614145,0.8327652582832578,154.58730542867968,0.024204519529301086,76.10097301333333,154.58730542867968
83,340,85.05364096,,0.8349667847070612,161.44034765625327,0.11099693127714279,85.05364096,161.44034765625327
83,220,120.86354560000001,0.15213046015410597,0.8347661617807512,259.9712592985192,0.15201017030878128,120.86354560000001,259.9712592985192
83,200,122.89116223999999,0.03342237120473331,0.8324412821865498,309.40428577366123,0.3032926665960692,122.89116223999999,309.40428577366123
83,180,122.61748522666666,0.04060824445169341,0.8337201409703817,290.140760119094,0.3286322933967612,122.61748522666666,290.140760119094
83,160,123.10307690666666,0.07312744772596828,0.8319675298626036,312.5356401403031,0.7620706420340234,123.10307690666666,312.5356401403031
83,140,123.62915562666666,0.04537517550432393,0.8260449424831764,390.0087596485816,0.11968466009081895,123.62915562666666,390.0087596485816
83,120,123.64021141333335,0.031027385037954127,0.8256781351124101,392.7274891949867,0.2808736002408018,123.64021141333335,392.7274891949867
83,100,122.14382442666665,0.06976936183590962,0.8339801556462011,407.4759347587039,0.3834909912905558,122.14382442666665,407.4759347587039
83,90,122.06177685333334,0.1252463944258165,0.8336940096100863,409.15387075676654,0.18461464638371952,122.06177685333334,409.15387075676654
83,80,122.16199466666667,0.09545007470410737,0.8333390812401787,410.7064191842965,0.20640855302708055,122.16199466666667,410.7064191842965
83,70,122.17015744000001,0.022792605979163716,0.8329972725264226,411.7836942608489,0.2640340237054797,122.17015744000001,411.7836942608489
83,65,122.08636757333335,0.020031942761164125,0.8330262883306282,411.9170915189191,0.5008877780027404,122.08636757333335,411.9170915189191
83,60,122.19974912000002,0.05339865817016128,0.832864684606229,412.8598973186142,0.3090946143989904,122.19974912000002,412.8598973186142
83,55,122.12684330666667,0.018841531199154354,0.8322446688020243,418.34029219306944,0.03718847394978391,122.12684330666667,418.34029219306944
83,50,122.04381418666668,0.07249019778667228,0.8322705138931603,418.7627547584669,0.4913790111187432,122.04381418666668,418.7627547584669
83,45,122.14373333333333,0.11382763867620768,0.8321208887724755,419.4033423169482,0.7986709219857149,122.14373333333333,419.4033423169482
83,40,122.01408789333334,0.1307015678039557,0.8319349122071468,418.9038489974267,0.4155425461303039,122.01408789333334,418.9038489974267
83,35,122.04117717333334,0.07976157395396467,0.8310862061051857,420.49230429108917,0.5281786164814569,122.04117717333334,420.49230429108917
83,30,122.11831722666666,0.2854249803921657,0.8310470072672885,421.2216424700454,0.08765189982837854,122.11831722666666,421.2216424700454
83,25,122.06523562666666,0.04294959684700219,0.8296456715762731,421.37496578305263,0.5557143743214352,122.06523562666666,421.37496578305263
83,20,122.0615232,0.12595484719384206,0.8282048709943662,423.7606722287151,0.42851425317732716,122.0615232,423.7606722287151
83,15,122.06766570666667,0.0807431919918917,0.8272946066867775,421.96220310214375,0.14602853014125383,122.06766570666667,421.96220310214375
83,10,122.12774911999999,0.027792008828094947,0.825139772580557,413.9534630837115,0.25160020944726524,122.12774911999999,413.9534630837115
84,40000,0.77013248,,0.8406940063091483,129.2127149232848,0.01029574147258898,0.77013248,129.2127149232848
84,5000,6.288582015999999,0.31889657372238045,0.8394081517647883,128.55953172896184,1.799009556696112,6.288582015999999,128.55953172896184
84,3000,10.64741584,0.4692025563035148,0.8379091641749263,129.32431843046223,1.9026618383473215,10.64741584,129.32431843046223
84,2000,15.496480639999998,0.7696251065645473,0.8394783934935202,130.22084723335294,1.92596966513091,15.496480639999998,130.22084723335294
84,1500,20.766632,0.8858425607828161,0.8388701469119497,131.27963642108108,1.9747526420478445,20.766632,131.27963642108108
84,1000,31.283720533333334,0.007814025880207758,0.8373921585133096,135.3869469373476,0.045251630345092594,31.283720533333334,135.3869469373476
84,900,33.9211416,1.417857870527594,0.839096622761174,134.3254884455956,2.0926671663208825,33.9211416,134.3254884455956
84,800,38.741584853333336,0.007200236265158959,0.837725710115433,137.16848946970197,0.014518916522149782,38.741584853333336,137.16848946970197
84,700,44.02830592,0.0532020319852487,0.8383228429952402,138.60792955203885,0.04870513334602,44.02830592,138.60792955203885
84,600,51.01719786666666,0.08610123520099239,0.8388848072186388,140.83142339728298,0.018320147137054682,51.01719786666666,140.83142339728298
84,550,55.37293653333334,0.04265997839791542,0.8393068150708388,142.61714716617516,0.0359937752417695,55.37293653333334,142.61714716617516
84,450,67.16709568,0.038518253635014765,0.8405530344388743,148.5372991004053,0.030631491948184316,67.16709568,148.5372991004053
84,380,79.33674474666667,0.03596006057475371,0.8435197096550061,156.62626570421938,0.03264805072151004,79.33674474666667,156.62626570421938
84,300,94.92961322666666,0.027380233961462237,0.8359839942073547,170.75961822710306,0.07049213607032345,94.92961322666666,170.75961822710306
84,260,107.35399829333333,0.018918157523025676,0.8357205086913942,189.4304921280395,0.1282951781009251,107.35399829333333,189.4304921280395
84,220,120.76913664,0.3930393157575505,0.840328990893795,297.0637193271955,0.9543164788686073,120.76913664,297.0637193271955
84,200,121.53644778666667,0.07481997280629557,0.8397309507752787,333.6748561194279,0.6309386153286893,121.53644778666667,333.6748561194279
84,180,121.39925461333333,0.08405538551754846,0.8405062874042789,313.8488623757499,0.5356194647185893,121.39925461333333,313.8488623757499
84,160,121.44334485333333,0.07262204385315897,0.8399951665178271,318.5216787830173,0.1581788899044016,121.44334485333333,318.5216787830173
84,140,122.28629162666665,0.4418336750069664,0.8354761146919166,381.0570226322182,1.0075302451836536,122.28629162666665,381.0570226322182
84,120,122.30488618666665,0.062481523595529685,0.835067810132946,385.43460674742727,0.2632882520514555,122.30488618666665,385.43460674742727
84,100,123.85349824000001,0.06461850022807566,0.8444839817388891,385.0224625880012,0.28407744295164356,123.85349824000001,385.0224625880012
84,90,123.86782229333333,0.028270261198972392,0.8442174289887925,388.0617858869023,0.9598122529832932,123.86782229333333,388.0617858869023
84,80,123.8792416,0.09613254059688829,0.8438686817328157,390.0157668106508,0.5496667556528447,123.8792416,390.0157668106508
84,70,123.81162730666667,0.05792841510699666,0.843975127787322,388.358587740614,0.25665455132909426,123.81162730666667,388.358587740614
84,65,123.81050133333333,0.12032559562193838,0.8435871716123718,392.71771927505057,0.162289596194678,123.81050133333333,392.71771927505057
84,60,123.85633664,0.08748204705073236,0.8434130308671809,392.782169350925,0.4852491403882866,123.85633664,392.782169350925
84,55,123.66638848000001,0.046666199607213445,0.8428138526548633,400.0955940571777,0.9821535011624516,123.66638848000001,400.0955940571777
84,50,123.78606421333332,0.07167890463829965,0.8423654040069742,400.9812443226543,0.3723278167645791,123.78606421333332,400.9812443226543
84,45,123.66396330666667,0.04227176776478307,0.8426342877342186,400.82955154851015,0.4413791687827285,123.66396330666667,400.82955154851015
84,40,123.92096362666666,0.31564570791208707,0.842433694151814,401.6628074443559,0.2562631258095717,123.92096362666666,401.6628074443559
84,35,123.69314560000002,0.06559184609305493,0.842077168232982,404.5192298729878,0.49159002405119323,123.69314560000002,404.5192298729878
84,30,123.69916501333334,0.03283074797975282,0.8419867580230864,405.06853209939504,0.2890664636600627,123.69916501333334,405.06853209939504
84,25,123.60250048,0.13679832274208806,0.8408185907043461,405.0285380661209,0.35668887997880966,123.60250048,405.0285380661209
84,20,123.63437077333333,0.08470152361433282,0.8398572699810917,408.92652980914363,0.3759454967150469,123.63437077333333,408.92652980914363
84,15,123.74139221333333,0.08883759946926202,0.8390162361477427,409.5141720168588,0.6989423311033507,123.74139221333333,409.5141720168588
84,10,123.67865152,0.1037883169679885,0.8372496782164586,408.2643370260775,0.9918205581817514,123.67865152,408.2643370260775
84,5,123.78080789333335,0.056929802265191995,0.8363023468721137,397.4355483559934,0.574443941034202,123.78080789333335,397.4355483559934
84,0,123.7630496,0.02022268389640594,0.8360574219869172,383.44951332655165,1.1665061077319943,123.7630496,383.44951332655165
85,40000,0.81286256,0.016946582960569535,0.8490317867243132,129.39685119596467,0.042466088106521936,0.81286256,129.39685119596467
85,5000,6.258347093333334,0.002589182969613181,0.8526005847698809,129.90698240442552,0.11095167720032033,6.258347093333334,129.90698240442552
85,3000,10.147568768000001,0.23667017021181294,0.8504625008801476,130.68765999793376,0.014980930349373298,10.147568768000001,130.68765999793376
85,2000,14.99608336,0.23515195940199654,0.8522712264396127,131.49359439038756,0.04116556648691864,14.99608336,131.49359439038756
85,1500,19.6519376,0.30770934436768504,0.8501093804661742,132.47311790528968,0.029263486303493354,19.6519376,132.47311790528968
85,1000,28.840300640000002,0.5395679181965629,0.847637340475133,131.44319923951778,0.009052922309261724,28.840300640000002,131.44319923951778
85,800,35.42205589333333,0.07309120747941666,0.8466276899283681,133.04594047237876,0.018887792380260414,35.42205589333333,133.04594047237876
85,700,40.16533269333333,0.014776559087922789,0.8468914216554975,134.1804367018151,0.06028206925207914,40.16533269333333,134.1804367018151
85,600,46.44043392,0.023578995302904318,0.8472585930373201,135.7573610519307,0.2711657135001223,46.44043392,135.7573610519307
85,550,51.05450016,1.158311969418774,0.8483396708745139,138.93036422819935,1.7258348890494544,51.05450016,138.93036422819935
85,450,61.03724202666667,0.029587383377030204,0.848688286338009,141.75810208887168,0.14945127897766247,61.03724202666667,141.75810208887168
85,380,71.73243946666668,0.0727125217015265,0.8504470158575117,147.56359663268992,0.13046594444480888,71.73243946666668,147.56359663268992
85,340,84.51713514666666,4.436455934665856,0.8491661070497875,158.94372168276266,6.1195884849635585,84.51713514666666,158.94372168276266
85,300,94.26216032,4.563918930623687,0.8503433455732917,168.25698862451685,8.031400846237112,94.26216032,168.25698862451685
85,260,106.46364298666667,4.770493837498987,0.8503553116706969,188.5739881592231,14.92437633423604,106.46364298666667,188.5739881592231
85,220,116.11860053333332,0.04175086344108199,0.85465604026991,211.8520806914252,0.2554912487951071,116.11860053333332,211.8520806914252
85,200,121.5710464,0.16347886570967501,0.8525640854185257,269.41040994200074,0.08401702077551851,121.5710464,269.41040994200074
85,180,122.54669311999999,0.03169493712988129,0.8513375629153462,284.4785145074339,0.2586638550851204,122.54669311999999,284.4785145074339
85,160,122.80037055999999,0.010943270768698374,0.8508687460162356,287.08141669091157,0.2693109358046767,122.80037055999999,287.08141669091157
85,140,123.87538410666667,0.0452944112770607,0.8459464545940948,355.550135962316,0.11720363761375642,123.87538410666667,355.550135962316
85,120,123.60040202666666,0.3427168698331786,0.8501178406201712,357.11033299996893,4.81771964957676,123.60040202666666,357.11033299996893
85,100,123.22540586666668,0.0289393511346141,0.8542450254157226,375.75676438153124,0.49574975422530243,123.22540586666668,375.75676438153124
85,90,123.21561087999999,0.12415786938047813,0.8538033783452207,379.5795297056972,0.5101112034009447,123.21561087999999,379.5795297056972
85,80,123.23561728,0.005863081916670705,0.8539097656662548,380.8705222034439,1.1663885126935256,123.23561728,380.8705222034439
85,70,123.19693183999999,0.04621082474691098,0.8536827742948242,383.47868780590784,0.5399096709594272,123.19693183999999,383.47868780590784
85,65,123.15981738666666,0.08574768151848046,0.8535959063198574,383.6850392789597,0.6792724174923567,123.15981738666666,383.6850392789597
85,60,123.20667264000001,0.06928381748448344,0.85330159032601,382.99738515619384,0.5773569408390699,123.20667264000001,382.99738515619384
85,55,123.08146794666668,0.07373861989162975,0.8533202066855545,392.66042767068694,0.17828878697332068,123.08146794666668,392.66042767068694
85,50,123.19828117333333,0.01657873033059973,0.853291230502931,393.239698395556,0.29976884039780144,123.19828117333333,393.239698395556
85,45,123.14722389333333,0.02460859235768172,0.8532012782846948,393.7174178733247,0.02344841796491828,123.14722389333333,393.7174178733247
85,40,123.16047295999999,0.06580770388456737,0.8531061841992015,394.2184305865647,0.4059898189511446,123.16047295999999,394.2184305865647
85,35,123.10355306666668,0.009110720384019222,0.8527060780635393,398.1012384562576,0.2519501889066172,123.10355306666668,398.1012384562576
85,30,123.11720170666668,0.025001322629627478,0.8525545440335289,398.4850761940194,0.21055723690527733,123.11720170666668,398.4850761940194
85,25,123.92088021333332,1.568526502038709,0.8518686162495723,402.48438536312375,0.7648156870599171,123.92088021333332,402.48438536312375
85,20,123.15505642666666,0.018877341885648147,0.8514307195782737,407.7191210935752,0.3780413457674979,123.15505642666666,407.7191210935752
85,15,123.11588586666666,0.05737787469939106,0.8508276564913556,408.63527329013027,0.14210225286537465,123.11588586666666,408.63527329013027
85,10,123.18544320000001,0.024913770291361947,0.8498353941280152,406.4954226560956,0.33979405991741923,123.18544320000001,406.4954226560956
85,5,123.17314538666666,0.06944670654089874,0.8497028469170397,394.91549816219526,0.5007318591170256,123.17314538666666,394.91549816219526
85,0,123.11648512,0.039339212914782526,0.8494358425031293,382.2137539313523,0.37751139519725746,123.11648512,382.2137539313523
86,40000,0.7420936533333333,0.0015574346195372834,0.8586927856397062,129.51776379203207,0.028293184477893727,0.7420936533333333,129.51776379203207
86,5000,5.699125546666667,0.03470334204976455,0.8613753804614867,126.99203219436316,0.09333969030687995,5.699125546666667,126.99203219436316
86,3000,9.335977813333335,0.008089842587079767,0.8635367774514515,127.59755980425113,0.00417396057907207,9.335977813333335,127.59755980425113
86,2000,13.79460032,0.00635106340298895,0.8646299998614431,128.45049395076776,0.051074891372892686,13.79460032,128.45049395076776
86,1000,29.404549120000002,0.014005466025061999,0.855511931904394,134.38790783810657,0.3369424300311555,29.404549120000002,134.38790783810657
86,900,32.52802666666667,0.0075228812001059955,0.8554548437005272,135.1730516824567,0.09001168317062931,32.52802666666667,135.1730516824567
86,800,36.43526144,0.013143996038467078,0.8557424482266313,136.16495274212153,0.03939715995417803,36.43526144,136.16495274212153
86,700,41.40644992,0.01953733964547062,0.8562503423631426,137.30600142109452,0.036762046047257885,41.40644992,137.30600142109452
86,600,47.795543040000005,0.010552167238099498,0.8565490212693962,139.1120197628969,0.007084175758973491,47.795543040000005,139.1120197628969
86,450,62.63576320000001,0.01753632835896528,0.857721429609203,145.02126592817703,0.09086310327237852,62.63576320000001,145.02126592817703
86,380,73.67369685333334,0.021801958467818718,0.8594403151017875,151.21375949919533,0.09144286816747245,73.67369685333334,151.21375949919533
86,340,82.33036607999999,0.052513152420263574,0.8612114936511094,157.0395682229653,0.07481857672937582,82.33036607999999,157.0395682229653
86,300,91.76974784,0.039135013000805054,0.8620646372201662,164.62305242114948,0.1009255033110617,91.76974784,164.62305242114948
86,260,103.62572906666666,0.5521886179391428,0.8618665703200579,179.5071059243539,0.022750979835629893,103.62572906666666,179.5071059243539
86,220,117.67388352,0.09810524658609635,0.8618173966465115,223.81232192368975,0.6584512592123914,117.67388352,223.81232192368975
86,200,121.89448725333334,0.05313293123118741,0.8598077059683386,283.6777783784974,0.45686208128575756,121.89448725333334,283.6777783784974
86,180,122.06336234666666,0.048005667899321744,0.8596552058225521,280.40743613126585,0.24559475749483617,122.06336234666666,280.40743613126585
86,160,122.44235221333334,0.002349848035021784,0.8591055359921075,288.6330480919461,0.15205531260936925,122.44235221333334,288.6330480919461
86,140,123.26944448,0.08091181295830378,0.8553843666320521,347.26839460226955,0.3323919290083591,123.26944448,347.26839460226955
86,80,122.03389845333334,0.00852477228424958,0.8649659682631694,362.8982727701252,0.1453364186561359,122.03389845333334,362.8982727701252
86,70,122.05577834666667,0.02620819340066458,0.8648584909171118,365.9134811174495,0.5199858945381565,122.05577834666667,365.9134811174495
86,65,122.01155882666667,0.011804450889211216,0.8646542328861981,369.3871750753736,0.783835293201069,122.01155882666667,369.3871750753736
86,60,122.0000064,0.0866651522635153,0.8646058366412556,371.6356836625655,0.34553008795233286,122.0000064,371.6356836625655
86,55,121.97995861333334,0.04726630647571351,0.8644415111453241,379.64859681068305,0.4581952015144933,121.97995861333334,379.64859681068305
86,50,121.94136832,0.0847330894315823,0.8643881713403689,380.01342254398674,0.996885111798539,121.94136832,380.01342254398674
86,45,122.02986432,0.006251078149826771,0.8643431170616864,379.839972465978,0.775941405148304,122.02986432,379.839972465978
86,40,121.99267413333332,0.050481392228612844,0.8643874220701578,381.2647698719272,0.4480194998011735,121.99267413333332,381.2647698719272
86,35,121.9568256,0.0222855058176645,0.8640933573138678,385.4786775757159,0.5762993950403721,121.9568256,385.4786775757159
86,30,122.02826069333334,0.03305474661914071,0.8641078152019825,386.1340063566306,1.090642778332849,122.02826069333334,386.1340063566306
86,25,121.86839978666667,0.02261929578552042,0.8637571128001044,391.26590843656635,0.27433074922159495,121.86839978666667,391.26590843656635
86,20,121.81554837333333,0.04425992088526438,0.8631630857681767,396.39284116359414,0.2773372890977866,121.81554837333333,396.39284116359414
86,15,121.9597408,0.07580273775032007,0.8626855242176384,400.9382455528489,0.6088421321615797,121.9597408,400.9382455528489
86,10,122.03795690666665,0.06441080613921206,0.8620248519147421,402.53992094437814,0.749894234281546,122.03795690666665,402.53992094437814
86,5,122.06972138666667,0.015048359757818852,0.862072762899791,396.8727306735952,0.313007506821152,122.06972138666667,396.8727306735952
86,0,122.06577834666666,0.11111443510136272,0.8622265206715004,386.11695468899205,1.4576918373162522,122.06577834666666,386.11695468899205
87,5000,5.8864859733333335,0.006804262158539989,0.8725253536075841,130.27342383183984,0.02906287275843349,5.8864859733333335,130.27342383183984
87,1500,18.25922592,0.014171551265823831,0.8655154142176192,129.43897198641093,0.05265722371522872,18.25922592,129.43897198641093
87,1000,26.92277504,0.02981743624938993,0.8659059945502111,131.2432569297827,0.07419232210350117,26.92277504,131.2432569297827
87,900,29.864889386666665,0.030514695139000084,0.8663306835645365,131.7353892306507,0.1335063670074183,29.864889386666665,131.7353892306507
87,800,33.39723072,0.020909412878680766,0.8664167001577994,132.42889375590588,0.01784307148429591,33.39723072,132.42889375590588
87,700,37.960329599999994,0.03814086242666219,0.8667345065443972,133.62063902224315,0.0133176184695818,37.960329599999994,133.62063902224315
87,600,43.92928533333333,0.012243053570827318,0.8673737051495221,135.06404656420833,0.04954088178154206,43.92928533333333,135.06404656420833
87,550,47.74508586666667,0.012148883463253676,0.8678118628079335,136.25609772350455,0.06837842352865987,47.74508586666667,136.25609772350455
87,450,57.66143616,0.046082779689496346,0.8683985609219266,139.84175071913262,0.045757280335896225,57.66143616,139.84175071913262
87,380,67.69790250666667,0.1507849776054383,0.8696462876175423,144.5488057354796,0.049984060950112943,67.69790250666667,144.5488057354796
87,340,75.52815125333333,0.09107043413711317,0.8713444816988929,149.45909435230362,0.10426053654249483,75.52815125333333,149.45909435230362
87,300,84.82414762666666,0.027391386440479632,0.8726852037535483,156.01886461777903,0.41433027359025587,84.82414762666666,156.01886461777903
87,260,96.76724053333334,0.014924379003786518,0.8737030353574428,167.7013129154146,0.0578922805183654,96.76724053333334,167.7013129154146
87,220,110.45343893333335,0.03307861301483634,0.8738338965726181,192.83541475556535,0.18234860495151156,110.45343893333335,192.83541475556535
87,200,117.61125717333334,0.1130069951771102,0.8733389394988761,231.4241309416103,0.2135085438453634,117.61125717333334,231.4241309416103
87,180,119.23299434666667,0.12292978904035697,0.8723255457482905,248.00843946345552,0.09722911135825417,119.23299434666667,248.00843946345552
87,160,120.67591765333333,0.11772316130109822,0.8708695058772301,268.7253954592723,0.21815419762627167,120.67591765333333,268.7253954592723
87,140,122.11404224,0.10174753363840788,0.8659175222858565,338.8853920643152,0.1436520388680836,122.11404224,338.8853920643152
87,120,122.14930048000001,0.024562368252716196,0.8655887937214191,343.05641647076845,0.2717042570983542,122.14930048000001,343.05641647076845
87,100,122.10526784000001,0.026765431759166812,0.8650919129395601,361.808631920095,0.3785249021516667,122.10526784000001,361.808631920095
87,90,122.10934560000001,0.057427026695838435,0.8650953626501563,364.9969742680127,0.4178079189286555,122.10934560000001,364.9969742680127
87,20,123.33818944,0.02915629402755226,0.8747475278532301,391.5122237796093,0.8799221569304648,123.33818944,391.5122237796093
87,15,123.22955775999999,0.0653499965060483,0.8745052627373381,395.1157765073167,0.3612957412427104,123.22955775999999,395.1157765073167
87,10,123.25027541333333,0.05056125578320648,0.8741576485346801,396.30238761830225,0.6543980819920532,123.25027541333333,396.30238761830225
87,5,123.25633216000001,0.06436895357224909,0.8741253130448902,391.2875149007735,0.10661812775341072,123.25633216000001,391.2875149007735
87,0,123.32040575999999,0.07344122354430527,0.8741728892753174,381.71685872315993,0.3919682085316832,123.32040575999999,381.71685872315993
88,40000,0.70963056,0.03217116745728698,0.8796835130033495,129.31338298745217,0.24139334192171985,0.70963056,129.31338298745217
88,5000,5.402719146666667,0.001206486122478889,0.8844049688363721,129.89116654015615,0.08632229357584481,5.402719146666667,129.89116654015615
88,3000,9.402703146666667,0.43784924832743105,0.8784779736172076,130.7073261936312,0.2765805608148709,9.402703146666667,130.7073261936312
88,2000,14.300476373333332,0.007997995891905908,0.8756882015568483,131.87151422294804,0.0755880126577793,14.300476373333332,131.87151422294804
88,1500,18.888166186666666,0.024498128999231466,0.8766750959232493,132.75939733625867,0.09568873476027381,18.888166186666666,132.75939733625867
88,1000,27.79674496,0.02823757506098641,0.8770916397682912,134.61000097310458,0.017345175879526536,27.79674496,134.61000097310458
88,900,30.81474282666667,0.050442349237940984,0.8774354272770973,135.20158372110544,0.06495304169845503,30.81474282666667,135.20158372110544
88,800,34.50011477333334,0.022181236265684013,0.8778120245140498,135.9973052187614,0.050993588635550174,34.50011477333334,135.9973052187614
88,700,39.20391872,0.06631782798508294,0.8780602278183496,137.12445727779212,0.03372017084703165,39.20391872,137.12445727779212
88,600,45.18658709333334,0.022453872455165835,0.8786313652050083,138.49486215179996,0.024683830104661596,45.18658709333334,138.49486215179996
88,550,48.97928576,0.03557765175603221,0.8788968881577229,139.66493423840146,0.044632979321265566,48.97928576,139.66493423840146
88,450,59.214922879999996,0.02148400804974814,0.8796496473917799,143.26348683525114,0.05292572050074076,59.214922879999996,143.26348683525114
88,380,69.29517077333333,0.061510046931331344,0.8806736820778452,148.03889015599637,0.03290587038206133,69.29517077333333,148.03889015599637
88,340,77.10014592,0.0551614074427579,0.8818276544584668,152.45963863390605,0.08451723141233,77.10014592,152.45963863390605
88,300,86.12413973333332,0.03552623168300645,0.8828191165982262,158.54704495762016,0.03692347420431408,86.12413973333332,158.54704495762016
88,260,97.99553983999999,0.24925801350473678,0.8836577150690633,169.45017555954428,0.06195707907073403,97.99553983999999,169.45017555954428
88,220,111.80496405333334,0.42325704677681747,0.8836951187417732,192.30911785281828,0.06995410452996967,111.80496405333334,192.30911785281828
88,200,118.66879786666668,0.10419273476367738,0.8830698753877396,224.72347816140237,0.10329419218748906,118.66879786666668,224.72347816140237
88,180,121.09864255999999,0.008598960047271953,0.8818235763519212,248.6373383248483,0.14381612232418856,121.09864255999999,248.6373383248483
88,160,121.89415914666667,0.11335419038068736,0.8811819428078751,258.97614907147926,0.0929965040768922,121.89415914666667,258.97614907147926
88,140,123.43423146666667,0.0777570875960609,0.8774832057306775,322.39626432976695,0.3109116555665385,123.43423146666667,322.39626432976695
88,120,123.44427029333333,0.058005697737523655,0.877166141363773,325.88569484222876,0.5356157499156049,123.44427029333333,325.88569484222876
88,100,123.42160789333333,0.09179207963201894,0.8766384882415056,344.3195829122369,0.13054891296469318,123.42160789333333,344.3195829122369
88,90,123.54491114666666,0.21105416529560325,0.8767529495256167,344.3812683538015,0.21723129346078046,123.54491114666666,344.3812683538015
88,80,123.44822058666666,0.06508773426206091,0.8765313969140394,350.9384317360789,0.20394909987406135,123.44822058666666,350.9384317360789
88,70,123.37827242666667,0.06479058639956774,0.8764014868834572,353.9038923629801,0.6530426352792773,123.37827242666667,353.9038923629801
88,65,123.35053589333332,0.07058405259874938,0.8763596494735042,354.3491367443766,0.23496470569629935,123.35053589333332,354.3491367443766
88,60,123.33961514666667,0.05909333793540798,0.8763482828358923,356.21645221437757,0.5082174889790864,123.33961514666667,356.21645221437757
88,55,123.35298005333334,0.010478095349776556,0.8761350258823607,363.71143106044946,0.13900870035180177,123.35298005333334,363.71143106044946
88,50,123.23333760000001,0.06237006283463466,0.8760128499306692,365.161585100225,0.6514813037164697,123.23333760000001,365.161585100225
88,45,123.29926655999999,0.062178829200067634,0.8760557263085467,366.18707085972534,0.7223401096615993,123.29926655999999,366.18707085972534
88,40,123.26645781333333,0.062018748373639625,0.8759800925121656,367.3869863429148,0.6231540800927576,123.26645781333333,367.3869863429148
88,35,123.25163818666668,0.006477897277276276,0.8757012147914501,374.0463938850787,0.2651501816233192,123.25163818666668,374.0463938850787
88,30,123.26831274666667,0.025445740203388443,0.8756768005085189,375.8216965166468,0.7011528177349301,123.26831274666667,375.8216965166468
88,25,123.26305450666666,0.0769411131860684,0.8752456519350497,383.3762917147426,0.9107372848890704,123.26305450666666,383.3762917147426
89,40000,0.6606304,0.022705689888906696,0.892023737017236,129.02332478748667,0.2815825888425491,0.6606304,129.02332478748667
89,2000,13.35160368,0.4648648359115206,0.8887583499185903,131.26164910197645,0.0882687862392057,13.35160368,131.26164910197645
89,1500,17.29328448,0.007702898689297505,0.8885966623180607,132.19406104757277,0.2475409604082756,17.29328448,132.19406104757277
89,1000,25.458508160000004,0.012562772907665627,0.8890818575093579,133.67324985624404,0.09997432364088568,25.458508160000004,133.67324985624404
89,900,28.209237333333334,0.02110013829070644,0.8894197230672928,134.26769105716843,0.030272578065956665,28.209237333333334,134.26769105716843
89,800,31.59107434666667,0.025605964875750842,0.8898819691559928,135.02799279984836,0.0505091326935334,31.59107434666667,135.02799279984836
89,700,35.85528490666667,0.022787197486497907,0.8899883560906993,135.93408965521002,0.06428470581551601,35.85528490666667,135.93408965521002
89,600,41.38005077333333,0.020223889360036402,0.8903466820698188,137.159972939428,0.04581797159978941,41.38005077333333,137.159972939428
89,550,44.809241173333334,0.02668380406600151,0.8903653957872177,138.0824706471233,0.05528709145380768,44.809241173333334,138.0824706471233
89,450,54.21673578666667,0.012009965429379838,0.8910793609778876,141.02551759858466,0.04312919389778814,54.21673578666667,141.02551759858466
89,380,63.443812906666665,0.015210459489566841,0.8917426354345442,144.72029812394172,0.01421034020724483,63.443812906666665,144.72029812394172
89,340,70.37761877333332,0.040573585504610946,0.8925056199032496,148.122546550326,0.032202640043732904,70.37761877333332,148.122546550326
89,300,78.43955221333333,0.31622396074339276,0.8929600941269175,152.6135035404519,0.07825066459969413,78.43955221333333,152.6135035404519
89,260,89.29395285333334,0.11670935892905382,0.8935266388040546,160.9325749344346,0.1005402925414703,89.29395285333334,160.9325749344346
89,220,102.00161749333334,0.10269435573592918,0.8936387490718745,175.749674047944,0.038180800213103015,102.00161749333334,175.749674047944
89,200,109.61252522666666,0.013970326258836341,0.8936441186027652,190.09096216807757,0.07613990651001848,109.61252522666666,190.09096216807757
89,180,116.28077013333332,0.05672087619686363,0.8930968951858276,218.90892482529338,0.2978050951988454,116.28077013333332,218.90892482529338
89,160,118.79872597333333,0.0865068838668299,0.8925074444008755,240.0682485767761,0.4119802236834824,118.79872597333333,240.0682485767761
89,140,121.45665408,0.0768040107619396,0.8899851198162518,310.39909911852664,0.4112173477367841,121.45665408,310.39909911852664
89,120,121.78027946666667,0.04899551370530383,0.8896601103900493,318.26204204619313,0.6281783829177267,121.78027946666667,318.26204204619313
89,100,121.78640533333333,0.09818474963948821,0.8892424861330476,337.0820169406691,0.17273070580895636,121.78640533333333,337.0820169406691
89,90,121.80919232000001,0.08136552621799287,0.8892143133037588,337.23324820871466,0.5148898742340783,121.80919232000001,337.23324820871466
89,80,121.65726442666666,0.0477764272820306,0.8890750330353976,342.70604593880506,0.6531127316353744,121.65726442666666,342.70604593880506
89,70,121.66937408,0.08028230971880498,0.8891831398288553,341.98885668449594,0.5092305810417285,121.66937408,341.98885668449594
89,65,121.60781696,0.08777021652168654,0.8890379669197581,345.33412831004694,0.18987902160865197,121.60781696,345.33412831004694
89,60,121.6541504,0.07413600995808342,0.8890306043549044,347.41268008125115,0.6092666914225459,121.6541504,347.41268008125115
89,55,121.63379946666667,0.09514132620588353,0.8890045449708085,356.8463333883852,0.2163538386043622,121.63379946666667,356.8463333883852
89,50,121.66948287999999,0.13640176721135988,0.8890543306465867,358.4755896220306,0.5370055199779317,121.66948287999999,358.4755896220306
89,45,121.92876416000001,0.5320820991750717,0.8889280066203419,358.9252382286279,0.23346261749346633,121.92876416000001,358.9252382286279
89,40,121.71876906666667,0.040338495894000806,0.8889463508284212,360.8368890940157,0.13897654320010003,121.71876906666667,360.8368890940157
89,35,121.67167210666666,0.009019366579746087,0.8888293921141583,369.1137634819852,0.14321352041525554,121.67167210666666,369.1137634819852
89,30,121.60848,0.08594268747883653,0.8886559838860958,370.30894063934915,0.37703084349421334,121.60848,370.30894063934915
89,25,121.59976064,0.07624297281927639,0.8884087560725535,377.55570289019306,0.32356517401055646,121.59976064,377.55570289019306
89,20,121.74604245333335,0.058632769895420656,0.8882152565592129,386.684961533234,0.4343182236957699,121.74604245333335,386.684961533234
89,15,121.58693397333333,0.07854122848731018,0.8877727242501369,390.09011359689595,0.5802834480174084,121.58693397333333,390.09011359689595
89,10,122.05162986666666,0.5634897004360152,0.8872036125027591,397.7944316056828,0.3774790566253777,122.05162986666666,397.7944316056828
89,5,121.76277610666666,0.10001486912421803,0.8868933874484436,397.80168183165523,0.32922137539411134,121.76277610666666,397.80168183165523
89,0,121.71730197333333,0.048497773032936946,0.8869712481247564,389.9512134979357,0.8100790857359781,121.71730197333333,389.9512134979357
90,40000,0.71484016,0.04134576553134313,0.8974880766782316,129.06653910109628,0.057730565703986006,0.71484016,129.06653910109628
90,5000,5.5819831466666665,0.006113091465545456,0.8961405847308445,130.10754735888443,0.08148925722087022,5.5819831466666665,130.10754735888443
90,3000,9.138393173333334,0.017346965760699978,0.898296762571143,130.72310141457137,0.032160916884142396,9.138393173333334,130.72310141457137
90,2000,13.56948128,0.025582105109564202,0.8999688354312708,131.52606697351902,0.055341146739638435,13.56948128,131.52606697351902
90,1500,17.908937386666665,0.002993066202900048,0.9010434263836816,132.34980384472058,0.09044099332746126,17.908937386666665,132.34980384472058
90,1000,26.38542698666667,0.05127960788051822,0.9022108907212442,134.03248535427625,0.11948200470987537,26.38542698666667,134.03248535427625
90,900,29.3303264,0.011007781188522997,0.9026123924542112,134.57647760947907,0.07818779449054628,29.3303264,134.57647760947907
90,800,32.838672,0.0032243616670613023,0.902658450262721,135.30068051340754,0.021768968450946016,32.838672,135.30068051340754
90,700,37.24924586666667,0.026609424020261105,0.902978002290173,136.41511856387757,0.0398494770414656,37.24924586666667,136.41511856387757
90,600,42.98778858666666,0.025214415790509093,0.9033906370181078,137.64916246517757,0.03816286402587048,42.98778858666666,137.64916246517757
90,550,46.48475199999999,0.01423502903617737,0.9034683189623197,138.5151143766834,0.026937537999571604,46.48475199999999,138.5151143766834
90,450,56.334912,0.057243219257959034,0.9040087383725829,141.61242602120228,0.10483364206105737,56.334912,141.61242602120228
90,380,65.76153386666667,0.04328996605089159,0.9044164940244198,145.40606932356877,0.07547585682880864,65.76153386666667,145.40606932356877
90,340,72.78234922666667,0.05658257140598306,0.9046187597047791,148.93915959734719,0.05778460392751023,72.78234922666667,148.93915959734719
90,300,80.49385312000001,0.0020423506582293886,0.9049763764606507,153.31891076615307,0.08362286294389042,80.49385312000001,153.31891076615307
90,200,111.70677248,,0.9041706861424487,190.57751031670253,0.23158147191930908,111.70677248,190.57751031670253
90,160,119.28739818666666,0.09969957630296736,0.9048286405313813,231.97400887576262,0.3879198031541305,119.28739818666666,231.97400887576262
90,140,122.48714261333333,0.10551921030852703,0.9032769190756876,308.0741080696683,0.5017184836281665,122.48714261333333,308.0741080696683
90,120,122.82862528,0.08908801105056834,0.9030764514306915,313.7363266667697,0.16520877147546106,122.82862528,313.7363266667697
90,100,122.76568128000001,0.1620671903670199,0.902683456399552,329.00327846631575,0.14630324815762139,122.76568128000001,329.00327846631575
90,90,122.85570965333334,0.03880026410312424,0.9028975985129079,333.1175235448093,0.7489020347116625,122.85570965333334,333.1175235448093
90,80,122.81912533333333,0.07030802603336145,0.9028642464157782,336.5056935582693,0.09903176201054045,122.81912533333333,336.5056935582693
90,70,122.85046122666667,0.048244121582428995,0.9028397369473145,338.3167616981445,0.3870749221590031,122.85046122666667,338.3167616981445
90,65,122.81337621333334,0.02978988278505488,0.9027992471711034,340.7639975850647,0.2762858721515343,122.81337621333334,340.7639975850647
90,60,122.85611840000001,0.03689547466895547,0.902801842641105,341.5555791308732,0.9662476510654069,122.85611840000001,341.5555791308732
90,55,122.99954944,0.1673292511983671,0.9027177360309868,350.2763658905855,0.6618409905575598,122.99954944,350.2763658905855
90,50,122.80354709333334,0.04656993941175745,0.902761348692794,351.48877886104884,0.9158016520089993,122.80354709333334,351.48877886104884
90,45,122.87125653333334,0.04971175121439938,0.9027245727912879,352.66175218826623,0.6453644562416334,122.87125653333334,352.66175218826623
90,40,122.82289066666665,0.046610807906449926,0.9027341808850196,354.0139492994615,0.2124244363512672,122.82289066666665,354.0139492994615
90,35,122.81578325333334,0.07681936046460132,0.9025319454612531,359.9517939385632,0.8055132809881458,122.81578325333334,359.9517939385632
90,30,122.80969621333332,0.03209381352685322,0.9025306294515708,361.40302796068,0.18909638236142468,122.80969621333332,361.40302796068
90,25,122.92084032000001,0.17963824611127271,0.9022295726943607,371.29389192221475,1.266457731769957,122.92084032000001,371.29389192221475
90,20,122.77630784,0.08304675937776576,0.902022757653663,378.6059201712787,0.7165303710893267,122.77630784,378.6059201712787
90,15,122.70404351999998,0.04657420689258612,0.9017146102120118,384.07202601570856,0.94526558615726,122.70404351999998,384.07202601570856
90,10,122.82565589333335,0.06395572454530103,0.9010916692285723,394.2441641982764,0.7217398237662817,122.82565589333335,394.2441641982764
90,5,122.84575935999999,0.07583627506261578,0.9007922850699749,395.35191931499327,0.25418509343871426,122.84575935999999,395.35191931499327
90,0,122.84331712000001,0.07178603432455202,0.9007546596457182,390.02772483065746,0.026530808626403366,122.84331712000001,390.02772483065746
92,5000,5.319334613333333,0.008651698801722958,0.9228317150525708,130.01848196644843,0.04146462581233988,5.319334613333333,130.01848196644843
92,3000,8.840742400000002,,0.9189319847165777,130.62861752875318,0.07670851122016693,8.840742400000002,130.62861752875318
92,1000,24.225094826666666,0.003927473943865002,0.9158083913421114,133.53769905150173,0.10944438881462339,24.225094826666666,133.53769905150173
92,900,26.893840426666667,0.015624860205573644,0.9162510899532815,134.019335894207,0.020593224479459823,26.893840426666667,134.019335894207
92,800,30.0887456,0.02674399628405381,0.9163561905248034,134.7178102466047,0.03206538823613744,30.0887456,134.7178102466047
92,700,34.15819882666667,0.011094402978172206,0.9167172025162493,135.4624405121995,0.07427449272584354,34.15819882666667,135.4624405121995
92,600,39.40324245333333,0.03409977142064062,0.9170442882810089,136.62419675660448,0.06231807268866326,39.40324245333333,136.62419675660448
92,550,42.72201898666666,0.023019386532826345,0.9172289671811186,137.4102007563557,0.09299463656232552,42.72201898666666,137.4102007563557
92,450,51.62050133333333,0.0456170539442833,0.9176451610423909,139.83302362971273,0.02909256957043446,51.62050133333333,139.83302362971273
92,380,60.22901952,0.1807977761290547,0.9179987983943027,142.76730819054336,0.04362327042717713,60.22901952,142.76730819054336
92,340,66.64172223999999,0.06746243124713013,0.9183795221178981,145.3687449865696,0.03765747247165069,66.64172223999999,145.3687449865696
92,300,73.74865194666667,0.011121072005115808,0.9180999901459167,148.60835976797887,0.14569778703364494,73.74865194666667,148.60835976797887
92,260,83.87001898666666,0.005837682190650247,0.9186068749291535,154.56692505774404,0.1820003796761363,83.87001898666666,154.56692505774404
92,220,96.19772416,0.04452148289267992,0.9188293957594812,165.11204598770576,0.1701226774569364,96.19772416,165.11204598770576
92,200,103.64477504,0.06439564213468954,0.9189959960631436,174.15984297740746,0.18245729824573004,103.64477504,174.15984297740746
92,180,109.62007850666667,0.04124751209932012,0.9190138213439397,185.7622157831582,0.125537953638204,109.62007850666667,185.7622157831582
92,160,115.07862250666666,0.10403994727260096,0.9191479608756635,202.5156177291952,0.18574291623477526,115.07862250666666,202.5156177291952
92,140,122.77032021333333,0.048897507982338224,0.9173469308468993,295.6767835920346,0.49883198821120966,122.77032021333333,295.6767835920346
92,120,123.27111082666666,0.5022579275754758,0.9173099122575245,301.9791909004277,0.23278277332972105,123.27111082666666,301.9791909004277
92,100,123.11141162666667,0.06069509814946685,0.9169907417520382,319.88031031223005,0.15999837321511948,123.11141162666667,319.88031031223005
92,90,123.36985557333333,0.3833232044981081,0.9169536516909456,319.97393795357567,0.6438828752997618,123.36985557333333,319.97393795357567
92,80,123.06452096,0.10255566635163375,0.916965959326781,321.8247403497997,0.21210568587428133,123.06452096,321.8247403497997
92,70,122.99393429333333,0.030621994315649183,0.9168426789574098,325.5881907632323,0.09408120970244567,122.99393429333333,325.5881907632323
92,65,123.11780800000001,0.05993982599469842,0.9168411573898391,327.8256634665084,0.16388014776534124,123.11780800000001,327.8256634665084
92,60,122.99755775999999,0.03854657729397675,0.9168305794988103,329.1651822499619,0.23682841497218876,122.99755775999999,329.1651822499619
92,55,123.05577834666667,0.025343486841943725,0.9168918686097031,339.5202448268475,0.682214945110877,123.05577834666667,339.5202448268475
92,50,123.0691136,0.0653805234531004,0.9167749795049316,341.25776618234676,0.43987016028141546,123.0691136,341.25776618234676
92,45,122.99471466666667,0.06686298055396968,0.9168406069846102,341.6844646930953,0.7737960913138809,122.99471466666667,341.6844646930953
92,40,123.0335136,0.013560689894889733,0.9168459410904308,342.6583199872789,0.13165983792489108,123.0335136,342.6583199872789
92,35,123.04382400000001,0.027459781609967038,0.9168151933781923,351.7122951974588,0.5646790049077882,123.04382400000001,351.7122951974588
92,30,122.91398869333334,0.07372233234141912,0.9164169018185455,352.31082224509714,0.2538110434080125,122.91398869333334,352.31082224509714
92,25,122.91310016,0.08090241632022484,0.9166646841413906,360.909324068392,0.8247309704836111,122.91310016,360.909324068392
92,20,123.03843157333334,0.031962221490695816,0.9164738522128612,369.58363742695684,0.9475107537177333,123.03843157333334,369.58363742695684
92,15,123.01146517333335,0.07676442600455906,0.9160812288876827,376.6466618176775,0.44845219320744273,123.01146517333335,376.6466618176775
92,10,123.10913045333332,0.03629098785489709,0.9154827745312204,386.55803328513986,0.45901164843019704,123.10913045333332,386.55803328513986
93,2000,12.8480128,0.02214791006403981,0.9277848532059133,131.5251450165894,0.3245561043998409,12.8480128,131.5251450165894
93,1500,17.024019626666668,0.015018941871722612,0.9292040969710805,132.05387716168238,0.09270456090120346,17.024019626666668,132.05387716168238
93,1000,24.99916949333333,0.03641378262118667,0.9304763194925306,133.53637437935774,0.028795744134574003,24.99916949333333,133.53637437935774
93,900,27.70167872,0.035547735667926954,0.9308684795891056,134.09893455843033,0.07736278174797746,27.70167872,134.09893455843033
93,800,31.075064533333332,0.044350658955001995,0.9310835715171821,134.74303733966659,0.0294321297210869,31.075064533333332,134.74303733966659
93,700,35.26233557333334,0.0250148204899194,0.9315684212612871,135.88482524866424,0.4430807764707027,35.26233557333334,135.88482524866424
93,600,40.76042069333333,0.02214881836440989,0.9316358033339678,136.75016942017706,0.06350617863978887,40.76042069333333,136.75016942017706
93,550,44.11329408,0.008797636593177002,0.9317494524340285,137.57406395413093,0.02686936009408625,44.11329408,137.57406395413093
93,450,53.330007466666665,0.004670919078607706,0.9321963281912534,140.13981061084678,0.039097574446862675,53.330007466666665,140.13981061084678
93,380,62.267230506666664,0.03156710451495033,0.9328367831667724,143.22014626241744,0.08959966995514261,62.267230506666664,143.22014626241744
93,340,68.86660906666667,0.07449481335503907,0.932246069437022,146.23489859753113,0.06965360864424294,68.86660906666667,146.23489859753113
93,300,75.88357824,0.03066264779027969,0.9329426987089692,149.47225389983382,0.014672532359665483,75.88357824,149.47225389983382
93,260,86.07254165333332,0.034794101703487686,0.9331155701197048,156.36450330734792,0.028165731297420886,86.07254165333332,156.36450330734792
93,220,98.2279232,0.040070878422939035,0.933068299130209,168.38188799541055,0.05661491616316096,98.2279232,168.38188799541055
93,200,105.34772650666666,0.05260067913766526,0.9332439653168314,179.60382695401094,0.16523844614351682,105.34772650666666,179.60382695401094
93,180,110.51906090666667,0.06861252017745682,0.9331973019581596,192.51155083242642,0.1555599464983265,110.51906090666667,192.51155083242642
93,160,114.662192,0.14207714032580804,0.9330759886449055,209.43324760187193,0.03232368803889368,114.662192,209.43324760187193
93,140,119.80444863999999,0.13550293479822537,0.93186897601477,284.7120213241854,0.09782156624519778,119.80444863999999,284.7120213241854
93,120,120.59331882666667,0.13421026570652017,0.9316658047658722,293.7014872237286,0.18458276018998887,120.59331882666667,293.7014872237286
93,100,120.90403136000002,0.03603276345053123,0.9314425137689234,312.683168134719,0.685149272931104,120.90403136000002,312.683168134719
93,90,120.83459050666666,0.026170500056591526,0.9314101440385913,315.4508718877506,0.16043178265594532,120.83459050666666,315.4508718877506
93,80,120.96896533333334,0.05016894882019937,0.9313722134755548,316.9485960591826,0.7029731037168951,120.96896533333334,316.9485960591826
93,70,120.80972010666666,0.0798044078956437,0.9313379202886584,320.68343179961795,0.8094548689505926,120.80972010666666,320.68343179961795
93,65,120.88036608,0.09788482139539964,0.9313003496487601,322.8218172183594,0.11194988106417919,120.88036608,322.8218172183594
93,60,120.75108181333333,0.056616109497446415,0.9313157162025668,323.6244610084577,0.5976977998870014,120.75108181333333,323.6244610084577
93,55,120.87831616,0.08730219968366797,0.9312911787191315,334.43495493880135,0.683141282813726,120.87831616,334.43495493880135
93,50,120.90451349333334,0.07257010420166671,0.9312958503078693,335.83391485297466,0.6630685072173185,120.90451349333334,335.83391485297466
93,45,120.87706304,0.05160989125314105,0.9313282381894292,337.5227811893164,0.7947375039404588,120.87706304,337.5227811893164
93,40,120.82880256,0.03604028263170727,0.9313394505073629,339.3772573276802,0.387516157442455,120.82880256,339.3772573276802
93,35,121.00738858666666,0.04463752381643171,0.9312592389338201,348.3724014742206,0.9436129445661551,121.00738858666666,348.3724014742206
93,30,120.93924906666666,0.024236808418987284,0.931321290292142,350.1277649579333,0.9727334651612127,120.93924906666666,350.1277649579333
93,25,121.02815658666668,0.0625777217394084,0.931198015897563,359.88470786080035,0.29953539612439206,121.02815658666668,359.88470786080035
93,20,120.96437226666667,0.0981224671495806,0.9310673978449363,368.0551057137477,0.0397024433454428,120.96437226666667,368.0551057137477
93,15,120.77721621333335,0.06768221394115938,0.9308932328958309,374.9650192825072,0.4504612850091642,120.77721621333335,374.9650192825072
93,10,121.26524202666667,0.07430484920880678,0.9303766896455054,387.41392748658836,1.0869687616906545,121.26524202666667,387.41392748658836
93,5,121.38166997333333,0.0224119096232836,0.9298036505022819,401.1432222942739,0.30635714417818716,121.38166997333333,401.1432222942739
93,0,121.28705109333333,0.07551048652304021,0.9298430025710461,400.98097105263577,0.7728534277197293,121.28705109333333,400.98097105263577
95,5000,4.98423936,0.012214065391277684,0.9522128492091705,129.7158501763207,0.018332336287021432,4.98423936,129.7158501763207
95,1000,22.7083168,0.004573453523628973,0.9451104489879698,133.05628494348542,0.11722407735747434,22.7083168,133.05628494348542
95,800,28.15176128,0.014535825360317601,0.9456316364976859,133.99521200793905,0.0911827792663007,28.15176128,133.99521200793905
95,700,31.911900799999998,0.020778284186485856,0.9458568844708178,134.76671440023713,0.05752124678496766,31.911900799999998,134.76671440023713
95,600,36.868938879999995,0.007272800843032683,0.9460842445408165,135.66687419014184,0.03057781010571091,36.868938879999995,135.66687419014184
95,550,40.05775914666666,0.010647720629044101,0.9464616362108703,136.52727602439919,0.01333574712285258,40.05775914666666,136.52727602439919
95,450,48.2989248,0.018559344109788923,0.9467645402024875,138.45502413568093,0.04081359582886854,48.2989248,138.45502413568093
95,380,56.442385279999996,0.038681147152873845,0.946747148315755,140.627409878227,0.015665816023015415,56.442385279999996,140.627409878227
95,340,62.35812266666667,0.02557194283557704,0.9471874822597651,142.73199284926432,0.04037158858991944,62.35812266666667,142.73199284926432
95,300,69.20251285333335,0.018964711071301613,0.9472799737812516,145.06794729777755,0.03390396305152675,69.20251285333335,145.06794729777755
95,260,78.2727488,0.08291430846589387,0.9473692016960479,149.8329707492064,0.031288169856489835,78.2727488,149.8329707492064
95,220,89.3302528,0.06815122720181321,0.9473555208038741,157.07424545943772,0.05154822858498907,89.3302528,157.07424545943772
95,200,96.34311616000001,0.07431499310790382,0.94734943268563,163.3503020146159,0.09906853103064926,96.34311616000001,163.3503020146159
95,180,103.35775274666666,0.16133306100778158,0.9474122440908825,172.09454800702974,0.13835673083790914,103.35775274666666,172.09454800702974
95,160,110.44127658666667,0.29892092450084806,0.9469666474716293,185.48536324752646,0.1204171527476202,110.44127658666667,185.48536324752646
95,140,120.95583978666667,0.10353446648362669,0.9467975045560291,267.266631429414,0.20573988669475216,120.95583978666667,267.266631429414
95,120,121.55332096000001,0.06180810794004169,0.9466969649846869,277.6023485340398,0.18793226409458907,121.55332096000001,277.6023485340398
95,100,122.27468458666665,0.056037199809290186,0.9465518754303889,294.85683409959734,0.07633524882495779,122.27468458666665,294.85683409959734
95,90,122.62658026666666,0.03533188553898156,0.9464913436589214,300.9191164707803,0.6614516934863605,122.62658026666666,300.9191164707803
95,80,122.62565098666668,0.05069564746484932,0.946517672789886,306.36722049508904,0.06195450539156843,122.62565098666668,306.36722049508904
95,70,122.58201365333332,0.05880294005108505,0.946461352933456,308.52550747223,0.6135069441540744,122.58201365333332,308.52550747223
95,65,122.5670496,0.09706078960341512,0.9465041721349253,309.90270760369333,0.5857246115628251,122.5670496,309.90270760369333
95,60,122.46031125333333,0.038425510040308135,0.9464715310201856,311.8260649757604,0.709858568914951,122.46031125333333,311.8260649757604
95,55,122.54371477333332,0.07864808766668924,0.946508190339015,321.50715137215974,0.2166106588193141,122.54371477333332,321.50715137215974
95,50,122.52080874666667,0.0437788028779163,0.9464771590159168,323.648210496491,0.1609584909100568,122.52080874666667,323.648210496491
95,45,122.49948458666665,0.1316920521809248,0.9464487812524993,325.32307447547396,0.4663455949104916,122.49948458666665,325.32307447547396
95,40,122.47755776000001,0.07266840776960995,0.9464438473389398,326.0425752935941,0.6438721955310585,122.47755776000001,326.0425752935941
95,35,122.29809429333334,0.06888521937564407,0.9464993351821093,333.56865043089505,0.37695359901547104,122.29809429333334,333.56865043089505
95,30,122.34759509333333,0.05714296225727386,0.9464564897701271,334.29825032743264,0.8081389316203678,122.34759509333333,334.29825032743264
95,25,122.31069696000002,0.13289999334121186,0.9464328908506833,342.938428195476,0.026800512206353582,122.31069696000002,342.938428195476
95,20,122.27500288,0.4245330460394338,0.9463788645718177,350.4538754649943,0.6991689174501314,122.27500288,350.4538754649943
95,15,122.31993344,0.12063143255222228,0.9464151848039855,358.1205839098047,0.7079652087978591,122.31993344,358.1205839098047
95,10,122.53203925333332,0.10698924504798701,0.9462152316574568,373.4460590559963,0.266431721588382,122.53203925333332,373.4460590559963
95,5,122.68477312,0.07091531201796826,0.9458472316246498,387.27814963640316,0.2888212354875666,122.68477312,387.27814963640316
95,0,122.89851669333332,0.11549274215602984,0.9458153232968446,392.2823555624525,1.7963539255313106,122.89851669333332,392.2823555624525
96,3000,8.138907093333332,0.004567457753687398,0.9566501187612849,130.18036306872793,0.03471642884639164,8.138907093333332,130.18036306872793
96,2000,12.078238933333333,0.006024856199091283,0.9587596592682607,130.90987450342854,0.06689226602249011,12.078238933333333,130.90987450342854
96,1500,15.950537600000002,0.0046575894798919736,0.9601445050867675,131.5267538067047,0.04415582225034372,15.950537600000002,131.5267538067047
96,1000,23.503470719999996,0.025426323516735617,0.9611210065710315,132.80060076837117,0.03019851016618678,23.503470719999996,132.80060076837117
96,900,26.014423253333334,0.025357386721803307,0.9616067958049185,133.22898776769907,0.0650379418764197,26.014423253333334,133.22898776769907
96,800,29.094311039999997,0.020275159313093042,0.9619379475730566,133.75858353461263,0.05014105611918621,29.094311039999997,133.75858353461263
96,700,33.02452288,0.08128493715272887,0.9618064455288852,134.46026936223882,0.014222862693863941,33.02452288,134.46026936223882
96,600,37.954082559999996,0.03073733977298513,0.9625481765584863,135.4484086619017,0.043966348885539124,37.954082559999996,135.4484086619017
96,550,41.19423189333333,0.042887204755122865,0.9627842522225368,136.1407621835898,0.06559636763384089,41.19423189333333,136.1407621835898
96,450,49.58116138666667,0.11821363846534402,0.9630567398904003,138.16365819622908,0.029297753737051617,49.58116138666667,138.16365819622908
96,380,57.83382848,0.05783125220443854,0.9630803127735236,140.49859577103712,0.0033032303688591363,57.83382848,140.49859577103712
96,340,63.93184,0.10091574084076145,0.963148783829957,142.37046168642004,0.024052181699163067,63.93184,142.37046168642004
96,300,70.68843413333333,0.07253127105428826,0.9634766065714198,144.4983775923093,0.02537077289881662,70.68843413333333,144.4983775923093
96,260,80.10276288,0.001299825504598717,0.9636092837210732,149.23827756796103,0.05040435151195653,80.10276288,149.23827756796103
96,220,91.61059456,0.026543656897602998,0.963556244909893,157.08252487055782,0.12190246986666221,91.61059456,157.08252487055782
96,200,98.57005610666666,0.0948322339810628,0.9635605310732567,163.40945212079004,0.03245052639330894,98.57005610666666,163.40945212079004
96,180,103.93011285333334,0.030941627642391584,0.9636646608060383,170.06784125048276,0.03106308006475726,103.93011285333334,170.06784125048276
96,160,111.07022976,0.1415797243043844,0.9635104995672631,183.69357849312527,0.16753477807986367,111.07022976,183.69357849312527
96,140,121.59846485333333,0.09267923540667242,0.9633904616463239,266.21148532563626,0.22423424516342508,121.59846485333333,266.21148532563626
96,120,122.14716202666666,0.06626730817449082,0.9633206129248615,275.8167605902363,0.3313835936061459,122.14716202666666,275.8167605902363
96,100,122.42034325333333,0.027811854553264383,0.9632583578198896,290.37367099380754,0.32856290235155117,122.42034325333333,290.37367099380754
96,90,122.39927936,0.03392673560897974,0.9632729924662377,293.62458818483725,0.19635775489657822,122.39927936,293.62458818483725
96,80,122.40383701333333,0.06793098921611763,0.9633023653051213,296.4538274671894,0.1351051149900789,122.40383701333333,296.4538274671894
96,70,122.29360149333333,0.04403817448026632,0.9632408603516028,299.7685006294558,0.1797748333051189,122.29360149333333,299.7685006294558
96,65,122.29243114666667,0.04553217622999223,0.9632996370168933,301.1374093824849,0.6457269063942574,122.29243114666667,301.1374093824849
96,60,122.21787498666667,0.01827101548684384,0.9632414984488528,302.86019367834587,0.1474856886309239,122.21787498666667,302.86019367834587
96,55,122.15847765333332,0.034823335940854044,0.9632406262724876,311.80428465250276,0.39684433867816027,122.15847765333332,311.80428465250276
96,50,122.10772906666666,0.05541829664265433,0.9632626361830233,313.131317362119,0.8155065813203802,122.10772906666666,313.131317362119
96,45,122.09503552000001,0.10175158491394586,0.9629437874481869,314.49186366907855,0.4363859752782358,122.09503552000001,314.49186366907855
96,40,122.22666858666668,0.057389247956623694,0.9631309200338077,317.28590102732704,0.08566769887385164,122.22666858666668,317.28590102732704
96,35,122.12429653333334,0.05421235335277079,0.963245809130179,325.85349925636467,0.6361309090177595,122.12429653333334,325.85349925636467
96,30,122.14670485333333,0.019613930762855225,0.9632243497138653,327.7487627837059,0.4901195075612614,122.14670485333333,327.7487627837059
96,25,122.16540650666667,0.019009905782802664,0.963203163752036,337.18873513980253,0.06571195524329382,122.16540650666667,337.18873513980253
96,20,122.13155626666668,0.03388387830848234,0.9632658597532311,343.43760784464433,0.727924422705884,122.13155626666668,343.43760784464433
96,15,122.31142122666667,0.03465837722791504,0.9632026476421519,350.07600227578627,0.07635933254935126,122.31142122666667,350.07600227578627
96,10,122.59642709333333,0.03706813874732517,0.9630959771955722,368.27383800596795,0.04636196611691384,122.59642709333333,368.27383800596795
96,5,122.91594282666667,0.0676955661640173,0.9630060486566115,385.77189449419006,0.721390564111842,122.91594282666667,385.77189449419006
96,0,123.07772842666667,0.06500875129653907,0.9629389398489349,386.1455632138341,1.580449676358168,123.07772842666667,386.1455632138341
98,5000,4.2490304000000005,,0.9848033847910337,129.91453288151513,0.048555262752644775,4.2490304000000005,129.91453288151513
98,1500,14.11838688,0.0017581503007419175,0.9762684878117367,131.24257601885685,0.009693212376562283,14.11838688,131.24257601885685
98,1000,20.82886656,0.045255629098288765,0.9770685947344845,132.4002398329283,0.02521057952297221,20.82886656,132.4002398329283
98,900,23.009988906666667,0.007506277217512044,0.9781075804382606,132.77990843512808,0.08189879578809414,23.009988906666667,132.77990843512808
98,700,29.150931840000002,0.005293126877451691,0.9786542878124224,133.80372610658682,0.04112721466589544,29.150931840000002,133.80372610658682
98,600,33.64602282666667,0.010817307042127798,0.9789601503977033,134.54038882311713,0.04682253997060101,33.64602282666667,134.54038882311713
98,550,36.465500586666664,0.025401355393798248,0.9791785274297741,135.0700807151129,0.028262472180543546,36.465500586666664,135.0700807151129
98,450,43.85488512,0.055285610627698496,0.9794296721266327,136.78368497713768,0.02775800790539423,43.85488512,136.78368497713768
98,380,51.0937088,0.029226941691748495,0.9796085278260681,138.47050034031744,0.08346580524912542,51.0937088,138.47050034031744
98,340,56.387203840000005,0.013207806684470491,0.9795373958193313,139.96827560159446,0.09928076108346742,56.387203840000005,139.96827560159446
98,300,62.48245930666667,0.04144721622091,0.9799177998475956,141.19817618142477,0.011796901708134088,62.48245930666667,141.19817618142477
98,260,70.85349098666667,0.08219513465532553,0.9799268893422296,144.1660342589545,0.04157440339551993,70.85349098666667,144.1660342589545
98,220,81.10743146666665,0.07965710826913074,0.9799922767402883,148.85685903993257,0.10000942960548072,81.10743146666665,148.85685903993257
98,200,87.63723029333333,0.07100471134869313,0.9801738232422642,152.5769386670847,0.07886994168637589,87.63723029333333,152.5769386670847
98,180,94.59674282666667,0.012934334215904553,0.9801721100727026,157.25412063559102,0.09918575624952085,94.59674282666667,157.25412063559102
98,160,100.10910186666666,0.016922153023754667,0.9801090017022683,162.36125076160764,0.035647172362779575,100.10910186666666,162.36125076160764
98,140,124.72079616,0.14881423486113785,0.9801260417305167,245.8192180185758,0.16313119715458196,124.72079616,245.8192180185758
98,120,123.77423957333333,0.034925638465775455,0.980218390012313,251.9561013587544,0.10330597166208462,123.77423957333333,251.9561013587544
98,100,124.48030848,0.02964559786145552,0.9802016236658871,264.06308896778404,0.050082026503108716,124.48030848,264.06308896778404
98,90,125.07255957333332,0.05813567603801956,0.9802476728761649,273.1472177502669,0.08289795465179564,125.07255957333332,273.1472177502669
98,80,125.20082773333333,0.11055948609886838,0.9801297454808832,278.416965132435,0.09798213389081487,125.20082773333333,278.416965132435
98,70,125.19458538666667,0.12314822010438824,0.9801920693925498,280.0788612579768,0.20052658752040145,125.19458538666667,280.0788612579768
98,65,125.19281706666668,0.021008026665837207,0.9801885404873718,284.85818986536975,0.28610905190274094,125.19281706666668,284.85818986536975
98,60,125.18422272,0.05036946454186336,0.9802459738394597,286.4761394178802,0.24896317394712833,125.18422272,286.4761394178802
98,55,125.09683946666667,0.001157608805310522,0.9802805647675809,294.2388367987543,0.07037877621072856,125.09683946666667,294.2388367987543
98,50,125.10996970666667,0.11388501261261304,0.980271598560567,296.0142155006035,0.048119254489063096,125.10996970666667,296.0142155006035
98,45,125.13031253333334,0.05650870932691675,0.9802664686777608,298.5543187692534,0.38945384637197034,125.13031253333334,298.5543187692534
98,40,125.11724394666665,0.03123485602897689,0.9802653034092793,300.01298623300926,0.43017337665582916,125.11724394666665,300.01298623300926
98,35,124.96542826666666,0.030988026031361183,0.9802099501821456,307.68101966059163,0.6573333868839706,124.96542826666666,307.68101966059163
98,30,124.89421823999999,0.05624610602233673,0.9802795857432322,310.5810774014253,0.39742910300736384,124.89421823999999,310.5810774014253
98,25,124.74551381333333,0.04012211340725732,0.9802430967949393,317.62509032352796,0.44118961592135236,124.74551381333333,317.62509032352796
98,20,125.12094933333333,0.04614383893601405,0.9802687635796561,327.32711392918935,0.17628462143628879,125.12094933333333,327.32711392918935
98,15,125.35517824,0.08812360397808389,0.9802050999764512,334.46003398951603,0.8249038472661158,125.35517824,334.46003398951603
98,10,125.23355584000001,0.031200987934302968,0.980111193878746,350.3309825717567,0.22071885245016729,125.23355584000001,350.3309825717567
98,5,125.54129066666667,0.02964298043696132,0.9802360579395314,366.7019755521694,0.4720158353868135,125.54129066666667,366.7019755521694
98,0,125.90111061333334,0.02538298432273491,0.9801950486756962,370.7795319351789,0.7740026031455342,125.90111061333334,370.7795319351789
100,1000,19.93261248,0.0368908289760618,0.9965334352221215,132.3029013749841,0.06185108245502729,19.93261248,132.3029013749841
100,900,22.063344,0.009420856260699476,0.9970890893158447,132.66862932047914,0.1582296888847186,22.063344,132.66862932047914
100,800,24.663890773333335,0.00426347625251236,0.9974673156872731,132.93181141854456,0.1034331181904681,24.663890773333335,132.93181141854456
100,700,27.982720853333333,0.017842662836485074,0.9977611756758761,133.58080576349192,0.02476065708961654,27.982720853333333,133.58080576349192
100,600,32.22743168,0.01602722665227293,0.997996907862872,134.1742024510954,0.08868127260709266,32.22743168,134.1742024510954
100,550,34.969675306666666,0.009651665438823745,0.9981879841728487,134.767706267279,0.08499703549293315,34.969675306666666,134.767706267279
100,450,42.060891520000006,0.03190563996908842,0.998451387635002,136.09738402483677,0.040166798008536286,42.060891520000006,136.09738402483677
100,380,48.99402794666667,0.004366660405083307,0.9983202816414578,137.59525887389782,0.033072678033765186,48.99402794666667,137.59525887389782
100,340,54.13194133333334,0.04182595516328434,0.9987335090525532,138.93020083354176,0.06745755789105617,54.13194133333334,138.93020083354176
100,300,59.96754048,0.031832924248560726,0.9989668729271638,140.00962637060505,0.04626902472116466,59.96754048,140.00962637060505
100,260,67.95176426666666,0.04773828046956127,0.9990865802218437,142.25910745685258,0.07505498722656698,67.95176426666666,142.25910745685258
100,220,77.99501632,0.31501315191041185,0.9984652549749787,145.56068861309527,0.0859114120097628,77.99501632,145.56068861309527
100,200,83.71536853333333,0.034313535106649196,0.9992446064973768,147.7627272504191,0.3557247943745935,83.71536853333333,147.7627272504191
100,180,89.56448746666666,0.12223184601467547,0.9992032319437264,150.6143163926118,0.02204765683372042,89.56448746666666,150.6143163926118
100,160,96.75760554666668,0.09118305923518846,0.9993280266446439,154.4596936612277,0.11910828078045824,96.75760554666668,154.4596936612277
100,140,131.61482005333332,0.12700933282214902,0.999416985782256,215.78087219554058,0.2981925634201037,131.61482005333332,215.78087219554058
100,120,130.56172181333332,0.003803353364453481,0.9994941744124772,227.87519681632253,0.016814509068531346,130.56172181333332,227.87519681632253
100,100,131.44293013333333,0.09440025991845041,0.9994012134806,239.8573409948517,0.07959140614918837,131.44293013333333,239.8573409948517
100,90,132.04522304,0.09671613981988599,0.9994460829640454,244.55803253648205,0.14708990726666507,132.04522304,244.55803253648205
100,80,132.69603114666668,0.12119735766143933,0.9993787672048128,250.60245038013647,0.22789182106306938,132.69603114666668,250.60245038013647
100,70,132.68200277333335,0.025295403666233084,0.999528683680098,250.77777561302366,0.6787956731550608,132.68200277333335,250.77777561302366
100,65,133.0153728,0.18636238641985725,0.9994230640158408,259.78063353093944,0.14327102840991468,133.0153728,259.78063353093944
100,60,133.14042752,0.030207985416942838,0.9994818839744011,261.72564002038706,0.1363127373628136,133.14042752,261.72564002038706
100,55,133.01572010666666,0.004150050394919048,0.9995216906605003,268.470312017832,0.24605589552622123,133.01572010666666,268.470312017832
100,50,132.92071296,0.02845327052729481,0.9995149694031792,270.61405753422974,0.0642012819945679,132.92071296,270.61405753422974
100,45,132.6595232,0.3017030309690772,0.9991550947164335,273.3669858876206,0.14512831654177,132.6595232,273.3669858876206
100,40,132.87464170666667,0.06066220667065665,0.9995331878430163,275.58995173439024,0.09649613774775698,132.87464170666667,275.58995173439024
100,35,132.92680832,0.0941042970116493,0.9995230963289773,283.81554815876945,0.1806287325438149,132.92680832,283.81554815876945
100,30,132.78606335999999,0.12892363877815727,0.999456886180441,286.2974440766514,0.5268186589389339,132.78606335999999,286.2974440766514
100,25,133.044928,0.05846431731234264,0.999500149028591,294.63308209662483,0.6315428667947751,133.044928,294.63308209662483
100,20,133.33766485333334,0.04257845289872343,0.9995273859523593,304.04375130667,0.284919871532233,133.33766485333334,304.04375130667
100,15,133.1807712,0.07237959824776678,0.9995039089892899,311.31655041082496,1.0872113840254904,133.1807712,311.31655041082496
100,10,133.49394496,0.048923625389778645,0.9995038290557003,329.3942805057505,0.501240972821697,133.49394496,329.3942805057505
100,5,133.76240170666668,0.06592457207081522,0.9995098299330548,343.0825851495274,0.4686651712331687,133.76240170666668,343.0825851495274
100,0,134.19392618666666,0.03340524520339149,0.9995179309042749,346.6521733111387,1.1437116547277926,134.19392618666666,346.6521733111387
