{
    "50": [
        [118.20161536, 383.3492193096677],
        [107.72149205333334, 270.0545064700903],
        [97.56082624, 219.9351078998311],
        [83.83098581333333, 186.4941746306619],
        [64.29074517333333, 160.92042886778214],
        [55.71278016, 153.1733806893582],
        [43.900789546666665, 145.13021485297102],
        [26.879668480000003, 137.5640804727768],
        [0.0, 129.3227620203802]
    ],
    "51": [
        [117.40574826666666, 370.6620079633784],
        [107.34414229333332, 266.60447887101685],
        [97.50686314666666, 218.9571287146223],
        [83.88561941333334, 185.6857801669447],
        [69.47900501333334, 165.43296272565183],
        [55.63612906666666, 152.39837238497066],
        [43.83274730666667, 144.36152364731709],
        [26.82858922666667, 137.094581119833],
        [0.0, 129.1340938388532]
    ],
    "53": [
        [119.85693429333332, 528.8872827240593],
        [114.79314816, 320.5011215543504],
        [104.54042176, 242.93590726946067],
        [86.87539765333334, 190.10907902877625],
        [66.29416554666666, 161.69154660713914],
        [57.51780490666667, 153.4825124044089],
        [45.398156160000006, 145.06119142462225],
        [27.7987024, 137.38051248827122],
        [0.0, 129.0557905221173]
    ],
    "54": [
        [119.09731626666668, 413.02653939705874],
        [108.33362901333334, 263.2852727882615],
        [98.30631082666667, 216.9638416443496],
        [67.88164095999998, 162.7428495291658],
        [58.91220330666667, 154.37764020789257],
        [46.44534122666666, 145.4687039270113],
        [28.43593728, 137.72455081121527],
        [0.0, 129.07880886406477]
    ],
    "55": [
        [120.11978165333332, 536.6346393165022],
        [114.85201536, 318.33822562673373],
        [104.67524565333332, 239.8701894119777],
        [86.6070272, 187.65058807165937],
        [63.73588544, 158.53614733392388],
        [48.78403178666667, 146.98462164702948],
        [26.69232917333333, 137.270499777371],
        [0.0, 129.15953960850672]
    ],
    "56": [
        [119.18954709333332, 400.4120759493281],
        [108.27099029333333, 254.8718599186303],
        [98.28819605333337, 212.9004913762966],
        [88.80463978666666, 189.47551231734656],
        [71.153647104, 165.03076717739546],
        [56.55672170666667, 152.1661691199864],
        [44.944607104, 144.43677268273265],
        [27.332727146666667, 137.2028234705717],
        [0.0, 129.00936996906887]
    ],
    "57": [
        [119.79662954666668, 546.436601855581],
        [113.65259029333332, 294.5345582063291],
        [103.65181632, 230.3861827531034],
        [82.58039381333333, 180.2667966809724],
        [70.79193792000001, 163.7305241232393],
        [57.42072874666667, 151.9291539482072],
        [44.77019664, 143.86321429342982],
        [27.76381824, 136.91520844514756],
        [0.0, 129.38430713591117]
    ],
    "58": [
        [118.60706784, 385.0779505411769],
        [107.65805205333334, 255.68555518380305],
        [98.02075349333334, 213.65946612886],
        [84.95278186666667, 182.43441776478537],
        [62.138997546666666, 156.0896508660725],
        [47.55107434666667, 145.68049061956094],
        [26.01648704, 136.86900515490774],
        [0.0, 129.18790376349267]
    ],
    "59": [
        [120.60192469333332, 480.72218706698095],
        [114.1976448, 289.86344749685736],
        [104.21224469333332, 226.97147169722868],
        [71.35899818666667, 163.69275985069166],
        [57.19677461333333, 151.3333230521846],
        [45.06212096000001, 143.65278891567607],
        [27.59376896, 136.68402482548515],
        [0.0, 129.25238551879056]
    ],
    "60": [
        [119.44179328, 383.0042184998337],
        [110.8144576, 264.2463663571104],
        [100.93823498666666, 215.79385254001895],
        [84.72222090666666, 179.73641081301682],
        [61.70051498666667, 154.87078882943229],
        [47.22054656, 144.91059413105518],
        [26.22960688, 136.45998741707697],
        [0.0, 129.04589239986657]
    ],
    "61": [
        [121.49221312000002, 511.7626874964831],
        [116.4917632, 309.4905076353429],
        [106.71853674666666, 233.1482956380181],
        [97.00370922666669, 201.38890413097823],
        [65.83238336, 157.62281540604857],
        [43.4680496, 142.5468559525075],
        [19.66846192, 134.36064255971016],
        [0.0, 127.47851334943954]
    ],
    "62": [
        [120.59822890666668, 485.9961996267011],
        [114.23559776, 274.7023380970172],
        [104.07614613333334, 218.853782643234],
        [85.38392341333333, 178.54515909791078],
        [63.00914773333333, 153.25056357537648],
        [49.0988544, 142.085742613498],
        [26.87085248, 132.8724752442159],
        [0.0, 125.89208159494046]
    ],
    "63": [
        [118.34133109333334, 327.99765960564054],
        [109.39524784, 252.87204179377224],
        [97.59959936, 199.5969340443586],
        [86.55258154666667, 175.41232512098262],
        [66.27534208, 157.08982143723588],
        [53.89697397333333, 147.7181916680551],
        [38.24516842666667, 139.90991472314198],
        [13.03709664, 132.4221028990202],
        [0.0, 125.89208159494046]
    ],
    "64": [
        [117.94547498666668, 311.54823916187473],
        [109.84320432, 233.79469239201623],
        [99.170276224, 199.35865645221352],
        [82.98392554666667, 173.5920488534648],
        [61.60408576, 153.02170063843994],
        [45.49353130666666, 142.84319161564568],
        [24.72748821333333, 135.47967415378946],
        [0.0, 129.023847874548]
    ],
    "65": [
        [121.03731472, 528.0489267248614],
        [113.30657578666668, 256.1355990370385],
        [105.96818496, 221.55407402208056],
        [95.87163026285714, 193.88708005632617],
        [76.68751946666667, 165.19683107226342],
        [57.08281472, 148.71547287822435],
        [35.19274112, 138.16343107118132],
        [0.0, 129.25427857223852]
    ],
    "66": [
        [121.5077261511111, 414.6459854648276],
        [116.26081624, 330.010810685503],
        [106.16969845333334, 229.59405932906023],
        [96.23173372444444, 194.69135068888372],
        [87.07586499555555, 178.0193583273283],
        [74.43350020266666, 163.32919459890795],
        [56.935610368, 149.03996870611067],
        [35.14805994666666, 138.54304427653867],
        [0.0, 128.9383203976162]
    ],
    "67": [
        [117.5887996342857, 312.7394548322671],
        [104.93360682666666, 217.742545242511],
        [93.04988042666666, 187.5691005965582],
        [84.06513642666667, 173.9326049491849],
        [76.23160320000001, 164.950749105068],
        [65.52264426666666, 155.48067423578564],
        [50.32686304, 145.28810811801662],
        [31.18980885333333, 137.47320854843],
        [0.0, 129.412426642264]
    ],
    "68": [
        [120.36496810666664, 322.6380115662001],
        [107.68348437333331, 217.7897135896232],
        [95.31647104, 187.414631960885],
        [86.08427093333334, 173.97484363127083],
        [77.97427904, 164.99657162393024],
        [67.09350336, 155.56104836895972],
        [51.57149546666667, 145.2537801536996],
        [31.942931413333337, 137.4570753098612],
        [0.0, 128.8737884188761]
    ],
    "70": [
        [121.13664234666668, 372.0113336046417],
        [116.01483605333334, 268.1438679787148],
        [102.68934869333334, 204.4536338637248],
        [90.88913429333331, 180.6407624372017],
        [74.29896042666667, 161.22745153211363],
        [63.90937728, 152.79547535231347],
        [49.12219306666666, 143.80136933609424],
        [30.39414208, 136.88934307047109],
        [0.0, 128.94507491059196]
    ],