read_pct_rounded,pause,bandwidth_mean,bandwidth_std,rd_percentage_actual_mean,latency_mean,latency_std,bandwidth_smooth,latency_smooth
50,3162,1.807879505479755,0.0010302724591963886,0.5045614253641462,55.04491004774306,0.03400637799998969,1.807879505479755,55.04491004774306
50,1778,3.1359562326373593,0.0027637410609985553,0.5046341883952479,55.40553146701388,0.015431854095364106,3.1359562326373593,55.40553146701388
50,1333,4.110217700515126,0.003390757078981853,0.5035499844158206,55.95441406250001,0.005785515782563621,4.110217700515126,55.95441406250001
50,1000,5.375132128244363,0.013341199921663242,0.5030888345931942,56.89740093315973,0.028349853077884294,5.375132128244363,56.89740093315973
50,749,7.052471326950894,0.010582423469287896,0.5025929319888193,58.32019997829861,0.014940313854815274,7.052471326950894,58.32019997829861
50,562,9.24175662285839,0.007175965755095865,0.5022741706872785,60.33458441840278,0.01601473276135838,9.24175662285839,60.33458441840278
50,486,10.589019680917977,0.015791993377277855,0.5019534450573649,61.71290082465277,0.10943641088184294,10.589019680917977,61.71290082465277
50,421,12.122209377465007,0.012724627019234706,0.5020620498641608,62.968494683159726,0.030898506593075692,12.122209377465007,62.968494683159726
50,364,13.90546826525025,0.03504681475533007,0.5019857729947647,64.62965386284723,0.03377029764663828,13.90546826525025,64.62965386284723
50,316,15.859181540570056,0.053778466978817475,0.502001814835209,66.64155891927084,0.024985481282793168,15.859181540570056,66.64155891927084
50,273,18.1389659129353,0.03792569864367358,0.5018377618257394,69.15719845920138,0.04161065681318471,18.1389659129353,69.15719845920138
50,236,20.749462639365095,0.036708697392961245,0.5017627463135146,72.14670974392361,0.08229899334403948,20.749462639365095,72.14670974392361
50,204,23.62585551733271,0.021640093927629642,0.5015840246427379,77.32982389322916,0.10745919739305233,23.62585551733271,77.32982389322916
50,190,25.18287107334042,0.04468989785006591,0.5015772059884142,82.00303569878471,0.07737873611805825,25.18287107334042,82.00303569878471
50,177,26.814223484481786,0.06766026193534742,0.5016090032259969,88.98575846354167,0.1396144198794981,26.814223484481786,88.98575846354167
50,100,27.01777217439476,0.0305516149243412,0.501623327708088,316.77814919704866,0.39030627304366433,27.01777217439476,316.77814919704866
50,115,27.035563005753854,0.03181518448877095,0.5016402926287821,316.5495866970486,0.563141778807686,27.035563005753854,316.5495866970486
50,86,27.069598079671987,0.03249875552696948,0.5016408805807239,315.97392686631946,1.1630233857873165,27.069598079671987,315.97392686631946
50,123,27.080456058553143,0.018880117394768567,0.5016953940386645,315.9410751953125,0.9156804810524707,27.080456058553143,315.9410751953125
50,133,27.110377878195496,0.038901188710262526,0.5016185868242458,315.2519399956597,0.0680490186046605,27.110377878195496,315.2519399956597
50,92,27.114027437494013,0.06520047741502222,0.5023867924037166,321.6973480902777,3.7413721103415174,27.114027437494013,321.6973480902777
50,74,27.12086592990848,0.013860034457320662,0.50164861867,316.00507584635415,2.2112601374297554,27.12086592990848,316.00507584635415
50,55,27.15950950679169,0.020323944175772553,0.5016446928228705,314.8343490668403,5.301897399087175,27.15950950679169,314.8343490668403
50,31,27.200301208317867,0.043300751775718085,0.501789125817509,312.07387934027776,5.606019190883548,27.200301208317867,312.07387934027776
50,142,27.24395800627092,0.043885781432811265,0.5016184405204549,311.7390245225695,1.8552077697668174,27.24395800627092,311.7390245225695
50,17,27.250665416522125,0.009020896309176804,0.5017274377286115,305.4391223958333,6.098683490732009,27.250665416522125,305.4391223958333
50,1,27.298597028132747,0.07345378945643409,0.5016732708943141,295.4817613932292,2.2441971005299406,27.298597028132747,295.4817613932292
50,0,27.309796070106643,0.01891819417797137,0.501723090829601,299.11075086805556,3.7600062788696427,27.309796070106643,299.11075086805556
50,10,27.413679184052285,0.029134699046403166,0.501820573185265,296.4372633463542,2.176140155410172,27.413679184052285,296.4372633463542
50,147,27.52037738533976,0.01620442722711822,0.5015989818289357,309.04202886284725,0.4677263784596592,27.52037738533976,309.04202886284725
50,149,27.842210528311607,0.04538266643160708,0.5016090445438225,306.7617189670139,0.6918020799518089,27.842210528311607,306.7617189670139
50,150,27.982046121461355,0.0922660956277952,0.5016299625321726,304.1410690104167,1.2520777289955562,27.982046121461355,304.1410690104167
50,167,28.297435755841434,0.07944507846704921,0.5015532129806503,104.30419021267362,1.6492438456767948,28.297435755841434,104.30419021267362
50,166,28.337049810000764,0.04741054892890279,0.5014794211683365,105.14035818142361,1.1504715692135346,28.337049810000764,105.14035818142361
50,151,28.63296621542177,0.24090610436300255,0.501544137302444,301.9382666015625,0.8990298409523418,28.63296621542177,301.9382666015625
50,164,28.641563349936348,0.06683932563334387,0.5015025072937945,114.65718771701388,0.7811086812026773,28.641563349936348,114.65718771701388
50,162,28.96287109907948,0.02452162695183608,0.5015251845609456,154.08387239583337,2.018420305258045,28.96287109907948,154.08387239583337
50,161,29.080402101038207,0.021868116698293135,0.5015092442848527,239.6583152126736,1.9348609241901824,29.080402101038207,239.6583152126736
50,160,29.25068623034292,0.02834201514391408,0.5015395571629409,259.4213940972223,5.425517673498414,29.25068623034292,259.4213940972223
50,158,29.277885507418716,0.3590773010441813,0.5023038013086444,275.18457194010415,1.1167707331144885,29.277885507418716,275.18457194010415
50,153,29.626396322937172,0.3086321912861056,0.5014653777735338,297.74407779947916,0.676428575486237,29.626396322937172,297.74407779947916
50,156,29.748559908055622,0.010142810934384926,0.5014655228273454,286.79343489583334,1.7424157336605772,29.748559908055622,286.79343489583334
50,155,29.790510384281006,0.029838571036108097,0.5014329243058832,291.06182389322913,0.41694385408590984,29.790510384281006,291.06182389322913
52,5623,1.1489788081796624,0.0014075300721350513,0.5227742624711399,55.153697265625006,0.0028874905107731386,0.0,55.153697265625006
52,5623,1.1489788081796624,0.0014075300721350513,0.5227742624711399,55.153697265625006,0.0028874905107731386,1.1489788081796624,55.153697265625006
52,3162,2.036821654791512,0.0032757623431642967,0.5222410246817911,55.06511328125001,0.023057650016219778,2.036821654791512,55.06511328125001
52,1778,3.5197940255993987,0.010506582080457778,0.5210259336882294,55.62524685329861,0.01264938624812535,3.5197940255993987,55.62524685329861
52,1333,4.602666058234181,0.016722981660175357,0.519907438235568,56.32861979166666,0.01712407567050776,4.602666058234181,56.32861979166666
52,1000,6.006984025002526,0.008078349034198583,0.5192173555473896,57.43666981336805,0.028592258169096947,6.006984025002526,57.43666981336805
52,749,7.899124646226146,0.012300181830847372,0.519587296777929,59.101972764756944,0.028238177336533016,7.899124646226146,59.101972764756944
52,562,10.319902208022608,0.014416803970403331,0.5187942356298508,61.402021809895835,0.03938948013368207,10.319902208022608,61.402021809895835
52,421,13.62855396926953,0.10015289840147779,0.518383505542485,64.32464203559027,0.06064506053298006,13.62855396926953,64.32464203559027
52,316,17.90561152048802,0.412686247845616,0.519156447461416,68.62990961371527,0.056433125644580084,17.90561152048802,68.62990961371527
52,273,20.13480375678212,0.02824450646780405,0.5175002832244479,71.642673828125,0.09193018560806546,20.13480375678212,71.642673828125
52,236,22.833971258896764,0.056343848424994014,0.5177714702477542,76.16608789062501,0.3190264802235852,22.833971258896764,76.16608789062501
52,204,25.853287715597663,0.10521087421761706,0.5173369592576975,86.77260828993055,0.29045877116318897,25.853287715597663,86.77260828993055
52,190,27.453633461795135,0.016288931032405002,0.5170579660571802,96.48458463541668,1.3836511917721057,27.453633461795135,96.48458463541668
52,0,27.266378330957608,0.008208294475762882,0.5150480755931256,290.30470811631943,0.41270521537561533,27.266378330957608,290.30470811631943
52,3,27.290719381204003,0.01481620500338291,0.5152241269018294,295.7914497612847,4.1203743100316785,27.290719381204003,295.7914497612847
52,5,27.306973717560755,0.025766467886483988,0.5152177767719027,290.9940933159722,0.24775839252721807,27.306973717560755,290.9940933159722
52,7,27.329403442502485,0.025976033676604487,0.5158933543369958,289.69755826822916,1.1504086111179372,27.329403442502485,289.69755826822916
52,1,27.37254305827184,,0.5153449958016836,291.01621625434024,0.4020554893065121,27.37254305827184,291.01621625434024
52,10,27.426909186653706,0.014297872541960459,0.5154437944258777,289.76650770399306,0.08356044004845264,27.426909186653706,289.76650770399306
52,147,28.77604332499368,0.05187461279333482,0.5152043569132925,256.7663633897569,2.3047422649897102,28.77604332499368,256.7663633897569
52,175,29.39213292994405,0.06721145896581425,0.516318617379341,144.8613064236111,3.4909445273134394,29.39213292994405,144.8613064236111
52,174,29.45974292298574,0.10110020938281873,0.5168103991502968,148.21616449652777,3.56161693732939,29.45974292298574,148.21616449652777
52,173,29.47689296758099,0.06064528939409395,0.5168165719501411,152.23229372829863,2.7821094291758803,29.47689296758099,152.23229372829863
52,171,29.706154609174153,0.018412952411492472,0.5165859292866558,165.9265388454861,0.4969961994632016,29.706154609174153,165.9265388454861
52,170,29.840248850579055,0.032706144842899396,0.5164861107096407,173.89832237413194,0.763878181539969,29.840248850579055,173.89832237413194
52,168,30.02563269189787,0.041083945492315616,0.5165162383795369,181.05954991319445,2.5349775047474576,30.02563269189787,181.05954991319445
52,167,30.13744100299418,0.007540287782983861,0.5162709260032553,184.63612369791667,4.910801362485394,30.13744100299418,184.63612369791667
52,166,30.171089534898034,0.03596038885269751,0.5163694095275194,189.77156119791667,1.7756433290149884,30.171089534898034,189.77156119791667
52,164,30.34072424152079,0.028261264029912133,0.5161530924719551,196.20348893229166,1.6714927809181173,30.34072424152079,196.20348893229166
54,31622,0.21537013022821186,0.010942099834300344,0.5407506880331883,56.20055577256945,0.006225560826250719,0.0,56.20055577256945
54,31622,0.21537013022821186,0.010942099834300344,0.5407506880331883,56.20055577256945,0.006225560826250719,0.21537013022821186,56.20055577256945
54,10000,0.721989225991485,0.0031329301912495656,0.5386741423496358,55.53421028645834,0.042587010190651996,0.721989225991485,55.53421028645834
54,5623,1.2236187940295464,0.0023800743874876954,0.5361613113447922,55.229143337673605,0.005180044117696135,1.2236187940295464,55.229143337673605
54,3162,2.2028745206714966,0.001458279501600038,0.5421445872844847,55.12441178385416,0.029619007813705196,2.2028745206714966,55.12441178385416
54,1778,3.811507128985804,0.008902274611896074,0.5419494312380883,55.84807389322918,0.05715372221042817,3.811507128985804,55.84807389322918
54,1333,4.954064716507678,0.010884443850653236,0.5414050886587721,56.645719509548606,0.04172807554784737,4.954064716507678,56.645719509548606
54,1000,6.495893345168146,0.0026546595072147513,0.5411784441581594,57.72877224392361,0.005680651940871001,6.495893345168146,57.72877224392361
54,749,8.516313405245123,0.004195159153167307,0.5407256961577047,59.538587890625,0.013167261589072181,8.516313405245123,59.538587890625
54,562,11.136951116490375,0.0016568340795818654,0.5400860137773895,61.82393218315972,0.027631223629290595,11.136951116490375,61.82393218315972
54,421,14.515061604498849,0.027069895995103503,0.5399071571064198,64.86527007378471,0.0762441480272963,14.515061604498849,64.86527007378471
54,316,18.633024592042528,0.009893574988243775,0.5399546078753531,69.47940538194445,0.09711575903930751,18.633024592042528,69.47940538194445
54,273,21.089830571985882,0.04736833068962995,0.5397904161946853,72.06497352430556,0.0518456836241296,21.089830571985882,72.06497352430556
54,236,23.777015438692747,0.03620059448656245,0.5397779618057471,77.54899468315973,0.06731755544409868,23.777015438692747,77.54899468315973
54,204,26.509885529924343,0.02588786182877541,0.5395276031639433,90.15400455729167,3.5038806221119017,26.509885529924343,90.15400455729167
54,5,27.540151386794037,0.010307457670125444,0.538355528462577,301.2144188368056,0.47959421772825195,27.540151386794037,301.2144188368056
54,0,27.548179543620623,0.018898457191598248,0.5384764616132008,302.30413975694444,0.28622543253823285,27.548179543620623,302.30413975694444
54,3,27.55012834162181,0.01581047407221145,0.5383597620164631,301.8060568576389,0.2536466733731569,27.55012834162181,301.8060568576389
54,1,27.55125986048351,0.03084996373275652,0.53845280809997,302.24934613715277,0.28176384120450115,27.55125986048351,302.24934613715277
54,7,27.64789131515494,0.015100541444987426,0.5389084650914876,301.3367406684028,0.12385688846778313,27.64789131515494,301.3367406684028
54,13,27.7665368175776,0.01094565245642366,0.5396260116712744,307.15481846788197,1.397079780819846,27.7665368175776,307.15481846788197
54,17,27.773325458947493,0.16421023149005243,0.5379401860126087,308.6027872721354,1.2116294888815535,27.773325458947493,308.6027872721354
54,11,27.792396771333532,0.032704016268313825,0.539561081017169,303.92431412760413,4.416565646403423,27.792396771333532,303.92431412760413
54,10,27.81137411645093,0.028142983412654712,0.5397254755152318,300.8288386501736,0.4789099736422263,27.81137411645093,300.8288386501736
54,14,27.813683388175743,0.04145991928967471,0.5398739426604005,308.40355946180557,3.9914785732541955,27.813683388175743,308.40355946180557
54,15,27.8419194969221,0.024291859047982853,0.5401982666190429,305.2617646484375,0.20015944047920345,27.8419194969221,305.2617646484375
54,20,27.904953438943096,0.013693283850007003,0.540442647171552,309.24504220920136,2.289641411644663,27.904953438943096,309.24504220920136
54,19,27.924155598890966,0.021657754153829332,0.540470972449719,309.82451866319445,0.46721593211736173,27.924155598890966,309.82451866319445
54,22,27.958269553544785,0.23874900155077922,0.5377761883783473,300.99458946397573,10.170495173415764,27.958269553544785,300.99458946397573
54,47,28.02357011060903,0.048805884270429645,0.5356121951211948,300.3422000868056,0.9474733557137774,28.02357011060903,300.3422000868056
54,50,28.024039602134632,0.04832070744535318,0.5356600516213903,298.4598483072917,1.0091849478264658,28.024039602134632,298.4598483072917
54,58,28.05329622810899,0.010223027252760737,0.5365685285786238,296.52417100694447,0.41003130776247065,28.05329622810899,296.52417100694447
54,31,28.078093524304645,0.3507313496378624,0.5381518325398381,296.07889458550346,13.385806690720893,28.078093524304645,296.07889458550346
54,23,28.218615143450762,0.0024203567937792652,0.5403864687465405,291.3978377821181,0.3496763978452664,28.218615143450762,291.3978377821181
54,26,28.278603275294557,0.03909830724785256,0.540672785760706,289.323943359375,0.5238763757583845,28.278603275294557,289.323943359375
54,68,28.295329332112686,0.021802360263006006,0.5367798732950931,285.84757052951386,0.9356884865568191,28.295329332112686,285.84757052951386
54,74,28.31867272919287,0.004543925275363619,0.5365581227005617,283.23162499999995,0.5414158657185337,28.31867272919287,283.23162499999995
54,28,28.322491539768205,0.031054802910583552,0.5405478936112655,286.2376775173611,1.0988200307221816,28.322491539768205,286.2376775173611
54,41,28.38358980583712,0.4725121667374931,0.5394564155367073,282.3818783094618,23.364995365652515,28.38358980583712,282.3818783094618
54,89,28.52949194764896,0.014788137334554387,0.5373485113083118,265.6014932725695,0.5640672117494492,28.52949194764896,265.6014932725695
54,90,28.58664643856207,0.024363494288220062,0.5376032497284554,263.96158148871535,0.7166805944680659,28.58664643856207,263.96158148871535
54,55,28.633008905842114,0.5584664498314696,0.540359108573427,269.09218310546873,27.76288231180885,28.633008905842114,269.09218310546873
54,35,28.66462721191699,0.034367090161793686,0.541759150388533,268.77104427083333,0.49648647438255467,28.66462721191699,268.77104427083333
54,92,28.690889595902892,0.018451850242936926,0.537278538517453,255.03158886718748,4.46820295723688,28.690889595902892,255.03158886718748
54,93,28.71133177737138,0.12540994025342075,0.5370339190464181,254.65542230902778,3.9307409510522384,28.71133177737138,254.65542230902778
54,63,28.723253125772214,0.6408856832851076,0.5407432283168053,263.5335287543403,31.94532679698852,28.723253125772214,263.5335287543403
54,86,29.036046473016295,0.5538235741848264,0.5404063899745062,240.4957328559028,31.391043881781794,29.036046473016295,240.4957328559028
54,88,29.06087676689661,0.5745851099444196,0.5406078407644879,238.35174723307293,31.192286131352276,29.06087676689661,238.35174723307293
54,95,29.117968501484842,0.052869896958221585,0.5391014110401593,228.9761455078125,0.9801780366028005,29.117968501484842,228.9761455078125
54,97,29.125952666460904,0.037717272581766784,0.5395431079616183,225.37587814670135,0.18467588439130764,29.125952666460904,225.37587814670135
54,100,29.188210437904853,0.014626603775224865,0.5401928766737324,220.2591946614583,0.7512089327134097,29.188210437904853,220.2591946614583
54,107,29.326878540150087,0.03981351587543554,0.5410973485089227,210.4531545138889,0.3897591105495111,29.326878540150087,210.4531545138889
54,76,29.3673761595051,0.0015292500845786722,0.5421750419934839,224.58548621961805,1.0581428043899916,29.3673761595051,224.58548621961805
54,79,29.427069802717885,0.04091980038820857,0.542668780037728,220.34422005208333,0.6230777264987449,29.427069802717885,220.34422005208333
54,115,29.45822064563393,0.02656479220434025,0.5423570494036328,199.94487651909722,0.7176519546000747,29.45822064563393,199.94487651909722
54,82,29.478079042159376,0.05505339566019456,0.5431089270199357,216.7898793402778,0.7798291848205675,29.478079042159376,216.7898793402778
54,133,29.94804495376962,0.013298392666911978,0.5372896866267903,176.07567730034722,0.1628628836734481,29.94804495376962,176.07567730034722
54,164,30.239764755661557,0.034706162057846025,0.5381268454000985,129.7986796875,0.5714469476627067,30.239764755661557,129.7986796875
54,153,30.419422603568982,0.11023529406177782,0.538830606220811,150.61189420572916,0.7148415838504243,30.419422603568982,150.61189420572916
55,421,14.346077763119595,0.022107452543708828,0.554620713327189,64.92688834635418,0.02355740534993181,14.346077763119595,64.92688834635418
55,316,18.551958865892143,0.0062891629887001695,0.554672813996379,69.45186848958333,0.0520541663580917,18.551958865892143,69.45186848958333
55,273,21.14988271950205,0.006440885339312235,0.554162003860372,72.53312630208335,0.02946075526437443,21.14988271950205,72.53312630208335
55,236,23.94333628171375,0.046914039045432426,0.5536861089403835,79.09762456597223,0.07341020452349081,23.94333628171375,79.09762456597223
55,219,25.33533996608531,0.05442837650983915,0.5538050652123004,84.91811480034723,0.33827102461905817,25.33533996608531,84.91811480034723
55,204,26.762231003019377,0.00773951393051767,0.5529910008676051,93.42206749131945,0.24484330777500324,26.762231003019377,93.42206749131945
55,5,27.74859363395174,0.04169305427023891,0.5457896494898905,307.94878407118057,4.919990531937019,27.74859363395174,307.94878407118057
55,1,27.827444778535526,0.11474093956671172,0.5475998624988264,303.9359270833333,1.0889446016718498,27.827444778535526,303.9359270833333
55,0,27.83479852709226,0.12088553978671725,0.5475253759033757,304.79791189236107,1.8269835566905295,27.83479852709226,304.79791189236107
55,3,27.845969949860944,0.14643541368434834,0.5475080168367011,303.8618599717882,1.4787768092413751,27.845969949860944,303.8618599717882
55,7,27.886050326113065,0.006688457549131649,0.5470047574428415,304.3358702256944,1.7461299037044054,27.886050326113065,304.3358702256944
55,10,28.186380300252978,0.1061281728890259,0.5496063979037137,299.6848726671007,1.112723196467162,28.186380300252978,299.6848726671007
55,13,28.24856347910624,0.1724888075943698,0.5502399797598948,300.76788964843746,4.480787319779685,28.24856347910624,300.76788964843746
55,14,28.2882360653396,0.20405765972205106,0.5501559951749695,300.2081525065104,5.052781482313495,28.2882360653396,300.2081525065104
55,17,28.386590102853194,0.21546670397703185,0.5506708383657929,301.6258160807292,8.37706754272293,28.386590102853194,301.6258160807292
55,19,28.425427995414243,0.2768923374554893,0.5510468963115287,299.79316379123264,9.246368213180569,28.425427995414243,299.79316379123264
55,20,28.42981783720195,0.26090590160129495,0.5511290726655721,302.04780864800347,11.911684652002142,28.42981783720195,302.04780864800347
55,22,28.783918874964744,0.1782440399358949,0.551897840544984,276.4291491970486,5.19483315372107,28.783918874964744,276.4291491970486
55,23,28.837322363117917,0.14331960664088228,0.5521591503014547,274.37948171657985,4.747255510225674,28.837322363117917,274.37948171657985
55,26,28.865643907634063,0.153080154442088,0.5522534347071951,270.9979660373264,5.030183557103545,28.865643907634063,270.9979660373264
55,28,28.952331772135675,0.14855757529606434,0.5525167137521917,267.79600461154513,4.414444893320908,28.952331772135675,267.79600461154513
55,29,28.967993194350512,0.1440977936343792,0.5525044584444491,266.4436086697049,4.95010746152624,28.967993194350512,266.4436086697049
55,31,29.286617531708885,0.03504855134093789,0.5538021484921529,250.0893406032986,4.646068755790674,29.286617531708885,250.0893406032986
55,32,29.436995140946767,0.021337129330614237,0.5525649489604962,237.7473238932292,0.28763063507718084,29.436995140946767,237.7473238932292
55,33,29.44366079449321,0.02190428247393581,0.5529913308051405,235.54733821614585,0.4210419197577642,29.44366079449321,235.54733821614585
55,35,29.473502929003114,0.03687466528000654,0.552900996424276,233.90634657118053,0.3690678311938267,29.473502929003114,233.90634657118053
55,68,29.485974114645355,0.01230565730189614,0.545462684789092,221.82685481770832,0.7182513442398595,29.485974114645355,221.82685481770832
55,41,29.573317148773313,0.04106626997218056,0.5541120946900294,226.31569997829857,0.6525477136468013,29.573317148773313,226.31569997829857
55,74,29.58578658631431,0.02442368945181128,0.5463002035285095,215.09895941840276,0.3066306084035171,29.58578658631431,215.09895941840276
55,47,29.62385597219202,0.02509383138042562,0.5544302312708058,223.3912741970486,1.0809901135609343,29.62385597219202,223.3912741970486
55,92,29.738483433306005,0.025413406129335115,0.5482865310935096,200.4158202039931,2.2782379676309787,29.738483433306005,200.4158202039931
55,133,29.780715138581375,0.03092943560893393,0.5465857956908361,176.1176185980903,0.3808126274686854,29.780715138581375,176.1176185980903
55,79,29.85818798376361,0.0197785312187456,0.554166334732909,195.8805470920139,0.21221583772065666,29.85818798376361,195.8805470920139
55,86,29.89598446812889,0.011026759700804526,0.5548395781783673,190.5147351345486,0.460689812241652,29.89598446812889,190.5147351345486
55,95,30.039729632189516,0.017107370569348294,0.5534031952599444,175.94075271267363,0.5087024825616832,30.039729632189516,175.94075271267363
55,153,30.079337005736544,0.18128412461645613,0.5497856075139602,150.56541487630207,5.016759121597926,30.079337005736544,150.56541487630207
55,100,30.086861335280375,0.022097950174950077,0.5544149898638858,171.15586393229168,0.6067482687492124,30.086861335280375,171.15586393229168
55,164,30.1735852544267,0.04435450172198246,0.548302643930097,131.85610536024305,0.6416245883299896,30.1735852544267,131.85610536024305
57,10000,0.6322730919809527,0.002221532966914491,0.569069348447364,55.676525716145825,0.02325554591749661,0.6322730919809527,55.676525716145825
57,5623,1.077842517679455,0.0025140359781711486,0.5662618202971633,55.426667968749996,0.01006038441871505,1.077842517679455,55.426667968749996
57,3162,1.92197157828031,0.0018709428513645817,0.5712808675299706,55.14541189236112,0.0018961747622418274,1.92197157828031,55.14541189236112
57,749,9.706209033648564,0.010056592311663412,0.5745157933886124,60.606611436631944,0.01380648823373612,9.706209033648564,60.606611436631944
57,562,12.69664165604359,0.030024654836842312,0.5736326988715357,65.11574153645833,3.069597682474427,12.69664165604359,65.11574153645833
57,421,16.50372684281547,0.04258401802368056,0.5731996561296709,67.09098111979166,0.04188044646540204,16.50372684281547,67.09098111979166
57,364,18.761881821258967,0.05334430469408115,0.5729507475943975,69.50925694444445,0.09647466633937278,18.761881821258967,69.50925694444445
57,316,21.184152869804535,0.03771854866691587,0.5732055894424782,72.17085297309028,0.07694854029791107,21.184152869804535,72.17085297309028
57,273,23.92354181014697,0.07220003738239822,0.5724425694858485,79.33840028211806,0.16267540809469302,23.92354181014697,79.33840028211806
57,253,25.31101908975486,0.04585279633978696,0.5721544659347195,84.96199500868056,0.04533193828424564,25.31101908975486,84.96199500868056
57,236,26.515457955306385,0.016186029635789308,0.5714783349891007,92.08703385416668,0.3006695053091012,26.515457955306385,92.08703385416668
57,219,27.811151032799113,0.015204741306179456,0.5700910012941804,102.18960362413195,0.26613339648930495,27.811151032799113,102.18960362413195
57,204,28.79590965540857,0.06356797572257836,0.5678039762450787,113.55837120225694,0.17105795074068272,28.79590965540857,113.55837120225694
57,190,29.457932928636666,,0.5650306456327301,124.13318120659721,0.09971125921494467,29.457932928636666,124.13318120659721
57,153,29.65311786362447,0.004758922395774848,0.5707845229065663,124.40244032118055,0.23907059147152848,29.65311786362447,124.40244032118055
57,115,30.147130274920205,0.003592925274828485,0.5717107238044713,156.03122905815974,0.18234929992844892,30.147130274920205,156.03122905815974
57,107,30.120825853139177,0.01697950830306935,0.5697982409128355,161.82141937934028,2.1969472682678983,30.120825853139177,161.82141937934028
57,100,30.161124982756935,0.02289561817963402,0.5683181039584347,164.19141905381946,0.4182451574977056,30.161124982756935,164.19141905381946
57,92,30.226616769398913,0.04441775510404902,0.5705921982583156,167.53186740451392,0.37165314377008873,30.226616769398913,167.53186740451392
57,86,30.165613809426294,0.004825732705227158,0.5683257178121454,173.42293012152777,0.3787590366311303,30.165613809426294,173.42293012152777
57,74,30.115981783779805,0.021901787903393078,0.5672307605511497,174.9056575520833,0.14767178723738825,30.115981783779805,174.9056575520833
57,70,30.088441443893732,0.010390629374211171,0.5659070883435868,175.88532552083333,0.1611094899613772,30.088441443893732,175.88532552083333
57,68,30.113139409797338,0.04480161524403249,0.5654765754887457,176.7885603298611,0.1863925072811386,30.113139409797338,176.7885603298611
57,63,29.951346345906444,0.02580581429160973,0.5738787294037343,184.38095355902774,0.12159422970792333,29.951346345906444,184.38095355902774
57,55,29.91115421691575,0.02414438194724276,0.5726728746582157,187.81437890625003,0.20853851448802546,29.91115421691575,187.81437890625003
57,47,29.92720675518048,0.08861544737946135,0.5725581107062326,190.99310948350697,2.401472240113909,29.92720675518048,190.99310948350697
57,43,29.9606639948058,0.0037319211362379897,0.5735156310276989,191.7052905815972,2.0861230260075985,29.9606639948058,191.7052905815972
57,41,29.906674437937696,0.1424621455603922,0.5704361334989226,197.76399403211806,1.7146324639624706,29.906674437937696,197.76399403211806
57,38,29.94536388763923,0.02041523356857639,0.5722239438562924,193.77286664496526,0.22423568013987602,29.94536388763923,193.77286664496526
57,37,29.867959338372387,0.10137976616285939,0.5710985765399975,196.76772645399305,2.513095567027834,29.867959338372387,196.76772645399305
57,35,29.838444829477357,0.12615937102538607,0.570139991992311,197.6381070421007,2.098104520749297,29.838444829477357,197.6381070421007
57,33,29.809287894029577,0.091466400772471,0.5706651463396605,198.72936903211806,1.8974494198361356,29.809287894029577,198.72936903211806
57,32,29.801006494076912,0.10393769979598325,0.5707648112614913,199.64380197482637,2.6935153611862113,29.801006494076912,199.64380197482637
57,31,29.540760255068744,0.19692769100092547,0.5667717814255925,236.60769270833336,9.707256280284833,29.540760255068744,236.60769270833336
57,29,29.53130412567491,0.029130945241360364,0.5674630448683081,238.57716894531248,0.4759677768511736,29.53130412567491,238.57716894531248
57,28,29.541169896390713,0.039454234242140965,0.5675209847497534,239.56021158854165,0.11077735120532163,29.541169896390713,239.56021158854165
57,26,29.47054167764284,0.006162359560510343,0.567017796377595,243.58435308159724,0.2871924328360307,29.47054167764284,243.58435308159724
57,23,29.40361942897046,0.011482538747241054,0.5670394246703286,247.08595768229165,0.26762410667949466,29.40361942897046,247.08595768229165
57,22,29.406619273698045,0.01805861528870828,0.5670479840156406,248.86966178385418,0.18173033332884186,29.406619273698045,248.86966178385418
57,20,29.11871541532962,0.009557613137108845,0.565160572809117,266.0226030815972,0.2843439559537202,29.11871541532962,266.0226030815972
57,17,29.06453188371272,,0.5650398771635853,272.8749809027778,3.804664506966682,29.06453188371272,272.8749809027778
57,10,28.797392396665558,0.006871238884043147,0.5731394578462559,295.1338497178819,0.30295054565208185,28.797392396665558,295.1338497178819
57,8,28.762075542521895,0.007916271222724196,0.5703720552536801,297.80577842881945,0.12325846113469069,28.762075542521895,297.80577842881945
57,7,28.835236686965573,0.12022805946670939,0.5718050826600372,298.5882026367188,4.645862997042095,28.835236686965573,298.5882026367188
57,5,28.608358581878026,0.11899192586939557,0.5702222254506343,298.54592643229165,1.6435289658717473,28.608358581878026,298.54592643229165
57,3,28.592886251678824,0.13422345648722214,0.5690622250765445,300.2533015950521,2.0660869664460373,28.592886251678824,300.2533015950521
57,1,28.605477232894827,0.120374509771983,0.5690744853420847,299.5341032443576,1.5164064637481374,28.605477232894827,299.5341032443576
57,0,28.686810436818977,0.2647703198302537,0.5695805569229427,300.4861965060764,2.213497789874426,28.686810436818977,300.4861965060764
58,31622,0.23306737979939657,0.043483118046634246,0.5793088203480479,56.20543391927083,0.005186656316462711,0.0,56.20543391927083
58,31622,0.23306737979939657,0.043483118046634246,0.5793088203480479,56.20543391927083,0.005186656316462711,0.23306737979939657,56.20543391927083
58,10000,0.7329803219101603,0.0004855889338745881,0.5788070646544361,55.60937706163194,0.02107942368850861,0.7329803219101603,55.60937706163194
58,5623,1.2543895900866977,0.00825394612997211,0.578489185689672,55.29754720052083,0.009336350764980026,1.2543895900866977,55.29754720052083
58,3162,2.4748293157503323,0.009688763816215178,0.575852048605432,55.29695930989584,0.031904932358340736,2.4748293157503323,55.29695930989584
58,2371,3.278944055562041,0.01848640967324613,0.5766434933347885,55.547821940104164,0.007192848670102776,3.278944055562041,55.547821940104164
58,1778,3.849010098799759,0.44395507940487144,0.5771673747444014,55.88619308810764,0.26469957474642636,3.849010098799759,55.88619308810764
58,1333,5.608280417766828,0.003504188793017198,0.5753364966886964,57.019586588541664,0.014519828440520651,5.608280417766828,57.019586588541664
58,1000,6.382269582852794,0.6435966585257473,0.5799891651829301,57.89870979817707,0.6318497049958338,6.382269582852794,57.89870979817707
58,749,7.992051848360197,0.005482757945744765,0.5813195732560915,58.946119032118055,0.0076878481070746865,7.992051848360197,58.946119032118055
58,562,10.482842454486722,0.018335808734520512,0.580668643380046,61.34694205729167,0.031683693688333354,10.482842454486722,61.34694205729167
58,421,13.76690771464491,0.024339154590688358,0.580051402008405,64.36713487413193,0.07028053611507272,13.76690771464491,64.36713487413193
58,316,17.916158270073264,0.07277642874535444,0.5796799384574841,68.39243098958333,0.01036396243793595,17.916158270073264,68.39243098958333
58,273,20.320546025943326,0.018717053610021968,0.5800532784449365,70.80554351128472,0.038476617690239114,20.320546025943326,70.80554351128472
58,236,23.128971218877084,0.04541325210239721,0.5787969266083864,75.56016493055556,0.061798612463031914,23.128971218877084,75.56016493055556
58,204,25.854808567042486,0.03315402837377132,0.5789277395087542,86.31730674913194,0.11969427452130242,25.854808567042486,86.31730674913194
58,177,28.271585449882366,0.010799849487711136,0.5769247151687891,104.28512174479165,0.1692183975662205,28.271585449882366,104.28512174479165
58,0,28.83989985108913,0.054102113594629575,0.5809877688766267,293.9197418258102,2.1982011075820833,28.83989985108913,293.9197418258102
58,3,28.84259092095957,0.06300205889820204,0.5803018053968632,295.26369379340275,2.409280243485691,28.84259092095957,295.26369379340275
58,1,28.85433854973583,0.06150204638317335,0.5808447192660569,295.5642661675347,5.78255157221909,28.85433854973583,295.5642661675347
58,5,28.895013434635956,0.0662446863416712,0.5802791180092168,293.2090765516493,2.33872814830854,28.895013434635956,293.2090765516493
58,14,28.995120637853677,0.022158524862438172,0.5766405111937102,284.4474240451389,1.0229597000435564,28.995120637853677,284.4474240451389
58,15,29.036714020262668,0.024439928791126418,0.5769409113141685,274.54182367621524,0.5313107443213083,29.036714020262668,274.54182367621524
58,10,29.09380288742132,0.032128593813155915,0.5780960252951199,288.28306022135416,0.32731851164799014,29.09380288742132,288.28306022135416
58,13,29.115707240320642,0.23135830806885105,0.5790064319269079,282.5494670138889,4.445025944546684,29.115707240320642,282.5494670138889
58,17,29.318384848454325,0.1622449971659496,0.5802602024826455,262.7677906358507,2.79388401966317,29.318384848454325,262.7677906358507
58,19,29.415295649263083,0.08927453567134705,0.5808993709729807,258.45446701388886,1.9074443018379752,29.415295649263083,258.45446701388886
58,20,29.436711159497875,0.18395553810810025,0.5808916830292723,257.13698958333333,2.2666845439657903,29.436711159497875,257.13698958333333
58,23,29.514549089284156,0.030225091195225706,0.5810252093557486,230.43327094184028,0.28607483781123044,29.514549089284156,230.43327094184028
58,26,29.531869899040526,0.006404095956857401,0.5813850576990504,226.77615397135415,0.18564955778384892,29.531869899040526,226.77615397135415
58,22,29.5432640316503,0.021112782800278722,0.581011318507061,231.33825032552082,0.23586416701659618,29.5432640316503,231.33825032552082
58,29,29.577575095300386,0.025577296546789155,0.5818746962241019,222.11161371527774,0.375123215548286,29.577575095300386,222.11161371527774
58,28,29.5953514546855,0.041777562694344045,0.5818716312879021,222.80521256510417,0.70153933747849,29.5953514546855,222.80521256510417
58,31,29.664286928172373,0.054353995985356666,0.5822436294151312,213.6702409939236,0.41434135351434126,29.664286928172373,213.6702409939236
58,92,30.016293663450146,0.028196356784035596,0.580809343478224,165.52533344184027,0.157444417412185,30.016293663450146,165.52533344184027
58,74,30.076475729058476,0.055387100878934795,0.5786175628406912,166.39476383463543,5.16045714560847,30.076475729058476,166.39476383463543
58,55,30.089034499333366,0.04844499462994461,0.5752740332190104,183.50421820746524,0.12211485176361463,30.089034499333366,183.50421820746524
58,100,30.129884900509396,0.00578298089068583,0.5756647896909614,153.7083537326389,0.10551283359982408,30.129884900509396,153.7083537326389
58,63,30.129946847823977,0.020562608807578004,0.5772099089317012,177.39546809895833,0.11866369923843234,30.129946847823977,177.39546809895833
58,115,30.1330981208169,0.024541178950830314,0.5786421928353307,146.1482835286458,0.0988601867407781,30.1330981208169,146.1482835286458
58,107,30.152350671546426,0.010662653075596967,0.5772403641826255,149.80343956163196,0.23980190665745452,30.152350671546426,149.80343956163196
58,79,30.183509909763387,0.011068394283679985,0.5752120736121364,177.58550379774306,0.059762188525592626,30.183509909763387,177.58550379774306
58,86,30.232424126402112,0.0707008469792352,0.5791221906764945,165.70813058810765,11.592199392737133,30.232424126402112,165.70813058810765
60,31622,0.23363644997756705,0.0005790490997412027,0.6038886548496502,56.386703667534725,0.11650701044968306,0.0,56.386703667534725
60,31622,0.23363644997756705,0.0005790490997412027,0.6038886548496502,56.386703667534725,0.11650701044968306,0.23363644997756705,56.386703667534725
60,10000,0.7075161380563628,0.0779068433067393,0.6022047522188859,55.65890218098958,0.06841386077422863,0.7075161380563628,55.65890218098958
60,5623,1.2171017928495218,0.1355917802073282,0.602405457482445,55.35910069444444,0.1086688219045187,1.2171017928495218,55.35910069444444
60,3162,2.288851043769371,0.10152256512637693,0.5971589611594493,55.25240505642361,0.06155025737402945,2.288851043769371,55.25240505642361
60,1778,3.984056665334213,0.15280652760016944,0.5975248258345437,55.939710611979166,0.07099498668516101,3.984056665334213,55.939710611979166
60,1333,5.479271998660919,0.02944853130075585,0.59850379970415,56.86310243055555,0.023363695495607885,5.479271998660919,56.86310243055555
60,1000,6.907449077437147,0.2831031843507804,0.5985047057403916,57.97988926866319,0.2346528351338343,6.907449077437147,57.97988926866319
60,749,9.07372000730351,0.3399852974749045,0.5980548638097399,59.91459700520833,0.2974255212672295,9.07372000730351,59.91459700520833
60,562,11.915858932183639,0.4712068364075931,0.5974303862951865,63.14677924262153,1.7798858591042512,11.915858932183639,63.14677924262153
60,421,15.484849615893673,0.6131024734908351,0.5971033598170842,65.9190544704861,0.5839003498399636,15.484849615893673,65.9190544704861
60,316,19.959957343018647,0.7067051623993219,0.5967069321144546,70.41733485243056,0.718503722150752,19.959957343018647,70.41733485243056
60,273,22.612395661551783,0.7420744768253771,0.5965877580918588,74.50833268229167,1.7591676521486332,22.612395661551783,74.50833268229167
60,236,25.28139494726644,0.7586151790929413,0.5964120228139186,83.12206830512153,3.0921689876894027,25.28139494726644,83.12206830512153
60,204,27.95264425328603,0.6187497003256551,0.6005950466960436,106.55655967881944,0.297373992649234,27.95264425328603,106.55655967881944
60,1,29.09164985958012,0.017759342762803016,0.597627028605907,285.99277311197915,0.25682696232597013,29.09164985958012,285.99277311197915
60,0,29.10806184396061,0.05685536966648261,0.5974725362497864,285.9582707248264,0.5531950424006501,29.10806184396061,285.9582707248264
60,3,29.109566393269365,0.010271877261453033,0.5978308362865147,286.19201844618055,0.19385007405838983,29.109566393269365,286.19201844618055
60,5,29.27084450303609,0.08276123590364241,0.5987180915979718,280.8078988715278,1.11035880066765,29.27084450303609,280.8078988715278
60,7,29.34403727603122,0.0032104354066162656,0.6003502121595568,278.3886877170139,0.2559909627219186,29.34403727603122,278.3886877170139
60,8,29.41693578290899,0.0023774969663690293,0.6005210493246983,279.10578765190974,0.2079283233622665,29.41693578290899,279.10578765190974
60,10,29.688122261792753,0.05461157191414408,0.6001604995520634,269.56181922743053,2.4507372707934643,29.688122261792753,269.56181922743053
60,11,29.71066972559177,0.01462936867320929,0.6003577350843622,268.7713084852431,2.0348700420396275,29.71066972559177,268.7713084852431
60,14,29.95428169021699,0.11990497743235376,0.5998631327146985,251.66347551359954,10.210947130984282,29.95428169021699,251.66347551359954
60,13,30.020291588600056,0.11172098108713598,0.600468765512279,252.6719812282986,9.778770314501463,30.020291588600056,252.6719812282986
60,15,30.020944512362792,0.15162724016989945,0.5986692017268253,242.75036843532988,9.949728644877636,30.020944512362792,242.75036843532988
60,17,30.088318842563446,0.15729137912410313,0.5974609785533248,228.4688646195023,7.3975342591016755,30.088318842563446,228.4688646195023
60,19,30.14249474604829,0.15116973969897893,0.5980454410519038,225.03780859375,7.307293835540369,30.14249474604829,225.03780859375
60,20,30.167940441530757,0.162049810119461,0.5981620789844881,223.52787431278935,7.044535911126709,30.167940441530757,223.52787431278935
60,68,30.22621017253141,0.07189646614364621,0.5967406228911848,153.42276828342014,1.3034506643310095,30.22621017253141,153.42276828342014
60,74,30.292846531012955,0.11228049438603509,0.5988252598146525,151.46610611979168,1.64978412903107,30.292846531012955,151.46610611979168
60,66,30.309978433849313,0.02146812405512997,0.5999949432163745,152.0777365451389,0.12010301252028041,30.309978433849313,152.0777365451389
60,65,30.312884588488867,0.03192436969825244,0.599888990970106,152.41874077690974,0.1426853702387664,30.312884588488867,152.41874077690974
60,86,30.330988160360974,0.1453069555603319,0.5961730219926742,151.56858892144098,1.0568363722027487,30.330988160360974,151.56858892144098
60,70,30.33410670744421,0.009463242382841373,0.6001447934039746,151.63470855034723,0.1868209585782508,30.33410670744421,151.63470855034723
60,23,30.421508434093173,0.09526647152904798,0.6000948999143811,196.23183360460067,8.663472086554433,30.421508434093173,196.23183360460067
60,92,30.430159569383303,0.01912061106568884,0.6026822878109913,143.55767697482636,0.05309941209124125,30.430159569383303,143.55767697482636
60,26,30.43311242249558,0.06908973658843219,0.6006102663640435,193.62858978949654,8.39073530297292,30.43311242249558,193.62858978949654
60,35,30.493531654721266,0.03957625302779463,0.60185041575344,177.87148838975693,0.08628912301405538,30.493531654721266,177.87148838975693
60,55,30.498255863036928,0.12055088754836339,0.5996288659283129,170.59969563802085,4.111895343958245,30.498255863036928,170.59969563802085
60,28,30.52924861294727,0.01360450254014173,0.6045199242077052,180.81498502604165,0.24641984295186148,30.52924861294727,180.81498502604165
60,58,30.531791984053047,0.06330416327960538,0.5999865772755844,169.6358238389757,3.7309107912920787,30.531791984053047,169.6358238389757
60,31,30.539813839227875,0.10709815380423972,0.600518789037688,187.26360123697916,6.947661580332952,30.539813839227875,187.26360123697916
60,29,30.54591215896285,0.0252862522032714,0.6045828060283462,179.91444574652778,0.10906509672851289,30.54591215896285,179.91444574652778
60,41,30.55773824230334,0.06934639711516391,0.6031238496402886,168.97373231336806,4.973351817748165,30.55773824230334,168.97373231336806
60,47,30.56411519329602,0.15544333318358144,0.602034928423914,174.22795638020833,4.751476517149372,30.56411519329602,174.22795638020833
60,61,30.58790044027995,0.052233577749381005,0.60437413780961,165.04491417100695,0.12525585936666248,30.58790044027995,165.04491417100695
60,60,30.598027660572665,0.028849916652286534,0.6044689568812119,165.5875105251736,0.3756064084920234,30.598027660572665,165.5875105251736
61,100000,0.07144277904924595,0.005017679980386849,0.6095120224737686,56.6622314453125,0.042097746462603246,0.0,56.6622314453125
61,100000,0.07144277904924595,0.005017679980386849,0.6095120224737686,56.6622314453125,0.042097746462603246,0.07144277904924595,56.6622314453125
61,31622,0.2478037848642637,0.009731754881909417,0.606718818991007,56.26188226996528,0.022162392092576585,0.2478037848642637,56.26188226996528
61,5623,1.198556723484997,0.005230652706585957,0.6145045316385375,55.42698459201389,0.06288064592175756,1.198556723484997,55.42698459201389
61,3162,2.2247138141612544,0.2864356596844175,0.6111165312517015,55.25378700086805,0.06424412641108647,2.2247138141612544,55.25378700086805
61,1778,3.880531135086059,0.4645370528170103,0.6118259247364018,55.93015288628472,0.2283661544858958,3.880531135086059,55.93015288628472
61,1333,5.0801610034389,0.5949951830503589,0.6105412461989097,56.67122705078125,0.3720437632281617,5.0801610034389,56.67122705078125
61,1000,6.713866209068047,0.80590424360874,0.6105552442716794,57.86229692925347,0.6742854024391354,6.713866209068047,57.86229692925347
61,749,8.83679383621071,1.0126181904026323,0.6100294276855546,59.79403667534722,0.9409982971096931,8.83679383621071,59.79403667534722
61,562,11.540296248606117,1.290853051840324,0.6092581114623742,62.31118739149306,1.2336735972785355,11.540296248606117,62.31118739149306
61,421,15.101396618255487,1.5938683262335673,0.6088537672753751,65.6789173719618,1.5361101731080054,15.101396618255487,65.6789173719618
61,364,18.80427283921736,0.028052220850888376,0.6078351735403194,69.35615462239583,0.06394663978730841,18.80427283921736,69.35615462239583
61,316,19.455759502444444,1.9275514164434817,0.6086173508796321,69.79045274522569,1.8612986413531907,19.455759502444444,69.79045274522569
61,273,22.065467281742134,2.1055846322147382,0.6084470167251114,74.60871864149306,4.832788132939402,22.065467281742134,74.60871864149306
61,236,24.590519524229958,1.9661075606903156,0.6082327479497454,82.72886382378472,9.630881589101643,24.590519524229958,82.72886382378472
61,204,25.42914142124304,0.04567087865476906,0.6094428465913416,85.22618880208334,3.115898102067945,25.42914142124304,85.22618880208334
61,177,27.850145568117767,0.008479715434561993,0.6083485793008299,98.14201866319445,0.25759351162186533,27.850145568117767,98.14201866319445
61,0,29.195690232350444,0.008229450345906131,0.6069994262423706,286.06551812065976,4.045487711881183,29.195690232350444,286.06551812065976
61,1,29.21897095925245,0.026732003010071496,0.6072836975613204,284.3256023220486,0.1568778232964613,29.21897095925245,284.3256023220486
61,3,29.230145968123935,0.017917437310651867,0.6073362083768493,288.69452821180556,6.435899476273255,29.230145968123935,288.69452821180556
61,7,29.528824341529916,0.025453004224879953,0.6092660539122502,275.49303027343745,0.26085978016437344,29.528824341529916,275.49303027343745
61,5,29.591561562189057,0.43155949514966446,0.6092490225500687,279.36672254774305,0.3872615003440749,29.591561562189057,279.36672254774305
61,8,29.652541718573598,0.09753593884265821,0.6092741421116249,273.8674173177083,1.0279401138664914,29.652541718573598,273.8674173177083
61,10,29.828300801850236,0.02276612542846892,0.6098750517786511,263.9846931423611,0.07403867082953217,29.828300801850236,263.9846931423611
61,11,29.92343321927677,0.059979887921189884,0.6099943443734367,263.3351226128472,0.22348813899526757,29.92343321927677,263.3351226128472
61,13,30.15458731315505,0.10209113204837603,0.6116932054475946,242.9671128472222,0.07861550513261836,30.15458731315505,242.9671128472222
61,100,30.204575694987465,0.12975748714837476,0.6064636750029749,138.08433387586805,2.224711970098785,30.204575694987465,138.08433387586805
61,14,30.206939031217814,0.01363645206351156,0.6108694555763057,239.6610950520833,0.20892831846844406,30.206939031217814,239.6610950520833
61,115,30.23686032706728,0.008797865430798482,0.6090253300739211,130.74275868055554,0.0565510554775947,30.23686032706728,130.74275868055554
61,15,30.323915601079666,0.029037074486710585,0.6105145711189373,232.48544270833335,0.3622565883162783,30.323915601079666,232.48544270833335
61,17,30.38302106043483,0.06420372683739957,0.609105217440591,211.93918071831595,1.7983688994217994,30.38302106043483,211.93918071831595
61,19,30.43624025539476,0.08966643611377073,0.6094109993404406,208.67016970486114,2.0795825358783997,30.43624025539476,208.67016970486114
61,22,30.44584097071106,0.037003546703893005,0.6096865378298975,176.23829329427085,0.15186822406877215,30.44584097071106,176.23829329427085
61,23,30.469092646540275,0.038773019658154294,0.6100172350462226,175.17333854166668,0.21725359766946684,30.469092646540275,175.17333854166668
61,29,30.47525869899,0.011978113635204164,0.6114258414515504,170.41891786024306,0.0668019935795979,30.47525869899,170.41891786024306
61,70,30.475880569934848,0.05570436385526502,0.6116972176886825,136.74610601128472,4.157996222785154,30.475880569934848,136.74610601128472
61,74,30.484878558388473,0.06414925561059197,0.6122323232176389,135.94848546006946,4.323565749668371,30.484878558388473,135.94848546006946
61,68,30.49374724451818,0.06488826239194824,0.6113403020854513,137.32362380642363,4.152913950026431,30.49374724451818,137.32362380642363
61,79,30.505039437645255,0.014401403299528003,0.6067450445630063,144.53467545572917,0.28549352338137063,30.505039437645255,144.53467545572917
61,28,30.50728890981557,0.029829420962260714,0.6111675908090577,170.83777799479165,0.3252847993040356,30.50728890981557,170.83777799479165
61,35,30.517706364251293,0.08924056460139433,0.6081171179544107,159.7159835611979,6.220443026351627,30.517706364251293,159.7159835611979
61,26,30.52720208340077,0.05303126245566339,0.6104235891421309,172.94951486545142,0.18366219179263957,30.52720208340077,172.94951486545142
61,41,30.52988170686137,0.08874205874292772,0.6098622567560524,154.97503754340278,2.7496057345983305,30.52988170686137,154.97503754340278
61,86,30.531635689807597,0.03235326523397414,0.6090501958584058,144.52970138888887,0.5149294013051702,30.531635689807597,144.52970138888887
61,32,30.575196626478107,0.024047261830394392,0.6103536282713014,155.06340028211807,0.167705591875899,30.575196626478107,155.06340028211807
61,33,30.584266449186817,0.00626980773197645,0.6102417652312578,155.16298133680556,0.13783840473335585,30.584266449186817,155.16298133680556
61,37,30.595269304947266,0.011144186642566856,0.6111252197065729,153.40596940104166,0.19779914676378263,30.595269304947266,153.40596940104166
61,47,30.60589602741112,0.1025815729571791,0.6094593023617487,155.33285767505788,5.08643456786119,30.60589602741112,155.33285767505788
61,66,30.61392347429314,0.47462039644391096,0.6140433515054957,140.51019813368057,8.961403611936126,30.61392347429314,140.51019813368057
61,63,30.623758726589543,0.03662585286684676,0.609192690950611,152.39182986111112,5.709269710228593,30.623758726589543,152.39182986111112
61,55,30.63937418440276,0.10342344023125494,0.6106240999172584,152.4477980685764,4.3202980039373715,30.63937418440276,152.4477980685764
61,58,30.64963916224291,0.03989274482913061,0.6111905728964625,151.2263519965278,3.7627868321517206,30.64963916224291,151.2263519965278
61,61,30.691929437810035,0.011065266488522484,0.6084027067416606,154.27944791666667,0.11114593971673994,30.691929437810035,154.27944791666667
61,60,30.708118659894136,0.04414698013428108,0.6083355776492989,155.02202506510415,0.17742878180229094,30.708118659894136,155.02202506510415
62,100000,0.0740729697112602,0.004440308947819996,0.6187110080458239,56.626314832899304,0.017185833251798985,0.0,56.626314832899304
62,100000,0.0740729697112602,0.004440308947819996,0.6187110080458239,56.626314832899304,0.017185833251798985,0.0740729697112602,56.626314832899304
62,31622,0.2050825756889701,0.00022344193344575253,0.6222963766465954,56.36708007812501,0.010744681444837464,0.2050825756889701,56.36708007812501
62,10000,0.7341837909765069,0.03853467033861354,0.619517160595812,55.65166498480903,0.020688397481522517,0.7341837909765069,55.65166498480903
62,5623,1.331526175804443,0.014161042942242845,0.6220785734779498,55.39273328993056,0.039244542592667,1.331526175804443,55.39273328993056
62,3162,2.266336974595223,0.1229603004867092,0.6203910566213154,55.28316183810764,0.033399220075538,2.266336974595223,55.28316183810764
62,1778,3.9314648622291846,0.20766538293276854,0.620068169736938,55.909658311631944,0.06951578933900705,3.9314648622291846,55.909658311631944
62,1000,6.807194732858195,0.3325576161707166,0.6201359939209861,57.95476616753472,0.25657519023401765,6.807194732858195,57.95476616753472
62,749,8.902363751275463,0.434472815778892,0.6192720652027486,59.847129394531244,0.34428908270687797,8.902363751275463,59.847129394531244
62,562,11.67516973320871,0.5596616284247733,0.618968313373733,62.45670241970486,0.49133852769557196,11.67516973320871,62.45670241970486
62,421,15.190105470023026,0.7215807703589202,0.6186857074387606,65.72177094184028,0.5406118165479555,15.190105470023026,65.72177094184028
62,316,19.516373166458248,0.8220310427809251,0.6187632969118452,69.64409136284722,0.4619244277660193,19.516373166458248,69.64409136284722
62,273,21.231787574294867,0.03809278089048509,0.6171659289884079,71.63171940104166,0.07305529189487213,21.231787574294867,71.63171940104166
62,236,24.650102709417208,1.0009601247439552,0.6185505498481597,80.97690820312499,2.788793151048871,24.650102709417208,80.97690820312499
62,204,27.02193512792762,0.7078571819130016,0.6180009515775396,91.5738115234375,3.789440050528905,27.02193512792762,91.5738115234375
62,177,28.69953076365127,0.44959018916405497,0.6164458181834299,105.17608604600696,2.3592479429008497,28.69953076365127,105.17608604600696
62,153,29.7027556385205,0.01482107150081544,0.6239843865273726,109.9776183810764,0.0852529804746133,29.7027556385205,109.9776183810764
62,133,30.12909612962983,0.014165552280790871,0.6213930271867981,117.53375922309027,0.17514667132063524,30.12909612962983,117.53375922309027
62,115,30.389512391599286,0.08213340240421432,0.6195610943930523,123.50020941840279,0.14085770274050105,30.389512391599286,123.50020941840279
62,100,30.301377237847706,0.1837658799519679,0.6204302822131152,125.14643695746527,3.393010241513499,30.301377237847706,125.14643695746527
62,86,30.47737039316837,0.016123484453751353,0.6180124282767442,134.0095984157986,0.1710566884043861,30.47737039316837,134.0095984157986
62,79,30.48836578908656,0.007764670065125824,0.6175240274816813,135.58629079861112,0.07630124479063354,30.48836578908656,135.58629079861112
62,74,30.414319932725167,0.04829316443592693,0.622900917179813,129.25405810546877,0.6770073998397367,30.414319932725167,129.25405810546877
62,68,30.431639276104406,0.042794436095940455,0.6214366189461072,130.6923283420139,0.39406370717123335,30.431639276104406,130.6923283420139
62,65,30.485465302626622,,0.6153667875626494,132.4682338655052,2.850331558688764,30.485465302626622,132.4682338655052
62,63,30.596318895655244,0.03301270203516566,0.6168429174417741,142.43905381944444,0.33472741737910444,30.596318895655244,142.43905381944444
62,55,30.725616271678764,0.0180215406656053,0.6246895274266978,139.84842697482637,0.12657931702762565,30.725616271678764,139.84842697482637
62,47,30.71024508128519,0.005624548525902977,0.6224558983382736,141.99710839843752,0.08074843493344805,30.71024508128519,141.99710839843752
62,41,30.693627440721414,0.05147145372831142,0.6224247361929424,145.7838989800347,2.163879232838394,30.693627440721414,145.7838989800347
62,37,30.66860821532967,0.03336289947904122,0.6213749815408999,147.28613292100695,2.6125048451292376,30.66860821532967,147.28613292100695
62,35,30.644689419779578,0.035293087218578725,0.6207885181520899,149.17819080946182,2.9214622211243544,30.644689419779578,149.17819080946182
62,33,30.668600260212887,0.03318083777173084,0.6187361417953503,145.7969568142361,0.1688608948441484,30.668600260212887,145.7969568142361
62,32,30.646414751853246,0.031442955430264624,0.6201717715443473,149.26736197916668,1.9080046161865607,30.646414751853246,149.26736197916668
62,31,30.754286822802744,0.016327959248683584,0.6171647608644679,169.0258742404514,0.2881564153444563,30.754286822802744,169.0258742404514
62,29,30.69005647587257,0.022180432971099964,0.6162226114643267,174.30960329861114,0.194381746524693,30.69005647587257,174.30960329861114
62,28,30.676316905704493,0.01857458539481002,0.6157394415520333,175.88618771701385,3.180266032013719,30.676316905704493,175.88618771701385
62,26,30.669720421553148,0.013070913575546315,0.6158346653435048,176.5156974826389,0.06146836919823929,30.669720421553148,176.5156974826389
62,23,30.672897788248292,0.030586755814315372,0.6155242653178093,180.76084548611115,0.21975125062050288,30.672897788248292,180.76084548611115
62,22,30.666535683830546,0.020697073094525276,0.6155463485124139,180.8258218315972,0.23171447319424057,30.666535683830546,180.8258218315972
63,100000,0.07180246779571822,0.009074974104975606,0.6328300727530146,56.651107168692135,0.022789592356072672,0.0,56.651107168692135
63,100000,0.07180246779571822,0.009074974104975606,0.6328300727530146,56.651107168692135,0.022789592356072672,0.07180246779571822,56.651107168692135
63,31622,0.2352300123639892,0.01589684532222327,0.6287096498744661,56.33318402777778,0.06518053111999604,0.2352300123639892,56.33318402777778
63,10000,0.7716740126591995,0.0010363132381143003,0.6326035246044891,55.65486599392361,0.01950836805875564,0.7716740126591995,55.65486599392361
63,5623,1.3226107086508623,0.0009248835017538517,0.629835343599409,55.34551410590277,0.01158405829218071,1.3226107086508623,55.34551410590277
63,3162,2.1811118951260178,0.21560163003100305,0.632165575844064,55.27862722439236,0.04437497956870039,2.1811118951260178,55.27862722439236
63,1778,3.7685995198102216,0.34300427943760403,0.6317548464051493,55.80451736111112,0.1894802861631821,3.7685995198102216,55.80451736111112
63,1333,5.240879879592018,,0.6300994070863822,56.575465277777774,0.01374206900058287,5.240879879592018,56.575465277777774
63,1000,6.483217380404056,0.5648490190496813,0.6314330512859937,57.67635856119792,0.4198585971291339,6.483217380404056,57.67635856119792
63,749,8.490470628258759,0.7301253601358989,0.631302140280033,59.38590294053819,0.5914279264803747,8.490470628258759,59.38590294053819
63,562,11.107007636097352,0.9375498161481302,0.6307983819681502,61.8667001953125,0.7702796943538461,11.107007636097352,61.8667001953125
63,421,14.391456161173837,1.1460187499699006,0.6308547860832849,64.88225206163195,0.8840233732558854,14.391456161173837,64.88225206163195
63,316,18.44755399544157,1.3480298245317814,0.6305824862338093,68.51776752387154,0.9372240550521284,18.44755399544157,68.51776752387154
63,236,23.395638967934627,1.4987689200047454,0.6302647021676065,75.82704909939237,3.809332584761486,23.395638967934627,75.82704909939237
63,204,25.858155144912015,1.3831137897426264,0.6299436657325658,84.30977739800348,5.814341036330528,25.858155144912015,84.30977739800348
63,177,27.761577949038863,1.0451802446158505,0.6290377354233373,94.58464973958333,6.200429464539332,27.761577949038863,94.58464973958333
63,153,28.479231236672998,0.028037511711331172,0.6309404917925435,98.84612521701389,0.06969524468338056,28.479231236672998,98.84612521701389
63,133,29.472880437414318,0.0016882150157474967,0.6286521785910678,108.08681412760417,0.04472469979380888,29.472880437414318,108.08681412760417
63,115,29.970948389042345,0.042721297312827616,0.6261275921308637,115.7751640625,0.19083114992778252,29.970948389042345,115.7751640625
63,0,29.68286228661543,0.2727228368512299,0.6288615169297681,281.1807394748264,1.9412808709815443,29.68286228661543,281.1807394748264
63,3,29.717558366238844,0.25327122680366376,0.6290486783500998,284.94841693793404,6.502197514558061,29.717558366238844,284.94841693793404
63,1,29.7456475059531,0.27701013192368024,0.6290642089175611,280.96535791015623,1.8987639842265995,29.7456475059531,280.96535791015623
63,8,29.746986191489714,0.005611921191061105,0.6334539823369515,275.25101714409726,0.05660948651517527,29.746986191489714,275.25101714409726
63,5,29.873763008116004,0.2955597060728841,0.630029947621187,276.43264328342013,4.252619547297309,29.873763008116004,276.43264328342013
63,7,29.95034126471243,0.2521908769146319,0.6307385082543399,273.81196299913194,1.585181902535092,29.95034126471243,273.81196299913194
63,10,30.184049535102705,0.2978162184545694,0.6306170508820412,262.43054812282986,6.0221583975534605,30.184049535102705,262.43054812282986
63,65,30.328798615546777,0.21177447722582585,0.6299167559790433,124.2535129123264,0.04198148580896965,30.328798615546777,124.2535129123264
63,66,30.403797878798734,0.10753335114031928,0.6309105742678738,123.7444162326389,0.14902606070280675,30.403797878798734,123.7444162326389
63,92,30.454347998338083,0.020278218717818177,0.6269108373078645,127.04936393229168,0.13423892803972742,30.454347998338083,127.04936393229168
63,68,30.469754222122805,0.0045691428507951765,0.6321477983479784,123.39727007378472,0.012634244919875488,30.469754222122805,123.39727007378472
63,70,30.483486859715423,0.005784860110841045,0.6322819063097768,122.85584537760415,0.05083373485363727,30.483486859715423,122.85584537760415
63,74,30.523096432470606,0.01639598345299161,0.6326138937365949,121.55989561631945,0.11635544368293535,30.523096432470606,121.55989561631945
63,86,30.53192419864313,0.023056908702051723,0.625972049153703,130.25068229166666,0.5572709039290223,30.53192419864313,130.25068229166666
63,63,30.846197239636936,0.22906897473877677,0.6296159831761492,138.89212471064815,2.877547139542459,30.846197239636936,138.89212471064815
63,19,30.890021206180524,0.1676217148951909,0.6300066748183587,208.5575393880208,0.20598598867152706,30.890021206180524,208.5575393880208
63,47,30.922482105464294,0.23370118828539413,0.6274098435904049,150.4922380642361,5.559682096267685,30.922482105464294,150.4922380642361
63,55,30.996224865004166,0.2864924170953713,0.6287970252566933,146.06254530164932,4.541699891291644,30.996224865004166,146.06254530164932
63,32,31.04106018285189,0.011461918955924888,0.6281107842139294,164.07631922743056,0.0970409988648778,31.04106018285189,164.07631922743056
63,35,31.052735123952043,0.035949507538735916,0.6299324982527867,163.79194194878474,3.060630658603206,31.052735123952043,163.79194194878474
63,41,31.0888130851384,0.021048111330573504,0.6284760874049736,158.87094487847222,0.21950529201435137,31.0888130851384,158.87094487847222
63,37,31.120021391377065,0.04328082540468172,0.6281696313316218,161.21356586371527,0.10502752943602721,31.120021391377065,161.21356586371527
63,22,31.183413586338997,0.005067302679935636,0.62849609758595,192.2284778645833,0.3175756616287162,31.183413586338997,192.2284778645833
63,23,31.20067351823933,0.021332786528928848,0.6283732140154255,191.52594867621528,0.05486609956374304,31.20067351823933,191.52594867621528
63,61,31.20643315963011,0.031199208304112012,0.6298278426588451,146.7137800564236,0.04196637968820989,31.20643315963011,146.7137800564236
63,58,31.22014215836197,0.03483466055695252,0.6295749039455164,148.14535774739582,0.14439790942625705,31.22014215836197,148.14535774739582
63,60,31.230816786531808,0.049084836486693616,0.6297704320178356,147.31592285156248,0.14995527796996275,31.230816786531808,147.31592285156248
63,26,31.243753707874344,0.016553927177712275,0.6280817296017789,190.16977473958335,0.22657334869579177,31.243753707874344,190.16977473958335
63,31,31.334375385971473,0.027853160137675713,0.6280806216019584,179.97091948784723,0.19689297064366473,31.334375385971473,179.97091948784723
64,31622,0.2571941877396879,0.0031955401470247845,0.6415771156059275,56.262861436631944,0.01014723008132814,0.0,56.262861436631944
64,31622,0.2571941877396879,0.0031955401470247845,0.6415771156059275,56.262861436631944,0.01014723008132814,0.2571941877396879,56.262861436631944
64,10000,0.6577298262959023,0.00047479457452975424,0.638787289208341,55.79175249565972,0.0119339942348423,0.6577298262959023,55.79175249565972
64,5623,1.1356408256110795,0.0010447809741886455,0.6384972165195784,55.47228298611111,0.006174133165229127,1.1356408256110795,55.47228298611111
64,1778,3.633598721640045,0.005226509083146402,0.6432268417095715,55.76405859375,0.02591716252145805,3.633598721640045,55.76405859375
64,1333,4.767638100271415,0.00447657844957427,0.6429936015617644,56.40373990885416,0.03701724178371526,4.767638100271415,56.40373990885416
64,1000,6.120616964447266,0.15263654961981526,0.6427878953321652,57.41220339626736,0.10043415429845781,6.120616964447266,57.41220339626736
64,749,8.002353006714628,0.23400505847545755,0.6423049571849603,58.990687662760415,0.18001756587180318,8.002353006714628,58.990687662760415
64,562,10.419629221419095,0.3222058361994653,0.6417497002549918,61.22948540581597,0.3795109694186157,10.419629221419095,61.22948540581597
64,421,13.558997202969627,0.5066434484395298,0.6412396385526636,64.04117095269098,0.5810357601110699,13.558997202969627,64.04117095269098
64,316,17.350519647015386,0.6370905671763837,0.6410385689637565,67.42005240885416,0.9573525428080454,17.350519647015386,67.42005240885416
64,273,20.355632993346564,0.023822296152133902,0.6420793924512874,70.00683365885418,0.04131040570056662,20.355632993346564,70.00683365885418
64,236,21.985764445781864,0.8907671465445387,0.6409500654871519,73.0468121202257,1.4027972620339832,21.985764445781864,73.0468121202257
64,204,25.39793914231127,0.026777865711010398,0.6420530658345099,81.87908170572918,0.10512209544565658,25.39793914231127,81.87908170572918
64,177,26.448855313618676,0.9806683903347649,0.640132645264313,85.30033881293403,6.338340434503269,26.448855313618676,85.30033881293403
64,153,29.13410945765061,0.25222030168569304,0.6421747573358072,104.30741292317708,3.0553931506688783,29.13410945765061,104.30741292317708
64,133,29.38958755673451,0.5640142883639088,0.6390393488492282,104.63577448640046,10.319411234941644,29.38958755673451,104.63577448640046
64,115,29.8349226919153,0.2544044883054239,0.6359986681542075,106.76320345052083,10.626448090007004,29.8349226919153,106.76320345052083
64,100,30.19318388744912,0.05068051756165013,0.6389132607850503,109.24606286168982,8.69774842203447,30.19318388744912,109.24606286168982
64,92,30.63288097749287,0.020800822792327835,0.6430621682693604,114.25803808593749,0.12521163281342276,30.63288097749287,114.25803808593749
64,86,30.655733033637095,0.033993840950151025,0.6395883635258235,121.543396999783,2.831585484800996,30.655733033637095,121.543396999783
64,79,30.60283825100002,0.0013525816247370451,0.6435510957189982,121.11426117621527,0.0963302522089163,30.60283825100002,121.11426117621527
64,74,30.55881517129138,0.04667743781325598,0.638668730244181,121.81620797164351,2.592570451284265,30.55881517129138,121.81620797164351
64,70,30.59085346375595,0.0127961056775834,0.6430987901816233,120.97658843315973,0.1309599972963414,30.59085346375595,120.97658843315973
64,3,30.43903573074054,0.23093591652359394,0.6397506696827386,278.89727663845485,3.2199906416981134,30.43903573074054,278.89727663845485
64,1,30.44525362782069,0.21142799940493587,0.639740916839772,278.23504009331594,0.9037205406579218,30.44525362782069,278.23504009331594
64,0,30.466705126331107,0.2405365639710214,0.6395899313933135,280.52650298394093,2.886622686025601,30.466705126331107,280.52650298394093
64,7,30.537379777464636,0.1567018870846268,0.6405869678266601,270.1765376519097,1.1197379446873283,30.537379777464636,270.1765376519097
64,5,30.549956706338236,0.21094366287075308,0.6396693088981348,273.63959369574656,0.7893366427647526,30.549956706338236,273.63959369574656
64,10,30.63673934500159,0.14652953993296858,0.6410284501564038,255.15725005425347,1.458426118470556,30.63673934500159,255.15725005425347
64,11,30.661074746401123,0.13804417715291603,0.6409048131110437,253.62503000217018,1.4466943595591775,30.661074746401123,253.62503000217018
64,8,30.669161775470446,0.07778821800976245,0.6444547472361494,270.56596506076386,2.5603917474317934,30.669161775470446,270.56596506076386
64,29,30.799504507581037,0.021856122563659024,0.6392351885347378,179.25001562499997,3.7650772227173976,30.799504507581037,179.25001562499997
64,28,30.804681986967513,0.02246844515884873,0.6385589799658894,177.73669184027779,0.05381348654221256,30.804681986967513,177.73669184027779
64,13,30.92273775740016,0.19595880974070407,0.6401972536836157,233.19740793185767,0.6959212328721598,30.92273775740016,233.19740793185767
64,15,30.959732554570575,0.1712068977706804,0.6402542955161946,224.8233099500868,0.7609696225128479,30.959732554570575,224.8233099500868
64,14,31.013179511442214,0.13861402443707818,0.6400629137240043,231.12604541015625,0.9935905951994465,31.013179511442214,231.12604541015625
64,20,31.068050448687448,0.35343835955490727,0.6387766913283806,207.06514934172455,3.246846507768485,31.068050448687448,207.06514934172455
64,19,31.072364555116998,0.3246645576688734,0.639219188139201,207.8849310619213,3.112613831811891,31.072364555116998,207.8849310619213
64,17,31.090955989248478,0.3102822951223602,0.6396161582651115,209.5605992296007,1.9662003106102683,31.090955989248478,209.5605992296007
64,41,31.137959622425495,0.017786859103713533,0.6372086139849854,151.79975260416666,0.0852315154826019,31.137959622425495,151.79975260416666
64,63,31.1677586318267,0.01268834161110666,0.6396976736776372,136.1577165798611,0.22878293076494266,31.1677586318267,136.1577165798611
64,58,31.215534628419693,0.025013767843967347,0.637316204651125,142.50735481770835,0.16764794081634737,31.215534628419693,142.50735481770835
64,47,31.219405320867413,0.054818949995313934,0.6380552552984547,151.6802121310764,0.29821461398625027,31.219405320867413,151.6802121310764
64,35,31.22219389401721,0.13659493161979877,0.6410741612448004,158.28517914496527,3.08161733382532,31.22219389401721,158.28517914496527
64,22,31.229889856659383,0.31818772314045335,0.63946754096551,184.07453443287037,0.9018142791110946,31.229889856659383,184.07453443287037
64,55,31.23046493127625,0.03266909050377458,0.6382975855616464,146.13096180555556,0.03024407581741513,31.23046493127625,146.13096180555556
64,60,31.234908935132797,0.0010078611267938498,0.6385777757516321,141.80092990451388,0.20769543483720226,31.234908935132797,141.80092990451388
64,23,31.23561178783671,0.3619101356614679,0.6395930246280002,183.56060181568287,0.8156989054201829,31.23561178783671,183.56060181568287
64,37,31.274488796467864,0.10559601114610796,0.6409451747079301,152.85873448350696,0.2426319780798935,31.274488796467864,152.85873448350696
64,31,31.292979666744593,0.36754278419564806,0.6401804445594347,173.16760441984954,1.403672778344644,31.292979666744593,173.16760441984954
64,26,31.316891353227966,0.4525799940155843,0.6396812024430573,181.46283232060185,1.5468701101820477,31.316891353227966,181.46283232060185
65,100000,0.0805073760148242,0.005726315253978558,0.6503150548395177,56.63008132595487,0.01710414064110966,0.0,56.63008132595487
65,100000,0.0805073760148242,0.005726315253978558,0.6503150548395177,56.63008132595487,0.01710414064110966,0.0805073760148242,56.63008132595487
65,31622,0.21372826634579964,0.001940547562653995,0.6497822377420622,56.42154448784722,0.09921359139254228,0.21372826634579964,56.42154448784722
65,10000,0.7218123295437899,0.03444401764527712,0.6511907295510444,55.774571777343745,0.0461606785067276,0.7218123295437899,55.774571777343745
65,5623,1.2509384903244556,0.06828568382796975,0.6509144696532214,55.50571343315972,0.035748112230864916,1.2509384903244556,55.50571343315972
65,3162,2.1675257450842036,0.1188550228721033,0.6486245100123219,55.333361617476854,0.039947068270795034,2.1675257450842036,55.333361617476854
65,1778,3.6763272463726486,0.23021397156406737,0.6498711260504009,55.81906741898148,0.0878052687211679,3.6763272463726486,55.81906741898148
65,1333,5.258309237498935,0.0035463542901365106,0.6485776135830564,56.73947439236111,0.027414004528686472,5.258309237498935,56.73947439236111
65,1000,6.444461106398861,0.4885681801278744,0.6503182691990412,58.50767843967014,2.30819214853986,6.444461106398861,58.50767843967014
65,749,8.440633685771568,0.6854422556546621,0.6499740571854392,59.44382937282986,0.7307909745955478,8.440633685771568,59.44382937282986
65,562,10.956037700220362,0.9215655046949633,0.64928054051568,61.76789539930556,1.0429423390873072,10.956037700220362,61.76789539930556
65,421,13.706821899143623,1.7072959511584749,0.6498363212767055,64.67270334201389,1.4383606750799847,13.706821899143623,64.67270334201389
65,316,17.093436876923576,2.314925443768383,0.6506077371507237,66.76810716869213,2.751161065280929,17.093436876923576,66.76810716869213
65,236,21.20673825569999,2.8598667213786872,0.6505105530420577,73.0286218532986,6.115121201745998,21.20673825569999,73.0286218532986
65,177,25.39481483892938,2.594931887700382,0.6495120804993486,83.38142954282407,11.77362745946714,25.39481483892938,83.38142954282407
65,204,26.695176852016687,0.02412924163167315,0.6475204219796281,89.9032758246528,0.0730701088174128,26.695176852016687,89.9032758246528
65,133,28.533530088831544,1.3727726948912249,0.6505808149560723,93.47871853298611,11.859347725945826,28.533530088831544,93.47871853298611
65,115,29.418833345305686,0.677369181846214,0.6510974066632034,97.68947612847222,8.870582613537843,29.418833345305686,97.68947612847222
65,153,29.46160037688212,0.02037263949198998,0.6544464820187167,102.56386154513889,0.12602957337946954,29.46160037688212,102.56386154513889
65,107,29.932329055684534,0.03507559364219996,0.6452258045384969,99.53744650607638,0.021903126086982694,29.932329055684534,99.53744650607638
65,100,30.144632611399327,0.4212982021153537,0.6499289224958829,107.92297840711805,10.39104858125513,30.144632611399327,107.92297840711805
65,70,30.79142120295868,0.1769378118937007,0.6512803695558251,117.78514252387151,1.7910486558012362,30.79142120295868,117.78514252387151
65,66,30.820861220972642,0.18032430554754222,0.6514302342164179,119.29525824652778,2.162414653980457,30.820861220972642,119.29525824652778
65,65,30.837081684679756,0.1750950327183771,0.6512933224993577,120.0127056749132,1.6106536282943147,30.837081684679756,120.0127056749132
65,74,30.84195345049031,0.1799169895773613,0.6519659868178559,115.50086593967013,1.8439691758752417,30.84195345049031,115.50086593967013
65,86,30.877585479235766,0.009176983236208611,0.6513907241582657,111.607720703125,2.582037119244408,30.877585479235766,111.607720703125
65,68,30.88461160106794,0.1905932803124289,0.651494618076963,118.37470600043405,1.6764048188835907,30.88461160106794,118.37470600043405
65,63,31.401855850461455,0.26283538525079175,0.6512322563102271,140.25743070023148,5.520307264517786,31.401855850461455,140.25743070023148
65,61,31.602496325614926,0.17329819124369272,0.6496160853123649,141.18284554036458,3.6094154115738983,31.602496325614926,141.18284554036458
65,60,31.615994456844067,0.1632085557797695,0.649498606150517,142.13199815538192,3.678433857868218,31.615994456844067,142.13199815538192
65,58,31.595780695422842,0.15485931700367647,0.6494065830170361,143.24534315321182,3.6340682643123787,31.595780695422842,143.24534315321182
65,55,31.41826660842897,0.29843058332137706,0.650402524066885,147.45720630787036,3.913826107669339,31.41826660842897,147.45720630787036
65,47,31.369289674257598,0.31664887298956984,0.6492562559425541,151.54972989004628,2.8867324865447963,31.369289674257598,151.54972989004628
65,41,31.312612677942063,0.34202380305063385,0.6484114682626614,154.46984566695602,2.3244222038148155,31.312612677942063,154.46984566695602
65,37,31.230171792796956,0.438044414595534,0.6492061578618131,158.38122081163195,2.382587976900953,31.230171792796956,158.38122081163195
65,35,31.223716923355486,0.40157822230326473,0.6491781822667773,159.15690717230902,3.2415576171685223,31.223716923355486,159.15690717230902
65,33,31.203475120739892,0.421157744717507,0.6488038908085455,160.26338981119792,3.3502503258710226,31.203475120739892,160.26338981119792
65,32,31.20951079408854,0.4314186193473145,0.6486565706225458,160.67154389105903,3.830857749391587,31.20951079408854,160.67154389105903
65,31,31.841112718892436,0.027433193496686707,0.6508684737678696,180.6324138454861,0.13477008235709353,31.841112718892436,180.6324138454861
65,29,31.882590453700583,0.0017993334924559475,0.6507506358043315,184.7371330295139,0.11667409861842264,31.882590453700583,184.7371330295139
65,28,31.838865871002383,0.021673104573846424,0.6508046528273103,185.44089843749998,0.09018196298859801,31.838865871002383,185.44089843749998
65,26,31.827442744851155,0.100583386784446,0.6508950689631079,189.0601906467014,0.41496286190004467,31.827442744851155,189.0601906467014
65,23,31.79380456890408,0.0067816773931957605,0.6509756753720217,190.55587934027776,0.2499829081701411,31.79380456890408,190.55587934027776
65,22,31.77532825633627,0.014202916401449765,0.6510132305138868,190.56831434461802,0.11109452283856805,31.77532825633627,190.56831434461802
65,20,31.668640338572093,0.005308237159835854,0.6509774628284757,210.29041460503473,0.11625958949284147,31.668640338572093,210.29041460503473
65,19,31.644781649901432,0.02495392375021926,0.6509427354717128,211.64888823784722,0.20767545236779422,31.644781649901432,211.64888823784722
65,17,31.59548858816297,0.01690466065561036,0.65092594442559,213.30596831597222,0.06991663743001626,31.59548858816297,213.30596831597222
65,15,31.510098253239395,0.11946845409950832,0.6506081165301668,224.45345410156253,0.700630727086299,31.510098253239395,224.45345410156253
65,14,31.3571787183744,0.04356475278594204,0.6507500352956983,231.9211467013889,0.7199473372986155,31.3571787183744,231.9211467013889
65,13,31.32067509477818,0.039810310391782726,0.650884886316878,233.72488943142358,0.24870813110386544,31.32067509477818,233.72488943142358
65,10,31.005339734514195,0.03488583563375384,0.6516616376104799,251.04024218749998,0.3669601058364301,31.005339734514195,251.04024218749998
65,8,30.945886654559036,0.09700824094903503,0.6515082368789716,268.9722135416667,4.4705724854136655,30.945886654559036,268.9722135416667
65,7,30.88830007407157,0.0365199137972154,0.6513326414118306,269.031791015625,0.09367088475631838,30.88830007407157,269.031791015625
65,5,31.06907191083977,0.012282388841789815,0.6507496669286538,270.9808810763889,0.35149168588765567,31.06907191083977,270.9808810763889
65,3,31.02224222365469,0.012071728129230295,0.6510442176067054,275.8227719184028,0.2885080894722899,31.02224222365469,275.8227719184028
65,1,31.027172538305802,0.0368201676117757,0.6507115633189532,277.58541145833334,0.16205524793722803,31.027172538305802,277.58541145833334
65,0,31.011776210324864,0.013250186786711362,0.6506399620333855,277.3907243923611,0.10290051484638399,31.011776210324864,277.3907243923611
66,100000,0.07098699959011957,0.0047239676593498195,0.6602380055773032,56.66809792751736,0.026031762242026926,0.0,56.66809792751736
66,100000,0.07098699959011957,0.0047239676593498195,0.6602380055773032,56.66809792751736,0.026031762242026926,0.07098699959011957,56.66809792751736
66,31622,0.2408268229545704,0.011412915837054423,0.6595531135991836,56.38628195529514,0.030460010297263643,0.2408268229545704,56.38628195529514
66,10000,0.6733316948027879,0.06512400276668881,0.6617355128648955,55.83524055989582,0.10046636572118754,0.6733316948027879,55.83524055989582
66,5623,1.1334209930462573,0.09269283048714867,0.6620221541220641,55.50111056857639,0.10735102419425692,1.1334209930462573,55.50111056857639
66,3162,1.9067138503046521,0.19807134504320037,0.6601540045781354,55.36333834635416,0.07291917479204774,1.9067138503046521,55.36333834635416
66,1778,3.265169471855623,0.3592170786968869,0.6601699307450194,55.66123318142362,0.10225841002428335,3.265169471855623,55.66123318142362
66,1333,4.4579462070678035,0.43161055998033226,0.6614784447949026,56.23766532841435,0.2239065192273382,4.4579462070678035,56.23766532841435
66,1000,5.5601562493720875,0.5740430394394862,0.6601840164118211,56.99668893229167,0.40600850632090013,5.5601562493720875,56.99668893229167
66,749,7.335273320134861,0.8580873570540994,0.6597388283692981,58.40975523546007,0.7847435225235453,7.335273320134861,58.40975523546007
66,562,9.522618895095011,1.00484672624408,0.6597732626183912,60.372894053819444,0.9792139815340052,9.522618895095011,60.372894053819444
66,421,12.515828920195554,1.2723773695249059,0.6596656569046734,62.89063595920139,1.3635589867718378,12.515828920195554,62.89063595920139
66,316,16.309195884023065,1.5447037770172987,0.6598707478618686,66.25203960503472,1.751579988936234,16.309195884023065,66.25203960503472
66,273,20.01079241346799,1.4501446608361035,0.6592565347462112,69.93113878038194,1.5736830456782651,20.01079241346799,69.93113878038194
66,236,21.10886132172798,1.8025179905761655,0.659981858032469,71.9203885904948,3.325463760929794,21.10886132172798,71.9203885904948
66,204,25.067967859605385,1.4281658635015002,0.6590921681516629,80.61102067057293,5.675043452554197,25.067967859605385,80.61102067057293
66,177,25.649043096230994,1.8523550444155796,0.659533390015309,82.35951619466145,9.214698440843772,25.649043096230994,82.35951619466145
66,153,27.27933007989078,1.1305798928603161,0.661024982835345,86.34414507378472,7.978849918602939,27.27933007989078,86.34414507378472
66,133,28.68491554005294,0.5832417734262503,0.6594205291570197,90.9988466796875,8.111607042056782,28.68491554005294,90.9988466796875
66,115,29.165999415430843,0.6888179887845625,0.6629395938045509,88.58685590277777,3.099116808805672,29.165999415430843,88.58685590277777
66,107,29.969150685692906,0.024564641746810625,0.661552931526503,94.08229459635415,0.15709152380168503,29.969150685692906,94.08229459635415
66,100,30.31746676160837,0.07398733172092378,0.6611166356098652,97.34906351273148,1.1170945632731764,30.31746676160837,97.34906351273148
66,92,30.96456489446034,0.04563284929229876,0.659987543890053,107.16820073784722,0.08498372321291048,30.96456489446034,107.16820073784722
66,86,31.368416622135726,0.11149152536346453,0.6615877038052134,112.23813588686342,0.456776474188843,31.368416622135726,112.23813588686342
66,79,31.46388352665088,0.00846130392943787,0.6613328172353528,114.02949121093751,0.14463339629398542,31.46388352665088,114.02949121093751
66,74,31.214048179783063,0.08403683603765115,0.6620476358854054,120.54320467122396,10.890893740846892,31.214048179783063,120.54320467122396
66,70,31.225258321067333,0.16067003803425992,0.6627389456534922,116.14124343532988,7.411770584042509,31.225258321067333,116.14124343532988
66,68,31.231052262147234,0.046766844113972895,0.6621872521967307,118.28186205150463,5.978306051558701,31.231052262147234,118.28186205150463
66,66,31.206190657471087,0.05237757269101024,0.6637857169360691,117.73072254774307,7.491427889782348,31.206190657471087,117.73072254774307
66,65,31.197348588627886,0.042272841747424295,0.6638686247008043,118.24057042100695,7.452057054079935,31.197348588627886,118.24057042100695
66,63,31.82250011297817,0.3471780235858742,0.6610098207467054,134.11363216145833,9.809698800148842,31.82250011297817,134.11363216145833
66,61,32.06093201188739,0.12024991278822932,0.6633717786178267,139.76012668185766,11.726299766912724,32.06093201188739,139.76012668185766
66,60,32.064899486038954,0.1367107114714469,0.6632481453299434,140.81015093315972,14.028094141732959,32.064899486038954,140.81015093315972
66,58,31.933685886573983,0.159387293775141,0.6612608481354793,140.21093402777777,11.068688717537228,31.933685886573983,140.21093402777777
66,55,31.932625988203768,0.19575665577327903,0.6612852948543878,142.25025745081018,11.55545978258019,31.932625988203768,142.25025745081018
66,47,31.891809328490734,0.17875540237984125,0.6610587560504402,148.6717763671875,10.785896106905005,31.891809328490734,148.6717763671875
66,41,31.91545789656865,0.1817320290097707,0.6608292394643674,153.09196354166664,9.99375955088714,31.91545789656865,153.09196354166664
66,37,31.868596665215378,0.2040684752077644,0.6609092962614397,155.35147272858796,10.40566701510852,31.868596665215378,155.35147272858796
66,35,31.854919695998987,0.1921264318482227,0.6610510902795467,157.06565436921295,9.826433207618036,31.854919695998987,157.06565436921295
66,33,31.984714187738785,0.07543671084062184,0.6631340339267264,160.01908268229167,12.127682022004349,31.984714187738785,160.01908268229167
66,32,31.806202925451245,0.1861629872143886,0.6609640959733084,159.26213151041668,10.981800463970421,31.806202925451245,159.26213151041668
66,31,32.15524526171903,0.16510924512523323,0.6609768358442762,175.81513234230326,10.548338720579864,32.15524526171903,175.81513234230326
66,29,32.17131559849264,0.20378149170293178,0.6609489787885277,182.5483304759838,10.111353538173738,32.17131559849264,182.5483304759838
66,28,32.15519007034601,0.1658043537357737,0.6609796609726604,183.50585373263888,10.307860120754812,32.15519007034601,183.50585373263888
66,26,32.12391022065449,0.1871144458496985,0.6605809062138356,187.1901566478588,10.229345356972123,32.12391022065449,187.1901566478588
66,23,32.08548873368648,0.1899221010974314,0.659260604606783,192.77368467881945,10.201607440447823,32.08548873368648,192.77368467881945
66,22,32.06041726022491,0.2103761768884999,0.6599935179213968,194.03024815538194,10.097009892997685,32.06041726022491,194.03024815538194
66,20,32.04378708797853,0.21597342489398363,0.6594627999422831,211.87746999782985,6.205370349916915,32.04378708797853,211.87746999782985
66,19,31.985739291976632,0.22362258529412535,0.6594266918185524,214.1128230251736,5.601648011991054,31.985739291976632,214.1128230251736
66,17,32.00471352600348,0.222594075482598,0.6595690766103827,216.24037234157984,5.9850628049900765,32.00471352600348,216.24037234157984
66,13,31.8138342030515,0.23306963523005014,0.6597129021342593,232.3102317165799,2.760090966199696,31.8138342030515,232.3102317165799
66,10,31.56690239457136,0.23568538643239625,0.6602853228820976,248.74225602213542,2.74416341096961,31.56690239457136,248.74225602213542
66,8,31.37281926117544,0.21328036608414788,0.6602891753161306,266.50664529079864,3.227551301493266,31.37281926117544,266.50664529079864
66,7,31.417284585697164,0.21859372796755586,0.6601419878651451,267.71786349826385,3.014853628858383,31.417284585697164,267.71786349826385
66,5,31.664398825647705,0.25279850738917703,0.659635475150897,268.5328477647569,0.9791820063784601,31.664398825647705,268.5328477647569
66,3,31.787078390379538,0.283429763562307,0.6589269185494874,273.72402370876733,3.2761742125116298,31.787078390379538,273.72402370876733
66,1,31.777452469420563,0.31005458904637806,0.6586040986492414,276.3122757703993,0.1833221286944622,31.777452469420563,276.3122757703993
66,0,31.817586622997556,0.2207348711055684,0.6585208524226573,278.4225661349826,3.2872307597170076,31.817586622997556,278.4225661349826
67,100000,0.07883889872830373,0.007790329762218986,0.6689191531780526,56.665682508680554,0.02020833311799517,0.0,56.665682508680554
67,100000,0.07883889872830373,0.007790329762218986,0.6689191531780526,56.665682508680554,0.02020833311799517,0.07883889872830373,56.665682508680554
67,31622,0.2314445923465485,0.015525811975631042,0.6706386686485103,56.66140646701388,0.6971944589631784,0.2314445923465485,56.66140646701388
67,10000,0.6015112150751619,0.0685792872004898,0.670014880907863,55.96755400545635,0.1012310564079166,0.6015112150751619,55.96755400545635
67,5623,1.0795508027139786,0.11241095176994391,0.6679123473897596,55.62177586805556,0.07148734639116527,1.0795508027139786,55.62177586805556
67,3162,1.7512118344822323,0.1919759438113604,0.668329388150709,55.45035340711806,0.05019323794009884,1.7512118344822323,55.45035340711806
67,1778,3.044769280943306,0.3302149305935688,0.6677679926699703,55.64773575846354,0.10633375687468906,3.044769280943306,55.64773575846354
67,1333,4.4419433333878615,0.006600809754973428,0.6696191820164014,56.310918294270834,0.005818074851470911,4.4419433333878615,56.310918294270834
67,1000,5.210909645657967,0.6663679680424496,0.6685038044445204,56.82907085503472,0.44661879541849775,5.210909645657967,56.82907085503472
67,749,7.447330697558457,0.337801428595745,0.6686778765933208,58.523432562934026,0.404740155603949,7.447330697558457,58.523432562934026
67,562,8.953290662366058,1.1633645296409865,0.6680225018016934,60.393204101562496,2.041037784477586,8.953290662366058,60.393204101562496
67,421,11.680972115235953,1.5173467252122543,0.667856455815305,62.18448777488426,1.4135703388169176,11.680972115235953,62.18448777488426
67,316,15.116763660047809,1.9844649074939609,0.6675813805123599,64.92591431568286,1.827260084703657,15.116763660047809,64.92591431568286
67,236,19.382257637991717,2.5255066325318367,0.6673910632341623,69.81982530381944,4.218560239573621,19.382257637991717,69.81982530381944
67,273,19.820724974783577,0.03267255057355218,0.6693042863197571,70.3032116970486,0.03857384193696655,19.820724974783577,70.3032116970486
67,177,24.17602468334946,3.0722923028508773,0.6671458335996079,80.18036754918982,11.842407082562481,24.17602468334946,80.18036754918982
67,204,25.361203143298678,0.025802908571876965,0.6694687150204425,83.49597493489584,0.04983863165023145,25.361203143298678,83.49597493489584
67,133,28.026900888459547,2.190991766714958,0.6666324733093268,94.19667592592593,20.47131380932001,28.026900888459547,94.19667592592593
67,153,29.842666226188943,0.006916804050580289,0.6694583320693165,109.1200324435764,0.16245770230686876,29.842666226188943,109.1200324435764
67,100,30.32410490440628,0.9138695121504746,0.665985021683254,110.35850906032987,21.56389284722145,30.32410490440628,110.35850906032987
67,86,31.18296395646454,,0.6651053304956921,102.99081781684026,0.5908351366096553,31.18296395646454,102.99081781684026
67,17,32.158214747569225,0.022386445023187523,0.6659210172646476,211.09936273871526,0.14076840733670695,32.158214747569225,211.09936273871526
67,19,32.21198719760553,0.02815078314800434,0.6657289583356986,208.87522667100689,0.46148480832567573,32.21198719760553,208.87522667100689
67,20,32.290451533499315,0.07174170514335418,0.665626409568904,206.92377398003472,0.36959959794795844,32.290451533499315,206.92377398003472
67,14,32.12377332293116,0.15142966615011436,0.6662850059572878,228.2433578559028,0.5880659309338548,32.12377332293116,228.2433578559028
67,13,32.05403250440922,0.02895524854180845,0.6666404165313154,229.96776410590277,0.4306782877322068,32.05403250440922,229.96776410590277
67,10,32.1593218620903,0.024791241342291045,0.6668142042556324,238.93966482204863,0.17538229096642377,32.1593218620903,238.93966482204863
67,8,32.2041535655832,0.06416584056567164,0.667743665951074,244.30830132378472,0.4854575036712995,32.2041535655832,244.30830132378472
67,7,32.30859175799985,0.10172784270851627,0.6677782781092031,243.6027853732639,0.1524991406359927,32.30859175799985,243.6027853732639
67,5,32.658631303129226,0.0211546366688478,0.6674836659712785,238.1759074435764,0.7778269973387814,32.658631303129226,238.1759074435764
67,3,32.58275003077912,0.02963533112720554,0.666527364757708,242.28980262586808,0.07276303331392041,32.58275003077912,242.28980262586808
67,1,32.6286083174739,0.016887901781718527,0.6664542005962878,250.99741905381947,0.32099901573206874,32.6286083174739,250.99741905381947
67,0,32.60208797040068,0.010266116105679615,0.6667268388196733,250.9524267578125,0.5187731039842907,32.60208797040068,250.9524267578125
68,100000,0.06905689333300441,0.0024368378926777406,0.679544842160636,56.73722384982639,0.016001212727533073,0.06905689333300441,56.73722384982639
68,31622,0.20010092383964623,0.022821237645613595,0.6794885154703394,56.478702650282116,0.050751170041338146,0.20010092383964623,56.478702650282116
68,3162,1.6001274716281104,,0.684715214469099,55.501120659722226,0.025829555869710228,1.6001274716281104,55.501120659722226
68,421,10.637375693321566,0.02196119857478801,0.6844040723752962,61.16982172309027,0.021455476491271608,10.637375693321566,61.16982172309027
68,316,13.709326062056185,0.02358861776665395,0.6844918773269848,63.46022330729167,0.026541743281884595,13.709326062056185,63.46022330729167
68,236,17.553951211530666,0.010582149920983597,0.6841798645622271,66.17742556423612,0.0343273635805789,17.553951211530666,66.17742556423612
68,177,21.825991557467876,0.011515531014287716,0.6838655857682608,71.2001687282986,0.021608265566303856,21.825991557467876,71.2001687282986
68,133,26.47906702484481,0.035337588997985,0.6834703577636217,78.0008911675347,0.010302306871056106,26.47906702484481,78.0008911675347
68,115,28.569776344752114,0.023761966700294825,0.683462306778084,84.54625542534721,0.053498257888259106,28.569776344752114,84.54625542534721
68,100,29.94885965705434,0.01101173343699991,0.6830200120696448,92.80113292100695,2.920321745335279,29.94885965705434,92.80113292100695
68,86,31.48573075449148,0.015361654198281074,0.6821324704626118,105.14423860677084,0.0498787425025132,31.48573075449148,105.14423860677084
68,74,31.636377217307416,0.014836029415675732,0.6819025920470074,114.83856727430556,1.960091088815402,31.636377217307416,114.83856727430556
68,70,31.676460890475838,0.01217899794571955,0.6816840504401115,115.87984483506943,0.17992886888469878,31.676460890475838,115.87984483506943
68,68,31.790469408196614,0.1380652465422745,0.6818045785098255,116.68357606336804,0.3759745136753485,31.790469408196614,116.68357606336804
68,66,31.659222611871126,0.010031621915991714,0.6816883479875834,117.61865874565973,0.015101670506041567,31.659222611871126,117.61865874565973
68,65,31.691221337049715,0.037495641938453776,0.6816166353998628,118.18070963541668,0.09049207154265283,31.691221337049715,118.18070963541668
68,63,32.30612025665329,0.047853478727437254,0.681063275601372,137.06612858072916,0.1979942261499518,32.30612025665329,137.06612858072916
68,61,32.35815758078977,0.03364882192581236,0.6807466345132589,142.3082654079861,0.13633529241125808,32.35815758078977,142.3082654079861
68,60,32.405861413530985,0.011011312086179184,0.6806435515134474,143.12358441840277,0.026799847874628857,32.405861413530985,143.12358441840277
68,58,32.37214300493139,0.03179935220255018,0.6805598942334914,145.17953125,0.06685786819713346,32.37214300493139,145.17953125
68,55,32.376881299426536,0.06233874969056522,0.6804791966211038,147.31766493055557,0.23353530173140896,32.376881299426536,147.31766493055557
68,47,32.29613778396613,0.014341991318901204,0.6801553077186725,153.3403232421875,0.20964554630449445,32.29613778396613,153.3403232421875
68,41,32.25415746635404,0.0059722208382343555,0.680083009667196,157.11372309027777,0.47088933000286703,32.25415746635404,157.11372309027777
68,37,32.275320140401924,0.03355469407851204,0.6801387939389091,159.76331217447915,0.38923214713243776,32.275320140401924,159.76331217447915
68,35,32.210781734217534,0.00884796582296508,0.6801219074407548,161.36432617187498,0.015842945216398542,32.210781734217534,161.36432617187498
68,33,32.229480222233185,0.02953043744248428,0.6800518703307451,162.82731336805557,0.26145623217572017,32.229480222233185,162.82731336805557
68,32,32.184860194100914,0.016484138480191528,0.6800862709688397,163.16506618923611,0.17141284635417553,32.184860194100914,163.16506618923611
68,31,32.42843389837143,0.025101201395061445,0.6801331704250518,180.22172808159723,0.0439146661469775,32.42843389837143,180.22172808159723
68,29,32.44720530452976,0.038024647716396985,0.6802326525603021,187.41620692274307,0.22638767921659256,32.44720530452976,187.41620692274307
68,28,32.376088873677055,0.08905015523426582,0.6803467762235634,188.09967513020834,0.14390466338680807,32.376088873677055,188.09967513020834
68,26,32.4976525330601,0.15439922358059097,0.6801464005582442,190.107,0.7730680436171895,32.4976525330601,190.107
68,23,32.36219488483533,0.005680577083141443,0.6802624272319547,192.20962261284726,0.16822927390972567,32.36219488483533,192.20962261284726
68,22,32.333636314275815,0.016832079955166886,0.680366106236049,193.7863263888889,0.28057260152636043,32.333636314275815,193.7863263888889
68,20,32.34751329633631,0.03173124984377075,0.6805160976185887,212.68511002604168,0.225533220289328,32.34751329633631,212.68511002604168
68,19,32.34048468682602,0.017776236730957594,0.6804229240383869,215.33528168402776,3.2175458903715883,32.34048468682602,215.33528168402776
68,17,32.295057151876826,0.022302850318305784,0.6807664629184419,215.35426171875,0.2291913435087153,32.295057151876826,215.35426171875
68,15,32.11368750713812,0.13473042295505555,0.680716080974379,223.42303038194447,1.2515425346250237,32.11368750713812,223.42303038194447
68,14,32.195398885398134,0.06809519524840259,0.6805291354139634,228.6038366970486,0.04257630956836071,32.195398885398134,228.6038366970486
68,13,32.16917714121822,0.09415861197449396,0.6808389366991677,230.22459819878472,0.7121053453851804,32.16917714121822,230.22459819878472
68,10,32.06549467789373,0.01117563470659952,0.6812187938219965,239.9096201171875,3.8902349358260424,32.06549467789373,239.9096201171875
68,7,32.25753505005293,0.03785806449414365,0.6820215958607193,239.58441438802083,0.6954191527548069,32.25753505005293,239.58441438802083
68,5,32.60185024858556,0.005876525910821333,0.6817980883450492,232.78899338107644,0.1862082728593671,32.60185024858556,232.78899338107644
68,3,32.46021299949714,0.028164764019944402,0.681098631789523,242.06551649305553,3.98587005004374,32.46021299949714,242.06551649305553
68,1,32.4943349740634,0.01593644795152923,0.6811371448518262,244.35029383680558,0.7600724825042715,32.4943349740634,244.35029383680558
68,0,32.49852737965763,0.02834164983828977,0.6811582937750712,244.57739952256944,0.48572484019506995,32.49852737965763,244.57739952256944
70,100000,0.07014884726924059,0.006301103907392049,0.701284920071941,56.753364908854174,0.05247511615971292,0.0,56.753364908854174
70,100000,0.07014884726924059,0.006301103907392049,0.701284920071941,56.753364908854174,0.05247511615971292,0.07014884726924059,56.753364908854174
70,31622,0.17036127494510866,0.0005635877848755945,0.6972393065323608,56.536662434895824,0.028958875833083434,0.17036127494510866,56.536662434895824
70,10000,0.5616003586688997,0.000890360641476322,0.7039476619505401,56.03187207031251,0.028930922309710446,0.5616003586688997,56.03187207031251
70,5623,0.9599315253566149,0.001097760416652576,0.7027333809757191,55.79517816840278,0.04069144685979184,0.9599315253566149,55.79517816840278
70,3162,1.7169250496915145,0.010255018923384105,0.7024188054223943,55.46792003038195,0.0623397329400353,1.7169250496915145,55.46792003038195
70,1778,2.9789549214600335,0.0018587427840879402,0.7020545873470735,55.747304144965284,0.16912701543892703,2.9789549214600335,55.747304144965284
70,1000,5.120972625338065,0.001671300777558154,0.702147724672848,56.63157660590278,0.018641741466915447,5.120972625338065,56.63157660590278
70,749,6.702519316918935,0.003264138759877524,0.7019936022474806,57.873907986111114,0.0464852014705919,6.702519316918935,57.873907986111114
70,562,8.725562368928763,0.0018052233396863783,0.7016885743431002,59.434736002604176,0.00946366126727116,8.725562368928763,59.434736002604176
70,421,11.336168557905102,0.028653854004824092,0.7012022212571106,61.676753255208325,0.03639480175499342,11.336168557905102,61.676753255208325
70,316,14.57918571046809,0.012108860927800771,0.7008688037059415,63.725619791666674,0.0099685658298687,14.57918571046809,63.725619791666674
70,236,18.66014890562351,0.012483399998639502,0.7009563923886099,67.06217643229166,0.07083455956613399,18.66014890562351,67.06217643229166
70,177,22.98739128865476,0.01032248708682968,0.7007120273780725,71.95037934027778,0.09235473440416758,22.98739128865476,71.95037934027778
70,153,25.472827263858772,0.039392648907816144,0.7002834033432966,75.59806618923612,0.030919373600833175,25.472827263858772,75.59806618923612
70,133,27.67369177354237,0.03382036633213087,0.7001635701413703,81.19172482638889,0.041986779799484335,27.67369177354237,81.19172482638889
70,115,29.360038390549818,0.023117999090867248,0.6998115992862893,87.26389127604166,0.028856810265738976,29.360038390549818,87.26389127604166
70,100,30.493102343998743,0.03065369297696074,0.6991295375842267,93.04195692274307,0.11619081898788229,30.493102343998743,93.04195692274307
70,86,31.618326439316434,0.031529490051056,0.6974112582086196,105.43796365017361,0.1364437597260199,31.618326439316434,105.43796365017361
70,74,31.635825244428833,0.006372210816045951,0.6970944109241185,109.87126128472222,0.034851827778713595,31.635825244428833,109.87126128472222
70,70,31.63658316134729,0.010850637965550573,0.6969323124645835,111.43866764322918,0.037488941216460625,31.63658316134729,111.43866764322918
70,68,31.64594246122694,0.008346354766944808,0.6967575618670062,112.0332878689236,0.11402986292825558,31.64594246122694,112.0332878689236
70,63,32.12093293678385,0.0015223630030918062,0.6959742740737044,124.27074815538192,0.0888257986564707,32.12093293678385,124.27074815538192
70,58,32.15016134319541,0.01471237764952292,0.6956704895624943,129.95364984809027,0.1749999588210249,32.15016134319541,129.95364984809027
70,55,32.12033708911829,0.04485792104804813,0.6961955774201343,131.29735210503475,0.17431998793758297,32.12033708911829,131.29735210503475
70,47,32.06526286535662,0.022804362864889998,0.6952434117941756,135.1882900390625,0.04704564356544731,32.06526286535662,135.1882900390625
70,13,32.3218928808198,0.09286443251485532,0.6951156788947497,220.88245692274305,0.6389347219792415,32.3218928808198,220.88245692274305
70,8,32.33640568677893,0.010576607269186314,0.6953995672090151,234.2540137803819,0.14296042839225362,32.33640568677893,234.2540137803819
70,7,32.37339097468551,0.028624106839460744,0.6955821139086419,233.92511414930559,0.3214603456625626,32.37339097468551,233.92511414930559
70,5,32.64468681039846,0.04364996266436751,0.6951258755202031,226.79912152777777,0.22268474611019912,32.64468681039846,226.79912152777777
72,100000,0.06059626179616278,0.011205973569805534,0.719823132176922,56.777557074652776,0.022485713876318956,0.0,56.777557074652776
72,100000,0.06059626179616278,0.011205973569805534,0.719823132176922,56.777557074652776,0.022485713876318956,0.06059626179616278,56.777557074652776
72,31622,0.19514624932841992,0.00042049869793666067,0.7236110685701002,56.530800021701396,0.05289334707221326,0.19514624932841992,56.530800021701396
72,10000,0.5990934243679814,0.003832826572416001,0.7197539837836916,55.99711751302083,0.007347581640280669,0.5990934243679814,55.99711751302083
72,5623,1.0311017750476001,0.004090109686189661,0.7193564202133319,55.75128266059028,0.038023889207828926,1.0311017750476001,55.75128266059028
72,3162,1.831290897875028,0.00391000008534538,0.7184418156976027,55.44344303385417,0.040739690043280895,1.831290897875028,55.44344303385417
72,1778,3.1804765098494507,0.006901984842301935,0.7184756485866747,55.63973372395833,0.009734291774342978,3.1804765098494507,55.63973372395833
72,1000,5.428582090273011,0.008991659015720046,0.7182455297333573,56.84555978732639,0.07551272441419876,5.428582090273011,56.84555978732639
72,749,7.060866307005488,0.005037998414582384,0.7181979103887821,58.191,0.03342570812629334,7.060866307005488,58.191
72,562,9.18046771458437,0.0024168942579509745,0.7178519015787957,59.7718800998264,0.009620083021318143,9.18046771458437,59.7718800998264
72,421,11.883082054572332,0.010170597102441706,0.7177868820141423,62.08978526475695,0.03936588758668559,11.883082054572332,62.08978526475695
72,316,15.250604985218786,0.022509589672877754,0.7176022900755358,64.23894835069444,0.04893417413173479,15.250604985218786,64.23894835069444
72,236,19.35409310779241,0.02470099160723372,0.7176266283002307,69.09593717447916,2.7926532235161545,19.35409310779241,69.09593717447916
72,177,23.65451576888957,0.020581481529960498,0.717178109836167,72.14831022135417,0.04492543925157248,23.65451576888957,72.14831022135417
72,153,26.187661246640506,0.007381197034473217,0.716863960499959,76.55359060329862,0.07852447374900895,26.187661246640506,76.55359060329862
72,133,28.1302645842469,0.035883720603372735,0.7165792151509667,81.4784064670139,0.1573815444066018,28.1302645842469,81.4784064670139
72,115,29.76949016417122,0.03703678710644729,0.7162331280313902,87.31244509548611,0.05124666121064968,29.76949016417122,87.31244509548611
72,100,30.78767941877707,0.027909810861377105,0.7155340240576936,92.36102918836805,0.1836379090428097,30.78767941877707,92.36102918836805
72,63,32.4517988270001,,0.724881478724864,116.12827560763888,0.0052499747334551075,32.4517988270001,116.12827560763888
72,58,32.78063041000977,0.44963182679549146,0.7244677229326323,120.07950065104166,0.13830705709158717,32.78063041000977,120.07950065104166
72,55,32.551965086547334,0.041564549627807756,0.7241216594477784,121.91927604166666,0.12184755559411603,32.551965086547334,121.91927604166666
72,47,32.606517447590925,0.024262259360258227,0.7230424565654593,127.93232411024307,0.021741359432414124,32.606517447590925,127.93232411024307
72,41,32.6107889148173,0.039663575998221894,0.7225476017525185,130.8528189019097,0.1317772164723197,32.6107889148173,130.8528189019097
72,37,32.60854796575606,0.02853616061782251,0.7221084025552075,133.20789496527777,0.05983899822386996,32.60854796575606,133.20789496527777
72,35,32.49743578660482,0.03562635595857625,0.7219487988090991,132.00405219184026,0.09691415888697079,32.49743578660482,132.00405219184026
72,33,32.59904060053742,0.00847461192124238,0.7219339406720523,135.63975325520832,0.06130653161585159,32.59904060053742,135.63975325520832
72,32,32.606647421087445,0.023084000473447767,0.7217450910680938,136.3694685329861,0.10614929089483852,32.606647421087445,136.3694685329861
72,31,32.96865399509762,0.09338446548093929,0.7213828503673924,151.25596907552082,0.35342606356501305,32.96865399509762,151.25596907552082
72,29,32.927454402698835,0.0145201662386981,0.7211716506532895,156.8089113498264,0.15610151586325194,32.927454402698835,156.8089113498264
72,28,32.92532421365271,0.009658875214569141,0.7212627004219913,157.7561691623264,0.019044372637146114,32.92532421365271,157.7561691623264
72,26,32.93236513203223,0.027866000977318766,0.7212189298483663,159.17308213975696,0.2811762979999498,32.93236513203223,159.17308213975696
72,23,32.886597882598075,0.0067700549863453086,0.7211039186594319,162.69015928819445,0.09160151847102235,32.886597882598075,162.69015928819445
72,22,32.94213651314028,0.01754898761653773,0.7210646780578069,163.37041872829863,0.21888153389585582,32.94213651314028,163.37041872829863
72,20,32.92023260637392,0.010755918210967566,0.7213933324857248,183.876234375,0.05393356944950497,32.92023260637392,183.876234375
72,19,32.95081432717512,0.027166865860044458,0.7213726288177259,184.8528501519097,0.26553486355715383,32.95081432717512,184.8528501519097
72,17,32.888310525613655,0.008699828486347835,0.7214533461523404,187.94236154513888,0.1587590656286345,32.888310525613655,187.94236154513888
72,15,32.85858097035001,0.0075072182346497,0.7218247746689451,200.8213178168403,0.24327355468560335,32.85858097035001,200.8213178168403
72,14,32.82976715890883,0.03442007936042879,0.722059151877572,206.22684505208335,0.41464558067200036,32.82976715890883,206.22684505208335
72,13,32.81920134878007,0.006421488767389049,0.7220979230288164,206.78444824218752,0.04076599776091109,32.81920134878007,206.78444824218752
72,11,32.71987288553261,0.028919045886517728,0.7218918768787702,216.59185177951386,0.36763201698373177,32.71987288553261,216.59185177951386
72,10,32.67431356104982,0.010672199736568359,0.7220723199415783,217.6302185329861,0.19668096603370191,32.67431356104982,217.6302185329861
72,8,32.548603024146594,0.021941571189328043,0.7207071090284295,225.98480457899305,0.5217156365541439,32.548603024146594,225.98480457899305
72,7,32.5147735408409,0.010157068867812114,0.7205986692001886,225.43917523871528,0.34022985208382667,32.5147735408409,225.43917523871528
72,5,32.70279221923456,0.011744237153839866,0.7200091516345549,220.04447374131942,0.036043714438426015,32.70279221923456,220.04447374131942
72,3,32.5222865986486,0.010682223540908335,0.719524646240227,222.769990234375,0.25720306612982274,32.5222865986486,222.769990234375
72,1,32.59755789417678,0.04648068271529746,0.7195909885004347,223.100908203125,0.4072492743263796,32.59755789417678,223.100908203125
72,0,32.59019629336197,0.024433256121237083,0.7196465801693175,223.37817296006946,0.3715186288286835,32.59019629336197,223.37817296006946
73,100000,0.06284959281155893,0.0047488315683827465,0.7288327717338873,56.78045876736112,0.0669094515532123,0.0,56.78045876736112
73,100000,0.06284959281155893,0.0047488315683827465,0.7288327717338873,56.78045876736112,0.0669094515532123,0.06284959281155893,56.78045876736112
73,5623,0.8867923287461413,0.0015561874708744483,0.733684724717388,55.829998155381936,0.013973191040421594,0.8867923287461413,55.829998155381936
73,3162,1.572495808248724,0.0007962883101568278,0.7336209948783422,55.568854166666675,0.03938880155369106,1.572495808248724,55.568854166666675
73,1778,2.7596987244308124,0.0038299824604239056,0.7333895615995208,55.534333875868064,0.014755187278505489,2.7596987244308124,55.534333875868064
73,1000,4.738796364808715,0.001042849616357954,0.7333563671345461,56.372729817708326,0.004497074954385833,4.738796364808715,56.372729817708326
73,749,6.20948725939492,0.0029020883261222236,0.7333423414862202,57.31756456163195,0.00576962556223681,6.20948725939492,57.31756456163195
73,562,8.08933780331468,0.015277737757124835,0.7330827521705393,58.873277669270834,0.02124860977661424,8.08933780331468,58.873277669270834
73,421,10.531076258722484,0.014605224824336162,0.7326936005194117,60.868071180555546,0.0026150757088279223,10.531076258722484,60.868071180555546
73,316,13.61287744442375,0.02697032241109306,0.7326250142855747,63.009736545138885,0.031820865808241026,13.61287744442375,63.009736545138885
73,236,17.597201661444156,0.026958731998746873,0.732322075234377,65.57564442274307,0.02267554089166502,17.597201661444156,65.57564442274307
73,177,21.921218905926164,0.04436748188989884,0.7321900189460359,69.87582508680556,0.07592307813109052,21.921218905926164,69.87582508680556
73,133,26.59396511691413,0.018504123426122916,0.7314495301108123,77.0716017795139,0.09175486835677156,26.59396511691413,77.0716017795139
73,115,28.79838773639821,0.025676663497606864,0.7311834601961169,82.15657280815971,0.0325879458804566,28.79838773639821,82.15657280815971
73,100,30.206777971050496,0.014950532551812858,0.7305130888188959,87.94988986545138,0.11600141776355655,30.206777971050496,87.94988986545138
73,86,31.59018689245428,0.040944091197790126,0.7285765657967046,98.40478515625,0.05205455010430073,31.59018689245428,98.40478515625
73,74,31.95947794763339,0.010619023215632423,0.7275623357109314,103.44788530815974,0.030261492768296226,31.95947794763339,103.44788530815974
73,70,31.975276723788088,0.006003291035169132,0.727002386913319,105.04682866753473,0.061192165241796444,31.975276723788088,105.04682866753473
73,68,31.9915029757228,0.012403844449587038,0.726925433211005,105.27820724826388,0.05997217213160323,31.9915029757228,105.27820724826388
73,35,32.72607346869407,0.008287601091535559,0.7348548752923563,128.00120909288196,0.09259719673036924,32.72607346869407,128.00120909288196
73,33,32.76440444181561,0.10131219483290586,0.734623798535586,129.08772667100695,0.06253330249360158,32.76440444181561,129.08772667100695
73,32,32.680345369883916,0.008733968405673559,0.734522287988217,129.58772450086806,0.023401597323439518,32.680345369883916,129.58772450086806
73,31,33.00609319444462,0.029831854435217322,0.7341028468632219,142.50367100694442,0.12265886588893396,33.00609319444462,142.50367100694442
73,29,32.985783915127456,0.0266389070852451,0.7336983330346957,149.49686610243054,0.10228680645661466,32.985783915127456,149.49686610243054
73,28,32.97275539166713,0.037243969777246554,0.7334122372030117,150.15027354600696,0.2889434561741785,32.97275539166713,150.15027354600696
73,26,32.97163344627482,0.007328391497944676,0.7333548290753416,152.36357747395834,0.04603166627172321,32.97163344627482,152.36357747395834
73,23,32.9224506523589,0.005534240629312387,0.7333966091849002,154.7553488498264,0.08873814001541994,32.9224506523589,154.7553488498264
73,22,32.91013444038149,0.02696762949316321,0.7333977792843119,155.12925358072917,0.5001057209668888,32.91013444038149,155.12925358072917
73,20,32.97624747179594,0.009471443169444439,0.7337293407374812,176.1026640625,0.0504227912261708,32.97624747179594,176.1026640625
73,19,32.944841617111436,0.013740203049619,0.7339080486124147,177.0954474826389,0.3898774281767246,32.944841617111436,177.0954474826389
73,17,32.92424941513648,0.018560324464019937,0.7337453567022836,180.36058138020834,0.15525740279775618,32.92424941513648,180.36058138020834
73,15,32.91985120294175,0.017822546134310245,0.7343619029608254,194.06703309461804,0.2184383364498476,32.91985120294175,194.06703309461804
73,14,32.85421451761933,0.005306139110881713,0.7345806806644933,200.29372233072914,0.1976088922152953,32.85421451761933,200.29372233072914
73,13,32.837090184500624,0.010475722816030363,0.7346417700033431,201.57273209635414,0.015418450893187932,32.837090184500624,201.57273209635414
73,11,32.69744430515865,0.034302952128082764,0.734744013799839,213.99845399305556,0.15453010821709753,32.69744430515865,213.99845399305556
73,10,32.672133227874845,0.02779825302177322,0.7345213342620299,214.76798426649307,0.2734986020306462,32.672133227874845,214.76798426649307
73,5,32.62431960695806,0.04216187586982008,0.7316747653700449,220.8879577907986,4.889150881017786,32.62431960695806,220.8879577907986
73,3,32.48383202199941,0.01527540406031666,0.7310362628910014,219.01079698350694,0.10930235368788997,32.48383202199941,219.01079698350694
73,1,32.47365175554582,0.12921183514150036,0.7309471706885935,219.05655729166665,0.14214516084360662,32.47365175554582,219.05655729166665
73,0,32.5112953962323,0.012030393446929516,0.7310512744616741,219.8006189236111,0.4680276753638887,32.5112953962323,219.8006189236111
75,100000,0.05720610000340635,0.0004549105441177416,0.7481859267466312,56.821497070312496,0.011973535818703218,0.0,56.821497070312496
75,100000,0.05720610000340635,0.0004549105441177416,0.7481859267466312,56.821497070312496,0.011973535818703218,0.05720610000340635,56.821497070312496
75,31622,0.18169972856807323,0.003167661737370624,0.7507959717275007,56.59463747829861,0.01594363805495232,0.18169972856807323,56.59463747829861
75,10000,0.5514599433713815,0.0024324473562751794,0.7494317450851792,56.11650661892361,0.020465150214934155,0.5514599433713815,56.11650661892361
75,1778,2.9130889806639253,0.0034621128766124188,0.7480557247705949,55.57433485243055,0.01873335944027867,2.9130889806639253,55.57433485243055
75,1000,5.013195092756119,0.009278759805050104,0.7481073757218027,56.46660904947917,0.017755186445527486,5.013195092756119,56.46660904947917
75,749,6.55564086160616,0.007086735569724001,0.7479494328844712,57.56506966145833,0.04047560386534874,6.55564086160616,57.56506966145833
75,562,8.482550640388272,0.006103765424946251,0.7477020371639241,59.19288335503472,0.01573625755671734,8.482550640388272,59.19288335503472
75,421,10.989667889664696,0.01819755470697602,0.7473540882306947,61.325564670138895,0.013985355295320199,10.989667889664696,61.325564670138895
75,316,14.165533028751549,0.08587550527058949,0.7476618810028728,63.42529014756945,0.05567119252422691,14.165533028751549,63.42529014756945
75,236,18.012038066764077,0.0038350969971155872,0.7474227577634845,65.98598806423611,0.07235388140064844,18.012038066764077,65.98598806423611
75,177,22.303299461103265,0.0215088308546865,0.7468845338192679,70.03594053819444,0.03212070827016105,22.303299461103265,70.03594053819444
75,133,27.022757610993484,0.01089484701714232,0.7462074971054556,76.84244683159723,0.10203635662688847,27.022757610993484,76.84244683159723
75,115,28.99353408403213,0.025844578835876014,0.7460139722257924,83.46094509548611,2.0163744920407383,28.99353408403213,83.46094509548611
75,100,30.320538157371487,0.0325347867350728,0.7454095356974139,87.08379524739583,0.043869760347160405,30.320538157371487,87.08379524739583
75,22,32.42193173588771,0.04384739478547298,0.7544521823155996,158.2009672309028,0.13241630546001407,32.42193173588771,158.2009672309028
75,23,32.469688094641626,0.018509015001472964,0.75489923041492,157.20029199218752,0.22234510661861043,32.469688094641626,157.20029199218752
75,17,32.772222889629575,0.24106744361891613,0.7499760455223685,179.85111452907987,8.481456711460055,32.772222889629575,179.85111452907987
75,19,32.81274053066792,0.24872622111370923,0.7489551323673488,177.15687478298608,8.876047305835156,32.81274053066792,177.15687478298608
75,11,32.82956540412639,0.026221851644071856,0.7463462195498521,209.69887500000002,0.09279302674273264,32.82956540412639,209.69887500000002
75,63,32.897422261545444,0.05023675669264267,0.7511664735722673,112.13423057725696,0.09532584268664267,32.897422261545444,112.13423057725696
75,14,32.90577652541656,0.1921686579010254,0.7497426974922089,203.2721238064236,9.758953229291476,32.90577652541656,203.2721238064236
75,41,32.99387133560928,0.008218560407127328,0.7468911992849611,123.12410959201388,0.012840336925276866,32.99387133560928,123.12410959201388
75,55,33.03319484169568,0.06080837188320874,0.7492331601387926,117.65100835503472,0.3542373960078317,33.03319484169568,117.65100835503472
75,35,33.08329506831367,0.03106763596744361,0.7457318792545901,127.18358572048612,0.1406411490068659,33.08329506831367,127.18358572048612
75,32,33.11064192415291,0.004020743207993169,0.7455774845263697,128.65370106336806,0.085388696188074,33.11064192415291,128.65370106336806
75,33,33.11720371475744,0.012397918348452289,0.7457333356837442,128.1756806640625,0.17518754925973087,33.11720371475744,128.1756806640625
75,37,33.13937895183279,0.010878347068560985,0.7460279310337489,126.58199641927085,0.049057076462028615,33.13937895183279,126.58199641927085
75,47,33.171855523781865,0.02478770168538727,0.7474465685043991,122.44135753038195,0.11087996470387541,33.171855523781865,122.44135753038195
75,5,33.00928593485799,0.07237462900621082,0.7531705236918914,215.11046647135416,0.592069279078445,33.00928593485799,215.11046647135416
75,3,32.76331791555865,0.04065879171202053,0.7485533338117857,211.44158940972224,0.09729313874928068,32.76331791555865,211.44158940972224
75,1,32.80963023172691,0.03275598381707547,0.7485667077342426,211.64153841145833,0.2621947485357166,32.80963023172691,211.64153841145833
75,0,32.850714940747494,0.14328193871003794,0.7483937535009574,211.758494140625,0.9342187400507664,32.850714940747494,211.758494140625
76,100000,0.06908017321580043,0.0010405032136079776,0.7623907208604686,56.79929155815972,0.05471972253784311,0.0,56.79929155815972
76,100000,0.06908017321580043,0.0010405032136079776,0.7623907208604686,56.79929155815972,0.05471972253784311,0.06908017321580043,56.79929155815972
76,31622,0.20353259157186174,0.0025658864700565413,0.7628526377877431,56.60652929687501,0.04365634323955691,0.20353259157186174,56.60652929687501
76,10000,0.6232925437181219,0.00566822953845361,0.7622989184915684,56.09326399739584,0.013154324005733414,0.6232925437181219,56.09326399739584
76,5623,1.0500210301795951,0.0008487923701629187,0.7622535980175308,55.81172178819444,0.029915492342614355,1.0500210301795951,55.81172178819444
76,3162,1.8782315110117207,0.0014773693486616723,0.761799816233002,55.41883865017362,0.02542438933054944,1.8782315110117207,55.41883865017362
76,1778,3.2468522224270964,0.0012047761855871397,0.7620548560662641,55.556743598090286,0.00038136836833515587,3.2468522224270964,55.556743598090286
76,1000,5.5595201491006385,0.0032963329960307678,0.7622490960780574,56.82522059461806,0.07604532658192317,5.5595201491006385,56.82522059461806
76,749,7.229651174294624,0.005926351630115948,0.7621072443388767,58.20047732204861,0.1066228364505723,7.229651174294624,58.20047732204861
76,562,9.378344083882302,0.004429903891102645,0.762136055701402,59.84437934027778,0.020479159105397653,9.378344083882302,59.84437934027778
76,421,12.131576988879962,0.013804946117707065,0.7617390437591047,63.645484375,2.8419195083502267,12.131576988879962,63.645484375
76,316,15.44240572353376,0.01672932928945553,0.7613570123494577,64.33112890625,0.08513160885740119,15.44240572353376,64.33112890625
76,236,19.355789091783294,0.0074484404017378806,0.7616084208878262,67.60382866753473,0.13673728944563068,19.355789091783294,67.60382866753473
76,177,23.89762609359275,0.03688757354104726,0.7610894104924638,71.57887065972221,0.12639737165166307,23.89762609359275,71.57887065972221
76,153,26.40782601993916,0.0066898787643991375,0.7610387185473616,74.7911884765625,0.0816620466203601,26.40782601993916,74.7911884765625
76,133,28.440083247924814,0.005880188924038557,0.7608242435875744,79.73580826822916,0.07207455925067693,28.440083247924814,79.73580826822916
76,115,30.025684905612664,0.029094616610659818,0.7604145906769609,84.46889127604167,0.06544097520098652,30.025684905612664,84.46889127604167
76,107,30.616068869603822,0.009787172359788028,0.7600460711738798,86.59357595486112,0.07707054766310148,30.616068869603822,86.59357595486112
76,100,31.097289886187838,0.008993846916388184,0.7598275022366549,88.55409939236112,0.07266534668290398,31.097289886187838,88.55409939236112
76,92,32.3088654535272,0.023757011420475024,0.7576327563495234,96.26127419704862,0.03153325972453171,32.3088654535272,96.26127419704862
76,86,32.084597812303194,0.014581572602561174,0.7561402597261507,98.72990429687498,0.12028835344876808,32.084597812303194,98.72990429687498
76,74,32.47468419578219,0.03814978788189644,0.7552601808075277,101.94246050347222,0.17791483775748268,32.47468419578219,101.94246050347222
76,35,32.188463171171435,0.013418651369553966,0.7648821350699869,132.09739366319445,0.1091483404974101,32.188463171171435,132.09739366319445
76,33,32.26831817486204,0.14063916595428372,0.7644506522312683,132.62706119791667,0.4595123628617669,32.26831817486204,132.62706119791667
76,32,32.198407089544034,0.005215004132940226,0.7638750686087189,133.722150390625,0.2521488949637512,32.198407089544034,133.722150390625
76,31,32.44433854179791,0.026212979769635658,0.7580971193872249,145.80246950954862,0.037287852283411464,32.44433854179791,145.80246950954862
76,29,32.4760740546535,0.023648269549260078,0.7566601405808578,152.94022146267363,0.14205986243908028,32.4760740546535,152.94022146267363
76,28,32.46808419881186,0.03125371001707069,0.7563454319300879,153.44177441406248,0.0323539788297557,32.46808419881186,153.44177441406248
76,26,32.49010389853146,0.0545050981866422,0.7557119640082953,154.98311935763888,0.2131258440371722,32.49010389853146,154.98311935763888
76,11,32.664178378507096,0.05440972136997767,0.755487256692934,225.7924334852431,0.17340919122931944,32.664178378507096,225.7924334852431
76,10,32.6258309397137,0.054961075722451215,0.7555321354025312,225.63004047309028,0.24489871072737032,32.6258309397137,225.63004047309028
76,8,32.66934093721587,0.014440159002297382,0.7555349906919724,225.68955186631942,0.0720685029198525,32.66934093721587,225.68955186631942
76,7,32.69310552901762,0.06142211847173701,0.7595284889407677,217.38830099826387,7.756891419034498,32.69310552901762,217.38830099826387
76,5,32.76705503738461,0.04057639696538489,0.7631756343430657,204.56541297743055,0.32978210693842447,32.76705503738461,204.56541297743055
76,3,32.80520903757034,0.016528756000968498,0.7632491739859351,200.63634299045137,0.14042323903635764,32.80520903757034,200.63634299045137
76,1,32.813445110991765,0.014589313892652899,0.7633152212207744,201.13143717447917,0.22465240898345099,32.813445110991765,201.13143717447917
76,0,32.844529340882076,0.02042296922401455,0.7632828838716352,201.26205425347223,0.15506265015929074,32.844529340882076,201.26205425347223
78,1000000,0.010961959058319039,,0.7809230411532202,56.958415256076385,0.0026340653712449962,0.0,56.958415256076385
78,1000000,0.010961959058319039,,0.7809230411532202,56.958415256076385,0.0026340653712449962,0.010961959058319039,56.958415256076385
78,100000,0.061202224776401075,0.008758745983345443,0.7822951622752112,56.81946359592013,0.02233227740910276,0.061202224776401075,56.81946359592013
78,31622,0.20166469490018074,0.022467278362614224,0.7802358623674952,56.59592545572917,0.00881321931612759,0.20166469490018074,56.59592545572917
78,10000,0.6358911963260666,0.0036271908430640988,0.7807284737949275,56.10740017361112,0.018509359438915206,0.6358911963260666,56.10740017361112
78,5623,1.090369452744258,0.0035667977099587645,0.7802842643471459,55.899468098958344,0.08212314103692572,1.090369452744258,55.899468098958344
78,3162,1.944738125789505,0.0038845094892760576,0.7804293680095054,55.475060004340286,0.03189168045535418,1.944738125789505,55.475060004340286
78,1778,3.366598297699973,0.005710014969324724,0.7806412241015525,57.42440668402778,2.9201778506477853,3.366598297699973,57.42440668402778
78,1333,4.443165431277529,0.003353039742908784,0.780997263158464,56.33236230468751,0.02100875995984593,4.443165431277529,56.33236230468751
78,1000,5.824982071092826,0.0007831361745453234,0.781021829499053,57.183864474826386,0.030060300395103594,5.824982071092826,57.183864474826386
78,749,7.664858589418762,0.00802106403608374,0.7812188333165655,58.67004155815972,0.024169569613587027,7.664858589418762,58.67004155815972
78,562,10.030952921869792,0.021221831667740006,0.781046223319538,60.71605946180555,0.016592539994682465,10.030952921869792,60.71605946180555
78,421,12.9831156400949,0.01326543567560819,0.7810585682171509,62.902055664062495,0.006063992407278601,12.9831156400949,62.902055664062495
78,316,16.92838763604303,0.00568282003665102,0.7807277965264313,64.97304427083334,0.035613699325677005,16.92838763604303,64.97304427083334
78,236,21.665567475240238,0.033859021042960034,0.7803725758670419,70.02949924045139,0.05369407837654048,21.665567475240238,70.02949924045139
78,204,24.465393513226044,0.04084652088479973,0.7804019878194003,74.61037662760417,0.13274567280836688,24.465393513226044,74.61037662760417
78,177,27.161998940362622,0.0185124337031779,0.7801864748055064,81.00582139756943,0.008326393011486664,27.161998940362622,81.00582139756943
78,153,29.553060386356076,0.03265285041009555,0.7796105959093355,89.66613096788195,0.12017212056942897,29.553060386356076,89.66613096788195
78,133,31.03957839187169,0.04398182112912969,0.7789367880321163,95.78290776909722,0.09941508974493452,31.03957839187169,95.78290776909722
78,115,31.819543793544497,0.0937779585996506,0.7767744135437242,100.31373524305555,0.20985825961989127,31.819543793544497,100.31373524305555
78,86,31.96795555167128,0.04141877403221038,0.7841243048144492,98.31826182725695,0.04427997735267038,31.96795555167128,98.31826182725695
78,74,32.0045833711971,0.009463191404320488,0.7815703026391857,103.68073470052086,0.05406502823796052,32.0045833711971,103.68073470052086
78,63,32.320941854741385,0.01065297568603107,0.77918872456954,112.78357085503472,0.04410815635842103,32.320941854741385,112.78357085503472
78,55,32.39597872655208,0.008290651480303304,0.7778235305646278,116.60177886284721,0.08570384806994484,32.39597872655208,116.60177886284721
78,47,32.35880509920951,0.023064389439411793,0.776015439631359,118.91411512586808,0.06773641922240388,32.35880509920951,118.91411512586808
78,41,32.31428760270991,,0.7750981553886022,120.59624761284722,0.01693654233012625,32.31428760270991,120.59624761284722
78,32,32.37861677562725,0.0033418255048031837,0.7846648960376784,117.74009581163193,0.09849331268310214,32.37861677562725,117.74009581163193
78,31,32.649009196990484,0.05930563771632402,0.7826877287533693,125.94103255208334,0.05966304947191323,32.649009196990484,125.94103255208334
78,29,32.723441000884435,0.009759796794950353,0.7809971274713988,130.5278420138889,0.030313732347350093,32.723441000884435,130.5278420138889
78,28,32.715373736497554,0.02618297476352764,0.7809167821808841,131.3017119140625,0.10477254036648186,32.715373736497554,131.3017119140625
78,26,32.737847267549085,0.03632546016108276,0.780151878772419,133.08396256510414,0.047593736077051405,32.737847267549085,133.08396256510414
78,23,32.72918801168405,0.008367936912500446,0.7793759468717879,135.31204112413195,0.06552974341100208,32.72918801168405,135.31204112413195
78,22,32.786295560168895,0.03688095640305569,0.7791526295649027,136.21302897135416,0.2695979188309702,32.786295560168895,136.21302897135416
78,20,33.05797887764671,0.018890706681981458,0.7772888870300477,160.1514697265625,0.13148143693534492,33.05797887764671,160.1514697265625
78,19,33.09743143787163,0.009557108237959905,0.776982223091049,161.7792340494792,0.22671653342098283,33.09743143787163,161.7792340494792
78,17,33.072655218798936,0.04504064905862148,0.776968595344115,164.928552734375,0.07433242934935515,33.072655218798936,164.928552734375
78,15,33.090294301024244,0.08067773671342439,0.7765865402340042,178.93328884548612,0.2630125290167624,33.090294301024244,178.93328884548612
78,14,33.114808291146566,0.04588446965556033,0.7763034081967929,190.1563599175347,0.1986317743902738,33.114808291146566,190.1563599175347
78,13,33.13016052213248,0.06451618678742774,0.7761033054030175,191.57995898437503,0.5265380197602668,33.13016052213248,191.57995898437503
78,11,32.899913088004006,0.0017808374703860385,0.7751616436603804,204.0071187065972,0.04703597785481143,32.899913088004006,204.0071187065972
78,1,33.44108570222112,0.016931422350176695,0.7841035306255781,197.20230533854166,0.0710623474305681,33.44108570222112,197.20230533854166
78,0,33.43329875156757,0.004876930531777047,0.7842621933477242,197.62211848958336,0.06308268348850077,33.43329875156757,197.62211848958336
79,1000000,0.010283228306400768,0.00036931058053618073,0.7918590914709258,56.870816840277776,0.01898958696412156,0.0,56.870816840277776
79,1000000,0.010283228306400768,0.00036931058053618073,0.7918590914709258,56.870816840277776,0.01898958696412156,0.010283228306400768,56.870816840277776
79,100000,0.059745349846064374,0.0003403433678751038,0.7893270911126801,56.869311740451394,0.014789738325527853,0.059745349846064374,56.869311740451394
79,31622,0.16708164949136484,0.0005161760319864769,0.7860044539118829,56.724049696180565,0.07561132649397127,0.16708164949136484,56.724049696180565
79,10000,0.5056162208468113,0.0008939003986895071,0.7877951672250146,56.28087944878473,0.0207324886358734,0.5056162208468113,56.28087944878473
79,5623,0.8694757583702177,0.0048986057726659125,0.7883856740913808,56.00207617187501,0.019391654794056877,0.8694757583702177,56.00207617187501
79,3162,1.526467562168138,0.003013665124957192,0.7884838465944467,55.63178634982639,0.02533343872736807,1.526467562168138,55.63178634982639
79,1778,2.700668490646862,0.005654985426386258,0.7892876721199911,55.53872612847223,0.028464875426380203,2.700668490646862,55.53872612847223
79,1333,3.537849483827344,0.0011669459488815655,0.7895057521427731,55.66240983072917,0.009512998962237715,3.537849483827344,55.66240983072917
79,1000,4.667086482199202,0.001756620512612566,0.789718053418401,56.17110091145833,0.0231341527015016,4.667086482199202,56.17110091145833
79,749,6.141327787949588,0.0020525149435806456,0.7900910024202243,57.19499338107639,0.0020825191771943366,6.141327787949588,57.19499338107639
79,562,8.069158257264801,0.004404435553629429,0.790094985486013,58.703642361111115,0.023835494097622114,8.069158257264801,58.703642361111115
79,421,10.606504079937709,0.013047668797121314,0.790278086130653,60.93272189670139,0.019906267189306655,10.606504079937709,60.93272189670139
79,316,13.807427731504989,0.011613437308987415,0.7902770646303546,63.449608723958335,0.026649885462533798,13.807427731504989,63.449608723958335
79,273,15.766300670563362,0.023497373546254807,0.7903964250093725,64.91170149739582,0.031450013833645166,15.766300670563362,64.91170149739582
79,236,17.88980731407714,0.009492392462094663,0.7905057378804043,66.4042648654514,0.014171683355678281,17.88980731407714,66.4042648654514
79,204,20.474881757906388,0.5568559119522919,0.7901911388348676,68.1104484592014,0.06914901554464797,20.474881757906388,68.1104484592014
79,177,22.828905869306364,0.09599967290466307,0.7907298043762993,70.44803515625,0.005873739472561326,22.828905869306364,70.44803515625
79,153,25.847954899558122,0.07315364284386748,0.7902000275315614,75.28077788628472,0.05829346402426845,25.847954899558122,75.28077788628472
79,133,28.37474116138289,0.01168452055799899,0.789446100468081,82.75343641493056,0.03903005445107052,28.37474116138289,82.75343641493056
79,115,30.119950962937377,0.016988040730525327,0.7884116924685897,90.2787255859375,1.7164495863558502,30.119950962937377,90.2787255859375
79,100,31.176464735914674,0.030417804525917722,0.7864167826526627,93.83375032552084,0.0816287658955861,31.176464735914674,93.83375032552084
79,86,32.02278768904773,0.025159959484043568,0.7948066584465585,96.88239463975695,0.07133607205835506,32.02278768904773,96.88239463975695
79,74,32.14185758258876,0.030670183002796222,0.7926205467222268,100.33837098524305,0.2228321189536541,32.14185758258876,100.33837098524305
79,63,32.51364962950091,0.003170235776732555,0.7901465834749578,109.81415266927083,0.05029536600210821,32.51364962950091,109.81415266927083
79,55,32.55506965071557,0.04886253573991456,0.7889824712182784,113.14999555121527,0.06598895895834166,32.55506965071557,113.14999555121527
79,47,32.52746863188888,0.050708923747615556,0.787817265125855,114.91462901475693,0.16662433039585686,32.52746863188888,114.91462901475693
79,41,32.44616842807329,0.01624025168126228,0.7869241729535695,115.9542986111111,0.112979597784707,32.44616842807329,115.9542986111111
79,37,32.486562025831724,0.143497099889777,0.7878056926784422,120.35054676649305,8.6902927076787,32.486562025831724,120.35054676649305
79,35,32.41895482078889,0.003410956490096919,0.7855726025046853,117.19998914930555,0.13459364457301795,32.41895482078889,117.19998914930555
79,33,32.370626837411166,0.0058191306025196995,0.7852358548874385,117.41209201388888,0.03132675641667711,32.370626837411166,117.41209201388888
79,31,32.92699599187151,0.006619240340710565,0.792773346275772,123.96429286024306,0.055159090813024454,32.92699599187151,123.96429286024306
79,29,32.98434611622363,0.008096385465666317,0.7913301578567289,128.3682883029514,0.24928249444535525,32.98434611622363,128.3682883029514
79,28,32.99152543137095,0.009708289631477249,0.7908045198529267,128.53933930121528,0.1295682009061333,32.99152543137095,128.53933930121528
79,26,32.95736162851192,0.008190704580602929,0.7904988383625748,129.72742936197918,0.09835768999347665,32.95736162851192,129.72742936197918
79,23,33.00431824356529,0.06473430615006008,0.7898346151309933,131.19342730034722,0.2948787808825378,33.00431824356529,131.19342730034722
79,22,32.975382292994084,0.028517256410366103,0.7894867854681805,131.82525379774304,0.02045911537105666,32.975382292994084,131.82525379774304
79,20,33.37286644214603,0.022390232362243155,0.7878132577527954,152.1457064887153,0.12327226559601383,33.37286644214603,152.1457064887153
79,19,33.38405811929493,0.006680777373228329,0.787803948373238,153.84349620225694,0.06109401513578156,33.38405811929493,153.84349620225694
79,17,33.402708185730006,0.03787725279686069,0.787679333186435,156.62227452256943,0.2963408818716152,33.402708185730006,156.62227452256943
79,15,33.50749889773129,0.037006755305672115,0.7870996794855376,173.5862734375,3.693299274410387,33.50749889773129,173.5862734375
79,14,33.52442366996477,0.02254415719946668,0.7867695290507299,180.67861773003474,0.2508575546078265,33.52442366996477,180.67861773003474
79,13,33.52193473563654,0.023006247894086045,0.7866017417820103,182.01130512152773,0.051241496081321676,33.52193473563654,182.01130512152773
79,11,33.45784856217557,0.03060251437482376,0.7859084577598169,195.74546397569443,0.16418494616250282,33.45784856217557,195.74546397569443
79,10,33.417977510903704,0.012091367006542673,0.7858363043841745,196.07500444878474,0.5833940032305558,33.417977510903704,196.07500444878474
80,1000000,0.01285540463892385,0.003803863920357198,0.8005324743044797,56.907819545200894,0.04265418530748691,0.0,56.907819545200894
80,1000000,0.01285540463892385,0.003803863920357198,0.8005324743044797,56.907819545200894,0.04265418530748691,0.01285540463892385,56.907819545200894
80,100000,0.0653881830896401,0.006953625227199782,0.7990550020065345,56.79938579644098,0.048947845339179695,0.0653881830896401,56.79938579644098
80,31622,0.18646772901103312,0.014616598053651526,0.7997789646587619,56.72957855902778,0.16287088081175763,0.18646772901103312,56.72957855902778
80,10000,0.5339646965980842,0.0009699447873801593,0.8007175973760178,56.24507313368056,0.03202547678181632,0.5339646965980842,56.24507313368056
80,5623,0.9099099295415024,0.00030608255991711615,0.8014073678357724,55.94820236545139,0.03041374892142477,0.9099099295415024,55.94820236545139
80,3162,1.6127841097019566,0.0005996953956314854,0.802209380423876,55.552646592881935,0.033041625130425765,1.6127841097019566,55.552646592881935
80,1778,2.8245311571426086,0.0059653042450690434,0.8027718048731606,55.44094032118056,0.012238841215685102,2.8245311571426086,55.44094032118056
80,1333,3.728814500139984,0.01689430648211826,0.8027818635144683,55.68144965277778,0.0087568592030682,3.728814500139984,55.68144965277778
80,1000,4.910606809208622,0.0025153080108118457,0.8033987615324886,56.25995670572917,0.02147281716665069,4.910606809208622,56.25995670572917
80,749,6.464001123979014,0.017928781503126167,0.8035712554572662,57.30867762586805,0.03315823134679044,6.464001123979014,57.30867762586805
80,562,8.483135767611364,0.017362510739327187,0.803835664944431,58.92483517795139,0.030073195684566966,8.483135767611364,58.92483517795139
80,421,11.135238441354536,0.06334692866873638,0.8037801121937759,61.06759483506945,0.05140422154111148,11.135238441354536,61.06759483506945
80,316,14.465570045392498,0.02085170460360778,0.8039314180298578,63.57759819878472,0.13843282517664698,14.465570045392498,63.57759819878472
80,236,18.59366393111415,0.02337500450828366,0.8042064926632921,66.5369765625,0.04185722211435202,18.59366393111415,66.5369765625
80,204,20.874556605879235,0.06355571646517955,0.8043501113006853,68.35865028211806,0.021810609956852287,20.874556605879235,68.35865028211806
80,177,23.37555167806686,0.025276088865379708,0.8041263937606851,69.56849273003473,0.011294512402237562,23.37555167806686,69.56849273003473
80,153,26.619523980895263,0.00860553728128948,0.8038239701028461,76.47128070746528,0.0754983505916148,26.619523980895263,76.47128070746528
80,133,28.71657426943571,0.012395953154987588,0.8023459425859519,82.92029134114583,0.0794875185869986,28.71657426943571,82.92029134114583
80,115,30.334866313701866,0.024709508096866135,0.8007694338610915,88.09885785590279,0.04477021172248969,30.334866313701866,88.09885785590279
80,100,31.17650415667573,0.01463620383563405,0.7982844918093527,92.05396223958333,0.10010900525147043,31.17650415667573,92.05396223958333
80,86,32.24555280639161,0.02529684972867009,0.803190518497431,97.2087333984375,0.1218424399969334,32.24555280639161,97.2087333984375
80,74,32.40606325415478,0.027116003882978038,0.8017735701671805,101.41188140190972,2.1055808103348577,32.40606325415478,101.41188140190972
80,70,32.4099352580595,0.03133735502848365,0.8018965049398042,101.11544867621528,0.05217748250174494,32.4099352580595,101.11544867621528
80,68,32.42291118456949,0.026217733372530343,0.8017221268198571,101.35995887586807,0.08179483662600884,32.42291118456949,101.35995887586807
80,63,32.85213647363926,0.029904062919874307,0.7999990288893457,109.63982736545138,0.06993485812838085,32.85213647363926,109.63982736545138
80,58,32.88266930272738,0.02933596988232185,0.7990996155767643,112.4418037109375,0.0633777554030273,32.88266930272738,112.4418037109375
80,55,32.86797153780702,0.011136418198339245,0.7986698385168549,113.54291655815972,0.03049822612345177,32.86797153780702,113.54291655815972
80,47,32.825341962636166,0.018593725548065307,0.797342864787287,115.17522547743056,0.061390580831296324,32.825341962636166,115.17522547743056
80,41,32.76535903410036,0.01338757874043704,0.7967566622903791,115.76382855902777,0.06753030519382194,32.76535903410036,115.76382855902777
80,35,32.728651645360095,0.07523798293410879,0.795707153047197,116.68867057291668,0.02031051080076188,32.728651645360095,116.68867057291668
80,33,32.70079939155553,0.006514584182317554,0.7953227368377306,117.4333173828125,0.10910972916735986,32.70079939155553,117.4333173828125
80,32,32.680496813131334,0.004930020908644927,0.7951395724159753,118.39770290798612,2.1558330267410786,32.680496813131334,118.39770290798612
80,31,33.141549544424976,0.007382181293603399,0.8048818026006787,121.54511436631945,0.04785948438506135,33.141549544424976,121.54511436631945
80,26,33.22791181369822,0.016899093795453027,0.8028501148138263,126.45103613281249,0.03461353472225489,33.22791181369822,126.45103613281249
80,23,33.19496598823258,0.02220577103668708,0.8020410639517163,128.15011067708335,0.08819193401464241,33.19496598823258,128.15011067708335
80,22,33.21742534157245,0.0015051391441981959,0.8021514522202503,128.93165158420138,0.07685016931447317,33.21742534157245,128.93165158420138
80,20,33.633175542724366,0.025949487307422296,0.8006819302565645,148.4659431423611,0.09999563723495594,33.633175542724366,148.4659431423611
80,19,33.73244271313387,0.06181675981607997,0.8004983748383389,149.97448111979168,0.3607114534218448,33.73244271313387,149.97448111979168
80,17,33.64642485500439,0.011888597729024309,0.8004468753478925,153.05809440104167,0.08948791799267977,33.64642485500439,153.05809440104167
80,15,33.80358125647265,0.030008739234632854,0.7999626241115271,166.71676790364586,0.20320122465845214,33.80358125647265,166.71676790364586
80,14,33.85414835873693,0.042079612159085546,0.7997504436381614,176.54390939670142,0.1076697990235922,33.85414835873693,176.54390939670142
80,13,33.81411396162158,0.033038252273352046,0.79952363600926,178.03512261284723,0.033919632456803565,33.81411396162158,178.03512261284723
80,11,33.788891474013646,0.004948204529310023,0.798787828781176,191.8978720703125,0.3591679529385347,33.788891474013646,191.8978720703125
80,10,33.79797851724288,0.030294074822637972,0.7985975473884924,192.0729432508681,0.374655379489374,33.79797851724288,192.0729432508681
80,8,33.779100204496075,0.0060379897873599235,0.7970064351130962,195.97887348090276,0.20214698299383807,33.779100204496075,195.97887348090276
80,7,33.83309404489924,0.029640594698000428,0.7966350206396893,194.5504251302083,0.19606963131721344,33.83309404489924,194.5504251302083
80,5,33.86269982714245,0.017496954206522187,0.7962920523814315,194.85506727430553,0.672894849167987,33.86269982714245,194.85506727430553
80,3,33.67866271468359,0.019186061389913647,0.796205133430648,196.4247932942708,0.2374062717063846,33.67866271468359,196.4247932942708
80,1,33.69512261345553,0.031667513469669235,0.7964042989498313,197.19419238281253,1.107224885626632,33.69512261345553,197.19419238281253
80,0,33.666279122878855,0.011942908699819267,0.7963134313612809,196.83655957031246,0.17257212270033015,33.666279122878855,196.83655957031246
81,1000000,0.012629960044015556,0.003292219193839888,0.810033594684129,56.90001017071759,0.034555057532471053,0.0,56.90001017071759
81,1000000,0.012629960044015556,0.003292219193839888,0.810033594684129,56.90001017071759,0.034555057532471053,0.012629960044015556,56.90001017071759
81,100000,0.062395467735228326,0.006760167868044713,0.8087568822521284,56.85180859375001,0.026818184363425836,0.062395467735228326,56.85180859375001
81,31622,0.20440262948133853,0.0044137187987015,0.8120498473209541,56.5551636827257,0.011083490318802113,0.20440262948133853,56.5551636827257
81,10000,0.6058576973730746,0.003017017025244042,0.8082822750233163,56.0857863498264,0.011450316679220713,0.6058576973730746,56.0857863498264
81,5623,1.04100652585929,0.0030657492487333004,0.8089595286184252,56.41423296440971,1.0297982197424536,1.04100652585929,56.41423296440971
81,3162,1.8605175700004748,0.007340247606366253,0.8095823001676644,55.492259874131946,0.023899851314782453,1.8605175700004748,55.492259874131946
81,1778,3.2141210726444664,0.005679668393229395,0.8103669404971635,55.53555783420139,0.046932058047190195,3.2141210726444664,55.53555783420139
81,1333,4.208885011737144,0.0010169495964216816,0.8107676871814986,55.93021451822917,0.0190263874208126,4.208885011737144,55.93021451822917
81,1000,5.543675767100588,0.003001564627870897,0.811206569922405,56.56762434895833,0.008621341875554536,5.543675767100588,56.56762434895833
81,749,7.286754820364158,0.008458566048937667,0.8115559637428494,57.91194618055556,0.04082931358810167,7.286754820364158,57.91194618055556
81,562,9.537680925531928,0.0033161016119174114,0.8114862687507,59.79705392795139,0.029784176541297013,9.537680925531928,59.79705392795139
81,421,12.457962782647064,0.024095119946296782,0.8119455493443817,61.98317849392361,0.03885055728314532,12.457962782647064,61.98317849392361
81,316,16.13640061570543,0.09750759133801128,0.8120860417061028,64.81962619357638,0.03428704704654241,16.13640061570543,64.81962619357638
81,273,18.224362382032492,0.038799946260198746,0.8124045061084711,66.46763465711805,0.010385043788078325,18.224362382032492,66.46763465711805
81,236,20.33795849620979,0.024501722009248893,0.8124185366106063,67.98385047743055,0.014646848236753706,20.33795849620979,67.98385047743055
81,204,22.980887276571547,0.020684599107931082,0.8122926382031198,69.95968207465278,0.043291273423478015,22.980887276571547,69.95968207465278
81,177,25.991892687011234,0.008807353068315194,0.811857129912244,74.95199945746528,0.09712861021211534,25.991892687011234,74.95199945746528
81,153,28.214348256791464,0.01956290975904225,0.8109668153060015,80.62546343315972,0.07705537422055304,28.214348256791464,80.62546343315972
81,133,29.999798071582983,0.010573362359255267,0.8095902986588808,86.10280414496528,0.04764421682761494,29.999798071582983,86.10280414496528
81,115,31.15889813355604,0.00470418467158381,0.8076524294906445,90.30325716145832,0.03879254659794135,31.15889813355604,90.30325716145832
81,100,31.780587403927324,0.017293303740954384,0.8055509789267045,93.13988802083334,0.051769038533972044,31.780587403927324,93.13988802083334
81,86,32.5731412317014,,0.8146056429095637,95.8450769314236,0.14175328911796384,32.5731412317014,95.8450769314236
81,74,32.59185214823918,0.025320254917976546,0.8140804986710206,97.99534733072915,0.1685741986128549,32.59185214823918,97.99534733072915
81,70,32.60340309429273,0.02727217983704981,0.8136585210841639,98.72489073350694,0.049878669066658735,32.60340309429273,98.72489073350694
81,68,32.627711066463036,0.02305166298996281,0.8133911727408395,98.93684657118057,0.053331004014732106,32.627711066463036,98.93684657118057
81,66,32.603867516265936,0.023320333743236044,0.8133493132581453,99.1399933810764,0.1822101958923769,32.603867516265936,99.1399933810764
81,65,32.59574027949225,0.012041145647725763,0.8135321273897819,99.29534613715278,0.03176047558374156,32.59574027949225,99.29534613715278
81,63,32.97613982334228,0.05096514525651837,0.8106152135015874,107.16576204427083,0.15138735052515795,32.97613982334228,107.16576204427083
81,61,33.02613894976176,0.005942218345619584,0.8118919365826726,108.53417816840278,0.026194899813845932,33.02613894976176,108.53417816840278
81,60,33.02201906252601,0.008198997248070876,0.8117202072985418,108.86851963975694,0.11039732796387058,33.02201906252601,108.86851963975694
81,58,33.040947721180096,0.02383010250583223,0.8114309632340143,110.16955208333333,1.1946224325803871,33.040947721180096,110.16955208333333
81,55,33.06055960350318,0.02401704758150654,0.8115141039765318,109.87440896267361,0.04026657831051413,33.06055960350318,109.87440896267361
81,41,32.86162896139186,0.2668095330722721,0.8090015064162172,113.69058355034723,0.07841175862755077,32.86162896139186,113.69058355034723
81,22,33.58472114935759,0.023444753126328547,0.8146744982896325,124.35935503472221,0.11277174386438593,33.58472114935759,124.35935503472221
81,20,34.166717967479485,0.03159717401541046,0.8133778652909444,140.71725911458336,0.1940267819675262,34.166717967479485,140.71725911458336
81,19,34.19965976360723,0.05892979985766517,0.8132842566808104,142.31598046874998,0.10156575907009698,34.19965976360723,142.31598046874998
81,17,34.23839131124992,0.060604309801379715,0.8133170123144868,145.0427475043403,0.02481862131693178,34.23839131124992,145.0427475043403
81,15,34.372237652573766,0.020008864563872637,0.8130088452810217,160.1923591579861,0.054340948121564425,34.372237652573766,160.1923591579861
81,14,34.108991390082984,0.5913184400011039,0.8128892937662257,169.35031380208332,1.1570352360933818,34.108991390082984,169.35031380208332
81,13,34.4537077916028,0.01842165253618589,0.8127583877873507,170.56955555555555,0.1375550757834332,34.4537077916028,170.56955555555555
81,11,34.51579009589701,0.018407262610545868,0.812010566101125,183.91561100260415,0.04688425403153083,34.51579009589701,183.91561100260415
81,10,34.46654209862139,0.013438235655120196,0.8119734810209386,184.7341357421875,0.10099789606290292,34.46654209862139,184.7341357421875
81,8,34.514088579935745,0.06162357056979554,0.8106367533697326,189.35707096354167,0.3523217998621043,34.514088579935745,189.35707096354167
81,7,34.53583293228956,0.011564904530868992,0.8101926544984496,188.38025835503473,0.11997762477291213,34.53583293228956,188.38025835503473
81,5,34.535255057557215,0.03321626217927693,0.8098143215121194,189.2790641276042,0.11811976689225719,34.535255057557215,189.2790641276042
81,3,34.334092224504026,0.08610649981067124,0.8098567431145559,191.99408669704863,0.08806228548403022,34.334092224504026,191.99408669704863
81,1,34.28357000679898,0.009792450474982867,0.8097400058100922,192.1075359157986,0.0819540709323743,34.28357000679898,192.1075359157986
81,0,34.298987015534216,0.0054994435519465775,0.8099526771988557,192.39048122829863,0.1362147846408907,34.298987015534216,192.39048122829863
82,1000000,0.0129105380029499,0.0031706186628741037,0.8195786907091025,56.916259215856485,0.030724966970323425,0.0,56.916259215856485
82,1000000,0.0129105380029499,0.0031706186628741037,0.8195786907091025,56.916259215856485,0.030724966970323425,0.0129105380029499,56.916259215856485
82,100000,0.06425494640484146,0.002145512558728512,0.8209351810616463,57.3584459092882,1.366806875138976,0.06425494640484146,57.3584459092882
82,31622,0.1586475760020544,0.0010436919365652067,0.819043884247991,56.65063075086806,0.035760005831642586,0.1586475760020544,56.65063075086806
82,10000,0.5946929400912794,0.0005775910812548761,0.8182559047953927,56.16444780815973,0.0027772189934630893,0.5946929400912794,56.16444780815973
82,5623,1.0216881369267445,0.0011592823423116766,0.8193520295334825,55.87719064670139,0.15662361423424967,1.0216881369267445,55.87719064670139
82,3162,1.8301507071383032,0.00464282247791455,0.8198715538985955,57.04472775607639,2.904486918202745,1.8301507071383032,57.04472775607639
82,1778,3.1791400611533844,0.0014191835380834598,0.8208857473302347,55.52626302083333,0.0317773315471255,3.1791400611533844,55.52626302083333
82,1333,4.167265509689561,0.004998377413706684,0.8212267297719228,55.833746527777784,0.008937600825601109,4.167265509689561,55.833746527777784
82,1000,5.411802159003205,0.002118741289681953,0.8215781980147062,56.61930457899305,0.008958415306560776,5.411802159003205,56.61930457899305
82,749,7.203229758771566,0.006774833503177692,0.8217122074619682,57.70971256510416,0.006072150093147138,7.203229758771566,57.70971256510416
82,562,9.448129375229025,0.03410224525216733,0.8222210565635756,59.58789898003473,0.05160375342136736,9.448129375229025,59.58789898003473
82,421,12.283904117920862,0.00910008766687633,0.8223407700144367,61.57278526475694,0.025298823405270267,12.283904117920862,61.57278526475694
82,316,15.820250264487994,0.03273576449455351,0.8230137565552708,64.21322970920139,0.05581738589867071,15.820250264487994,64.21322970920139
82,236,20.09429231736316,0.010833142005059082,0.8232402388839174,67.42731684027778,0.018570695868982738,20.09429231736316,67.42731684027778
82,204,22.499814960709156,0.014183247425858272,0.8230106347076117,69.20131184895833,0.03186211911904391,22.499814960709156,69.20131184895833
82,177,25.58928049863283,0.009996341642119157,0.8225232815914852,72.56020388454861,0.0487414427268457,25.58928049863283,72.56020388454861
82,153,28.18715738919305,0.02331727563004221,0.822097741575499,78.28157671440971,0.3880785068438646,28.18715738919305,78.28157671440971
82,133,30.098764432361946,0.05407159620124191,0.8210933644578633,83.3163515625,0.05346738085124517,30.098764432361946,83.3163515625
82,115,31.286201399306563,0.00868410505105071,0.8194935692838928,87.4682038845486,0.08739868022013482,31.286201399306563,87.4682038845486
82,100,31.920351860889948,0.036686792759036406,0.8176144275071809,90.50476508246527,0.033821416297535684,31.920351860889948,90.50476508246527
82,63,33.092720472921265,0.029801166947013454,0.8238172738051303,101.62035438368055,0.0911115461930939,33.092720472921265,101.62035438368055
82,55,33.20188707605692,0.005038010510033325,0.8224605542012342,105.8362890625,0.03424110890436186,33.20188707605692,105.8362890625
82,47,33.27585401079018,0.04242216842427216,0.8214555823938743,108.39382617187499,0.11550696319428336,33.27585401079018,108.39382617187499
82,41,33.242516565245275,0.003663226403105253,0.8206499830253011,109.69837282986111,0.05809636414934574,33.242516565245275,109.69837282986111
82,37,33.21284872586178,0.014741588555228663,0.8201472157022178,110.43452549913195,0.08265955322327835,33.21284872586178,110.43452549913195
82,35,33.243881432449946,0.012472241101764309,0.8197090783916274,110.79155598958334,0.03432036903969174,33.243881432449946,110.79155598958334
82,33,33.19468160938979,0.005581788810676948,0.8194031152963683,111.07195247395832,0.04513528570311637,33.19468160938979,111.07195247395832
82,32,33.205331120656915,0.003319568084187129,0.8194691124708519,111.31825694444444,0.0960615146146645,33.205331120656915,111.31825694444444
82,31,33.50271081755308,0.009299092334015394,0.8171824234003197,117.8371689453125,0.03633635412862678,33.50271081755308,117.8371689453125
82,29,33.576025142165925,0.011545356527296671,0.8162676165929968,120.62315006510416,0.040027818719190485,33.576025142165925,120.62315006510416
82,28,33.60592551506431,0.0304117003867634,0.8159332147427948,120.90056141493055,0.012391492710168768,33.60592551506431,120.90056141493055
82,26,33.56987477605258,0.005950409053189449,0.8155509048441321,121.9447751736111,0.0344933367333266,33.56987477605258,121.9447751736111
82,23,33.58583402789084,0.030513245834726675,0.8151166208568101,123.615166015625,0.02530821557434566,33.58583402789084,123.615166015625
82,7,34.9429066786891,0.012075397681306815,0.8241843516983964,183.52682172309028,0.05527523101816663,34.9429066786891,183.52682172309028
82,5,34.910607166799,0.02056170399265609,0.8239337973265988,185.11341742621528,0.05084547506247233,34.910607166799,185.11341742621528
82,3,34.700136617715,0.035593183649233855,0.8239547230965171,188.65659754774302,0.1645623178043835,34.700136617715,188.65659754774302
82,1,34.66071813021603,0.01013100357504197,0.8238208590135859,188.92817816840275,0.1257611657448078,34.66071813021603,188.92817816840275
82,0,34.68043676589108,0.025121940212909397,0.8240558595595994,189.43488357204862,0.36766920571162476,34.68043676589108,189.43488357204862
83,1000000,0.01064842189914504,0.0026484522867042284,0.8272664934853025,56.93423057725695,0.021009210338562356,0.0,56.93423057725695
83,1000000,0.01064842189914504,0.0026484522867042284,0.8272664934853025,56.93423057725695,0.021009210338562356,0.01064842189914504,56.93423057725695
83,100000,0.059121630637008364,0.004033678234783707,0.8278660652375497,56.87841059027778,0.04805723990137738,0.059121630637008364,56.87841059027778
83,31622,0.17468702791502108,0.000835757390214031,0.8280938218737681,56.67604090711806,0.047149253311359766,0.17468702791502108,56.67604090711806
83,10000,0.4757003329711766,0.000208718150183943,0.8253968208967678,56.29282552083333,0.006946380186077579,0.4757003329711766,56.29282552083333
83,5623,0.8120487692927668,0.0004182597952564653,0.8270127620087558,56.09392816840278,0.08552994780536444,0.8120487692927668,56.09392816840278
83,3162,1.4367690912130213,0.0009992005011306036,0.827294577783887,55.73574359809029,0.1688393459894865,1.4367690912130213,55.73574359809029
83,1778,2.510344453089321,0.010995185725363137,0.828477683680775,55.46040277777778,0.019519880958467246,2.510344453089321,55.46040277777778
83,1000,4.34062374948294,0.007909982109349498,0.8296631802778824,57.524630425347226,2.8165701059634345,4.34062374948294,57.524630425347226
83,749,5.702282760828237,0.0010044385128161171,0.8297768636837465,56.67684895833333,0.012908752691368467,5.702282760828237,56.67684895833333
83,562,7.49836708265321,0.0024904113220641884,0.82997865813059,57.89942892795139,0.007768712169876857,7.49836708265321,57.89942892795139
83,421,9.843477450402805,0.03296220304783841,0.830224463130592,59.77450434027778,0.0031044740346860148,9.843477450402805,59.77450434027778
83,316,12.78055310162319,0.009989194667857137,0.8308287909966028,61.81810677083333,0.009165183877955355,12.78055310162319,61.81810677083333
83,236,16.599380140901925,0.02542120126291996,0.8313728329038227,64.55080848524305,0.021494685091095662,16.599380140901925,64.55080848524305
83,177,20.92499146435863,0.029246392603093325,0.831417838866369,67.75730598958332,0.01671447862862735,20.92499146435863,67.75730598958332
83,153,23.422942397573582,0.04148854125874192,0.8314687646383665,69.85000325520834,0.039116853486748225,23.422942397573582,69.85000325520834
83,133,26.56849612701535,0.027702571642893116,0.8312146394005516,73.39003135850695,0.09621395520698352,26.56849612701535,73.39003135850695
83,115,29.044465784865363,0.021881239363648896,0.8303598986819966,79.18165679253472,0.0252975163350409,29.044465784865363,79.18165679253472
83,100,30.643863731952678,0.012016054425600222,0.8298414610589209,83.59318185763888,0.13743909940660196,30.643863731952678,83.59318185763888
83,92,32.20933377702634,0.011488330878100868,0.8271426329409816,89.67337565104168,0.06430476143111827,32.20933377702634,89.67337565104168
83,86,32.26837137124996,0.09117995058062654,0.8279383447797876,88.93331098090277,0.09384725073368301,32.26837137124996,88.93331098090277
83,79,32.35900364858422,0.026393394952912694,0.8268118392531791,91.03355848524306,0.05353638194317275,32.35900364858422,91.03355848524306
83,74,32.509237029542305,0.02341464015906852,0.8255825708351433,94.9515126953125,3.3363073566948733,32.509237029542305,94.9515126953125
83,41,33.563508911983355,0.024978992694191578,0.8348027926921819,107.96419769965279,0.020894915912954382,33.563508911983355,107.96419769965279
83,37,33.50062017576176,0.019105334203358738,0.8340907942723751,108.97760514322916,0.18133670691696413,33.50062017576176,108.97760514322916
83,35,33.521392147290335,0.019120356389425736,0.8337659135831393,109.19261469184028,0.01919995377483135,33.521392147290335,109.19261469184028
83,33,33.493546413724836,0.04245453177068319,0.8336360546147191,109.54657638888891,0.052587786436396666,33.493546413724836,109.54657638888891
83,32,33.557699221952085,0.07799088648750954,0.8336752890622653,109.53017860243057,0.06396275399994973,33.557699221952085,109.53017860243057
83,31,33.77728988763463,0.02938711797099786,0.8315497919529693,115.78705457899305,0.02529645422699062,33.77728988763463,115.78705457899305
83,29,33.86277823041881,0.009760059008821046,0.8304182679031503,118.57296082899306,0.03138674940864889,33.86277823041881,118.57296082899306
83,28,33.888613816539866,0.005976527175965213,0.8302645289341773,119.0658062065972,0.053651736002340286,33.888613816539866,119.0658062065972
83,26,33.871581683390794,0.005254842752387083,0.8295202884718512,119.99626182725694,0.044259652890265185,33.871581683390794,119.99626182725694
83,23,33.868392997025204,0.02869344433667595,0.8291361074908762,121.30078092447917,0.04608175402160964,33.868392997025204,121.30078092447917
83,22,33.86943513104193,0.011918263221588735,0.8287866629996353,121.75329763454862,0.0454912809515136,33.86943513104193,121.75329763454862
83,20,34.472042089418466,0.014006696414993886,0.8277881284424122,137.46684385850696,0.24968497146863555,34.472042089418466,137.46684385850696
83,19,34.508461005198654,0.03354070167682585,0.8275918274327584,138.74448654513887,0.08426076214724108,34.508461005198654,138.74448654513887
83,17,34.54639371757644,0.017507689242967202,0.8274703433269132,140.98105023871528,0.2567571236835057,34.54639371757644,140.98105023871528
83,15,34.7066951242302,0.018490146777019604,0.8270288510348989,154.86903917100696,0.331470409874908,34.7066951242302,154.86903917100696
83,14,34.813520253270234,0.007047656025527381,0.8269408894864224,163.7427121310764,0.06446317506209367,34.813520253270234,163.7427121310764
83,13,34.83438838251794,0.01811122732741517,0.8267971968365431,166.53303797743058,2.344776241112812,34.83438838251794,166.53303797743058
83,11,34.925011637464024,0.03469283516578291,0.8263350077336596,178.5904228515625,0.1312978659453168,34.925011637464024,178.5904228515625
83,10,34.894447285972255,0.02799444784785652,0.8262751496535521,179.2957600911458,0.20698083883813337,34.894447285972255,179.2957600911458
84,1000000,0.009951785635356819,0.0013137379996878136,0.8392169393604517,56.93354448784722,0.06605496737566749,0.0,56.93354448784722
84,1000000,0.009951785635356819,0.0013137379996878136,0.8392169393604517,56.93354448784722,0.06605496737566749,0.009951785635356819,56.93354448784722
84,100000,0.06018243595619377,0.0016479837088085533,0.8398370745825267,56.89206700303819,0.048977670320791214,0.06018243595619377,56.89206700303819
84,31622,0.17555564792562026,0.000474736934167529,0.83627400075442,56.696242730034726,0.03837892140415101,0.17555564792562026,56.696242730034726
84,10000,0.5217592954076095,0.006762862731438233,0.8403068696097352,56.24496175130208,0.019106790345664593,0.5217592954076095,56.24496175130208
84,5623,0.9018008095472183,0.0295400048546291,0.8383583646226859,55.95365277777778,0.01586946998968487,0.9018008095472183,55.95365277777778
84,3162,1.560779300182072,0.004789182980958582,0.8387981202068504,55.56202962239584,0.020746161081507675,1.560779300182072,55.56202962239584
84,1778,2.7158762874386757,0.002388621844337018,0.8398448296821542,55.47237727864583,0.02189049948282045,2.7158762874386757,55.47237727864583
84,1333,3.5790548173401135,0.0011031469393013014,0.8404816824440678,55.61242437065972,0.01608640622754211,3.5790548173401135,55.61242437065972
84,1000,4.702599148414006,0.013062357167533314,0.8408320733959678,56.12429210069445,0.028421397534744576,4.702599148414006,56.12429210069445
84,749,6.19587822868693,0.014239845500592712,0.8413474229720355,56.948441623263896,0.02401805160912262,6.19587822868693,56.948441623263896
84,562,8.108217690696499,0.013380054865905301,0.8416363246612781,58.27839854600694,0.004569552428341627,8.108217690696499,58.27839854600694
84,421,10.570428253562111,0.007674156386939614,0.8420597907540733,60.26184168836806,0.010240953057380799,10.570428253562111,60.26184168836806
84,316,13.751104025766828,0.009937225973502169,0.842547218062195,62.284534722222226,0.024057196196543437,13.751104025766828,62.284534722222226
84,236,17.75233008281353,0.018777702068302243,0.8433752588941554,65.14035297309027,0.059128127836689255,17.75233008281353,65.14035297309027
84,204,19.93888344624824,0.008657494950554128,0.8433625111177682,66.73426833767361,0.04406865288371616,19.93888344624824,66.73426833767361
84,177,22.175045439867954,0.01559778789948376,0.8429144096562592,68.4008896484375,0.00901708024721089,22.175045439867954,68.4008896484375
84,153,24.93845906017731,0.016284960836997948,0.8428937521948323,70.59864301215278,0.02660590414893971,24.93845906017731,70.59864301215278
84,133,27.964201088434454,0.02146242301945703,0.8427945616176045,74.91900325520832,0.054208759407832256,27.964201088434454,74.91900325520832
84,123,29.184179710470698,0.012605160672613181,0.8429979747959672,77.69424717881944,0.07524885826422617,29.184179710470698,77.69424717881944
84,115,30.058143244401506,0.002888044068929827,0.8425635673668133,79.96498274739584,0.02567178106545445,30.058143244401506,79.96498274739584
84,100,31.422225450593583,0.006802966230517467,0.8415826784702003,83.72731597222223,0.19286791907613188,31.422225450593583,83.72731597222223
84,86,32.318387732196264,0.03534828885425568,0.840903341071682,86.46284592013888,0.07676953734004387,32.318387732196264,86.46284592013888
84,74,32.87397028674565,0.029816828015039196,0.8384775441935491,92.14868608940974,0.002919804952482215,32.87397028674565,92.14868608940974
84,63,33.364891669662164,0.014156532595247424,0.8370872922448372,100.00180164930556,0.045355626189626845,33.364891669662164,100.00180164930556
84,55,33.489707965659534,0.006760951681468207,0.8362742104312164,104.93400672743054,0.17707445267025232,33.489707965659534,104.93400672743054
84,47,33.52111053495746,0.008095978206860331,0.8352279094071713,107.01197938368057,0.0452377534705496,33.52111053495746,107.01197938368057
84,37,33.84449476256374,0.030797770701410338,0.844882940626544,106.48559559461806,0.07397325362476541,33.84449476256374,106.48559559461806
84,35,33.81621898289321,0.006862653212371096,0.84456349156148,107.01014355468749,0.12585621073170097,33.81621898289321,107.01014355468749
84,33,33.818235125253956,0.018631179400475244,0.8445291034834885,107.04889290364584,0.07146098471670963,33.818235125253956,107.04889290364584
84,32,33.79537586370899,0.010745768841423224,0.8442625153937234,107.11769053819445,0.07955445490604203,33.79537586370899,107.11769053819445
84,31,34.092452878578676,0.008678678604787453,0.8429220512266217,112.95983138020834,0.07936682498582169,34.092452878578676,112.95983138020834
84,29,34.21966764019959,0.0027412834559336083,0.8419465296995957,115.33819585503473,0.03832982755652352,34.21966764019959,115.33819585503473
84,28,34.233862329843845,0.007881570575215342,0.8420528294871352,115.64704220920139,0.10232021213926525,34.233862329843845,115.64704220920139
84,26,34.255383669523134,0.02304435410787095,0.8414718088619946,116.68773697916667,0.15028838868493039,34.255383669523134,116.68773697916667
84,23,34.24316698318345,0.029653739114640903,0.8410152473993443,117.75865570746527,0.04167545758188268,34.24316698318345,117.75865570746527
84,22,34.246978426892426,0.006784602346760204,0.8411922072442245,118.00818120659721,0.046043130683144806,34.246978426892426,118.00818120659721
84,20,34.8808537545725,0.010713116524937958,0.8403041444969519,131.79051529947915,0.21880193679876975,34.8808537545725,131.79051529947915
84,19,34.941076455872896,0.033221318670647725,0.8399837444796256,133.8336427951389,0.18650365184094694,34.941076455872896,133.8336427951389
84,17,35.031745847684135,0.052623286860973645,0.8403231872915978,135.47990961371528,0.07374198792777241,35.031745847684135,135.47990961371528
84,15,35.24372621270154,0.007803322971522918,0.8402936315377069,149.14178938802084,0.0824908212128096,35.24372621270154,149.14178938802084
84,14,35.38063939954116,0.002973968450798478,0.840076537822032,157.3830265842014,1.1006018227570702,35.38063939954116,157.3830265842014
84,13,35.41830300516846,0.012195789021525346,0.8401044044610596,159.8851648220486,2.748664425280737,35.41830300516846,159.8851648220486
84,11,35.581280138828795,0.047047738814711686,0.8399246812990055,171.43968815104165,0.09534776254586942,35.581280138828795,171.43968815104165
84,10,35.52989861698223,0.004172840594732957,0.8400190183811082,172.26226063368054,0.03140238256957015,35.52989861698223,172.26226063368054
84,8,35.590998246925665,0.013518804161695078,0.838088932967653,177.5784404296875,0.04734159252036503,35.590998246925665,177.5784404296875
84,7,35.64514863808548,0.03553943010668636,0.8375571808430203,176.86946788194447,0.009118060269285876,35.64514863808548,176.86946788194447
84,5,35.539956460092064,0.03410914465739374,0.8376551256212048,179.93115950520834,0.27060003515086045,35.539956460092064,179.93115950520834
84,3,35.273677219088775,0.02100039947795249,0.8369582683662683,182.94560850694447,0.12840576190859174,35.273677219088775,182.94560850694447
84,1,35.29076951740658,0.011643791682066341,0.837498056629074,183.21118674045138,0.3234076075449803,35.29076951740658,183.21118674045138
84,0,35.326024699072654,0.022743472814157693,0.8373632639907265,183.6383056640625,0.05191503259427135,35.326024699072654,183.6383056640625
85,100000,0.05164920817040383,0.002522028076671499,0.851516390344267,56.90433185040509,0.06211979987562852,0.0,56.90433185040509
85,100000,0.05164920817040383,0.002522028076671499,0.851516390344267,56.90433185040509,0.06211979987562852,0.05164920817040383,56.90433185040509
85,31622,0.16747301198922668,0.021005863076093,0.8490602747751462,56.68451605902777,0.01957191975177331,0.16747301198922668,56.68451605902777
85,5623,0.8933374709554228,0.00021676992110542597,0.8458061870932503,56.0629248046875,0.037330544638653824,0.8933374709554228,56.0629248046875
85,3162,1.5854860214591513,0.001492007866152967,0.8468006314871818,55.609177951388894,0.021355433417071037,1.5854860214591513,55.609177951388894
85,1778,2.7475112646444084,0.0009460315678112995,0.8481018899673932,55.459880859375005,0.010256146999094044,2.7475112646444084,55.459880859375005
85,1333,3.625901936103162,0.0010086204034710925,0.8488392336846274,55.685401258680564,0.015645293588663463,3.625901936103162,55.685401258680564
85,1000,4.764506690934259,0.005552604112987268,0.8491967470961636,56.09836512586805,0.0345038021995284,4.764506690934259,56.09836512586805
85,749,6.28228455521112,0.05074635115328885,0.8496855743837108,57.01647341579861,0.025734733496867293,6.28228455521112,57.01647341579861
85,562,8.149257199418901,0.009647152652603455,0.8500418357098085,58.24760503472222,0.0399573081601827,8.149257199418901,58.24760503472222
85,421,10.633779462402277,0.006480796627682527,0.8502648505713714,60.140620117187495,0.021676175160945617,10.633779462402277,60.140620117187495
85,316,13.785272154254642,0.10804042121072442,0.8509699342167273,62.10737847222222,0.06878708988073147,13.785272154254642,62.10737847222222
85,236,17.76593227412099,0.0821710195712296,0.8519686285988323,64.89974815538194,0.041015722142445775,17.76593227412099,64.89974815538194
85,204,19.862588466364777,0.029077970812577052,0.8514214246032942,66.62866493055556,0.08292495601396195,19.862588466364777,66.62866493055556
85,177,21.99748593730654,0.027394496141257933,0.8513927644231947,67.99150716145834,0.03375727038938898,21.99748593730654,67.99150716145834
85,153,24.72209111656677,0.030247799989312853,0.8516186887485523,70.25952170138889,0.05610649027992226,24.72209111656677,70.25952170138889
85,133,27.58680509728426,0.019681124433124003,0.8513217303829522,73.4599773220486,0.015027399809698054,27.58680509728426,73.4599773220486
85,115,29.898064040357017,0.024852957127190385,0.8513821606055864,78.32605523003473,0.08059811752106227,29.898064040357017,78.32605523003473
85,100,31.246346511305813,0.017930039675432528,0.850848305325968,81.66851236979166,0.04913486525098252,31.246346511305813,81.66851236979166
85,86,32.40146808996021,0.012392477101153342,0.8496008894128737,85.87637196180556,0.07247911252064908,32.40146808996021,85.87637196180556
85,74,32.9342131180944,0.03403901721152701,0.8486240414251464,90.24971245659724,0.16251341367814354,32.9342131180944,90.24971245659724
85,63,33.59047370214648,0.03451771906399561,0.8477157908364368,97.51031998697916,0.07050070662856744,33.59047370214648,97.51031998697916
85,55,33.76401562754206,0.029775859989573057,0.846574410034722,102.1906623263889,0.061578421992940086,33.76401562754206,102.1906623263889
85,47,33.824116289155704,0.008224897986806007,0.846098873794466,104.62880381944444,0.027805862698378807,33.824116289155704,104.62880381944444
85,41,33.82277119856709,0.004629603852146375,0.8455745943416874,105.79401551649306,0.05812005511647112,33.82277119856709,105.79401551649306
85,28,34.37882979346617,0.04789862030174596,0.8543605403458288,115.45018684895832,0.2872982436626271,34.37882979346617,115.45018684895832
85,20,35.09423232336938,0.0015582963103127248,0.8546569030079814,131.02895258246528,0.17292728686991665,35.09423232336938,131.02895258246528
85,19,35.14846665979658,0.01725644956077531,0.8546005926082211,132.35251974826392,0.15910209765220495,35.14846665979658,132.35251974826392
85,17,35.18345349272992,0.008529808113319867,0.8547450379089261,133.78594878472222,0.0774166589731714,35.18345349272992,133.78594878472222
85,15,35.452603828193304,0.009360307097965686,0.8545772398139603,146.15344574652775,0.2903306502385968,35.452603828193304,146.15344574652775
85,14,35.667383221369384,0.019331039860347034,0.8543055362915014,153.40393511284722,0.0771068156924287,35.667383221369384,153.40393511284722
85,13,35.75374276817051,0.06604740673079082,0.8543949915223403,154.76900846354167,0.32140841959930794,35.75374276817051,154.76900846354167
85,11,35.8527416240746,0.01697850127093385,0.8533789272639858,168.5228181423611,0.3419144948448775,35.8527416240746,168.5228181423611
85,10,35.84095986011631,0.029241653787157863,0.8533397025961987,169.03834440104166,0.08804084504060353,35.84095986011631,169.03834440104166
85,8,35.90993793855073,0.042850311241651264,0.8513499177590408,174.7427633463542,0.08892744962218725,35.90993793855073,174.7427633463542
85,7,35.901458072140386,0.07263642108895209,0.8507190591587174,174.14154969618053,0.15640585458475112,35.901458072140386,174.14154969618053
85,5,35.8519738855199,0.058785889275971455,0.850699196004539,177.81792588975694,0.08121138059837588,35.8519738855199,177.81792588975694
85,3,35.57773844994911,0.02670674756282315,0.850411751086329,181.3846999782986,0.37682863923675447,35.57773844994911,181.3846999782986
85,1,35.588677265344195,0.019841090145011585,0.8506279655608798,181.5185864800347,0.1662507228712253,35.588677265344195,181.5185864800347
85,0,35.61188848913529,0.04342179479588473,0.85073613941004,181.69524663628474,0.10408902527428168,35.61188848913529,181.69524663628474
86,31622,0.1719173198627144,0.0030392986644659477,0.862746607634712,56.70745421006944,0.008565306181762522,0.0,56.70745421006944
86,31622,0.1719173198627144,0.0030392986644659477,0.862746607634712,56.70745421006944,0.008565306181762522,0.1719173198627144,56.70745421006944
86,10000,0.4821929683954712,0.059586182080022185,0.8594765531175911,56.36473746744792,0.13525375274301765,0.4821929683954712,56.36473746744792
86,5623,0.8803831596834142,0.09427815810536412,0.8596222568145524,56.089131076388895,0.1120500738694299,0.8803831596834142,56.089131076388895
86,3162,1.6687581952826285,0.0027763504112953354,0.8588141344327379,55.55680588107639,0.014911443901812406,1.6687581952826285,55.55680588107639
86,1778,2.878054859955229,0.005840415872316106,0.8603367266642022,55.45373904079861,0.006367132616665847,2.878054859955229,55.45373904079861
86,1333,3.763481709127358,0.0025303318561346157,0.8608541811364757,55.760521267361106,0.035098498407051114,3.763481709127358,55.760521267361106
86,1000,4.930389768480457,0.006638853458185901,0.8615525869937128,56.18136273871528,0.04378637231428099,4.930389768480457,56.18136273871528
86,749,6.50371983519049,0.005208311745473388,0.861521110685978,57.03745746527778,0.025102798668057903,6.50371983519049,57.03745746527778
86,562,8.486074882361308,0.004236766005597848,0.8623102038949405,58.459106228298616,0.026753329293337305,8.486074882361308,58.459106228298616
86,421,11.034879338431145,0.010919471969704967,0.8626144100074944,60.28746061197918,0.018771821332270656,11.034879338431145,60.28746061197918
86,316,14.30235900195254,0.04957880604843342,0.8631499727977984,62.316206054687505,0.15277410261927804,14.30235900195254,62.316206054687505
86,236,18.29423302033782,0.03603153257299005,0.8634020268230639,65.32744249131945,0.06662356336675838,18.29423302033782,65.32744249131945
86,177,22.636563166376934,0.0032903103653576125,0.8630093732097355,68.28610709635416,0.0780039802137516,22.636563166376934,68.28610709635416
86,153,25.293828480466402,0.030304313450587265,0.8632194473203926,70.2133288845486,0.034462624607211174,25.293828480466402,70.2133288845486
86,133,28.390444498877013,0.018563719156758633,0.8635469079171579,74.47299197048612,0.02740690805967209,28.390444498877013,74.47299197048612
86,123,29.439547039211636,0.01826490872210318,0.8632110961835862,76.74843771701389,0.07133790919545956,29.439547039211636,76.74843771701389
86,115,30.24015271359585,0.008367511848760145,0.8632927999195185,78.4457429470486,0.005934627666578307,30.24015271359585,78.4457429470486
86,100,31.538826093077905,0.014406673376606064,0.8629321406823037,81.22761002604166,0.03159073723911966,31.538826093077905,81.22761002604166
86,86,32.53426079196012,0.03761250674610556,0.8619835914213834,86.38552430555556,1.6604850806494282,32.53426079196012,86.38552430555556
86,74,32.99504056874858,0.013394224206800464,0.8607381911790006,89.47785362413195,0.07942955440447291,32.99504056874858,89.47785362413195
86,63,33.755684655349064,0.061018117247433466,0.8595594139262249,97.73067447916667,0.17506580306448888,33.755684655349064,97.73067447916667
86,55,33.8841158529197,0.01836160041283732,0.8591515551558183,101.59370789930557,0.08380134171328607,33.8841158529197,101.59370789930557
86,47,33.95269171474285,0.046426389141230685,0.8586542488254872,103.3210724826389,0.1244450977263367,33.95269171474285,103.3210724826389
86,41,33.93900419725016,0.03840822872578552,0.8581636990939719,104.3014045138889,0.10555143460282496,33.93900419725016,104.3014045138889
86,37,33.89115089237251,0.018647564516815054,0.8578774480536779,104.72289876302084,0.022453423059412315,33.89115089237251,104.72289876302084
86,35,33.902967234781165,0.03629002481596486,0.8577764050451515,105.24023990885416,0.03269627479952462,33.902967234781165,105.24023990885416
86,33,33.89515693139167,0.05638775852324293,0.8571370924330868,105.37969021267361,0.06484874187927891,33.89515693139167,105.37969021267361
86,32,33.94316830807109,0.07368620326039238,0.8574512996538856,105.51503038194444,0.14237909735545615,33.94316830807109,105.51503038194444
86,31,34.10595185080271,0.010514486480094669,0.8563421048792096,111.62157975260418,0.1111620416603719,34.10595185080271,111.62157975260418
86,29,34.317175092065234,0.020251675292281654,0.8557261532336359,114.41404448784722,0.14888674318303755,34.317175092065234,114.41404448784722
86,26,34.35569718678547,0.018599473978657535,0.8553976573767975,115.35168229166668,0.07662149971716295,34.35569718678547,115.35168229166668
86,23,34.37446787642852,0.046423658857428905,0.8550934389713946,116.55909440104169,0.05996887054617199,34.37446787642852,116.55909440104169
86,22,34.363102005356716,0.02163844665778229,0.8553092521484763,117.05002452256944,0.04666144231700556,34.363102005356716,117.05002452256944
88,10000,0.49086882613753424,0.0031228552645072875,0.8762952199957085,56.36491004774305,0.0144695893311156,0.0,56.36491004774305
88,10000,0.49086882613753424,0.0031228552645072875,0.8762952199957085,56.36491004774305,0.0144695893311156,0.49086882613753424,56.36491004774305
88,5623,0.8308173857616938,0.0028193353718218503,0.8781682250295999,56.13321223958334,0.005602340958648037,0.8308173857616938,56.13321223958334
88,3162,1.478476093154928,0.006148069771015096,0.8802805053213004,55.66087934027778,0.0178455005634975,1.478476093154928,55.66087934027778
88,1778,2.5853885602780458,0.04530134905131705,0.8819937418223393,55.512287000868064,0.04235463502350078,2.5853885602780458,55.512287000868064
88,1333,3.343672216420364,0.0034624760059787734,0.882797495223549,56.609877712673615,1.8324287569286,3.343672216420364,56.609877712673615
88,1000,4.39654070030599,0.004568176674396027,0.8837241376374001,55.84139963107639,0.02707126680084069,4.39654070030599,55.84139963107639
88,177,18.75444029608494,0.04123716218969522,0.8759267449776852,64.91361469184028,0.022290377428883828,18.75444029608494,64.91361469184028
88,153,20.895893090750636,0.027835051989132123,0.8762705056459513,66.72724555121528,0.05933689141259219,20.895893090750636,66.72724555121528
88,133,23.10345895412138,0.009916619249401756,0.8757300762084773,68.14427018229166,0.01976634842089467,23.10345895412138,68.14427018229166
88,115,25.957445823930218,0.019448743455654335,0.8765411726880398,70.30104741753472,0.08022292278841939,25.957445823930218,70.30104741753472
88,100,28.7236975740346,0.0033671400751263936,0.8764520085464009,73.34336197916667,0.07423973585396916,28.7236975740346,73.34336197916667
88,95,29.604270146744486,0.00857071071949282,0.8765452648415565,74.84549023437499,0.023838029063182265,29.604270146744486,74.84549023437499
88,88,31.103353929177114,0.06697493345156694,0.877836097956535,76.93708517795139,0.057799151981487426,31.103353929177114,76.93708517795139
88,86,31.30183146728589,0.08549224173441214,0.8772799677088031,77.39498687065972,0.20224135235311172,31.30183146728589,77.39498687065972
88,92,31.933786424650524,0.028721974562810636,0.8766567994102511,79.53786979166667,0.10613459163155962,31.933786424650524,79.53786979166667
88,74,32.85130509010265,0.010937323621752534,0.8765814775716692,83.27901258680555,0.025452267088648315,32.85130509010265,83.27901258680555
88,63,33.90963549982997,0.0408235443450544,0.8758334023984369,90.46462684461807,0.04539247798944959,33.90963549982997,90.46462684461807
88,55,34.14239472879603,0.030655542422103017,0.8751553023871714,94.57817719184027,0.04866616420435166,34.14239472879603,94.57817719184027
88,19,35.97270557699711,0.036972917882900636,0.8845060833115262,122.61516655815971,0.07271647505938778,35.97270557699711,122.61516655815971
88,20,35.97593624350346,0.03028393835236353,0.8848764924416775,121.75876204427084,0.06686431328857952,35.97593624350346,121.75876204427084
88,17,36.02865353845316,0.020264412775495146,0.884723028077189,124.08218847656251,0.028014148662593715,36.02865353845316,124.08218847656251
88,15,36.49015108972632,0.00747865408857673,0.8848090810931574,133.4842534722222,0.2377999072183259,36.49015108972632,133.4842534722222
88,14,36.734126045554824,0.00038583619837123564,0.8847076063943603,140.59007877604165,0.060344338992179905,36.734126045554824,140.59007877604165
88,13,36.79386203175021,0.03476003777121118,0.8848079529311846,141.7164622395833,0.13209122453736893,36.79386203175021,141.7164622395833
88,11,37.056827595057996,0.029272259900854032,0.8841770008765283,153.9997437065972,0.12051624383887073,37.056827595057996,153.9997437065972
88,10,37.08591993286846,0.013437239823097863,0.88478148922909,154.27224468315973,0.13612474037704916,37.08591993286846,154.27224468315973
88,5,37.098336501356805,0.016962762149048738,0.8816104188177426,164.4090539279514,0.01971668938173868,37.098336501356805,164.4090539279514
88,3,36.95813247420535,0.06402824981398676,0.881181134228595,166.86771180555556,0.029408908251951943,36.95813247420535,166.86771180555556
88,1,37.01974444894271,0.046299633865954315,0.8816386530796515,166.74603493923613,0.09316341182533482,37.01974444894271,166.74603493923613
88,0,36.98633290943953,0.030280946751574053,0.8814416750344369,167.37979144965277,0.034795133199997046,36.98633290943953,167.37979144965277
89,100000,0.051672991756513166,,0.8929346485819976,56.89770648871528,0.01742154975084383,0.0,56.89770648871528
89,100000,0.051672991756513166,,0.8929346485819976,56.89770648871528,0.01742154975084383,0.051672991756513166,56.89770648871528
89,31622,0.15711487400216534,0.0001527183819793388,0.8863771535821807,56.72481391059028,0.009496573964414409,0.15711487400216534,56.72481391059028
89,10000,0.49477316472574245,0.0007141437415548663,0.886419674982076,56.464003472222224,0.015399720944165664,0.49477316472574245,56.464003472222224
89,3162,1.5033738773248846,0.0014361801295078886,0.8910259597626782,55.774342447916666,0.025463832057441023,1.5033738773248846,55.774342447916666
89,1778,2.615387468269148,0.028095023561351126,0.8931988416972935,55.42554546440973,0.0010896089342044312,2.615387468269148,55.42554546440973
89,1000,4.41641141857937,0.0007575628152573252,0.8946143663988132,55.813478407118055,0.012936651435799008,4.41641141857937,55.813478407118055
89,749,5.7865329303756585,0.015643613513642886,0.8900444782814262,56.498357421875,0.03454295844288798,5.7865329303756585,56.498357421875
89,562,7.538203990754691,0.024172847017609616,0.885745861563107,57.55214908854166,0.051154262119086746,7.538203990754691,57.55214908854166
89,421,9.779464511088884,0.01524998078784806,0.8865886116509741,59.120774848090285,0.028759347338439527,9.779464511088884,59.120774848090285
89,316,12.664123182774032,0.01833158669209009,0.8884100524367263,60.62006532118056,0.017149448142998708,12.664123182774032,60.62006532118056
89,236,16.36208482134131,0.02977029622801803,0.8892498579040597,62.97571028645834,0.0378784812653516,16.36208482134131,62.97571028645834
89,177,20.451382589646148,0.02756897769423037,0.8888689095755105,66.1024919704861,0.041035272589220635,20.451382589646148,66.1024919704861
89,153,22.655971443897016,0.008033717218725712,0.8890931467087979,67.43334006076388,0.031113771867688853,22.655971443897016,67.43334006076388
89,133,25.24115201852106,0.02127275107194083,0.8889153527877385,69.41253819444445,0.08491497846124152,25.24115201852106,69.41253819444445
89,115,28.196780086226386,0.006551916628967613,0.8897831011105762,71.9240636935764,0.046196347360249614,28.196780086226386,71.9240636935764
89,100,30.35751176910232,0.006652805254917313,0.8901027873223418,74.80989691840279,0.04678034745463318,30.35751176910232,74.80989691840279
89,95,30.998840792602284,0.01731731696451846,0.8903101442967584,75.86044422743055,0.054126096820877184,30.998840792602284,75.86044422743055
89,89,32.07996190607779,0.01606826726954598,0.8905635226798007,77.66925802951388,0.008026659126028624,32.07996190607779,77.66925802951388
89,88,32.176633035283494,0.02213323018576781,0.8908336661332026,78.00863194444445,0.18813154129432505,32.176633035283494,78.00863194444445
89,86,32.35663134186107,0.0026179545222857078,0.8911706494887374,78.32303168402778,0.04669296895390178,32.35663134186107,78.32303168402778
89,92,32.75244841078952,0.0107798144503703,0.890780472219684,79.91004774305556,0.011544977809514282,32.75244841078952,79.91004774305556
89,74,33.334463525624635,0.01767015662311344,0.8908986090812739,82.92461371527777,0.05591639580576688,33.334463525624635,82.92461371527777
89,63,34.377106709871725,0.02911877788019786,0.8904793348392678,90.38285394965278,0.029609075347059956,34.377106709871725,90.38285394965278
89,55,34.63416163340289,0.02846581199197538,0.890153292503705,94.50220019531248,0.04292585126378248,34.63416163340289,94.50220019531248
89,47,34.71394096307836,0.00731853589771817,0.8897741171457119,96.75865418836804,0.11762249728168264,34.71394096307836,96.75865418836804
89,35,34.722822093226426,0.012381425788266008,0.888976273408209,99.18096061197916,0.08567011961738,34.722822093226426,99.18096061197916
89,41,34.72588516687782,0.013965029531644628,0.8891578555633425,98.07393630642362,0.05326996021387296,34.72588516687782,98.07393630642362
89,37,34.734376722213106,0.04130311894105656,0.889227237556264,98.92895138888889,0.07184398033894689,34.734376722213106,98.92895138888889
89,33,34.725689817183714,0.02127999474988371,0.8887576204331382,99.53543500434029,0.08586947185888609,34.725689817183714,99.53543500434029
89,32,34.61014585675954,0.1310465101082229,0.8886333949228037,99.6043960503472,0.05847565152867846,34.61014585675954,99.6043960503472
89,31,35.08480210366651,0.006724985741344493,0.8872940964826658,104.77035611979166,0.07448671880174652,35.08480210366651,104.77035611979166
89,29,35.22862573377309,0.005587563547011065,0.886594512481733,107.80760329861111,0.07544621466177986,35.22862573377309,107.80760329861111
89,28,35.24345887695632,0.008245508907939266,0.886585172362533,108.0426763237847,0.02216890365942078,35.24345887695632,108.0426763237847
89,26,35.2249063924553,0.022524253360891144,0.885810017177588,108.96318977864583,0.1076943693611546,35.2249063924553,108.96318977864583
89,23,35.238164801082,0.009502852376302946,0.8852655233796481,109.85424066840277,0.10812128964238865,35.238164801082,109.85424066840277
89,22,35.26047406598237,0.008751714938028291,0.8852711046164057,109.96951258680558,0.09810078157241282,35.26047406598237,109.96951258680558
90,10000,0.45734510163292175,0.00027497488061525394,0.898577063871797,56.46578548177084,0.07700768467165613,0.0,56.46578548177084
90,10000,0.45734510163292175,0.00027497488061525394,0.898577063871797,56.46578548177084,0.07700768467165613,0.45734510163292175,56.46578548177084
90,5623,0.780386036449188,0.003204031879281663,0.9020744442110779,56.120850802951395,0.03573706231447381,0.780386036449188,56.120850802951395
90,3162,1.379593600817012,0.0022468038990868825,0.9040856315284881,55.67034092881945,0.016879714499818142,1.379593600817012,55.67034092881945
90,749,5.800625410243168,0.0021367546836750725,0.8952660291819302,56.44494064670139,0.03567985437080986,5.800625410243168,56.44494064670139
90,562,7.585031675416183,0.00366360034800144,0.8966401035772239,57.47322916666667,0.02976351038691203,7.585031675416183,57.47322916666667
90,421,9.846342678780548,0.013960601534362443,0.896987822591988,58.968956488715286,0.02935985185125481,9.846342678780548,58.968956488715286
90,316,12.719085072637702,0.02354219205316712,0.8989578961654002,60.4724326171875,0.06960509991508192,12.719085072637702,60.4724326171875
90,236,16.36281884521827,0.03749695524526037,0.8999085708793656,62.41852495659723,0.02011729518055794,16.36281884521827,62.41852495659723
90,177,20.490183654720965,0.045975264853914115,0.8989770810271599,65.47962727864582,0.0379140750194944,20.490183654720965,65.47962727864582
90,133,25.104546674850212,0.01300017407597042,0.9011706792157987,68.35863346354166,0.03286969415631433,25.104546674850212,68.35863346354166
90,115,27.819332536654745,0.05246351915694386,0.9011671746970952,70.57497026909722,0.05885019403004797,27.819332536654745,70.57497026909722
90,100,30.301084702461765,0.013842739480632648,0.9014828160653235,73.12244227430556,0.04004514724118325,30.301084702461765,73.12244227430556
90,97,30.731789944340687,0.02202136688850155,0.9013206848072987,75.45273003472222,3.0975180188552707,30.731789944340687,75.45273003472222
90,95,31.002184360047796,0.008247019323472795,0.9016845951397187,74.05862727864583,0.056715085699440115,31.002184360047796,74.05862727864583
90,93,33.018612270125146,0.025682953513509514,0.9018980432060643,77.95719390190972,0.03947589769387509,33.018612270125146,77.95719390190972
90,92,33.07200972711478,0.0010578483360379012,0.9018079604360819,78.13391200086805,0.018304645453309513,33.07200972711478,78.13391200086805
90,86,33.09222750948744,0.04189185896336613,0.901782328685561,78.09987966579861,0.10089619611689579,33.09222750948744,78.09987966579861
90,79,33.40772622854171,0.01104397532574938,0.9019127255895891,79.68471549479166,0.06908785701813358,33.40772622854171,79.68471549479166
90,74,33.790887425288254,0.018508645600838602,0.9015341657974137,81.43509157986112,0.0354683414255922,33.790887425288254,81.43509157986112
90,63,34.78417452447017,0.01510814228725279,0.9013965023308667,88.23758300781249,0.04989637591571752,34.78417452447017,88.23758300781249
90,55,35.10059726844467,0.0028316117661309134,0.9008987203396274,92.23523990885417,0.04770224739913965,35.10059726844467,92.23523990885417
90,47,35.169609030811166,0.030092473258880193,0.9006952529331965,94.410337890625,0.02751287762999307,35.169609030811166,94.410337890625
90,41,35.187952686777585,0.03769998259673499,0.9000591308563494,95.57359103732638,0.0158483559476517,35.187952686777585,95.57359103732638
90,37,35.199481024493856,0.023992834495075957,0.8990944992196174,96.96531260850695,0.03266812426588021,35.199481024493856,96.96531260850695
90,35,35.199514460841506,0.07224221893577648,0.8992858889216736,97.04692892795138,0.3093889819266416,35.199514460841506,97.04692892795138
90,32,35.13023321894652,0.02473810420495956,0.8991259272507485,98.43011317274306,2.214219802119846,35.13023321894652,98.43011317274306
90,31,35.48102078165645,0.002300673699539712,0.898525824835222,102.21319238281251,0.1045525077716807,35.48102078165645,102.21319238281251
90,29,35.66286652648714,0.01019556502298454,0.8976304075456819,104.82850151909723,0.03640007925835858,35.66286652648714,104.82850151909723
90,28,35.669496856460206,0.005273070010413013,0.8974893606522855,105.08929839409723,0.037109403533526646,35.669496856460206,105.08929839409723
90,26,35.6932302892582,0.012023766247320213,0.8972301196003164,105.71176920572914,0.06693613265117285,35.6932302892582,105.71176920572914
90,23,35.708836826656174,0.005403009605872873,0.8973945459786066,106.23534092881944,0.022989930693057138,35.708836826656174,106.23534092881944
90,22,35.75920945244312,0.08841747687087775,0.897194373812336,106.39790462239584,0.0950112693800442,35.75920945244312,106.39790462239584
90,20,36.40163138107775,0.012767582555296059,0.8970202982720901,117.41373535156252,0.06633422461747583,36.40163138107775,117.41373535156252
90,19,36.44029480365554,0.05505473281622515,0.8973104743922266,118.23656239149305,0.16193875830255436,36.44029480365554,118.23656239149305
90,17,36.52688925662096,0.005765963544031293,0.8974496247001479,120.88304329427085,2.4636492573645166,36.52688925662096,120.88304329427085
90,15,37.05605068312792,0.0033625498639908605,0.8980317760656242,127.71374327256945,0.1389269442515271,37.05605068312792,127.71374327256945
90,14,37.35372584922184,0.014782299618235663,0.8985366386979662,135.90941460503473,3.8695183275177776,37.35372584922184,135.90941460503473
90,13,37.3799295873554,0.029282629560002493,0.8983502392275046,134.87407443576387,0.12084894427703183,37.3799295873554,134.87407443576387
90,11,37.75931636687519,0.009388404583000604,0.8988235263813132,146.69497341579861,0.09862789938855965,37.75931636687519,146.69497341579861
90,10,37.78148824229705,0.014622189460645224,0.8989107748832117,147.61586892361112,0.10332188554455428,37.78148824229705,147.61586892361112
90,8,37.910415380585235,0.058311847946803885,0.8969970190790187,153.39212272135418,0.0924068314324078,37.910415380585235,153.39212272135418
90,7,37.873422860499886,0.00718930843389671,0.8964203817589818,153.42834505208336,0.11635244800161706,37.873422860499886,153.42834505208336
90,5,37.809943576144434,0.011381509064225201,0.8958932002797569,158.13183984375,0.12255933177266623,37.809943576144434,158.13183984375
90,3,37.71646422744583,0.01891328202274866,0.8955756872581793,160.5479836154514,0.09464196266421608,37.71646422744583,160.5479836154514
90,1,37.738114979384825,0.011165759882321534,0.8959658128086865,160.97291905381942,0.09483197478651191,37.738114979384825,160.97291905381942
90,0,37.71317596975333,0.006869346528254324,0.8959036562661247,160.89073676215278,0.15767973154290463,37.71317596975333,160.89073676215278
91,10000,0.4165518388108274,0.0005700391700543309,0.9096147338707482,56.47233875868056,0.033801968174087246,0.0,56.47233875868056
91,10000,0.4165518388108274,0.0005700391700543309,0.9096147338707482,56.47233875868056,0.033801968174087246,0.4165518388108274,56.47233875868056
91,1778,2.3861535927738213,0.0070705864520831,0.9061512541320148,55.46346148003472,0.03892938576945644,2.3861535927738213,55.46346148003472
91,1000,4.08540944162867,0.00796480342327457,0.9081181311053917,55.73755056423611,0.03014113005779132,4.08540944162867,55.73755056423611
91,749,5.347752850288239,0.0060891415144940725,0.9085134119047112,56.230365451388884,0.009502237381804944,5.347752850288239,56.230365451388884
91,562,6.875087298961632,0.008720861992096509,0.909482413543942,57.12475010850695,0.006656507622058326,6.875087298961632,57.12475010850695
91,421,9.081098413724076,0.0205551406414354,0.9109698254499708,58.47244346788194,0.05389583631425229,9.081098413724076,58.47244346788194
91,316,11.775888512522934,0.009351933034104408,0.912461526502419,59.89600108506945,0.03661255974396372,11.775888512522934,59.89600108506945
91,236,15.103570810241814,0.00836244850710077,0.9142679398801793,61.47551692708333,0.05043754604841089,15.103570810241814,61.47551692708333
91,177,19.079300524078167,0.02063379660258318,0.9119181455123854,64.14630219184028,0.05911457524938724,19.079300524078167,64.14630219184028
91,133,23.300743058541215,0.01611916175360614,0.9134527278696466,66.76151345486112,0.018622734541752433,23.300743058541215,66.76151345486112
91,115,25.829140418445792,0.010652360096116014,0.9136223648067506,68.46612890625,0.029643701610292016,25.829140418445792,68.46612890625
91,100,28.454060613144037,0.09273756311438969,0.9138000603193355,70.34417860243056,0.014450589272080724,28.454060613144037,70.34417860243056
91,95,29.405919873515902,0.06674002683530388,0.9138973032018871,71.1976960720486,0.01483651982535284,29.405919873515902,71.1976960720486
91,88,31.484057461427682,0.11247664473349854,0.9147826560309325,73.50280425347222,0.12277526446576738,31.484057461427682,73.50280425347222
91,79,32.59210298876814,0.05124348520314519,0.9141759760929244,75.54197439236111,0.1400235049839793,32.59210298876814,75.54197439236111
91,92,32.698125942053764,0.03504538969365223,0.9145377899127634,75.36287055121527,0.04473067833005475,32.698125942053764,75.36287055121527
91,74,33.758054696145095,0.008128124198204337,0.9143775515338152,78.83916297743055,0.05075623344880205,33.758054696145095,78.83916297743055
91,68,34.003311317726315,0.025457642751331232,0.9145646432984412,80.32341449652777,0.24160179426141715,34.003311317726315,80.32341449652777
91,63,34.78760624852335,0.03501684987483055,0.9143172200320168,84.90335709635417,0.029582888072429182,34.78760624852335,84.90335709635417
91,55,35.23817754803928,0.003987573012678159,0.914097634715444,89.1122353515625,0.09270340840891934,35.23817754803928,89.1122353515625
91,47,35.374847319982074,0.013549827741158468,0.9137582189841073,91.7782529296875,0.05811405632426261,35.374847319982074,91.7782529296875
91,35,35.40600619034731,0.01732223089125058,0.9135103459833792,94.42964171006945,0.04050560986990018,35.40600619034731,94.42964171006945
91,37,35.409986230501715,0.019838850479852635,0.9134871628078735,93.96025954861112,0.06576399185976829,35.409986230501715,93.96025954861112
91,41,35.42260338609287,0.012090169688892883,0.9137084056152918,92.97870887586805,0.1873355979670387,35.42260338609287,92.97870887586805
91,33,35.37250246958718,0.027736529091085326,0.913321648506178,94.5055730251736,0.1300946736604336,35.37250246958718,94.5055730251736
91,32,35.388834050060915,0.03770614799630685,0.9133374590515695,94.71417078993056,0.018020096840145588,35.388834050060915,94.71417078993056
91,31,35.760276826677426,0.039987179559765856,0.9126179794130572,99.12634136284721,0.04002651509911185,35.760276826677426,99.12634136284721
91,29,35.94943028094907,0.012509916653330186,0.9118190458266863,102.22567111545139,0.026230843717050555,35.94943028094907,102.22567111545139
91,28,35.930046008408766,0.014528800462507725,0.9118606936524051,102.41351041666667,0.033316376456381094,35.930046008408766,102.41351041666667
91,26,35.94549924952175,0.011878965526340227,0.9116364190519982,102.85783897569445,0.014125846351056497,35.94549924952175,102.85783897569445
91,23,35.96919013257304,0.006770857614357238,0.9113872551031891,103.53236881510418,0.04776898551679926,35.96919013257304,103.53236881510418
91,22,35.985577764422466,0.019186402195501252,0.9111719058270819,103.99364463975695,0.15395594188513617,35.985577764422466,103.99364463975695
91,20,36.733704380234016,0.01465951295162029,0.910980153814999,114.62904405381943,0.0218007708395021,36.733704380234016,114.62904405381943
91,19,36.78051216485304,0.02170300932151,0.9110215679155291,115.4045988498264,0.05013167804925839,36.78051216485304,115.4045988498264
91,17,36.862482613520974,0.027041343128465994,0.9108378168241499,116.64610123697916,0.016522147085935843,36.862482613520974,116.64610123697916
91,15,37.40718941282039,0.01232211738137813,0.9114834480439282,124.70759223090278,0.05388434795906944,37.40718941282039,124.70759223090278
91,14,37.669653344124704,0.005907338387811015,0.9116456213925525,130.73564496527777,0.05639887508866884,37.669653344124704,130.73564496527777
91,13,37.76055514292752,0.06960310237905108,0.9108487642606652,132.7375939670139,0.23443606659699964,37.76055514292752,132.7375939670139
91,11,38.18637595662856,0.03828843149624729,0.9120736945503679,142.34072200520833,0.12908032013184104,38.18637595662856,142.34072200520833
91,10,38.20423286428283,0.04082195299856097,0.9122343144839098,142.97424207899306,0.20531734183856543,38.20423286428283,142.97424207899306
91,8,38.304954525821294,0.01513234363636463,0.9105590970128348,149.86274164496527,1.5025062319424836,38.304954525821294,149.86274164496527
91,7,38.30797020971847,0.02174563165297775,0.9105159393523486,149.01650889756945,0.035431573915892044,38.30797020971847,149.01650889756945
91,5,38.29260496518814,0.007822570936455454,0.9098458783178475,154.3620341796875,0.12425502723990396,38.29260496518814,154.3620341796875
91,3,38.19235188580091,0.017792758633212426,0.9092014482712765,156.1945290798611,0.12079797689814897,38.19235188580091,156.1945290798611
91,1,38.181035010061606,0.016380337291613017,0.909422141518649,156.73129850260418,0.12154511782934975,38.181035010061606,156.73129850260418
91,0,38.18715462678762,0.008827039566052087,0.9093944840344284,156.79832421875003,0.11046188788184438,38.18715462678762,156.79832421875003
92,10000,0.3892124106857269,0.0018738777684736885,0.9234691289945306,56.63241427951389,0.0347639725864035,0.0,56.63241427951389
92,10000,0.3892124106857269,0.0018738777684736885,0.9234691289945306,56.63241427951389,0.0347639725864035,0.3892124106857269,56.63241427951389
92,3162,1.2643794327520355,0.0007800801963147342,0.9152381053099821,55.86043728298611,0.0415199180591854,1.2643794327520355,55.86043728298611
92,1778,2.1633990380019523,0.000697857770604501,0.9177845813020685,55.53609450954861,0.022935074988596028,2.1633990380019523,55.53609450954861
92,1000,3.69677768760202,0.0028088929316241974,0.9196255426266081,55.53132020399306,0.01709081122116651,3.69677768760202,55.53132020399306
92,562,6.353652181297527,0.008310460697076692,0.9210505374308111,56.58002810329861,0.012619152961684518,6.353652181297527,56.58002810329861
92,421,8.269202729756623,0.025457531896878167,0.9230658599317013,57.78040364583334,0.019907139703528084,8.269202729756623,57.78040364583334
92,316,10.694932892003704,0.010606252826811617,0.9235290243034768,59.17081586371527,0.026404954470611183,10.694932892003704,59.17081586371527
92,133,21.78881241297258,0.022894385355177172,0.9243733669406424,65.23544856770835,0.034079401034999,21.78881241297258,65.23544856770835
92,86,31.700554627331165,0.1137526333907074,0.9151932099741904,73.78730967881944,0.10618861544561962,31.700554627331165,73.78730967881944
93,10000,0.45341651330464394,0.011732100201374643,0.9325703522529394,56.55759559461806,0.02028355463935544,0.45341651330464394,56.55759559461806
93,3162,1.1615053578560444,0.002192241743440622,0.9304669039154656,55.92814952256945,0.026380145816577102,1.1615053578560444,55.92814952256945
93,1778,2.008804341289375,0.0026609317729818747,0.9329036964749869,55.55136317274306,0.005825940600519209,2.008804341289375,55.55136317274306
93,1000,3.4311151422386224,0.0037033515988426856,0.9348164182181808,55.521033311631946,0.009081179776712607,3.4311151422386224,55.521033311631946
93,236,13.895533838333446,0.012305682542821425,0.9260329435042194,60.35109624565971,0.023418966233222774,13.895533838333446,60.35109624565971
93,177,17.694479352485736,0.08699614033690695,0.9254489916703732,62.40676953125,0.045573545525561615,17.694479352485736,62.40676953125
93,115,24.137838802045014,0.02773986196701328,0.9253730510690925,66.4667761501736,0.018690498013279908,24.137838802045014,66.4667761501736
93,100,26.649331282359427,0.029932058002151953,0.9260599433835083,67.98701128472221,0.018356548919206673,26.649331282359427,67.98701128472221
93,97,27.184814104284424,0.026439626201301972,0.9259715654485392,68.44740625,0.0036865174588337634,27.184814104284424,68.44740625
93,95,27.597533766850948,0.03264518875820646,0.9260239643042816,68.67522428385416,0.04036839506663219,27.597533766850948,68.67522428385416
93,90,30.34508746855178,0.026155481199146725,0.9270427196440977,70.78009082031251,0.047862626162413636,30.34508746855178,70.78009082031251
93,89,30.541910701328618,0.049721146721226246,0.9268357040789894,70.99536686197916,0.12449969133766076,30.541910701328618,70.99536686197916
93,88,30.66083594759699,0.02227437284548064,0.9267921526421755,71.17619943576388,0.11581085514096157,30.66083594759699,71.17619943576388
93,86,31.109783971563875,0.04820220326231431,0.9270950341940422,71.62865983072918,0.005390916191758163,31.109783971563875,71.62865983072918
93,92,31.781442423198854,0.012309668715450686,0.9273686539739239,72.15591395399305,0.0418105794295253,31.781442423198854,72.15591395399305
93,74,33.63805279311898,0.012153327672223324,0.9286180890164516,75.65512131076389,0.03656779218424831,33.63805279311898,75.65512131076389
93,63,34.96532219226881,0.003382088340299367,0.9286699363980149,81.2260685763889,0.028405743417733567,34.96532219226881,81.2260685763889
93,55,35.41386942373006,0.024095510702169975,0.9284516146121318,85.4032353515625,0.0638673225719241,35.41386942373006,85.4032353515625
93,47,35.68785446579517,0.025574639761706767,0.9284305369193749,88.09685807291667,0.08481979410404555,35.68785446579517,88.09685807291667
93,41,35.708140127970985,0.01345945812281599,0.9282386503088952,89.41088661024305,0.05314411461254019,35.708140127970985,89.41088661024305
93,37,35.732406732480534,0.017528336606096283,0.9282090218671711,90.49657953559029,0.05049966340464534,35.732406732480534,90.49657953559029
93,35,35.77062977957001,0.0031891920431708627,0.9278968666444084,91.26900238715278,0.33348826360795997,35.77062977957001,91.26900238715278
93,33,35.75720245118895,0.0078004257050133105,0.9279165341082122,91.56329383680554,0.039344284027523685,35.75720245118895,91.56329383680554
93,32,35.74687519792078,0.005395179683217328,0.9279574397145506,91.64583333333333,0.06697315587689215,35.74687519792078,91.64583333333333
93,31,36.16558854028724,0.039259494519994144,0.9272247998945143,96.0954306640625,0.04080713148703138,36.16558854028724,96.0954306640625
93,29,36.35321704854385,0.030401014989935096,0.9266727842910155,98.59592838541666,0.009078926604002825,36.35321704854385,98.59592838541666
93,28,36.348797605054564,0.042006224437829205,0.9265843946743016,98.79124696180556,0.03508291342768503,36.348797605054564,98.79124696180556
93,26,36.35484428153395,0.026140394790637716,0.9260234634086909,99.38508995225693,0.039685558941563025,36.35484428153395,99.38508995225693
93,23,36.37437822348538,0.009420492231561979,0.9256395835660784,100.16039366319444,0.1238823788197453,36.37437822348538,100.16039366319444
93,22,36.44818679968614,0.05211837864655145,0.925791823515454,100.376328125,0.11171340512213479,36.44818679968614,100.376328125
93,20,37.27324889665356,0.0006724947461459903,0.9261622458452842,110.63036762152778,0.031039740274107587,37.27324889665356,110.63036762152778
93,19,37.31681194252255,0.0020381589360659205,0.9260100559674391,111.44620334201387,0.05807329093262783,37.31681194252255,111.44620334201387
93,17,37.44255910279767,0.014108546072664397,0.92646258549282,112.80628244357638,0.1938639937507072,37.44255910279767,112.80628244357638
93,15,38.06670642472296,0.008442488491969663,0.9265642934634695,120.47141927083332,0.09776336450808995,38.06670642472296,120.47141927083332
93,14,38.396525929797654,0.0324407932013279,0.9275649237086393,125.90393120659724,0.15842017130704328,38.396525929797654,125.90393120659724
93,13,38.45497379214137,0.016219803449187387,0.9273603141684873,128.88789539930556,3.1689464410074075,38.45497379214137,128.88789539930556
93,11,38.96168971442298,0.04074444479274786,0.9273914821015304,136.64147471788195,0.19165348563008763,38.96168971442298,136.64147471788195
93,10,38.96617609692284,0.019305816019045578,0.9272248030939855,137.2571919487847,0.27777882562020956,38.96617609692284,137.2571919487847
93,8,39.12053707157575,0.027246439292800455,0.9262308714717626,142.47680403645833,0.08902762287487984,39.12053707157575,142.47680403645833
93,7,39.09971639245159,0.0406727428851312,0.9257816505896318,142.55281434461807,0.06788831318703893,39.09971639245159,142.55281434461807
93,5,39.164351952986294,0.03682795027358711,0.925706764872007,147.38300629340276,0.1619619686468075,39.164351952986294,147.38300629340276
93,3,39.10395649944014,0.01625406610090603,0.9255840086492588,148.8668349609375,0.1690115992088175,39.10395649944014,148.8668349609375
93,1,39.11333599488007,0.023885683101099092,0.9259596724523235,148.71478797743057,0.6196241568317362,39.11333599488007,148.71478797743057
93,0,39.11882926765301,0.014153538399287931,0.9260931492665471,149.48436306423613,0.12401685035221802,39.11882926765301,149.48436306423613
94,3162,1.2995318527409399,,0.9448997160517069,55.88323350694446,0.01580679115146155,1.2995318527409399,55.88323350694446
94,562,5.868012370505312,0.008065647490733076,0.9376258222215736,56.326375434027774,0.03613691911127115,5.868012370505312,56.326375434027774
94,421,7.674791806737482,0.03727578543229951,0.9387480862360923,57.33152669270833,0.020608522497953106,7.674791806737482,57.33152669270833
94,316,9.946307258548261,0.03175523997208062,0.9404151078959532,58.61890852864584,0.047017805424255585,9.946307258548261,58.61890852864584
94,236,12.840699362947902,0.006960276228268801,0.9421546837949997,59.578723632812505,0.03742153508742465,12.840699362947902,59.578723632812505
94,133,20.374867658044025,0.019807630528510877,0.9428124246216676,63.83209906684028,0.10434348506123928,20.374867658044025,63.83209906684028
94,115,22.517015227010415,0.018136802083638246,0.9426849532014394,64.92855609809028,0.03483154088042529,22.517015227010415,64.92855609809028
94,100,24.828005746968596,0.025714887236577853,0.9437161517780059,65.98990310329862,0.023009086051954356,24.828005746968596,65.98990310329862
94,97,25.372450276443903,0.02980489637788568,0.9437044726093281,66.32808951822916,0.023012141273478354,25.372450276443903,66.32808951822916
94,95,25.758094201221724,0.022946869092681777,0.9441157653170603,66.52047547743057,0.05726231004311212,25.758094201221724,66.52047547743057
94,90,28.136695186837546,0.01912568982006758,0.944444389814742,67.88222319878473,0.01514034931514856,28.136695186837546,67.88222319878473
94,89,28.36596531152746,0.030507531956686443,0.944438245774957,68.01785221354167,0.021855642144659616,28.36596531152746,68.01785221354167
94,88,28.6410459574584,0.04609717506541553,0.9444953003818576,68.2228761935764,0.025399522492723557,28.6410459574584,68.2228761935764
94,93,29.217294772222164,0.016099385508582864,0.9444694640901162,68.55391134982638,0.03324693197237369,29.217294772222164,68.55391134982638
94,92,29.714992562006014,0.030272272760172962,0.9444116030768299,68.98612141927084,0.1209455253709232,29.714992562006014,68.98612141927084
94,76,30.874061286417138,,0.9448953392822027,70.06506868489583,0.09092729035839349,30.874061286417138,70.06506868489583
94,26,36.80174947600292,0.024884604321271785,0.9444568926957482,96.94221647135419,0.06557424182881663,36.80174947600292,96.94221647135419
94,23,36.823767776317986,0.03423057649627994,0.9435254907380944,97.53223090277777,0.21365119140154645,36.823767776317986,97.53223090277777
94,22,36.8347736347007,0.014964252556651125,0.9437495360216168,97.79333995225694,0.10501913106775061,36.8347736347007,97.79333995225694
94,20,37.7078012727299,0.015066724748125255,0.9423513498603157,106.4954968532986,0.06550240080184713,37.7078012727299,106.4954968532986
94,19,37.80691378130725,0.04860332406900155,0.942288866671638,107.19604937065974,0.0612010193819083,37.80691378130725,107.19604937065974
94,17,37.882929011268025,0.037136968157724985,0.9417607813938553,108.89751041666666,0.19021982756609607,37.882929011268025,108.89751041666666
94,15,38.52149826650671,0.012955304378689645,0.9416745914577248,115.5712568359375,0.06632288623934884,38.52149826650671,115.5712568359375
94,14,38.877473966809134,0.006313811918529943,0.9415488536209643,121.66842534722223,0.0053517904422257755,38.877473966809134,121.66842534722223
94,13,38.942220826653575,0.03199328339997561,0.9415409109630303,122.73229144965279,0.18016294526233345,38.942220826653575,122.73229144965279
94,11,39.45797482625867,0.027846950159836112,0.941345647066508,131.50751660156251,0.06911412508289243,39.45797482625867,131.50751660156251
94,10,39.46753792670949,0.0059797780660628885,0.9411886970967526,132.24435286458333,0.07054025547971021,39.46753792670949,132.24435286458333
94,8,39.65675024295742,0.023501182904881488,0.9406971041133879,137.1539685329861,0.045747563193948654,39.65675024295742,137.1539685329861
94,7,39.65237982788039,0.004785355871222298,0.9404103971393957,137.09242751736113,0.28494578250495567,39.65237982788039,137.09242751736113
94,5,39.756974670200876,0.015508033747973871,0.9412857231736883,142.3979495442708,0.0785730053488548,39.756974670200876,142.3979495442708
94,3,39.76003978562226,0.007280092844320818,0.941172411460791,143.73447330729167,0.30332478282197967,39.76003978562226,143.73447330729167
94,1,39.822770014459984,0.010809710833099123,0.9412409948171353,143.91654470486114,0.05955406010003059,39.822770014459984,143.91654470486114
94,0,39.792866584117064,0.028835810158955956,0.9413806997533959,144.31962369791668,0.09727242756089106,39.792866584117064,144.31962369791668
95,10000,0.3679876554877813,0.002117264005099326,0.9507358384738959,56.63660698784722,0.017357934981012325,0.3679876554877813,56.63660698784722
95,1778,2.218746089197735,0.004936494798301067,0.9473142170068488,55.53765364583333,0.00933526607778197,2.218746089197735,55.53765364583333
95,1000,3.802240787301621,0.007823142592378601,0.9501497590454994,55.55327311197917,0.021791889388899147,3.802240787301621,55.55327311197917
95,562,6.465371988102284,0.032852259118456906,0.9527658440589043,56.508396267361114,0.02702340946026567,6.465371988102284,56.508396267361114
95,236,13.751785741587698,,0.9549270556118109,60.02019498697916,0.17799016849135682,13.751785741587698,60.02019498697916
95,177,16.25227711009649,,0.9451785889858211,61.24544032118055,0.03691354261650218,16.25227711009649,61.24544032118055
95,86,29.074682763999647,,0.9453134732103547,68.57678352864583,0.04623941426260326,29.074682763999647,68.57678352864583
95,79,30.516721780313915,,0.9451590753118668,69.85185221354168,0.1475804988672245,30.516721780313915,69.85185221354168
95,77,30.915613182063748,,0.945170275309742,70.1320163845486,0.11324228431982446,30.915613182063748,70.1320163845486
95,74,33.051237817920395,0.023853066516442832,0.9462222167366523,72.35254698350695,0.08849866093075151,33.051237817920395,72.35254698350695
95,72,33.247079821012605,0.004227444726337051,0.9464445720288491,72.82700499131944,0.06166989073559864,33.247079821012605,72.82700499131944
95,71,33.37910126712177,0.013069226780069044,0.9463886338744297,73.01669249131943,0.019415003590264976,33.37910126712177,73.01669249131943
95,70,33.475931091675555,0.0080642757632555,0.9466136166772912,73.23801280381944,0.025196556901619194,33.475931091675555,73.23801280381944
95,68,33.64756881588381,0.010358069846505254,0.9467524649970271,73.63422840711807,0.01128311713021273,33.64756881588381,73.63422840711807
95,63,34.752154843925034,0.03417335585154512,0.9469067021524465,77.19213953993055,0.05439774452331488,34.752154843925034,77.19213953993055
95,55,35.29435089982697,0.0015000092662080966,0.9468138455411469,80.78203765190973,0.01874254475292282,35.29435089982697,80.78203765190973
95,31,36.61413455148763,0.012408017173943265,0.9460369428289347,93.69070496961807,0.0803474371430645,36.61413455148763,93.69070496961807
96,3162,1.0998734690557264,0.01531401886535498,0.9590679114560804,56.04622146267361,0.055311539657633704,1.0998734690557264,56.04622146267361
96,1778,1.8713125108230624,0.00044478232498850183,0.9623059703478763,55.65179047309028,0.012848764700641375,1.8713125108230624,55.65179047309028
96,1000,3.207358451934729,0.004371062822613163,0.9640880428726447,55.417265407986115,0.01679204711398671,3.207358451934729,55.417265407986115
96,316,10.887451404683219,0.003552414630527783,0.9554123360751967,58.83522439236111,0.046628466857449556,10.887451404683219,58.83522439236111
96,177,17.754499775579863,0.11247148971331364,0.9565867144268146,61.433136067708325,0.060132646025590285,17.754499775579863,61.433136067708325
96,133,21.728906476427692,0.009979910762167725,0.9570579833037312,63.64592936197917,0.07540308639397365,21.728906476427692,63.64592936197917
96,100,26.271538892845825,0.010569693972994192,0.9582635434961904,65.71232204861111,0.10025956880831155,26.271538892845825,65.71232204861111
96,86,28.996347156557352,0.02240316877447808,0.9584158857642272,67.11604416232639,0.0714519310876231,28.996347156557352,67.11604416232639
96,82,29.788898805436933,0.05612617253450342,0.958745704218989,67.63068500434028,0.05544320029565999,29.788898805436933,67.63068500434028
96,79,30.452257478974584,0.03507003686506809,0.9588741856722788,68.27093543836806,0.03748218269975492,30.452257478974584,68.27093543836806
96,77,30.812609840569877,0.031074714221477378,0.9589208954126457,68.43413172743055,0.005067650552792425,30.812609840569877,68.43413172743055
96,76,31.212619800941997,0.0816861316237313,0.9599402827233497,68.67676356336807,0.10748063322047471,31.212619800941997,68.67676356336807
96,74,33.655416507748676,0.02529163099569377,0.9607975570522983,71.4296728515625,0.09701389470981998,33.655416507748676,71.4296728515625
96,72,33.813606029622186,0.04796033555587717,0.9610346778583851,71.95938715277778,0.26099112281815945,33.813606029622186,71.95938715277778
96,71,33.91328617650294,0.020332804001783722,0.9612607056405764,72.02971874999999,0.026653359613592675,33.91328617650294,72.02971874999999
96,70,34.007317741006936,0.039024475630521596,0.961189170951602,72.29352495659721,0.07323520328486094,34.007317741006936,72.29352495659721
96,68,34.15466023279733,0.020155047405657364,0.9613518439182829,72.66377680121528,0.021066397569072488,34.15466023279733,72.66377680121528
96,63,35.17282845450144,0.05189402984177151,0.9613628763938782,76.0334792751736,0.06223082476320879,35.17282845450144,76.0334792751736
96,55,35.65382747823639,0.04045087382666042,0.9608599580291247,79.48324283854167,0.4490864683243402,35.65382747823639,79.48324283854167
96,47,35.96005292917817,0.021786337233265896,0.961197121284972,82.22693630642361,0.15327628389017642,35.96005292917817,82.22693630642361
96,41,36.11061301592931,0.01851486947710094,0.9610065562714643,83.46991471354166,0.06296151991344374,36.11061301592931,83.46991471354166
96,37,36.25023779831497,0.02555231399330892,0.9609408861493653,84.91199869791666,0.10385348341603683,36.25023779831497,84.91199869791666
96,35,36.27379430762576,0.009492920282864652,0.9608383228131703,85.3712648654514,0.09920209192290208,36.27379430762576,85.3712648654514
96,33,36.32222507873546,0.021223089829639517,0.9606220112301403,85.87002853732638,0.03887204239908639,36.32222507873546,85.87002853732638
96,32,36.33050344019242,0.023116877301443906,0.9606425494093173,85.99752658420137,0.030901826668349026,36.33050344019242,85.99752658420137
96,31,36.93923092333251,0.003640115689974628,0.9601177202710289,91.03451117621528,0.024490132639959496,36.93923092333251,91.03451117621528
96,29,37.14219347856113,0.04023997123669094,0.9594942297092145,93.23021180555554,0.08858514011554572,37.14219347856113,93.23021180555554
96,28,37.18605914286334,0.033951747668490406,0.9593277243575081,93.47410134548612,0.05223561978461173,37.18605914286334,93.47410134548612
96,26,37.24090441257746,0.02057812671240135,0.9589312059194031,94.2942829861111,0.09826741598574776,37.24090441257746,94.2942829861111
96,23,37.26516129849334,0.04204973004504107,0.9583957862177731,95.00986089409723,0.16460233506565045,37.26516129849334,95.00986089409723
96,22,37.31622160381454,0.004178792389120717,0.9584177884282145,94.87739713541669,0.021509921965859786,37.31622160381454,94.87739713541669
96,20,38.249377746589396,0.010608864721760944,0.9574478815457371,103.57307313368057,0.18935047714324593,38.249377746589396,103.57307313368057
96,19,38.33751120673216,0.0016813123239795501,0.9576657814806012,104.30466449652776,0.05918890298662761,38.33751120673216,104.30466449652776
96,17,38.44202349153247,0.009120787402802177,0.9572934436946775,105.68726236979165,0.1878870186945065,38.44202349153247,105.68726236979165
96,15,39.15166670396585,0.006519657637104563,0.9575025866939472,114.63679578993055,3.4756864763345097,39.15166670396585,114.63679578993055
96,14,39.49901663021726,0.010187232618946442,0.9578894280013855,118.00174793836806,0.10274163343543666,39.49901663021726,118.00174793836806
96,13,39.58331864950885,0.020034997884176935,0.9580617752589493,118.91249956597221,0.08176256567776308,39.58331864950885,118.91249956597221
96,11,40.131817815146604,0.026071959410086727,0.9582347836551145,127.2869506293403,0.049192837664075055,40.131817815146604,127.2869506293403
96,10,40.17133461531041,0.011990959326427022,0.958241328229863,128.07673198784724,0.07727761291780372,40.17133461531041,128.07673198784724
96,8,40.3770975883877,0.03361263197013143,0.9577465571954664,132.40174902343747,0.06254381478213657,40.3770975883877,132.40174902343747
96,7,40.4008934051937,0.026873935321147964,0.9575224654120342,132.44715440538195,0.08244264149779777,40.4008934051937,132.44715440538195
96,5,40.500365912602824,0.07101530006609105,0.9613312484070399,138.91733984375,1.314728252204857,40.500365912602824,138.91733984375
96,3,40.50242996383297,0.06874390035549434,0.9613163495164883,139.79406825086804,1.2368824190076857,40.50242996383297,139.79406825086804
96,1,40.52524816083406,0.06850091298927717,0.961418991173626,139.88359906684028,1.1635243000610676,40.52524816083406,139.88359906684028
96,0,40.50244380158553,0.061656736689327446,0.9613574638121066,139.8639410264757,1.1029810743587516,40.50244380158553,139.8639410264757
97,10000,0.362588188353625,0.0006062019779365449,0.9667950931820938,56.66611490885416,0.010118527974699273,0.362588188353625,56.66611490885416
97,562,5.431628593878714,0.021180504928207295,0.9656069713263653,56.48773187934028,0.030493577267578086,5.431628593878714,56.48773187934028
97,316,9.309299780106132,0.012933227960726991,0.9673329657562165,58.119851236979166,0.042090431958015206,9.309299780106132,58.119851236979166
97,177,15.409017333818406,0.03160845238175983,0.9685261079808397,60.172307400173615,0.045055191131985105,15.409017333818406,60.172307400173615
97,133,19.247732373840304,0.026403256601301432,0.9680205227500371,62.221181423611114,0.02354546190426118,19.247732373840304,62.221181423611114
97,115,21.290155715985023,0.018488621928812555,0.9681693790374997,63.14731163194444,0.011996885532774105,21.290155715985023,63.14731163194444
97,100,23.475457303303177,0.016453292417413827,0.9682550490123143,64.07245757378472,0.17760768142529249,23.475457303303177,64.07245757378472
97,95,24.334829923753897,0.030518815587298305,0.9683350959251632,64.35069965277778,0.028596379442497325,24.334829923753897,64.35069965277778
97,89,26.262425697905886,0.003784633499454417,0.9686535855135704,65.17653396267362,0.08055742824839744,26.262425697905886,65.17653396267362
97,88,26.44085172257758,0.00652540240373931,0.9687170501554513,65.20629036458332,0.043938322914198205,26.44085172257758,65.20629036458332
97,86,26.877826113723287,0.0430172676017797,0.9687607331438306,65.40623632812499,0.013092460336135257,26.877826113723287,65.40623632812499
97,82,27.461051895370602,0.04236189599467614,0.9686881176546588,65.6972353515625,0.04457050872501197,27.461051895370602,65.6972353515625
97,79,28.310749967496378,0.039052874751347284,0.9689262155377588,66.1624951171875,0.04704775856224458,28.310749967496378,66.1624951171875
97,77,28.510562007281408,0.02243290348685314,0.9688451769044587,66.28087890625,0.032321357788632585,28.510562007281408,66.28087890625
97,92,28.533903970730027,0.043187671693704424,0.9687342592880489,66.17088834635416,0.0038623959365157376,28.533903970730027,66.17088834635416
97,76,28.802064409287652,0.02033445061594327,0.9688623536726834,66.41510611979167,0.04016651817679795,28.802064409287652,66.41510611979167
97,74,32.47305650370938,0.03480378455238414,0.9690402156946226,69.04226323784722,0.10166614607710271,32.47305650370938,69.04226323784722
97,72,32.77944890655477,0.030531465672336687,0.969177569543027,69.41048014322918,0.029038519053414376,32.77944890655477,69.41048014322918
97,71,32.96752787178588,0.024498292319556303,0.9691348411188127,69.63011241319445,0.024077130924397356,32.96752787178588,69.63011241319445
97,70,33.09518641654383,0.024118867269742078,0.9692191432757121,69.83011328125001,0.011567394931929001,33.09518641654383,69.83011328125001
97,68,33.381028410078635,0.02907309218578184,0.9692956123203599,70.30540690104166,0.051364242127604626,33.381028410078635,70.30540690104166
97,63,34.32548937417865,0.020775627297037896,0.969095954193941,72.07672450086805,0.011101881002319583,34.32548937417865,72.07672450086805
97,55,35.370993837331845,0.03475071558858538,0.969083286585815,76.26531391059028,0.08193792514759407,35.370993837331845,76.26531391059028
97,47,35.77509783982291,0.030517281613832437,0.9691877480945857,78.87964290364583,0.2170542133940271,35.77509783982291,78.87964290364583
97,41,35.88981330334287,0.008478776566379232,0.9690817870479927,80.00304437934028,0.057614823379732276,35.88981330334287,80.00304437934028
97,35,36.278870212423065,0.0035391094411070224,0.9691621966711,83.29021321614583,0.01002342704997731,36.278870212423065,83.29021321614583
97,31,36.97559820085842,0.003669791348725647,0.9689381299323117,88.79668185763889,0.09946743307918575,36.97559820085842,88.79668185763889
97,28,37.289774374703846,0.020562217142690638,0.968961696002007,91.16388758680556,0.022323823313996904,37.289774374703846,91.16388758680556
97,26,37.36601732601884,0.024956881979359524,0.9683942531468555,91.90277897135418,0.061391733153246766,37.36601732601884,91.90277897135418
97,23,37.46514988250755,0.005505813627698789,0.9681780299629471,92.94080707465277,0.07593138137002897,37.46514988250755,92.94080707465277
97,22,37.49392793372227,0.027528476121020842,0.9684055000417485,92.99938389756944,0.011202103692047502,37.49392793372227,92.99938389756944
97,20,38.550205188141994,0.011041579325726754,0.9674040201911986,102.12054448784723,0.06706102868734354,38.550205188141994,102.12054448784723
97,19,38.66511979280168,0.016593711909264015,0.9673771600743643,103.02275260416666,0.05219848835199627,38.66511979280168,103.02275260416666
97,17,38.767345014877776,0.005682840750457607,0.9668891591769313,104.74230132378472,0.030369035684399918,38.767345014877776,104.74230132378472
97,15,39.43774997888337,0.010318523795619173,0.9662528884140204,113.31548947482639,0.14856935696679252,39.43774997888337,113.31548947482639
97,14,39.73872098670407,0.010802743699579818,0.9659166290466046,120.17252777777777,0.17703248999706583,39.73872098670407,120.17252777777777
97,13,40.09984997880694,0.5251052471394853,0.9656393889174758,121.40464301215276,0.07584097318719239,40.09984997880694,121.40464301215276
97,11,40.1869710728802,0.00939207983864365,0.9653457769169843,130.90477018229166,0.12339052549933559,40.1869710728802,130.90477018229166
97,10,40.21648115932166,0.004921398644139453,0.96537606093169,131.3158490668403,0.06693918973109507,40.21648115932166,131.3158490668403
97,8,40.35595413429205,0.007913840365967295,0.9651499338929947,134.93118912760417,0.03561157859971799,40.35595413429205,134.93118912760417
97,7,40.3813598439129,0.0071927750553766314,0.9652209200225266,135.35191276041667,0.22433070202347136,40.3813598439129,135.35191276041667
99,10000,0.3829018251335651,,0.9852770373032751,56.71734733072916,0.005322334800210998,0.0,56.71734733072916
99,10000,0.3829018251335651,,0.9852770373032751,56.71734733072916,0.005322334800210998,0.3829018251335651,56.71734733072916
99,3162,1.1397195710122865,0.004400711057043934,0.9937723780340685,56.110959743923615,0.021145647451733193,1.1397195710122865,56.110959743923615
99,562,5.3213961855858845,0.007195142619354618,0.9854136516072816,55.92327387152778,0.03174917486715249,5.3213961855858845,55.92327387152778
99,421,6.932154631584239,0.00627330929690614,0.9869475243363416,56.63157552083334,0.05535376162005044,6.932154631584239,56.63157552083334
99,316,8.954678285105432,0.007957279245363288,0.9888466661188279,57.637118055555554,0.022136163021487743,8.954678285105432,57.637118055555554
99,236,11.625584223614844,0.021178041225269936,0.9913893104733349,58.5603771701389,0.013641829469975844,11.625584223614844,58.5603771701389
99,177,14.517171681884292,0.01351332395152773,0.991669912311398,59.614800781250004,0.02202533430032832,14.517171681884292,59.614800781250004
99,133,18.53612502828325,0.05242005486006053,0.990018876704223,60.91403776041667,0.03718994722978032,18.53612502828325,60.91403776041667
99,115,20.45594284534069,0.022704924694668446,0.9903998813546696,61.563930555555565,0.050115438019455255,20.45594284534069,61.563930555555565
99,100,22.54708984566695,0.03592239646547911,0.9908052603735173,62.196643771701396,0.029065249260072593,22.54708984566695,62.196643771701396
99,86,26.348044287628667,0.00553589870635409,0.9919505364415273,63.467836046006944,0.04434417366245979,26.348044287628667,63.467836046006944
99,82,27.25044967099424,0.07866274453311378,0.99153036906414,63.79535188802083,0.019109230515762795,27.25044967099424,63.79535188802083
99,79,27.873890236931725,0.020881471519209507,0.992167365265649,64.07497189670138,0.07698200812309253,27.873890236931725,64.07497189670138
99,77,28.351414800009152,0.03580370315833303,0.9918850587045203,64.18376660156248,0.023765152571414844,28.351414800009152,64.18376660156248
99,76,28.57084964171911,0.0023730297030057665,0.9922390427573818,64.24600640190972,0.01524914918180514,28.57084964171911,64.24600640190972
99,74,32.23352084126154,0.03170883716126387,0.993496671776709,66.00681022135417,0.10505055438852864,32.23352084126154,66.00681022135417
99,72,32.62096595191431,0.028433962181470412,0.9934361730927606,66.31035991753471,0.03935347181121855,32.62096595191431,66.31035991753471
99,71,32.81680429111527,0.01838446664382915,0.9936097091442598,66.47083376736111,0.03779052445576584,32.81680429111527,66.47083376736111
99,70,33.03677817759311,0.006560716857207501,0.9935928454212811,66.70844509548611,0.05781252742030111,33.03677817759311,66.70844509548611
99,68,33.40104592307865,0.003447921106220918,0.9934770607588246,67.14638693576389,0.06093390222114138,33.40104592307865,67.14638693576389
99,63,34.86097302827209,0.00944941520909214,0.9939591680237649,69.52846723090278,0.04997475331743104,34.86097302827209,69.52846723090278
99,58,35.47297105950224,0.011817804538405143,0.9942168603154403,71.38823980034722,0.03402253182608544,35.47297105950224,71.38823980034722
99,55,35.72404774832753,0.004504136041754347,0.9943390002434725,72.46921875,0.08861912515177105,35.72404774832753,72.46921875
99,47,36.1478785798575,0.016269731126262198,0.9946326412752985,75.18337174479166,0.08470595935561694,36.1478785798575,75.18337174479166
99,41,36.390833092805494,0.005888079642190999,0.9946984402842386,76.9693759765625,0.08110570111421,36.390833092805494,76.9693759765625
99,37,36.56425744257575,0.0035714770595077563,0.9946326313339723,78.36154578993056,0.005662130244806189,36.56425744257575,78.36154578993056
99,35,36.660587178040295,0.007009190746174898,0.994657006699914,78.90417664930555,0.024008673377379317,36.660587178040295,78.90417664930555
99,32,36.762411731230095,0.00937432161937277,0.9945384332395278,79.68284700520833,0.06456091310172418,36.762411731230095,79.68284700520833
99,31,37.152553394505695,0.03941379553903721,0.9943729859128924,85.48304210069445,2.2450899040141636,37.152553394505695,85.48304210069445
99,26,37.679669542199214,0.007065987429782955,0.9939906067396053,87.68826453993056,0.020118319444029285,37.679669542199214,87.68826453993056
99,23,37.878537819274534,0.004936308374943947,0.9935980956623965,88.3793894314236,0.02294142577943341,37.878537819274534,88.3793894314236
99,22,37.96230468827048,0.007096378810888913,0.9934457026626576,88.60322471788193,0.02929094587052058,37.96230468827048,88.60322471788193
99,20,39.186969891950305,0.03283711480710046,0.992409523683908,94.82164800347222,3.416473393888435,39.186969891950305,94.82164800347222
99,19,39.34051333940798,0.009049592537209883,0.9923832214848586,93.51571755642361,0.1411450583620285,39.34051333940798,93.51571755642361
99,17,39.60172330305782,0.023089799258958356,0.9920880234248531,94.28130913628472,0.13986418146885984,39.60172330305782,94.28130913628472
99,15,40.564769607775894,0.046272476214355415,0.9914174105444017,99.28777756076387,0.04119444439587007,40.564769607775894,99.28777756076387
99,14,41.0141654011716,0.03320410241660006,0.9910541419985691,103.47833322482639,0.07519213089799529,41.0141654011716,103.47833322482639
99,13,41.11548234751799,0.02674833101093974,0.9908048815144678,104.65170898437499,0.07592124912083795,41.11548234751799,104.65170898437499
99,11,41.78155793612123,0.02037570816173362,0.9901642318929582,112.29783170572917,0.1330186861805471,41.78155793612123,112.29783170572917
99,10,41.81171070660913,0.017811577629469843,0.9901109082388205,113.00849999999998,0.13231930445971898,41.81171070660913,113.00849999999998
99,8,41.93897056491589,0.010764874239190706,0.9893603651073798,118.61855490451387,0.06858379937785772,41.93897056491589,118.61855490451387
99,7,41.932684024867676,0.020424986483217396,0.9892191035738133,119.45146039496528,0.10026961093473818,41.932684024867676,119.45146039496528
99,5,42.073373284559345,0.013512738033648096,0.9889900054507317,124.69742274305554,0.10288459635494675,42.073373284559345,124.69742274305554
99,3,42.070407285017005,0.019094428972055797,0.9888855844843057,125.347408203125,0.08757603522121177,42.070407285017005,125.347408203125
99,1,42.07206917924554,0.012025126097911704,0.9890024484574876,125.43371527777776,0.12729731496768465,42.07206917924554,125.43371527777776
99,0,42.08074680989562,0.02457252552475699,0.9889814925837168,125.56292252604165,0.08374995691668582,42.08074680989562,125.56292252604165
100,1778,1.9363152753103436,0.005362807369451449,0.9966914980376865,55.68171061197916,0.025722605959413093,1.9363152753103436,55.68171061197916
100,1000,3.281587793770853,0.006289937881955803,0.9986328376906184,55.343125434027776,0.026621653924800565,3.281587793770853,55.343125434027776
100,562,5.575531955431875,0.010284277028513911,0.9994449216153939,55.85333604600694,0.014898737257854273,5.575531955431875,55.85333604600694
100,316,9.346572424415001,0.013495850522966915,0.9997092935663422,58.08554199218751,0.029768607298172454,9.346572424415001,58.08554199218751
100,177,15.328451973024501,0.019533170131934646,0.9997523349098802,59.52541026475694,0.007687947718240549,15.328451973024501,59.52541026475694
100,133,18.935459083681593,0.02900820820599478,0.9997502831319439,60.519942599826386,0.02885200873306539,18.935459083681593,60.519942599826386
100,115,20.925018103198482,0.010940018656175656,0.9997341531583972,61.11889550781249,0.0196848058428054,20.925018103198482,61.11889550781249
100,100,23.010839097971367,0.022628410582599366,0.9997386312337492,61.64793109809028,0.01653818892534079,23.010839097971367,61.64793109809028
100,95,24.016851857490185,0.030505761009782726,0.9997292988937575,62.00554828559027,0.030965723918002983,24.016851857490185,62.00554828559027
100,88,26.726115834589507,0.03983354235961929,0.9997359123987183,62.86010926649306,0.021564738390756965,26.726115834589507,62.86010926649306
100,86,27.187965983474925,0.02685117637233483,0.9997365186981769,62.98090798611111,0.04797448647607198,27.187965983474925,62.98090798611111
100,82,28.029342890960294,0.008728637792580122,0.9997196397983138,63.36317621527778,0.05418563120447864,28.029342890960294,63.36317621527778
100,79,28.232411408833773,0.013461045420625204,0.9997241020977238,63.37855067274305,0.06559657196742483,28.232411408833773,63.37855067274305
100,92,29.113248605481562,0.04433285771882007,0.999697903271541,63.39162076822917,0.03456884336904769,29.113248605481562,63.39162076822917
100,76,29.472857403578306,0.014930732149085302,0.9997428316014467,63.804435329861114,0.023656874841356493,29.472857403578306,63.804435329861114
100,74,31.654574421979603,0.07580946881330519,0.9996958117400866,64.84637738715277,0.07189490058263455,31.654574421979603,64.84637738715277
100,71,31.781251064841427,0.014881927105610355,0.9996751277228487,64.90311360677083,0.012620361399230291,31.781251064841427,64.90311360677083
100,72,32.0478190133569,0.0791779370248975,0.9997092981820153,65.18536577690972,0.010847718715235832,32.0478190133569,65.18536577690972
100,70,32.54402825621319,0.01675747676629098,0.9996805866894914,65.53874131944444,0.08828966582857373,32.54402825621319,65.53874131944444
100,68,32.95490537838251,0.024049982958647385,0.9996845864775175,65.86225466579862,0.06601097731247937,32.95490537838251,65.86225466579862
100,63,34.17431152602296,0.08670334957075641,0.999651070198771,67.22878125,0.07544051324583434,34.17431152602296,67.22878125
100,55,35.71905923656552,0.0036826233159398055,0.9996691268974276,71.03615711805556,0.05263869192722975,35.71905923656552,71.03615711805556
100,47,36.18584865051739,0.017189205175272046,0.9996695691613086,73.98682823350696,0.12776756779352552,36.18584865051739,73.98682823350696
100,41,36.44112230383141,0.005671755145451867,0.999661429488726,76.07527647569445,0.03262531960856642,36.44112230383141,76.07527647569445
100,37,36.649951527794,0.02221179118217949,0.9995447106031691,77.52977810329861,0.05354628694772419,36.649951527794,77.52977810329861
100,35,36.74015925061793,0.006220033536215197,0.9996594435544776,78.08544596354166,0.019200578242555,36.74015925061793,78.08544596354166
100,33,36.82240612741261,0.005392765168792227,0.9996564270669236,78.56364322916666,0.046159878959382034,36.82240612741261,78.56364322916666
100,32,36.85989716477977,0.0046344347832611085,0.9996510481110525,78.8290744357639,0.12480041106715657,36.85989716477977,78.8290744357639
100,31,37.120596716782394,0.06468923109850457,0.9996346036100162,83.74689029947916,0.3382293016338464,37.120596716782394,83.74689029947916
100,29,37.39448221788985,0.013810136945690171,0.9996419178392618,86.23581293402778,0.029257974590543898,37.39448221788985,86.23581293402778
100,28,37.46922061846815,0.020896468728027986,0.9996258109916272,86.59928092447916,0.0337156185376848,37.46922061846815,86.59928092447916
100,26,37.587155363807234,0.04216493933491609,0.9987413009315255,87.14591460503472,0.037988108843965813,37.587155363807234,87.14591460503472
100,22,37.89942434135982,0.017392078952554697,0.9996190468828154,87.83824229600695,0.06661833716592168,37.89942434135982,87.83824229600695
100,19,39.342174069375396,0.029184103481525947,0.999596995867391,90.86379459635417,0.05269327667150695,39.342174069375396,90.86379459635417
100,17,39.66571628819483,0.008642301083318942,0.9995906707152065,91.46090755208336,0.02174738366918872,39.66571628819483,91.46090755208336
100,15,40.71818660513937,0.03223080598620834,0.9995905500112984,95.03153472222225,0.03675058996332643,40.71818660513937,95.03153472222225
100,14,41.22632582922899,0.02092613566145138,0.9995913834183049,97.28969878472223,0.03351143541897167,41.22632582922899,97.28969878472223
100,13,41.36527079173728,0.046226139339960046,0.9995747214220495,97.85443511284723,0.20723256253840003,41.36527079173728,97.85443511284723
100,11,42.23673388761929,0.007958008424686401,0.99958060057112,102.21573133680556,0.08411053994826558,42.23673388761929,102.21573133680556
100,10,42.33188076225293,0.020094305109476122,0.9995716982035462,102.58495334201389,0.07877289823108213,42.33188076225293,102.58495334201389
100,8,42.94871794666748,0.02588236005371223,0.9995729894941775,106.98161968315974,0.05388336783942007,42.94871794666748,106.98161968315974
100,7,43.10102217660586,0.014633861009013966,0.9995697281224799,108.14778005642363,0.052866817700346694,43.10102217660586,108.14778005642363
100,5,43.71810437441493,0.006107903760865265,0.9995829893002292,113.40517840186796,0.8141719459497547,43.71810437441493,113.40517840186796
100,3,43.751100511217935,0.01780264160826121,0.9995666427268638,113.33080013020833,0.09916032106253683,43.751100511217935,113.33080013020833
100,1,43.733613452996146,0.030925789927261752,0.9995680323560442,113.32888292100694,0.11980452084836336,43.733613452996146,113.32888292100694
100,0,43.863745898754246,0.04736286757589163,0.9995614343187643,114.32879242621527,0.9458272208115441,43.863745898754246,114.32879242621527
