read_pct_rounded,pause,bandwidth_mean,bandwidth_std,rd_percentage_actual_mean,latency_mean,latency_std,bandwidth_smooth,latency_smooth
0,3162,5.589885247365764,0.037062156052013226,0.00422695174457119,175.714129085,0.22173055198475727,0.0,175.714129085
0,3162,5.589885247365764,0.037062156052013226,0.00422695174457119,175.714129085,0.22173055198475727,5.589885247365764,175.714129085
0,1778,9.632350770133966,0.08750074747739323,0.0026521141693645178,176.573893082,0.050762001697849876,9.632350770133966,176.573893082
0,562,24.286312923790756,0.033490203371270184,0.001207046445873811,175.308657344,0.09138309143165754,24.286312923790756,175.308657344
0,421,30.80923179230923,0.17233707936043152,0.0023604607904304073,175.64576887633334,0.24233179144172595,30.80923179230923,175.64576887633334
0,316,40.37362848987264,0.14278164499153406,0.001523791241606365,176.20179000266668,0.09458596310180716,40.37362848987264,176.20179000266668
0,273,47.111686378765086,0.25130059969805685,0.0013493230326376844,177.27098330833334,0.07065846702869467,47.111686378765086,177.27098330833334
0,236,54.40968345896132,0.3611879269542865,0.0015941681715593,178.967655583,0.08430747702058647,54.40968345896132,178.967655583
0,204,61.305835066250715,0.4944828545434412,0.0020092371416100163,179.86337188911114,0.11386672124976417,61.305835066250715,179.86337188911114
0,190,66.26864912795386,0.10296780945547436,0.00365393496656064,180.38572648800002,0.09836052697331442,66.26864912795386,180.38572648800002
0,177,74.22405237270459,0.9872882089335608,0.0019784642751573475,180.82819834855556,0.19630659940909184,74.22405237270459,180.82819834855556
0,164,80.75179024540198,0.07106769917209309,0.003230990008218669,181.54634412100003,0.09800712589195981,80.75179024540198,181.54634412100003
0,153,86.05357910105026,0.140640824263153,0.0035164496336159644,182.01219393166664,0.05751171205407381,86.05357910105026,182.01219393166664
0,133,96.75205029199057,1.0251583585560897,0.0012216669171583022,182.89656885155557,0.21857638602691792,96.75205029199057,182.89656885155557
0,115,110.47428759365884,0.5832181217414641,0.00235192028984595,184.04085128900002,0.15438823264515217,110.47428759365884,184.04085128900002
0,100,124.93198017542593,1.6705676726565701,0.001252562355887538,185.2539483551111,0.21332574019868672,124.93198017542593,185.2539483551111
0,86,143.16192794758803,2.789056235310638,0.0008521017627491343,186.55488993322223,0.3405085421623317,143.16192794758803,186.55488993322223
0,74,164.39636575890884,1.884921946693471,0.0008760419649574782,187.94127048944446,0.2736431804405669,164.39636575890884,187.94127048944446
0,63,189.8991288077164,1.5562444123617996,0.000726069169516264,190.05213278433334,0.13115205280556763,189.8991288077164,190.05213278433334
0,55,210.73608963991808,3.2286939146233053,0.0007064969581250859,191.75385755022222,0.2584242851609558,210.73608963991808,191.75385755022222
0,52,224.62994026562566,0.8973793183092069,0.0011781496978782767,192.99912209599998,0.15480995309503634,224.62994026562566,192.99912209599998
0,50,229.31508090074408,4.541897982477226,0.0007658349588552243,193.52363411366665,0.41123146113822184,229.31508090074408,193.52363411366665
0,47,244.4331887052112,4.4342219431511145,0.0006239544789501199,194.8043048491111,0.3991821796740652,244.4331887052112,194.8043048491111
0,44,261.87129723405707,2.6910838115704543,0.0010074538512172139,196.33178226433333,0.24132395507985588,261.87129723405707,196.33178226433333
0,43,265.0291201570432,1.8077461234946839,0.0007488070759189284,196.61533402966666,0.07942473874721476,265.0291201570432,196.61533402966666
0,41,274.48274702492574,4.951582880822898,0.0010721350316540746,197.38707092722223,0.49378966725849505,274.48274702492574,197.38707092722223
0,37,298.75985984774076,6.421750214174086,0.001036279862401851,199.60932257583332,0.5033286880197572,298.75985984774076,199.60932257583332
0,35,312.2157461320627,5.210464834112874,0.0008611092649534111,200.86656341,0.5720784988587182,312.2157461320627,200.86656341
0,32,341.972092356252,3.8520001240508854,0.000680315840881352,204.3960751016667,0.4987878258448551,341.972092356252,204.3960751016667
0,31,347.59910734740447,6.521801856814084,0.0007916641447738909,205.38158611166668,1.4499402096507255,347.59910734740447,205.38158611166668
0,28,374.8417326910035,7.0963788755235955,0.0013034850485293197,208.87993105522224,2.0730324445824935,374.8417326910035,208.87993105522224
0,26,397.7972288150036,7.3191541073134605,0.0007372217312877749,210.19565270183332,0.3812675420357152,397.7972288150036,210.19565270183332
0,24,422.80776345862347,9.185866183481597,0.0009967952972909932,218.6558564408889,5.148013468313822,422.80776345862347,218.6558564408889
0,23,438.261294651875,9.116845776892113,0.001502784149153556,223.99477272833332,7.801944554753163,438.261294651875,223.99477272833332
0,22,451.2584631430457,8.013747047347463,0.0010738175977779896,234.82954964108333,7.932200219052504,451.2584631430457,234.82954964108333
0,20,475.1511324458342,3.318415922176812,0.0012559429951514087,244.14416473116668,1.6492042029529408,475.1511324458342,244.14416473116668
0,19,483.95076528732085,0.983059025025847,0.0007901030640091475,252.68635124583332,1.0874222113400922,483.95076528732085,252.68635124583332
0,17,500.07070730900494,2.177936913373456,0.00021820419040914968,269.71844352222223,2.9033324859338445,500.07070730900494,269.71844352222223
0,15,504.0477507154854,0.7321860418033426,7.905629768626873e-05,276.39574491166667,6.5646539241466355,504.0477507154854,276.39574491166667
0,14,505.2519031584224,0.6936902594062246,7.078229733917099e-05,277.57130921699996,6.610824567796549,505.2519031584224,277.57130921699996
0,13,505.2980944875469,0.9146600084647363,0.00025421708577813177,275.5058153526667,5.241007298597241,505.2980944875469,275.5058153526667
0,11,506.8718753353508,0.9330650057751907,7.638389022526022e-05,276.96164261433336,7.34257783226138,506.8718753353508,276.96164261433336
0,10,505.06921653639813,4.276739340039724,0.0006076310478545586,279.83465572,10.697199586569978,505.06921653639813,279.83465572
0,8,508.1337184228564,0.6805542761182642,7.840545031149185e-05,274.6791455256667,4.529424368432788,508.1337184228564,274.6791455256667
0,7,508.9649779624942,0.47356600450542347,0.0001322957656246093,275.8240205843333,6.271155665214198,508.9649779624942,275.8240205843333
0,5,507.845939170281,0.87992507813437,0.00026399456116168855,273.6778478126667,5.56051009940915,507.845939170281,273.6778478126667
0,3,506.5676090144804,6.399327384485605,0.0007711083290041002,273.85875593022223,3.665250893450074,506.5676090144804,273.85875593022223
0,1,505.5261805619744,5.116189239295402,0.0008753096480064168,277.48142897258333,8.443352576610046,505.5261805619744,277.48142897258333
0,0,506.36922519190193,4.891631851766336,0.0008049881240946713,279.58189685558335,9.905743219488377,506.36922519190193,279.58189685558335
1,421,31.064242153067248,0.14967728688258822,0.009652950673011335,175.51715682350002,0.10689399855274578,0.0,175.51715682350002
1,421,31.064242153067248,0.14967728688258822,0.009652950673011335,175.51715682350002,0.10689399855274578,31.064242153067248,175.51715682350002
1,316,41.63626284324284,0.0197864437358037,0.012488980300498137,176.41032071266667,0.10748196943903396,41.63626284324284,176.41032071266667
1,273,48.23347573605863,0.11317548031129643,0.007727294421572166,177.354171823,0.10619883044153583,48.23347573605863,177.354171823
1,236,55.06271221464016,0.1936939207547089,0.007368286504207966,179.03719100900003,0.08355722716398811,55.06271221464016,179.03719100900003
1,219,59.214171665303866,0.021723216848131503,0.006308597422007623,179.51989409299998,0.04188389853596727,59.214171665303866,179.51989409299998
1,177,76.63173181820666,0.008673748629232283,0.01244696138097224,181.05549533299998,0.10199892713221125,76.63173181820666,181.05549533299998
1,133,100.13032666026781,0.06088178199891451,0.011434123917399801,183.25520253633331,0.17165136103533216,100.13032666026781,183.25520253633331
1,115,113.1471276139885,0.4904697701014654,0.012676471978150054,184.193167423,0.13346753233341258,113.1471276139885,184.193167423
1,100,128.4898170572991,0.3338130667096741,0.008626801035843656,185.48680591566668,0.11626591228325406,128.4898170572991,185.48680591566668
1,86,149.31134064012642,0.4698712967890904,0.010690576750246364,187.14384083533332,0.15935369200323313,149.31134064012642,187.14384083533332
1,74,169.79705924822989,1.69099225179289,0.008207817047550409,188.35915371,0.2467634829824205,169.79705924822989,188.35915371
1,63,197.41693030213932,0.7299031646302001,0.00818569566889371,190.61332463999997,0.0911244085536093,197.41693030213932,190.61332463999997
1,58,211.35915191336744,1.8414680037843598,0.007114291156917991,192.2581263446667,0.18946319135873904,211.35915191336744,192.2581263446667
1,55,217.65374549236,0.9330761603708774,0.007743193841296255,192.69981959866666,0.29196909439670143,217.65374549236,192.69981959866666
1,52,227.08796790610018,1.0611194817916616,0.007060521163837117,193.41283782166667,0.1996683181545781,227.08796790610018,193.41283782166667
1,50,237.63417955163877,0.7533393582095298,0.007322009205764195,194.62558518266667,0.23565646622011013,237.63417955163877,194.62558518266667
1,47,248.80365740675435,3.029288707075612,0.006744365626815202,195.510821772,0.31806443357351716,248.80365740675435,195.510821772
1,43,269.74762998819574,0.49911990160893244,0.006227458602260486,197.57059090099997,0.24145618729670937,269.74762998819574,197.57059090099997
1,41,279.6938310347287,2.971497567817192,0.005914415119428043,198.41824592333333,0.2590156479149882,279.6938310347287,198.41824592333333
1,37,307.5468616646378,0.6378603889052031,0.0053154290392173386,201.35329312666667,0.12206937772655892,307.5468616646378,201.35329312666667
1,35,323.61424477366046,3.9037220395488696,0.005863159510167654,203.015955145,0.5055898968568932,323.61424477366046,203.015955145
1,29,381.8881583049783,4.547258653003047,0.010474302471793808,209.656907426,0.8113629432885856,381.8881583049783,209.656907426
1,26,411.5500867407045,0.5689399682025935,0.00551536536945073,216.286732571,0.46947245989277125,411.5500867407045,216.286732571
1,20,476.71437751049984,,0.005931881947314638,273.37896,1.9773671796571464,476.71437751049984,273.37896
1,17,479.33747251977417,6.588952114551686,0.006541406785907314,291.248937802,5.0826301852338975,479.33747251977417,291.248937802
1,3,483.2137217108734,1.8433807488989002,0.005924455276853215,294.4828985236667,0.6342508970906926,483.2137217108734,294.4828985236667
1,19,483.58799748358854,0.2038956935094103,0.005302590101544623,284.37082490333336,1.072273253363111,483.58799748358854,284.37082490333336
2,236,56.39396302543853,0.01935793581923161,0.022250961771901227,178.99253923366666,0.044971435049332854,56.39396302543853,178.99253923366666
2,74,174.06142784727967,0.2814728552773326,0.022629163507318212,189.21231790166667,0.21036624557607073,174.06142784727967,189.21231790166667
2,63,199.71653735951566,1.5921876115080087,0.022786132699196115,191.633927456,0.18560099151486872,199.71653735951566,191.633927456
2,55,222.61538990059884,0.6541720545089672,0.019992675936803674,193.54162070799998,0.12269382764207977,222.61538990059884,193.54162070799998
2,47,255.5309602652186,3.4236108731520867,0.019011948562738034,197.19544876733335,0.4525959557075724,255.5309602652186,197.19544876733335
2,41,287.30487315016575,2.799074156716665,0.019798235276097878,200.88727641966668,0.39265012789329334,287.30487315016575,200.88727641966668
2,37,313.8018408511975,4.613481408550624,0.02030616680852242,204.57241839366668,1.391979955336141,313.8018408511975,204.57241839366668
2,35,328.7055884381926,1.0209371754719474,0.018508534465170853,206.154818323,0.37080383376165243,328.7055884381926,206.154818323
2,33,346.0562462760353,0.8644898090044216,0.019769807453406035,209.215579907,0.0319441796113849,346.0562462760353,209.215579907
2,32,354.8033933425531,2.434641079296426,0.01753348485347448,210.22107116433332,0.24539454204389446,354.8033933425531,210.22107116433332
2,31,367.2006198082648,1.420906610147874,0.018847377427412534,212.53019693366664,1.5945203590849777,367.2006198082648,212.53019693366664
2,29,384.8513987388902,1.4796882967640457,0.016086349163154486,215.68489027299998,0.5792151754571403,384.8513987388902,215.68489027299998
2,28,392.80983919485556,2.2780234954925866,0.016696113647384794,218.93560186,0.6367045321756142,392.80983919485556,218.93560186
2,10,420.4885249502177,0.9957403006117905,0.021975658136089343,278.80715307099996,1.5585515372920666,420.4885249502177,278.80715307099996
2,14,423.79817000816996,6.56344088927563,0.021371039824002666,280.084679324,2.414892502833533,423.79817000816996,280.084679324
2,22,427.67172435356906,6.9581697720232745,0.01957277778517601,278.801787379,1.9232613751357748,427.67172435356906,278.801787379
2,11,427.82191978504943,1.5358740155309984,0.01989997493897468,280.96898039766666,2.048920258613408,427.82191978504943,280.96898039766666
2,17,428.7874645762854,4.4891094321123886,0.019347376812845343,282.41092427933336,3.4370504991054136,428.7874645762854,282.41092427933336
2,1,429.66635788844064,6.546268134668565,0.01849133992564986,285.674227258,3.8125994903967144,429.66635788844064,285.674227258
2,8,430.9729578868778,7.281366183874195,0.01829599662357321,285.3040414053333,2.82127241346995,430.9729578868778,285.3040414053333
2,0,432.48033683854834,5.52483927352029,0.017832249734737706,284.6497733923333,0.5935167356054468,432.48033683854834,284.6497733923333
2,3,432.79447651934925,7.469719904656767,0.017536666842443527,286.75730226633334,1.5485950009988387,432.79447651934925,286.75730226633334
2,5,435.34178238431997,5.430662836811926,0.01694671672490941,283.5378743886667,2.4822942073436076,435.34178238431997,283.5378743886667
2,23,436.08305674937645,2.9093143593425386,0.01691120322252378,267.111424036,2.680115564497641,436.08305674937645,267.111424036
15,421,34.82779318679588,0.05019957242982127,0.15001303127660684,175.727647878,0.12144234994327767,34.82779318679588,175.727647878
15,100,140.64005086075207,0.7392969493900482,0.1544098515613261,187.14514605666668,0.03706004271710887,140.64005086075207,187.14514605666668
15,86,162.28792068775738,0.26828350115528343,0.15226309475118213,189.37417023266667,0.15477989850034377,162.28792068775738,189.37417023266667
15,74,187.38622440597885,0.2831981975167849,0.14893099644043664,192.153698469,0.07627738203526045,187.38622440597885,192.153698469
15,63,215.08066939294085,1.3115586533980346,0.14881049562208257,196.01158239100002,0.20379656232181612,215.08066939294085,196.01158239100002
15,55,242.68009716775524,0.8881178822265117,0.14846573110935288,201.00767170566667,0.14642796119924412,242.68009716775524,201.00767170566667
15,50,262.19417086961937,1.4223078308500452,0.14625057105532083,205.99222676033332,0.2300360986254949,262.19417086961937,205.99222676033332
15,47,278.62002530465986,0.05632374175129074,0.14658502575846102,211.53203110566665,0.8153859714544917,278.62002530465986,211.53203110566665
15,43,298.17561170316714,0.7275924984310642,0.14670565237489738,221.04514036166665,0.4062343269823456,298.17561170316714,221.04514036166665
15,41,310.0699350535565,1.1100503084533386,0.14657134395833052,229.06899310133335,1.2509606248749228,310.0699350535565,229.06899310133335
15,17,383.13654653451846,2.0178183706085475,0.1495838592875159,400.8039020016667,6.479870902687652,383.13654653451846,400.8039020016667
15,22,386.8037587308524,0.661221044054092,0.1453690981453967,396.5227806586667,1.4771307288833344,386.8037587308524,396.5227806586667
18,421,35.074816363676085,0.08260233382683815,0.17989850855025477,175.56708101900003,0.048239043179865895,35.074816363676085,175.56708101900003
18,86,162.00193598953157,1.389340252728089,0.18362454639599954,189.09115186766667,0.09444762012340581,162.00193598953157,189.09115186766667
18,74,189.06621449304484,0.2386035874798532,0.18281965728580843,192.15273328866667,0.08697599251967492,189.06621449304484,192.15273328866667
18,63,216.1919070652422,1.3893921883277158,0.17905018564674716,196.34475976400003,0.18560873364634783,216.1919070652422,196.34475976400003
18,55,243.16289039497812,0.6061074395288613,0.1796467329126664,202.0234417943333,0.30585704724840385,243.16289039497812,202.0234417943333
18,50,262.05778433578405,0.11363546357850896,0.17584066394973247,207.36215420066665,0.48689152280609105,262.05778433578405,207.36215420066665
18,45,289.6066986089363,2.295506173896785,0.177442075576566,219.11259999433332,1.4704528693930166,289.6066986089363,219.11259999433332
18,44,291.6975231110067,2.876440485896282,0.17613782922909893,220.584689897,1.6077585913006418,291.6975231110067,220.584689897
18,41,314.0499242632133,0.8818326281992479,0.1769858877115876,236.291825246,1.7637952650962905,314.0499242632133,236.291825246
18,29,417.52299678178883,0.9594308460741849,0.18118717816909222,453.46322275933335,3.248122380665691,417.52299678178883,453.46322275933335
18,28,419.0894836692434,0.8173806041152902,0.18149271233559408,467.784164752,5.317991963317921,419.0894836692434,467.784164752
18,26,423.70874731998555,0.233899677014077,0.17980711241677372,507.4805216073334,2.0075849497076077,423.70874731998555,507.4805216073334
18,24,426.37874577364687,0.5066391929342354,0.18262292649139814,522.5354215173332,0.43378213008731814,426.37874577364687,522.5354215173332
18,23,426.37326417691946,1.1884134277303413,0.18316199507029748,534.424218728,2.8425876955951765,426.37326417691946,534.424218728
18,22,426.1459604390948,0.14432892978253048,0.18376552491061737,532.7203275396666,4.80744119816816,426.1459604390948,532.7203275396666
21,3162,6.825450607674483,0.287965582552645,0.20691211508011983,175.91477731166665,0.1285718292802942,6.825450607674483,175.91477731166665
21,1778,11.645796734214215,0.1500400119087062,0.21069317530636045,176.20687284033332,0.05406513696843257,11.645796734214215,176.20687284033332
21,749,25.44412520480343,0.02046026645250893,0.2075058282232406,175.55503815666665,0.08821734836241062,25.44412520480343,175.55503815666665
21,421,35.56329377614119,0.07366929775269136,0.2075554107813311,175.52980685233334,0.07295696965753111,35.56329377614119,175.52980685233334
21,86,165.34542835493596,0.9403733775869337,0.21304871494698252,188.949625609,0.10407624648196392,165.34542835493596,188.949625609
21,74,191.99162897150873,0.84383991109736,0.21234038209246786,192.62943689533333,0.20046584149853114,191.99162897150873,192.62943689533333
21,63,219.53333533501146,2.1929083357007273,0.21179259933926856,197.182003365,0.27484952892345627,219.53333533501146,197.182003365
21,58,237.03809582413317,0.9862173659865032,0.20821884360672005,200.8850830166667,0.21566148778233052,237.03809582413317,200.8850830166667
21,55,245.24988002674277,2.90586891791458,0.2105141289326257,203.18542500566664,0.7919757173987134,245.24988002674277,203.18542500566664
21,52,258.27676846803905,1.6242514274876592,0.2094406023840306,207.09785883266667,0.3917839644089733,258.27676846803905,207.09785883266667
21,50,270.210581881679,0.9667571962160084,0.20685709106094038,211.60768042200002,0.5349580591641645,270.210581881679,211.60768042200002
21,47,283.27693644918435,1.2055435283553368,0.20811224928582228,217.4174820256667,0.5543127752671076,283.27693644918435,217.4174820256667
21,41,317.46632406194914,1.4064909613000283,0.20866292655391727,242.35430755966664,1.8536074772348752,317.46632406194914,242.35430755966664
21,39,331.1178415469346,2.4328877320811926,0.20689678701072212,256.5493738963333,3.12087023792571,331.1178415469346,256.5493738963333
21,29,419.8520328336162,1.1416780293788393,0.2093723569660193,448.9279909826667,9.184306755896928,419.8520328336162,448.9279909826667
21,28,428.24650459872527,1.8252211240124223,0.20798714744595312,486.66494787133337,11.312694484701488,428.24650459872527,486.66494787133337
21,26,435.6296091748639,,0.20616568801212024,538.875181255,5.207512792504565,435.6296091748639,538.875181255
21,14,435.3000553095099,0.5762623126427785,0.20686753378688372,579.7231176126667,2.6932496287251606,435.3000553095099,579.7231176126667
21,13,435.7269959400678,0.20690319497282894,0.20792216794560228,580.8697389626667,4.2002305597576814,435.7269959400678,580.8697389626667
21,10,436.3748977478358,0.27856844448228757,0.20952870643239555,583.310707364,1.1825895731826,436.3748977478358,583.310707364
21,5,437.34925826191466,0.07821542884238361,0.21128236557415916,583.9635267783333,7.387862920733922,437.34925826191466,583.9635267783333
24,5623,4.368481726345799,0.03537783869452561,0.23650894306807593,174.771355865,0.22138410100563213,4.368481726345799,174.771355865
24,3162,7.70081623060181,,0.2441408239928235,175.65198098566665,0.1554420975195655,7.70081623060181,175.65198098566665
24,562,30.580275791294735,0.6335362798407189,0.24219391524698045,175.42713914249998,0.08669104437285252,30.580275791294735,175.42713914249998
24,86,168.0242782694836,0.2407490808870468,0.2439425924675941,189.041028808,0.07457002849540072,168.0242782694836,189.041028808
24,74,191.5993954767114,1.140324820143462,0.24277602228295478,192.51435678899998,0.36523248594338614,191.5993954767114,192.51435678899998
24,63,220.49511908003987,1.4607015660362115,0.24308893010576937,197.52861397533334,0.31500691856389096,220.49511908003987,197.52861397533334
24,55,247.4608787252903,0.8991905350949474,0.2404540843878585,204.07002990266665,0.3308385489954499,247.4608787252903,204.07002990266665
24,50,269.3723498074262,2.461079546800338,0.23974284393851622,211.9294063366667,1.1873196986066787,269.3723498074262,211.9294063366667
24,47,283.3307907796727,1.7784038747500135,0.2385386189717503,219.07387456066667,1.137907928140734,283.3307907796727,219.07387456066667
24,44,301.520531314576,1.5306174242022519,0.2389811559886478,230.481973123,1.703094348562474,301.520531314576,230.481973123
24,43,308.28189046467605,2.0048271707531846,0.23844821644850955,236.37580648466667,2.0091015620075323,308.28189046467605,236.37580648466667
24,41,320.7730396298803,2.106527962913315,0.23791210198374568,249.965029267,2.773564579447342,320.7730396298803,249.965029267
24,32,400.73718521907597,3.3417663309009344,0.24430321192288684,383.5444841693334,5.866328473100727,400.73718521907597,383.5444841693334
24,31,412.87285415772635,1.6528925435439388,0.23993330875836735,418.90628069800005,6.069716948321526,412.87285415772635,418.90628069800005
24,29,430.7326831304967,1.2431444848807476,0.2371909270359078,480.2178639213333,5.765640361333325,430.7326831304967,480.2178639213333
24,22,444.07165977421664,0.09597000048861115,0.23534088367612965,596.756236196,1.0427386673134622,444.07165977421664,596.756236196
24,20,443.4456861264924,0.21587460623707852,0.23622931761629765,598.49536102,2.5706498456284033,443.4456861264924,598.49536102
24,19,442.9829982728374,0.19010976323982962,0.23769405654247158,602.8138521973333,1.6472319546585459,442.9829982728374,602.8138521973333
24,17,443.34662767747403,0.5023415670078445,0.24145020516999346,603.0640589293333,3.880804721122019,443.34662767747403,603.0640589293333
24,10,442.6937728060031,0.3918736871764843,0.23634965692113866,604.4910771986666,4.958397554060433,442.6937728060031,604.4910771986666
24,5,443.76086913824355,0.30238346533470367,0.23815334169354874,600.5982689596667,4.572181459016782,443.76086913824355,600.5982689596667
24,3,444.1063135276465,0.3357286447518894,0.24162531156618117,602.3626987690001,7.2142871590806035,444.1063135276465,602.3626987690001
24,1,444.15310053276,0.059558622880953996,0.2433340056818846,602.7098542456666,5.586730888887032,444.15310053276,602.7098542456666
24,0,444.0487111171752,0.3107557926776817,0.24268502489526422,604.878952076,3.5743418267942655,444.0487111171752,604.878952076
27,133,114.23431528606729,0.030917815061749662,0.2742921986145502,183.61480115866667,0.056419935822971855,114.23431528606729,183.61480115866667
27,115,128.53568443455129,0.3997879000160055,0.2717782044483994,184.50912677099998,0.061534228318087476,128.53568443455129,184.50912677099998
27,100,147.7490661069312,0.7845048522528528,0.2736630174695242,186.33495736266664,0.08802190463311964,147.7490661069312,186.33495736266664
27,86,168.4892657974111,1.066682029165834,0.26820787155988596,188.90305436633335,0.12681977296835426,168.4892657974111,188.90305436633335
27,74,195.6648168661326,0.33453850215477,0.2708663611034208,192.99220590533332,0.06241277214783458,195.6648168661326,192.99220590533332
27,63,226.56704845965365,1.478735516696622,0.2703677985821304,199.075358639,0.280017231439075,226.56704845965365,199.075358639
27,58,243.33166243564722,1.910214183626243,0.269752090001304,203.33833711599996,0.5400901660381083,243.33166243564722,203.33833711599996
27,55,250.83868788627845,2.054624163017784,0.26720578290793634,205.43194401966664,0.7250517455841321,250.83868788627845,205.43194401966664
27,52,264.2927684886611,2.3156623937060856,0.2695132950984544,210.23883567333334,1.0153810834176897,264.2927684886611,210.23883567333334
27,50,274.32680485290064,3.035301616636527,0.2690926145518075,214.75833991699997,1.747875242683706,274.32680485290064,214.75833991699997
27,47,289.1710252379283,1.749968326282386,0.2695304096733156,224.08207028333334,1.2771641086991496,289.1710252379283,224.08207028333334
27,45,300.0510679153862,1.0058565019452101,0.2694880656601772,230.31471850266666,0.9729057680976566,300.0510679153862,230.31471850266666
27,44,305.7145723018565,0.6602861319491217,0.2678146634738802,235.11828753833333,0.6524171527603426,305.7145723018565,235.11828753833333
27,43,313.5642413578107,1.372863346021997,0.2668826517695098,242.104695592,1.6398481324839345,313.5642413578107,242.104695592
27,33,396.1109743534175,1.7826812047120444,0.2720854735602572,374.39412381000005,4.926639440983499,396.1109743534175,374.39412381000005
27,32,410.2097500344455,1.0358198586935068,0.2683115879437164,406.28992475066667,3.4723251675466673,410.2097500344455,406.28992475066667
27,3,447.7794503403775,0.3353161469812826,0.26625043730622927,604.5403477156666,4.541535289429152,447.7794503403775,604.5403477156666
27,1,448.299751239259,0.11381309883594586,0.2689903394781646,605.1558780413334,0.5307783290698234,448.299751239259,605.1558780413334
27,0,448.0446792473545,0.43541477307571647,0.2687375441672272,604.0447652726667,0.19748067392344212,448.0446792473545,604.0447652726667
29,70,208.0017722842487,1.3918723963466992,0.2948506450001227,195.29116107933336,0.4022998363780861,208.0017722842487,195.29116107933336
29,63,229.75646712706543,0.4208190236623813,0.29470117609365165,200.06746415233332,0.12653800528322692,229.75646712706543,200.06746415233332
29,58,246.6940024489627,2.831285760394055,0.29410029588619013,204.63384144133332,0.5680323719120216,246.6940024489627,204.63384144133332
29,55,253.1069692583855,2.5882133987748905,0.29465136860412877,206.97215158333333,0.7264050439041991,253.1069692583855,206.97215158333333
29,52,267.0023494980731,0.22063760981181796,0.2941870150282911,212.25448761933333,0.663793668082197,267.0023494980731,212.25448761933333
29,50,279.4058025669956,1.8882939638316112,0.2937948485845627,217.99370659299998,1.0029389810344358,279.4058025669956,217.99370659299998
29,47,295.55301248422603,1.6815310947154576,0.2932414261204012,227.76708912233335,1.7660241495560924,295.55301248422603,227.76708912233335
29,43,319.2239659702863,2.1800420240786194,0.2901158776360425,249.222186178,2.252330545211003,319.2239659702863,249.222186178
29,41,331.4272873778372,1.9417715576455834,0.28933922286489594,262.3249928226667,2.8417418857157974,331.4272873778372,262.3249928226667
29,39,343.6304182644989,0.8440011558808534,0.28694841490496925,280.645262231,1.7820980991868007,343.6304182644989,280.645262231
29,38,351.0121653766041,,0.28650680299184206,296.627955101,6.357386484443371,351.0121653766041,296.627955101
29,33,404.5958769182387,3.33828860606792,0.2933946624938575,388.03246236600006,6.5423987684719895,404.5958769182387,388.03246236600006
29,32,413.3216507008197,0.37019635916911947,0.2925896625809573,410.9578520116667,1.2934970822674363,413.3216507008197,410.9578520116667
29,31,426.6807864362281,1.2451383037029653,0.28838612602438535,447.51597869833336,4.506737145265881,426.6807864362281,447.51597869833336
29,29,442.10971617399355,0.1752148467682227,0.28556982003814485,506.4010124433333,1.8886492968814714,442.10971617399355,506.4010124433333
29,19,449.9163475455827,0.1364173252293923,0.28565932076306083,608.6881542676666,1.2942612555497555,449.9163475455827,608.6881542676666
29,17,449.556520295917,0.07269338955919073,0.2888635745880645,609.369406267,0.8468254598807775,449.556520295917,609.369406267
29,10,449.14057784313854,0.4216994615755682,0.28638049165647,613.0187270373334,2.741322661778209,449.14057784313854,613.0187270373334
29,7,450.1118270269599,0.2778581396166779,0.28891678164888424,608.2119041863333,5.0565026755086295,450.1118270269599,608.2119041863333
29,5,450.2966626805898,0.38579053910154854,0.29163969510879373,609.4457171753334,2.656018504273046,450.2966626805898,609.4457171753334
29,3,450.79618891339203,0.1202379750855716,0.29479847486107924,605.5331346183333,2.2902808181162837,450.79618891339203,605.5331346183333
29,0,451.4355685476344,,0.29461948359389734,607.0622585393334,4.279695609016484,451.4355685476344,607.0622585393334
30,5623,4.575042504655748,0.03926614157869827,0.29798429095427753,174.75522351200001,0.02010639686665537,4.575042504655748,174.75522351200001
30,236,64.45420746799009,0.06745460551176156,0.3041469566743404,178.74867176266665,0.12397525053047499,64.45420746799009,178.74867176266665
30,177,87.8693261753154,0.10122271926382827,0.30088262990866516,180.84658913966666,0.03689637671655842,87.8693261753154,180.84658913966666
30,133,115.55139317488978,0.14824280839294537,0.29927804129806695,183.482437139,0.01863009513513514,115.55139317488978,183.482437139
30,115,130.21631999493937,0.9076246484727408,0.2994510953099712,184.51381207299997,0.06807272697618659,130.21631999493937,184.51381207299997
30,100,151.73188493560198,0.26252152528137535,0.29836874385858697,186.694977476,0.04000388516378182,151.73188493560198,186.694977476
30,86,175.60906989237753,0.8887650843574282,0.2987752209349313,189.98386330166667,0.1988617839656998,175.60906989237753,189.98386330166667
30,79,189.09335813391525,0.11657846831565886,0.29701276613004723,191.951688623,0.00736613813593937,189.09335813391525,191.951688623
30,76,192.0575537865484,0.8795086980215592,0.2960842538320136,192.463733662,0.12392390695948166,192.0575537865484,192.463733662
30,74,195.40922210205994,0.6253361865899354,0.2964914471284437,192.89839204766668,0.12354514009930344,195.40922210205994,192.89839204766668
30,68,213.2649648476899,0.6868336945505029,0.295452212088067,196.23400794433334,0.09810248508313904,213.2649648476899,196.23400794433334
30,37,366.51110979385726,1.0017020468597042,0.3047077586663066,313.27158412933335,2.1105553184554466,366.51110979385726,313.27158412933335
30,35,385.1561863699553,1.7353341206789252,0.3003952983570411,348.5411519253333,3.698480948366774,385.1561863699553,348.5411519253333
30,1,450.67736527405077,0.11562964909125872,0.2956625158213157,607.1361660373333,1.4564152912913124,450.67736527405077,607.1361660373333
32,5623,4.511320686807546,0.06159252938252965,0.32182630940214035,174.68557565466668,0.17879477930627918,0.0,174.68557565466668
32,5623,4.511320686807546,0.06159252938252965,0.32182630940214035,174.68557565466668,0.17879477930627918,4.511320686807546,174.68557565466668
32,1778,14.407276844176039,0.2667939201201926,0.3197718299102924,175.89600261166666,0.04591376199505593,14.407276844176039,175.89600261166666
32,1333,19.1385603944045,0.15833299661921424,0.3222067992885338,175.606680276,0.08770194859370242,19.1385603944045,175.606680276
32,1000,25.134960906673726,0.030244317031240243,0.32218283459690483,175.48827691733334,0.09076282177085887,25.134960906673726,175.48827691733334
32,562,31.015627743006416,0.16558027329193487,0.3221340485516722,175.36251880533334,0.09605168075199016,31.015627743006416,175.36251880533334
32,177,89.27650233725781,0.18104245716753037,0.3244601850487751,180.79979514033334,0.11024790890125549,89.27650233725781,180.79979514033334
32,133,116.57330871553745,0.04697091399079456,0.3235890063923992,183.16056809366668,0.035290994918427215,116.57330871553745,183.16056809366668
32,115,132.13007260346436,1.5078515508760186,0.32302550914180717,184.72844379,0.3220686439680527,132.13007260346436,184.72844379
32,100,151.60932270176374,0.7868172501555548,0.32288890964871825,186.73359378133333,0.20437642570159475,151.60932270176374,186.73359378133333
32,86,173.3658251791941,2.779093330694983,0.3220554684533182,189.59340977499997,0.47942448930515774,173.3658251791941,189.59340977499997
32,74,199.22740238620574,1.2363460391091636,0.32133143742514186,193.51938030899998,0.31234991828884784,199.22740238620574,193.51938030899998
32,63,232.08615423845012,0.5559767412671837,0.3194550536047523,200.59526412133334,0.09084024440568884,232.08615423845012,200.59526412133334
32,55,261.90486934742256,0.7271881545281833,0.3181880924024283,209.88342921,0.27398617273410375,261.90486934742256,209.88342921
32,50,283.3619276730921,1.246896716312708,0.31683654331155137,220.35261621433332,0.48853980688799636,283.3619276730921,220.35261621433332
32,47,298.11826805986044,3.98059647761471,0.3169680434716839,230.481048755,3.2508260583614828,298.11826805986044,230.481048755
32,37,373.3693616982706,0.847307409123781,0.3240153605416536,325.61066108,1.4678141675554541,373.3693616982706,325.61066108
32,35,388.1288846878176,3.079451115243698,0.3210364651648185,351.71304887266666,5.485910268965854,388.1288846878176,351.71304887266666
32,7,452.8370489797335,0.22542036403649893,0.3152091053435979,610.6354814796667,6.040912806727935,452.8370489797335,610.6354814796667
32,5,453.43321006017936,0.24309564438908723,0.31838776178166195,606.5657797213333,3.533654463499229,453.43321006017936,606.5657797213333
32,3,453.5084794419417,0.5757794551626696,0.32206829705068984,606.3966910996667,2.3321000004440737,453.5084794419417,606.3966910996667
32,1,453.5008080829971,0.1946040839256013,0.324738884837259,605.3881179396667,3.6085053580142077,453.5008080829971,605.3881179396667
32,0,453.690114297799,0.2774467487439533,0.3248402239765929,608.268829482,2.245794277842461,453.690114297799,608.268829482
35,10000,3.0206749530434287,0.01461862166013982,0.35221962203913293,172.76718615266668,0.1358049942897434,0.0,172.76718615266668
35,10000,3.0206749530434287,0.01461862166013982,0.35221962203913293,172.76718615266668,0.1358049942897434,3.0206749530434287,172.76718615266668
35,5623,4.0642350670679495,0.5132875048624767,0.3493953803813286,173.94406445533332,0.46939174930830685,4.0642350670679495,173.94406445533332
35,3162,6.944314294339605,0.6884446000321613,0.351114830620715,175.24497041866667,0.5108893322714742,6.944314294339605,175.24497041866667
35,421,37.780398520409555,0.08015569310857922,0.3542034198837168,175.37965167033335,0.020310912290500437,37.780398520409555,175.37965167033335
35,236,65.60505579007625,0.03456039241978746,0.3528112583073478,178.45939975633334,0.15464154864030466,65.60505579007625,178.45939975633334
35,177,90.3423776499277,0.09716067443184317,0.34905699378228333,180.70738446933333,0.11095406580940537,90.3423776499277,180.70738446933333
35,133,118.10849290676687,0.06136578061629767,0.3480366378339142,183.01835571066667,0.04833422521343137,118.10849290676687,183.01835571066667
35,100,153.67519602298245,0.6686086335296524,0.3470582266850486,186.71870775866668,0.27950088512539933,153.67519602298245,186.71870775866668
35,86,175.01476922906107,0.10663165922130455,0.3460288696869795,189.66918493533333,0.22846668714499796,175.01476922906107,189.66918493533333
37,10000,3.008311070830319,0.08560431434919141,0.37074068553192163,173.32726618066667,0.009173261799839039,0.0,173.32726618066667
37,10000,3.008311070830319,0.08560431434919141,0.37074068553192163,173.32726618066667,0.009173261799839039,3.008311070830319,173.32726618066667
37,3162,7.831292014361488,0.08266731449127851,0.3703070595369062,175.56978006683335,0.24613985598077082,7.831292014361488,175.56978006683335
37,1000,25.934125350208365,0.24254055465134616,0.37342905021493317,175.318244889,0.06309468186354632,25.934125350208365,175.318244889
37,562,34.7665661657161,1.8898159249483055,0.36707908991528004,175.60427126566665,0.1588715388189607,34.7665661657161,175.60427126566665
37,177,90.18096667147637,0.005020792117599303,0.3727044046468919,180.47847469533335,0.07398855997624347,90.18096667147637,180.47847469533335
37,133,118.77156638941408,0.1166230718921665,0.3713817691464711,182.90101059000003,0.05481679013374792,118.77156638941408,182.90101059000003
37,115,135.09079895186403,0.534274953258713,0.3699964570999228,184.52517670966668,0.27808276903112655,135.09079895186403,184.52517670966668
37,100,156.5079346316139,0.14178173180111334,0.3711800942092846,186.948525819,0.10160383729991171,156.5079346316139,186.948525819
37,86,180.27696120222785,0.05783462872548171,0.36988086387415975,190.21910741833335,0.20279259504716024,180.27696120222785,190.21910741833335
37,74,203.49687658307855,0.3338826624165602,0.37030803327426903,194.11638431266667,0.1941678195954484,203.49687658307855,194.11638431266667
37,63,234.89109336608917,1.5562479405671072,0.368140213177476,201.21451155866666,0.41693062108351003,234.89109336608917,201.21451155866666
37,55,262.78807766805227,1.213487764093342,0.36752124110519263,210.5793931533333,0.6071316385243297,262.78807766805227,210.5793931533333
37,52,275.2860745941018,1.7954508695527611,0.3668352997199422,216.57040183733332,1.0414738093595908,275.2860745941018,216.57040183733332
37,50,285.52638970549094,1.8164933517172495,0.365624151857513,222.349827186,1.1902456106752575,285.52638970549094,222.349827186
37,48,297.5638014358022,0.7919503667661121,0.36760282801387834,230.83866676933334,0.3768688882651224,297.5638014358022,230.83866676933334
37,47,305.82049913936453,1.4290613375965153,0.36625949676599334,237.840613963,1.3941344297909557,305.82049913936453,237.840613963
37,45,314.78691144318793,0.9026942335702696,0.3655082084569743,246.61703263033334,0.8581657761609414,314.78691144318793,246.61703263033334
37,44,321.6780972782233,1.0400158756655193,0.3658685455019006,252.19386393833335,1.673991107274316,321.6780972782233,252.19386393833335
37,38,375.2048640139619,0.8600614766657769,0.37315598568087793,323.1544994476667,1.5978974915026363,375.2048640139619,323.1544994476667
37,37,382.7813673198682,1.8268937888962757,0.3722128067477759,337.9315315026667,2.988272923203657,382.7813673198682,337.9315315026667
37,35,401.0100164878241,1.308695415966124,0.36898291721977006,370.46956614500004,1.6348872274632567,401.0100164878241,370.46956614500004
37,33,421.0711557286627,1.75554615843196,0.36588723065698364,413.5229883043333,3.9191251822631523,421.0711557286627,413.5229883043333
37,10,458.49437202353414,0.33029017057158105,0.3694725108101375,609.7625853743333,2.4039905293473747,458.49437202353414,609.7625853743333
37,1,458.9604484883175,0.360303745503061,0.3726925205629281,607.5114686586667,2.6406658016176023,458.9604484883175,607.5114686586667
37,0,459.2495022829089,0.07617306096330143,0.3728868860122792,608.4520245746667,2.561596818201579,459.2495022829089,608.4520245746667
39,749,31.43825683703349,,0.3862035118742675,175.392919097,0.05388902419057235,31.43825683703349,175.392919097
39,177,91.68813092082871,,0.39433130956300333,180.12625152933333,0.08875244082477288,91.68813092082871,180.12625152933333
39,133,120.3636507449313,0.2143179111422899,0.3943565985918895,182.817784272,0.14335267770255194,120.3636507449313,182.817784272
39,115,137.71107762362317,0.42807778563275534,0.3940740689241517,184.39346217266666,0.14219965295089113,137.71107762362317,184.39346217266666
39,100,155.73668784063844,0.4439191511704063,0.39143479716312957,186.72191345299998,0.1664564158730855,155.73668784063844,186.72191345299998
39,86,181.30051322476734,0.7498520407096562,0.39067222315982425,190.38500557400002,0.09216005199837952,181.30051322476734,190.38500557400002
39,74,206.84695977551573,1.5811819290122249,0.38813029005768956,194.724274577,0.32511931854870396,206.84695977551573,194.724274577
39,68,226.21209843425228,0.5990011794255251,0.38972722650762925,198.89468831866665,0.19649475393936908,226.21209843425228,198.89468831866665
39,63,239.7469916763778,1.2968153621841692,0.3891409853340286,202.63807613100002,0.4126402171374347,239.7469916763778,202.63807613100002
39,58,260.40471596150405,1.5415365622131272,0.3878120731116123,210.17283578133333,0.6307738770277308,260.40471596150405,210.17283578133333
39,55,269.4617733102253,0.9486683990907494,0.38652596712275206,214.00779197166665,0.6124127642287983,269.4617733102253,214.00779197166665
39,52,278.8375613430724,3.9004598777693915,0.3877845502772203,218.657139745,2.383341211863943,278.8375613430724,218.657139745
39,50,290.8597202424549,0.26760677533081884,0.38619551176624833,226.3201436916667,0.3497738403914814,290.8597202424549,226.3201436916667
39,47,308.0733507353559,,0.3874379151565886,240.6634244426667,1.685900203602476,308.0733507353559,240.6634244426667
39,33,428.29079251792314,4.9678735317403655,0.39227345680899756,423.4067859116667,12.337145534026035,428.29079251792314,423.4067859116667
39,32,436.54520227404595,2.9399490180551355,0.3890503779884808,447.42507675733333,9.327923590212068,436.54520227404595,447.42507675733333
39,31,447.61875761416724,2.0236436610247277,0.38782736186441946,486.7227656383333,9.487331853586978,447.61875761416724,486.7227656383333
39,13,460.61287608749655,0.02524505213834005,0.3874809691204826,610.4042809206667,0.6195986665754369,460.61287608749655,610.4042809206667
39,10,460.9336877677522,0.22887971386906522,0.388982935217002,610.6086095643333,2.321862802078818,460.9336877677522,610.6086095643333
41,10000,2.963848393443453,,0.41276623914327465,173.22440237033334,0.10932039882904947,0.0,173.22440237033334
41,10000,2.963848393443453,,0.41276623914327465,173.22440237033334,0.10932039882904947,2.963848393443453,173.22440237033334
41,1778,13.614291963720698,0.0710511308414228,0.4058493251599366,175.35624489066666,0.13893971018334483,13.614291963720698,175.35624489066666
41,1333,19.056377552615942,0.08259349958820048,0.40934674429825274,175.35921066433335,0.06377320288266426,19.056377552615942,175.35921066433335
41,1000,26.02137323786994,0.032298958517012026,0.4145885529909302,175.12754049333333,0.06560243867730364,26.02137323786994,175.12754049333333
41,648,36.60775850356206,0.07838828866652606,0.40608341730426956,175.5022826423333,0.06343871518013011,36.60775850356206,175.5022826423333
41,107,151.48611185442394,0.05580755469180906,0.41474769482178475,185.88600289233332,0.1791385280429898,151.48611185442394,185.88600289233332
41,74,210.33229179130777,1.8971736568874795,0.4131966596901402,195.32072538133335,0.5039263428803863,210.33229179130777,195.32072538133335
41,68,226.7609985798966,0.6185763803079035,0.4132258266938255,198.8875164243333,0.29393652379608615,226.7609985798966,198.8875164243333
41,63,244.02136362501463,1.6585973518712065,0.4140177881439983,203.88286597633336,0.39462338327405505,244.02136362501463,203.88286597633336
41,60,256.13800772723886,1.729026639321662,0.41280591860859167,208.05867143166665,0.6972798915478828,256.13800772723886,208.05867143166665
41,58,262.3784205572604,0.7052423489183631,0.41275883902047,210.81238239,0.28215473156793525,262.3784205572604,210.81238239
41,56,267.58333560132724,0.9469199460699219,0.4137031240387259,213.03921181033334,0.429253719881706,267.58333560132724,213.03921181033334
41,55,270.04567844097124,3.883048344130927,0.4126944664691528,214.283223176,2.011804727828338,270.04567844097124,214.283223176
41,53,279.7660637922513,1.088239320197492,0.41214268355022554,219.18007050166668,0.7660500926262973,279.7660637922513,219.18007050166668
41,52,284.7732847804765,2.4265862372767923,0.4125554788957197,222.19292568799997,1.5350924442954215,284.7732847804765,222.19292568799997
41,50,296.52440482065566,1.289062072758474,0.41251645687036204,230.49646593166665,0.9556461936478544,296.52440482065566,230.49646593166665
41,47,313.9347752829273,2.7693188501787014,0.41156214956308074,245.82982056733331,2.695233097397221,313.9347752829273,245.82982056733331
41,45,323.9963648232622,3.1383120916703593,0.41127958034453793,254.94553299100002,3.2194340939620405,323.9963648232622,254.94553299100002
41,44,328.7207656635939,0.8730426889755981,0.41091187846734684,260.000863869,0.7937229632453429,328.7207656635939,260.000863869
41,43,337.6779027590451,1.4534129302337337,0.4102345732413945,270.002062985,1.9928071678838057,337.6779027590451,270.002062985
41,41,355.10712285782466,0.9394979219176499,0.4071670533119738,291.990542767,0.6869247961976843,355.10712285782466,291.990542767
41,33,433.8282302083541,,0.4148984702836869,420.84408368033337,12.570256589354859,433.8282302083541,420.84408368033337
41,32,444.34951275519626,0.30211870957672116,0.41402663273244295,458.123414983,8.164428438276659,444.34951275519626,458.123414983
41,31,450.85456127738144,1.515468936748404,0.4136269011611891,487.9850274856667,9.209045792801806,450.85456127738144,487.9850274856667
41,29,461.44409239600935,0.2321830468992076,0.4117613691649709,543.5613986046666,2.540573079703373,461.44409239600935,543.5613986046666
41,28,463.32204896832235,0.19523628640989438,0.41131405204050725,564.3368249646668,2.181804704314991,463.32204896832235,564.3368249646668
41,26,464.43413989416746,0.3006873129012412,0.41093192714092125,581.2240342576666,0.517688074773642,464.43413989416746,581.2240342576666
41,24,464.24981574445536,0.18045514162861848,0.4093757518078811,592.1090625436667,0.795421735008741,464.24981574445536,592.1090625436667
41,23,464.2013107543841,0.19333154609502717,0.40956925605378425,597.491113131,2.224584728710886,464.2013107543841,597.491113131
41,22,464.34636992605897,0.34303230633291093,0.40983542823882546,600.5474978776666,2.4450724411344096,464.34636992605897,600.5474978776666
41,19,463.9702100524368,0.3516701565089669,0.40972236597733946,609.8172331963334,2.5930447294663064,463.9702100524368,609.8172331963334
41,17,464.25023440454,0.04315472378282207,0.41285609065290557,614.33006506,1.1273447754783852,464.25023440454,614.33006506
42,1333,19.137521321852166,0.1035262097287704,0.4199141805371705,175.35575571766665,0.07114023901690768,0.0,175.35575571766665
42,1333,19.137521321852166,0.1035262097287704,0.4199141805371705,175.35575571766665,0.07114023901690768,19.137521321852166,175.35575571766665
42,749,22.93526688816321,0.030263708403634963,0.4180158232364832,174.57814229133336,0.12660072479570172,22.93526688816321,174.57814229133336
42,562,32.98666732254306,2.8403965960564235,0.41886806821595435,175.16503776733333,0.3751922124001528,32.98666732254306,175.16503776733333
42,421,39.0830368919847,0.07026285127338583,0.4199697173743471,175.39326206133333,0.1017999235360643,39.0830368919847,175.39326206133333
42,316,50.70905795483423,0.02659653524549656,0.42116413643135525,176.33735267166665,0.13088939449375542,50.70905795483423,176.33735267166665
42,273,59.00787406242053,0.08532660874190905,0.4234405559301121,177.31299257,0.10545191234526295,59.00787406242053,177.31299257
42,236,68.24576951089848,0.04717056117871268,0.42118502634778293,178.388695185,0.2127736655254843,68.24576951089848,178.388695185
42,204,77.70648758739141,0.049426124923505343,0.41920713893821104,179.2414370713333,0.04832186689809794,77.70648758739141,179.2414370713333
42,177,92.43534255739858,0.27996028698316977,0.41808620285958337,180.03154340566667,0.18884518663632394,92.43534255739858,180.03154340566667
42,153,106.96928552452312,0.2337673821704133,0.4176534363474194,181.199642412,0.18623020025868575,106.96928552452312,181.199642412
42,133,122.05776642935714,0.011409406327090204,0.4173472397075653,182.57712261966665,0.047590955178454894,122.05776642935714,182.57712261966665
42,123,131.24895038349433,0.03101307733901468,0.41641861561410737,183.7167306,0.16651965521681164,131.24895038349433,183.7167306
42,115,138.73176976871943,0.7038396993788301,0.41665906557322924,184.40787468500002,0.14110325940636673,138.73176976871943,184.40787468500002
42,100,161.26175672724688,0.2109647546216065,0.41664473643338323,187.26364622933332,0.0869501800860721,161.26175672724688,187.26364622933332
42,86,185.85784189157567,,0.41577973331284296,190.76861111999997,0.3113082429194406,185.85784189157567,190.76861111999997
43,55,274.03029343259243,1.1674109891179871,0.4310807822886735,216.36924596033336,0.7848783871177714,274.03029343259243,216.36924596033336
43,52,287.80341564532387,1.0140633083728277,0.43480799628192635,224.22970407699998,0.48200502052336863,287.80341564532387,224.22970407699998
43,47,317.31500602661276,0.059826796657093395,0.4344144909344731,248.53054686933334,1.9299180989464826,317.31500602661276,248.53054686933334
43,45,331.726691895905,0.3329210607191453,0.43240420660857143,263.43951922166667,0.39315561879940186,331.726691895905,263.43951922166667
43,44,337.77688647685767,0.8017831506120171,0.4327588056765593,269.6093151443333,0.7986233307283512,337.77688647685767,269.6093151443333
43,43,341.8440831614325,1.1035922160415927,0.43293477678446735,274.27936133133335,1.762140506724598,341.8440831614325,274.27936133133335
43,41,357.6664790274869,1.533010056523846,0.42995329644630664,294.1001304306667,1.5803886789139212,357.6664790274869,294.1001304306667
43,39,374.25057090629934,1.553847592700914,0.42674156897718185,318.573061006,2.8407058020674896,374.25057090629934,318.573061006
43,38,382.8373531067069,1.2946833136226958,0.42546196272906356,333.026889509,4.470391633310217,382.8373531067069,333.026889509
43,33,440.6579013468942,1.2092744073660084,0.4345841676940653,438.79113327766663,8.273503427565,440.6579013468942,438.79113327766663
43,32,447.88855969388186,2.8381065032034045,0.43416002779148427,465.5330522653333,10.261627420500854,447.88855969388186,465.5330522653333
43,31,453.1347961435829,1.0147539321708952,0.4336301247647402,489.8754781883333,2.624102483064386,453.1347961435829,489.8754781883333
43,29,463.60977922195144,0.4664536948622739,0.4316452124177677,544.686879086,0.666163259940405,463.60977922195144,544.686879086
43,28,464.0726800064411,0.48211956034241854,0.4308051516421179,560.7221100813333,2.1502749743249625,464.0726800064411,560.7221100813333
43,26,466.8139970222201,0.43796482326115227,0.43098227407799,583.4546548469999,0.4346721012482609,466.8139970222201,583.4546548469999
43,24,466.88760951599335,0.08008166655072718,0.4309867356059296,595.6951706909999,0.8297524449248581,466.88760951599335,595.6951706909999
43,23,466.6183411295385,0.322175765826551,0.4308719868116107,601.3357640266667,0.29662731654522956,466.6183411295385,601.3357640266667
43,22,466.9153000955998,0.135196648425567,0.4310583671382049,605.807880899,1.0395746881819021,466.9153000955998,605.807880899
43,20,466.68050918989894,0.14572710995515578,0.43093670931874656,610.4427658806667,0.7706523438244613,466.68050918989894,610.4427658806667
43,19,466.4729947130147,0.2882864636172673,0.43085714152094895,613.1074451903334,1.7466339968051352,466.4729947130147,613.1074451903334
43,17,466.9340299194386,0.1283135347056381,0.4324381804923248,618.9186641496667,2.1197227496546884,466.9340299194386,618.9186641496667
44,10000,3.0786245220491892,0.10116017965129269,0.44088043371036123,173.17132543055556,0.28082458946620265,0.0,173.17132543055556
44,10000,3.0786245220491892,0.10116017965129269,0.44088043371036123,173.17132543055556,0.28082458946620265,3.0786245220491892,173.17132543055556
44,3162,7.886680359728781,0.03790463756949801,0.4385802503933576,175.19610807366666,0.1910205902151725,7.886680359728781,175.19610807366666
44,1000,27.66460701179823,0.3655470308272034,0.4390078753720922,175.125953039,0.04980771838061307,27.66460701179823,175.125953039
44,522,37.15558500320616,0.02110445296192785,0.44085847909066467,175.325385816,0.05196758229566927,37.15558500320616,175.325385816
44,421,38.98293712318837,0.06518817096695351,0.4429107393937514,175.121310399,0.04067728078199378,38.98293712318837,175.121310399
44,316,51.2319759436975,0.03944646218794278,0.4423915118821655,176.19065487233334,0.0704522821558442,51.2319759436975,176.19065487233334
44,273,59.35486285612368,0.10598976608525816,0.44420124226994084,177.15542135,0.0894606317407923,59.35486285612368,177.15542135
44,236,68.17824824830927,0.06669355057217811,0.443393557462257,178.2070879726667,0.031754261101206445,68.17824824830927,178.2070879726667
44,204,77.64130458373221,0.0303119941360922,0.4419940227033466,179.06429344333333,0.03767602864149147,77.64130458373221,179.06429344333333
44,177,93.96522245908771,0.10816286023088617,0.4402525245596782,179.96025881,0.09771538355956723,93.96522245908771,179.96025881
44,133,123.24649321715565,0.06511136670282323,0.43917663173246363,182.593301914,0.03748439090726814,123.24649321715565,182.593301914
44,115,140.21442398460943,0.8206795323059355,0.4371734835938117,184.21520642633334,0.07785553553164373,140.21442398460943,184.21520642633334
44,100,160.70048009890562,0.9450841598680814,0.4374588955704745,186.798471088,0.0836140308240362,160.70048009890562,186.798471088
44,86,185.43360345818112,0.2726217939477259,0.4369890755678743,190.520756649,0.09806482553976678,185.43360345818112,190.520756649
44,74,212.22858824050275,0.972101574520318,0.4357709377431485,195.5695324666667,0.1728375194233259,212.22858824050275,195.5695324666667
44,63,247.84143739424533,1.0982133744043951,0.4362056750747833,205.11212127333332,0.3387698047712913,247.84143739424533,205.11212127333332
44,58,265.6386052012597,2.220600543774742,0.4363469499317915,212.51270720633332,0.8063516262956675,265.6386052012597,212.51270720633332
44,50,298.90655075391044,1.4123647371902799,0.4357554268362462,233.05282091566664,1.850012261134693,298.90655075391044,233.05282091566664
44,37,398.7895231680894,2.463408935591343,0.4437612424773325,350.67965369666666,4.915054392823637,398.7895231680894,350.67965369666666
44,35,414.5371513018302,2.5447561227483977,0.44009216846340266,381.8602218793333,5.26987282959747,414.5371513018302,381.8602218793333
44,10,466.7306706981453,0.45591480235274356,0.439373193475424,624.3745162036666,2.4707534853015467,466.7306706981453,624.3745162036666
44,1,466.7797367410771,0.3689099833897103,0.44229708956640423,623.8704423806666,2.2471964070360015,466.7797367410771,623.8704423806666
44,0,466.8180964572777,0.1893292146910105,0.44318940484882735,628.1966967166667,3.1166717866742353,466.8180964572777,628.1966967166667
45,68,231.6032960382632,1.0702252647216128,0.4544439870738229,199.72128805166668,0.3089044359463939,231.6032960382632,199.72128805166668
45,43,349.06107434557447,2.8136099088062227,0.454092508565705,281.82600914566666,3.490806519399977,349.06107434557447,281.82600914566666
45,41,361.77575797814643,0.68389182580736,0.4519466145497864,297.901127161,1.1881155888819606,361.77575797814643,297.901127161
45,39,376.6752728936335,1.0281620034672598,0.4484805336621502,320.0024341773333,2.7201033286444947,376.6752728936335,320.0024341773333
45,38,386.59069457649423,1.2750862294272727,0.4459698589306591,337.646422533,5.343567130243223,386.59069457649423,337.646422533
45,29,466.9252593108967,0.18490211523534167,0.454008722591412,559.479747023,2.360261424449593,466.9252593108967,559.479747023
45,28,468.24428269755464,0.49819670093162943,0.45342551473992326,575.787821837,2.6551193066509873,468.24428269755464,575.787821837
45,26,468.95108534165655,0.43492791405474535,0.45257064653546175,593.255643919,1.0449435536337228,468.95108534165655,593.255643919
45,24,468.86199033163695,0.14735727732352488,0.45266219208888986,603.2471622486667,2.0720903905154073,468.86199033163695,603.2471622486667
45,23,469.3208667936695,0.0862419523961363,0.4524187974352601,608.1611696886666,1.406500141973659,469.3208667936695,608.1611696886666
45,22,468.73963003296825,0.3058084780181087,0.45241231581411084,614.1530965303333,1.7530575355635407,468.73963003296825,614.1530965303333
45,20,469.065816540963,0.335433899781564,0.4524644618105024,618.352781585,0.8924047332895189,469.065816540963,618.352781585
45,19,468.89804360423483,0.2341228977959116,0.45285160662216467,623.0441402496666,1.840189586252937,468.89804360423483,623.0441402496666
45,17,469.23624472275765,0.09716303867565744,0.45375819447602056,627.5447845173334,0.24929527498202064,469.23624472275765,627.5447845173334
45,14,469.52262969385754,,0.4546161374887876,630.6376041039999,2.6632059982344924,469.52262969385754,630.6376041039999
46,5623,4.7866218907045175,0.004887483259049593,0.4569133401759459,174.66284857066668,0.2541871045654565,0.0,174.66284857066668
46,5623,4.7866218907045175,0.004887483259049593,0.4569133401759459,174.66284857066668,0.2541871045654565,4.7866218907045175,174.66284857066668
46,3162,8.437541577527456,0.11832380777054506,0.45651636369077886,175.53664209733333,0.08193353572660081,8.437541577527456,175.53664209733333
46,1778,14.393358289795609,0.21156232736636302,0.4601300562892161,175.638362358,0.013090134826141516,14.393358289795609,175.638362358
46,749,30.79502584764249,0.09617792909388691,0.45659976386937173,175.3651608253333,0.15832378239748163,30.79502584764249,175.3651608253333
46,562,35.772557457406485,3.610530022462817,0.4591740867520533,175.27134473766668,0.25142062178067787,35.772557457406485,175.27134473766668
46,421,39.659072130727345,0.04956084095983315,0.46332641860534585,175.131310042,0.09979657896580525,39.659072130727345,175.131310042
46,316,51.69565584283336,0.024850817242640932,0.46396341087491216,176.17121121166667,0.023065904414891553,51.69565584283336,176.17121121166667
46,273,59.41348012935428,0.01997759599005477,0.4587992473956677,176.97826468433334,0.09436273128869412,59.41348012935428,176.97826468433334
46,204,77.84774293401743,0.024198780921412658,0.4639341922900632,178.715854575,0.13762746994952027,77.84774293401743,178.715854575
46,177,94.5676916900242,0.10321221559707851,0.4616224620967262,179.80012452300002,0.1261516070066791,94.5676916900242,179.80012452300002
46,133,124.70016794917392,0.2553766085043061,0.4611231755761882,182.495559898,0.21253754800187394,124.70016794917392,182.495559898
46,115,141.71648274108603,0.5124675581503298,0.4599709538743238,184.46723606633336,0.1651267428291443,141.71648274108603,184.46723606633336
46,100,161.96591831294305,0.707673886029266,0.45929244342266456,186.83182579333334,0.06891330249410345,161.96591831294305,186.83182579333334
46,86,186.16566811234074,1.195724426886906,0.4594033983971279,190.41946513866665,0.24118973185417994,186.16566811234074,190.41946513866665
46,74,216.47817556948414,1.1084888246990237,0.45683301731496534,196.28355712433333,0.37541800973522277,216.47817556948414,196.28355712433333
46,63,249.520030043663,0.5033414297516114,0.457637060173994,205.7681193986667,0.2807318279880705,249.520030043663,205.7681193986667
46,58,269.4886195024022,0.7729608445375227,0.4566875910851475,213.983037631,0.3090687813341244,269.4886195024022,213.983037631
46,55,280.34305848419103,2.049747980374506,0.45628954921496634,219.65536572933334,0.9892769066577162,280.34305848419103,219.65536572933334
46,52,292.0179139256824,2.266178861032396,0.4572387422505743,227.04598539633332,1.2890910504286064,292.0179139256824,227.04598539633332
46,50,304.82297853596395,2.131585290716848,0.4564597737108822,236.16269084399997,2.0052975665574473,304.82297853596395,236.16269084399997
46,47,322.68648352890597,3.5821107754923225,0.45562501010141226,252.436068469,3.6270866739303984,322.68648352890597,252.436068469
46,35,422.0528394753628,3.0457833970650765,0.4614737173657626,390.5858335983333,5.051966255094205,422.0528394753628,390.5858335983333
46,33,443.8444285542582,1.2307925306599408,0.4572509331124605,442.40373661099994,4.064195797758597,443.8444285542582,442.40373661099994
46,32,453.6566437500342,0.6883874166616724,0.45613311072623924,477.71407693500004,4.185185010890293,453.6566437500342,477.71407693500004
46,31,460.3413229599358,0.556014761746371,0.45514529072927346,508.84846825166665,5.327122911981809,460.3413229599358,508.84846825166665
46,13,469.36910034788815,0.2735358723340065,0.4558920125746848,631.4298952463333,1.2601181550590808,469.36910034788815,631.4298952463333
46,10,469.02839282166,0.2407522454931042,0.45762732643862064,632.5370870096666,2.4482373294779998,469.02839282166,632.5370870096666
46,3,469.23546637594364,0.31900032549161367,0.4611978720947825,636.754205143,0.350892912135392,469.23546637594364,636.754205143
46,1,468.9197079773964,0.22248823227470457,0.4611292442349737,638.9463178516667,1.419773525986725,468.9197079773964,638.9463178516667
46,0,469.1759852751727,0.5080303297982091,0.46122564073545175,637.8643396996666,1.608427813153033,469.1759852751727,637.8643396996666
48,10000,2.784135770579561,0.33435377003554434,0.4819276131188558,172.863997453,0.31031520021802056,0.0,172.863997453
48,10000,2.784135770579561,0.33435377003554434,0.4819276131188558,172.863997453,0.31031520021802056,2.784135770579561,172.863997453
48,3162,8.41531005475579,0.08355685878222638,0.4830432313372734,175.20033854266669,0.08179431217247982,8.41531005475579,175.20033854266669
48,562,33.8323527529419,0.02973603029533305,0.48450581830485967,174.99423329766668,0.05671790956735386,33.8323527529419,174.99423329766668
48,421,40.27314017338133,0.02647335993578828,0.4828366934063562,174.97961992433332,0.08054753423488516,40.27314017338133,174.97961992433332
48,177,96.03576995350703,0.15523802377790216,0.48299697190849544,179.68655451733332,0.18165410600618137,96.03576995350703,179.68655451733332
48,133,125.60183526768462,0.3289438573443053,0.48033619363159424,182.342922422,0.009770333744247489,125.60183526768462,182.342922422
48,100,164.16165024965986,0.5936383912156685,0.4805821615893467,186.812594949,0.13944670700100398,164.16165024965986,186.812594949
48,86,187.39056478313944,0.44966507248625565,0.4803974935492689,190.3364020296667,0.14708886859603457,187.39056478313944,190.3364020296667
48,74,216.26368511626166,0.5456915451271662,0.47983557668480076,195.92486494533333,0.13677723405749267,216.26368511626166,195.92486494533333
48,68,232.05716423925068,0.6191786914978827,0.4789734488590871,199.94222174733332,0.19291373461755226,232.05716423925068,199.94222174733332
48,63,249.189414933886,1.08997272447902,0.47868262987265675,205.272196255,0.5442811908428803,249.189414933886,205.272196255
48,58,272.1497229676351,2.2128892718729607,0.47795717212689093,215.07920262166667,1.1148481710508251,272.1497229676351,215.07920262166667
48,55,282.35717265405793,2.8067762730857955,0.47860666241970334,220.50758569466666,1.544543109262853,282.35717265405793,220.50758569466666
48,52,295.523744078424,1.9989840961784098,0.47856214686161275,229.408115569,1.4899515603841647,295.523744078424,229.408115569
48,50,306.7175901899503,2.598257764946622,0.4787897353036153,237.61135688,2.6742468671578936,306.7175901899503,237.61135688
48,47,323.4175003451071,1.524869843792708,0.47784699505037237,252.34096498066666,1.696319624098969,323.4175003451071,252.34096498066666
48,45,335.55621524213706,1.9349291761261842,0.47642501947066135,264.9360655583334,2.1830146481329864,335.55621524213706,264.9360655583334
48,44,346.8620739273699,0.9623855894918052,0.475644692781898,277.45062734366667,0.8313961680361744,346.8620739273699,277.45062734366667
48,43,349.7423405142723,4.512068413474258,0.47585426676129716,282.0394435846667,4.838765532395275,349.7423405142723,282.0394435846667
48,35,427.58157595763777,0.7224827605085973,0.4818758806378412,396.34050033266664,1.2465029239291687,427.58157595763777,396.34050033266664
48,33,448.9877795071363,0.7500679405255569,0.47903510762317475,451.62156366466667,2.9485852000293815,448.9877795071363,451.62156366466667
48,32,458.2923263894393,1.2013112478059462,0.4777385691613872,486.575767909,6.252748773164932,458.2923263894393,486.575767909
48,31,463.89911537304755,1.0087543789127316,0.4769501616859258,519.634875678,8.687277824014453,463.89911537304755,519.634875678
48,29,470.10349623273174,0.1809902713131365,0.4757756516212528,563.4601008646667,3.677476946107878,470.10349623273174,563.4601008646667
48,28,470.56378792948937,0.14754675152804206,0.4755262844467663,581.337076742,2.256410871990778,470.56378792948937,581.337076742
48,24,471.41867164724977,0.010152519577102606,0.47516311941152983,615.4070377976667,0.6760977193475116,471.41867164724977,615.4070377976667
48,22,471.4493915631443,,0.47547320544078975,623.0672862836667,1.504615142047525,471.4493915631443,623.0672862836667
48,19,471.6738555488866,0.32041097449095196,0.47541911613377846,632.9120633346666,1.7664188325529353,471.6738555488866,632.9120633346666
48,17,471.9166236113602,0.08396711088737979,0.4767060792005442,638.5488984753333,0.2332646486702727,471.9166236113602,638.5488984753333
48,14,472.03407612108464,0.12505808985358605,0.4780369654850278,641.938266421,3.558754163901414,472.03407612108464,641.938266421
48,13,472.20596450497396,0.25699643832026997,0.4786987053480096,644.6757429663334,0.7874514596701984,472.20596450497396,644.6757429663334
48,11,472.38291856698135,0.22469033356158197,0.47981769377472094,647.0427849563333,1.0920471609792028,472.38291856698135,647.0427849563333
48,10,472.1377926717032,0.36178767147134766,0.48021268206621276,646.9538007606667,0.8941722265211504,472.1377926717032,646.9538007606667
48,7,472.1693329421685,0.050360751594223756,0.481201767287703,650.0703283856666,2.136278535373755,472.1693329421685,650.0703283856666
48,5,472.53609290076406,0.24017873987669502,0.4815968007601805,652.0605067466666,1.2604655937835925,472.53609290076406,652.0605067466666
48,3,472.2672750063852,0.43841012396584367,0.4827108118028883,655.4565141263333,0.6361843808600768,472.2672750063852,655.4565141263333
48,1,471.8828928619543,0.10242065251083375,0.4828578973455672,656.2582306446667,1.575839505357122,471.8828928619543,656.2582306446667
48,0,472.25295494103983,0.23374242521553754,0.4823297238837487,655.9892707373333,1.5785840606485868,472.25295494103983,655.9892707373333
50,10000,3.017713672527022,0.13122538945257495,0.5014679159680794,172.761784876,0.07072686642611897,0.0,172.761784876
50,10000,3.017713672527022,0.13122538945257495,0.5014679159680794,172.761784876,0.07072686642611897,3.017713672527022,172.761784876
50,5623,5.0004634137620725,0.06847635955564171,0.49704272198996413,174.16285882166667,0.026469601727406828,5.0004634137620725,174.16285882166667
50,3162,8.548719831599954,0.18878572880055128,0.5017440260312884,175.254424643,0.14146683250067482,8.548719831599954,175.254424643
50,648,38.31247632917223,,0.49531116795601243,175.30702280333333,0.05424533505784119,38.31247632917223,175.30702280333333
50,562,33.74230449668186,0.1805611792167731,0.49889151350490873,174.8813382336667,0.20148024325941674,33.74230449668186,174.8813382336667
50,421,40.534278826143925,0.011344085953612613,0.5028607610948336,175.0118873956667,0.14431812286560453,40.534278826143925,175.0118873956667
50,177,96.60722421066875,0.19581480967574083,0.5035968672633758,179.48475916866664,0.05165825659735919,96.60722421066875,179.48475916866664
50,133,127.4823808435636,0.05676232461169218,0.502932750461769,182.21465339233336,0.06806064972901943,127.4823808435636,182.21465339233336
50,115,145.30426979295558,0.7357843929124048,0.5019488995081364,184.287199947,0.05726622140693125,145.30426979295558,184.287199947
50,100,165.18207388316594,1.0304795095579826,0.5015586674888932,186.683891895,0.1954629448108704,165.18207388316594,186.683891895
50,74,220.0854703146197,2.8455035207206945,0.5007442064870383,196.64734655733332,0.6638715981832157,220.0854703146197,196.64734655733332
50,68,239.4408049331116,0.7420185850923291,0.4994634554523329,201.69891564266666,0.21870905337352073,239.4408049331116,201.69891564266666
50,63,254.60541174075036,0.4234081084730298,0.4974506601141198,207.08060946700002,0.4063419617196701,254.60541174075036,207.08060946700002
50,58,275.8812810928132,0.23807741925052087,0.49910703992680183,216.864398577,0.3022134724005164,275.8812810928132,216.864398577
50,55,285.45907137052706,2.15448276236497,0.5000416732448677,221.8329520246667,1.229600368494575,285.45907137052706,221.8329520246667
50,52,300.5970759287464,2.580566609390119,0.49880958210265086,231.68025424500001,1.9450854312803385,300.5970759287464,231.68025424500001
50,50,309.7601721906905,1.5925495075513816,0.4985895226976631,239.33217593333333,1.5770609031609184,309.7601721906905,239.33217593333333
50,47,327.0025536026549,2.1320163549476483,0.4986791286189067,254.51412516699997,1.7485017207954738,327.0025536026549,254.51412516699997
50,44,346.31908439262247,1.9374117872724264,0.4972421413198933,274.8941929696667,2.3493039013777737,346.31908439262247,274.8941929696667
50,43,353.39414352046475,3.1965643214429553,0.49642623865714236,283.6229060826667,3.304060236979171,353.39414352046475,283.6229060826667
50,35,430.31600767199825,1.5957437968568837,0.5037745224610982,397.73889396966666,2.6838489079122074,430.31600767199825,397.73889396966666
50,33,453.0857411161646,2.3281203124337906,0.5004243003307404,459.818016598,8.306611062730422,453.0857411161646,459.818016598
50,32,459.7409134311849,0.24844109633305916,0.49911057241681833,488.229754219,4.521196970909193,459.7409134311849,488.229754219
50,31,465.70222382296157,0.2744653747940582,0.49828303626649545,520.5480139306667,1.9597757696141724,465.70222382296157,520.5480139306667
50,29,471.40538189152875,0.475352638795718,0.49827092119653454,570.6065007526666,2.24027491646307,471.40538189152875,570.6065007526666
50,28,472.23409817431076,0.3872997593826226,0.49766449635971344,584.29349413,4.021566900017244,472.23409817431076,584.29349413
50,26,473.38600641953707,0.1859151143816097,0.49736800941836196,607.7580838906666,1.11186652387434,473.38600641953707,607.7580838906666
50,24,473.64015905280286,0.1411007170515326,0.4977052423729136,620.0821444166667,3.511191164139692,473.64015905280286,620.0821444166667
50,23,473.9267813634708,0.281546826619658,0.49742825707525634,627.754658373,1.2070498580717817,473.9267813634708,627.754658373
50,22,473.830585611157,0.2730739193855222,0.4974770863148574,630.430199158,1.3608458577747058,473.830585611157,630.430199158
50,17,473.8231804109344,0.10518592325021087,0.49908568833755756,645.1580004743333,1.0423266258391186,473.8231804109344,645.1580004743333
50,13,474.24815885286495,0.2667472399658994,0.5008282602980557,651.0990082326666,0.4853751661806171,474.24815885286495,651.0990082326666
50,10,474.50739616045695,0.2588433196830973,0.5015215031639167,653.7476980016667,1.1505883615824857,474.50739616045695,653.7476980016667
50,5,474.93832443820685,0.2031038919098738,0.5030181610365302,659.087148742,2.526177965195566,474.93832443820685,659.087148742
50,3,474.7901968848883,0.24356127874161196,0.5035310138467725,664.5237865539999,0.5037636441008354,474.7901968848883,664.5237865539999
50,1,474.8832868820618,0.15468525724000018,0.5030738993668648,664.7470175583334,1.644947164451375,474.8832868820618,664.7470175583334
50,0,474.8012594510094,0.12803876416752105,0.503667321908866,664.720095761,0.18362009687749747,474.8012594510094,664.720095761
52,5623,4.888597513137017,0.26909921164344824,0.5199637251305846,174.14069089066666,0.23765087655541647,0.0,174.14069089066666
52,5623,4.888597513137017,0.26909921164344824,0.5199637251305846,174.14069089066666,0.23765087655541647,4.888597513137017,174.14069089066666
52,1778,14.514533079958028,1.2324120323772894,0.5218101397851874,175.38410656783333,0.08218474160801642,14.514533079958028,175.38410656783333
52,1000,27.10640294576259,0.4792708492994688,0.5201588586782488,174.9352973373333,0.10368218032919939,27.10640294576259,174.9352973373333
52,562,36.34236183953319,0.09268440197633956,0.5158810419882557,174.91513260133334,0.08962459240753336,36.34236183953319,174.91513260133334
52,421,40.875881299027455,0.05361904009271892,0.5241100342356494,174.930672868,0.1100267403785994,40.875881299027455,174.930672868
52,316,53.36073075118373,0.021480689363341035,0.5247352093029637,175.585887579,0.05561065536059928,53.36073075118373,175.585887579
52,177,97.7951294898794,0.06766432902992979,0.5240184629657455,179.54960939033333,0.1129407673736416,97.7951294898794,179.54960939033333
52,133,129.11674835631732,0.162626496023278,0.5223506002873332,182.33520316166667,0.04520469404590667,129.11674835631732,182.33520316166667
52,115,146.7153477958107,0.8373278440768134,0.5226653555162615,184.01961939133332,0.11936172273761392,146.7153477958107,184.01961939133332
52,100,169.7216347514654,0.370359605815249,0.5213110942356426,187.04734450133333,0.19103830173641256,169.7216347514654,187.04734450133333
52,86,196.53757016450075,0.07864152767245372,0.520910429615828,191.273832009,0.07013687237189814,196.53757016450075,191.273832009
52,74,223.27946218494253,0.8628189721438255,0.5211346945860509,197.07521694033335,0.21926143961456337,223.27946218494253,197.07521694033335
52,68,240.08228987744315,1.8957207812169703,0.5209879272306187,201.81457981833333,0.6636722743106372,240.08228987744315,201.81457981833333
52,63,256.9673173254373,0.4781840469871755,0.5205437051824194,207.70818098333334,0.3573804427075976,256.9673173254373,207.70818098333334
52,60,268.1023221964629,1.2369096401367699,0.5210779004026901,212.478637625,0.5312310181703831,268.1023221964629,212.478637625
52,58,279.2337061654271,1.2505152048207238,0.5200944597346501,218.05127528966668,0.7643589239723697,279.2337061654271,218.05127528966668
52,56,285.0997606544084,1.5570262883065527,0.5201347710133254,221.30854366366665,1.2477876074645216,285.0997606544084,221.30854366366665
52,55,287.63127967457785,3.1572730452148616,0.5203252248662351,222.85801417300002,2.2375489114399856,287.63127967457785,222.85801417300002
52,52,301.51734016217534,1.963383027572544,0.5197965831313773,231.87697792933332,1.361451348936083,301.51734016217534,231.87697792933332
52,50,316.0535280766591,3.265075970293716,0.5197543415426505,243.09129775066666,3.214612399330711,316.0535280766591,243.09129775066666
52,47,332.78050759842483,0.8097337561777642,0.5196281782677952,258.928118823,0.8712461972057721,332.78050759842483,258.928118823
52,45,344.0523713656573,0.9822773248083957,0.5180402891349675,270.82912039033334,1.4239125878880776,344.0523713656573,270.82912039033334
52,44,355.3514881955519,3.4433310497436227,0.5170979032063755,283.53256099666663,3.645444151999979,355.3514881955519,283.53256099666663
52,43,359.0366858520918,0.6439615273419996,0.5164156783454665,287.7475654,1.1536402146372668,359.0366858520918,287.7475654
52,35,438.24263720042427,3.3106794907619266,0.5234695174955846,408.04920725533333,7.557660950102814,438.24263720042427,408.04920725533333
52,33,455.41095444500206,1.649516068254871,0.5211989095999047,456.29686506033335,6.804511829513341,455.41095444500206,456.29686506033335
52,32,464.858227451059,0.3723497765066369,0.520292933247255,496.90273796699995,3.1385462053514304,464.858227451059,496.90273796699995
52,31,469.0288172664593,0.9735301857446089,0.5197066921889014,526.8731005266667,9.532781011335056,469.0288172664593,526.8731005266667
52,29,472.73080883790675,0.31818958232439193,0.5192030733656976,569.8650805193333,1.7669771012452222,472.73080883790675,569.8650805193333
52,28,473.6779079751413,0.17155978338164957,0.5191931338791909,582.8703029943333,0.8665525813296969,473.6779079751413,582.8703029943333
52,26,473.8966014484724,0.6114872309995193,0.5194969949899891,603.6129280313334,1.480522696589591,473.8966014484724,603.6129280313334
52,24,474.68381767277424,0.35636415891009904,0.5197591446476276,615.444255666,2.147124347316196,474.68381767277424,615.444255666
52,23,474.24172210572914,0.29216431764928885,0.5197930680326712,621.3038421289999,0.4374241069350482,474.24172210572914,621.3038421289999
52,22,474.7291090060259,0.24835638962412665,0.5200552026683174,624.2389862863333,0.3267775176217487,474.7291090060259,624.2389862863333
52,19,474.7201428719125,0.09108001209884584,0.5206407664609151,629.1868049670001,0.4907241680657952,474.7201428719125,629.1868049670001
52,17,474.8619190365069,0.20259729301823967,0.5216041031907629,630.9381408043333,0.6511898073431702,474.8619190365069,630.9381408043333
52,10,475.43418131532576,0.3322761256124906,0.5241994259000994,636.2739872586667,0.8983204312966212,475.43418131532576,636.2739872586667
52,3,476.2450850748162,0.09086807586150167,0.5248704543555662,642.4034084670001,0.5937312745736473,476.2450850748162,642.4034084670001
52,1,475.760283319215,0.049457249782500545,0.5247791490922653,644.2869738333334,0.6046706833114319,475.760283319215,644.2869738333334
54,10000,3.1125835327810756,0.030013373191167952,0.5439591991153016,172.5292228986667,0.2136313736778095,0.0,172.5292228986667
54,10000,3.1125835327810756,0.030013373191167952,0.5439591991153016,172.5292228986667,0.2136313736778095,3.1125835327810756,172.5292228986667
54,3162,7.856416092061868,0.08024855156017822,0.5371862861705545,175.10450104099996,0.05940852030876105,7.856416092061868,175.10450104099996
54,1778,13.72896678075265,0.1959075527161787,0.5415982460724375,175.38984533983333,0.10413975087420001,13.72896678075265,175.38984533983333
54,421,41.230525157737894,0.053997902626908775,0.5429352174897664,174.996204592,0.15177991309779307,41.230525157737894,174.996204592
54,236,71.82808223787092,0.047943373497748416,0.5392798377408204,177.40484996866667,0.11961839273040563,71.82808223787092,177.40484996866667
54,153,113.00668675075309,0.15431738341214274,0.5439648291879192,180.4410510823333,0.08109317831248908,113.00668675075309,180.4410510823333
54,133,130.23156166967226,0.07962350164829939,0.542553356992311,182.21630357200002,0.060167296006500205,130.23156166967226,182.21630357200002
54,115,150.37221901927433,0.06101174292951406,0.5430127653217561,184.31718753500002,0.10268294355732753,150.37221901927433,184.31718753500002
54,100,171.76427713485427,0.1368659313013259,0.5418103538612999,187.13905058666668,0.11401118412924748,171.76427713485427,187.13905058666668
54,86,198.4868658146867,0.025215192090103856,0.5408636851355539,191.342241792,0.07594417111644178,198.4868658146867,191.342241792
54,74,227.87410404098918,0.08062981195015562,0.5404631179707736,197.95712548666665,0.13987780573852396,227.87410404098918,197.95712548666665
54,68,246.88917441725434,0.058963092457784375,0.5392685010320942,203.40819903766666,0.04421883731309005,246.88917441725434,203.40819903766666
54,63,259.4010321301757,0.711708581819468,0.5402188681933416,208.282821841,0.3585648516118407,259.4010321301757,208.282821841
54,58,280.2480969470785,0.9913165179712693,0.5398302083659354,217.9268613383333,0.6503228968195376,280.2480969470785,217.9268613383333
54,55,289.4665062507929,0.8941285073792848,0.5396451776188311,223.4929874576667,0.2706619834535551,289.4665062507929,223.4929874576667
54,52,306.23127362481233,1.6159185575150414,0.538445955544987,234.469405603,1.4048821880997806,306.23127362481233,234.469405603
54,50,316.3922771667954,2.0931658045852544,0.539327141433712,242.52495247833335,1.7496069459583847,316.3922771667954,242.52495247833335
54,47,336.58438680212504,1.2539148781221157,0.5388461614062284,261.55701139766666,1.0130105247273036,336.58438680212504,261.55701139766666
54,45,351.38218645137493,1.7463957063292155,0.5377602193337983,276.983716991,2.0357587524264016,351.38218645137493,276.983716991
54,44,357.2174361213706,2.427907648621337,0.5371525303442543,282.645031753,3.058401835569376,357.2174361213706,282.645031753
54,35,441.45430955929737,0.3330164829401543,0.5447873069403761,407.69897584266664,2.5968571780388015,441.45430955929737,407.69897584266664
54,33,458.078463606045,0.8456041919910716,0.5424276756390519,455.59559544433336,3.440829495755769,458.078463606045,455.59559544433336
54,32,466.6823730334524,0.13645859242726027,0.541545199560542,499.1948725503333,4.838941879225176,466.6823730334524,499.1948725503333
54,31,470.16010805532625,0.4284129509818581,0.5409774475322474,519.960290898,1.8962354118177678,470.16010805532625,519.960290898
54,29,473.6049024505963,0.25448176937919553,0.5410632564197322,556.9187429356666,2.022313697538759,473.6049024505963,556.9187429356666
54,28,474.4072669409932,0.5043779175280084,0.5410471001952689,572.5962593283333,0.3155612986702913,474.4072669409932,572.5962593283333
54,26,475.6923441396478,0.1502298615601676,0.5403742547382024,589.5428575566667,1.3201862847764263,475.6923441396478,589.5428575566667
54,24,474.78416188000193,0.11899683132042034,0.5408220064370994,600.7785522516666,0.8457721773790665,474.78416188000193,600.7785522516666
54,23,475.2571813188818,0.1861851775188132,0.5411712094567815,603.8176840026666,0.668224790921025,475.2571813188818,603.8176840026666
54,22,474.93065832008165,0.08779746296311146,0.5416763653191333,604.046606723,0.34278281693217816,474.93065832008165,604.046606723
54,17,475.7058681968306,0.12347402784815806,0.5429879727640058,606.957878198,0.15363424102615417,475.7058681968306,606.957878198
56,56233,0.6319302872663916,0.0032409829305502383,0.5626741113828636,169.35484017933334,0.09778723871614403,0.0,169.35484017933334
56,56233,0.6319302872663916,0.0032409829305502383,0.5626741113828636,169.35484017933334,0.09778723871614403,0.6319302872663916,169.35484017933334
56,31622,1.1063033983444135,0.014887899926836055,0.5604376192985229,170.22548229733334,0.10442874372849548,1.1063033983444135,170.22548229733334
56,1778,17.37448859738063,0.07386828752409334,0.5580646616717809,175.454249827,0.06376591875764726,17.37448859738063,175.454249827
56,1000,24.164599231717467,0.5282433289988746,0.5567570525884296,174.84436044683332,0.05795744496452539,24.164599231717467,174.84436044683332
56,486,36.4759681055992,0.021191944364318798,0.5607876602480801,174.66768003433333,0.10225062662662453,36.4759681055992,174.66768003433333
56,421,41.656437523153265,0.06335613191721998,0.5624994899657056,174.87916075766665,0.09198546460154902,41.656437523153265,174.87916075766665
56,316,54.17980753425726,0.013931884388200618,0.5642922078037654,175.42083874566666,0.033640850951543594,54.17980753425726,175.42083874566666
56,236,73.48092625091076,0.07303635365981931,0.564326439080699,177.23688817766666,0.09038709978672561,73.48092625091076,177.23688817766666
56,133,131.50480813120268,0.38397182942082025,0.5619069871646888,181.98043588966667,0.09206854878248488,131.50480813120268,181.98043588966667
56,115,149.66130387798987,0.47365849419174044,0.5628519266129062,183.83776445,0.08932993675991303,149.66130387798987,183.83776445
56,100,168.8089094023094,0.9452426912055526,0.5621491277241096,186.35734731033335,0.1324016488511451,168.8089094023094,186.35734731033335
56,86,195.6959301819413,0.3058922200513909,0.5608513859223184,190.83078454933334,0.1719564311995597,195.6959301819413,190.83078454933334
56,74,225.71331734972668,2.594201732932377,0.5616060660396973,197.26350458066668,0.6255711717211305,225.71331734972668,197.26350458066668
56,68,245.422747400449,0.7728926027461365,0.5607022760789868,203.04900784466668,0.08424400443905133,245.422747400449,203.04900784466668
56,63,260.5978562974109,2.2242249452651905,0.5606789173797,208.604192026,0.9782432666955191,260.5978562974109,208.604192026
56,58,281.7939475172844,1.4997181722569985,0.5605168082768527,218.6740079553333,0.7861325571334444,281.7939475172844,218.6740079553333
56,55,291.8875468176651,2.811381482555123,0.5605956467330163,224.31378112000002,2.116503001360959,291.8875468176651,224.31378112000002
56,53,305.7443979637323,5.04054405865905,0.5601542891154035,233.29407261966665,3.5411513613687386,305.7443979637323,233.29407261966665
56,52,310.7751515494079,0.8063546738604771,0.5595150129109547,237.13194506766663,0.878058788418712,310.7751515494079,237.13194506766663
56,50,320.2087246592901,0.5200246122379538,0.559384989577257,244.50476011066667,0.48625562325095617,320.2087246592901,244.50476011066667
56,47,338.12277546283735,1.6008065766025188,0.5587146725914632,261.00786082133334,1.3960578418441834,338.12277546283735,261.00786082133334
56,44,361.32494113240483,0.5354712791026074,0.5575212645970594,285.42659702500004,0.6284143211070569,361.32494113240483,285.42659702500004
56,43,368.67932566376754,2.5887048410682576,0.5565380473055613,294.687370643,2.793345963558753,368.67932566376754,294.687370643
56,35,450.3976622790052,,0.5641539191910449,416.3590807736667,6.4340361381073565,450.3976622790052,416.3590807736667
56,33,463.46526167664314,0.5029893667178489,0.5636254114903091,469.7300787313334,2.5325565300595736,463.46526167664314,469.7300787313334
56,32,469.51223548215677,0.3109819985698396,0.562195494554948,501.04471445766666,3.3367751664032497,469.51223548215677,501.04471445766666
56,31,472.4036918845621,0.38722116689524727,0.5620136869188456,524.3643545226666,2.567407643734888,472.4036918845621,524.3643545226666
56,29,474.3201149465067,0.13529488846597393,0.5617924123211395,554.0026370313334,0.3192600109991784,474.3201149465067,554.0026370313334
56,28,475.1602534426201,0.22763676377182032,0.5616422828852078,564.3011600393334,1.3773883885264828,475.1602534426201,564.3011600393334
56,26,475.34215750907885,0.09621239920827482,0.5620781638086482,577.449737539,1.1442477803523952,475.34215750907885,577.449737539
56,24,475.66889489984027,0.1565019961106254,0.5620143559221127,582.614149163,0.3750703060781345,475.66889489984027,582.614149163
56,23,475.991285714902,0.2999557250596303,0.5618548767486097,583.4792046613334,0.6828087125920562,475.991285714902,583.4792046613334
56,22,475.70565155820196,0.363227817670255,0.5621221954987046,584.6329301583334,0.6621736325251425,475.70565155820196,584.6329301583334
56,17,476.25767751362105,0.04574198377409941,0.5632344510644306,587.6971179926667,0.5357281530658108,476.25767751362105,587.6971179926667
57,56233,0.6599474073151896,,0.5702950052525623,169.62622430399998,0.25731304131035054,0.0,169.62622430399998
57,56233,0.6599474073151896,,0.5702950052525623,169.62622430399998,0.25731304131035054,0.6599474073151896,169.62622430399998
57,10000,3.1307988010190626,0.010775030812393263,0.5686051589588875,172.519232034,0.19452154029843113,3.1307988010190626,172.519232034
57,5623,5.1911300729313075,0.6299685811259311,0.571967330751768,173.80679807683336,0.151252189154077,5.1911300729313075,173.80679807683336
57,3162,8.86269599315,1.1599184857089382,0.5705125437280295,175.02363572083334,0.28717860758389346,8.86269599315,175.02363572083334
57,562,38.21120514790857,0.1266932913335698,0.565238000099397,174.88288355400002,0.08463940202866443,38.21120514790857,174.88288355400002
57,177,99.37924775302976,0.01917535919346175,0.5655361829489834,179.22535998566664,0.02941762863880486,99.37924775302976,179.22535998566664
57,74,229.478621381303,0.9359733694620789,0.5742693657267969,197.59083999666666,0.28324745401620394,229.478621381303,197.59083999666666
57,41,388.8142513754751,0.42350658892579246,0.57351094349373,316.979241648,0.3654925284808965,388.8142513754751,316.979241648
57,38,416.8941801680343,1.7547007890446875,0.5689817162862495,356.3554318016667,2.549171937220648,416.8941801680343,356.3554318016667
57,37,425.0606718829988,1.3093827682116956,0.5674420846012503,371.32256736966673,2.1937472346161133,425.0606718829988,371.32256736966673
57,10,476.8357284197847,0.055137797197455374,0.565605381348169,590.2462379693334,0.9556463949274983,476.8357284197847,590.2462379693334
57,3,477.4512068116938,0.2071447018149827,0.5653871638552144,595.2519226013334,0.27042683889900354,477.4512068116938,595.2519226013334
57,1,478.0507180960491,0.16938826534486126,0.5660788574203948,596.5069097056667,0.21935818132241103,478.0507180960491,596.5069097056667
57,0,477.5671335739927,0.1478428399510784,0.565483013400931,598.2546140886667,0.1177916371426784,477.5671335739927,598.2546140886667
58,56233,0.6561348159805921,0.006832787787312916,0.5778362509534093,169.47999565633333,0.040807175348551786,0.0,169.47999565633333
58,56233,0.6561348159805921,0.006832787787312916,0.5778362509534093,169.47999565633333,0.040807175348551786,0.6561348159805921,169.47999565633333
58,31622,1.10676472837167,0.007767256553207088,0.5803724963420084,170.25410283583332,0.12614934387393154,1.10676472837167,170.25410283583332
58,10000,2.921079569369658,0.09155479489511174,0.5821227134722302,172.35896045799998,0.11332812361236085,2.921079569369658,172.35896045799998
58,1778,13.731440533193846,0.09778069378608452,0.5760375149030024,175.19717235266668,0.13259512818591962,13.731440533193846,175.19717235266668
58,648,34.34658818132571,0.09420109882144016,0.5842135411600019,174.8140631516667,0.0821146396771969,34.34658818132571,174.8140631516667
58,562,38.189181331623274,0.1351079251831514,0.5773007854919556,174.805448762,0.0326495096308675,38.189181331623274,174.805448762
58,486,36.917825845717196,0.14715693247868528,0.5784118766664957,174.58601905199998,0.09490703483824883,36.917825845717196,174.58601905199998
58,421,41.93475571707,0.019392112116831273,0.5824398409321775,174.891360675,0.053067573125693976,41.93475571707,174.891360675
58,316,54.87654218192257,0.10859234527623433,0.5830493866562968,175.23941329866668,0.05850719824930862,54.87654218192257,175.23941329866668
58,236,74.2521785098653,0.05437398815387112,0.5842809740058247,177.131850712,0.040989497759036965,74.2521785098653,177.131850712
58,177,100.54292288288636,0.12308164257361782,0.5847156635514092,179.18888169666664,0.08188834752766105,100.54292288288636,179.18888169666664
58,133,132.08841325006716,0.2457556072396252,0.5824962201664946,181.9108959713333,0.17958333041196192,132.08841325006716,181.9108959713333
58,115,149.76298377706493,1.2545059915593972,0.5821215466827259,183.64539350666666,0.1181869353965265,149.76298377706493,183.64539350666666
58,100,170.85734102512674,0.483834809571938,0.5815346039449674,186.56598879033334,0.08700911598327173,170.85734102512674,186.56598879033334
58,86,197.8994215414995,2.7205155993206724,0.5807625470983974,190.9821416353333,0.5151659175464554,197.8994215414995,190.9821416353333
58,68,248.79549119109922,1.7444344313430853,0.5795344250196145,203.55992555466665,0.48696261749820297,248.79549119109922,203.55992555466665
58,63,265.26446191136256,1.5695656615277815,0.5791018568308334,209.88663129733334,0.9324016960021595,265.26446191136256,209.88663129733334
58,60,277.5695703297463,1.069712186261527,0.5798280082937001,215.635447149,0.6774425903706988,277.5695703297463,215.635447149
58,58,287.8864750635887,0.4351055233897513,0.5797218433574683,220.845647107,0.5086754507473544,287.8864750635887,220.845647107
58,55,297.0158130985857,2.2600634316814308,0.5797122058734975,226.31708079533334,1.4658395040544092,297.0158130985857,226.31708079533334
58,52,313.6919281331087,2.229107386788903,0.5795792762051231,237.969860228,1.5022671561758558,313.6919281331087,237.969860228
58,50,322.5478537865752,2.1820819477633884,0.5789707020774394,244.543222487,1.5914215829537703,322.5478537865752,244.543222487
58,48,337.15279307389045,2.1453182491614315,0.5786836848474533,257.6896677826667,2.138745391248091,337.15279307389045,257.6896677826667
58,47,343.68754968958257,1.8410353318568438,0.5790891148949228,264.29159216299996,2.3672085118202704,343.68754968958257,264.29159216299996
58,45,358.8599826495047,2.433851728281246,0.5773866781281752,280.59945408466666,2.310431618670917,358.8599826495047,280.59945408466666
58,44,362.51984250623656,3.083371739685138,0.5770436546048548,285.0637492093333,3.6640524870918845,362.51984250623656,285.0637492093333
58,43,372.81148423964277,1.0477686326555526,0.575461835792128,296.07274752633333,1.3499044498799428,372.81148423964277,296.07274752633333
61,1000000,0.047271203067516795,0.0017476691133654068,0.6111609028350273,175.777139766,0.08050986517526733,0.0,175.777139766
61,1000000,0.047271203067516795,0.0017476691133654068,0.6111609028350273,175.777139766,0.08050986517526733,0.047271203067516795,175.777139766
61,74988,0.4734098069389841,,0.6130279488664563,169.21720842533333,0.09801496389579471,0.4734098069389841,169.21720842533333
61,56233,0.6737145451566132,0.08346369500294555,0.6089532291122953,169.60024525133335,0.1368714778703911,0.6737145451566132,169.60024525133335
61,5623,4.707802090117578,0.06915042239741022,0.6099868045652109,173.662577927,0.07296838037939979,4.707802090117578,173.662577927
61,1778,14.52932580884538,0.07605165119345565,0.6132858698481504,175.11408618466666,0.03024237052650221,14.52932580884538,175.11408618466666
61,486,36.55135691930834,0.0977538205169886,0.607020466049227,174.4440446033333,0.07250798262540863,36.55135691930834,174.4440446033333
61,421,41.70679894181357,0.06049967828294086,0.6085317163665808,174.69146394766668,0.04861305857514643,41.70679894181357,174.69146394766668
61,316,54.47139300008127,0.010042526091178419,0.6096392455506625,175.03151398600002,0.05470000570895934,54.47139300008127,175.03151398600002
61,236,73.82002093353397,0.14668144849459266,0.6102895038276414,176.7364577553333,0.03981201462816478,73.82002093353397,176.7364577553333
61,177,99.6968161700658,0.2439646512987292,0.6104404282783679,178.73693047666666,0.021809376208077644,99.6968161700658,178.73693047666666
61,153,115.20745709238328,0.07307197417131811,0.610594382497709,180.01561171433332,0.0690164459516825,115.20745709238328,180.01561171433332
61,133,131.04734081821343,0.06804929785463143,0.610176939727047,181.42727944933335,0.09410551287741614,131.04734081821343,181.42727944933335
61,115,150.02952310348127,0.6650807010360449,0.6082549650896372,183.43344090066668,0.07193644504758494,150.02952310348127,183.43344090066668
61,100,170.14543724091888,1.0025490071363063,0.6085393223037651,185.945594128,0.18782887896069259,170.14543724091888,185.945594128
61,86,196.5031715951172,0.5728893972466627,0.608634277539202,190.435301191,0.19695073696190338,196.5031715951172,190.435301191
61,74,227.97275925875667,0.8616088139329523,0.6088772837273896,197.260567445,0.15983955440847653,227.97275925875667,197.260567445
61,68,245.8540646960837,1.562185433657848,0.6075649069214156,202.23692770666665,0.5560592150254865,245.8540646960837,202.23692770666665
61,63,263.6263062051369,2.186033288126503,0.6072145358814711,208.565833932,1.141527348870848,263.6263062051369,208.565833932
61,60,276.0684885920591,1.9958420860294785,0.6071308959269515,213.99607873766664,1.1243678949467713,276.0684885920591,213.99607873766664
61,58,286.2712441420203,1.5312776917610076,0.6069714552296985,219.26560212666666,0.9585816333242978,286.2712441420203,219.26560212666666
61,56,292.1720757321044,0.8168988186829357,0.6069845980686717,222.30885105266668,0.4645148576863003,292.1720757321044,222.30885105266668
61,55,295.8497549510675,3.735001289906419,0.6076149801436223,224.17673419166667,2.207407544224211,295.8497549510675,224.17673419166667
61,53,306.7975220227184,1.9765586883781148,0.6069028081217295,231.09101227366668,1.1766478962699096,306.7975220227184,231.09101227366668
61,52,310.8077031601919,3.8974604889031728,0.6066163025844163,233.9856010883333,3.0289191141834206,310.8077031601919,233.9856010883333
61,50,324.6301314268464,2.4960033466741196,0.6061208910103278,244.39308795166667,2.002961344685626,324.6301314268464,244.39308795166667
61,47,342.10182437619295,1.9806419529429289,0.6061260089299455,260.410544707,1.924891452377441,342.10182437619295,260.410544707
61,45,355.13156993512746,2.385649975286701,0.6056730839394595,271.892700493,2.0631685111218174,355.13156993512746,271.892700493
61,22,476.89727223756887,0.23931689841558398,0.6138406906972815,534.3238465016667,0.6531040899337741,476.89727223756887,534.3238465016667
63,177827,0.20375379690097487,,0.6343307037607556,171.66300416466666,0.10051304295242457,0.0,171.66300416466666
63,177827,0.20375379690097487,,0.6343307037607556,171.66300416466666,0.10051304295242457,0.20375379690097487,171.66300416466666
63,133351,0.26517133496115763,,0.6343090671264356,170.41151789366668,0.1811950385954765,0.26517133496115763,170.41151789366668
63,31622,1.051567235247665,0.015084415332318964,0.6310482742584859,169.99191408683333,0.1436546429473601,1.051567235247665,169.99191408683333
63,5623,5.10531331224324,0.11684717942082985,0.6298678106866794,173.35166251316664,0.1812206169652299,5.10531331224324,173.35166251316664
63,3162,9.011693716479408,0.4468109511561135,0.6295342438706938,174.6133398436667,0.12819805817714827,9.011693716479408,174.6133398436667
63,1778,16.023309657272904,0.1546983778180589,0.630011743907574,174.92234822533337,0.07604285017850147,16.023309657272904,174.92234822533337
63,1000,28.446373355738796,0.04465568601730789,0.6274252324909204,174.7530601346667,0.06884298983812547,28.446373355738796,174.7530601346667
63,749,35.502336307789975,0.10766149907667957,0.633508377552119,174.79426854566668,0.04338598124987109,35.502336307789975,174.79426854566668
63,236,72.59150436600653,0.08708037116569523,0.6303200506818302,176.46542377566666,0.06485702328980196,72.59150436600653,176.46542377566666
63,74,226.414476284914,1.1841704216148492,0.6345940578028411,196.260590793,0.38462132139261507,226.414476284914,196.260590793
63,68,244.63796496125772,1.7818444918459082,0.6328358092663682,201.20622832733332,0.6225551381561479,244.63796496125772,201.20622832733332
63,55,296.5236367607144,,0.6345471698477574,221.14924738366668,1.9533314271500157,296.5236367607144,221.14924738366668
63,52,308.95799823587635,0.1302347252845101,0.6340236284206712,230.76990302599998,0.2603413590866996,308.95799823587635,230.76990302599998
63,50,321.7609367052552,1.3485563153219544,0.6342284445047733,239.90229327466668,1.5629046871369223,321.7609367052552,239.90229327466668
63,47,339.1244432099832,2.3961378755405973,0.632952177740331,254.05782300933333,2.525741751740309,339.1244432099832,254.05782300933333
63,45,353.736146516265,0.9534711455388233,0.6327452223207709,267.63401253666666,0.8209029956560314,353.736146516265,267.63401253666666
63,44,363.358023464722,0.6625371492010493,0.631663536053718,277.3234100066667,0.3045920012501011,363.358023464722,277.3234100066667
63,43,366.45150232451715,6.00866329970894,0.6313468214829002,281.10902166,6.067694049536938,366.45150232451715,281.10902166
63,41,385.8477612063446,2.319841570381422,0.6288786558595028,302.03859164066665,3.3329530934899463,385.8477612063446,302.03859164066665
63,39,403.7942291025723,1.8243849375891206,0.6259508114018761,325.8424815976667,2.595485928020039,403.7942291025723,325.8424815976667
64,177827,0.19493091410876462,0.009572256632280778,0.6435397053140732,171.4453290895,0.3138803701700844,0.0,171.4453290895
64,177827,0.19493091410876462,0.009572256632280778,0.6435397053140732,171.4453290895,0.3138803701700844,0.19493091410876462,171.4453290895
64,31622,1.0100131629908424,0.01418989201920842,0.6433644978485158,170.04171450966666,0.0543471906344162,1.0100131629908424,170.04171450966666
64,5623,4.676927477302706,0.28673920034949196,0.637791692450136,173.08220370200002,0.26172951200546474,4.676927477302706,173.08220370200002
64,3162,8.501242788292052,0.17993965380059185,0.6357679782221596,174.432696768,0.1527301616911816,8.501242788292052,174.432696768
64,1778,14.877045440758463,0.11762659137779459,0.6360441918071934,174.769459751,0.07738078175521841,14.877045440758463,174.769459751
64,1000,28.20481390841289,0.02165973330078136,0.6380290621327632,174.79863679166667,0.058127786543853956,28.20481390841289,174.79863679166667
64,749,30.522580841381373,0.180571809091717,0.6404865272147237,174.63920022800002,0.06837155309201774,30.522580841381373,174.63920022800002
64,486,35.92031301833318,0.011091330446577447,0.6366115108513077,174.2936311463333,0.07258462302423134,35.92031301833318,174.2936311463333
64,421,41.30105152001326,0.07587009265801634,0.6366470011383337,174.577923156,0.10642039061761643,41.30105152001326,174.577923156
64,316,53.86972772265181,0.04877815525379697,0.6392748195008565,174.79299010866666,0.12061708631343956,53.86972772265181,174.79299010866666
64,273,62.73352920582065,0.02077150238851478,0.6388541991957376,175.53951740666665,0.10764089696615854,62.73352920582065,175.53951740666665
64,204,83.0874992324968,0.16246797054957818,0.6403094173179981,177.165011331,0.08696783833425477,83.0874992324968,177.165011331
64,177,98.87598590687008,0.12395662482915018,0.638946277727397,178.33015179100002,0.0856870567115412,98.87598590687008,178.33015179100002
64,153,114.07497408250435,0.1389488233482104,0.6376938592418852,179.41630781899997,0.15462471557326682,114.07497408250435,179.41630781899997
64,133,130.13382236429302,0.0560011297283089,0.637095244366685,180.97252101566664,0.09014377976307016,130.13382236429302,180.97252101566664
64,115,149.70344448105524,0.8000348498710423,0.6371952897390504,182.81401448,0.15849223833272044,149.70344448105524,182.81401448
64,100,170.27994346662777,1.4562678497295076,0.6358465900380083,185.65422651666665,0.2102346912007644,170.27994346662777,185.65422651666665
64,86,195.36310340247863,0.8529415683354713,0.6360458698713777,189.57531609066666,0.08382475764884222,195.36310340247863,189.57531609066666
64,63,265.03898313748346,,0.6350679543315851,207.93887766333333,0.7400758142656773,265.03898313748346,207.93887766333333
64,58,282.40747002828203,,0.6352135809924263,216.42969956533332,1.294220537743391,282.40747002828203,216.42969956533332
64,33,458.9844063337545,0.4630535861354719,0.6443763562142524,414.972671522,8.109828186944235,458.9844063337545,414.972671522
64,32,463.9325770522848,0.5848961153153157,0.6436996596633424,433.544886809,1.174540884174036,463.9325770522848,433.544886809
64,31,471.2897569588883,0.34762612275473964,0.642597561706051,466.15447340300005,1.6989345762782928,471.2897569588883,466.15447340300005
64,22,477.0365234066323,0.481968748386619,0.6406685923641572,511.39851499499997,0.39524353922579575,477.0365234066323,511.39851499499997
64,17,477.7790836709668,,0.6445448046948601,505.18957864466665,0.34832772442134147,477.7790836709668,505.18957864466665
66,1000000,0.04268858458283368,0.0015929571812063246,0.6600042007892382,176.23139985355556,0.21694608721317227,0.0,176.23139985355556
66,1000000,0.04268858458283368,0.0015929571812063246,0.6600042007892382,176.23139985355556,0.21694608721317227,0.04268858458283368,176.23139985355556
66,562340,0.06984291769546166,,0.6578388484507451,177.20465370833335,0.7264278117152231,0.06984291769546166,177.20465370833335
66,133351,0.25622235755803646,0.0014909055436788624,0.656886695996156,170.37425851466665,0.23115485205969333,0.25622235755803646,170.37425851466665
66,100000,0.3400871900482022,0.03127281707998776,0.6597146564416541,169.422578878,0.07151616901869363,0.3400871900482022,169.422578878
66,31622,1.0038677694948823,0.01612586767965165,0.6597985292501228,169.90706550083334,0.08994205203935268,1.0038677694948823,169.90706550083334
66,10000,2.981285803028091,0.09498127862544355,0.6590320030944398,172.0764687085,0.10265486196338298,2.981285803028091,172.0764687085
66,3162,7.359890216433561,1.7255230348711577,0.6558513700970215,173.61426037966666,0.45752879028106647,7.359890216433561,173.61426037966666
66,1778,14.376258202547518,1.1767922049006478,0.657187217237356,174.9052097835,0.09875441687010887,14.376258202547518,174.9052097835
66,1000,25.88321012580122,2.318133992008461,0.6585987146308939,174.65054238033335,0.09278575766478638,25.88321012580122,174.65054238033335
66,421,40.94239948779355,0.021230674032302856,0.6645264640759689,174.45572485900001,0.052740185624363445,40.94239948779355,174.45572485900001
66,316,53.69543542096831,0.025008206123223204,0.6646261884103295,174.61272599400002,0.14550954812330313,53.69543542096831,174.61272599400002
66,273,62.34529392827547,,0.664219398774167,175.2502949343333,0.07721278237994418,62.34529392827547,175.2502949343333
66,177,98.4878179850893,,0.6645841203468045,177.94981191133334,0.15177076441124232,98.4878179850893,177.94981191133334
66,133,129.8106726070905,0.06109274243381925,0.663832130419152,180.53367388433333,0.044873619138383544,129.8106726070905,180.53367388433333
66,115,147.13691315379296,0.6729005262122049,0.6639539647977534,182.1960120366667,0.04209847158913696,147.13691315379296,182.1960120366667
66,100,168.70540027430923,0.8258788951110465,0.6622695808548424,184.933239286,0.11643498691828409,168.70540027430923,184.933239286
66,86,194.05195136701877,1.0074168119212197,0.6636303969824374,188.691185886,0.21426920981075226,194.05195136701877,188.691185886
66,74,224.38780044815107,2.0062965129990507,0.6623338429210789,195.11287327966667,0.49064791332160285,224.38780044815107,195.11287327966667
66,68,242.04102689786953,0.3379924565009483,0.6618896177550614,199.825609099,0.13408759987503868,242.04102689786953,199.825609099
66,63,261.4429600801846,1.0987445205598372,0.663044531964339,206.27472339633334,0.3079570804153551,261.4429600801846,206.27472339633334
66,60,274.16898945657704,0.8234526525184067,0.661165634853539,211.45249845166666,0.2438652565458081,274.16898945657704,211.45249845166666
66,58,282.85123237803305,0.1968477575807042,0.66082774830846,215.03146764233335,0.2814026782118085,282.85123237803305,215.03146764233335
66,55,291.37385031219037,2.176707959920097,0.6612865406322413,219.47873850966667,1.0279991225933056,291.37385031219037,219.47873850966667
66,53,300.87356217524007,2.441522269074288,0.6619287957854426,224.35295814966665,1.2855095984032936,300.87356217524007,224.35295814966665
66,52,306.2060847227511,2.1540486521364484,0.6618409203458995,227.5934564846667,0.7619270632904226,306.2060847227511,227.5934564846667
66,50,324.64021965886525,1.7581625293434555,0.6614801226969759,240.16269866133334,1.2418070551968026,324.64021965886525,240.16269866133334
66,48,332.0342664909743,1.4840576751951586,0.6607085589988629,245.50333217133334,0.9169639101644237,332.0342664909743,245.50333217133334
66,47,340.3763309651276,1.4754929568636634,0.6609703633689511,252.31056075799998,1.4168914209549799,340.3763309651276,252.31056075799998
66,45,351.84709231257375,4.179831430562832,0.6603174925307382,262.317941013,3.7852867477745,351.84709231257375,262.317941013
66,44,359.1625555657134,0.735009884578005,0.6590038113440724,268.97050202733334,0.5334601818168668,359.1625555657134,268.97050202733334
66,43,365.8258465876492,1.6849394905089137,0.6590972041302637,275.699623966,1.122700927639215,365.8258465876492,275.699623966
66,41,382.40991620059293,2.644253737264786,0.6572598560243116,293.046932048,2.974487464251407,382.40991620059293,293.046932048
66,39,397.05648178835173,2.5301997922088844,0.6560095018551411,310.14589467133334,3.265031598982465,397.05648178835173,310.14589467133334
68,1000000,0.043742449988523086,0.002697520411017821,0.6795431293154802,176.08403427633334,0.2378037882170533,0.0,176.08403427633334
68,1000000,0.043742449988523086,0.002697520411017821,0.6795431293154802,176.08403427633334,0.2378037882170533,0.043742449988523086,176.08403427633334
68,562340,0.07161057509728058,0.002584087159982004,0.6828537263575623,177.93394608666668,1.041339030024161,0.07161057509728058,177.93394608666668
68,316227,0.11189037257270332,0.0007334108483031297,0.6775987614785666,174.57408055816666,0.8751939473492041,0.11189037257270332,174.57408055816666
68,177827,0.2213896485075339,0.038261688183350524,0.6780929416962311,171.55925096299998,0.1453503131044368,0.2213896485075339,171.55925096299998
68,10000,2.909330611594593,0.010780964819542873,0.6794159392252249,171.64400283733335,0.1459865347984356,2.909330611594593,171.64400283733335
68,5623,4.580013433343341,0.11369963341480402,0.6813145256437627,172.96715196966667,0.19502597248295786,4.580013433343341,172.96715196966667
68,3162,7.934122055072893,0.3112867613420303,0.680900134784808,174.28982883,0.079187265442164,7.934122055072893,174.28982883
68,1778,13.24439334973826,1.9409105429195608,0.6802753890140096,174.55861788433333,0.3801672446761918,13.24439334973826,174.55861788433333
68,1000,24.794845042557323,0.09106509610991541,0.6790015041193134,174.64065104466667,0.2737682521029154,24.794845042557323,174.64065104466667
68,562,34.608467758671736,0.030621545555422847,0.6759362685031123,174.32754089833335,0.0927610007234711,34.608467758671736,174.32754089833335
68,86,193.24988517012028,1.4697892809400075,0.6834982635562857,188.136235265,0.31956075719128524,193.24988517012028,188.136235265
68,41,380.7141503728946,1.3639315983233455,0.6838968156470627,285.98898748433334,1.5128092718836965,380.7141503728946,285.98898748433334
68,39,394.5923611119327,1.366680727949369,0.683650488825991,301.80690238,1.4019814298004334,394.5923611119327,301.80690238
68,38,403.2631734421366,1.5518348845892396,0.6817060635703487,312.08274318533336,2.0671049047999177,403.2631734421366,312.08274318533336
68,37,416.8772659612411,1.9994185026017386,0.6802367016709558,330.7547734546667,2.8252253856578604,416.8772659612411,330.7547734546667
68,35,434.14073160532763,3.1077002244937524,0.6773401574869146,355.78669958366663,4.7874378124426995,434.14073160532763,355.78669958366663
68,17,476.51990509280705,0.11054120028886551,0.6791245045930884,477.9005208053333,1.2134204717070463,476.51990509280705,477.9005208053333
68,13,476.6911801667687,0.5864364070523415,0.6848137214061714,471.086920957,0.8864565852337569,476.6911801667687,471.086920957
69,1000000,0.05169053847356642,0.02966523495871116,0.6897632508122203,175.75877424274998,0.28675819700417404,0.0,175.75877424274998
69,1000000,0.05169053847356642,0.02966523495871116,0.6897632508122203,175.75877424274998,0.28675819700417404,0.05169053847356642,175.75877424274998
69,749893,0.06752662847040991,0.02975473796137366,0.6892249441249311,176.21457716216665,0.6651131971809962,0.06752662847040991,176.21457716216665
69,562340,0.06737968256010482,0.0026572446278624604,0.6905549054704825,175.4392386766667,0.3151604563962309,0.06737968256010482,175.4392386766667
69,316227,0.15551994297911576,0.05471253256284662,0.6912462667393641,174.24841447566666,1.1149359626315218,0.15551994297911576,174.24841447566666
69,177827,0.1868076980553566,0.003402072857678762,0.6920895163176775,171.7266573565,0.4458299291780934,0.1868076980553566,171.7266573565
69,100000,0.33321233795005684,0.01814007228937156,0.6893170175182387,169.54951204855556,0.21510760220388864,0.33321233795005684,169.54951204855556
69,31622,0.9572012296608294,0.010663191876025869,0.6900171958650393,169.97841059333334,0.066501866431758,0.9572012296608294,169.97841059333334
69,10000,2.9033621475707734,0.020847346417968742,0.6905426360860751,171.573212283,0.13759211552205883,2.9033621475707734,171.573212283
69,5623,4.453772008853446,0.14227115464886014,0.6907282960944203,172.4824423913333,0.2476208723545503,4.453772008853446,172.4824423913333
69,3162,7.460861564469614,0.16239339144639037,0.6912501711612158,174.08060237583334,0.2749931876825904,7.460861564469614,174.08060237583334
69,1778,13.27661181859454,0.06795592861202356,0.6883156557132306,174.75912755333334,0.15768044660512007,13.27661181859454,174.75912755333334
69,749,30.038517820247783,0.7226857181492898,0.6914203036235226,174.450166794,0.035647756498344584,30.038517820247783,174.450166794
69,486,35.700198804511956,0.1449735846769345,0.6868752980916609,174.17776712266667,0.10255252176722171,35.700198804511956,174.17776712266667
69,421,40.754417948276625,0.02674393555288533,0.6881384008026581,174.206554453,0.10566126026051927,40.754417948276625,174.206554453
69,316,53.05623391591464,0.06611984012194408,0.6917840052258271,174.28010802766667,0.07371974753768143,53.05623391591464,174.28010802766667
69,273,61.7055240591938,0.07494490054845741,0.6935093889075125,174.89592710766667,0.05232644040512899,61.7055240591938,174.89592710766667
69,236,71.17981727200323,0.2303049016741729,0.6938625420023289,175.495548884,0.04229689149837717,71.17981727200323,175.495548884
69,204,81.25282100763164,0.06584675779198335,0.6942312141789148,176.40978613466666,0.12371466461417592,81.25282100763164,176.40978613466666
69,177,97.08805975018436,0.11918805004073268,0.6920675734267993,177.404069872,0.11776133657198518,97.08805975018436,177.404069872
69,133,128.3660418030552,0.08076585566074901,0.6902282731209427,179.74502039033334,0.07230794727995139,128.3660418030552,179.74502039033334
69,115,146.4058531611509,1.55300863881801,0.6909923909750072,181.70952258499997,0.18363763421512547,146.4058531611509,181.70952258499997
69,100,166.7681099659955,1.7071265904765758,0.6906213478182487,184.30093336433333,0.11638397685225843,166.7681099659955,184.30093336433333
69,74,222.86965573394957,1.4399549866180479,0.6868295681884788,193.96985364900002,0.3791497614052283,222.86965573394957,193.96985364900002
69,68,241.14387654293637,0.7669813103537461,0.68951525312625,198.80746709533332,0.31340659700952733,241.14387654293637,198.80746709533332
69,63,258.64554529529596,1.0793174696772658,0.6877058536025377,204.54525437633333,0.5628096847274229,258.64554529529596,204.54525437633333
69,58,279.1639524705875,0.9506737251329186,0.6884055188953507,211.97853524033334,0.6077828583094137,279.1639524705875,211.97853524033334
69,56,287.06658654162567,0.2527985378446922,0.6882265605107509,215.36063246666666,0.21010739660922484,287.06658654162567,215.36063246666666
69,55,288.2326359929941,2.361273912704184,0.6890522216092917,216.40142061666666,1.2698666192674244,288.2326359929941,216.40142061666666
69,53,302.21760870007546,1.0905554450511499,0.6885890159771254,223.095390104,0.764027091081496,302.21760870007546,223.095390104
69,52,306.3930306333455,1.1889720700997795,0.688906199491532,225.5176500053333,0.3485826008130442,306.3930306333455,225.5176500053333
69,50,317.42587299853227,3.2113935516423133,0.686223957617835,232.233961107,1.9945747934712361,317.42587299853227,232.233961107
69,48,326.63118127785646,2.5086911336462645,0.688211736871064,238.40007274933336,1.7537442295694607,326.63118127785646,238.40007274933336
69,47,333.99216581070147,0.5207054536739596,0.6883069775862198,243.432895865,0.45928401886267783,333.99216581070147,243.432895865
69,45,351.9697396612325,0.9309027477043402,0.6879797960653264,258.12133442100003,0.8551989014719366,351.9697396612325,258.12133442100003
69,44,356.705152245019,3.7627021901000712,0.6876358984239629,261.9591722056667,3.260480159045922,356.705152245019,261.9591722056667
69,43,362.9961974617998,2.2608241666877897,0.6874174504490962,268.14885976566666,2.5988684377060434,362.9961974617998,268.14885976566666
69,10,476.73439987707474,0.41996431305782744,0.6871076363031526,468.96901279499997,0.40418892500972986,476.73439987707474,468.96901279499997
69,7,476.05507063991035,0.276494098416741,0.6915786927595047,468.1634167083333,1.021881805825862,476.05507063991035,468.1634167083333
69,5,476.0663041543064,0.29305271604976707,0.6886236064018659,471.32968565600004,0.8130095470630315,476.0663041543064,471.32968565600004
69,3,477.1493310605328,0.35687585874219363,0.6879271460090116,475.821107192,2.1433830715530546,477.1493310605328,475.821107192
69,1,476.8307100853997,0.0507030500503273,0.6897863128676648,475.56026554066665,2.22570871498049,476.8307100853997,475.56026554066665
69,0,477.05183105879723,0.1576795287711894,0.6904437081681943,474.88694393199995,1.7495285644675505,477.05183105879723,474.88694393199995
71,1000000,0.05164972720117426,0.0294175325427953,0.710376124742404,175.95187812266667,0.39099831359268744,0.0,175.95187812266667
71,1000000,0.05164972720117426,0.0294175325427953,0.710376124742404,175.95187812266667,0.39099831359268744,0.05164972720117426,175.95187812266667
71,316227,0.12892165672627282,0.05093887497974681,0.7089135526593531,173.8645387568889,0.11103186504616631,0.12892165672627282,173.8645387568889
71,177827,0.1808823029215662,0.0017746458156517571,0.710594803279733,171.6981499356667,0.020533745764095928,0.1808823029215662,171.6981499356667
71,133351,0.2919623176498629,,0.709606498328275,170.25802562,0.1332624528854536,0.2919623176498629,170.25802562
71,100000,0.34780390206859046,0.04596419940158561,0.709141171640202,169.68605868966668,0.22382805922416635,0.34780390206859046,169.68605868966668
71,31622,0.9138807882000883,,0.7129604431274982,169.71361668133332,0.02335249712506382,0.9138807882000883,169.71361668133332
71,10000,2.7751367337976327,0.1294307729498364,0.7094125466042299,171.40740559166667,0.14336332146225178,2.7751367337976327,171.40740559166667
71,3162,7.262241766943485,0.02901282569795448,0.7108642567266509,173.90095884666667,0.3279633648577397,7.262241766943485,173.90095884666667
71,1778,12.686539424274345,,0.7063966217031924,174.52117140033332,0.11399708575276941,12.686539424274345,174.52117140033332
71,1333,16.781312918279855,0.13254269431865878,0.7108808820609713,174.62340488466666,0.04993497475668246,16.781312918279855,174.62340488466666
71,562,32.099112083610116,0.21706668939342103,0.7120260088328103,174.16115029833335,0.027575552788984107,32.099112083610116,174.16115029833335
71,486,35.37535345975516,0.1086915574521326,0.7131273376897282,174.14530661966668,0.1634885030493596,35.37535345975516,174.14530661966668
71,133,127.31814701917723,0.2612036831505128,0.7129042284600405,179.47579166766664,0.03963918344980218,127.31814701917723,179.47579166766664
71,52,301.15400417608237,1.7935789594595715,0.7135734734540122,220.81118431166666,0.942187296028803,301.15400417608237,220.81118431166666
71,43,362.2635146900362,2.1865743540720097,0.7115949875380841,262.343122,2.2995645430975853,362.2635146900362,262.343122
71,41,381.00438623542783,2.7963503814682755,0.7135135286665709,281.382881708,2.319872813480792,381.00438623542783,281.382881708
71,38,408.13444552790907,1.2844974860654133,0.7097795515755209,311.63489794799995,1.685643723491023,408.13444552790907,311.63489794799995
71,37,416.8754485364937,1.433906884932292,0.7092397337156197,323.12670796033336,1.7318971843277675,416.8754485364937,323.12670796033336
71,35,435.7255836922025,0.6287184827381511,0.7060520856549198,349.9831897126667,1.5568000585535036,435.7255836922025,349.9831897126667
71,17,476.2724963415003,0.3771931714194233,0.7066682355455741,456.4829768783334,1.902435715505923,476.2724963415003,456.4829768783334
72,1000000,0.041962896479366726,0.007349225878134969,0.7210964400804496,176.02483551593332,0.23170287186028346,0.0,176.02483551593332
72,1000000,0.041962896479366726,0.007349225878134969,0.7210964400804496,176.02483551593332,0.23170287186028346,0.041962896479366726,176.02483551593332
72,100000,0.31584562523296367,0.008544536489886354,0.7185074126914258,169.64854704546667,0.22216675453570123,0.31584562523296367,169.64854704546667
72,31622,0.9371998103822796,0.01828245891773503,0.7176612120711228,169.7477674956667,0.1871139113398833,0.9371998103822796,169.7477674956667
72,10000,2.6370375967866786,0.1835162314569673,0.7193615028574375,171.25288312733335,0.1705815782523321,2.6370375967866786,171.25288312733335
72,1000,21.106720191843802,1.6924620349810082,0.7188282333746195,174.18207406088888,0.3266247922078793,21.106720191843802,174.18207406088888
72,562,31.932127366198667,0.06554437747394293,0.7188996038819471,174.15370767866668,0.0811711015454488,31.932127366198667,174.15370767866668
72,421,40.37073550102761,0.1373943531185146,0.7158160915420976,174.23295088,0.10490381363021271,40.37073550102761,174.23295088
72,316,52.764165331102184,0.055242689720117547,0.7214877844928081,173.992577012,0.11965491815970662,52.764165331102184,173.992577012
72,273,60.94812174815871,0.45193808771293104,0.7184097364319069,174.604033309,0.09549022632406233,60.94812174815871,174.604033309
72,236,71.14065438128664,0.08728420680344212,0.7215160813335206,175.571114215,0.12873196295864905,71.14065438128664,175.571114215
72,204,81.59345324463594,0.10333889707547628,0.7212888349954131,176.08421691366667,0.08469694926316115,81.59345324463594,176.08421691366667
72,177,96.87500568912837,0.09156994150105463,0.7195795095426879,177.04953489066668,0.04701381195786276,96.87500568912837,177.04953489066668
72,115,145.09918312550437,0.7551003993608744,0.7182639706609074,180.94581658266668,0.12701517558716133,145.09918312550437,180.94581658266668
72,100,165.85738400267022,1.031172935311302,0.717979049401237,183.57921612666667,0.13676258346582346,165.85738400267022,183.57921612666667
72,86,191.98768820759537,1.7640085941055328,0.7178212753739102,187.36915830166666,0.2207799722460785,191.98768820759537,187.36915830166666
72,79,206.77919385397055,2.0574581622013115,0.71690760303359,190.00849126933335,0.42385486926422516,206.77919385397055,190.00849126933335
72,74,221.25770440605348,0.9694288608063348,0.717003418167803,193.1109293113333,0.19188129427571418,221.25770440605348,193.1109293113333
72,68,241.01193922894393,0.5986662096050726,0.7176976516964687,198.037922299,0.21766180633417123,241.01193922894393,198.037922299
72,63,256.3366392121978,2.7032064019514115,0.7160244585805721,202.78437807733334,0.9160705684368533,256.3366392121978,202.78437807733334
72,58,278.6302844611965,1.5160505035951002,0.716348121867144,210.81903494933331,0.5150797453507402,278.6302844611965,210.81903494933331
72,55,290.4812365365215,1.33814237204222,0.7156058234373708,215.71890113733335,0.6678735414828375,290.4812365365215,215.71890113733335
72,53,298.87324902429555,2.01679928861134,0.7168341624471745,219.57852107666668,1.2256178341512838,298.87324902429555,219.57852107666668
72,50,316.40686758402,1.2850941337651496,0.7157981953307038,229.069850886,0.8945703234219954,316.40686758402,229.069850886
72,48,326.1977931079744,2.689241414489773,0.7159858096636245,235.15987586666665,1.7805676910087622,326.1977931079744,235.15987586666665
72,47,334.68252426977074,0.09336036506675491,0.7159660311429161,241.3449531903333,0.5081972568686525,334.68252426977074,241.3449531903333
72,45,347.20295838173143,1.8335578889068311,0.7158217187471255,249.94739870466665,1.4461338063109976,347.20295838173143,249.94739870466665
72,44,356.5763627238063,0.7206210656313776,0.7161675170275342,257.74212993500004,1.0896505240810093,356.5763627238063,257.74212993500004
72,13,475.65700213335026,0.010261034667079838,0.7152537791950392,448.090741853,0.3783376039848577,475.65700213335026,448.090741853
72,10,475.60006938246926,0.5230828773840724,0.7204141057772636,443.9206105236667,0.9577344841086511,475.60006938246926,443.9206105236667
74,1000000,0.04272318678248464,0.009923451499088366,0.7392611771938282,175.91238701242858,0.7671639367896904,0.0,175.91238701242858
74,1000000,0.04272318678248464,0.009923451499088366,0.7392611771938282,175.91238701242858,0.7671639367896904,0.04272318678248464,175.91238701242858
74,562340,0.06925637529683479,0.008492331434909317,0.7400724421047378,175.18922301244444,0.4388275638073691,0.06925637529683479,175.18922301244444
74,316227,0.11378419890846025,0.024659850626026585,0.7413557506840621,174.8587287263333,0.9982468061310422,0.11378419890846025,174.8587287263333
74,100000,0.30363733584389513,0.001797708382730793,0.7386240087751441,169.65658534466667,0.04432005368798298,0.30363733584389513,169.65658534466667
74,31622,0.9044322044094443,0.010510228213982696,0.7399280587526883,169.66554337766667,0.06809300964674858,0.9044322044094443,169.66554337766667
74,10000,2.7256198957152167,0.0038605646316994145,0.7402619286344558,171.02988724833335,0.16916655407837938,2.7256198957152167,171.02988724833335
74,1778,13.276912671758028,0.05889591989487609,0.7390040496839511,174.59323577966666,0.283390503666383,13.276912671758028,174.59323577966666
74,1000,23.19430616809839,0.07120842662790683,0.738048075286509,174.73591313166665,0.10882406220832237,23.19430616809839,174.73591313166665
74,562,34.03335861594585,0.10991854251099309,0.7402055193582414,174.272017581,0.0901022401521123,34.03335861594585,174.272017581
74,421,39.9256726062219,0.012276142591038756,0.7431911017937556,173.88728874833336,0.05940343050933663,39.9256726062219,173.88728874833336
74,100,164.66615593939764,0.599144327851322,0.7449464250520239,182.92829321233333,0.10280974081209879,164.66615593939764,182.92829321233333
74,86,189.8696385424324,0.3693756893850323,0.7442342252064712,186.3535219576667,0.2529622887468869,189.8696385424324,186.3535219576667
74,74,218.29496252417758,1.2221067125049392,0.7433689174498532,191.664213424,0.317172779519417,218.29496252417758,191.664213424
74,68,236.7875625141967,1.019921552621595,0.7419234806863781,196.06323001033334,0.3683468592125001,236.7875625141967,196.06323001033334
74,63,252.79187587394327,1.791940582251389,0.7426034524434604,200.93667194,0.4960322955491714,252.79187587394327,200.93667194
74,58,274.54232969013947,1.9476436042074907,0.7432545937089463,207.97450143,0.7253341828475334,274.54232969013947,207.97450143
74,55,287.8198281833296,0.21634669773197074,0.744464816631409,212.90936650933335,0.2138779799106893,287.8198281833296,212.90936650933335
74,52,302.07619063656716,1.3776392071771546,0.7427469826263474,219.003714101,0.6358516206114025,302.07619063656716,219.003714101
74,50,310.78043393199283,2.8073349501556173,0.7425977678157749,223.298164399,1.2042370194871097,310.78043393199283,223.298164399
74,48,325.9875805132031,1.4030743599170468,0.7428690261981995,232.069312029,0.6120047944940045,325.9875805132031,232.069312029
74,47,334.9849986315935,0.6649286429781854,0.7426721623727434,237.52037243200002,0.903701027513921,334.9849986315935,237.52037243200002
74,45,345.1830648462225,0.7179750129864516,0.73779245900621,244.50833671299998,0.903919258696738,345.1830648462225,244.50833671299998
74,44,355.6349273314717,1.3405401522010254,0.7421188217919128,252.75262796033334,1.1280140379281038,355.6349273314717,252.75262796033334
74,43,359.13474992350143,2.676736575461228,0.7414870933341691,255.6129489896667,2.5333293818811033,359.13474992350143,255.6129489896667
74,41,376.6678511864922,1.4431577378455953,0.739969602767617,271.759372512,2.355048444888523,376.6678511864922,271.759372512
74,39,392.9269878762006,1.5223876837516042,0.7402100490069682,287.28839693666663,2.2286362180659642,392.9269878762006,287.28839693666663
74,38,399.9530828446638,2.315926848637763,0.73559553460779,294.761439716,1.7181479632073633,399.9530828446638,294.761439716
74,37,414.1237984083785,1.1521683832008283,0.7368573031143203,311.96780614899995,0.7914865464657235,414.1237984083785,311.96780614899995
74,17,475.7180742932942,0.3180759290654479,0.7351514246974397,435.02752951966664,0.7131288792504873,475.7180742932942,435.02752951966664
74,13,475.36760728291273,0.26300751712556497,0.743881622555333,426.4388409806667,0.651914986296627,475.36760728291273,426.4388409806667
74,1,474.49379843060404,0.2452807816364151,0.7358430073352288,439.0114784566667,1.7405180238208964,474.49379843060404,439.0114784566667
74,0,474.7824015467099,0.236292027778374,0.7373076031926153,439.420996477,0.986674453272142,474.7824015467099,439.420996477
77,1000000,0.06546936134365716,0.029476542649953016,0.772717917726098,175.72769485800004,0.22093895369680186,0.0,175.72769485800004
77,1000000,0.06546936134365716,0.029476542649953016,0.772717917726098,175.72769485800004,0.22093895369680186,0.06546936134365716,175.72769485800004
77,562340,0.07793516974614928,0.022893372937577757,0.7707772022119681,175.69997886399997,0.1813575656188467,0.07793516974614928,175.69997886399997
77,316227,0.09922296403875833,0.0028707268812905606,0.7692307783489986,174.58183955855554,0.2571431489291464,0.09922296403875833,174.58183955855554
77,100000,0.2903547659856453,0.0011795729300368015,0.7709384466791,169.8736461453333,0.20097883785929557,0.2903547659856453,169.8736461453333
77,10000,2.5331041153924154,0.030579432563014507,0.7714588305107062,170.978788423,0.19666418342713873,2.5331041153924154,170.978788423
77,5623,4.323394261318994,0.060989326484661356,0.7672179661934182,172.06189358133335,0.11941590160043168,4.323394261318994,172.06189358133335
77,3162,6.903178959192271,0.12168565474607171,0.7705256656211427,173.05400445966666,0.11666016924426148,6.903178959192271,173.05400445966666
77,1778,12.416404096474139,0.1055964710922131,0.7689752263935774,173.94838777233335,0.3191558516888971,12.416404096474139,173.94838777233335
77,1000,21.8815765825649,0.07112666806483738,0.7690344858196005,174.55055687366666,0.14816169973431798,21.8815765825649,174.55055687366666
77,421,39.11556537450565,,0.7718393806620321,173.81424354366666,0.06675057871439082,39.11556537450565,173.81424354366666
77,316,51.88297946781108,0.02802853683419877,0.7712384944476134,173.56362929600002,0.12049115964307433,51.88297946781108,173.56362929600002
77,204,79.05947341990647,0.06465535626941894,0.7732339888618899,175.19586178933332,0.05654862960372256,79.05947341990647,175.19586178933332
77,177,94.17733446566164,0.09013473914056012,0.7742155566999697,176.13264247100003,0.07983131420820624,94.17733446566164,176.13264247100003
77,133,125.36727863135394,0.09498215786936262,0.7723642350389402,178.42819954366666,0.06381095126014956,125.36727863135394,178.42819954366666
77,115,145.33011178159623,0.07212938564673098,0.7680116892058201,180.16209201866664,0.01707843814078382,145.33011178159623,180.16209201866664
77,100,166.4972097038237,0.05352846288316305,0.7724161392344214,182.572434715,0.1449587720181595,166.4972097038237,182.572434715
77,86,191.3569494630843,0.11909015951169152,0.7703330757911898,186.04219059333332,0.0700020894041369,191.3569494630843,186.04219059333332
77,79,208.23014323276848,0.10682956866419235,0.7711565990526871,188.742498626,0.01420797244123016,208.23014323276848,188.742498626
77,74,221.10269610417063,0.19755883605771687,0.7708569404771345,191.31358729566668,0.06153648477853402,221.10269610417063,191.31358729566668
77,68,240.30713223339853,0.10928487584339112,0.7698842865854182,196.25526582166665,0.2067100160241419,240.30713223339853,196.25526582166665
77,63,253.30517122543642,1.1306955515537047,0.7670261248824839,199.82328513766666,0.4276780762195987,253.30517122543642,199.82328513766666
77,60,264.8033611086677,1.051474541913304,0.7708180471945506,203.225492021,0.3623363696033765,264.8033611086677,203.225492021
77,58,272.76598300305045,3.020221525884434,0.7704800771671058,205.803485869,1.0286320838216965,272.76598300305045,205.803485869
77,55,283.40248426724855,1.4574384388853396,0.7701219475167947,209.21787588799998,0.7672349631046239,283.40248426724855,209.21787588799998
77,53,295.2412448657764,1.1373603668056464,0.7701607872565964,214.405707384,0.34069020153763735,295.2412448657764,214.405707384
77,52,300.1164844174539,1.4531254348897655,0.7696446442040176,216.63259363766667,0.9466331425366872,300.1164844174539,216.63259363766667
77,50,313.62133478690936,2.2974402762215815,0.7701516289283994,222.34136059399998,1.4280690149219926,313.62133478690936,222.34136059399998
77,47,331.2888387165831,3.2999710461730993,0.7709476884890899,231.98841198033332,1.8662827319753015,331.2888387165831,231.98841198033332
77,45,342.9880920152494,0.8626970375722471,0.769657834447275,239.50474991800002,0.6402056469888999,342.9880920152494,239.50474991800002
77,44,350.57111599375867,2.9980308841853507,0.769130277560556,244.27197076833332,2.0232813292590106,350.57111599375867,244.27197076833332
77,43,363.06873354265446,0.6561790062619202,0.7700457829417754,254.234774213,0.6370249016154675,363.06873354265446,254.234774213
77,41,378.35777922494714,1.4290693202656275,0.7682497570551751,266.1370633633333,1.6525535160472278,378.35777922494714,266.1370633633333
77,38,402.01385963981846,2.1640731113022,0.7667790987172168,290.35762447766666,1.7374074474676269,402.01385963981846,290.35762447766666
77,17,474.79807336095126,0.48919851529123537,0.7657135479955123,414.2689769496667,0.7342173057553754,474.79807336095126,414.2689769496667
77,0,475.027667800777,0.41830831594790807,0.7673971630411701,420.33680906366664,1.7855745996392007,475.027667800777,420.33680906366664
78,562340,0.05963954398180368,0.0002736656172310233,0.780420578957075,175.49917605233335,0.010008473215157302,0.0,175.49917605233335
78,562340,0.05963954398180368,0.0002736656172310233,0.780420578957075,175.49917605233335,0.010008473215157302,0.05963954398180368,175.49917605233335
78,316227,0.10331044387004797,0.016466703072762358,0.7797880565194829,175.45944217833332,0.7901511084178175,0.10331044387004797,175.45944217833332
78,100000,0.3265126401968364,0.06403309752915239,0.7809624969396559,170.0482971,0.06521724897370294,0.3265126401968364,170.0482971
78,56233,0.4888881327299812,0.0071449670943411325,0.7801530904225276,170.068618311,0.8889648914201546,0.4888881327299812,170.068618311
78,31622,0.8529463750032729,0.004601068719498,0.7825864821176565,169.67809901633333,0.05861374435351884,0.8529463750032729,169.67809901633333
78,10000,2.5447475698446724,0.06778082338101946,0.7813480826147072,170.78952286733332,0.4315764395317708,2.5447475698446724,170.78952286733332
78,5623,4.054792622255495,0.1965320375951269,0.7823544914966479,171.60945312366667,0.40075503179706334,4.054792622255495,171.60945312366667
78,3162,6.7134226306674,0.14386588450082508,0.7837981631187718,172.69708798866668,0.37089884643764864,6.7134226306674,172.69708798866668
78,1778,11.949770931348143,0.041294731520518754,0.7820148320612176,173.85098151333332,0.1950860178214356,11.949770931348143,173.85098151333332
78,1000,21.356187960967674,0.1034599534980819,0.7819785369524727,174.32490895066667,0.2489627958749169,21.356187960967674,174.32490895066667
78,749,28.00871485520521,0.060920515710347414,0.7795083568543716,174.36026940233333,0.2123924487412406,28.00871485520521,174.36026940233333
78,562,32.678406015133454,0.01732657576364065,0.7758768259846145,174.15742675,0.0751614664796383,32.678406015133454,174.15742675
78,273,59.4477673641364,0.08996652518609076,0.7829044564895029,173.87383749799997,0.045179592895648005,59.4477673641364,173.87383749799997
78,236,69.35173687374726,0.09082216769924052,0.7751587246281172,174.58026602966666,0.053857779617680596,69.35173687374726,174.58026602966666
78,153,109.12692122381256,,0.7753316416640332,177.1452465893333,0.058312647140461325,109.12692122381256,177.1452465893333
78,100,164.84100214655547,0.013134042192728889,0.7848451677437045,181.84991453199999,0.07247362512121039,164.84100214655547,181.84991453199999
78,74,219.57070635816012,0.21726955141326842,0.7816036909703031,190.44002376133335,0.22018972362555259,219.57070635816012,190.44002376133335
79,58,271.8966296370108,2.1800611393016673,0.7885923258309285,204.51226348500003,0.8522637852002546,271.8966296370108,204.51226348500003
79,53,293.8781070230787,3.7912778062859482,0.7938838388985818,211.66085152233333,1.0803523361592966,293.8781070230787,211.66085152233333
79,44,350.4394139392893,2.6875462869648357,0.7945740538739062,239.61161004666667,1.5809562761525873,350.4394139392893,239.61161004666667
79,41,373.8068320735819,2.330916288237121,0.7905416245553912,257.13062721233337,1.8040366824380136,373.8068320735819,257.13062721233337
79,39,387.4714840627186,1.941387344754317,0.7943260670149684,269.46462085933337,2.327232890186104,387.4714840627186,269.46462085933337
79,38,395.89182775329914,2.4179657874087974,0.7941292174338902,277.0588096993333,2.112126777156957,395.89182775329914,277.0588096993333
79,37,409.2642157468685,3.73562761241308,0.7925147257432127,292.59876905466666,3.9264012205257233,409.2642157468685,292.59876905466666
79,35,427.12503430028346,2.695918341706038,0.7869493575713555,312.9432760203333,3.3823322191644136,427.12503430028346,312.9432760203333
79,33,450.8344985306282,1.0449386213204683,0.78696059281273,347.83042159999997,2.502106122713746,450.8344985306282,347.83042159999997
79,17,475.18510641027206,1.0156761442892714,0.7935416468995071,396.7561024893334,0.9278007132700714,475.18510641027206,396.7561024893334
79,1,473.7390376558298,0.8999577490083271,0.794611172204219,401.883583549,1.8326806925644248,473.7390376558298,401.883583549
79,0,473.91724892073336,0.3296869728874286,0.7925563291511764,402.43603263166665,0.275454346156247,473.91724892073336,402.43603263166665
80,1000000,0.07985077895982225,,0.8003873815231715,176.26097564433334,0.20645890853220444,0.0,176.26097564433334
80,1000000,0.07985077895982225,,0.8003873815231715,176.26097564433334,0.20645890853220444,0.07985077895982225,176.26097564433334
80,316227,0.09505036280631422,0.0006468255861614566,0.7996176691292792,174.774039445,0.19219126272222248,0.09505036280631422,174.774039445
80,5623,3.9663119047811706,0.24508562283546248,0.7994621681023453,171.25321922733335,0.051116351736181835,3.9663119047811706,171.25321922733335
80,3162,6.574863327097291,0.04455351022000747,0.8000890119270688,172.36729609266663,0.21218014660118303,6.574863327097291,172.36729609266663
80,1778,11.582894757937424,0.07558911769794739,0.8003657118553406,173.45775675933336,0.2890212677356081,11.582894757937424,173.45775675933336
80,1000,20.390693410249682,0.12800092689800513,0.8026174237030751,174.26260416633332,0.22144123846531216,20.390693410249682,174.26260416633332
80,562,31.475375714920037,0.08690685211970486,0.7979570196020758,174.05060133166668,0.1282530933627085,31.475375714920037,174.05060133166668
80,421,38.04379866290803,,0.799337756781026,173.73949133666667,0.08016895684813101,38.04379866290803,173.73949133666667
80,316,51.04744615765651,0.1440605073497317,0.7956837924350142,173.46967121,0.07868096350326033,51.04744615765651,173.46967121
80,273,59.048733669371735,0.03874348070432287,0.8027740186454911,173.75562731133334,0.05524075348623513,59.048733669371735,173.75562731133334
80,236,68.59103156995225,0.021402369881494167,0.7980541496655199,174.29098400133333,0.05959957791984597,68.59103156995225,174.29098400133333
80,219,73.51446658065286,0.13576472691099206,0.7995360690973046,174.5684682716667,0.06291723307126615,73.51446658065286,174.5684682716667
80,204,78.35787644120859,0.03923393732660002,0.7977628097272688,174.88509575566664,0.038236138825747765,78.35787644120859,174.88509575566664
80,177,94.08634486061824,0.07047714589123416,0.7980191329786518,175.71516869899997,0.043165446354700245,94.08634486061824,175.71516869899997
80,153,108.21672338330927,0.07078630671243558,0.7987301242445688,176.690464316,0.05488671591437261,108.21672338330927,176.690464316
80,133,124.77988080605287,0.09860391915783505,0.7977266089720095,177.69761165433331,0.02373939981225651,124.77988080605287,177.69761165433331
80,115,144.20186541348235,0.14897442969979938,0.7971721419114309,179.5439073476667,0.1331300457738458,144.20186541348235,179.5439073476667
80,86,190.6123447850936,0.1291989828002892,0.797965990956565,185.07701567433332,0.05890307871635978,190.6123447850936,185.07701567433332
80,68,234.49008794057877,1.0370272185284595,0.7958262730362725,193.40733081333335,0.1385831241865618,234.49008794057877,193.40733081333335
80,63,252.39108333939552,1.2634233330628584,0.7954250368820578,198.13256562866664,0.4800942849308254,252.39108333939552,198.13256562866664
80,60,264.2967505897603,1.117009944139351,0.7979078183448755,201.86686655166667,0.5104505254550737,264.2967505897603,201.86686655166667
80,56,276.7996932919439,3.242785164747402,0.7960386596739703,205.987096909,0.9997160918120812,276.7996932919439,205.987096909
80,55,281.02660977334386,1.596964424621324,0.7964568686010146,206.91842919966666,0.46801977407098777,281.02660977334386,206.91842919966666
80,52,296.4327624203163,1.0837254786221027,0.7967346938787312,212.90224048566665,0.6415579077981796,296.4327624203163,212.90224048566665
80,50,308.2043370838085,1.2342732939592995,0.7958282073425277,217.53118833666667,0.3429775234891924,308.2043370838085,217.53118833666667
80,47,328.0986457743108,3.5516436872950203,0.7953746631721061,227.06499345466668,1.5878686181859842,328.0986457743108,227.06499345466668
80,43,357.4147903533648,0.6395506540166066,0.7959847124746431,244.26976535133335,0.9184407188823196,357.4147903533648,244.26976535133335
80,13,473.8863593027765,0.17382021958365076,0.8024305392551749,392.1882303966667,2.150124353939596,473.8863593027765,392.1882303966667
82,316227,0.1007373718054363,0.019131917284277402,0.8202357821042721,175.08541247866665,0.48616063561125433,0.0,175.08541247866665
82,316227,0.1007373718054363,0.019131917284277402,0.8202357821042721,175.08541247866665,0.48616063561125433,0.1007373718054363,175.08541247866665
82,237136,0.17766503425318553,,0.8193867240021615,175.11403534866668,0.2747287856819216,0.17766503425318553,175.11403534866668
82,177827,0.15758203822970673,0.0011694865224856376,0.8223999351060292,172.28248835333332,0.46122241132288516,0.15758203822970673,172.28248835333332
82,56233,0.4664951407861621,0.0046767185832073494,0.8205279195311012,169.493596847,0.11805403529824114,0.4664951407861621,169.493596847
82,31622,0.8130523178493615,0.019682374623878163,0.8208621115435171,169.39718646566666,0.16916935664288477,0.8130523178493615,169.39718646566666
82,10000,2.3377799126811993,0.017416162359350323,0.8201733496517899,170.67320368433332,0.33811520475179657,2.3377799126811993,170.67320368433332
82,5623,3.664938174319827,0.09804476224072742,0.8190475283090054,171.01367677366667,0.5745405648624001,3.664938174319827,171.01367677366667
82,3162,6.366604220823457,0.03985640250591819,0.8163044066376491,172.33475941766667,0.2673399945264255,6.366604220823457,172.33475941766667
82,316,49.784597654979216,0.8369904055199141,0.8191885586624406,173.46701702016665,0.13221507336760918,49.784597654979216,173.46701702016665
82,236,68.29267694366223,0.09121466089068743,0.8160830593615448,174.0080890636667,0.0324918472963038,68.29267694366223,174.0080890636667
82,204,77.97464950212516,0.044330399955278633,0.8204381501175558,174.69218403966667,0.08308724212306559,77.97464950212516,174.69218403966667
82,177,93.68520858312253,0.27781626568913337,0.81913277283279,175.59495119833332,0.24628644770025815,93.68520858312253,175.59495119833332
82,133,123.59054826522491,0.06204655088464138,0.820799774773295,177.40624508966667,0.10098021166866139,123.59054826522491,177.40624508966667
82,115,139.95437040529563,0.8541981948473141,0.8190318456848827,178.80026443733334,0.13872440618478066,139.95437040529563,178.80026443733334
82,100,161.08862440929371,0.5310997925283667,0.8171399661366024,180.76067956199998,0.1926831176370159,161.08862440929371,180.76067956199998
82,86,185.17888463116927,0.5838009332690396,0.8218259609263979,183.594441144,0.23866114660923124,185.17888463116927,183.594441144
82,74,214.08093665538016,1.2111744925993495,0.8205575905302019,188.186606965,0.27558255346411703,214.08093665538016,188.186606965
82,68,231.54520016902384,1.6132881019735996,0.8225818738126881,191.84783858566666,0.3490605233321662,231.54520016902384,191.84783858566666
82,63,249.96594142928652,0.6663917090462735,0.822148676941732,196.24622985766666,0.2295880750987992,249.96594142928652,196.24622985766666
82,58,270.555347764272,0.9774674642226363,0.8208470900598178,202.2075323513333,0.2743060204823939,270.555347764272,202.2075323513333
82,55,280.7323445473302,2.7869913454748723,0.8221773139315346,205.14496074633334,0.8392148243453667,280.7323445473302,205.14496074633334
82,53,290.10464573291614,0.7956964350109239,0.8224096180004133,208.43118997500002,0.6802863089649722,290.10464573291614,208.43118997500002
82,52,291.41180005674045,3.3134077932071864,0.821154285177632,208.879144376,1.3238067079964677,291.41180005674045,208.879144376
82,50,307.0180225140025,0.843026374081031,0.8165838211759815,214.85807297,0.45661442175267275,307.0180225140025,214.85807297
82,48,319.58051721240787,1.2719410534979978,0.8223481352528218,219.90990418133333,0.43833380789746706,319.58051721240787,219.90990418133333
82,47,324.41865557982567,1.1430254452742767,0.8208354303464902,222.27187542633337,0.4873266523067565,324.41865557982567,222.27187542633337
82,45,339.32867563175154,1.5979860040970608,0.8214026938799798,229.60926195366667,1.2370660986094184,339.32867563175154,229.60926195366667
82,44,348.2446898690091,2.1284251352771837,0.8212460374955809,234.686767128,0.7858900245963416,348.2446898690091,234.686767128
82,43,353.5478076391352,1.4064447325701237,0.8228125121911317,237.24011442866666,0.7268248931027782,353.5478076391352,237.24011442866666
82,41,371.02967146385413,1.8227803762206711,0.8207406955067077,249.80785360666667,0.8621222634304099,371.02967146385413,249.80785360666667
82,39,387.29517663363913,2.215896437519061,0.8191674284173774,263.13058560766666,2.1618205304378155,387.29517663363913,263.13058560766666
82,38,396.94855514958226,3.4431661192966634,0.8193203466251031,271.46212046333335,3.2061496412999335,396.94855514958226,271.46212046333335
82,37,406.7351075754205,2.7780660540374225,0.8200107672774077,281.147372597,2.712441846416604,406.7351075754205,281.147372597
82,35,426.8732186536388,0.7279132581073586,0.8168402132788285,304.7930860343333,1.5762955898971156,426.8732186536388,304.7930860343333
82,17,473.3062384148736,1.172011520421981,0.8206005276512053,383.6683626006666,1.0518585374914309,473.3062384148736,383.6683626006666
82,1,472.7375998503414,0.49668112412250703,0.8194162846445909,386.419722841,0.48281342197442306,472.7375998503414,386.419722841
82,0,472.47735996409574,0.2615030801400187,0.8198736196036577,386.65271428333335,0.4035548425719409,472.47735996409574,386.65271428333335
84,316227,0.09327000146663877,0.006485351292964147,0.8381857569714234,176.13095302866668,0.10294259295270296,0.0,176.13095302866668
84,316227,0.09327000146663877,0.006485351292964147,0.8381857569714234,176.13095302866668,0.10294259295270296,0.09327000146663877,176.13095302866668
84,100000,0.31393934932152157,0.07627925042573427,0.8417660457123253,170.251199623,0.32127696319706267,0.31393934932152157,170.251199623
84,31622,0.800808001721045,0.03125791747097948,0.8393709025596494,169.28725304533333,0.22415279752480075,0.800808001721045,169.28725304533333
84,10000,2.2737544445850455,0.022600615166571247,0.8415643276213531,170.35916437566667,0.15414793697485046,2.2737544445850455,170.35916437566667
84,1000,19.05922722290622,0.07236222616924819,0.8441125831770527,174.097757589,0.14298270046976083,19.05922722290622,174.097757589
84,486,33.5136579326637,0.10072177165879909,0.8420704063893156,173.7179972096667,0.046151228439954346,33.5136579326637,173.7179972096667
84,421,36.98505722600321,0.007690135082583883,0.8430721599032185,173.69828091366665,0.24730662278830504,36.98505722600321,173.69828091366665
84,236,65.76308725317534,0.008854018197100412,0.8438889261973195,173.75428532366666,0.04149873809249748,65.76308725317534,173.75428532366666
84,204,77.1247269040507,0.10472908936218624,0.8432617927609755,174.43984820799997,0.079060629232434,77.1247269040507,174.43984820799997
84,177,92.86619801690853,0.12183396965178483,0.8398644610714315,175.00816356733333,0.050234225986799,92.86619801690853,175.00816356733333
84,133,122.50196834937583,0.20605296583328805,0.8416057159477605,176.9567102893333,0.17070898434133136,122.50196834937583,176.9567102893333
84,115,139.8109767898362,0.5978330329068827,0.8439974596067564,178.17050144933333,0.05816833163777911,139.8109767898362,178.17050144933333
84,100,160.49883385831583,0.7061492225364105,0.8441246965200996,180.03045094066667,0.144913010095684,160.49883385831583,180.03045094066667
84,86,184.66072858347218,1.0692171053065507,0.8403027796095165,183.01309114966668,0.3889782370197791,184.66072858347218,183.01309114966668
84,79,199.15313963009544,2.8129994397026308,0.8392355381914248,184.948274682,0.34149499815992507,199.15313963009544,184.948274682
84,74,212.4210289964516,1.8841675540784486,0.8444686092708257,186.75069087199998,0.21202658700503435,212.4210289964516,186.75069087199998
84,58,267.5684863118299,0.43807631970799643,0.8438102599938772,200.25807785233334,0.10887766968770506,267.5684863118299,200.25807785233334
84,50,303.50045182911896,,0.844859755439408,211.56344129333334,0.6351676621189896,303.50045182911896,211.56344129333334
84,47,322.3413308043204,1.301949236547403,0.8431821614050636,219.06915799266667,0.22548623193836362,322.3413308043204,219.06915799266667
84,44,343.7570129539475,1.3583354784212747,0.8387184500483545,229.41318733066666,0.6056596932177929,343.7570129539475,229.41318733066666
84,43,354.0219744128155,1.4652618201946075,0.8425322236154754,234.38258945633333,0.8769286084165154,354.0219744128155,234.38258945633333
84,39,385.65154439121216,2.739760700658762,0.844389069590358,255.270119676,1.8209420663048272,385.65154439121216,255.270119676
84,38,393.2203446704539,4.774236116296576,0.8400873908918606,263.1613859033333,3.430622905638979,393.2203446704539,263.1613859033333
84,37,401.9223451799747,0.4599965408501179,0.8439573676127203,269.17577984433336,0.4268044900680527,401.9223451799747,269.17577984433336
84,35,425.10105777828466,2.725469520777932,0.841955627642233,294.9689230943333,3.2130842718143295,425.10105777828466,294.9689230943333
84,33,447.4281481906566,1.342320748691584,0.8375953052947646,324.93399083133335,1.9142387814440467,447.4281481906566,324.93399083133335
84,32,456.3850304466835,1.8966210841781,0.8382769825014046,340.864493804,2.972133499119361,456.3850304466835,340.864493804
84,31,463.39874818252406,2.2259042805569904,0.8378989486762348,355.35279740833334,4.461331712247754,463.39874818252406,355.35279740833334
84,22,474.016890320308,0.8042547501027757,0.8412656686785747,376.0830882576667,0.4029202370036278,474.016890320308,376.0830882576667
84,19,473.0389468424458,,0.8428200227803107,372.90693611233337,0.705056838382652,473.0389468424458,372.90693611233337
84,5,469.7755442804424,0.639351527445957,0.8417751330094596,374.837695815,1.1558213463413907,469.7755442804424,374.837695815
84,3,470.6708990871537,0.6153031073253378,0.8400254670746513,375.6564900813333,0.18460954422318862,470.6708990871537,375.6564900813333
84,1,472.46834126084485,0.5046480563648612,0.8388584522054631,376.886816594,0.1843131883891697,472.46834126084485,376.886816594
84,0,472.3644928092187,0.7383465322374514,0.8375620794406652,376.5335293256667,1.1171146556493885,472.3644928092187,376.5335293256667
85,1000000,0.13931793486534638,0.005335044487912694,0.8479765356279259,176.11696804766666,0.23750134841410864,0.0,176.11696804766666
85,1000000,0.13931793486534638,0.005335044487912694,0.8479765356279259,176.11696804766666,0.23750134841410864,0.13931793486534638,176.11696804766666
85,177827,0.15165851211816547,0.0029419397053213905,0.8507201666509203,172.84003059733334,0.15934641476723715,0.15165851211816547,172.84003059733334
85,100000,0.28976309188586685,0.054293892452403326,0.8499636567494819,170.48812831466665,0.2910126130839763,0.28976309188586685,170.48812831466665
85,31622,0.7965004273734814,0.0655547598975524,0.8505453092388939,169.16015427,0.10148778039827627,0.7965004273734814,169.16015427
85,10000,2.2178712080527805,0.016198223729210693,0.8526299717720875,169.74004735066669,0.2460777615293152,2.2178712080527805,169.74004735066669
85,3162,6.026250038798168,0.07708712960845099,0.8482733044710593,171.75122267833333,0.3935229451498488,6.026250038798168,171.75122267833333
85,1778,10.71197082728245,,0.8454909049306575,172.85539160366667,0.19337606339689364,10.71197082728245,172.85539160366667
85,562,29.880949160111552,0.04374197549863516,0.8462931223444148,174.04330661966665,0.053468444194920244,29.880949160111552,174.04330661966665
85,316,48.65914628435913,0.09853729888345081,0.8483207366726919,173.30599044466666,0.07529563704740017,48.65914628435913,173.30599044466666
85,273,57.22362194140304,0.31851224472620476,0.8494368561649189,173.43125753066667,0.08780858658383782,57.22362194140304,173.43125753066667
85,204,75.27446715794126,0.07294607068079793,0.851205711743796,174.10313626733333,0.05046171316207996,75.27446715794126,174.10313626733333
85,68,232.38548932532385,0.4956313328527266,0.846026639058541,190.83861013533337,0.07678149384133776,232.38548932532385,190.83861013533337
85,63,247.50828429670761,0.9431968511293627,0.8458272274705122,194.02759519233334,0.27605493812408877,247.50828429670761,194.02759519233334
85,55,280.34006188372194,3.0141540926201,0.8460220603902323,203.683906539,0.982302152990111,280.34006188372194,203.683906539
85,52,294.8512986055746,2.8339160937695422,0.845503044801067,208.07494114433334,0.5961400283453004,294.8512986055746,208.07494114433334
85,45,336.2958343434624,2.2431877843719996,0.8464612140280617,224.53186561733332,1.0253455377244154,336.2958343434624,224.53186561733332
85,41,367.15081482899905,1.3707547802898,0.8459168629657435,242.113423689,0.5820980695486404,367.15081482899905,242.113423689
85,39,383.0425415657441,2.297708505538414,0.8495856330454519,248.616412503,0.46805743705603586,383.0425415657441,248.616412503
85,17,472.79870086919453,0.3894533925079692,0.8499529421344406,368.7132250976667,0.3111892738169222,472.79870086919453,368.7132250976667
85,15,472.88197719314365,0.3134757498266128,0.851261872719264,367.95895158633334,0.40165057531750264,472.88197719314365,367.95895158633334
85,10,469.20168505595484,,0.8460298434049316,372.22932394766667,0.912002646904468,469.20168505595484,372.22932394766667
85,7,469.19090010292666,,0.8451428660207733,372.516560277,0.6385978588849979,469.19090010292666,372.516560277
86,31622,0.7609848254209808,0.015575080154626518,0.8580001197046012,169.31518332866668,0.12118880968070425,0.0,169.31518332866668
86,31622,0.7609848254209808,0.015575080154626518,0.8580001197046012,169.31518332866668,0.12118880968070425,0.7609848254209808,169.31518332866668
86,10000,2.164395942492684,0.02166726752670128,0.8629456998538528,169.971842751,0.1645982179780509,2.164395942492684,169.971842751
86,3162,5.883559784218882,0.06531408713197007,0.8630672920659067,171.7946377336667,0.11548859808057108,5.883559784218882,171.7946377336667
86,1000,18.899423405485063,0.5074406227827644,0.8604636978909127,173.86794450800002,0.3418256224454716,18.899423405485063,173.86794450800002
86,421,37.14690744887066,0.3236468711689547,0.8598124785428141,173.67065615966666,0.154636873994538,37.14690744887066,173.67065615966666
86,273,56.75101647149721,0.5818445834473481,0.8591095702644251,173.35165718866665,0.06437802893754019,56.75101647149721,173.35165718866665
86,236,65.97356982044846,0.011643835135717113,0.8576482640038835,173.7055102953333,0.07755290493747703,65.97356982044846,173.7055102953333
86,177,92.17167838765594,0.05936170834084901,0.8571795171905229,174.826767396,0.14142507584512765,92.17167838765594,174.826767396
86,133,121.44447887872393,1.458607662299083,0.8628580685289545,176.38029630233333,0.06212558577664008,121.44447887872393,176.38029630233333
86,115,137.60463282898027,0.7984516134751939,0.8635131972978652,177.58418913066666,0.05816197991752036,137.60463282898027,177.58418913066666
86,100,158.3094374572843,0.6767938718362221,0.8625753648135293,179.57842898233332,0.0890435571712966,158.3094374572843,179.57842898233332
86,86,182.8723564922427,0.5768335420240622,0.8632070972975456,182.23028629066667,0.22159494056075588,182.8723564922427,182.23028629066667
86,79,196.78676689317194,1.588961687429789,0.8618786379052704,183.94118285966667,0.31195165583916995,196.78676689317194,183.94118285966667
86,74,211.43330283288392,1.485104281044051,0.864105760580919,185.81827949366667,0.13530932280207153,211.43330283288392,185.81827949366667
86,63,244.3018984635518,1.2110375299244573,0.8602120447174996,192.94418211,0.28278014056817785,244.3018984635518,192.94418211
86,60,256.57351187026467,1.3147423825745774,0.862741130333578,195.777353338,0.3415528923979737,256.57351187026467,195.777353338
86,58,265.59353847630456,1.4223181039422117,0.8615637897183954,198.28710438833332,0.49169128660771233,265.59353847630456,198.28710438833332
86,52,289.7973099548739,0.8390792225646412,0.8636029802901802,205.45694780966664,0.3596407356163324,289.7973099548739,205.45694780966664
86,50,301.93873137808777,1.288469249516757,0.8643841081278657,209.61550147466664,0.6593376649793061,301.93873137808777,209.61550147466664
86,32,454.320738812527,2.3116964297208917,0.8634982286494903,328.83934748033334,3.031215384027479,454.320738812527,328.83934748033334
86,31,464.6951300606391,0.5310234966612378,0.8627745347841209,346.4834887946667,1.5178845319319891,464.6951300606391,346.4834887946667
86,22,473.618982887237,0.3502825583430482,0.8631965710555599,365.009764241,0.6008970191588696,473.618982887237,365.009764241
86,14,471.3955397863389,0.43072741093604233,0.8564233168122894,365.91642687199993,0.35766791411733356,471.3955397863389,365.91642687199993
86,13,471.84221401370644,0.6215716533342382,0.8565494749440787,365.820557589,1.3294130886029418,471.84221401370644,365.820557589
86,11,470.0867041164422,0.7646822573396729,0.8627289525608854,361.27844443233334,1.035012156326675,470.0867041164422,361.27844443233334
86,1,470.7824418760242,0.5287667280445101,0.8618991409000637,363.4357130603333,1.9060916006921784,470.7824418760242,363.4357130603333
86,0,470.67958821200585,0.7369502778261209,0.8622635995844151,362.76316561666664,0.2702543950689682,470.67958821200585,362.76316561666664
87,316227,0.0920805287204026,0.00883106914048628,0.8700706287681792,175.482667116,0.17387419755412656,0.0,175.482667116
87,316227,0.0920805287204026,0.00883106914048628,0.8700706287681792,175.482667116,0.17387419755412656,0.0920805287204026,175.482667116
87,177827,0.14945259890577417,0.00360542149835824,0.8711654748548958,173.27133553533335,0.22319251062078674,0.14945259890577417,173.27133553533335
87,100000,0.2596602173614519,0.004462137674033835,0.8696715809881189,170.42413300833334,0.3053039913559189,0.2596602173614519,170.42413300833334
87,17782,1.2270656914148788,0.011946929619448474,0.8732363453486016,169.57866269266665,0.2072505925891912,1.2270656914148788,169.57866269266665
87,562,29.83605347916899,0.028819600933203335,0.8664383619869271,174.03088655333332,0.13036808328274344,29.83605347916899,174.03088655333332
87,316,48.211148234175134,0.08080563865130684,0.8688772882858807,173.19427753,0.13543293251983632,48.211148234175134,173.19427753
87,273,56.09236731750603,0.002341160069284657,0.8741471277294495,173.323264766,0.08607772566221272,56.09236731750603,173.323264766
87,236,65.28180534891642,0.11421465372588828,0.8711691380424013,173.5371719456667,0.09428374306391447,65.28180534891642,173.5371719456667
87,204,75.21497100630252,0.5238084189077752,0.8706265991909379,174.00978396266666,0.021497558480751557,75.21497100630252,174.00978396266666
87,177,90.80262707823577,0.1498515004930647,0.8677707520695708,174.60622944500003,0.07142131575763508,90.80262707823577,174.60622944500003
87,153,104.50540105188124,,0.8671697912677713,175.49115804433333,0.14991219551539375,104.50540105188124,175.49115804433333
87,133,119.9279759612933,,0.8667880024307786,176.35050957233332,0.03396127614952327,119.9279759612933,176.35050957233332
87,115,137.9200164635359,1.6047081764536564,0.8734657785349628,177.46611859333333,0.028393703873633734,137.9200164635359,177.46611859333333
87,100,156.69504331744938,0.11165920520543704,0.869352161778191,179.24362392966668,0.11781485569894012,156.69504331744938,179.24362392966668
87,68,228.1968972228899,1.1873463347448048,0.8660735089656076,189.08443789933335,0.18726605168074276,228.1968972228899,189.08443789933335
87,55,275.68002597457775,2.0222786472561896,0.866591036016337,200.589505919,0.5697190846954048,275.68002597457775,200.589505919
87,47,322.10562826604865,2.0809749953850236,0.8669926969256904,216.95945500633331,0.5992223706899913,322.10562826604865,216.95945500633331
87,43,349.25235298140495,0.8276886739368744,0.8657701430390619,228.88117963466667,0.7413009312226361,349.25235298140495,228.88117963466667
87,41,364.5904051823042,3.709292925753566,0.8677385019524141,236.21919597066668,1.8194152450042866,364.5904051823042,236.21919597066668
87,38,390.2497183091072,5.6065314600946845,0.8674262992273404,254.13363155000002,4.725847544089563,390.2497183091072,254.13363155000002
87,37,401.0159126692195,1.7856610122176806,0.8672076393975553,262.9656903183334,1.1191682776439926,401.0159126692195,262.9656903183334
87,35,419.4333653868037,2.0703849751440693,0.8692557334205717,277.2044003865,4.0696879259273535,419.4333653868037,277.2044003865
87,33,445.4035503876784,,0.8651080005108174,312.83303537833336,4.836132881024219,445.4035503876784,312.83303537833336
87,17,472.8421538341756,0.6601180067528766,0.8717008169582082,358.4178587303333,1.172477748267846,472.8421538341756,358.4178587303333
87,13,472.4291540313225,,0.8731664084688144,353.96264283766664,1.390685863380475,472.4291540313225,353.96264283766664
87,10,470.2175092607813,0.6017357803836126,0.8671348105021287,361.0364226463333,1.2601753158084545,470.2175092607813,361.0364226463333
88,56233,0.43738193939719117,0.0025530668386673336,0.8778338520621015,169.2123008175,0.1308078310191091,0.0,169.2123008175
88,56233,0.43738193939719117,0.0025530668386673336,0.8778338520621015,169.2123008175,0.1308078310191091,0.43738193939719117,169.2123008175
88,17782,1.220540266796644,0.02773622017805315,0.8823541470204216,169.62107905733333,0.22278878444406075,1.220540266796644,169.62107905733333
88,10000,2.131106037999999,0.0024757754307575324,0.8764373329648251,169.76482926,0.1365134710398325,2.131106037999999,169.76482926
88,3162,5.692084491043751,0.04307719309187088,0.8782733257630576,171.35184713433333,0.20185342442770882,5.692084491043751,171.35184713433333
88,1778,10.003608795028635,0.05299031712036587,0.8780266158727835,172.698504307,0.2848971148247576,10.003608795028635,172.698504307
88,1000,18.078990360378594,0.1422843529089735,0.8781766342271201,173.56589562833332,0.09518600772342778,18.078990360378594,173.56589562833332
88,562,30.62644304370687,0.25910135945109164,0.8792625244266902,174.093068461,0.06446331014979496,30.62644304370687,174.093068461
88,421,36.50786636215589,0.06507983635888277,0.8822485962153674,173.56993901366664,0.07676668550611093,36.50786636215589,173.56993901366664
88,204,75.12141692900799,0.7855323713887854,0.8764161480196663,173.84780737666665,0.07601719740868039,75.12141692900799,173.84780737666665
88,177,89.11545709508329,0.2619662993013694,0.8802383579005817,174.35215441366668,0.07582118340579877,89.11545709508329,174.35215441366668
88,133,119.45353389425902,0.06812579872715929,0.8825272019552711,175.95277167333333,0.10148775695622707,119.45353389425902,175.95277167333333
88,115,134.79287099882274,0.8716388659616949,0.8787109623225311,177.136605043,0.06369570980447072,134.79287099882274,177.136605043
88,86,179.09721535557182,1.9069807953095246,0.8831552893723913,181.0225244331111,0.2631718339836484,179.09721535557182,181.0225244331111
88,74,208.9791286862131,0.1410327407079678,0.8833517296633256,184.69289262533334,0.06749273753717544,208.9791286862131,184.69289262533334
88,68,224.56986457162526,1.4318249118955337,0.8818988242326464,187.4169567531667,0.2205051581470383,224.56986457162526,187.4169567531667
88,63,243.73338905679256,1.883673562656067,0.8827046091113421,191.22552203066667,0.23170790360766275,243.73338905679256,191.22552203066667
88,58,262.65587467187885,2.3908107405503527,0.8838279568347973,195.942005032,0.5941735596696046,262.65587467187885,195.942005032
88,55,272.9866458783017,0.31082503975202613,0.8837672016658383,198.5197383353333,0.660146461670805,272.9866458783017,198.5197383353333
88,50,297.71594054992215,2.552313720936082,0.8784868030358937,206.48301749733332,0.7816148171424847,297.71594054992215,206.48301749733332
88,48,310.360567611031,0.6672588574792981,0.882742083265784,210.02422380833332,0.05624467157550099,310.360567611031,210.02422380833332
88,43,345.07602793329124,1.8532814843426586,0.8826152536009865,224.21771648933336,1.0861423851896215,345.07602793329124,224.21771648933336
88,37,400.4355481381074,,0.8845043379892008,254.76537454100003,2.116466839946391,400.4355481381074,254.76537454100003
88,32,452.39417672347565,0.4014455466688553,0.8840562139093575,316.0750423476666,0.9066899059653749,452.39417672347565,316.0750423476666
88,31,459.31618588353234,2.0245585649737303,0.8820604281512073,327.67394619500004,1.293062879223683,459.31618588353234,327.67394619500004
88,22,473.4481478065406,0.4411162016944019,0.881389174194251,357.3402051366667,0.2746423423674683,473.4481478065406,357.3402051366667
88,10,471.07425349751173,1.2923601743784876,0.8824353469877089,353.543037427,0.12186795343565382,471.07425349751173,353.543037427
88,1,471.2051331602154,0.22230652594827793,0.8766836757323501,355.24179218933335,1.3050176316778492,471.2051331602154,355.24179218933335
88,0,471.15670231002343,1.4669053090515456,0.8779964103173795,354.1597791,1.5497994610944985,471.15670231002343,354.1597791
89,316227,0.28305751706863896,,0.8916414640261607,174.57732184666665,0.07822863793734633,0.28305751706863896,174.57732184666665
89,100000,0.25705915095165577,0.011197514271199643,0.8919484764115525,170.73456442766667,0.18618927209663547,0.0,170.73456442766667
89,100000,0.25705915095165577,0.011197514271199643,0.8919484764115525,170.73456442766667,0.18618927209663547,0.25705915095165577,170.73456442766667
89,31622,0.783621166906121,0.07290180337893681,0.8872003028311171,169.23494295116666,0.16887304203825645,0.783621166906121,169.23494295116666
89,10000,2.0814506461064304,0.02186127785282947,0.8916128550681219,169.77595274766665,0.09262801683768715,2.0814506461064304,169.77595274766665
89,562,29.789940522533232,0.026425272017674313,0.8938536206379614,174.01335442200002,0.19616000218721885,29.789940522533232,174.01335442200002
89,316,47.81075370028975,0.12328575807248687,0.8883570541038696,172.84506366866665,0.08036265993263683,47.81075370028975,172.84506366866665
89,236,64.92727114005658,0.36256885648465126,0.8928017424588093,173.42971600049998,0.0838693023492919,64.92727114005658,173.42971600049998
89,204,74.7061765251026,0.16148862167644074,0.8917239990640867,173.82730561566666,0.1424583375464294,74.7061765251026,173.82730561566666
89,177,90.07264130019938,0.4673665884019092,0.8876550231603453,174.3164589895,0.07092479527761622,90.07264130019938,174.3164589895
89,133,118.2646287042066,,0.8944065684559661,175.62774718100002,0.0628818017764326,118.2646287042066,175.62774718100002
89,107,146.4945862064825,0.4703836098165558,0.8916231748575094,177.753261353,0.0529989905440772,146.4945862064825,177.753261353
89,100,153.23721872154533,0.5920304328752072,0.8887081894654202,178.46634830566666,0.08193693665863358,153.23721872154533,178.46634830566666
89,92,169.44774441048386,,0.893055587899722,179.452366962,0.20918902807570858,169.44774441048386,179.452366962
89,79,194.10092341457667,1.2046000767267784,0.8915028779227452,182.50241102766665,0.1300375713708424,194.10092341457667,182.50241102766665
89,74,208.2151437043918,0.9770477832739843,0.8911009253270529,184.26862995399998,0.13945224588916905,208.2151437043918,184.26862995399998
89,52,286.86077918230376,,0.8855056724614904,202.76765111966665,0.44428291316108615,286.86077918230376,202.76765111966665
89,47,319.9918533269624,1.0055051970393702,0.8885332405942751,212.87681231933334,0.632133255310967,319.9918533269624,212.87681231933334
89,44,339.61598367125384,,0.8860091317322384,221.85161570266666,1.4213472071638968,339.61598367125384,221.85161570266666
89,41,358.88038050497664,2.863635632988548,0.8904749290675641,230.08142280583334,1.9141185778250134,358.88038050497664,230.08142280583334
89,39,380.97151132237434,2.3682149006803828,0.8860618874031179,241.888739667,1.2171187176062415,380.97151132237434,241.888739667
89,38,388.85757425094744,1.8682680220407357,0.8864112993660381,248.120709316,0.9851035800993972,388.85757425094744,248.120709316
89,33,437.12837776281873,,0.8851147677669899,295.1198604503333,0.8972178305375491,437.12837776281873,295.1198604503333
89,32,448.49594616236664,3.381628309654844,0.8914519561614387,303.676541162,3.9273251935973716,448.49594616236664,303.676541162
89,22,474.2487353421417,,0.8936898105182315,348.20093948666664,1.1475547006665385,474.2487353421417,348.20093948666664
89,17,472.90922523223213,0.7707283255701697,0.8879086760987044,351.43829151033333,0.7446037454858547,472.90922523223213,351.43829151033333
89,1,470.5631730566347,0.5541223230494572,0.8914743392162835,345.60322710733334,0.7509604538631023,470.5631730566347,345.60322710733334
89,0,470.62017013255104,0.08429829698996455,0.8885473717065608,348.2428752916667,1.04468425463184,470.62017013255104,348.2428752916667
90,177827,0.14702811613821234,0.009323848533002424,0.8993165605298208,173.634743726,0.2584202019097078,0.0,173.634743726
90,177827,0.14702811613821234,0.009323848533002424,0.8993165605298208,173.634743726,0.2584202019097078,0.14702811613821234,173.634743726
90,100000,0.24940687930304567,0.0031166641164076868,0.9019570605986862,170.60428265166667,0.1510742367607117,0.24940687930304567,170.60428265166667
90,31622,0.7337322957184054,0.008931191233460168,0.9004965745525333,169.247331387,0.22699954281808513,0.7337322957184054,169.247331387
90,3162,5.509455092842418,0.08110872322608675,0.8953928735554748,171.06777101066666,0.18365226697359333,5.509455092842418,171.06777101066666
90,1778,9.75267503839823,0.042683856701123214,0.8955199263342765,172.44398061633333,0.47068615714555256,9.75267503839823,172.44398061633333
90,1000,17.50789242532407,0.060596706617808575,0.8958257778872576,173.69272064866666,0.39084232660173246,17.50789242532407,173.69272064866666
90,562,30.941884792200018,0.05631888556225891,0.8961965824732766,173.93181631633334,0.14000081093277802,30.941884792200018,173.93181631633334
90,421,39.36656882405513,0.7191694258225086,0.8992051962896839,173.604510336,0.06148893811055562,39.36656882405513,173.604510336
90,316,48.64932703453602,0.13356942148719783,0.8991702067271041,173.235591612,0.036975397444722446,48.64932703453602,173.235591612
90,177,87.40363211879902,0.11330543345651511,0.8956261343328076,174.18621086,0.06631693619214936,87.40363211879902,174.18621086
90,115,134.23665270357887,0.31318820476336107,0.9008407104105464,176.704104973,0.0962201082202835,134.23665270357887,176.704104973
90,74,205.45224099177446,1.0471536320606312,0.9041497051520341,183.661885029,0.2948514350017816,205.45224099177446,183.661885029
90,68,222.18189071148052,0.6883407413471083,0.8972954462276302,186.66165332633332,0.1640061825746826,222.18189071148052,186.66165332633332
90,63,240.1005644349109,3.070896908976842,0.8981723522198397,189.84998290516668,0.6556803634212549,240.1005644349109,189.84998290516668
90,55,271.50601218077895,,0.8962037673057118,197.67259282766668,0.19231007542330253,271.50601218077895,197.67259282766668
90,52,285.7234983865846,1.223969054924005,0.8999227545272377,201.14228193733334,0.19855036129337122,285.7234983865846,201.14228193733334
90,50,296.03408475969724,2.2505448684103357,0.898825775042673,204.1588077283333,0.5240033120387483,296.03408475969724,204.1588077283333
90,45,332.1870237423878,1.1632609975681807,0.8994781408793489,216.88688442266667,0.5307986584380244,332.1870237423878,216.88688442266667
90,44,334.0737170673005,1.5124036535578316,0.8992907717273905,217.58869711,1.0167638979540354,334.0737170673005,217.58869711
90,43,345.7649690404473,1.0953039883219267,0.9008066929879163,222.05265267599998,0.9241887219342528,345.7649690404473,222.05265267599998
90,39,374.9567264615493,1.3960132051822545,0.8968431582623587,236.8387612,1.1439717853289288,374.9567264615493,236.8387612
90,38,386.2657369687042,2.449277606801484,0.9017131964082035,242.486719967,1.2601407683010555,386.2657369687042,242.486719967
90,37,395.00250180981226,2.528315048605216,0.9008394611075846,248.96442342600002,1.8192780820719772,395.00250180981226,248.96442342600002
90,35,416.5098423549432,1.067116273738413,0.9010234003919639,265.67299923033335,0.3524822309244842,416.5098423549432,265.67299923033335
90,33,438.3991476237739,0.9845845927776667,0.9016453255428155,289.40805843233335,1.4630508994703082,438.3991476237739,289.40805843233335
90,31,459.30462222227834,0.6625118862818976,0.901556196935506,319.934816163,1.3235156503590644,459.30462222227834,319.934816163
90,17,472.9059471208513,0.4795111224019371,0.9029562072396851,342.1304971693333,0.7884031746618833,472.9059471208513,342.1304971693333
90,13,470.7514306272017,0.5782446705968616,0.8974875719819843,346.22868455033336,0.6678841686778049,470.7514306272017,346.22868455033336
90,10,470.2367874244196,0.4674880647055362,0.9021525954206352,344.4170133206667,0.8345682942515467,470.2367874244196,344.4170133206667
90,1,470.7497516852016,0.843054907997081,0.9007304503583464,340.52283737633337,1.6579112818807011,470.7497516852016,340.52283737633337
90,0,470.45376894437254,1.113121524976238,0.8985235662542449,339.9505657913333,3.126096441899709,470.45376894437254,339.9505657913333
91,100000,0.2665987756642327,0.02106775252154092,0.9121693413192761,171.0097298078333,0.2829432231162183,0.0,171.0097298078333
91,100000,0.2665987756642327,0.02106775252154092,0.9121693413192761,171.0097298078333,0.2829432231162183,0.2665987756642327,171.0097298078333
91,56233,0.43003521733330824,0.014137147792867408,0.9077841153403614,169.355603366,0.43870081137898875,0.43003521733330824,169.355603366
91,31622,0.7212830019232297,0.0160243880234039,0.9117504755509822,169.45539569233333,0.2625745325896437,0.7212830019232297,169.45539569233333
91,17782,1.1656829241292772,,0.9114091918015078,169.60773225466667,0.2650076908068117,1.1656829241292772,169.60773225466667
91,10000,2.075862443911471,0.013645724915375187,0.9092748042996153,169.552750264,0.059346724600537276,2.075862443911471,169.552750264
91,5623,3.0850741741754413,0.062896147635184,0.9125240802797824,169.71239589866664,0.13782341049460953,3.0850741741754413,169.71239589866664
91,3162,5.265555376902647,0.0745825118819615,0.9137512989672932,170.72335567833332,0.2572506543786686,5.265555376902647,170.72335567833332
91,1778,9.485425476884389,0.1756597848200641,0.9142670424343579,172.53470946833332,0.18962437268777166,9.485425476884389,172.53470946833332
91,1000,17.022868150907154,0.06897278090936186,0.9146306193024877,173.30090246266664,0.15130621937162228,17.022868150907154,173.30090246266664
91,562,29.577591439407403,0.5821014195112172,0.9131380096861133,174.00560855683332,0.19413911745185528,29.577591439407403,174.00560855683332
91,421,37.10630878630098,0.04782700353464987,0.9091196129530271,173.54304616733336,0.06101194737888011,37.10630878630098,173.54304616733336
91,236,64.35587499783149,0.025763432020949426,0.9116259508155459,173.20680594966666,0.1452182187386017,64.35587499783149,173.20680594966666
91,177,87.24966735617915,,0.9098519531890364,173.85620136900002,0.08375879094607123,87.24966735617915,173.85620136900002
91,133,116.46978025090486,0.7011022536784792,0.9095607115344784,175.45627418316667,0.1764161362346604,116.46978025090486,175.45627418316667
91,100,152.4958309504125,1.0832030422194319,0.9093264300124311,178.048503877,0.0986439093408821,152.4958309504125,178.048503877
91,86,176.40959879051206,0.7710105294877839,0.9083782537423689,180.13751728766667,0.11204195875811204,176.40959879051206,180.13751728766667
91,79,190.90145598007274,1.1645289802454974,0.910045547826796,181.6045474483333,0.33541410527067145,190.90145598007274,181.6045474483333
91,68,221.40759344463967,1.1451826541257806,0.9111794877471988,186.017532989,0.1554045753035554,221.40759344463967,186.017532989
91,63,234.33488422413933,,0.9146321319693447,188.11931860533332,0.11429689769751378,234.33488422413933,188.11931860533332
91,58,256.8932567262182,1.4024419908782029,0.9126821327259126,192.81893354133334,0.3325110710429894,256.8932567262182,192.81893354133334
91,55,268.29873912881936,0.8506447237498942,0.9096144285842304,195.778154151,0.27187496536316635,268.29873912881936,195.778154151
91,52,280.97097773880427,0.28400910080767455,0.9100735710885304,198.74620623066667,0.204388839034119,280.97097773880427,198.74620623066667
91,50,291.5909097922294,1.2182382226626014,0.9112190566658663,201.6827841045,0.569978132962215,291.5909097922294,201.6827841045
91,48,307.9217578808322,2.0723676536305797,0.9069451138048819,207.03597643866667,0.5202854802861154,307.9217578808322,207.03597643866667
91,47,313.40287706881895,2.803887220566064,0.9117618434729267,208.98774333966665,0.46206200369738154,313.40287706881895,208.98774333966665
91,45,327.25688367188434,3.468888984161531,0.9134309440498442,213.30727056266664,1.3451722620290691,327.25688367188434,213.30727056266664
91,44,333.8642090091179,1.2780731473883233,0.9135627264548849,215.21905117133335,0.6298471968316594,333.8642090091179,215.21905117133335
91,43,339.6024326485371,4.787350436665054,0.9098442942715826,217.90735428366668,2.10481143312891,339.6024326485371,217.90735428366668
91,41,355.53997244657813,4.1808241837766085,0.911168726669367,225.33575300966666,2.3117880041588297,355.53997244657813,225.33575300966666
91,39,372.80902545835124,0.37837525751089873,0.9140881804117006,231.69644330133335,0.7123832878771305,372.80902545835124,231.69644330133335
91,38,383.0353728852869,1.7082959262357194,0.9115985041828581,237.62470428533334,1.1368181992096589,383.0353728852869,237.62470428533334
91,37,392.03326680223336,2.4127792101680483,0.9102762494335089,242.97357051033336,1.396051171397785,392.03326680223336,242.97357051033336
91,35,411.285336915593,0.4604279549195756,0.9142125237589066,257.3725816163333,1.8258068057244767,411.285336915593,257.3725816163333
91,33,433.30310614285173,1.6769370034864217,0.9088050600347656,278.98024404,2.331886930726781,433.30310614285173,278.98024404
91,32,445.2411959738767,,0.9140933447605876,292.48998835,0.9567999890791599,445.2411959738767,292.48998835
91,31,455.47705380744446,0.13960564510551354,0.9132519644964224,308.8175364053333,0.9791376263350555,455.47705380744446,308.8175364053333
91,22,473.92441464006225,0.43423016523830416,0.9110371496058054,340.9723454666667,0.5257952702486409,473.92441464006225,340.9723454666667
91,13,471.91544986915875,0.2244540382005429,0.90999408693378,340.484664657,0.2287333156759747,471.91544986915875,340.484664657
91,3,470.2715795198773,0.8410742818085808,0.9113671659263174,337.479254512,1.2519059263440853,470.2715795198773,337.479254512
91,1,470.82209348521343,0.5544928479164702,0.908496262227178,335.76652279700005,1.3569027580600128,470.82209348521343,335.76652279700005
92,177827,0.14057412822989127,0.003397147129818581,0.9201443497545233,174.5093208965,0.6540557690274579,0.0,174.5093208965
92,177827,0.14057412822989127,0.003397147129818581,0.9201443497545233,174.5093208965,0.6540557690274579,0.14057412822989127,174.5093208965
92,100000,0.26903851517756383,0.024758625665630456,0.9207546012881901,171.71767285733335,0.12147360782216109,0.26903851517756383,171.71767285733335
92,10000,1.983444130085261,0.017361962520597584,0.9233037629876026,169.55039725966665,0.2519958683892379,1.983444130085261,169.55039725966665
92,316,48.173513963127725,0.064047417992697,0.9173455703828789,172.93802528966668,0.09472303825475871,48.173513963127725,172.93802528966668
92,236,63.26103038037274,0.1314584163512256,0.9233110964032716,173.07450707566667,0.08646218954300532,63.26103038037274,173.07450707566667
92,133,116.07398319036206,0.21158503957988273,0.9213343341110599,175.22516506333332,0.06282262233964182,116.07398319036206,175.22516506333332
92,115,132.77827877036907,0.5381731363799989,0.9161015580278027,176.09399083600002,0.11448069234684058,132.77827877036907,176.09399083600002
92,100,152.51802398445847,0.4713426479106218,0.9170941542286636,177.71554713066666,0.10294670507414977,152.51802398445847,177.71554713066666
92,86,175.1340802870076,0.6642869226468116,0.9205438609904061,179.465838273,0.18676384281659286,175.1340802870076,179.465838273
92,74,203.9944216892308,,0.9181777253317283,182.80354304699998,0.199019032524879,203.9944216892308,182.80354304699998
92,60,248.22200760372547,0.7060804377436432,0.9235716950368321,190.0070931613333,0.533072716384545,248.22200760372547,190.0070931613333
92,56,263.249970512115,0.867457094693685,0.9193080666762068,193.58716397599997,0.3246409007969458,263.249970512115,193.58716397599997
92,55,265.25976491584476,4.031230368879074,0.9208085658905784,193.9521528076667,1.0597302465285274,265.25976491584476,193.9521528076667
92,53,275.4031481738086,1.2150128381759187,0.9207794190587771,196.649989947,0.15221313041068452,275.4031481738086,196.649989947
92,52,282.77252725339105,1.2522499449974307,0.9195985141990839,198.66473912799998,0.3556867486895856,282.77252725339105,198.66473912799998
92,48,306.8156554826685,2.2576058984784653,0.9215487392450877,205.33064965366665,0.9292526944364717,306.8156554826685,205.33064965366665
92,47,313.1929373425111,0.6443375172055412,0.9203372940114112,207.2945924313333,0.2649520127253868,313.1929373425111,207.2945924313333
92,43,338.8110374203577,2.5881786162797136,0.9197985295025566,216.817270943,1.0498133736638815,338.8110374203577,216.817270943
92,41,355.0316465511357,1.4564339578447028,0.9212387284494278,222.5113074776667,0.5953554640084462,355.0316465511357,222.5113074776667
92,39,371.5801445997943,0.5686601975196792,0.9165079062068813,230.31871335300002,0.7093008944514931,371.5801445997943,230.31871335300002
92,38,380.65500023949886,2.0814379179133278,0.920163834466574,235.00932539,1.2717411824524052,380.65500023949886,235.00932539
92,37,389.7151846691913,,0.9236048884828502,240.09932741033333,0.7444805574003464,389.7151846691913,240.09932741033333
92,35,411.251699345795,3.6819162678406037,0.9217335476910455,252.47360055033334,2.430984615485325,411.251699345795,252.47360055033334
92,32,444.18617580894437,3.2143169231111144,0.9187502508622951,282.42850394500005,1.4500529454205549,444.18617580894437,282.42850394500005
92,22,474.3192552379676,0.1655663542080843,0.9239167377714991,333.6577651526666,0.7614801726796674,474.3192552379676,333.6577651526666
92,17,472.9722809000728,0.5554790348602617,0.9185790183047031,336.69229601,0.4617642916359805,472.9722809000728,336.69229601
92,13,472.2074728397721,0.5695322822904154,0.9206921068503393,331.0502308982222,3.816962977679559,472.2074728397721,331.0502308982222
92,10,470.9487673213099,0.6255266879001211,0.9191818875873876,336.3775194756667,1.1222654993860028,470.9487673213099,336.3775194756667
92,0,470.54278594847,1.3107044794712583,0.91919069387283,328.43119822066666,3.8278564082179796,470.54278594847,328.43119822066666
93,100000,0.23946489317815253,0.0021111519500654203,0.9278294207416579,171.5573416358889,0.576768589801016,0.0,171.5573416358889
93,100000,0.23946489317815253,0.0021111519500654203,0.9278294207416579,171.5573416358889,0.576768589801016,0.23946489317815253,171.5573416358889
93,56233,0.41674471217843934,0.005712406332733491,0.9294911677568948,170.01505157516667,0.2755136773412889,0.41674471217843934,170.01505157516667
93,31622,0.6904655433977904,0.015340686687785465,0.930043412535749,169.68743093866667,0.1336824783243686,0.6904655433977904,169.68743093866667
93,17782,1.1443361918726958,0.016836870173871428,0.9289745438529061,169.875766044,0.3937499246498823,1.1443361918726958,169.875766044
93,3162,5.172244123443812,0.02859629022531309,0.9331416710254228,170.68097945933334,0.17074342485401645,5.172244123443812,170.68097945933334
93,1778,9.172569113605483,0.07584356624961333,0.9340864117461857,171.96213176966668,0.3101636943690144,9.172569113605483,171.96213176966668
93,1000,16.578460613630593,0.010403844431203329,0.9344270231279245,172.89863093466667,0.15874743299815164,16.578460613630593,172.89863093466667
93,749,22.213755370528773,0.09266826932017734,0.9343600311208998,173.55235128200002,0.20179451917291866,22.213755370528773,173.55235128200002
93,562,29.235506712596877,0.10596868998871772,0.934760868925267,173.814853578,0.12638521670308075,29.235506712596877,173.814853578
93,421,37.4496528905491,0.9248976475863676,0.9316950042216883,173.62117270166667,0.09844630094399227,37.4496528905491,173.62117270166667
93,316,48.62371344592149,1.3233551472319793,0.9322950003573819,172.9772902233333,0.144980465476932,48.62371344592149,172.9772902233333
93,177,86.00822978913612,0.2750187665250405,0.9262718625871488,173.71569302933335,0.027000291564324427,86.00822978913612,173.71569302933335
93,115,132.56427703043224,0.9183704355604657,0.927761023371774,175.97827043666666,0.1648936637425578,132.56427703043224,175.97827043666666
93,100,150.79964583240417,0.3843389216409775,0.9265927480049552,177.42503098999998,0.11137968163182085,150.79964583240417,177.42503098999998
93,86,175.62129577202813,1.3623098314980753,0.92866768997715,179.37935089099997,0.14616879343675734,175.62129577202813,179.37935089099997
93,74,201.00860755389002,1.6155201602981901,0.9297084451094252,182.05578820716667,0.21607008168047812,201.00860755389002,182.05578820716667
93,63,236.57761877562834,0.8634392044124644,0.9278083876261721,187.90576330566668,0.20824842435165042,236.57761877562834,187.90576330566668
93,58,255.66222825234755,,0.927547308839423,191.61076963533333,0.4920355893031977,255.66222825234755,191.61076963533333
93,55,262.9849630747039,2.7936154111571834,0.9267771048266032,193.17736243466666,0.42136155876836473,262.9849630747039,193.17736243466666
93,50,289.3981824694626,4.191851028054505,0.9282513388951305,199.24994834266667,1.4966880760919397,289.3981824694626,199.24994834266667
93,47,309.49972662486374,1.1628692519527495,0.9316473545016867,205.08262064233335,0.6629738234631919,309.49972662486374,205.08262064233335
93,43,338.7869553492771,1.3436982085761138,0.9340091924014015,214.24989658100003,0.7761529792080701,338.7869553492771,214.24989658100003
93,41,354.69637892945815,0.5282583950214721,0.9328733361412027,220.00424398500002,0.3542505416579657,354.69637892945815,220.00424398500002
93,39,370.8129865201582,4.314952320261237,0.9292489121915904,227.96024174033332,1.657515420936345,370.8129865201582,227.96024174033332
93,38,379.1760412475522,1.311089373880525,0.930684141369718,231.32563370666665,0.937483974570351,379.1760412475522,231.32563370666665
93,37,390.9342075813111,0.5140510808555336,0.9281976636569998,236.892428544,2.006666160381526,390.9342075813111,236.892428544
93,35,406.78224104903853,3.490025953792069,0.9277410587255623,248.8776202713333,2.324466672444881,406.78224104903853,248.8776202713333
93,33,433.5281024228723,,0.9255375774604054,271.948978029,1.5501099246428685,433.5281024228723,271.948978029
93,32,440.7932356476028,1.5632884117519599,0.93092261178259,278.40878096566666,0.9089697831627488,440.7932356476028,278.40878096566666
93,31,451.6177940945256,2.030088555510997,0.9284077502400909,294.32584086266667,3.4415725208978176,451.6177940945256,294.32584086266667
93,26,471.7278523137457,0.6580838051307141,0.9328284706757186,325.86224924166663,1.2800274476638063,471.7278523137457,325.86224924166663
93,24,473.2358814371786,0.27611434073668145,0.9346068997110573,326.92081313299997,0.35741067134240395,473.2358814371786,326.92081313299997
93,23,473.43838871581755,0.02583477422023389,0.9347690594746232,327.052544384,0.45846920873170816,473.43838871581755,327.052544384
93,22,473.54706446132565,0.2565707340491483,0.9337212317740883,327.9789321696667,0.798251377802287,473.54706446132565,327.9789321696667
93,17,473.0574310603803,0.4956104464933752,0.9278812026198858,329.87412977416665,1.5180402579670313,473.0574310603803,329.87412977416665
93,14,471.88210845169806,0.3932167509866447,0.931581374084566,324.88051725266666,0.10319918710686186,471.88210845169806,324.88051725266666
93,10,470.944534514672,0.9403175103458217,0.931614743709581,329.785741875,2.43738360090628,470.944534514672,329.785741875
93,7,471.8046013745735,0.4438944404340563,0.93091143601904,327.60658764983333,3.2146673180144454,471.8046013745735,327.60658764983333
93,3,469.5423335519409,0.48071581484320214,0.927452898116985,330.10618803666665,0.6167762668615252,469.5423335519409,330.10618803666665
93,1,470.18960849032254,0.5623248503525822,0.9305883000096598,325.9470517155,2.9817031514472356,470.18960849032254,325.9470517155
94,100000,0.23741337510348023,0.001415063065454769,0.942849601166231,171.96474719699998,0.24709306511423054,0.0,171.96474719699998
94,100000,0.23741337510348023,0.001415063065454769,0.942849601166231,171.96474719699998,0.24709306511423054,0.23741337510348023,171.96474719699998
94,31622,0.6794074817376663,0.00240368972068138,0.9403210449773847,169.63349370333333,0.08347889522768201,0.6794074817376663,169.63349370333333
94,10000,1.9463627952001223,0.021730750560770593,0.9391392526134087,169.33725943166667,0.26540001428824245,1.9463627952001223,169.33725943166667
94,316,49.37712360386246,1.5462266954863866,0.9352115583044324,172.91514049016666,0.08540098954977347,49.37712360386246,172.91514049016666
94,273,55.115399715922365,0.19413588117377453,0.9414261673937596,172.71978180199997,0.03276151927294088,55.115399715922365,172.71978180199997
94,177,85.87653093088535,0.09852311411067462,0.9420735098207748,173.44761262966668,0.12706119023388743,85.87653093088535,173.44761262966668
94,133,115.24113612071274,0.2611596942629699,0.9441321486041545,174.64795954833335,0.08222284121015173,115.24113612071274,174.64795954833335
94,100,152.28184710500634,0.27567846065081736,0.9392215342689383,177.29057093133335,0.0634438665718716,152.28184710500634,177.29057093133335
94,86,176.4758412309153,0.6728338801251592,0.9414583243196321,179.25430555533333,0.11805922206447964,176.4758412309153,179.25430555533333
94,74,199.58097801275193,1.4092224084030656,0.9392016880057974,181.48248931266667,0.11803192336561664,199.58097801275193,181.48248931266667
94,68,216.4981077726443,1.5710575220676681,0.9420507743585036,184.11583219733333,0.2103840571740954,216.4981077726443,184.11583219733333
94,63,230.8377559258985,0.9962614674574748,0.9367754075774171,186.61235164833332,0.36070960470305063,230.8377559258985,186.61235164833332
94,60,243.20652854104097,1.9610997164581525,0.9424886504101443,188.32526639733337,0.45640908120445767,243.20652854104097,188.32526639733337
94,58,253.9367702423343,1.8979531945518537,0.9406565297082398,190.20633668583332,0.282825960782325,253.9367702423343,190.20633668583332
94,56,257.4898425816425,1.045421574482484,0.9431079232131752,190.8103265643333,0.057897649856298854,257.4898425816425,190.8103265643333
94,55,263.00477661376937,0.8545590347329178,0.9380209233260453,192.59253556033332,0.3852652756968933,263.00477661376937,192.59253556033332
94,53,271.19964003192075,1.4507443760634011,0.940315706003512,193.783113568,0.4798695371574717,271.19964003192075,193.783113568
94,52,278.80258736941033,2.092879195606991,0.9384024332559372,195.9256871621111,0.6437848909735908,278.80258736941033,195.9256871621111
94,50,289.01311848663755,0.6780862701235497,0.9420185183835373,197.94096193833332,0.326364385334534,289.01311848663755,197.94096193833332
94,47,307.9920725587889,3.34324326583415,0.942323356454736,202.73495571366666,0.22768909157844736,307.9920725587889,202.73495571366666
94,44,329.1605901174999,2.5304201115097418,0.9427776256642401,209.38752535533334,0.8921905598915045,329.1605901174999,209.38752535533334
94,43,337.0151284644494,1.2344361846851748,0.9432895491442552,212.03383037466665,0.4127508764470539,337.0151284644494,212.03383037466665
94,41,350.6854096266391,3.035198773091691,0.9389865148725846,217.949879634,1.0155937250667477,350.6854096266391,217.949879634
94,39,368.3259910294856,2.2190466226709358,0.9433107675445069,224.367853022,0.533102594513419,368.3259910294856,224.367853022
94,38,376.1896444311166,1.4773847884942695,0.9434990205595062,227.59418282833335,0.8793742054726231,376.1896444311166,227.59418282833335
94,37,387.3664425301262,2.3507931165984406,0.9411310856548536,233.58182081966666,0.6572641843678576,387.3664425301262,233.58182081966666
94,33,429.6498140253778,3.599664052423541,0.9394587081782811,266.51276572783337,2.5469116461187378,429.6498140253778,266.51276572783337
94,32,439.9332998666624,0.8642075608784816,0.940028116778738,275.18435375966664,0.5799775064422865,439.9332998666624,275.18435375966664
94,31,445.1156539392107,0.9662219306055649,0.9423124365386865,284.1909790546667,2.7120386061161383,445.1156539392107,284.1909790546667
94,29,461.66120308494607,3.2491536015567446,0.9403364474051971,307.8800391391667,5.952259786932158,461.66120308494607,307.8800391391667
94,28,468.2654538068734,1.3586743763762021,0.9392337381815761,318.5451392676667,0.8009420123683659,468.2654538068734,318.5451392676667
94,26,470.7464655728038,0.6083906211578554,0.9446185017645066,317.65255250466663,0.4370472090823491,470.7464655728038,317.65255250466663
94,24,472.28883327702897,0.782314046797088,0.9421021356192798,319.049380848,1.0087747392499293,472.28883327702897,319.049380848
94,23,473.0807583677292,1.0392310922394472,0.9443196664888743,320.2290616136667,0.7827827559414274,473.0807583677292,320.2290616136667
94,22,473.5770683461972,0.4476553918881709,0.9433674658602674,321.15343014,0.173047940049868,473.5770683461972,321.15343014
94,19,473.0726594638218,0.18592649324352617,0.9406805512095683,322.932695491,0.3339082754955771,473.0726594638218,322.932695491
94,17,472.4351272051507,1.1078449447945862,0.9414133742590143,323.1337960613333,0.15757791958501505,472.4351272051507,323.1337960613333
94,14,472.2495122802766,0.5656426986911604,0.9413016674900694,320.369338821,0.6248531874787074,472.2495122802766,320.369338821
94,13,471.3933092706854,0.2824344079980061,0.9407628617955339,323.2820510661667,2.2644057445130046,471.3933092706854,323.2820510661667
94,11,472.04860231525817,0.5772246324205791,0.9424673576532966,321.01686285433334,0.8662129283300601,472.04860231525817,321.01686285433334
94,10,472.0338985814116,0.2800471600064683,0.9390052373922009,323.41770497683336,2.2782943285770982,472.0338985814116,323.41770497683336
94,7,471.54040713365043,0.44093679318198076,0.9395945962583814,322.23447292066663,0.41718813744088096,471.54040713365043,322.23447292066663
94,5,471.22764419930553,0.8189919502420834,0.9406515819559208,322.765127566,2.975265611374005,471.22764419930553,322.765127566
94,3,471.6084855962502,1.0789218094382973,0.9381162640440621,321.3420220223333,0.44553369077564386,471.6084855962502,321.3420220223333
94,1,469.208134048008,0.6349484675308907,0.9423578871461735,318.3799374023333,0.7979098118210014,469.208134048008,318.3799374023333
94,0,469.7633660873259,0.41293904083610017,0.9380612939923948,320.134795953,0.4453142640720994,469.7633660873259,320.134795953
95,100000,0.2396568415803814,0.007421737885833518,0.950671534464686,171.92705692783332,0.20941027952667768,0.0,171.92705692783332
95,100000,0.2396568415803814,0.007421737885833518,0.950671534464686,171.92705692783332,0.20941027952667768,0.2396568415803814,171.92705692783332
95,56233,0.40546299506305283,0.0047789163825420426,0.9505715005965696,170.32351349533334,0.03672082839155611,0.40546299506305283,170.32351349533334
95,10000,1.9307234891979443,0.016383730263993986,0.9537382080250586,169.33595685600002,0.13770679648791204,1.9307234891979443,169.33595685600002
95,5623,2.9483310563113285,0.09833701929169288,0.9514626321303837,169.42483417333335,0.07744079858896982,2.9483310563113285,169.42483417333335
95,3162,4.989443298221553,0.08080558083092913,0.953400435003242,170.30337697366667,0.1571170057100721,4.989443298221553,170.30337697366667
95,1778,8.953744814891559,0.1068717159788128,0.954244778527971,171.927506626,0.47950889158172844,8.953744814891559,171.927506626
95,1000,16.05074976291041,,0.9548650624180794,173.21623586366664,0.23417519498543524,16.05074976291041,173.21623586366664
95,273,56.84464042828506,0.012489254465665603,0.9459708514050824,172.853607578,0.11085173143435295,56.84464042828506,172.853607578
95,236,63.33851519953807,0.12127103821532331,0.9495466951803829,172.90609375833333,0.07730232170054796,63.33851519953807,172.90609375833333
95,86,171.49205760301757,0.8929669279511854,0.9515617817387341,178.42091249600003,0.17365097802097812,171.49205760301757,178.42091249600003
95,74,198.57539913204369,0.18744017029411894,0.9532796482876514,181.1939573376667,0.21307114397191776,198.57539913204369,181.1939573376667
95,68,214.94498521531457,0.6956216449583295,0.9523609938100025,183.213103379,0.16328082101761654,214.94498521531457,183.213103379
95,63,237.75409912600048,1.6636504331507014,0.9486847749810633,186.66308097633336,0.33901167982215347,237.75409912600048,186.66308097633336
95,55,260.86776613479645,1.654447260233022,0.9514340719287432,190.7617657766667,0.549884062296075,260.86776613479645,190.7617657766667
95,53,263.6655614706199,,0.9542785118601236,192.44781716966668,0.7766304648971468,263.6655614706199,192.44781716966668
95,48,301.09754181770774,1.5330503690628632,0.9540172594157049,200.44096257133333,0.7928726021796241,301.09754181770774,200.44096257133333
95,47,309.8364595016818,3.574361493710596,0.9507380859698831,204.40313490466667,0.26014717347986493,309.8364595016818,204.40313490466667
95,43,338.0095021688781,0.24829984066116567,0.9455359817870399,211.74726755466668,0.7625005114715998,338.0095021688781,211.74726755466668
95,41,350.1242395065731,1.447831775415731,0.9454031929459975,216.486170645,0.752205397851504,350.1242395065731,216.486170645
95,39,367.55564261166967,0.23288920336954322,0.9475308002357602,224.16163131533335,0.8214982240576619,367.55564261166967,224.16163131533335
95,38,377.0832037463803,4.083208900723748,0.9487912873095742,227.23808994333334,2.117224673990407,377.0832037463803,227.23808994333334
95,37,384.97750690052806,,0.9457890656684765,233.53901800766667,2.1456012202534422,384.97750690052806,233.53901800766667
95,35,407.6078709444799,2.0203960119210316,0.9476965041523336,245.61352384416668,1.611087868241906,407.6078709444799,245.61352384416668
95,33,427.1853940631202,4.393749443922509,0.9464717753876832,259.7034757213333,0.9544395400576813,427.1853940631202,259.7034757213333
95,32,437.52687275600186,1.5447600968020907,0.949229745353629,269.94871395399997,1.664130957751464,437.52687275600186,269.94871395399997
95,31,446.6492474542192,2.211620232694947,0.9472662144352829,282.6572452396667,0.5810799164185313,446.6492474542192,282.6572452396667
95,29,460.50211804614673,1.4962392245239227,0.9496765415757888,298.83872323500003,1.498809945162548,460.50211804614673,298.83872323500003
95,28,464.6080964668997,3.8656693723412174,0.9477858888782146,308.3981578885,3.8322659834424293,464.6080964668997,308.3981578885
95,26,469.61929713256404,1.5603409864803803,0.9479606922450774,311.189532213,0.6308889050445764,469.61929713256404,311.189532213
95,24,470.1655829891633,0.7490049900841692,0.9490280229776777,313.71527086366666,2.1167412023004517,470.1655829891633,313.71527086366666
95,23,471.6184383219329,1.4441296820034288,0.9479919854791706,315.434044153,0.5418550844114588,471.6184383219329,315.434044153
95,22,472.05915533653933,0.17507949935544637,0.94669301778691,317.8030467206667,1.032865996434243,472.05915533653933,317.8030467206667
95,17,472.985346280553,1.4652795932177771,0.9475661761625573,319.64033454733334,0.9613833539624292,472.985346280553,319.64033454733334
95,10,471.8255801277067,0.6918004285875485,0.9506477209973587,317.453800334,1.9038078153317124,471.8255801277067,317.453800334
95,7,471.3298511987352,0.7903907956934054,0.9499885738575233,317.7365640273333,2.490760473558344,471.3298511987352,317.7365640273333
95,5,471.3105681125466,0.8324620816942672,0.9495400709719258,317.3943205406667,0.351636441622741,471.3105681125466,317.3943205406667
95,3,470.8798701417417,0.923659956306415,0.9491876553291606,316.7713053521667,1.4247351940203774,470.8798701417417,316.7713053521667
95,1,470.14431508047477,0.6121605990046173,0.9506469386621235,314.0075857501667,1.334170433567871,470.14431508047477,314.0075857501667
95,0,470.51101604383945,1.2407914283435277,0.9505626467848692,312.85411444383334,2.819797754929124,470.51101604383945,312.85411444383334
96,31622,0.6738008884078354,0.018687212870488825,0.9609350850447578,169.73788488133334,0.2451458241915923,0.0,169.73788488133334
96,31622,0.6738008884078354,0.018687212870488825,0.9609350850447578,169.73788488133334,0.2451458241915923,0.6738008884078354,169.73788488133334
96,749,21.449289139785424,0.09417424122082355,0.9552408485395237,173.504262195,0.2761863425340974,21.449289139785424,173.504262195
96,562,28.454180800123126,0.0762915772627184,0.9555223255881989,173.434711622,0.16058370542863654,28.454180800123126,173.434711622
96,421,37.38986337263079,0.11609647249116771,0.9556961880628577,173.64841406433334,0.1450396130591573,37.38986337263079,173.64841406433334
96,316,49.27870013630888,0.2125954172973361,0.9556818071213758,172.82738963133332,0.0670490861832017,49.27870013630888,172.82738963133332
96,236,63.454720408317,1.5316793439731393,0.9575230246298828,172.83652420777779,0.1183870920147397,63.454720408317,172.83652420777779
96,204,71.48169753379202,0.017020274382961463,0.9625885343048816,172.81231226500003,0.02814291740588383,71.48169753379202,172.81231226500003
96,177,85.86529727543865,0.19027636824145006,0.9607955809800514,173.30553672966667,0.09067950924757635,85.86529727543865,173.30553672966667
96,133,114.1348871186459,0.9669365279568272,0.960831936853776,174.30721234683332,0.10762097537059973,114.1348871186459,174.30721234683332
96,115,130.1386426242523,0.8628203307967949,0.9575500874184488,175.24809133899998,0.1444604967655049,130.1386426242523,175.24809133899998
96,100,147.83402842364887,1.6404264629252057,0.9608439655285642,176.41589289533331,0.11345248619689602,147.83402842364887,176.41589289533331
96,86,169.50056153400703,0.7818017576778542,0.9619409206963487,177.9667272256667,0.06255666785521094,169.50056153400703,177.9667272256667
96,63,231.22836376545553,0.8526632451109691,0.9577537560854893,185.29093019466666,0.29273315472917005,231.22836376545553,185.29093019466666
96,58,252.2529238477587,,0.9553681728387501,188.92730244166668,0.09142689482051185,252.2529238477587,188.92730244166668
96,56,258.2282047637693,1.5785735029026517,0.9637164662498114,189.92328424899998,0.3021152113321242,258.2282047637693,189.92328424899998
96,52,278.95497553263084,1.935057127416387,0.9600183738426153,194.121895472,0.3693208220146627,278.95497553263084,194.121895472
96,50,287.01818874890176,3.41405463447813,0.9570385471710433,196.39231767233332,0.9647759050541087,287.01818874890176,196.39231767233332
96,47,309.62120316731773,,0.9563754738619523,201.909185865,0.6371547289469174,309.62120316731773,201.909185865
96,43,334.24447856300253,1.2063965083878287,0.9564987686045144,209.45562792633334,0.2874136583849934,334.24447856300253,209.45562792633334
96,41,347.1049716186306,2.8599395280645457,0.9583289062247825,213.90344613233333,1.0739474049594044,347.1049716186306,213.90344613233333
96,39,366.96216547191074,2.4131007185990136,0.9621365481365359,220.285102345,0.5111735729708996,366.96216547191074,220.285102345
96,38,380.0926611627756,0.7570245112706596,0.9577578333769678,227.85554297766666,0.3922190215711896,380.0926611627756,227.85554297766666
96,37,383.9564505069264,1.6255744758235688,0.9594560986143722,229.67345911333334,0.40768554526326234,383.9564505069264,229.67345911333334
96,35,406.4406947577379,1.3920436997840597,0.9608526977047444,240.81196219066666,1.126939601724629,406.4406947577379,240.81196219066666
96,33,426.0949063527467,1.4922434470817134,0.9581828174084599,257.808862035,1.6030708255241288,426.0949063527467,257.808862035
96,32,434.2191736754219,2.1209199254320805,0.9583375539896312,269.10440778699996,2.895957498924123,434.2191736754219,269.10440778699996
96,31,443.9114097944091,3.40613290484106,0.9586907428520033,276.268924725,1.0705396985800864,443.9114097944091,276.268924725
96,29,454.83957987051826,1.5333668186228313,0.9587203794531924,290.66588357766665,1.1957910799965943,454.83957987051826,290.66588357766665
96,28,462.49738494524644,1.1667911804060085,0.9597494348661996,297.922750661,0.9804643938954767,462.49738494524644,297.922750661
96,26,466.56880663931946,0.5168439217885396,0.9596957082598624,303.8295131513333,1.385661433843957,466.56880663931946,303.8295131513333
96,24,468.40420632320803,0.8267858760648932,0.9586497058007165,307.30051130199996,0.8554035262059823,468.40420632320803,307.30051130199996
96,23,470.2713806133781,0.9550572622984492,0.9591327182146294,309.96431744533334,0.07014830559950028,470.2713806133781,309.96431744533334
96,22,470.6558530738134,0.3799084933581302,0.9591273212594182,310.63760893266664,0.32743753861462777,470.6558530738134,310.63760893266664
96,17,472.7009995463739,0.8800792669056562,0.9570550454652439,313.92646595466664,0.3941545872575183,472.7009995463739,313.92646595466664
96,13,473.98093930600317,0.8255814482017757,0.9562906425217016,314.887614107,0.5116070954628693,473.98093930600317,314.887614107
96,5,472.21141161288665,0.20249799105066354,0.956896246807792,313.677664307,0.5414936187805384,472.21141161288665,313.677664307
96,3,470.6111400695177,0.7156977744984737,0.957224542400586,313.6438935446667,0.2837647209677083,470.6111400695177,313.6438935446667
96,1,473.02172572521096,0.9414568857124626,0.9600703903857084,309.0900076963333,0.4175750029018676,473.02172572521096,309.0900076963333
97,10000,1.8732922443991094,0.028200182364789578,0.9719602418032608,169.080299643,0.13958253415164765,0.0,169.080299643
97,10000,1.8732922443991094,0.028200182364789578,0.9719602418032608,169.080299643,0.13958253415164765,1.8732922443991094,169.080299643
97,5623,2.77494166470497,0.05249160618709343,0.9729764572847834,169.007993892,0.1058462350062356,2.77494166470497,169.007993892
97,3162,4.938684455143353,0.06655201600239265,0.974558598106057,170.01965696166667,0.3074934600960412,4.938684455143353,170.01965696166667
97,236,63.691068972494115,0.09552778604587865,0.9692806112203375,172.80797936866668,0.018309649187444637,63.691068972494115,172.80797936866668
97,204,72.68695483867181,0.0698740849738814,0.9671846882528401,173.10243451033332,0.044803828620864156,72.68695483867181,173.10243451033332
97,177,84.39829128082518,0.056081570008959074,0.969780652554676,172.978214968,0.08418871828744898,84.39829128082518,172.978214968
97,133,112.77933595595944,0.3866354388211176,0.972990966238869,174.226220338,0.292556287581595,112.77933595595944,174.226220338
97,100,149.01969601299965,0.4811757886418658,0.9739390599115154,176.156782687,0.09890996429337522,149.01969601299965,176.156782687
97,74,196.3989181437453,1.4978057510435174,0.9686009954527514,180.27956039366666,0.2837722386985108,196.3989181437453,180.27956039366666
97,68,213.43119819847752,0.8531956130079482,0.9741751143254187,181.83424032566668,0.19189009687092912,213.43119819847752,181.83424032566668
97,63,231.36323799854364,0.8619872754857748,0.9660886987811822,185.09423590100002,0.37526203231113897,231.36323799854364,185.09423590100002
97,60,240.81789568389735,0.729718118372752,0.9660774504636112,186.526035829,0.09474250122745788,240.81789568389735,186.526035829
97,58,250.3729649992062,0.5261719264265817,0.9746011901381186,187.09865472133333,0.15676958134478772,250.3729649992062,187.09865472133333
97,55,261.2882407738764,1.9541378519734578,0.9665548752083248,190.32737951833334,0.30684440683497155,261.2882407738764,190.32737951833334
97,53,268.2585492257672,1.8508827091242868,0.9657304689627608,191.366313989,0.8068234886100786,268.2585492257672,191.366313989
97,52,272.72524834315976,3.4287568522048506,0.9659272326487173,192.73325577266667,0.5943238214687309,272.72524834315976,192.73325577266667
97,50,285.58657773841384,1.503469112565351,0.9692371106985539,194.75893986100002,0.38089296117411897,285.58657773841384,194.75893986100002
97,48,298.03295957448285,1.5611449554237835,0.9691737141770892,197.124274625,0.32993266371595925,298.03295957448285,197.124274625
97,47,310.22110725839406,1.6012293801335684,0.966764515208503,200.81874762200002,0.7923900583538876,310.22110725839406,200.81874762200002
97,45,318.81934240079835,0.8065856562708263,0.9735182399219068,201.68206812366668,0.025738007508656343,318.81934240079835,201.68206812366668
97,44,326.2017183411674,2.4186001194304225,0.9667697517085778,205.84910130166668,1.6505910050570372,326.2017183411674,205.84910130166668
97,43,332.24222957335445,1.3059953942482039,0.9681065039478405,207.24406073133332,0.26524532680015267,332.24222957335445,207.24406073133332
97,41,346.6365151519754,1.4595018792632515,0.9678805327789278,211.8227955363333,1.1478280944268098,346.6365151519754,211.8227955363333
97,39,364.6621126971113,2.882033823474513,0.9690765530903315,219.17172960366668,1.706281454944466,364.6621126971113,219.17172960366668
97,38,376.4602465543091,2.600366788124559,0.9698811485729916,223.29607235133335,0.940610356505733,376.4602465543091,223.29607235133335
97,37,385.8180059651734,3.1130702947178723,0.9694507940889584,227.927236287,2.2822366414186295,385.8180059651734,227.927236287
97,35,406.28986816282617,3.8994203137705292,0.9708918900956363,239.628410225,2.006968816359422,406.28986816282617,239.628410225
97,33,425.5431806787639,1.0944300918697547,0.9735985124788114,252.2483209866667,0.3332764951875504,425.5431806787639,252.2483209866667
97,32,435.4551499290964,3.5425310879529093,0.9692960907671835,263.36585307166666,2.848118429452856,435.4551499290964,263.36585307166666
97,31,436.06587318499624,2.2103990624727423,0.9678445785810439,272.9922615663333,2.1297357631458995,436.06587318499624,272.9922615663333
97,22,470.15520934702425,1.3401404423116672,0.9696142704865708,303.74508133066666,0.48100311221832737,470.15520934702425,303.74508133066666
97,20,470.1638259257839,0.5254085544700879,0.9745711440482893,301.1494035046667,1.1990048957412387,470.1638259257839,301.1494035046667
97,17,474.01789920893145,1.0268335346494946,0.9694983530384398,307.39308924283336,2.6278812859969474,474.01789920893145,307.39308924283336
97,13,474.6553359311949,0.6164473759869273,0.9711672006498354,306.4791589138334,0.9855084794685975,474.6553359311949,306.4791589138334
97,10,472.8129798790895,1.1747561843044754,0.9705200090401614,307.837210887,3.008087355643159,472.8129798790895,307.837210887
97,3,472.3233219493348,1.8799873659473272,0.9734981358219041,304.63260275933334,1.112706632505337,472.3233219493348,304.63260275933334
97,1,472.7102759007942,,0.9747020608947469,301.43370858233334,1.9289278790823694,472.7102759007942,301.43370858233334
97,0,475.3886689829989,0.9258146829483975,0.970218686713457,305.04390245183333,2.713646198677154,475.3886689829989,305.04390245183333
98,1778,8.54073814868003,0.09369208931716236,0.9757542663802945,171.328066176,0.06430172505442229,0.0,171.328066176
98,1778,8.54073814868003,0.09369208931716236,0.9757542663802945,171.328066176,0.06430172505442229,8.54073814868003,171.328066176
98,1000,15.575207572015712,0.0785459229953382,0.9765575428717996,172.53993027233332,0.2923637574573745,15.575207572015712,172.53993027233332
98,749,20.810723793041475,0.07075836200380821,0.9769532139419806,173.12804865633333,0.23702987469938724,20.810723793041475,173.12804865633333
98,562,27.448239058893957,0.0497445054971931,0.9770368753392829,173.41964051066668,0.08949230903071145,27.448239058893957,173.41964051066668
98,421,36.188804788447406,0.09033610955954718,0.9772104230938674,173.32395955533335,0.04838952382163335,36.188804788447406,173.32395955533335
98,316,47.86398742677565,0.0879440340920254,0.9774068299876536,172.56932762833333,0.03956104751537762,47.86398742677565,172.56932762833333
98,273,55.69796541165803,0.17986259425878165,0.9772641848410025,172.582319943,0.022123001491926725,55.69796541165803,172.582319943
98,236,64.48941740261972,0.08787428658266358,0.9774174143781004,172.68689338566665,0.0964868876480547,64.48941740261972,172.68689338566665
98,204,73.86827193052794,0.07709187867718822,0.9775255535774591,172.84020913766668,0.09416193239574848,73.86827193052794,172.84020913766668
98,177,86.81938154012242,1.3929832356972152,0.9795013418989953,172.9903005037778,0.15345253614292992,86.81938154012242,172.9903005037778
98,133,115.18750991900625,2.753267250237107,0.980238600456846,173.94102641266667,0.19756194825366205,115.18750991900625,173.94102641266667
98,115,130.98769694101352,2.744184295441957,0.980484785003297,174.81947174083334,0.23522986113841385,130.98769694101352,174.81947174083334
98,107,141.824562349517,0.2098709586493673,0.977701509513515,175.6516862343333,0.11994593993881979,141.824562349517,175.6516862343333
98,100,149.35700356878561,2.989343975334682,0.9804203798124244,176.11627044266666,0.2606632918273725,149.35700356878561,176.11627044266666
98,86,172.4114533604975,0.20873641919809563,0.9759648567300822,177.6613016493333,0.10262547628140159,172.4114533604975,177.6613016493333
98,74,195.70620357219275,1.2493953648738136,0.976084690704163,179.96667289266668,0.19681096045701132,195.70620357219275,179.96667289266668
98,68,211.2295765939592,1.6968634483431666,0.9787007858948636,181.59703097233333,0.10668177880582666,211.2295765939592,181.59703097233333
98,63,230.5611730365716,1.2477911960932735,0.9786885234483653,184.40521794266667,0.14403635892634106,230.5611730365716,184.40521794266667
98,58,248.15598563403796,0.5018576762429059,0.9789823197044811,186.75172061700002,0.11942946232371045,248.15598563403796,186.75172061700002
98,55,255.7728545803431,2.2539549403756283,0.980389274564467,188.28022666066667,0.4280948172224165,255.7728545803431,188.28022666066667
98,52,271.32505123448294,0.8492301374727769,0.9787511502722084,190.887513826,0.15538476553672373,271.32505123448294,190.887513826
98,50,283.19228503116574,2.530523870774959,0.9804799105958131,193.543193941,0.30046504307102495,283.19228503116574,193.543193941
98,47,301.77920869662967,0.6510950886163112,0.9781727563636711,197.14983074900002,0.16811281175870912,301.77920869662967,197.14983074900002
98,44,324.8116727035872,,0.9849220938423834,200.62260972133333,0.7594592266299932,324.8116727035872,200.62260972133333
98,43,328.9260638586984,2.3229471760848206,0.9787923786648091,203.98138285566665,0.874072991478302,328.9260638586984,203.98138285566665
98,41,345.6201893468267,2.599641002690506,0.9838502985548736,207.82611784933331,0.9730632231715635,345.6201893468267,207.82611784933331
98,39,363.8039997615874,2.4264297635988425,0.9797615579610944,215.67297937266667,0.7376445092885161,363.8039997615874,215.67297937266667
98,38,370.887448804843,4.511023406331207,0.978865494202091,218.03597914499997,1.5798371395432353,370.887448804843,218.03597914499997
98,37,384.03245168992436,1.8689285100117865,0.9832556305502266,223.036081654,1.102278854395353,384.03245168992436,223.036081654
98,35,402.7292073068518,1.6315318714278497,0.9796656198158272,235.446927714,1.8764527383859642,402.7292073068518,235.446927714
98,33,423.6271878821788,3.4049982558583283,0.9802402925391553,248.24868318333333,1.9074717413501445,423.6271878821788,248.24868318333333
98,32,434.0017989250858,1.9247477463327634,0.9802975793867409,257.181443817,1.0812095447640222,434.0017989250858,257.181443817
98,31,432.97492919820894,7.845479022920047,0.9782421506110833,264.735369493,1.209342618384786,432.97492919820894,264.735369493
98,29,446.55134129659916,3.0627560964434988,0.9802572805891533,273.7470089336667,2.216809472202364,446.55134129659916,273.7470089336667
98,28,450.69125977390945,4.472178947362271,0.9804277831761713,277.9619899138333,1.3221220165432732,450.69125977390945,277.9619899138333
98,26,455.98895249782487,3.402104939495703,0.9794110424496688,283.62238699983334,0.7614556641022051,455.98895249782487,283.62238699983334
98,24,464.28580737115476,3.002438815646502,0.9802531991858244,290.00489129733336,0.8262076569332362,464.28580737115476,290.00489129733336
98,23,466.54242657945196,2.3919996438589983,0.9797324030064536,294.39920703266665,0.9121294422779471,466.54242657945196,294.39920703266665
98,22,469.57489702222676,3.148184549049096,0.9795978744200073,295.887395222,1.22675033308132,469.57489702222676,295.887395222
98,20,477.9844182239896,1.0793307796411908,0.9830834842450846,300.91569048866666,0.5100708289920552,477.9844182239896,300.91569048866666
98,19,475.9565382729255,4.570881452897136,0.9796032417909896,301.5325549515,1.9899696268626996,475.9565382729255,301.5325549515
98,17,476.19263722545145,2.190798212166713,0.9802627142386549,299.92711764166665,1.027638097409496,476.19263722545145,299.92711764166665
98,13,474.5705379444539,2.1517402206812677,0.9820071436852659,299.36214307566667,0.43444711677547576,474.5705379444539,299.36214307566667
98,10,472.6945190925821,1.3618950804034868,0.9800891327118398,299.28117481233335,1.1505932924705438,472.6945190925821,299.28117481233335
98,1,474.2391747847444,1.1990004546889972,0.97853989611611,298.44484978300005,1.1230144826473547,474.2391747847444,298.44484978300005
98,0,473.18747081326023,1.4527163184828105,0.9796592309360972,298.92450503233334,1.5531656185994633,473.18747081326023,298.92450503233334
99,5623,2.7072578464124795,0.030124392692707624,0.9944220447576733,168.57493080733335,0.16175100711582302,0.0,168.57493080733335
99,5623,2.7072578464124795,0.030124392692707624,0.9944220447576733,168.57493080733335,0.16175100711582302,2.7072578464124795,168.57493080733335
99,133,113.13003741955184,0.49642643136659137,0.9893062397786648,173.68633546,0.03766503824161978,113.13003741955184,173.68633546
99,115,128.88441190170496,0.6266955367237413,0.9914897920508369,174.4642457046667,0.08655736796657518,128.88441190170496,174.4642457046667
99,100,147.8106413840482,2.1889015798940497,0.9916037731996131,175.60202394799998,0.06968657108130115,147.8106413840482,175.60202394799998
99,95,155.9320551631935,0.38266627651132806,0.9886887661117069,176.257076948,0.11969451280473505,155.9320551631935,176.257076948
99,92,159.16253803095307,1.0329092590211666,0.9944025422937774,176.29726952666667,0.0743485334813706,159.16253803095307,176.29726952666667
99,86,170.28331890653683,1.9007619576326498,0.9910016834734309,177.06980907616665,0.16492271240111545,170.28331890653683,177.06980907616665
99,79,184.31880876569628,1.036200211500212,0.993625741744149,177.817686458,0.057570522895452336,184.31880876569628,177.817686458
99,74,196.77601921217448,1.1863278677339713,0.9896096543537857,179.165118062,0.27404509477642613,196.77601921217448,179.165118062
99,68,215.13684421924032,1.1644133048844199,0.9936587529104521,180.96407662866667,0.2700176469244001,215.13684421924032,180.96407662866667
99,65,222.18219229981642,2.405710202277277,0.993699222026936,181.8456567863333,0.47800801038191365,222.18219229981642,181.8456567863333
99,63,228.93483396319706,2.079815927829196,0.9906126352753735,182.9710352228333,0.28303809444940486,228.93483396319706,182.9710352228333
99,60,244.43754854426996,0.1587406017532813,0.9939923943316247,184.61058233566666,0.13936022947961005,244.43754854426996,184.61058233566666
99,58,252.06850633037774,1.0466498202059311,0.9935787609379947,185.53248007233333,0.24455461094597755,252.06850633037774,185.53248007233333
99,55,257.69161415174193,3.0626242643340316,0.9906016202399635,186.93746079766666,0.46008219156774516,257.69161415174193,186.93746079766666
99,53,265.64722457619945,1.5261352900884693,0.9904640237819867,188.11567095299998,0.47204421506057653,265.64722457619945,188.11567095299998
99,52,269.9367884830838,3.4736058925680915,0.9914929322874965,188.813572574,0.2954239580347126,269.9367884830838,188.813572574
99,50,284.2563506597836,3.40526605741175,0.9913969124988585,191.55815774216669,0.46092495229855956,284.2563506597836,191.55815774216669
99,48,298.037206560721,1.7560959559986058,0.9873459066170399,194.62628690900002,0.19153279959952857,298.037206560721,194.62628690900002
99,47,305.6571706890989,1.8797132528445426,0.9910303842828313,195.5411609915,0.32751847212524915,305.6571706890989,195.5411609915
99,45,316.398562382653,2.6494952703054144,0.9856999310156654,198.59971013133335,0.7934887211437144,316.398562382653,198.59971013133335
99,43,331.24997880017816,2.793203923253206,0.9907820530565412,202.01552615933335,0.4360799943083701,331.24997880017816,202.01552615933335
99,41,347.80579309985666,2.4173309333769413,0.9898118693674144,206.7524375345,0.9274128756104272,347.80579309985666,206.7524375345
99,39,366.9327784962614,1.6671469425947851,0.9942804566511838,210.396458866,0.5581025712332386,366.9327784962614,210.396458866
99,38,371.7528047758422,1.1291092959396862,0.9933849494955673,212.33412510966664,0.7128955323274506,371.7528047758422,212.33412510966664
99,37,384.2704551043242,2.6241452032225028,0.9902773232446846,219.009715575,2.007072953334238,384.2704551043242,219.009715575
99,35,401.6338163342302,2.7031654362952207,0.9911973883749852,226.29820776333335,2.9253531787382236,401.6338163342302,226.29820776333335
99,33,425.2365717338882,1.6333466392047502,0.9899906942939144,240.87544429933334,4.515378080557604,425.2365717338882,240.87544429933334
99,32,437.0211815439245,3.005166700806263,0.9913128350020273,249.11947040783332,3.770731616200698,437.0211815439245,249.11947040783332
99,31,450.22491679927447,1.7221327227994356,0.9893685009870928,260.755090974,4.072116393737288,450.22491679927447,260.755090974
99,22,485.01412183873776,1.4957876096826042,0.9912646840848885,296.64327851533335,0.3066587345149343,485.01412183873776,296.64327851533335
99,17,483.28799980282133,0.2855933811332571,0.9898522851512453,294.43708188166664,1.6120841728349102,483.28799980282133,294.43708188166664
99,13,482.7564324711362,0.9541106313848252,0.9890769557568696,292.98366923266667,1.9173128310392071,482.7564324711362,292.98366923266667
99,10,481.2962956036793,0.931418378511898,0.9888178426784737,293.76034601400005,1.8892518348376133,481.2962956036793,293.76034601400005
99,1,480.33560070283966,0.44824413425165144,0.9874876196615938,289.429993214,1.7227584542765029,480.33560070283966,289.429993214
99,0,480.3856458164267,0.9648720292319383,0.9868118477743106,290.05266633633335,1.9725552431269147,480.3856458164267,290.05266633633335
100,3162,4.735133678351749,0.002915512344879722,0.9962080779646243,169.53833482566668,0.1284379576906443,0.0,169.53833482566668
100,3162,4.735133678351749,0.002915512344879722,0.9962080779646243,169.53833482566668,0.1284379576906443,4.735133678351749,169.53833482566668
100,1778,8.282487203854187,0.16833101802221467,0.9977541514285523,170.721956632,0.06563998688514111,8.282487203854187,170.721956632
100,1000,15.05035177733334,0.13519600307524582,0.9986256980101129,172.07925138,0.16447551927434967,15.05035177733334,172.07925138
100,749,20.207916385543204,0.02726538973702621,0.9989115784172969,172.50233034533335,0.06341269512377735,20.207916385543204,172.50233034533335
100,562,26.723959249967063,0.03456115033750199,0.9990941887919619,172.85836787766667,0.18884580290376737,26.723959249967063,172.85836787766667
100,421,35.142214975458415,0.11904111675490822,0.9993175098035844,172.86828960133334,0.34485038016998243,35.142214975458415,172.86828960133334
100,316,46.59151365479971,0.1946482945465164,0.999360259078769,172.35843475599998,0.09681317974636722,46.59151365479971,172.35843475599998
100,273,54.085136183217685,0.4086259411537672,0.9994553274957442,172.329158115,0.1755377421258586,54.085136183217685,172.329158115
100,236,62.250455151058254,0.23593083675954316,0.9994724913458133,172.21919491866666,0.12689458165324408,62.250455151058254,172.21919491866666
100,219,66.49460855253521,0.1994370424664696,0.9994984132710333,172.41813904133335,0.22107021843982558,66.49460855253521,172.41813904133335
100,204,71.20648774264411,0.23249828785358587,0.9995247491683705,172.496435726,0.1654243685886919,71.20648774264411,172.496435726
100,190,80.54765873824861,0.2050825189959713,0.9995872895826227,172.48627904766667,0.09433770678028566,80.54765873824861,172.48627904766667
100,177,85.86375287230787,0.4484643568913788,0.9995851538242069,172.72244082233337,0.06400485784640866,85.86375287230787,172.72244082233337
100,133,113.76589107047914,0.277564126228627,0.9996407594651738,173.59332003366669,0.052793556937226684,113.76589107047914,173.59332003366669
100,115,129.61830882760367,0.5221841489033504,0.9995782967875622,174.35721498933333,0.14412497356337328,129.61830882760367,174.35721498933333
100,100,146.54981812037212,0.951938878128655,0.9996552872550541,175.51963662433332,0.11946358692971289,146.54981812037212,175.51963662433332
100,86,170.2864630912839,0.668932129595226,0.9977627849921603,176.82906197883335,0.1561303012232973,170.2864630912839,176.82906197883335
100,79,184.564968786878,1.0613556434936964,0.9996650276418989,177.69766219199997,0.1370782259707929,184.564968786878,177.69766219199997
100,74,196.31807295239972,0.8704565130389292,0.9978451684801394,178.95196994983334,0.1714062436888143,196.31807295239972,178.95196994983334
100,68,214.16001069238305,1.1179332734483554,0.9982411549175102,180.64395557766667,0.166665396253306,214.16001069238305,180.64395557766667
100,65,223.1323407157429,0.7629727896075712,0.9996487335477516,181.63029225100001,0.05274071368796832,223.1323407157429,181.63029225100001
100,63,228.47269183546214,1.2784254223986335,0.9987334044667538,182.3258151775,0.2260733379972237,228.47269183546214,182.3258151775
100,61,236.3861198318116,1.1601279262771989,0.9996884405534576,183.34225178333335,0.23628874252598628,236.3861198318116,183.34225178333335
100,60,239.63558925936968,2.528907701631206,0.9997010542473399,183.74454485433333,0.24461247894102242,239.63558925936968,183.74454485433333
100,58,246.87273553473497,0.7478335995787443,0.9996976160254526,184.49553154766667,0.10560435933486545,246.87273553473497,184.49553154766667
100,56,253.0505334635133,1.0279007683884307,0.9996874665794772,185.45815006233332,0.10638635679246906,253.0505334635133,185.45815006233332
100,55,256.965507278814,3.224775809108631,0.9989726432127864,186.14136749883335,0.5115363470137994,256.965507278814,186.14136749883335
100,53,266.8216218212937,2.3886960581303818,0.9990161365214636,187.67872052133336,0.538591402454669,266.8216218212937,187.67872052133336
100,52,270.2942300580262,1.762204827562741,0.999032253691868,188.15672456483333,0.33596031629089856,270.2942300580262,188.15672456483333
100,50,282.697695550135,1.4279088983340216,0.9990617376969267,190.60491262366668,0.41212675810293875,282.697695550135,190.60491262366668
100,48,300.79117448395306,1.5132122515984285,0.9984254070670201,194.8885152086667,0.3466533426777919,300.79117448395306,194.8885152086667
100,47,306.7725846123149,1.7278962920960295,0.9990325274650637,195.85267868516667,0.6827404392218734,306.7725846123149,195.85267868516667
100,45,318.5747168260743,0.37936211372504397,0.9982941715725445,198.61537925733333,0.2580761393566135,318.5747168260743,198.61537925733333
100,44,328.0873365896172,3.3425873680779343,0.9983402219424224,200.44183211366666,0.7262692572112732,328.0873365896172,200.44183211366666
100,43,333.48447053306575,3.0117496104702006,0.999091937701203,201.57602839950002,0.6427758049358915,333.48447053306575,201.57602839950002
100,41,350.4117611543583,2.5221673480339057,0.99900548563335,205.260532385,0.8464092982769016,350.4117611543583,205.260532385
100,39,367.4144090469818,1.9444309989722568,0.9990595778981004,209.636052274,0.6935079526626738,367.4144090469818,209.636052274
100,38,377.6841851109707,2.824531136931395,0.9990361934424915,212.38001499816667,1.3240808799126036,377.6841851109707,212.38001499816667
100,37,384.16450232803317,3.3654688108987667,0.9989319066543311,214.98802234533332,2.149556806034188,384.16450232803317,214.98802234533332
100,35,404.8122096796456,3.9652604163245115,0.9990008148483781,223.1273233615,2.4413592338649646,404.8122096796456,223.1273233615
100,33,428.96721067155437,3.5782508214632514,0.998939307659508,235.60012302816665,2.410442280179838,428.96721067155437,235.60012302816665
100,32,438.4691800795019,2.7182459965014343,0.9989095080496737,240.9988333491667,2.415307229073038,438.4691800795019,240.9988333491667
100,31,451.1474714351416,3.269411350379565,0.9989080515143683,250.67511361733332,3.849858892579716,451.1474714351416,250.67511361733332
100,17,487.54264050277635,1.7860266922163306,0.9985598615282529,286.3564011475,1.848271980326163,487.54264050277635,286.3564011475
100,13,487.3767217065276,1.4791169348781186,0.9985030174687748,286.08807634433333,1.4400237654191341,487.3767217065276,286.08807634433333
100,10,485.5149926679862,1.303863296889229,0.9985341443878867,285.76727438883336,2.652132958529486,485.5149926679862,285.76727438883336
100,3,486.72779459957746,0.5397605460229646,0.9995956146042643,280.94262263133334,2.4296995132491745,486.72779459957746,280.94262263133334
100,1,485.16743318004757,1.6978795963699285,0.9977952384291635,281.77788199083335,2.856878006986701,485.16743318004757,281.77788199083335
100,0,484.5866782784174,1.5913439883431646,0.99804346439603,282.1395170865,2.8209145355430865,484.5866782784174,282.1395170865
