{
    "50": [
        [86.51542912000001, 271.93076019965275],
        [80.45236693333334, 157.30364561631944],
        [73.30758314666666, 136.78011067708334],
        [67.29804159999999, 125.91008550347222],
        [61.73969152, 117.3178996310764],
        [49.855015253333335, 106.5758293185764],
        [39.51981354666667, 100.9516669921875],
        [20.542775466666665, 94.92875705295138],
        [0.0, 90.2551027560764]
    ],
    "52": [
        [86.62960981333333, 191.28271864149303],
        [81.41679018666666, 165.7332790798611],
        [75.71215957333332, 144.13735308159724],
        [69.87422677333332, 132.58949869791664],
        [64.63153792000001, 123.04152788628473],
        [55.75073024, 111.48852983940974],
        [48.95080704, 105.94900802951388],
        [39.25209514666667, 100.67873969184028],
        [20.63087658666667, 94.90712022569444],
        [0.0, 90.26759082031248]
    ],
    "54": [
        [86.10159530666665, 187.298654296875],
        [77.51487018666667, 146.89250162760416],
        [67.26922965333334, 125.42933409288194],
        [58.53053354666667, 113.1058134765625],
        [51.852576, 107.6768910590278],
        [38.01425066666667, 100.020384765625],
        [16.035291733333334, 93.82317697482638],
        [0.0, 89.33296299913195]
    ],
    "56": [
        [90.50401536, 227.1004552951389],
        [70.64017024, 131.64157280815974],
        [61.03216938666666, 115.41871864149306],
        [50.07058048, 106.126205078125],
        [36.66108928, 99.37921245659722],
        [15.327118506666666, 94.033822265625],
        [0.0, 89.18047016059027]
    ],
    "57": [
        [91.97088042666668, 297.69314225260416],
        [86.71343445333333, 186.35104286024307],
        [78.93947264, 147.36869737413193],
        [73.87243093333333, 137.02875477430555],
        [68.80501632, 128.23439029947917],
        [60.48596053333333, 113.79214127604166],
        [53.30055359999999, 108.22008539496528],
        [39.22092608, 100.22802680121526],
        [16.584866986666665, 94.2397080078125],
        [0.0, 89.19085026041667]
    ],
    "58": [
        [92.77822421333332, 298.73818370225695],
        [86.99277823999999, 191.4944034830729],
        [81.74805205333334, 158.79761241319443],
        [76.70079701333333, 143.7805158420139],
        [71.40844373333334, 131.51280674913195],
        [61.86367104000001, 115.93628580729168],
        [51.43831456, 107.41743375651042],
        [37.9572704, 99.90559391276042],
        [15.64520576, 94.12406119791666],
        [0.0, 89.19526047092013]
    ],
    "59": [
        [94.73400362666666, 299.5769207899305],
        [89.5030576, 211.60349462890625],
        [83.17486592, 164.5694287109375],
        [75.09677141333334, 138.02426421440973],
        [69.14884608, 127.38689670138888],
        [60.89010176, 113.87709266493056],
        [53.70876864, 108.25750824652778],
        [39.3743552, 100.5616291232639],
        [16.595232, 94.65711642795138],
        [0.0, 89.19198616536458]
    ],
    "60": [
        [92.93326976, 298.51799522569445],
        [87.50933037714285, 187.34213693576388],
        [82.43590869333333, 156.8586877170139],
        [76.99703381333333, 141.52798958333332],
        [67.86624153599999, 124.5247654622396],
        [61.86134528, 115.45699229600694],
        [51.65290496, 107.36730061848958],
        [38.19974784, 100.14442534722222],
        [15.643377493333334, 94.49283550347222],
        [0.0, 89.19526047092013]
    ],
    "61": [
        [92.30880170666669, 234.44134673394092],
        [86.221572096, 177.61230756293403],
        [77.64757781333333, 143.38707666015625],
        [72.13709397333334, 132.42600927734375],
        [63.024928640000006, 117.02226280381944],
        [52.00913344, 107.10460514322916],
        [38.17716949333333, 100.00361143663194],
        [16.12338496, 94.87371484375],
        [0.0, 89.20219422743055]
    ],
    "62": [
        [93.34444736, 234.5694789496528],
        [88.06890474666666, 191.0221877170139],
        [81.43119616, 153.1072252061632],
        [76.34574229333333, 139.42795941840276],
        [70.98794304, 130.6147976888021],
        [61.75752106666667, 115.25146641710069],
        [50.820455466666665, 106.35852663845486],
        [37.253998933333335, 100.33120128038196],
        [15.749867733333334, 94.9387699110243],
        [0.0, 89.21426378038194]
    ],
    "63": [
        [93.39028010666668, 226.29773990885417],
        [84.8191168, 165.0945873480903],
        [75.61826325333332, 137.38697846137154],
        [70.25020949333333, 128.45762353515624],
        [60.923732906666665, 114.51502370876736],
        [51.79853610666667, 106.73806282552084],
        [37.92101418666667, 100.5831474609375],
        [15.992865706666668, 95.042205078125],
        [0.0, 89.22745768229167]
    ],
    "64": [
        [93.04774335999998, 223.0739331054688],
        [87.41391488, 176.1808453776042],
        [81.718212352, 150.42402864583332],
        [75.62129490285714, 137.30095654296875],
        [68.76385952, 121.62638232421877],
        [57.492664064, 110.93768956163194],
        [48.60382677333333, 105.21769259982638],
        [31.54352576, 99.25554074435765],
        [10.36308704, 93.75583393012153],
        [0.0, 89.23245276331018]
    ],
    "65": [
        [92.39518378666668, 210.4179330150463],
        [87.21481770666666, 171.58785465494793],
        [82.14034614857142, 150.04926269531248],
        [75.06918186666667, 134.28387065972225],
        [68.54839632, 122.42730378327548],
        [58.82548944, 111.95543565538196],
        [50.55230752, 106.59426236979168],
        [33.587030774025976, 99.95147140842016],
        [14.52088064, 94.79923689778646],
        [0.0, 89.22472181532117]
    ],
    "66": [
        [91.41762904615383, 196.19254592013888],
        [82.56040251733334, 153.5178109157986],
        [77.45830570666666, 140.0009949435764],
        [72.40866594133333, 129.16327467447917],
        [66.784819712, 121.70134409722225],
        [58.92583946666667, 113.2569075249566],
        [51.048038892307694, 106.80395425347224],
        [32.92446869333333, 99.8140666503906],
        [13.912974354285714, 94.7520251953125],
        [0.0, 89.18920822482637]
    ],
    "67": [
        [94.72477354666664, 239.62386476417825],
        [89.53149795555555, 196.28652466724537],
        [82.7604639288889, 165.78174103009258],
        [75.95487672888889, 144.49563729745373],
        [70.3632621511111, 131.68838519965277],
        [64.92281557333334, 121.9560679253472],
        [58.443288853333335, 113.89574785698784],
        [46.66347157333333, 104.70037543402778],
        [32.863746346666666, 99.6507908528646],
        [12.643021760000002, 94.50425515407989],
        [0.0, 89.20939378978588]
    ],
    "69": [
        [90.13924736, 176.42361165364582],
        [76.60432256, 131.35129763454862],
        [70.05245696, 120.9731242404514],
        [59.32058368, 110.81281499565972],
        [50.38294783999999, 105.20792068142362],
        [34.17279189333333, 100.02683919270834],
        [11.924009813333331, 94.4977763671875],
        [0.0, 89.23295489728008]
    ],
    "70": [
        [93.29897088, 196.0989397786458],
        [88.11151829333333, 162.57929361979166],
        [77.90958037333333, 132.91903678385415],
        [71.29073578666667, 121.959357421875],
        [61.97866069333333, 112.87631119791666],
        [52.53137749333333, 106.5367074652778],
        [32.60041472, 99.91761697048612],
        [11.42361856, 94.32985340711804],
        [0.0, 89.21128011067708]
    ],
    "72": [
        [95.78602922666668, 228.82658192274303],
        [90.4416832, 171.75524522569444],
        [80.23234645333334, 135.34873589409722],
        [73.96147456, 124.36606998697916],
        [65.93496448, 114.86977918836806],
        [51.287133866666665, 105.60738378906252],
        [31.477064533333333, 99.65218120659722],
        [12.218811733333334, 94.61779286024306],
        [0.0, 89.20607320601852]
    ],