{
    "50": [
        [231.3510514488889, 323.86544174567524],
        [236.63136248888887, 364.26808353361184],
        [204.74618808888889, 209.85476386093424],
        [186.28600561777776, 181.89457168479055],
        [167.23191032888892, 162.99518745651855],
        [154.30847559111112, 153.81556583248877],
        [134.30699612444445, 142.71843667912344],
        [106.30205546666669, 131.0250446084306],
        [82.50304156444444, 124.04023519619471],
        [43.3509144888889, 116.54005711085983],
        [0.0, 110.73201430271264]
    ],
    "51": [
        [233.6935394133333, 330.3993680651134],
        [194.28797290666668, 193.6285512912223],
        [180.31653105777775, 176.22639266331467],
        [166.43962986666668, 162.92379728401542],
        [152.84493873777777, 152.96900888417665],
        [133.3295980088889, 142.34355293299302],
        [106.61493546666668, 131.71433390393702],
        [82.89629376, 124.7194467998298],
        [38.95097649777778, 116.69049211567403],
        [0.0, 110.43100212485211]
    ],
    "53": [
        [233.108934016, 310.0739818406163],
        [238.19164672, 366.2285624559209],
        [201.5622217955556, 201.9518661841378],
        [186.64696732444443, 179.5662895469775],
        [178.70842936888891, 169.48842632118445],
        [165.0796945777778, 158.04314783889745],
        [143.9864864711111, 145.4633974897592],
        [110.68330631111112, 131.53152655425262],
        [85.47257287111113, 124.12228030437036],
        [40.446579022222224, 115.9208254370676],
        [0.0, 110.38354496353328]
    ],
    "54": [
        [232.99286592, 322.3878893926994],
        [167.40929749333336, 159.9877715933832],
        [154.82504739555554, 151.40532001652505],
        [135.39551914666666, 141.42626266948784],
        [113.52490524444448, 132.60601038448831],
        [87.57172899555555, 124.90859803788108],
        [41.40782037333333, 116.4279116359371],
        [0.0, 110.29609316117272]
    ],
    "55": [
        [234.4384201955556, 308.5707666708147],
        [204.64642545777775, 209.2156248535772],
        [193.07260764444445, 187.1398215106842],
        [179.2572241066667, 171.20368809392508],
        [164.56885155555554, 158.5143793767569],
        [143.8462956088889, 145.99893560828252],
        [126.96140629333335, 137.94286904509065],
        [82.06301027555556, 122.86130415540704],
        [43.13331427555556, 115.8893395857089],
        [0.0, 110.11190718379034]
    ],
    "56": [
        [234.47383203555555, 310.9420864633885],
        [195.65340238222225, 188.19288276186757],
        [182.82309134222223, 172.01848861431722],
        [167.8738431288889, 159.32824859397496],
        [154.56495267555556, 150.6272299348352],
        [135.21272334222223, 139.33244258725634],
        [112.46356394666668, 131.04514660307322],
        [84.11877653333333, 123.21208009028338],
        [44.10075569777778, 116.21226600419634],
        [0.0, 110.4157518554218]
    ],
    "57": [
        [234.73433693866667, 304.18147392227394],
        [198.4722261688889, 187.08866019763323],
        [174.88592263111113, 163.58357501800913],
        [163.02619797333332, 153.38756146977332],
        [142.15787427555557, 142.6335391875615],
        [123.72584704, 134.1875540835151],
        [85.37852615111113, 123.28075736031911],
        [44.87320469333334, 116.23159122914215],
        [0.0, 110.23734692738064]
    ],
    "58": [
        [234.6267017066667, 303.7150429858464],
        [205.0535094755556, 196.62789336854885],
        [188.96748032, 171.9921589370497],
        [154.81115982222224, 148.16105206466904],
        [135.46502656, 139.0324843802638],
        [107.37413578666668, 128.9131125140356],
        [80.12205162666667, 122.15367968766944],
        [42.0991072, 115.93062031432436],
        [0.0, 110.17702109669531]
    ],
    "59": [
        [234.04451655111112, 293.882552340106],
        [239.0734756693333, 331.70666157284944],
        [193.32499562666663, 178.06481942430514],
        [177.84841173333334, 166.8476917462599],
        [164.52975957333334, 157.2650141140408],
        [143.61430741333334, 143.77324277912336],
        [126.36511708444446, 134.89532080669753],
        [84.72829297777778, 122.57730605662144],
        [44.65793827555556, 116.03453849826047],
        [0.0, 110.06695714500272]
    ],
    "60": [
        [236.2195371377778, 302.2007207809194],
        [203.12917831111116, 188.81796008746244],
        [188.50335864888893, 169.81866254404724],
        [171.7425458488889, 156.8193575526944],
        [158.91221180444447, 149.24290221002377],
        [139.5341166577778, 140.78103580123204],
        [107.92032586666666, 128.47719386892877],
        [79.75597041777779, 121.98275536367976],
        [41.81662606222222, 115.8738118352024],
        [0.0, 110.14796968526416]
    ],
    "61": [
        [235.35508430222225, 288.2956695871222],
        [193.78744955733333, 178.25903820020446],
        [177.84545493333334, 161.5611757298865],
        [152.9138636088889, 146.3937896794579],
        [118.40105379555555, 131.93198818596446],
        [85.27151523555555, 122.43374733360749],
        [48.25623104000001, 116.42912602977324],
        [0.0, 110.36571704824792]
    ],
    "62": [
        [235.85560270222223, 289.64286176166326],
        [242.1004602666667, 332.8370728991078],
        [184.7837344711111, 168.64616504669138],
        [164.61255050666665, 152.04673888851386],
        [144.0569050311111, 141.04811771875202],
        [126.72044992, 133.90844959945483],
        [93.68205831111112, 124.50876148945328],
        [48.66922147555556, 116.45574022947086],
        [0.0, 110.35272951472314]
    ],
    "63": [
        [235.7119517155556, 285.85979424910494],
        [240.79483178666663, 333.5832347925675],
        [196.20551850666664, 175.53206632178066],
        [179.93025536000002, 161.65039788751912],
        [156.72025168, 148.97039864460672],
        [134.95876778666667, 137.46407064272498],
        [98.4492076088889, 125.48008373073522],
        [47.002945280000006, 116.20137815697194],
        [0.0, 110.18588175992296]
    ],
    "64": [
        [240.0840102933333, 322.15365507858195],
        [234.96090759111112, 277.2330296807592],
        [189.6415200711111, 171.6101232349359],
        [177.62266613333335, 160.84054002187256],
        [155.7968131911111, 146.33810880722564],
        [120.43828771555556, 131.52816650241596],
        [95.0282341688889, 124.49984364518662],
        [45.10241550222222, 115.94994841823808],
        [0.0, 110.24708214011054]
    ],
    "65": [
        [241.17018115047625, 329.04161711956925],
        [235.64900238222225, 268.401428510822],
        [181.3591104, 160.42831636293076],
        [151.75527612444446, 144.09157241572294],
        [116.97585824, 130.53807575409124],
        [88.44919139555556, 122.97123221418866],
        [50.06433873066667, 116.55953471871533],
        [0.0, 110.46016772923802]
    ],
    "66": [
        [238.2329849173333, 290.39581843093663],
        [230.81143922962963, 249.37423091116403],
        [175.14043449333334, 158.2059772812517],
        [148.8978624237037, 142.18219094933934],
        [120.6303996562963, 131.2158333313152],
        [86.14136081066667, 122.26770041407237],
        [49.022653610666666, 116.31200562647074],
        [0.0, 110.17228001141576]
    ],
    "67": [
        [238.81786268444444, 289.7874987693319],
        [233.1374285866667, 252.855805864526],
        [209.98829212444448, 190.95637779729657],
        [143.1478260977778, 139.60975659533403],
        [121.06315815111112, 131.02562515506725],
        [93.16783623111112, 123.5462476716462],
        [50.02312138666667, 116.29885289889673],
        [0.0, 110.43077487498664]
    ],