read_pct_rounded,pause,bandwidth_mean,bandwidth_std,rd_percentage_actual_mean,latency_mean,latency_std,bandwidth_smooth,latency_smooth,cpu_power_w,memory_power_w,system_power_w,cpu_energy_j,memory_energy_j,system_energy_j
50,5000,2.886113819290272,0.00026631605916306627,0.5046863222958478,184.91656033333334,0.7203362991969878,2.886113819290272,184.91656033333334,73.54033333333334,7.429333333333333,80.96933333333334,139.14733333333334,14.057666666666668,153.20466666666667
50,3000,4.765186919104715,0.0012044399125344832,0.5029420326713248,185.76874822222217,0.09674735161135965,4.765186919104715,185.76874822222217,73.64233333333334,7.532,81.17399999999999,138.615,14.176666666666668,152.79166666666666
50,2000,7.0660058939610835,0.0006520012460378374,0.5021158862852377,186.02006533333335,0.05085365676898508,7.0660058939610835,186.02006533333335,73.78333333333333,7.658666666666666,81.44166666666666,138.971,14.425333333333333,153.396
50,1500,9.321681902119671,0.0004335350037677694,0.5016757182927365,185.0813433333333,0.006257486902368705,9.321681902119671,185.0813433333333,73.806,7.771,81.57666666666667,72.34333333333333,7.617,79.96033333333334
50,1000,13.693846943646166,0.0007018605891434091,0.5012532637371309,185.45085755555556,0.015653273460761726,13.693846943646166,185.45085755555556,74.01566666666666,8.004666666666667,82.02033333333334,73.91933333333334,7.994,81.913
50,900,15.098594158474553,0.0004252765024455902,0.5011783851238613,185.56371066666668,0.020798336143387563,15.098594158474553,185.56371066666668,74.09433333333332,8.081000000000001,82.17566666666666,74.146,8.086666666666666,82.23233333333333
50,800,16.851892226304525,0.0008420167646259576,0.5010901285484569,185.7251927777778,0.010207294131210482,16.851892226304525,185.7251927777778,74.20233333333333,8.178,82.38033333333334,73.92333333333333,8.147,82.07033333333332
50,700,19.049436692584294,0.0006004406599722811,0.5010020266430301,185.90468622222224,0.0007484378793776132,19.049436692584294,185.90468622222224,74.31633333333333,8.296666666666667,82.613,74.18599999999999,8.282,82.46766666666667
50,600,21.915087536998517,0.002205517061213572,0.5009035752113965,186.1580254444444,0.016320149414922096,21.915087536998517,186.1580254444444,74.653,8.473333333333334,83.12666666666667,79.84633333333333,9.063333333333334,88.90933333333334
50,550,23.67898805767616,0.00044963495791535053,0.5008514790890741,186.3231571111111,0.01910363229085631,23.67898805767616,186.3231571111111,74.57,8.547666666666666,83.11766666666666,74.93,8.588333333333333,83.51833333333333
50,450,28.264747099495377,0.0006399571329706778,0.5007697688235044,186.7166758888889,0.016813150046351567,28.264747099495377,186.7166758888889,74.831,8.797666666666666,83.62866666666666,74.39866666666667,8.747333333333332,83.146
50,380,32.71127207140961,0.0012843612992703424,0.500710592682397,187.1001947777778,0.009574421829540644,32.71127207140961,187.1001947777778,75.15966666666667,9.049999999999999,84.20966666666668,75.47633333333333,9.088333333333333,84.56433333333332
50,340,35.89081227559493,0.0008355019549940933,0.5006759521412129,187.3940043333333,0.02554146804275667,35.89081227559493,187.3940043333333,75.24133333333333,9.211666666666666,84.45333333333333,75.13466666666666,9.199,84.33366666666666
50,300,39.88993063619308,0.0012724780257718788,0.500633420763167,187.73245211111112,0.03501704416952936,39.88993063619308,187.73245211111112,75.46866666666666,9.43,84.899,75.20533333333333,9.397333333333334,84.60266666666666
50,260,44.74965133544973,0.0012466383020882771,0.5006044950670087,188.09816755555553,0.00371351765451167,44.74965133544973,188.09816755555553,75.937,9.720666666666666,85.658,80.80733333333333,10.344666666666667,91.15233333333333
50,220,51.15026549011148,0.0008384957849811944,0.5005657363851906,188.7219972222222,0.016499930573372918,51.15026549011148,188.7219972222222,76.10333333333334,10.043999999999999,86.147,75.12833333333333,9.915333333333335,85.04366666666667
50,200,55.07687208176525,0.000534664976692461,0.5005552393432852,189.03675577777778,0.007987348776798402,55.07687208176525,189.03675577777778,76.315,10.255333333333335,86.57099999999998,76.32333333333334,10.256666666666666,86.57966666666668
50,180,59.42780640357747,0.0023018793106533986,0.5005381143051665,189.4271067777778,0.005474538847513335,59.42780640357747,189.4271067777778,76.658,10.505333333333335,87.16333333333334,76.96933333333334,10.547666666666666,87.51733333333334
50,160,64.88758172505284,0.0017998690321073998,0.5005133396094994,189.8719367777778,0.02547265556398415,64.88758172505284,189.8719367777778,76.87333333333333,10.790666666666667,87.664,76.55266666666667,10.745666666666667,87.29833333333333
50,140,71.15873732670612,0.0004506737667550026,0.5004974055019665,190.39988855555555,0.03231353282610898,71.15873732670612,190.39988855555555,77.20899999999999,11.131,88.33999999999999,76.84333333333333,11.078333333333333,87.92200000000001
50,120,79.4817736537836,0.002406043419846688,0.5004654280451831,191.12543755555558,0.02724247998446832,79.4817736537836,191.12543755555558,77.707,11.584666666666669,89.291,77.217,11.511333333333333,88.729
50,100,90.08538540423632,0.0033791582989304227,0.5004564126031797,192.02558,0.05515448888757565,90.08538540423632,192.02558,78.35366666666665,12.160333333333334,90.51400000000001,78.10133333333333,12.121,90.22266666666667
50,90,96.20604729301628,0.004782374177877511,0.5004494316825525,192.62628933333335,0.00654296800644422,96.20604729301628,192.62628933333335,78.72233333333332,12.494666666666667,91.217,78.03933333333333,12.386000000000001,90.42566666666666
50,80,103.22495030336563,0.0010540585027510436,0.5004395658398965,193.23000066666668,0.049763402383501194,103.22495030336563,193.23000066666668,79.09833333333333,12.875,91.97333333333334,79.17099999999999,12.886666666666665,92.05733333333332
50,70,111.4286253369778,0.002494877807324126,0.5004353583952462,193.93846433333331,0.02643925321898646,111.4286253369778,193.93846433333331,79.57533333333333,13.321666666666665,92.89666666666666,79.60700000000001,13.326999999999998,92.93400000000001
50,65,116.20089849824872,0.004204645814920497,0.5004296074202721,194.23724866666666,0.017496448490448985,116.20089849824872,194.23724866666666,79.93433333333333,13.597,93.53099999999999,88.83466666666668,15.110999999999999,103.94566666666667
50,60,121.56990813155585,0.0037903151147274613,0.5004232907277063,194.62578322222217,0.05410381113534646,121.56990813155585,194.62578322222217,80.19866666666667,13.874,94.072,80.058,13.849666666666666,93.907
50,55,127.30917160865744,0.023682562044546756,0.5004136328557138,195.0935411111111,0.03106876134628086,127.30917160865744,195.0935411111111,80.54666666666667,14.186666666666667,94.73266666666666,80.566,14.189666666666668,94.75566666666667
50,50,134.08276151241986,0.009155179015971102,0.5004247188479499,195.8337726666667,0.11656330981534965,134.08276151241986,195.8337726666667,81.05900000000001,14.573,95.632,81.294,14.615,95.90899999999999
50,45,140.39855384653436,0.009231402115000816,0.5004172297843562,196.4521797777778,0.01362886153773118,140.39855384653436,196.4521797777778,81.45066666666666,14.916666666666666,96.36733333333332,81.51533333333333,14.928666666666667,96.44466666666666
50,40,146.293211589067,0.03649042852707177,0.5004549390163395,197.16285888888888,0.06634835894339468,146.293211589067,197.16285888888888,81.76233333333333,15.252666666666668,97.01466666666666,85.25633333333333,15.904333333333334,101.161
50,35,155.08811627196658,0.017605499742453987,0.5004136542335815,198.044622,0.06370877676409166,155.08811627196658,198.044622,82.35266666666666,15.718333333333334,98.07099999999998,88.70233333333333,16.930666666666667,105.63333333333333
50,30,163.00357073522244,0.009632689815417327,0.5004136090717212,198.96677811111113,0.13832499242416957,163.00357073522244,198.96677811111113,82.82266666666666,16.167333333333332,98.98966666666666,89.07166666666667,17.387333333333334,106.45833333333333
50,27,170.23939941400002,0.004480633573880547,0.5004130316555434,199.5901283333333,0.06654573187165658,170.23939941400002,199.5901283333333,83.05266666666667,16.524666666666665,99.57733333333333,82.643,16.443,99.08600000000001
50,26,181.20448588253635,0.06272391045368193,0.5003980086135349,200.8203387777778,0.011823416898187934,181.20448588253635,200.8203387777778,83.65766666666667,17.116,100.77433333333333,85.16199999999999,17.424000000000003,102.58600000000001
50,25,180.85083841713455,0.04321338677122566,0.500407162531271,200.89131911111113,0.051642365138990086,180.85083841713455,200.89131911111113,83.746,17.113333333333333,100.85966666666667,84.922,17.353666666666665,102.27533333333334
50,24,187.36395956581677,0.01520849683060458,0.50039315845651,201.6046552222222,0.11341922627594288,187.36395956581677,201.6046552222222,84.28500000000001,17.485,101.77033333333334,86.51633333333332,17.947999999999997,104.464
50,23,193.65375962069228,0.02018586307859424,0.5003934364998953,202.3896633333333,0.06547733299733775,193.65375962069228,202.3896633333333,84.82366666666667,17.83966666666667,102.66333333333334,86.303,18.150666666666666,104.45333333333333
50,22,200.7181996828409,0.5420835652806553,0.5003946053503788,203.3099395555556,0.03219136277071006,200.7181996828409,203.3099395555556,85.21466666666667,18.217,103.43166666666667,86.86766666666666,18.570333333333334,105.43799999999999
50,21,210.516126637718,0.030089582409584793,0.5003942892367991,204.43350622222223,0.15049120074845973,210.516126637718,204.43350622222223,85.46133333333334,18.726,104.187,87.57466666666666,19.189333333333334,106.76433333333334
50,20,217.27194134591105,0.029742159481564483,0.5003990820488745,205.47482300000001,0.04352191614961477,217.27194134591105,205.47482300000001,85.923,19.116,105.03866666666666,87.86333333333333,19.547333333333334,107.411
50,19,237.41542853730638,0.2379677457727115,0.5003781621637193,208.07087511111112,0.058830389794479424,237.41542853730638,208.07087511111112,86.64133333333332,20.194,106.83533333333332,87.72866666666665,20.447333333333333,108.17566666666666
50,18,235.90594291796344,0.014321537985033375,0.5003847261992584,208.3475132222222,0.24388410687098336,235.90594291796344,208.3475132222222,86.54566666666666,20.110666666666667,106.656,87.74733333333332,20.389666666666667,108.13733333333334
50,17,311.10160324903876,0.021117627028778826,0.500359097867323,221.49034199999997,0.13795685679511,311.10160324903876,221.49034199999997,89.36200000000001,24.248666666666665,113.61033333333334,96.70766666666667,26.241333333333333,122.94933333333334
50,16,362.1139274166069,0.054960502766413274,0.5003501644632966,235.93264088888893,0.3371027988074622,362.1139274166069,235.93264088888893,91.20533333333333,27.052333333333333,118.25733333333334,101.00166666666667,29.957666666666665,130.95933333333335
50,15,386.9454672401555,0.011055235869841052,0.5003571504784654,242.93648388888892,0.747571587336044,386.9454672401555,242.93648388888892,92.01866666666668,28.417333333333332,120.43599999999999,102.18400000000001,31.557,133.74066666666667
50,14,415.48567748422107,0.016717770525773643,0.5003436664433615,253.07580233333337,0.8262846283678877,415.48567748422107,253.07580233333337,92.984,29.997333333333334,122.98133333333334,104.78233333333333,33.804,138.58599999999998
50,13,448.34324798300105,0.020782698920319823,0.5003450963346178,265.3950348888889,1.2955839940319447,448.34324798300105,265.3950348888889,94.06866666666667,31.807666666666666,125.87599999999999,108.87366666666667,36.814,145.68733333333333
50,12,487.2385023381373,0.017852098998186516,0.500344896015153,287.70611866666667,0.17678524400053142,487.2385023381373,287.70611866666667,95.31033333333333,33.938,129.24833333333333,118.16266666666667,42.07566666666667,160.238
50,11,529.7612225170628,0.04603567231157223,0.5003490518806486,308.9001112222222,0.6437346960431855,529.7612225170628,308.9001112222222,96.678,36.274,132.952,127.25866666666667,47.748333333333335,175.00699999999998
50,10,588.7326647189092,0.07994176010993827,0.5003247060588422,360.7230085555556,3.736463074759679,588.7326647189092,360.7230085555556,98.618,39.528333333333336,138.14666666666668,143.602,57.559,201.16166666666666
50,9,642.2424559145355,0.07672204213564672,0.500340081376515,391.2625154444445,0.6131725098583504,642.2424559145355,391.2625154444445,100.34733333333334,42.46266666666667,142.81033333333332,159.00066666666666,67.282,226.28233333333333
50,8,738.3476326210008,0.4059965517045242,0.5003346234230777,516.9673361111111,2.0300916761682855,738.3476326210008,516.9673361111111,103.52366666666667,47.83166666666667,151.35533333333333,204.65333333333334,94.55733333333335,299.211
50,7,833.5829638877493,0.02691196103868292,0.5003502070518308,653.486814888889,0.2906187469982052,833.5829638877493,653.486814888889,107.47966666666666,53.07266666666667,160.55233333333334,259.92,128.347,388.2663333333333
50,6,840.9047479711417,0.11432481967311428,0.5003266873758413,675.9318527777779,0.21199221632708587,840.9047479711417,675.9318527777779,107.21133333333334,53.416333333333334,160.62800000000001,272.23900000000003,135.63833333333335,407.87699999999995
50,5,843.876671704698,0.13946457178285243,0.5003408466456952,676.9329481111112,0.34604154284560734,843.876671704698,676.9329481111112,106.206,53.605,159.811,269.67966666666666,136.114,405.79299999999995
50,4,845.0290639176892,0.26326984015633653,0.5003442590233849,677.6941617777778,0.2697826717079399,845.0290639176892,677.6941617777778,105.08433333333333,53.65366666666667,158.73833333333334,268.982,137.33633333333333,406.31800000000004
50,3,844.4986522680816,0.12628302478025524,0.5003224422330051,677.6179104444444,0.19628836060494992,844.4986522680816,677.6179104444444,103.193,53.62566666666667,156.818,263.276,136.81500000000003,400.09100000000007
50,2,844.4400965775254,0.1690497524826732,0.5003399965626806,677.3792125555556,0.17202638005141277,844.4400965775254,677.3792125555556,102.92433333333334,53.60033333333333,156.52466666666666,260.55733333333336,135.6916666666667,396.249
50,1,845.0799845014873,0.1917506241596993,0.5003449716154903,677.708671,0.04474712712950228,845.0799845014873,677.708671,96.055,51.671,147.72633333333332,255.37133333333335,137.37266666666667,392.7443333333333
50,0,844.9736571740863,0.0979282518006405,0.5003515189768802,678.0635520000001,0.30635934072964205,844.9736571740863,678.0635520000001,96.485,51.27766666666667,147.76266666666666,256.8136666666667,136.48633333333333,393.3006666666667
51,5000,2.850430443023913,0.022035821963206744,0.5114401342436766,185.05625583333332,0.6053022816286315,2.850430443023913,185.05625583333332,73.53266666666667,7.428888888888888,80.96155555555555,139.70422222222223,14.114333333333333,153.81866666666667
51,3000,4.694924587519707,0.02501213729999346,0.5108385762713029,185.46678938888888,0.6176315354069365,4.694924587519707,185.46678938888888,73.64216666666667,7.53,81.17216666666667,139.04666666666665,14.218166666666667,153.26466666666667
51,2000,6.963498347883854,0.03864368697497357,0.5099983368407138,185.70432455555556,0.4747397410600607,6.963498347883854,185.70432455555556,73.71116666666667,7.648499999999999,81.35966666666667,139.50366666666665,14.475333333333333,153.979
51,1500,9.183342895128659,0.050254775907705815,0.5095238820395555,185.08542844444443,0.03615348182503142,9.183342895128659,185.08542844444443,73.956,7.786833333333334,81.74266666666666,75.6695,7.967,83.6365
51,1000,13.488805105468058,0.06806178788694568,0.5091142525346253,185.4389978888889,0.011907160056334106,13.488805105468058,185.4389978888889,73.98583333333333,7.996166666666667,81.98183333333333,73.84133333333334,7.9805,81.822
51,900,14.874175427589327,0.07375182106319743,0.5090524523783103,185.56777,0.015508066245215738,14.874175427589327,185.56777,74.057,8.070500000000001,82.1275,74.407,8.108666666666666,82.51566666666666
51,800,16.601421530573887,0.08060398346554284,0.5089894437297677,185.714741,0.017247990178568803,16.601421530573887,185.714741,74.24533333333333,8.1755,82.42083333333333,74.31383333333333,8.182833333333333,82.4965
51,700,18.763530399864226,0.08869765958218218,0.5089070966924961,185.90293866666664,0.014294930161113138,18.763530399864226,185.90293866666664,74.27,8.2835,82.5535,74.02116666666667,8.2555,82.27666666666667
51,600,21.584900697162634,0.1002334456880488,0.5088239770197739,186.15775605555555,0.03401106049340413,21.584900697162634,186.15775605555555,74.46533333333333,8.446,82.91133333333333,74.8425,8.488833333333334,83.33149999999999
51,550,23.32292615005194,0.1069135513126557,0.5087934805971251,186.29078133333329,0.015267127025087838,23.32292615005194,186.29078133333329,74.51483333333333,8.531333333333334,83.04633333333334,74.518,8.532,83.04983333333332
51,450,27.834718914244963,0.12059347074462314,0.5086873698709501,186.6752317222222,0.030071477599906415,27.834718914244963,186.6752317222222,74.80866666666667,8.783166666666666,83.592,75.02716666666667,8.808833333333334,83.83583333333333
51,380,32.20707160446987,0.135372991431036,0.5086320342855843,187.03756233333334,0.026376390342714266,32.20707160446987,187.03756233333334,75.03383333333333,9.021333333333333,84.05516666666666,75.02216666666668,9.02,84.04216666666666
51,340,35.338998221063044,0.1435453530449404,0.5086090449215321,187.30826805555557,0.012070927977613761,35.338998221063044,187.30826805555557,75.15533333333333,9.186333333333332,84.34183333333333,75.242,9.197000000000001,84.43900000000001
51,300,39.26428627885198,0.1521660338472054,0.5085674200524257,187.66803727777778,0.03144177226092392,39.26428627885198,187.66803727777778,75.37433333333333,9.401,84.77533333333334,75.22816666666667,9.382666666666667,84.611
51,260,44.04857783100291,0.16073539306165674,0.5085445421623023,188.0317662777778,0.03989428077776012,44.04857783100291,188.0317662777778,75.69383333333333,9.669833333333335,85.36366666666667,74.94683333333333,9.574333333333334,84.52133333333333
51,220,50.33062102061687,0.17108431875536512,0.5085038229767754,188.57328444444443,0.038407417954034476,50.33062102061687,188.57328444444443,76.03983333333333,10.013,86.053,75.21733333333333,9.904833333333334,85.12233333333333
51,200,54.19060267898025,0.16735571685473025,0.5084856102632039,188.9230332777778,0.039406380346578486,54.19060267898025,188.9230332777778,76.19016666666667,10.215000000000002,86.40533333333333,76.04333333333334,10.195333333333332,86.2385
51,180,58.46864387134241,0.17553803509341007,0.5084530501572017,189.29737572222223,0.03215928373957474,58.46864387134241,189.29737572222223,76.42666666666666,10.448166666666667,86.875,76.51783333333333,10.460500000000001,86.97866666666665
51,160,63.81515100642448,0.17541328474402784,0.5084349278877942,189.7379912777778,0.05491300976529398,63.81515100642448,189.7379912777778,76.7195,10.740666666666668,87.46016666666667,76.44666666666667,10.7025,87.14916666666666
51,140,69.96923134573146,0.1726251804466193,0.5084140739913174,190.1998931666667,0.03465075876977622,69.96923134573146,190.1998931666667,77.09716666666667,11.084000000000001,88.18116666666667,79.47716666666666,11.426333333333332,90.90350000000001
51,120,78.13041135595235,0.1647714586584888,0.5084021348338154,190.94114011111108,0.046776494749040526,78.13041135595235,190.94114011111108,77.51083333333334,11.5225,89.03316666666667,77.48816666666666,11.519,89.007
51,100,88.53117668572132,0.1315268022654598,0.5083805430647397,191.83727950000002,0.048770587574777154,88.53117668572132,191.83727950000002,78.14699999999999,12.088666666666667,90.2355,77.71716666666667,12.022333333333334,89.7395
51,90,94.53984469972046,0.1264519719013754,0.5083746322210585,192.35231599999997,0.06390883847516961,94.53984469972046,192.35231599999997,78.55066666666666,12.425833333333332,90.97649999999999,80.83783333333334,12.787666666666667,93.62516666666666
51,80,101.37424719289426,0.12055640098365332,0.5083775465552057,192.95078350000003,0.04772081818230299,101.37424719289426,192.95078350000003,78.859,12.793666666666667,91.65249999999999,78.5315,12.740666666666668,91.2725
51,70,109.44632941569898,0.0714018686980635,0.5083592391416482,193.70526600000002,0.03935443202373209,109.44632941569898,193.70526600000002,79.30816666666666,13.229,92.53750000000001,79.054,13.186333333333332,92.24033333333334
51,65,114.06905068899555,0.05349623896100116,0.5083587177290066,194.06527483333335,0.06717481696678201,114.06905068899555,194.06527483333335,79.59366666666666,13.481166666666667,93.0745,79.56416666666667,13.476166666666666,93.04033333333332
51,60,119.35602850171016,0.010411735357381291,0.5083677883536111,194.41611844444446,0.035138563920360154,119.35602850171016,194.41611844444446,79.99533333333333,13.784666666666666,93.77999999999999,80.10433333333333,13.8035,93.908
51,55,124.9432390928099,0.008041521835880534,0.5083370407478539,194.74790544444443,0.07754898036085343,124.9432390928099,194.74790544444443,80.28216666666667,14.082666666666666,94.365,83.33,14.618166666666667,97.948
51,50,131.57440437163626,0.06948614617560318,0.5083457074112565,195.4247997777778,0.08914104315362767,131.57440437163626,195.4247997777778,80.71683333333333,14.452166666666665,95.169,84.4255,15.117166666666668,99.543
51,45,137.74309522434126,0.12084170084070991,0.5083396609075702,196.0998008888889,0.06634090232314475,137.74309522434126,196.0998008888889,81.0505,14.782000000000002,95.83233333333334,84.09266666666666,15.336,99.4285
51,40,143.53162723396375,0.15736945859949594,0.508348260192469,196.73729705555556,0.09664388084680153,143.53162723396375,196.73729705555556,81.33666666666666,15.0875,96.42399999999999,81.2105,15.063833333333333,96.2745
51,35,152.11926372642205,0.29930273018507364,0.5083364141378214,197.6043865,0.06425885286549338,152.11926372642205,197.6043865,81.90866666666666,15.555666666666667,97.46416666666666,82.31933333333333,15.633666666666665,97.95299999999999
51,30,159.8548363427212,0.24421171226083804,0.5083348800967304,198.50485500000002,0.0642522600674737,159.8548363427212,198.50485500000002,82.22383333333333,15.980333333333334,98.20433333333334,82.48966666666666,16.031833333333335,98.52183333333333
51,27,166.78035033189695,0.2592625764126446,0.5083362715868551,199.19969400000002,0.06096207753313875,166.78035033189695,199.19969400000002,82.66733333333333,16.371166666666667,99.039,82.70933333333333,16.3795,99.08833333333332
51,26,177.41516500589225,0.4385773904742911,0.508322819238976,200.35523888888892,0.06697386140000659,177.41516500589225,200.35523888888892,83.24583333333334,16.9445,100.19033333333334,88.20566666666667,17.952333333333332,106.15816666666666
51,25,177.0395509922489,0.5017944855502713,0.5083304913402508,200.33482933333335,0.06327757490684513,177.0395509922489,200.33482933333335,83.3455,16.941166666666664,100.28699999999999,84.539,17.184,101.72283333333333
51,24,183.4920794710404,0.38583492182665763,0.5083307958034596,201.11966883333332,0.0667262012854891,183.4920794710404,201.11966883333332,83.68583333333333,17.2745,100.96066666666667,85.12416666666667,17.57133333333333,102.6955
51,23,189.553875925252,0.5001763464841803,0.5083242210113008,201.90383916666667,0.07559188284575089,189.553875925252,201.90383916666667,84.26133333333333,17.629166666666666,101.89049999999999,85.7975,17.950666666666667,103.74816666666668
51,22,196.78524477619268,0.47064165970805344,0.5083258262190545,202.75512294444445,0.15590455095066727,196.78524477619268,202.75512294444445,84.71300000000001,18.010666666666665,102.72383333333333,86.45800000000001,18.3815,104.8395
51,21,206.6955576458082,1.0565881745540835,0.5083214595351702,203.9152451111111,0.14873367556506112,206.6955576458082,203.9152451111111,85.009,18.555666666666667,103.5645,86.4335,18.866333333333333,105.30016666666667
51,20,212.61845805704513,0.4853558295766165,0.5083121676194794,204.7712668888889,0.10648261732082712,212.61845805704513,204.7712668888889,85.29316666666666,18.870166666666666,104.16333333333334,87.05716666666666,19.2605,106.3175
51,19,233.31436138127594,0.21737990663076542,0.5083034978731321,207.7186152777778,0.21782930115760288,233.31436138127594,207.7186152777778,85.95483333333334,20.01,105.96483333333333,87.22166666666668,20.304833333333335,107.52633333333334
51,18,230.82172538114696,0.5222103986137561,0.5083077739558878,207.24190777777778,0.20005064430229372,230.82172538114696,207.24190777777778,85.955,19.8625,105.8175,87.5605,20.233333333333334,107.79433333333333
51,17,301.3252728722475,4.0689128869153235,0.5082878495910768,219.73287800000003,0.8395911366000233,301.3252728722475,219.73287800000003,88.4885,23.750666666666664,112.23933333333333,95.07600000000001,25.519333333333336,120.59533333333333
51,16,353.69359788443995,1.4671580114493423,0.5082743369490166,232.1246465555556,0.6610902220946439,353.69359788443995,232.1246465555556,90.36733333333332,26.652666666666665,117.01983333333334,99.30083333333334,29.28833333333333,128.58916666666667
51,15,377.93408959126236,1.5917530191543936,0.5082759615864493,239.69714255555553,1.2702312362733832,377.93408959126236,239.69714255555553,91.07766666666667,27.977500000000003,119.05516666666666,100.91033333333333,30.997333333333334,131.90766666666667
51,14,405.79247199631504,1.7443292791661573,0.5082656658428056,248.89899094444445,1.5017656277183633,405.79247199631504,248.89899094444445,91.93883333333333,29.51133333333333,121.45016666666668,103.29033333333332,33.155166666666666,136.44533333333334
51,13,437.81608778579175,1.6953273932030675,0.5082739065094556,261.36935505555556,1.4517408513872505,437.81608778579175,261.36935505555556,92.96916666666668,31.286833333333334,124.25600000000001,105.60849999999999,35.54116666666667,141.14966666666666
51,12,475.8767129650493,2.003672064194764,0.5082673375223409,280.10387188888893,4.081365994636638,475.8767129650493,280.10387188888893,94.15050000000001,33.3835,127.53433333333334,116.39066666666668,41.271,157.66166666666666
51,11,517.7955210013897,1.1678016765929504,0.5082706354137921,302.92767383333336,0.8078128456692795,517.7955210013897,302.92767383333336,95.4455,35.684000000000005,131.12966666666668,123.14616666666666,46.040333333333336,169.18633333333335
51,10,574.567295401444,2.7491485790742947,0.5082688960776705,356.0829315555555,18.978009580086002,574.567295401444,356.0829315555555,97.282,38.821,136.10266666666666,141.46316666666667,56.464666666666666,197.92783333333333
51,9,636.21611740958,1.4823622419214124,0.5082579684335583,387.33640066666663,3.9341952558154905,636.21611740958,387.33640066666663,99.15033333333334,42.21233333333333,141.363,156.22283333333334,66.5095,222.73233333333334
51,8,708.890963655219,13.907437257660423,0.5082458992603066,452.48938594444445,17.06693383761122,708.890963655219,452.48938594444445,101.11383333333333,46.2275,147.3415,180.50316666666666,82.5645,263.06766666666664
51,7,695.361563102199,85.47586584231294,0.5081186188140925,448.5953351666667,83.09871882663663,695.361563102199,448.5953351666667,99.17866666666667,45.410333333333334,144.589,175.76383333333334,81.11783333333334,256.8815
51,6,810.9347189124206,32.73805421093448,0.5082338889237817,599.9011822777778,78.24772141403594,810.9347189124206,599.9011822777778,104.08583333333333,51.862,155.94766666666666,235.0545,117.19783333333334,352.2525
51,5,844.2468153603508,0.4256794310464203,0.5083292241470784,671.4255377777778,1.790622226721257,844.2468153603508,671.4255377777778,105.56816666666667,53.717999999999996,159.28650000000002,264.48766666666666,134.58233333333334,399.0698333333333
51,4,844.8109949338477,0.8343811868982378,0.5083095670488295,671.6191016666667,2.006500389714058,844.8109949338477,671.6191016666667,104.26833333333333,53.75899999999999,158.02733333333333,260.55733333333336,134.33766666666668,394.895
51,3,845.239174276292,0.18490699807137853,0.5083088535808181,671.6026389444445,2.1441261886823044,845.239174276292,671.6026389444445,102.21066666666667,53.799,156.0095,280.2561666666667,147.45516666666666,427.71116666666666
51,2,844.7909955038361,0.25540987593249753,0.508297675266183,671.6932937777779,2.1924136942214405,844.7909955038361,671.6932937777779,101.78016666666667,53.726333333333336,155.50666666666666,254.3025,134.23316666666668,388.53583333333336
51,1,845.0804251658923,0.29846900142894806,0.5083251257224631,671.8085038888889,2.402091404827334,845.0804251658923,671.8085038888889,98.512,53.767833333333336,152.27966666666666,257.2445,140.356,397.60016666666667
51,0,845.1418105579332,0.10036367752900625,0.5082955200590623,672.0307151111111,1.9447580060108893,845.1418105579332,672.0307151111111,99.52366666666667,53.799,153.323,246.86116666666666,133.444,380.3053333333333
52,5000,2.800717806510985,0.002011580364746094,0.5203083000203215,185.34106366666666,0.6850872092991773,2.800717806510985,185.34106366666666,73.53533333333333,7.426666666666667,80.96233333333333,138.674,14.005333333333333,152.67933333333335
52,3000,4.601358072761088,0.02467223986316731,0.5212442453602453,185.3990527777778,0.5551611931469099,4.601358072761088,185.3990527777778,73.57583333333334,7.519833333333334,81.09583333333333,139.29466666666667,14.236833333333331,153.53166666666667
52,2000,6.820744562079123,0.03845115813951451,0.5204072885047119,185.67546788888887,0.6254762872503924,6.820744562079123,185.67546788888887,73.71633333333334,7.6445,81.36083333333333,139.2525,14.440333333333333,153.6928333333333
52,1500,8.998119016711874,0.04829537620259438,0.5199664352266754,185.0525147777778,0.013181015863185716,8.998119016711874,185.0525147777778,73.79733333333333,7.760333333333333,81.55816666666666,72.36883333333334,7.610166666666667,79.97866666666667
52,1000,13.219685737534759,0.06891496938967326,0.519586438902735,185.41956216666665,0.010134444484577785,13.219685737534759,185.41956216666665,73.94083333333333,7.981999999999999,81.923,73.97733333333333,7.986166666666667,81.96333333333332
52,900,14.575478764847844,0.07663083627990595,0.5195378098425497,185.53469611111112,0.017334420673150514,14.575478764847844,185.53469611111112,74.06433333333334,8.062166666666668,82.12666666666667,74.00883333333333,8.056333333333333,82.065
52,800,16.266130973663866,0.08488569182464732,0.519424596258602,185.6881158888889,0.0350210689351821,16.266130973663866,185.6881158888889,74.09983333333334,8.1485,82.24849999999999,74.36500000000001,8.177833333333334,82.54266666666666
52,700,18.3872108748652,0.09599079668887443,0.5193240137402629,185.85016216666668,0.010007872163135714,18.3872108748652,185.85016216666668,74.261,8.270666666666665,82.53166666666667,74.17516666666667,8.261166666666666,82.43650000000001
52,600,21.148980245545605,0.10667504438115705,0.5192307536620033,186.07918877777777,0.018978364733077027,21.148980245545605,186.07918877777777,74.35566666666666,8.416500000000001,82.77166666666666,74.27416666666666,8.407166666666667,82.68116666666667
52,550,22.85283267734559,0.11640427809560723,0.5191898625859339,186.2351076111111,0.027082757164269698,22.85283267734559,186.2351076111111,74.44433333333333,8.509500000000001,82.95433333333334,74.306,8.494,82.8
52,450,27.2743081707229,0.1305513350616234,0.5190801416221495,186.6118275,0.019998410545459384,27.2743081707229,186.6118275,74.67533333333334,8.751333333333333,83.42666666666666,74.3325,8.711166666666667,83.04366666666667
52,380,31.56283994235333,0.1528032680134681,0.5190054371554828,186.95823499999997,0.018354512180324783,31.56283994235333,186.95823499999997,74.891,8.9855,83.87633333333333,75.15266666666666,9.016666666666667,84.16966666666666
52,340,34.63309740503769,0.16593022549420136,0.5189608849036944,187.21893033333333,0.02840720464247295,34.63309740503769,187.21893033333333,75.04816666666666,9.1535,84.20116666666667,75.06716666666667,9.1555,84.22266666666667
52,300,38.519521096648,0.19629519083204355,0.5189338951759218,187.56086077777778,0.03213399531107748,38.519521096648,187.56086077777778,75.25916666666667,9.3665,84.62566666666667,74.68766666666666,9.295,83.98283333333333
52,260,43.21788009349755,0.21787417572849221,0.5189016070335056,187.93106022222221,0.03700386098273594,43.21788009349755,187.93106022222221,75.51466666666667,9.624166666666667,85.139,74.89683333333333,9.545333333333334,84.44233333333334
52,220,49.33890487026204,0.19930179783907848,0.5188585910536055,188.45590427777776,0.05591816056601592,49.33890487026204,188.45590427777776,75.8325,9.9595,85.79216666666666,74.9595,9.844833333333334,84.80416666666666
52,200,53.08662272694291,0.19916853923693947,0.5188342670501963,188.77595044444445,0.03034490610201725,53.08662272694291,188.77595044444445,76.068,10.169166666666667,86.23700000000001,75.84033333333333,10.138833333333332,85.97916666666667
52,180,57.302085082431255,0.2393301442660854,0.518816206266853,189.12963172222226,0.036161181955516944,57.302085082431255,189.12963172222226,76.3345,10.407333333333334,86.742,79.0665,10.779499999999999,89.84633333333333
52,160,62.54915317675386,0.25439263029827397,0.5187991283229639,189.55241188888888,0.06487220864289232,62.54915317675386,189.55241188888888,76.50983333333333,10.6835,87.19350000000001,76.8165,10.726333333333335,87.543
52,140,68.653146306444,0.2924466351564304,0.5187826476319279,190.02687616666665,0.06202833024952106,68.653146306444,190.02687616666665,76.88883333333332,11.022166666666665,87.911,76.3935,10.951166666666666,87.34466666666667
52,120,76.74196820204557,0.323394234667495,0.5187493221838467,190.71804861111113,0.05578466261595779,76.74196820204557,190.71804861111113,77.29516666666667,11.457833333333333,88.753,76.71416666666667,11.371666666666668,88.08566666666667
52,100,86.90908848723438,0.321377900610403,0.5187366187343018,191.5790043333333,0.07662680856954057,86.90908848723438,191.5790043333333,77.88833333333334,12.014000000000001,89.90249999999999,77.366,11.933666666666667,89.29966666666667
52,90,92.91172254783588,0.38182162034553335,0.518724039968636,192.12864522222222,0.042857597593075974,92.91172254783588,192.12864522222222,78.2255,12.341833333333334,90.56766666666665,77.71583333333334,12.261333333333333,89.97716666666668
52,80,99.5601540860248,0.3647323260366774,0.5187238515004161,192.66667561111112,0.08371998817578594,99.5601540860248,192.66667561111112,78.568,12.7065,91.27433333333333,77.784,12.579833333333333,90.36399999999999
52,70,107.44460173278242,0.26606473889929055,0.5187153910028827,193.37457644444444,0.07774608706800495,107.44460173278242,193.37457644444444,78.9965,13.138166666666665,92.13483333333333,78.454,13.048,91.502
52,65,111.99174541772226,0.2597764221759746,0.5187125949411305,193.77042638888892,0.07132928824306942,111.99174541772226,193.77042638888892,79.25966666666666,13.386000000000001,92.64533333333333,78.9235,13.329166666666666,92.25266666666666
52,60,117.16356766273064,0.15612171116481494,0.5187068522680521,194.18532538888886,0.05619394762641057,117.16356766273064,194.18532538888886,79.648,13.685666666666668,93.3335,82.48133333333334,14.173,96.65433333333334
52,55,122.68727967881966,0.2500604597545986,0.5186911936465602,194.51222816666666,0.07021019915931523,122.68727967881966,194.51222816666666,79.866,13.970833333333333,93.83699999999999,79.61133333333333,13.926166666666667,93.53750000000001
52,50,129.1197448519409,0.20148108453899663,0.5186910718053417,195.0455532777778,0.034551691741470464,129.1197448519409,195.0455532777778,80.22633333333333,14.324333333333334,94.55083333333334,80.92433333333334,14.449,95.37349999999999
52,45,135.06785348154264,0.19771285231558136,0.5186840528948071,195.6819567777778,0.095260170688433,135.06785348154264,195.6819567777778,80.63733333333333,14.657499999999999,95.295,83.491,15.175833333333335,98.66683333333333
52,40,140.69061274072988,0.14501816682325977,0.5186930084825185,196.2565858888889,0.06597515587474291,140.69061274072988,196.2565858888889,80.88683333333333,14.955,95.84166666666665,80.779,14.935166666666667,95.714
52,35,149.2572245923008,0.4141536904424491,0.5186873204268487,197.12456461111108,0.050327185617251864,149.2572245923008,197.12456461111108,81.55566666666667,15.437333333333333,96.99283333333334,84.89800000000001,16.068833333333334,100.96683333333334
52,30,156.95523522824186,0.12492252478688663,0.5186834135184738,198.06844972222223,0.11107196046415024,156.95523522824186,198.06844972222223,81.73216666666667,15.843666666666666,97.57600000000001,81.83416666666666,15.863333333333335,97.69766666666668
52,27,163.52345929544714,0.0519000404784746,0.5186814472856117,198.8733865,0.1513460217615979,163.52345929544714,198.8733865,82.0985,16.2045,98.30316666666666,82.155,16.216166666666666,98.371
52,26,173.84954363689238,0.45249456890939266,0.5186764512496621,199.79261749999998,0.06311429434208818,173.84954363689238,199.79261749999998,82.72216666666667,16.7825,99.505,82.97683333333333,16.834166666666665,99.81150000000001
52,25,173.35385342359652,0.40904513637548906,0.5186717339167823,199.7814555,0.08030987565554912,173.35385342359652,199.7814555,82.73333333333333,16.757833333333334,99.491,83.07666666666667,16.827333333333332,99.90416666666665
52,24,179.70790637244716,0.35461086697093047,0.5186722221865375,200.4573396111111,0.05985809265676692,179.70790637244716,200.4573396111111,83.1605,17.1095,100.27033333333334,87.45166666666667,17.99383333333333,105.44533333333334
52,23,185.60043184434244,0.5826823460121054,0.5186668429050099,201.1625895,0.09826353169756691,185.60043184434244,201.1625895,83.6095,17.430833333333332,101.04016666666666,84.7585,17.670666666666666,102.42899999999999
52,22,192.84731008220362,0.4085973381868068,0.5186695896465173,202.13518527777777,0.12992040235918342,192.84731008220362,202.13518527777777,84.17016666666667,17.837999999999997,102.00833333333333,85.44583333333333,18.108333333333334,103.55416666666667
52,21,202.87287428497393,1.0989311354404439,0.5186600387444125,203.43164005555556,0.1335767218128984,202.87287428497393,203.43164005555556,84.347,18.3705,102.71716666666667,85.71516666666668,18.668499999999998,104.38333333333333
52,20,208.41210630890305,0.3243206705316305,0.5186598659282909,204.20381766666665,0.12683826161516898,208.41210630890305,204.20381766666665,84.6965,18.680833333333336,103.37716666666667,86.4525,19.067833333333333,105.52066666666667
52,19,227.71847659269534,1.212737125681399,0.5186525243620932,206.7688856666667,0.2937067869848207,227.71847659269534,206.7688856666667,85.30399999999999,19.747333333333334,105.05116666666667,86.49683333333333,20.023,106.52
52,18,226.3329554478015,0.213506732376431,0.5186521350657493,207.1803933888889,0.39779011354343735,226.3329554478015,207.1803933888889,85.38666666666666,19.67866666666667,105.06533333333334,86.56166666666667,19.949166666666667,106.5105
52,17,295.57257126037854,3.463588034173319,0.5186334690928452,218.6187487777778,0.8349587501263979,295.57257126037854,218.6187487777778,87.7045,23.500666666666664,111.20533333333333,94.22783333333332,25.249,119.47666666666667
52,16,346.5087308155125,1.3551535886278574,0.5186265615474667,232.2978862777778,1.290970822671899,346.5087308155125,232.2978862777778,89.37316666666668,26.314999999999998,115.68849999999999,97.85683333333333,28.813333333333333,126.67
52,15,370.27518978387496,1.4134814975328496,0.5186227280839953,239.93660727777777,1.8928407980309199,370.27518978387496,239.93660727777777,90.00933333333334,27.610666666666663,117.62016666666666,99.80066666666666,30.614666666666665,130.416
52,14,397.56728123811837,1.4815286389691216,0.5186164007941757,251.37723222222223,2.4917555167573955,397.56728123811837,251.37723222222223,90.927,29.162666666666667,120.08966666666667,102.6685,32.92783333333333,135.59616666666668
52,13,428.6949815632429,1.7316857810008146,0.518620030981297,262.7618821666667,3.6551896194942306,428.6949815632429,262.7618821666667,91.80149999999999,30.877666666666666,122.67900000000002,104.38633333333333,35.1115,139.49800000000002
52,12,466.19437408735774,1.740620921182356,0.518610097565829,293.8682816666667,7.562543489545493,466.19437408735774,293.8682816666667,92.7555,32.913333333333334,125.66866666666665,137.01633333333334,48.623333333333335,185.6395
52,11,507.9504319278936,0.47325851187725293,0.5186115933282162,299.0592321666666,3.779218017006834,507.9504319278936,299.0592321666666,93.985,35.21933333333333,129.20433333333332,121.37483333333334,45.48266666666667,166.8575
52,10,563.3630440012465,2.076932267192192,0.5186115035693901,364.4177901111111,8.06430987616592,563.3630440012465,364.4177901111111,95.68633333333332,38.300666666666665,133.98683333333332,153.09900000000002,61.25033333333334,214.34849999999997
52,9,627.7836531727845,0.9685895288668356,0.5186252204418335,394.7974305,20.99478348458359,627.7836531727845,394.7974305,97.79116666666668,41.8665,139.65783333333334,175.456,75.07366666666667,250.52966666666666
52,8,703.0462683810555,6.624886558067569,0.5185996083777421,463.6249147777778,31.06781688597416,703.0462683810555,463.6249147777778,99.96266666666666,46.02433333333334,145.98716666666667,180.874,83.313,264.1875
52,7,810.977671530408,1.065685135900079,0.5186664784845066,587.9424104999999,1.6242168247007445,810.977671530408,587.9424104999999,103.75383333333333,52.018166666666666,155.77233333333334,230.87199999999999,115.75450000000001,346.627
52,6,841.9267431815286,0.6297652558804882,0.5187660442715812,662.4954176666666,1.7102260735807542,841.9267431815286,662.4954176666666,105.431,53.74333333333333,159.174,259.26733333333334,132.16033333333334,391.4275
52,5,844.163031672962,0.26253674231346563,0.5188083945056512,664.7742569444445,2.7482694519241564,844.163031672962,664.7742569444445,104.79466666666667,53.850833333333334,158.64533333333335,273.0205,140.27083333333334,413.29133333333334
52,4,844.63351865109,0.1772850428600193,0.5187808906251096,663.6569368888889,2.096529508871708,844.63351865109,663.6569368888889,103.46583333333332,53.91166666666667,157.3775,255.95966666666666,133.37133333333335,389.3308333333334
52,3,845.0356936971297,0.16826663953729454,0.5187944240681196,663.7216521666668,2.124873537847827,845.0356936971297,663.7216521666668,100.79483333333333,53.87916666666666,154.674,261.0588333333333,139.57750000000001,400.63616666666667
52,2,844.5753353413578,0.09009897648311327,0.5187669907604359,663.5382785555556,2.2317515928515705,844.5753353413578,663.5382785555556,100.15050000000001,53.82983333333333,153.98033333333333,246.50683333333333,132.48983333333334,378.99666666666667
52,1,845.0367607934759,0.4426807372939154,0.5187910168095188,663.7478176666667,2.0763758337050895,845.0367607934759,663.7478176666667,96.72133333333333,53.885333333333335,150.60683333333336,237.65066666666667,132.3995,370.0505
52,0,844.8297932196693,0.2786075411890642,0.5187668172161224,663.9348003888889,2.4896174178241908,844.8297932196693,663.9348003888889,97.84233333333333,53.879999999999995,151.72233333333332,240.14566666666667,132.24316666666667,372.3885
53,5000,2.760273097567531,0.016156102101354528,0.5286506721200614,185.6376241111111,0.20704645660265486,2.760273097567531,185.6376241111111,73.51016666666668,7.422666666666667,80.93283333333333,138.20950000000002,13.955666666666666,152.165
53,3000,4.508168124975296,0.02574412875399218,0.5315608423632587,185.81105244444447,0.1484362323547399,4.508168124975296,185.81105244444447,73.64233333333333,7.523833333333333,81.1665,141.568,14.463833333333334,156.03166666666667
53,2000,6.681186954600599,0.03617633933550003,0.5313482320541925,185.29622705555553,0.5960784534824083,6.681186954600599,185.29622705555553,73.67616666666667,7.635833333333333,81.31216666666667,128.12783333333334,13.279333333333334,141.40716666666665
53,1500,8.811179676087091,0.046734354885842475,0.5308991997610706,185.045473,0.0032427741141830358,8.811179676087091,185.045473,73.71916666666667,7.748833333333334,81.46816666666666,72.69033333333333,7.640833333333333,80.331
53,1000,12.942850076799246,0.06645838591881945,0.5305280934461126,185.3882882222222,0.012881295964230266,12.942850076799246,185.3882882222222,73.95049999999999,7.9750000000000005,81.92566666666666,73.78816666666667,7.9576666666666656,81.74583333333334
53,900,14.272670916148064,0.07220388920479164,0.5304623406521328,185.51443844444444,0.03200932268272839,14.272670916148064,185.51443844444444,73.9645,8.045833333333333,82.01033333333334,74.39766666666667,8.093166666666667,82.49066666666667
53,800,15.927885553215004,0.0783134440113695,0.5303446777595934,185.65870416666667,0.02553790213670691,15.927885553215004,185.65870416666667,74.14233333333334,8.147,82.28983333333333,74.19483333333334,8.152833333333334,82.34783333333333
53,700,18.004214412406764,0.08550732832860287,0.5302588905237735,185.81398127777777,0.025895865721865714,18.004214412406764,185.81398127777777,74.15633333333334,8.248,82.40433333333333,73.91266666666667,8.220833333333333,82.1335
53,600,20.70757339584068,0.09626312702680263,0.530158014178843,186.04059983333332,0.012784352631661436,20.70757339584068,186.04059983333332,74.28433333333334,8.3955,82.67983333333333,74.34183333333333,8.402166666666666,82.74366666666667
53,550,22.374478763773663,0.10225172560120127,0.5301066246366296,186.18248238888887,0.020621199524772118,22.374478763773663,186.18248238888887,74.41166666666668,8.491666666666667,82.90316666666666,74.821,8.538166666666667,83.35933333333334
53,450,26.7050608367414,0.11424680076016043,0.5300236666168062,186.53367650000004,0.01731653792539663,26.7050608367414,186.53367650000004,74.58149999999999,8.724166666666667,83.3055,74.721,8.740666666666668,83.4615
53,380,30.901429581218736,0.1255749511037076,0.5299566015755581,186.90273788888888,0.02941232609991589,30.901429581218736,186.90273788888888,74.83066666666666,8.959666666666667,83.79033333333334,74.93733333333334,8.972333333333333,83.91
53,340,33.9083861739941,0.13088713779765035,0.5299062073902915,187.1334885,0.014751592704601777,33.9083861739941,187.1334885,74.98216666666666,9.125,84.107,75.11033333333334,9.140333333333333,84.25066666666667
53,300,37.707752070660185,0.12466606607979491,0.5298695590245542,187.44909677777775,0.021762403551550895,37.707752070660185,187.44909677777775,75.127,9.3275,84.45466666666667,75.18016666666666,9.334000000000001,84.514
53,260,42.307483328629836,0.12776964274605904,0.5298257410113548,187.81552822222224,0.024869684475211946,42.307483328629836,187.81552822222224,75.37066666666666,9.581333333333333,84.95200000000001,74.9965,9.533833333333334,84.53016666666666
53,220,48.31152100473764,0.15222357174783224,0.5297839219589129,188.327843,0.01955002517304779,48.31152100473764,188.327843,75.67016666666667,9.911333333333333,85.58183333333334,74.6975,9.784,84.48166666666667
53,200,51.9758798151607,0.15879798937814274,0.5297678021849358,188.63736161111112,0.021206967179491054,51.9758798151607,188.63736161111112,75.88250000000001,10.118833333333333,86.00133333333333,76.57333333333334,10.211,86.78416666666668
53,180,56.08729941440362,0.15343165217096627,0.5297521632207077,188.97096105555556,0.03314104996754691,56.08729941440362,188.97096105555556,76.04483333333333,10.335333333333333,86.38033333333334,76.3475,10.3765,86.72383333333333
53,160,61.21910587238202,0.15152593378607385,0.5297369878172437,189.3572481111111,0.028328870587090202,61.21910587238202,189.3572481111111,76.402,10.631333333333334,87.03316666666666,76.31933333333333,10.619666666666667,86.93916666666667
53,140,67.19254796898745,0.11916982079775357,0.529708830425811,189.8200982777778,0.026610180167585977,67.19254796898745,189.8200982777778,76.6925,10.9585,87.65116666666667,76.33883333333334,10.908000000000001,87.24683333333333
53,120,75.10491703372793,0.06171731418325522,0.5296920906918492,190.4906733888889,0.02466981159269326,75.10491703372793,190.4906733888889,77.09166666666665,11.388333333333334,88.48016666666666,76.8545,11.353333333333333,88.20800000000001
53,100,85.04078921005834,0.04542885321443435,0.5296683902454381,191.32755627777775,0.04312188892452188,85.04078921005834,191.32755627777775,77.64816666666667,11.934166666666668,89.582,77.13416666666667,11.855166666666667,88.9895
53,90,90.92114440915107,0.00955789387862816,0.5296638771079885,191.83521461111113,0.02749915576999772,90.92114440915107,191.83521461111113,78.01899999999999,12.2645,90.28366666666666,77.55566666666667,12.191666666666668,89.74733333333334
53,80,97.41635384782874,0.007656664470296962,0.5296551127097482,192.36006283333333,0.05591604065452017,97.41635384782874,192.36006283333333,78.27816666666666,12.613,90.89133333333332,77.75150000000001,12.528,90.27933333333334
53,70,105.18309767063754,0.0162448124151711,0.5296525633042615,193.08891766666667,0.08033301490976412,105.18309767063754,193.08891766666667,78.67233333333333,13.046666666666667,91.71916666666668,79.41033333333333,13.1695,92.57983333333334
53,65,109.62132755593932,0.038536452407296085,0.5296455081279487,193.4148747222222,0.05281262860569523,109.62132755593932,193.4148747222222,78.94516666666668,13.2845,92.22983333333333,78.484,13.207,91.69099999999999
53,60,114.72943560920595,0.07723810841768414,0.5296387599275327,193.84749416666668,0.04539997266505846,114.72943560920595,193.84749416666668,79.16833333333334,13.5555,92.72383333333333,78.95533333333334,13.519,92.47416666666668
53,55,120.09535453668302,0.1163073405349861,0.5296374691813034,194.16871805555556,0.046313112878613595,120.09535453668302,194.16871805555556,79.50366666666666,13.855666666666666,93.35966666666667,79.93283333333333,13.930666666666667,93.8635
53,50,126.35921734399172,0.1665487519556443,0.5296318806218985,194.61630094444445,0.03450711352004737,126.35921734399172,194.61630094444445,79.85383333333333,14.201,94.05483333333332,79.64166666666667,14.163499999999999,93.80499999999999
53,45,132.16105666423258,0.189170277888006,0.5296333570356113,195.14675177777778,0.04807696232022437,132.16105666423258,195.14675177777778,80.178,14.517833333333334,94.69600000000001,80.32366666666667,14.5445,94.86816666666668
53,40,137.6734893710532,0.1578891365211746,0.5296272229495028,195.77454327777778,0.0458653138174689,137.6734893710532,195.77454327777778,80.46866666666666,14.822666666666665,95.29133333333334,80.60816666666666,14.848166666666666,95.4565
53,35,145.72650908207706,0.3179966132459631,0.5296270040538732,196.58594966666666,0.03589213681078303,145.72650908207706,196.58594966666666,80.96033333333334,15.263166666666665,96.22366666666666,81.20366666666666,15.309166666666668,96.51283333333333
53,30,153.61935848300416,0.3887664018986386,0.5296197584788075,197.419952,0.053124471340004364,153.61935848300416,197.419952,81.26116666666667,15.696833333333332,96.95816666666667,81.694,15.780500000000002,97.47466666666666
53,27,160.0914904183913,0.3559690851191626,0.5296248393422854,198.10991094444444,0.05107788139712101,160.0914904183913,198.10991094444444,81.7045,16.073166666666665,97.77816666666666,84.8865,16.697666666666667,101.584
53,26,170.81402416693655,1.1920409847368059,0.5296153154383537,199.27476950000002,0.06117321711293141,170.81402416693655,199.27476950000002,82.16799999999999,16.642333333333333,98.81016666666666,82.35016666666667,16.679166666666667,99.02933333333333
53,25,169.9092279010563,0.5964197183604159,0.5296092447494204,199.21283994444445,0.03202915962571568,169.9092279010563,199.21283994444445,82.19383333333333,16.592333333333332,98.78616666666666,82.38866666666667,16.631833333333333,99.02016666666667
53,24,176.12483034299203,0.5326466358142026,0.5296097102543473,199.8784213888889,0.09182442115652219,176.12483034299203,199.8784213888889,82.55366666666667,16.930833333333336,99.48433333333332,83.101,17.042833333333334,100.14383333333335
53,23,181.96044804657774,0.5995890550873509,0.5296063134346222,200.6220265555556,0.12146182727913536,181.96044804657774,200.6220265555556,83.17783333333334,17.284499999999998,100.46233333333333,84.25450000000001,17.508333333333333,101.76283333333333
53,22,188.92725823622413,0.583774231024407,0.5295967840104815,201.43094094444442,0.10602755752904637,188.92725823622413,201.43094094444442,83.50616666666667,17.63533333333333,101.14166666666667,85.30333333333333,18.01516666666667,103.31866666666667
53,21,198.18189182152415,0.5859084337668704,0.5295981775621557,202.59862894444447,0.053978701091526596,198.18189182152415,202.59862894444447,83.6965,18.148166666666665,101.84416666666668,85.6965,18.581166666666665,104.27783333333333
53,20,204.01193418545736,0.49057288293306706,0.529597290689086,203.43564405555557,0.1843097639611021,204.01193418545736,203.43564405555557,83.994,18.459666666666667,102.4535,85.91383333333333,18.882166666666667,104.79583333333333
53,19,224.52768921851677,0.29273804295357,0.529589554793797,206.2757018888889,0.10692106934528126,224.52768921851677,206.2757018888889,84.68249999999999,19.6215,104.30383333333333,88.94816666666667,20.6085,109.55683333333333
53,18,221.4348766582291,0.4104389138515542,0.5295892760301175,205.77571527777778,0.2124478854269485,221.4348766582291,205.77571527777778,84.65599999999999,19.442833333333333,104.099,86.33183333333334,19.828166666666664,106.15966666666667
53,17,289.2091309372542,3.2351465059843405,0.5295770237248005,217.28374766666664,0.7990890361883993,289.2091309372542,217.28374766666664,86.72516666666667,23.182333333333332,109.90733333333333,92.41483333333333,24.70483333333333,117.1195
53,16,339.068439053367,1.3982684629617264,0.5295708323340077,228.9308256666667,0.33519264527877396,339.068439053367,228.9308256666667,88.27483333333333,25.955,114.22966666666667,100.16616666666665,29.445999999999998,129.612
53,15,362.23339693263665,1.6227848904699793,0.5295665759268293,234.348647,1.1095055735673724,362.23339693263665,234.348647,88.97833333333334,27.260499999999997,116.23883333333333,97.66783333333335,29.923333333333332,127.59100000000001
53,14,389.02403356949327,1.6298946500618943,0.529559961185222,243.239918,0.9448752893586672,389.02403356949327,243.239918,89.5785,28.714333333333332,118.29283333333332,100.0005,32.05583333333333,132.05633333333333
53,13,419.43853233218744,1.77936530936539,0.5295632712839466,253.15337844444446,0.602727064427917,419.43853233218744,253.15337844444446,90.44066666666667,30.406499999999998,120.84733333333334,101.84866666666666,34.24183333333334,136.0905
53,12,456.25760459800904,1.9937789701911743,0.529559577755668,269.9002009444444,0.7537296440384115,456.25760459800904,269.9002009444444,91.55166666666666,32.465333333333334,124.01683333333334,105.18616666666667,37.30083333333334,142.487
53,11,495.42542121134426,0.16512670954570324,0.5295545911101432,288.0087518333333,1.154394874658963,495.42542121134426,288.0087518333333,92.82433333333334,34.64266666666666,127.467,117.14216666666668,43.719,160.86133333333333
53,10,551.523089475237,2.3485166526179135,0.5295475856012889,333.02074755555554,3.619433242316818,551.523089475237,333.02074755555554,94.51516666666667,37.74783333333333,132.26316666666665,131.26,52.42366666666666,183.68366666666668
53,9,612.9140851151649,0.653717197682306,0.529563518716577,369.5259102222222,6.121577079609389,612.9140851151649,369.5259102222222,95.94766666666668,41.05683333333334,137.00466666666668,142.64333333333335,61.03633333333334,203.67933333333335
53,8,694.3377158871803,2.8744859801478464,0.529535239555604,460.75346083333335,4.895510342441924,694.3377158871803,460.75346083333335,98.5005,45.679833333333335,144.18066666666667,176.899,82.03500000000001,258.9336666666666
53,7,797.115732958826,0.8633953701807258,0.5295438659695965,566.5177253333333,3.162471202286767,797.115732958826,566.5177253333333,101.89316666666667,51.4235,153.31666666666666,220.23149999999998,111.1425,331.3738333333333
53,6,841.5054933409807,0.43242929052134993,0.5296829141273498,654.5911982777777,1.8165415921857933,841.5054933409807,654.5911982777777,104.117,53.845333333333336,157.96233333333333,254.52466666666666,131.6275,386.1521666666667
53,5,843.406527478235,0.17513520163767665,0.5297641933675618,655.6283748333334,2.165290803982302,843.406527478235,655.6283748333334,103.675,53.98083333333333,157.6555,253.79816666666667,132.14416666666668,385.94266666666664
53,4,844.1075988807721,0.13404326054190757,0.5297295413356242,655.774284,2.0819972573118433,844.1075988807721,655.774284,103.03483333333334,54.00683333333333,157.04183333333333,263.1786666666667,137.95483333333334,401.1331666666667
53,3,844.0135449717401,0.26827537801167184,0.5297179623855148,655.7056592777777,2.056410535004128,844.0135449717401,655.7056592777777,100.2845,54.02733333333333,154.312,245.19733333333332,132.09666666666666,377.29383333333334
53,2,843.7034288835288,0.7000959187703484,0.5296977438551608,655.8536412222222,2.1162837160295864,843.7034288835288,655.8536412222222,99.16016666666667,53.968333333333334,153.12866666666665,241.773,131.58533333333332,373.3585
53,1,844.082279284006,0.18551682203043432,0.5297169214896357,655.8246201666667,2.051873715684651,844.082279284006,655.8246201666667,96.2505,54.00383333333334,150.25433333333334,258.58483333333334,145.08716666666666,403.67233333333337
53,0,844.181496973663,0.16951454853401315,0.5297036442625993,655.8677756666667,2.4528560782828346,844.181496973663,655.8677756666667,96.873,53.97383333333334,150.84683333333334,237.15983333333335,132.136,369.2963333333333
54,5000,2.7044529450956527,0.018095178322463424,0.539302474727185,185.2305321111111,0.5294640797422163,2.7044529450956527,185.2305321111111,73.45,7.414666666666666,80.86483333333332,138.48850000000002,13.9805,152.46883333333332
54,3000,4.446060217062942,0.023863165236615223,0.5392661565774156,185.39136566666664,0.6686032912687632,4.446060217062942,185.39136566666664,73.58216666666667,7.515999999999999,81.09816666666667,139.14583333333334,14.212833333333334,153.35866666666666
54,2000,6.573782021043751,0.0027974533902681725,0.5398180207840726,185.63798144444445,0.6804599837703246,6.573782021043751,185.63798144444445,73.661,7.633,81.29433333333333,118.14666666666666,12.244333333333335,130.39133333333334
54,1500,8.672521775357254,0.001213150337537363,0.5394103474638867,185.03730177777777,0.017555410898495563,8.672521775357254,185.03730177777777,73.70833333333333,7.741,81.449,72.055,7.567333333333333,79.62233333333333
54,1000,12.668982832158841,0.06979560242447017,0.5419342276082127,185.3658473888889,0.009150720213116312,12.668982832158841,185.3658473888889,73.909,7.9624999999999995,81.87166666666667,73.5765,7.9265,81.503
54,900,13.970022553916598,0.07455713482826772,0.5418300898562709,185.4832091111111,0.012944109056796988,13.970022553916598,185.4832091111111,73.92416666666666,8.0315,81.95566666666667,73.87116666666667,8.025666666666668,81.89683333333333
54,800,15.591413479793522,0.08622388438179417,0.5417689077697182,185.6222948888889,0.011914817261931006,15.591413479793522,185.6222948888889,73.99516666666666,8.117166666666668,82.11233333333332,74.15716666666667,8.135,82.29233333333333
54,700,17.6235042156186,0.09639019960627157,0.541679627436941,185.78652105555557,0.007600143646060037,17.6235042156186,185.78652105555557,74.14016666666667,8.234833333333333,82.37516666666666,74.17816666666667,8.238999999999999,82.41683333333333
54,600,20.270850412512534,0.10743986634329483,0.5416113623419204,185.9966815,0.019363963854699275,20.270850412512534,185.9966815,74.22283333333333,8.375833333333334,82.59866666666666,74.124,8.364833333333333,82.48899999999999
54,550,21.902992840894484,0.1167432522558625,0.5415548537064657,186.12993283333333,0.007410933945504889,21.902992840894484,186.12993283333333,74.30399999999999,8.465666666666667,82.77,74.30266666666667,8.4655,82.76816666666667
54,450,26.141246688863408,0.1321635849276282,0.5414953275593506,186.47451727777778,0.01573610334149701,26.141246688863408,186.47451727777778,74.50750000000001,8.699333333333334,83.20716666666667,74.24583333333334,8.668833333333334,82.91433333333333
54,380,30.25453470613144,0.14871017114766297,0.5414557342564931,186.83389705555555,0.018444185901633752,30.25453470613144,186.83389705555555,74.68466666666667,8.924166666666666,83.6085,74.819,8.940166666666666,83.7595
54,340,33.194414571901234,0.16438200839351658,0.5413943428982536,187.0487477222222,0.023991780706849986,33.194414571901234,187.0487477222222,74.82350000000001,9.085666666666667,83.9095,74.88883333333334,9.093833333333334,83.9825
54,300,36.91411744324259,0.17081173647557663,0.5413597545804429,187.36831255555555,0.034744215714713346,36.91411744324259,187.36831255555555,75.00466666666667,9.290666666666667,84.29516666666667,75.19883333333333,9.314666666666668,84.51316666666666
54,260,41.41389589176746,0.18367476117102619,0.5413384751224075,187.71468688888888,0.022673691879637612,41.41389589176746,187.71468688888888,75.27166666666666,9.544333333333334,84.81616666666666,75.18783333333333,9.5335,84.72133333333333
54,220,47.293536638204976,0.19263520184234212,0.5412997627967032,188.19852177777776,0.03018245675859914,47.293536638204976,188.19852177777776,75.51299999999999,9.863666666666667,85.377,74.60000000000001,9.7445,84.34433333333332
54,200,50.878958947968364,0.22553835629362678,0.5412825203942576,188.48789227777777,0.029647266028288894,50.878958947968364,188.48789227777777,75.73016666666666,10.0675,85.79766666666667,75.07683333333334,9.9805,85.05749999999999
54,180,54.905618442003636,0.2518838313932203,0.5412493267428383,188.80640177777778,0.02517404103230427,54.905618442003636,188.80640177777778,75.86516666666667,10.2805,86.14566666666667,76.05583333333334,10.3065,86.3625
54,160,59.92910117395232,0.268602267316123,0.5412456129896718,189.17276744444442,0.041808577496711706,59.92910117395232,189.17276744444442,76.10716666666667,10.558166666666667,86.66516666666666,75.7525,10.508833333333333,86.26133333333333
54,140,65.7734530462172,0.2577069561324097,0.5412293029391159,189.6522706111111,0.027953217782907408,65.7734530462172,189.6522706111111,76.39150000000001,10.880833333333333,87.27199999999999,75.88633333333333,10.809,86.69533333333334
54,120,73.5204929842915,0.2436630910772258,0.5412184328684339,190.27310166666666,0.04313754915204544,73.5204929842915,190.27310166666666,76.89316666666667,11.321333333333333,88.2145,76.49083333333333,11.262500000000001,87.75333333333333
54,100,83.24707602200478,0.27006637105951925,0.5411937241904559,191.06932144444443,0.058445185034503,83.24707602200478,191.06932144444443,77.32116666666667,11.843000000000002,89.164,77.12133333333334,11.812166666666668,88.93400000000001
54,90,88.9932202012122,0.24780156954427607,0.5411846285991274,191.53530605555557,0.04254600570331085,88.9932202012122,191.53530605555557,77.66916666666667,12.167666666666667,89.83666666666666,77.37516666666666,12.122,89.497
54,80,95.35953778982463,0.28684713460746547,0.5411836645615742,192.04586488888887,0.06999117391203095,95.35953778982463,192.04586488888887,77.91033333333333,12.509,90.41916666666667,77.8125,12.493333333333332,90.30583333333334
54,70,102.9608965831939,0.20356951951692293,0.5411798574827086,192.71251255555555,0.07392415961499775,102.9608965831939,192.71251255555555,78.29033333333332,12.930833333333332,91.22116666666666,78.4635,12.9595,91.423
54,65,107.31684530620953,0.20444727883967287,0.5411735771838545,193.06777838888888,0.07160931032001405,107.31684530620953,193.06777838888888,78.57933333333334,13.175166666666668,91.75433333333332,78.20466666666667,13.112499999999999,91.31716666666667
54,60,112.31424888432889,0.08848494336243415,0.5411705049681361,193.44536444444444,0.03946113991295093,112.31424888432889,193.44536444444444,78.786,13.440666666666667,92.2265,79.16883333333334,13.506,92.67483333333332
54,55,117.5609092212406,0.17606266576911483,0.5411568508289791,193.8628325,0.019808661075135157,117.5609092212406,193.8628325,79.048,13.725833333333334,92.77383333333334,80.26783333333333,13.9375,94.20549999999999
54,50,123.69264788694282,0.2033734238587197,0.541157381282233,194.37549750000002,0.05768307033273651,123.69264788694282,194.37549750000002,79.44416666666666,14.077166666666665,93.521,79.21,14.035499999999999,93.24549999999999
54,45,129.35905125948096,0.2936878839769206,0.5411597274508076,194.83085205555554,0.05062121451479281,129.35905125948096,194.83085205555554,79.79416666666667,14.396333333333333,94.1905,79.563,14.3545,93.9175
54,40,134.76831008006602,0.2719594253786994,0.541161674559825,195.32385622222225,0.1460703170506233,134.76831008006602,195.32385622222225,79.97233333333334,14.678333333333333,94.651,79.71283333333334,14.631,94.34383333333334
54,35,142.72245232019887,0.2539103686129216,0.5411598586268113,196.10908838888892,0.06630945992824307,142.72245232019887,196.10908838888892,80.4735,15.115,95.5885,80.99583333333334,15.213333333333333,96.20933333333333
54,30,150.38432522420644,0.06606184185824,0.5411509250216575,196.9146135,0.06179082130499203,150.38432522420644,196.9146135,80.71616666666667,15.537333333333335,96.25349999999999,81.01516666666667,15.594666666666667,96.60983333333333
54,27,156.71720234077864,0.05526717319903185,0.5411393633938945,197.51076427777778,0.10272668356248871,156.71720234077864,197.51076427777778,81.03216666666667,15.885,96.91699999999999,81.448,15.966333333333333,97.41433333333333
54,26,166.87503555892866,0.5598814309953934,0.5411439596589741,198.63729094444443,0.09802349065004415,166.87503555892866,198.63729094444443,81.614,16.459333333333333,98.07333333333332,81.55716666666667,16.448,98.0055
54,25,166.21689402750644,0.2677055421838177,0.5411439842760405,198.64045950000002,0.06203625184132945,166.21689402750644,198.64045950000002,81.64666666666666,16.427333333333333,98.07383333333333,82.66250000000001,16.6325,99.29483333333333
54,24,172.34795190644522,0.32667610536600805,0.5411450752399908,199.2881688888889,0.06347455349128134,172.34795190644522,199.2881688888889,82.031,16.764833333333332,98.79583333333333,82.687,16.899,99.58633333333334
54,23,178.0972918138368,0.47643692204809407,0.5411343868451537,199.96881083333332,0.05466467824055489,178.0972918138368,199.96881083333332,82.466,17.079666666666665,99.54533333333332,82.78366666666666,17.145500000000002,99.92899999999999
54,22,185.04221122453646,0.21228557023915165,0.5411447820186835,200.77392183333333,0.10918931851514951,185.04221122453646,200.77392183333333,82.98816666666666,17.467833333333335,100.45633333333332,84.2355,17.730333333333334,101.96600000000001
54,21,194.65027954090522,0.19012859870606105,0.5411346513015554,201.99311516666668,0.059893827897836975,194.65027954090522,201.99311516666668,83.109,17.998333333333335,101.10766666666666,84.38616666666667,18.274833333333333,102.66116666666666
54,20,199.86594479702646,0.1862484965993238,0.5411372098779615,202.75254638888887,0.17029248625940854,199.86594479702646,202.75254638888887,83.3895,18.272833333333335,101.66216666666666,84.75733333333334,18.5725,103.33016666666667
54,19,218.61851184596807,1.379196074072269,0.5411377263238107,205.1802537222222,0.18128948085650154,218.61851184596807,205.1802537222222,83.87616666666666,19.31266666666667,103.18900000000001,84.95033333333333,19.5595,104.50999999999999
54,18,216.94801973733578,0.1625669182696389,0.5411303789645314,204.99626199999997,0.123395672650588,216.94801973733578,204.99626199999997,83.90916666666666,19.216333333333335,103.1255,85.15033333333334,19.5005,104.65066666666667
54,17,283.1701922463764,3.231413169157182,0.5411233193842732,216.12593783333332,0.561483117703073,283.1701922463764,216.12593783333332,85.964,22.93133333333333,108.89533333333333,88.67133333333334,23.655,112.32666666666667
54,16,331.84370844087124,1.1236726935779435,0.5411125835281362,227.34698583333332,0.6418642344521713,331.84370844087124,227.34698583333332,87.26933333333334,25.617666666666665,112.88683333333334,98.81883333333333,29.00316666666667,127.822
54,15,354.59872140026505,1.1913582548179997,0.5411151427632624,233.6797217777778,0.5217560876573433,354.59872140026505,233.6797217777778,87.79383333333332,26.870333333333335,114.66416666666667,96.0705,29.403499999999998,125.47383333333333
54,14,380.75739661220774,1.2971465333969179,0.5411122693121172,241.1234236111111,0.924360763216617,380.75739661220774,241.1234236111111,88.43016666666666,28.3235,116.75366666666666,98.69566666666667,31.611666666666665,130.30766666666668
54,13,410.2920280859773,1.0950896999342172,0.5411081699933414,250.52232083333334,0.2792561866638399,410.2920280859773,250.52232083333334,89.21083333333333,29.974666666666664,119.18533333333333,100.60833333333333,33.804,134.41266666666667
54,12,446.6286280556321,1.5219258671127571,0.5411143713840474,270.2375539444444,2.733521258196976,446.6286280556321,270.2375539444444,90.21766666666667,32.004,122.22183333333334,105.54933333333334,37.439,142.98833333333334
54,11,485.87217555236344,0.921714065590003,0.5411077513686472,284.1133072777778,0.8782052923557713,485.87217555236344,284.1133072777778,91.35566666666666,34.18633333333333,125.54200000000002,114.22333333333334,42.743833333333335,156.967
54,10,540.4066719786933,1.7157997208396578,0.541098996992823,338.4275328333333,9.396184864405924,540.4066719786933,338.4275328333333,92.83383333333335,37.21483333333333,130.049,141.1355,56.55383333333333,197.68950000000004
54,9,596.6658607347489,5.38852386533995,0.5411126595545733,357.90563633333335,12.535212231102388,596.6658607347489,357.90563633333335,94.47233333333334,40.354,134.82633333333334,145.01033333333334,61.95316666666667,206.96333333333334
54,8,680.5759778559724,2.305139870969136,0.54109273793361,450.2576075,2.2784227107012676,680.5759778559724,450.2576075,97.1355,45.082166666666666,142.21766666666667,170.64833333333334,79.20166666666667,249.85066666666668
54,7,782.8387904596748,2.0880132222191565,0.5411367330742696,543.392784,2.296299654061207,782.8387904596748,543.392784,100.33066666666667,50.788833333333336,151.12,206.30816666666666,104.43666666666667,310.7445
54,6,841.9628915326938,0.2649990812372671,0.5411348709600027,646.9472543333333,1.8808879928724698,841.9628915326938,646.9472543333333,103.19566666666667,54.047,157.24300000000002,249.24383333333333,130.5375,379.7816666666667
54,5,843.7750983327813,0.5161480193552211,0.5411740353018725,648.0249038333333,1.6259817654569555,843.7750983327813,648.0249038333333,103.20983333333334,54.133,157.34283333333335,251.02883333333332,131.6615,382.6903333333333
54,4,844.1468122986444,0.4335513025866115,0.541142769020673,648.1888333888888,1.940391933643989,844.1468122986444,648.1888333888888,102.94083333333333,54.14566666666667,157.08633333333333,248.43016666666665,130.67016666666666,379.1003333333333
54,3,843.9951748752579,0.2697512740765397,0.5411025066925984,648.3753903888888,1.8708292448100547,843.9951748752579,648.3753903888888,100.269,54.129333333333335,154.39816666666667,242.46433333333334,130.89216666666667,373.35616666666664
54,2,844.0319082423663,0.1852742341347967,0.5411258184381161,648.3838055,2.0909352032148383,844.0319082423663,648.3838055,99.41616666666665,54.124500000000005,153.54066666666668,241.41150000000002,131.43083333333334,372.84233333333333
54,1,844.2609971860393,0.10185817712316624,0.5411297555550233,648.5047472777777,1.9705547907770542,844.2609971860393,648.5047472777777,96.22716666666668,54.172666666666665,150.39966666666666,234.11933333333332,131.80166666666665,365.92083333333335
54,0,843.9480915139267,0.2299444213654183,0.5411341402973675,648.1460639444444,1.9930653622832457,843.9480915139267,648.1460639444444,96.90316666666666,54.144,151.04716666666667,235.02633333333333,131.31966666666668,366.3461666666667
55,40000,0.3427858073272661,0.0026479997008511755,0.5522324126578629,185.41576333333333,0.23867613539713212,0.3427858073272661,185.41576333333333,73.4115,7.289000000000001,80.70083333333334,138.6155,13.763,152.37833333333333
55,5000,2.6439641401215823,0.01647936424155811,0.5505820892990451,185.2524513888889,0.5625079824233802,2.6439641401215823,185.2524513888889,73.43716666666667,7.4115,80.84916666666668,138.38166666666666,13.966000000000001,152.3475
55,3000,4.363851385614097,0.02775300378204057,0.5492133403836209,185.43985844444444,0.5938011110129733,4.363851385614097,185.43985844444444,73.5165,7.508333333333333,81.02499999999999,138.9785,14.194,153.17249999999999
55,2000,6.472633701940484,0.03940005372972734,0.5485168961997623,185.0461015,0.481468687031392,6.472633701940484,185.0461015,73.62516666666667,7.6241666666666665,81.24933333333333,116.97266666666667,12.113333333333335,129.08616666666668
55,1500,8.535164933425607,0.05236153567367264,0.5481821315790625,185.02948072222225,0.012977500547605287,8.535164933425607,185.02948072222225,73.68316666666668,7.734166666666667,81.41716666666667,72.077,7.5655,79.64266666666667
55,1000,12.465629417616286,0.0014600103859438523,0.5507672108612757,185.36117866666666,0.01939321782076367,12.465629417616286,185.36117866666666,73.84966666666666,7.949666666666666,81.79933333333334,73.097,7.868666666666667,80.96566666666666
55,900,13.74536702458249,0.00077946233013305,0.5507099261282704,185.4637427777778,0.006721082124628727,13.74536702458249,185.4637427777778,73.997,8.029333333333334,82.026,73.84166666666667,8.012666666666666,81.854
55,800,15.33811574758559,0.0012858657189683432,0.5506385873142768,185.60339488888891,0.026278347938372994,15.33811574758559,185.60339488888891,73.971,8.106333333333334,82.07766666666667,73.85633333333334,8.094,81.95
55,700,17.341435453269288,0.0022391102967755047,0.5505831983459407,185.76582444444443,0.021585152390097055,17.341435453269288,185.76582444444443,74.06033333333333,8.217,82.27766666666668,73.83566666666667,8.192,82.02766666666666
55,600,19.9446722054956,0.002040165949131966,0.5504508487351355,185.98596677777778,0.007484571466512241,19.9446722054956,185.98596677777778,74.16866666666667,8.358666666666666,82.52766666666668,74.74966666666667,8.424333333333333,83.17366666666668
55,550,21.548243514328917,0.002903404473722753,0.5504423737925154,186.108284,0.022321882196146312,21.548243514328917,186.108284,74.25066666666667,8.452333333333334,82.70366666666666,74.48733333333332,8.479333333333335,82.96633333333334
55,450,25.718609243115655,0.0005321732681200349,0.5503191325451172,186.44543755555557,0.02148045011253253,25.718609243115655,186.44543755555557,74.44733333333333,8.679,83.126,74.40933333333334,8.674333333333335,83.08366666666667
55,380,29.76872955558257,0.002496402154961553,0.5502719707552804,186.7770758888889,0.007012190134439405,29.76872955558257,186.7770758888889,74.78666666666666,8.920666666666667,83.70733333333334,74.88333333333333,8.932666666666668,83.81566666666667
55,340,32.6535250705088,0.002091259013704348,0.5502686719400033,186.998485,0.02175833863143893,32.6535250705088,186.998485,74.76033333333334,9.061333333333332,83.82166666666667,74.791,9.065,83.856
55,300,36.32242957978317,0.001240799518094041,0.5502092134771192,187.3136697777778,0.016270863667366554,36.32242957978317,187.3136697777778,74.931,9.262666666666666,84.19366666666666,75.11633333333333,9.286,84.402
55,260,40.73970706244693,0.0006155046435351653,0.5501841276240445,187.64067344444447,0.020961177289704494,40.73970706244693,187.64067344444447,75.14200000000001,9.507333333333333,84.64966666666668,75.15666666666667,9.509,84.66566666666667
55,220,46.490572810973106,0.0012850567917440626,0.5501351152639775,188.10648388888887,0.010467677665280714,46.490572810973106,188.10648388888887,75.39133333333334,9.823333333333332,85.21499999999999,75.378,9.821666666666667,85.2
55,200,50.01284197036693,0.005704381046348808,0.5501318915297366,188.37298666666672,0.0024615428991719497,50.01284197036693,188.37298666666672,75.669,10.033,85.702,75.07600000000001,9.954333333333333,85.03033333333333
55,180,53.982866633528694,0.002360177310335933,0.5501301523983808,188.7363366666667,0.02576821506130168,53.982866633528694,188.7363366666667,75.852,10.258333333333333,86.11066666666666,75.93566666666668,10.269666666666666,86.205
55,160,58.90703336620911,0.00336927213549544,0.5500903707795429,189.08146177777778,0.010970730925368547,58.90703336620911,189.08146177777778,75.97566666666667,10.509666666666668,86.48566666666666,76.147,10.533333333333333,86.68033333333334
55,140,64.67107780843013,0.0021475130767711513,0.5500894992447285,189.52416644444443,0.021536008787147308,64.67107780843013,189.52416644444443,76.253,10.829333333333333,87.082,75.64133333333332,10.742333333333335,86.38366666666667
55,120,72.30950412899317,0.0014311365237227394,0.5500746472154591,190.13508111111108,0.045436229379888775,72.30950412899317,190.13508111111108,76.62166666666667,11.252,87.87400000000001,77.74666666666667,11.418,89.16433333333333
55,100,81.85303388660022,0.0024931510554207325,0.5500505755163269,190.90320266666666,0.0040240070824987375,81.85303388660022,190.90320266666666,77.15533333333333,11.778333333333334,88.93366666666667,76.41199999999999,11.664666666666667,88.07633333333332
55,90,87.5373353122696,0.009598423539418212,0.5500332643651847,191.354254,0.006232630593177553,87.5373353122696,191.354254,77.438,12.090666666666666,89.52866666666667,76.97633333333333,12.018666666666666,88.996
55,80,93.8069746915204,0.0018650044946042109,0.5500162270037219,191.84661244444445,0.03211734731217523,93.8069746915204,191.84661244444445,77.70866666666666,12.435333333333332,90.14433333333334,77.688,12.432333333333332,90.12033333333333
55,70,101.19781363541016,0.006406922906118466,0.5500347664642654,192.44821155555556,0.027184617227667414,101.19781363541016,192.44821155555556,78.07233333333333,12.844333333333333,90.91633333333334,77.766,12.793666666666667,90.55900000000001
55,65,105.49873414146128,0.0024735185767975477,0.5500064713365317,192.80375666666666,0.06622623092851213,105.49873414146128,192.80375666666666,78.39866666666667,13.097999999999999,91.49666666666667,78.696,13.147333333333334,91.843
55,60,110.30754481759682,0.005803560933613993,0.5500087622249882,193.20152777777776,0.01385227712258115,110.30754481759682,193.20152777777776,78.54466666666667,13.345999999999998,91.89066666666668,78.63733333333333,13.361666666666666,91.99900000000001
55,55,115.60536402489043,0.003064612204923678,0.5500171975887537,193.6522485555556,0.08897427969945869,115.60536402489043,193.6522485555556,78.91866666666667,13.656,92.57533333333333,78.83800000000001,13.642333333333333,92.48
55,50,121.62082948552137,0.015279157824694441,0.5500009643194149,194.20735944444445,0.030032012872060566,121.62082948552137,194.20735944444445,79.119,13.969,93.08800000000001,79.43599999999999,14.024666666666667,93.461
55,45,127.25516226884668,0.041375259966202706,0.550015019134659,194.61546044444444,0.05691804820415219,127.25516226884668,194.61546044444444,79.42866666666667,14.279333333333334,93.70833333333333,79.75533333333334,14.338333333333333,94.09366666666666
55,40,132.4719100440888,0.0037987036888687317,0.5499961181596086,195.0278027777778,0.018396518095456182,132.4719100440888,195.0278027777778,79.67833333333333,14.568333333333333,94.247,79.81133333333334,14.592666666666666,94.40433333333333
55,35,140.35122985990782,0.02455930882850581,0.5499898701189019,195.7872638888889,0.0352238705683473,140.35122985990782,195.7872638888889,80.18866666666666,15.006,95.19433333333332,80.01066666666667,14.972333333333333,94.98366666666668
55,30,147.81874365622306,0.009637458611017726,0.5499961829839815,196.6038951111111,0.02400578572238456,147.81874365622306,196.6038951111111,80.38533333333334,15.413666666666666,95.79966666666667,81.12833333333333,15.556333333333333,96.685
55,27,153.85037100419956,0.0016851648230817968,0.5499798920994778,197.2042671111111,0.027485260038281625,153.85037100419956,197.2042671111111,80.69266666666665,15.756,96.44866666666667,81.19033333333333,15.853,97.043
55,26,163.92487794787317,0.14261288107049264,0.5499817313136942,198.24275422222217,0.07144512058162525,163.92487794787317,198.24275422222217,81.20366666666666,16.299333333333333,97.50266666666668,81.36200000000001,16.331333333333333,97.69333333333333
55,25,162.79426066296455,0.0006984389230692567,0.5499914754446247,198.23428122222222,0.007430958016099739,162.79426066296455,198.23428122222222,81.254,16.252,97.50633333333333,81.5,16.301666666666666,97.80133333333333
55,24,168.87612563725122,0.01905920968940356,0.5499845613585328,198.83447933333335,0.0405586528471591,168.87612563725122,198.83447933333335,81.68433333333333,16.608333333333334,98.29266666666666,81.53133333333334,16.577333333333332,98.10866666666668
55,23,173.86536569964176,0.45387232072530115,0.5499859634794894,199.44824377777778,0.07481869169411054,173.86536569964176,199.44824377777778,82.01233333333333,16.88266666666667,98.895,81.82799999999999,16.844333333333335,98.67266666666666
55,22,180.94839389513814,0.04331964372109156,0.5499793270156782,200.24391577777774,0.2114772140818223,180.94839389513814,200.24391577777774,82.57733333333333,17.277,99.85433333333333,84.10533333333335,17.596666666666668,101.702
55,21,191.0871330198792,0.07914595630559232,0.5499843912397574,201.42017644444445,0.02587632801607003,191.0871330198792,201.42017644444445,82.644,17.813333333333333,100.45733333333332,84.231,18.15533333333333,102.38666666666666
55,20,195.39976990017033,0.0420360499960805,0.5499661940064434,202.28941633333332,0.08498855149633107,195.39976990017033,202.28941633333332,82.918,18.051333333333332,100.96999999999998,84.433,18.381333333333334,102.81433333333332
55,19,212.64221550319596,0.22035221453630272,0.549978001708648,204.40054722222226,0.09404319487125577,212.64221550319596,204.40054722222226,83.35733333333333,19.001666666666665,102.35933333333332,84.17133333333334,19.18733333333333,103.35866666666668
55,18,212.14966892847727,0.01783663259334492,0.5499727529333382,204.31853677777778,0.13154876641394736,212.14966892847727,204.31853677777778,83.39933333333333,18.98,102.379,84.29966666666667,19.18466666666667,103.48466666666667
55,17,274.5100633978718,0.006857503585030985,0.5499685477931031,214.81105888888888,0.5428258768974876,274.5100633978718,214.81105888888888,85.18966666666667,22.473666666666663,107.66333333333334,87.92899999999999,23.19666666666667,111.12533333333333
55,16,324.0111132115041,0.021733509423699407,0.5499499862303688,226.25429,0.6539203243335219,324.0111132115041,226.25429,86.464,25.214,111.67833333333333,94.503,27.558000000000003,122.06099999999999
55,15,346.28446967320133,0.017730892872870743,0.549953446589775,232.48920844444444,0.4935523168329126,346.28446967320133,232.48920844444444,86.991,26.456666666666667,113.448,95.34366666666666,28.997,124.34066666666666
55,14,371.8294603229289,0.014496320342286333,0.5499463886050026,239.86877555555554,0.45880658653373113,371.8294603229289,239.86877555555554,87.55333333333333,27.876666666666665,115.42999999999999,97.48266666666666,31.038333333333338,128.52066666666667
55,13,397.79745992057536,0.03067284948411484,0.549946264397421,246.33732388888885,0.11264728273407894,397.79745992057536,246.33732388888885,88.19599999999998,29.33,117.52633333333334,98.779,32.849666666666664,131.62866666666665
55,12,436.19844224302716,0.03604635979516776,0.549944858443627,265.8254847777778,0.826400626798655,436.19844224302716,265.8254847777778,89.25999999999999,31.488333333333333,120.74866666666667,102.40899999999999,36.127,138.53533333333334
55,11,475.72556281122905,0.09978679564336564,0.5499477110055667,277.5656916666667,0.4724543741699324,475.72556281122905,277.5656916666667,90.47566666666667,33.66766666666667,124.14300000000001,111.026,41.31433333333333,152.34066666666666
55,10,527.3683429504937,0.16070396461416497,0.54993735026636,325.26172955555563,2.723996776691831,527.3683429504937,325.26172955555563,91.91133333333333,36.586333333333336,128.49766666666667,127.00533333333334,50.55566666666667,177.561
55,9,588.586437708522,0.04648112106755145,0.5499403761525712,355.72639655555554,0.7119696859974541,588.586437708522,355.72639655555554,93.726,40.013666666666666,133.73933333333335,136.80766666666668,58.406,195.21366666666668
55,8,665.6313082824878,0.10621183324551621,0.549925274880997,432.9529597777778,1.3042672575295104,665.6313082824878,432.9529597777778,96.01799999999999,44.33566666666667,140.35366666666667,163.78333333333333,75.62599999999999,239.40966666666668
55,7,764.3942572496145,0.046383977595891045,0.5499423973759124,504.9873543333333,0.4427402029373518,764.3942572496145,504.9873543333333,98.59333333333332,49.842999999999996,148.43633333333332,192.79166666666666,97.464,290.25533333333334
55,6,841.4812441338257,1.0670896317318443,0.5500044274297043,641.642359,0.29792741888163427,841.4812441338257,641.642359,102.80166666666668,54.14966666666667,156.95033333333333,270.00933333333336,142.22533333333334,412.2343333333333
55,5,844.7160881094019,0.22597129763180562,0.5500776798704307,643.3181186666667,0.0269927881253248,844.7160881094019,643.3181186666667,103.306,54.362,157.6676666666667,249.88633333333334,131.49666666666667,381.3833333333334
55,4,845.2429852653926,0.27130792658603503,0.5499870723251236,643.4271652222222,0.09260335495618996,845.2429852653926,643.4271652222222,103.19133333333333,54.327666666666666,157.51933333333332,249.23799999999997,131.21766666666667,380.45599999999996
55,3,845.0518131455402,0.31569927409905707,0.549995578177613,643.533509,0.16994602007798584,845.0518131455402,643.533509,100.56933333333332,54.298,154.86766666666668,242.59933333333333,130.981,373.58033333333333
55,2,845.0179556809957,0.07920500655411741,0.5499880248062015,643.4390065555556,0.16545115098506735,845.0179556809957,643.4390065555556,100.20333333333333,54.349,154.552,242.342,131.44433333333333,373.7866666666667
55,1,845.1080608197253,0.24641495895329074,0.54999215153938,643.2898610000001,0.08994762479788199,845.1080608197253,643.2898610000001,96.57766666666667,54.33833333333334,150.91633333333334,233.216,131.21666666666667,364.43233333333336
55,0,845.1747240688277,0.09549548037133757,0.5499877309243467,643.6142348888889,0.3359292125086759,845.1747240688277,643.6142348888889,97.117,54.34166666666667,151.45866666666666,234.80700000000002,131.38466666666667,366.192
56,40000,0.3386892240038769,0.0023962947587155754,0.5581879092991807,184.922743,0.45942379447036424,0.3386892240038769,184.922743,73.38691666666666,7.286583333333333,80.67366666666668,138.52266666666665,13.753916666666667,152.27641666666668
56,5000,2.6003074983118295,0.0008422849238624661,0.5595896966747143,185.6201851111111,0.1901195706777734,2.6003074983118295,185.6201851111111,73.5,7.415666666666667,80.91533333333334,139.75866666666667,14.100666666666667,153.85933333333332
56,3000,4.2702151260007435,0.026035644493555225,0.5615855052211058,185.8639295,0.039422331625459744,4.2702151260007435,185.8639295,73.58933333333333,7.510166666666667,81.09983333333334,138.79216666666665,14.164499999999999,152.95633333333333
56,2000,6.332845335932308,0.04006983307118129,0.5607174039323538,184.856056,0.03175898305256548,6.332845335932308,184.856056,73.58433333333333,7.618166666666667,81.20233333333333,72.11383333333333,7.466166666666666,79.57983333333333
56,1500,8.351478681192933,0.05422661609177118,0.5603151561423044,185.01485177777775,0.016354091168301083,8.351478681192933,185.01485177777775,73.6695,7.725833333333334,81.39533333333334,72.12183333333333,7.5635,79.68566666666668
56,1000,12.266582623872333,0.08105071873306484,0.5599336659812,185.34267705555555,0.025393705485520505,12.266582623872333,185.34267705555555,73.82733333333333,7.9431666666666665,81.771,73.29566666666666,7.886,81.182
56,900,13.526206938806382,0.09072040409140437,0.5598993277922487,185.43661622222223,0.007976124766836774,13.526206938806382,185.43661622222223,73.92116666666666,8.013,81.934,73.758,7.995333333333334,81.75366666666667
56,800,15.094611120541835,0.10233833950389544,0.5598347014164641,185.56487827777778,0.014349439357870626,15.094611120541835,185.56487827777778,73.98816666666666,8.099,82.08749999999999,74.353,8.139166666666666,82.49233333333333
56,700,17.063296967686494,0.11670030113769067,0.5597304627730194,185.73621416666666,0.013448998369558854,17.063296967686494,185.73621416666666,74.03216666666667,8.203333333333333,82.235,74.00183333333332,8.2,82.202
56,600,19.626824695895973,0.13701080516443742,0.5596573439993403,185.92949544444446,0.014153086673405648,19.626824695895973,185.92949544444446,74.15566666666668,8.346166666666667,82.50183333333332,73.86200000000001,8.313166666666667,82.175
56,550,21.208600190972856,0.14960761293787914,0.5596184507817282,186.05322255555555,0.021861113577090523,21.208600190972856,186.05322255555555,74.22933333333333,8.435166666666667,82.66466666666666,74.30233333333332,8.443333333333333,82.74566666666666
56,450,25.315920012640376,0.18440835621614585,0.5595448992617759,186.38289116666667,0.01463635879847372,25.315920012640376,186.38289116666667,74.41483333333333,8.660166666666667,83.07549999999999,74.24683333333333,8.641,82.88783333333333
56,380,29.29883543753006,0.21856129298092108,0.5594910740506767,186.71357783333335,0.02061468663596777,29.29883543753006,186.71357783333335,74.71383333333334,8.894833333333333,83.609,75.54033333333334,8.993166666666667,84.53333333333333
56,340,32.11960435483498,0.22034334629330585,0.5594556109049321,186.9367636111111,0.0141142122013051,32.11960435483498,186.9367636111111,74.71333333333332,9.037666666666667,83.75116666666666,74.7,9.036,83.73583333333333
56,300,35.762497210945504,0.28996028427823173,0.5594047901358082,187.22510499999999,0.030200400007641084,35.762497210945504,187.22510499999999,74.92583333333333,9.2425,84.16816666666666,75.33516666666667,9.293166666666666,84.62816666666667
56,260,40.129997477619675,0.3362385573128781,0.5593885946695765,187.54996816666667,0.024215989369504014,40.129997477619675,187.54996816666667,75.08883333333334,9.478833333333334,84.56766666666667,75.10583333333334,9.481166666666667,84.587
56,220,45.807586582417436,0.37381686876155273,0.5593436824398997,187.9999677222222,0.03332958056368017,45.807586582417436,187.9999677222222,75.35600000000001,9.795166666666667,85.15116666666667,74.37816666666667,9.668166666666666,84.04633333333334
56,200,49.29976840640424,0.4079834390318454,0.559319127618961,188.27077066666666,0.03918214668837366,49.29976840640424,188.27077066666666,75.51516666666667,9.988833333333334,85.50416666666666,74.3455,9.834166666666667,84.1795
56,180,53.22559594399241,0.45293891033039635,0.5593134810601333,188.5873495,0.04783933222903342,53.22559594399241,188.5873495,75.68966666666667,10.204,85.89383333333335,75.48266666666666,10.176333333333334,85.65899999999999
56,160,58.098886633344996,0.5035701833859947,0.559334175712323,188.9300226111111,0.0498477091337704,58.098886633344996,188.9300226111111,75.96083333333333,10.483833333333333,86.44466666666666,75.79833333333333,10.461333333333334,86.25983333333333
56,140,63.788711072942725,0.598580349397644,0.559283476071372,189.39959266666665,0.06858552303058917,63.788711072942725,189.39959266666665,76.23033333333333,10.800166666666668,87.03066666666666,75.69966666666666,10.725,86.42483333333332
56,120,71.32149318158598,0.7277523331286091,0.5592587918848141,189.9661782222222,0.078936738380301,71.32149318158598,189.9661782222222,76.5955,11.211333333333334,87.80683333333333,76.57516666666668,11.2085,87.78383333333333
56,100,80.78665368113991,0.848890291679483,0.5592430539162442,190.71339055555555,0.09287233276628128,80.78665368113991,190.71339055555555,77.04733333333333,11.730333333333334,88.77749999999999,76.83216666666667,11.697333333333333,88.52933333333334
56,90,86.38430412329198,0.9419089384925632,0.5592331833829512,191.14103266666666,0.11480274833411204,86.38430412329198,191.14103266666666,77.33433333333333,12.039499999999999,89.37383333333332,76.83216666666667,11.961,88.793
56,80,92.58061797389864,1.0103674340903326,0.5592181449614476,191.64299794444446,0.10404792441677271,92.58061797389864,191.64299794444446,77.66233333333334,12.391,90.05333333333333,77.3595,12.342500000000001,89.70216666666666
56,70,99.88375102151078,1.0890646403967328,0.559207964002617,192.2414771111111,0.11919365266168955,99.88375102151078,192.2414771111111,77.9555,12.789333333333333,90.74466666666667,77.64566666666667,12.738666666666667,90.38416666666667
56,65,104.12087091717763,1.16221020223318,0.5592089626341128,192.55907977777778,0.08451752626545206,104.12087091717763,192.55907977777778,78.17633333333333,13.019833333333333,91.19633333333333,77.98683333333334,12.988,90.97483333333332
56,60,108.89804534711197,1.237270969639862,0.5592057402818825,192.9746747222222,0.1582130537819098,108.89804534711197,192.9746747222222,78.47166666666666,13.293,91.76466666666666,78.13216666666666,13.235666666666667,91.36766666666666
56,55,114.08879412752765,1.331797701155041,0.5591912632134742,193.3928902777778,0.13117219068104452,114.08879412752765,193.3928902777778,78.676,13.570666666666668,92.24666666666667,78.563,13.550833333333335,92.11416666666666
56,50,120.10815637376025,1.432349174042887,0.559208455369273,193.91493300000002,0.12812021687427264,120.10815637376025,193.91493300000002,78.98666666666666,13.903833333333333,92.89050000000002,79.10366666666667,13.924,93.02749999999999
56,45,125.69371432330637,1.5093018399249514,0.559193824428538,194.44648438888888,0.10945877676263299,125.69371432330637,194.44648438888888,79.28333333333333,14.212000000000002,93.49549999999999,79.25433333333334,14.206666666666665,93.461
56,40,130.92202576522064,1.5200533019994793,0.5591943769270329,194.7803405,0.12819513528310447,130.92202576522064,194.7803405,79.53266666666667,14.501,94.03366666666666,79.49033333333334,14.493333333333334,93.98366666666668
56,35,138.6493984590863,1.7449871646815247,0.5591869259044998,195.45082616666664,0.13418522525748866,138.6493984590863,195.45082616666664,80.01416666666667,14.923166666666667,94.9375,81.901,15.275833333333333,97.177
56,30,146.0724316166935,1.880722011532662,0.55918591918046,196.20392916666665,0.2500559854483572,146.0724316166935,196.20392916666665,80.233,15.3405,95.57333333333334,80.49366666666667,15.39,95.88366666666667
56,27,152.1588577078807,1.9132998212675771,0.5591863209420831,196.78786027777778,0.24567543467286415,152.1588577078807,196.78786027777778,80.52066666666667,15.676,96.197,81.036,15.776333333333334,96.81216666666667
56,26,162.25773906159657,2.574463039633161,0.5591782388378863,197.90063355555557,0.2935376242088318,162.25773906159657,197.90063355555557,81.02233333333334,16.235666666666667,97.258,81.22533333333332,16.276166666666665,97.50166666666667
56,25,161.13246643468338,2.0985456131323543,0.5591754596472667,197.82918277777776,0.19533790201761037,161.13246643468338,197.82918277777776,81.07783333333333,16.17983333333333,97.2575,82.11133333333333,16.385666666666665,98.49683333333333
56,24,167.37970954857806,2.3621545196232843,0.559172431203534,198.48672066666666,0.34660476609546076,167.37970954857806,198.48672066666666,81.42833333333333,16.525333333333332,97.95366666666666,81.4435,16.528666666666666,97.97149999999999
56,23,172.4109814556648,2.1946185530860376,0.5591722993258594,199.10281550000002,0.303027732959339,172.4109814556648,199.10281550000002,81.85916666666667,16.812166666666666,98.67133333333334,82.0985,16.861166666666666,98.95966666666668
56,22,179.0641088144894,2.3153523089837114,0.5591733711810788,199.90024922222221,0.299312681945426,179.0641088144894,199.90024922222221,82.31966666666666,17.180833333333336,99.50083333333333,82.7475,17.270833333333332,100.01866666666666
56,21,189.38692734955376,2.6925398834672793,0.5591667454214727,201.2134306111111,0.3524865797163155,189.38692734955376,201.2134306111111,82.42166666666667,17.746,100.16766666666666,83.6285,18.005,101.63366666666667
56,20,193.32400008832198,2.570865350070577,0.5591640832686949,201.78968955555555,0.3718893886166578,193.32400008832198,201.78968955555555,82.82283333333334,17.985,100.80816666666665,84.19783333333334,18.283666666666665,102.48166666666667
56,19,211.27501416066585,3.726614975056811,0.5591632484607203,204.23955466666666,0.5437341195750353,211.27501416066585,204.23955466666666,83.19783333333334,18.979666666666667,102.17733333333332,84.05166666666666,19.174,103.22583333333334
56,18,209.80911681231532,2.719733891301756,0.5591573376602416,204.13610777777777,0.4074786241100375,209.80911681231532,204.13610777777777,83.241,18.893666666666665,102.13466666666666,88.10766666666666,19.99416666666667,108.10149999999999
56,17,273.94807630388067,6.190263818658781,0.5591449814356804,214.8855595,1.3123675026071282,273.94807630388067,214.8855595,84.94216666666667,22.485333333333333,107.42766666666667,86.94133333333333,23.014833333333332,109.95633333333332
56,16,320.9911068846087,4.90845981996171,0.5591379050284487,225.36015955555555,0.22069720562080963,320.9911068846087,225.36015955555555,86.07533333333333,25.087999999999997,111.1635,94.34416666666668,27.498833333333334,121.84283333333333
56,15,342.9272284798555,5.180260103489074,0.5591341114736347,231.01047716666667,0.576198667541217,342.9272284798555,231.01047716666667,86.74166666666667,26.364666666666665,113.1065,95.00150000000001,28.875333333333334,123.877
56,14,368.27108220020045,5.650433275449984,0.5591357231013775,238.16400094444444,0.4161485902583558,368.27108220020045,238.16400094444444,87.15366666666667,27.731333333333335,114.88483333333333,97.182,30.921166666666668,128.10316666666665
56,13,396.05419048968287,4.949013604859556,0.559129732100545,246.11559599999998,0.9699263038533061,396.05419048968287,246.11559599999998,87.87183333333333,29.295833333333334,117.16816666666666,97.724,32.5805,130.3045
56,12,431.8807046797688,6.578057244108097,0.5591249464036131,261.9706126666667,2.9563669093691995,431.8807046797688,261.9706126666667,88.91216666666666,31.3105,120.22216666666667,103.57416666666666,36.46966666666666,140.04366666666667
56,11,470.6277075388316,4.9859849422690505,0.5591270958366926,278.1603188888889,1.3921851642831042,470.6277075388316,278.1603188888889,90.262,33.470666666666666,123.73266666666666,111.09683333333334,41.19533333333333,152.29216666666667
56,10,522.1142593609917,8.055078764174404,0.5591253946554126,305.92706955555553,0.7932778789679175,522.1142593609917,305.92706955555553,91.44066666666667,36.32416666666666,127.76433333333334,121.27216666666668,48.17466666666667,169.4466666666667
56,9,575.9797114721415,0.8824399627587473,0.5591283559946426,340.31094433333334,5.731099202876024,575.9797114721415,340.31094433333334,92.93466666666666,39.3735,132.30816666666666,131.6875,55.792,187.47966666666665
56,8,658.5255464605913,10.197093540213267,0.5591141019051304,405.5879302222222,16.76970470470965,658.5255464605913,405.5879302222222,95.01299999999999,43.959,138.97183333333334,157.76766666666666,73.00683333333333,230.77433333333332
56,7,756.4502361158403,8.192450411775273,0.559173061966704,494.81611861111105,4.340370905450473,756.4502361158403,494.81611861111105,98.16316666666667,49.50183333333334,147.66483333333335,188.96766666666667,95.29633333333334,284.26366666666667
56,6,844.2211258051442,0.43131368462255787,0.5591829511892789,635.8392978888888,3.1303283141029232,844.2211258051442,635.8392978888888,102.95316666666668,54.409166666666664,157.36216666666667,245.91583333333332,129.96283333333335,375.87850000000003
56,5,846.0018812179952,0.33132990940330076,0.5592144501850521,638.1238111111111,2.148413344632164,846.0018812179952,638.1238111111111,103.197,54.47083333333333,157.66766666666666,246.75733333333335,130.24699999999999,377.00416666666666
56,4,846.2410959459654,0.2999244109550935,0.5591976730740762,638.2613648333332,2.1548630553616936,846.2410959459654,638.2613648333332,103.27366666666667,54.47650000000001,157.75016666666667,247.78516666666667,130.70566666666667,378.49066666666664
56,3,846.4253099964839,0.2613662107884135,0.5591951472787401,638.112173111111,2.0503607192574402,846.4253099964839,638.112173111111,100.93783333333333,54.52033333333333,155.45816666666667,241.91049999999998,130.66483333333335,372.5753333333334
56,2,846.3520521784159,0.4677356307301106,0.559179854281203,638.2063465555556,1.9250538613603285,846.3520521784159,638.2063465555556,100.01533333333333,54.538833333333336,154.55416666666667,240.25,131.00933333333333,371.25933333333336
56,1,846.502108611765,0.49021503171179137,0.5591952583441784,638.241793,2.069499174870585,846.502108611765,638.241793,96.70483333333334,54.46533333333334,151.17066666666668,232.5255,130.96116666666668,363.4866666666667
56,0,846.41962824532,0.25469905914905056,0.5592134319128509,638.1698535555555,2.137044299395546,846.41962824532,638.1698535555555,97.16000000000001,54.400666666666666,151.56083333333333,233.21433333333334,130.57816666666668,363.7923333333333
57,40000,0.3303822403528353,0.0021127178086692085,0.5699938338008756,184.90701266666667,0.5464551429913205,0.3303822403528353,184.90701266666667,73.41008333333333,7.288250000000001,80.69858333333333,133.52200000000002,13.2565,146.7785
57,5000,2.563306080958709,0.013779393214550266,0.5696424700007504,185.15888994444444,0.6352125024092783,2.563306080958709,185.15888994444444,73.45116666666667,7.409666666666666,80.86083333333333,138.76516666666666,13.998333333333335,152.76333333333335
57,3000,4.202129765166503,0.0018166426478239883,0.5710421330923943,185.3240247777778,0.6115798871802264,4.202129765166503,185.3240247777778,73.57466666666666,7.506333333333333,81.08133333333333,138.79433333333333,14.160333333333334,152.95466666666667
57,2000,6.229019621403889,0.0006046489119101472,0.5702495680546639,184.8469781111111,0.0074388475834953555,6.229019621403889,184.8469781111111,73.56966666666666,7.609333333333333,81.17933333333333,71.962,7.4433333333333325,79.405
57,1500,8.216287483509554,0.0012089858903690924,0.5698813594205864,184.99752311111112,0.016804024390154475,8.216287483509554,184.99752311111112,73.66166666666668,7.72,81.38166666666666,71.913,7.537,79.45
57,1000,12.068963735325488,0.0008197100598160933,0.5694364763296833,185.32649911111113,0.02733815065339793,12.068963735325488,185.32649911111113,73.81233333333334,7.930666666666667,81.743,73.55833333333334,7.903666666666666,81.462
57,900,13.310732788343216,0.0027787406885330175,0.569389239784187,185.41750311111113,0.009019810421371642,13.310732788343216,185.41750311111113,73.95299999999999,8.008333333333333,81.961,74.13233333333334,8.027333333333333,82.16000000000001
57,800,14.855815766399163,0.0015215860535694188,0.5692771273827767,185.54578044444443,0.018894834303830158,14.855815766399163,185.54578044444443,73.93266666666666,8.084666666666667,82.01666666666667,73.923,8.083666666666668,82.00666666666666
57,700,16.79505552675342,0.001491301143343642,0.5691942397582608,185.702991,0.007870740378872929,16.79505552675342,185.702991,74.01566666666666,8.192,82.20766666666667,73.8,8.168,81.96766666666666
57,600,19.321401674783782,0.002910088006830069,0.5691443393920492,185.90785244444442,0.015250997017750715,19.321401674783782,185.90785244444442,74.21966666666667,8.342333333333334,82.562,74.25733333333334,8.346333333333334,82.60333333333334
57,550,20.87735437326401,0.0010337822397097837,0.5691243283469728,186.024572,0.024927853827480865,20.87735437326401,186.024572,74.295,8.429,82.72366666666666,74.16133333333333,8.413666666666666,82.575
57,450,24.92473616516642,0.0014704661821747008,0.5690315068198534,186.35087155555553,0.008856516956036117,24.92473616516642,186.35087155555553,74.37966666666667,8.642333333333333,83.022,74.13333333333334,8.613999999999999,82.74733333333334
57,380,28.854813785849284,0.000716907029371164,0.568942369478692,186.66181955555555,0.01603702501271769,28.854813785849284,186.66181955555555,74.54933333333334,8.860666666666667,83.41000000000001,74.416,8.844333333333333,83.26033333333334
57,340,31.6686048205346,0.0010726178092249992,0.5689178514156009,186.86945055555555,0.01452446947714649,31.6686048205346,186.86945055555555,74.66833333333334,9.015333333333333,83.68366666666667,75.18933333333334,9.078333333333333,84.26766666666667
57,300,35.247738662445116,0.004694704474871804,0.5689059936081592,187.16837222222225,0.008057720937327813,35.247738662445116,187.16837222222225,74.84166666666665,9.214333333333334,84.056,74.91033333333333,9.223,84.13333333333333
57,260,39.558847291756905,0.00048126127940266563,0.5688802394149578,187.47856711111112,0.006722176733534631,39.558847291756905,187.47856711111112,75.037,9.453000000000001,84.49033333333334,75.017,9.450333333333333,84.46733333333334
57,220,45.14316871562202,0.00411192317631106,0.5688304041445914,187.91904755555552,0.0036628947316046188,45.14316871562202,187.91904755555552,75.293,9.765,85.05799999999999,74.56866666666666,9.671333333333333,84.24
57,200,48.59423115635201,0.0020776231095348324,0.5688259423650774,188.21207577777776,0.012135355295492105,48.59423115635201,188.21207577777776,75.45966666666668,9.965333333333334,85.42466666666667,74.50766666666667,9.839666666666666,84.34666666666668
57,180,52.480456278746374,0.0017581178163895092,0.5687985737527216,188.48714788888887,0.01749140722798224,52.480456278746374,188.48714788888887,75.62433333333333,10.171,85.79533333333335,75.405,10.141666666666667,85.54666666666667
57,160,57.306457841036774,0.0052624284603149515,0.5687878884482177,188.83697055555558,0.013070227892006802,57.306457841036774,188.83697055555558,75.84666666666666,10.439666666666668,86.28633333333333,75.532,10.396666666666667,85.92900000000002
57,140,62.95641301926397,0.0027335174376135656,0.5687571722012388,189.28485233333333,0.003462574620133613,62.95641301926397,189.28485233333333,76.08999999999999,10.751,86.84066666666666,76.13866666666667,10.758000000000001,86.89666666666666
57,120,70.44429129661445,0.0034569066704502314,0.568757774772542,189.82909933333335,0.01346871662201893,70.44429129661445,189.82909933333335,76.57600000000001,11.183333333333332,87.759,76.21766666666666,11.131,87.34866666666666
57,100,79.8209676240809,0.0027376483493395994,0.5687300918552154,190.55909977777776,0.012478324319169596,79.8209676240809,190.55909977777776,77.13366666666667,11.714666666666668,88.84833333333334,76.94966666666666,11.686666666666667,88.63600000000001
57,90,85.39030658967617,0.0012092544752288312,0.5686965446640045,191.01921422222222,0.04425148973807431,85.39030658967617,191.01921422222222,77.43833333333333,12.028,89.46633333333334,77.20366666666666,11.991999999999999,89.19533333333334
57,80,91.52814341428517,0.015002587253250424,0.5687133078537053,191.42646311111108,0.028599314774899933,91.52814341428517,191.42646311111108,77.51233333333333,12.338999999999999,89.851,76.86833333333333,12.236666666666666,89.10466666666667
57,70,98.72899404064573,0.005050669096913937,0.5686856738009024,192.0291845555556,0.031304231120348566,98.72899404064573,192.0291845555556,77.84333333333332,12.738333333333335,90.58166666666666,77.466,12.676666666666668,90.14299999999999
57,65,102.96627173673484,0.003845052729315753,0.5686944513944647,192.35300199999998,0.013052358692723826,102.96627173673484,192.35300199999998,78.15899999999999,12.988,91.14699999999999,77.98633333333333,12.959333333333333,90.94566666666667
57,60,107.71993522092838,0.013794692675066191,0.5686993415438651,192.7562783333333,0.05912870247557486,107.71993522092838,192.7562783333333,78.29899999999999,13.235333333333335,91.53366666666666,78.02300000000001,13.188,91.21166666666666
57,55,112.86641099899096,0.020793594259275263,0.5686866417495186,193.1942527777778,0.020832348606953467,112.86641099899096,193.1942527777778,78.55,13.521333333333333,92.07099999999998,78.218,13.464,91.682
57,50,118.87967697157296,0.007390330984441094,0.5686920937797931,193.70137744444446,0.09858777923832733,118.87967697157296,193.70137744444446,78.863,13.855666666666666,92.71866666666666,78.54,13.798666666666668,92.33866666666665
57,45,124.41140730241325,0.007579948367738716,0.5686799318933518,194.2487437777778,0.06595263519658652,124.41140730241325,194.2487437777778,79.245,14.177666666666667,93.42233333333333,79.56099999999999,14.234,93.795
57,40,129.5399718554555,0.008269146780505937,0.5686849765986773,194.69557944444443,0.08352432335974788,129.5399718554555,194.69557944444443,79.382,14.444666666666668,93.82600000000001,79.56166666666667,14.476999999999999,94.03866666666666
57,35,137.41763970417028,0.004239497307142036,0.568667841027152,195.30445922222225,0.11560785392454255,137.41763970417028,195.30445922222225,79.92966666666668,14.880333333333335,94.81,80.24366666666667,14.938666666666668,95.18233333333335
57,30,144.7303877686676,0.013454725485381243,0.5686585321859557,195.9434088888889,0.01692308716363465,144.7303877686676,195.9434088888889,80.07933333333334,15.289,95.36833333333334,80.15366666666667,15.302999999999999,95.45666666666666
57,27,150.7340150898051,0.008460904613174261,0.5686603808252313,196.66970788888887,0.15568859653104297,150.7340150898051,196.66970788888887,80.45533333333333,15.639333333333333,96.09433333333334,80.47733333333333,15.643333333333333,96.12066666666668
57,26,161.23774370930707,0.00935830989352064,0.568661190215457,197.7850772222222,0.14876519019820286,161.23774370930707,197.7850772222222,80.97333333333334,16.221666666666668,97.19500000000001,81.92266666666667,16.412000000000003,98.33466666666668
57,25,159.79141427489373,0.016261283633417625,0.5686563672005557,197.68325366666667,0.0521851944275874,159.79141427489373,197.68325366666667,80.93333333333334,16.131,97.06400000000001,81.29833333333333,16.203666666666667,97.50233333333334
57,24,165.84846367013236,0.016149664096101857,0.5686573921875128,198.2587608888889,0.044153486272739066,165.84846367013236,198.2587608888889,81.33800000000001,16.485,97.823,81.28699999999999,16.474666666666668,97.76166666666667
57,23,170.80125558723057,0.014990805321585945,0.5686596512274117,198.86985422222224,0.1521014809615725,170.80125558723057,198.86985422222224,81.69633333333333,16.74833333333333,98.44466666666666,81.45066666666666,16.698,98.14800000000001
57,22,177.2329189954478,0.24956060167087293,0.5686522169952892,199.6393741111111,0.07568962067573758,177.2329189954478,199.6393741111111,82.03066666666666,17.095,99.12566666666667,85.40766666666667,17.799333333333333,103.20733333333332
57,21,188.44899638159757,0.0059763586484203775,0.5686429372911966,201.1114553333333,0.09559712542401863,188.44899638159757,201.1114553333333,82.30966666666667,17.741666666666667,100.05133333333333,89.49666666666667,19.291,108.78766666666667
57,20,191.40069809722544,0.005243636252735845,0.5686440061360768,201.79779577777776,0.09724981218167515,191.40069809722544,201.79779577777776,82.54033333333332,17.887,100.42733333333332,83.55833333333334,18.107333333333333,101.66566666666667
57,19,210.10761082139186,0.016959774970981115,0.5686376377806233,204.0935662222222,0.15302565979758137,210.10761082139186,204.0935662222222,83.02066666666667,18.933999999999997,101.95533333333333,83.56833333333333,19.059,102.62733333333334
57,18,207.59980402998247,0.010838813099977255,0.5686476806818134,203.81313244444445,0.1792389417151075,207.59980402998247,203.81313244444445,83.07933333333334,18.81266666666667,101.892,84.208,19.06833333333333,103.27633333333334
57,17,273.60010830155926,0.009645858199177907,0.5686245181197377,214.88491822222224,0.03639307695204285,273.60010830155926,214.88491822222224,84.79333333333334,22.507666666666665,107.30066666666666,86.61833333333334,22.992,109.61000000000001
57,16,318.2108662154295,0.0043350267581976154,0.5686194448461168,225.12337988888888,0.6413158528311059,318.2108662154295,225.12337988888888,85.849,24.981333333333335,110.83033333333333,93.779,27.288666666666668,121.06766666666665
57,15,340.0220955210921,0.00197374040287327,0.5686234476856561,230.91819155555558,0.5063766505098669,340.0220955210921,230.91819155555558,86.45333333333333,26.251,112.70433333333334,94.726,28.762666666666664,123.48899999999999
57,14,365.0081441473647,0.00691631343452984,0.5686092701064679,237.7432242222222,1.3133897008733815,365.0081441473647,237.7432242222222,86.85233333333333,27.602666666666668,114.455,96.31766666666665,30.611,126.92900000000002
57,13,390.44697452839745,0.009374345030270782,0.5686146323569727,244.75240266666665,0.6387179826332857,390.44697452839745,244.75240266666665,87.54366666666665,29.06866666666667,116.61233333333332,98.23466666666667,32.61833333333333,130.85266666666666
57,12,428.0296225956288,0.02076497691228733,0.5686119103958991,258.0692364444444,0.4192730450381903,428.0296225956288,258.0692364444444,88.76333333333334,31.22566666666667,119.98933333333333,100.89633333333335,35.494,136.39033333333336
57,11,465.68128097481764,0.06227086458137853,0.5686163262374513,272.9320167777778,0.8063539120972181,465.68128097481764,272.9320167777778,89.73,33.251,122.981,107.97566666666667,40.01166666666666,147.988
57,10,517.9077292658981,0.04418550607539089,0.5686048152914709,301.0407083333334,0.6778747270111023,517.9077292658981,301.0407083333334,91.20633333333332,36.178666666666665,127.38533333333334,118.69,47.080999999999996,165.77066666666667
57,9,575.9962032422803,0.03853843829919126,0.5686368789309704,334.2212293333334,0.55233475791443,575.9962032422803,334.2212293333334,92.60033333333335,39.46333333333334,132.06366666666665,130.86266666666668,55.76933333333333,186.63199999999998
57,8,652.9121526506932,0.09090884415168843,0.5686011899330264,412.0661614444445,0.717841511957124,652.9121526506932,412.0661614444445,94.57099999999998,43.74966666666666,138.32033333333334,155.97233333333335,72.154,228.12633333333335
57,7,746.8694456502618,0.1413685508375604,0.5687118445594924,468.28180288888893,0.308981885494231,746.8694456502618,468.28180288888893,97.55266666666667,49.074000000000005,146.62666666666667,193.024,97.10166666666667,290.12566666666663
57,6,844.8126359835657,0.3941288053192275,0.5686825685506677,630.5975844444444,0.3816634024794512,844.8126359835657,630.5975844444444,102.60933333333334,54.550000000000004,157.15900000000002,245.03133333333335,130.26533333333333,375.2963333333333
57,5,846.0310245288697,0.16791089579413765,0.5687134012271801,632.7670873333333,0.06151242148089923,846.0310245288697,632.7670873333333,103.32733333333333,54.647999999999996,157.975,245.99433333333332,130.102,376.09633333333335
57,4,846.3557696775073,0.11814074901758771,0.568691249434934,632.8936972222223,0.1163079520709464,846.3557696775073,632.8936972222223,103.44533333333334,54.620000000000005,158.06566666666666,246.83366666666666,130.33066666666667,377.164
57,3,846.4136357977301,0.23069418503874684,0.568668323754641,632.8398713333332,0.3529990157267816,846.4136357977301,632.8398713333332,101.18266666666666,54.63333333333333,155.81666666666666,241.64466666666667,130.475,372.11999999999995
57,2,846.2442019410861,0.5429642623886138,0.5686690226612464,632.6907306666667,0.028285592577338432,846.2442019410861,632.6907306666667,100.38366666666667,54.59,154.97400000000002,239.265,130.11566666666667,369.38033333333334
57,1,846.3046833852301,0.12564970176717294,0.5686667612444584,632.8479902222224,0.1053474288524042,846.3046833852301,632.8479902222224,96.99266666666666,54.62466666666668,151.61766666666668,230.904,130.042,360.9456666666667
57,0,846.3654904752478,0.1244223226549945,0.5686833431519185,632.5950137777778,0.18123641724617404,846.3654904752478,632.5950137777778,97.601,54.60666666666666,152.20766666666665,232.37633333333335,130.01133333333334,362.3876666666667
58,100000,0.13642527288977283,0.00043613579487432715,0.5790312463768812,184.3215597777778,0.008418574069918007,0.13642527288977283,184.3215597777778,73.37333333333333,7.273499999999999,80.64683333333333,72.135,7.151,79.286
58,40000,0.32595795368262387,0.0019875546508697738,0.5789609589080201,185.16069611111115,0.6847158942754005,0.32595795368262387,185.16069611111115,73.43544444444444,7.291888888888888,80.72766666666666,131.49611111111113,13.057444444444444,144.55355555555556
58,5000,2.5107166836717463,0.014157661833606536,0.5802242353983412,185.40390799999997,0.47497565638379846,2.5107166836717463,185.40390799999997,73.52816666666666,7.415333333333333,80.94333333333333,141.38783333333333,14.259,155.64666666666668
58,3000,4.125769487790296,0.0239781222221109,0.5807259324868165,185.65136483333333,0.496635965939449,4.125769487790296,185.65136483333333,73.5765,7.503166666666666,81.07966666666665,138.83033333333333,14.157833333333334,152.98816666666667
58,2000,6.1227655643468095,0.03893227965658616,0.5800584065243068,184.8397697222222,0.012568164390682457,6.1227655643468095,184.8397697222222,73.56566666666667,7.604666666666667,81.17016666666667,71.92733333333334,7.4351666666666665,79.36233333333332
58,1500,8.074352357675533,0.04979265090037291,0.5796097401457354,185.00442833333332,0.007685236258924357,8.074352357675533,185.00442833333332,73.68233333333333,7.716,81.39833333333333,72.70066666666666,7.613333333333333,80.31400000000001
58,1000,11.859511855077756,0.0687586251430969,0.5792576961289743,185.29919366666664,0.022161956039837588,11.859511855077756,185.29919366666664,73.77416666666666,7.920166666666667,81.694,75.12049999999999,8.065,83.18583333333333
58,900,13.076339148325765,0.0763391154776745,0.5792316783084184,185.41168422222222,0.01959978026484575,13.076339148325765,185.41168422222222,73.89583333333333,7.993333333333333,81.889,73.57066666666667,7.958000000000001,81.529
58,800,14.592412169259873,0.08703886978072746,0.5791806128444609,185.52571266666666,0.01387559591353551,14.592412169259873,185.52571266666666,73.91133333333333,8.071833333333332,81.983,73.68116666666667,8.0465,81.72816666666667
58,700,16.497609128999507,0.09625183419807987,0.579083707380636,185.68327722222224,0.012363672903895468,16.497609128999507,185.68327722222224,73.99266666666666,8.177333333333333,82.17066666666666,73.91199999999999,8.1685,82.0805
58,600,18.978431522965675,0.10662587032943271,0.5789873417751611,185.8772498333333,0.01072340217727953,18.978431522965675,185.8772498333333,74.10283333333332,8.3155,82.41816666666666,73.95700000000001,8.299166666666666,82.2565
58,550,20.508418318208594,0.11349746284248072,0.5789181900934718,186.00423205555555,0.026330583099757436,20.508418318208594,186.00423205555555,74.17566666666667,8.404333333333334,82.58,74.04983333333332,8.390333333333333,82.44
58,450,24.480938805651892,0.12681940163879132,0.57887039095507,186.31058522222224,0.01588382918660261,24.480938805651892,186.31058522222224,74.34583333333333,8.620833333333334,82.96683333333333,74.42733333333332,8.630333333333333,83.05766666666666
58,380,28.333336239133313,0.15377132044229244,0.578844086649309,186.6204951666667,0.045175038129348456,28.333336239133313,186.6204951666667,74.50783333333332,8.8385,83.34633333333333,74.79333333333334,8.872166666666667,83.6655
58,340,31.092887448030364,0.15653641681790081,0.5788071200079079,186.80737083333335,0.02998594184374791,31.092887448030364,186.80737083333335,74.63600000000001,8.988833333333334,83.62483333333334,74.6445,8.989833333333333,83.63416666666667
58,300,34.58796493789369,0.16890127893624365,0.5787904006240715,187.08256450000002,0.029711716629239642,34.58796493789369,187.08256450000002,74.8915,9.195,84.08633333333334,74.86966666666667,9.192,84.0615
58,260,38.811059000838064,0.16320276582336504,0.5787291067234879,187.39832466666667,0.027148200196523458,38.811059000838064,187.39832466666667,74.9905,9.418000000000001,84.40866666666666,74.84966666666666,9.400333333333334,84.25033333333333
58,220,44.30204054522949,0.18207228308131193,0.578708299626722,187.81772316666664,0.026798310745074595,44.30204054522949,187.81772316666664,75.2295,9.723333333333334,84.95283333333333,75.09083333333334,9.705333333333334,84.7965
58,200,47.669478907803615,0.1777368260113903,0.5786934714353976,188.08963333333335,0.028575257488470833,47.669478907803615,188.08963333333335,75.4765,9.924166666666666,85.401,74.572,9.8055,84.37733333333334
58,180,51.45973756006993,0.18672904056912917,0.578670944269963,188.35690633333334,0.03227900286219859,51.45973756006993,188.35690633333334,75.56283333333333,10.124166666666667,85.68683333333333,74.23233333333333,9.946,84.17833333333333
58,160,56.16244804648796,0.19734903670310788,0.5786656230738882,188.69731611111112,0.04361034315931792,56.16244804648796,188.69731611111112,75.756,10.383000000000001,86.13933333333334,75.709,10.3765,86.08550000000001
58,140,61.673293972876756,0.20169133248892893,0.5786531903627866,189.12871277777776,0.04284764951709739,61.673293972876756,189.12871277777776,76.062,10.701666666666668,86.76350000000001,75.78783333333332,10.663,86.45083333333334
58,120,69.00325134424497,0.17807173379547384,0.5786287717531159,189.68893711111107,0.042806569156135434,69.00325134424497,189.68893711111107,76.36916666666666,11.097666666666667,87.46666666666665,76.30183333333333,11.087666666666665,87.38966666666666
58,100,78.14746376913214,0.16240251959619242,0.5786179333105227,190.34785738888888,0.03789813520502312,78.14746376913214,190.34785738888888,76.89816666666667,11.616833333333332,88.51483333333333,76.414,11.5435,87.95716666666665
58,90,83.59367124159823,0.16643259328726084,0.5786016496646804,190.76266250000003,0.04649389319745066,83.59367124159823,190.76266250000003,77.11666666666666,11.909833333333333,89.02683333333334,76.58133333333333,11.827333333333334,88.4085
58,80,89.5636233378019,0.21787135187303222,0.5785931548723803,191.21178294444442,0.059401814530235617,89.5636233378019,191.21178294444442,77.369,12.241999999999999,89.61099999999999,76.92966666666666,12.172333333333334,89.10183333333333
58,70,96.72002170987587,0.14635136941847804,0.578587847258313,191.79951694444443,0.05306148063663349,96.72002170987587,191.79951694444443,77.70700000000001,12.64,90.347,77.17999999999999,12.554333333333332,89.734
58,65,100.80960169404925,0.19660372556330774,0.5785908438018978,192.1287712222222,0.05539633697864259,100.80960169404925,192.1287712222222,77.91783333333333,12.867166666666668,90.78500000000001,77.41733333333333,12.7845,90.20150000000001
58,60,105.52777580310719,0.10537727339923394,0.5785839630527977,192.50161794444443,0.05528464968200594,105.52777580310719,192.50161794444443,78.19483333333334,13.138333333333334,91.33316666666667,78.78150000000001,13.237,92.01833333333333
58,55,110.50685614151864,0.19942603872512255,0.5785727080050233,192.89114383333333,0.07896509288027287,110.50685614151864,192.89114383333333,78.447,13.413499999999999,91.86016666666667,78.60283333333332,13.439833333333333,92.04316666666666
58,50,116.33795437562195,0.12865098497182356,0.5785677993180446,193.43196644444444,0.051999304740938675,116.33795437562195,193.43196644444444,78.78233333333334,13.746,92.52783333333333,78.88850000000001,13.764333333333333,92.65266666666666
58,45,121.72380216293088,0.12736914546589143,0.5785821106315442,193.9106167777778,0.1192318688387646,121.72380216293088,193.9106167777778,78.9725,14.028,93.00033333333333,78.97166666666668,14.027833333333334,92.99966666666667
58,40,126.77588022484612,0.10346268622575648,0.5785682324311514,194.2992637222222,0.0517986579119956,126.77588022484612,194.2992637222222,79.205,14.31,93.51483333333334,79.29083333333334,14.325333333333333,93.616
58,35,134.20449270518517,0.06802121498153937,0.5785594337165689,194.9769548888889,0.07549734568216161,134.20449270518517,194.9769548888889,79.62133333333334,14.729166666666666,94.35033333333332,79.62,14.729,94.34883333333333
58,30,141.5905485441029,0.014461765629454906,0.5785588050599489,195.63991655555557,0.06587601610522772,141.5905485441029,195.63991655555557,79.87783333333333,15.1355,95.01333333333334,80.0115,15.160833333333334,95.17216666666667
58,27,147.31270846445975,0.08051458227291168,0.5785569823493328,196.07569344444445,0.14938718072736437,147.31270846445975,196.07569344444445,80.14999999999999,15.453666666666665,95.60383333333334,80.0705,15.438333333333333,95.509
58,26,156.91838157688827,0.3942495593734372,0.578555477911252,197.14107222222222,0.11623195309696766,156.91838157688827,197.14107222222222,80.74566666666666,16.0085,96.75416666666666,81.06766666666667,16.0725,97.13983333333333
58,25,155.99437576489976,0.15821721692881882,0.578553326280418,197.07315749999998,0.07017227046023888,155.99437576489976,197.07315749999998,80.69850000000001,15.944166666666668,96.64266666666667,80.79583333333333,15.963166666666668,96.75916666666666
58,24,161.93478306890032,0.3631871914443384,0.5785454213812709,197.77026944444447,0.09597434163467848,161.93478306890032,197.77026944444447,80.97983333333333,16.2715,97.25116666666668,81.43516666666666,16.362833333333334,97.79783333333334
58,23,166.85266075592557,0.19144602012412615,0.5785455234534609,198.32483516666665,0.1049491845835378,166.85266075592557,198.32483516666665,81.4035,16.5495,97.95299999999999,83.06400000000001,16.887666666666664,99.95183333333334
58,22,173.21706473490212,0.11784339637185999,0.5785469899885796,199.10093927777777,0.12083031342661667,173.21706473490212,199.10093927777777,81.94500000000001,16.91933333333333,98.86416666666666,81.858,16.901,98.75933333333334
58,21,181.7368975546552,0.2810616410850208,0.5785403966621665,200.13710700000001,0.08966806357650568,181.7368975546552,200.13710700000001,81.91633333333333,17.376166666666666,99.29266666666666,84.28533333333333,17.8785,102.164
58,20,186.86459442822434,0.054900968709568364,0.5785484707771903,200.8732428333333,0.1890130503095482,186.86459442822434,200.8732428333333,82.4235,17.6945,100.118,83.44266666666667,17.9135,101.35616666666668
58,19,204.40540189941717,0.3124305540335285,0.5785443798511366,203.20808716666667,0.19000758973738793,204.40540189941717,203.20808716666667,82.70683333333334,18.648500000000002,101.35583333333334,83.622,18.855166666666666,102.47699999999999
58,18,202.74594144450012,0.013556466388724065,0.5785318726948175,202.9966677777778,0.23569728096898873,202.74594144450012,202.9966677777778,82.715,18.553500000000003,101.26866666666666,83.46383333333334,18.721666666666668,102.1855
58,17,264.6490510928866,2.796097992312904,0.5785289923765417,213.43183983333333,0.7052712575453505,264.6490510928866,213.43183983333333,84.45,22.067833333333336,106.5175,88.90216666666667,23.236500000000003,112.13866666666667
58,16,310.02200129172746,1.0414354195907436,0.5785176714197973,222.98240677777775,0.26127044863740445,310.02200129172746,222.98240677777775,85.41449999999999,24.572999999999997,109.98733333333332,93.145,26.796833333333336,119.94183333333332
58,15,331.2808223246707,1.0724472915588623,0.5785166594457204,228.0406275,0.5575094172115392,331.2808223246707,228.0406275,85.99416666666667,25.802333333333333,111.79666666666667,94.29583333333333,28.293333333333333,122.58916666666666
58,14,355.6686977468468,1.1515394747192003,0.5785135938716531,234.26329955555556,0.8734403035553094,355.6686977468468,234.26329955555556,86.39116666666666,27.144166666666667,113.53533333333333,94.37716666666667,29.653333333333332,124.03066666666666
58,13,381.6939784531957,1.5749408178094189,0.5785166464424942,241.79173061111112,0.7422653996619044,381.6939784531957,241.79173061111112,87.06083333333333,28.632666666666665,115.694,100.79516666666666,33.14516666666667,133.93966666666668
58,12,417.1000886654856,1.2955284619025782,0.5785049753448879,253.3573093888889,0.8631385174625961,417.1000886654856,253.3573093888889,88.03666666666668,30.59,118.62666666666667,100.6025,34.95666666666667,135.559
58,11,453.8299092677774,0.48268974990551444,0.5785039209857659,267.13701994444443,0.2199211640431679,453.8299092677774,267.13701994444443,89.25316666666667,32.679833333333335,121.93283333333333,103.0825,37.74333333333333,140.82583333333332
58,10,504.11517657916016,1.1977423393096636,0.5785039199411544,291.3848515,0.24246407510739104,504.11517657916016,291.3848515,90.53483333333334,35.4825,126.017,114.85966666666667,45.01583333333334,159.87533333333332
58,9,561.3859306019928,0.2272175617647686,0.5785352411807273,323.6248106111111,1.1655785937702194,561.3859306019928,323.6248106111111,91.9185,38.70333333333333,130.62183333333334,125.74900000000001,52.94816666666667,178.697
58,8,636.8572646143089,1.498747436907322,0.5784952217152306,378.2034921111111,5.871342938658082,636.8572646143089,378.2034921111111,93.87349999999999,42.96483333333333,136.83849999999998,143.68816666666666,65.76133333333333,209.44933333333333
58,7,733.2406430386878,1.9326491668938264,0.5785144945727977,455.4450959444444,7.651923994905322,733.2406430386878,455.4450959444444,96.9875,48.411833333333334,145.39916666666667,172.8373333333333,86.2695,259.10716666666667
58,6,841.7318517721391,0.7067154983158579,0.5785145780825073,619.4099092222222,0.747811748007444,841.7318517721391,619.4099092222222,102.4815,54.557500000000005,157.03900000000002,240.71816666666666,128.14983333333333,368.86816666666664
58,5,845.6507990587173,0.21363239982830484,0.5786206454356805,627.0827156111112,1.8563568820971221,845.6507990587173,627.0827156111112,103.42066666666666,54.6935,158.11433333333335,245.856,130.0205,375.8768333333333
58,4,845.6941315107175,0.1597497919176548,0.5785254071312212,627.2370454999999,2.105033773714877,845.6941315107175,627.2370454999999,103.5985,54.717999999999996,158.31616666666665,245.6555,129.74816666666666,375.40349999999995
58,3,845.6902284812909,0.19568239509798235,0.5785150949547262,627.1876642222222,2.098674456113579,845.6902284812909,627.1876642222222,101.44,54.69333333333333,156.13333333333333,241.15883333333332,130.025,371.1836666666666
58,2,845.58259722322,0.4371751611952129,0.5785176378093492,627.2835823333334,1.918387619384351,845.58259722322,627.2835823333334,100.45116666666667,54.71633333333333,155.16783333333333,239.28883333333332,130.342,369.6311666666666
58,1,845.7283209010153,0.2579669925209912,0.5785084048450043,627.231054,2.143198418568967,845.7283209010153,627.231054,97.24283333333334,54.72,151.96283333333335,242.311,136.35383333333334,378.66499999999996
58,0,845.9539743574464,0.3960613617182832,0.5785318090962347,627.0266526111112,2.0364835158853114,845.9539743574464,627.0266526111112,97.94816666666667,54.74,152.688,232.74833333333333,130.07566666666665,362.82383333333337
59,100000,0.13285469859886062,0.0010586314714620584,0.5915431318834351,184.33986151851852,0.01388940918382644,0.13285469859886062,184.33986151851852,73.34875,7.271166666666667,80.61991666666667,72.111,7.148583333333334,79.25966666666666
59,40000,0.31948775221476616,0.0011496988659516637,0.5881302244944163,185.2398782962963,0.45764801398440064,0.31948775221476616,185.2398782962963,73.43766666666666,7.29175,80.72975000000001,133.226,13.228583333333333,146.4545
59,5000,2.4701543632654364,0.016044264739311764,0.5894132718241641,185.2747117777778,0.6828082374593841,2.4701543632654364,185.2747117777778,73.50183333333332,7.4115,80.91316666666667,141.319,14.25,155.569
59,3000,4.05656974059898,0.0011362384837454403,0.5910458620442239,185.4548927777778,0.6858620824189364,4.05656974059898,185.4548927777778,73.56233333333334,7.499,81.06099999999999,139.72266666666667,14.243,153.96566666666666
59,2000,6.011790640421448,0.0022505693205919883,0.5901717143058981,184.84040944444442,0.01201455432350839,6.011790640421448,184.84040944444442,73.55766666666666,7.599333333333333,81.15633333333334,71.87166666666667,7.425,79.29666666666667
59,1500,7.931244547373943,0.0017327682654630137,0.5895898449169305,185.01376955555554,0.03377405781947379,7.931244547373943,185.01376955555554,73.711,7.719333333333334,81.43033333333334,74.339,7.785333333333334,82.12433333333333
59,1000,11.64445663949862,0.0004553451452573509,0.5893281155902573,185.29960433333335,0.023208012857114036,11.64445663949862,185.29960433333335,73.79866666666668,7.9126666666666665,81.71133333333333,72.33333333333333,7.755333333333333,80.08833333333332
59,900,12.840503292005257,0.001036000734890017,0.5892885857000759,185.39186677777775,0.023785479754430735,12.840503292005257,185.39186677777775,73.82933333333334,7.975333333333334,81.80533333333334,74.07233333333333,8.001666666666667,82.07433333333334
59,800,14.326247040250081,0.0024274580245444953,0.5892517792210255,185.49949033333328,0.006826963510803413,14.326247040250081,185.49949033333328,73.905,8.059666666666667,81.96433333333333,73.684,8.035666666666666,81.71966666666667
59,700,16.192956981334437,0.0012921273231824926,0.5891500838392993,185.63625444444446,0.01834118353245457,16.192956981334437,185.63625444444446,73.985,8.163666666666666,82.14833333333333,73.76933333333334,8.14,81.90899999999999
59,600,18.624369893988725,0.0016809063647047085,0.589081351357659,185.83221444444442,0.02005616401045379,18.624369893988725,185.83221444444442,74.08566666666667,8.298666666666668,82.38433333333334,73.88966666666667,8.276666666666666,82.16633333333334
59,550,20.12603078930087,0.000951585202734001,0.5890350976751472,185.94880011111107,0.004688935253877472,20.12603078930087,185.94880011111107,74.15966666666667,8.382666666666667,82.54233333333333,73.98733333333332,8.363333333333333,82.35066666666667
59,450,24.01524199259332,0.0008817301731490652,0.5889882005811492,186.25721155555553,0.017824277701850494,24.01524199259332,186.25721155555553,74.42266666666666,8.61,83.03266666666667,74.30933333333333,8.597,82.90633333333334
59,380,27.780746408524028,0.0012517540320845025,0.5889519140112626,186.54778666666667,0.002664940420390107,27.780746408524028,186.54778666666667,74.45833333333333,8.810333333333332,83.26866666666666,77.421,9.161,86.58266666666667
59,340,30.48933147192342,0.0016375079392415737,0.5889426524238579,186.74097866666668,0.0108376121191176,30.48933147192342,186.74097866666668,74.69,8.969333333333333,83.659,75.56833333333333,9.075000000000001,84.64366666666666
59,300,33.90336591721988,0.0005468265519707606,0.5888989512866906,187.01078366666664,0.0026149097498868574,33.90336591721988,187.01078366666664,74.766,9.150333333333334,83.91633333333334,74.77333333333333,9.151333333333334,83.925
59,260,38.054679765062154,0.0017736201019665089,0.5888531849234785,187.28167500000004,0.019972620667632796,38.054679765062154,187.28167500000004,74.96,9.382333333333333,84.342,74.81433333333332,9.363999999999999,84.17833333333333
59,220,43.410034630386725,0.002786609130165438,0.588831208258399,187.6988057777778,0.01001985590013607,43.410034630386725,187.6988057777778,75.192,9.680666666666667,84.87233333333334,74.84933333333333,9.636666666666668,84.486
59,200,46.70987232559195,0.004508535895327156,0.5888219574772308,187.962955,0.01317573555611456,46.70987232559195,187.962955,75.345,9.866333333333333,85.21133333333334,74.15966666666667,9.711,83.87133333333334
59,180,50.41809851079672,0.000828261789292013,0.588798982369568,188.22150444444446,0.027778010090587325,50.41809851079672,188.22150444444446,75.51833333333333,10.074333333333334,85.59266666666667,74.25366666666666,9.905333333333333,84.15933333333334
59,160,54.99005964820583,0.0022681729529939643,0.588790810705566,188.56065266666664,0.0064034454874809365,54.99005964820583,188.56065266666664,75.71133333333334,10.327,86.03833333333334,75.47133333333333,10.294333333333332,85.76566666666668
59,140,60.368968740826325,0.0038323332366315406,0.5887564683403713,188.96225655555554,0.0186300921758957,60.368968740826325,188.96225655555554,75.943,10.625666666666667,86.569,76.021,10.636666666666667,86.658
59,120,67.53164973549089,0.001949595797242145,0.5887549334570048,189.50109411111112,0.013806787583284916,67.53164973549089,189.50109411111112,76.30433333333333,11.026000000000002,87.33,75.86766666666666,10.963333333333333,86.83033333333333
59,100,76.44214738850495,0.003908717913398589,0.5887227475932465,190.11920822222226,0.019700756991483295,76.44214738850495,190.11920822222226,76.864,11.538666666666666,88.40266666666666,76.25166666666667,11.447000000000001,87.69833333333334
59,90,81.75291859041698,0.003429411440552641,0.588702603596956,190.52934355555553,0.03293820800854176,81.75291859041698,190.52934355555553,77.03033333333333,11.819666666666668,88.85000000000001,76.353,11.716,88.069
59,80,87.47768607263407,0.0056767862903301745,0.5886984549962523,190.94612200000003,0.0405491776365384,87.47768607263407,190.94612200000003,77.26366666666667,12.137666666666666,89.40166666666666,77.07533333333333,12.107999999999999,89.18366666666667
59,70,94.50389507838526,0.006451782858186632,0.588692658286298,191.49293466666666,0.02299247451034842,94.50389507838526,191.49293466666666,77.60066666666667,12.530333333333333,90.13166666666666,77.36233333333332,12.491999999999999,89.85433333333333
59,65,98.37768561079201,0.0036768651838818126,0.5886845361288086,191.826604,0.020627729718346585,98.37768561079201,191.826604,77.82533333333333,12.749666666666668,90.575,77.37366666666667,12.675333333333333,90.04933333333334
59,60,103.03384179017753,0.005419894714645312,0.5886948936851883,192.2178406666667,0.039334706002918836,103.03384179017753,192.2178406666667,78.031,13.005,91.036,78.368,13.061,91.42866666666667
59,55,107.75250007395236,0.012151271864962775,0.5886951183070925,192.56532833333335,0.0027669718707133703,107.75250007395236,192.56532833333335,78.28733333333334,13.271333333333333,91.55866666666667,78.09433333333334,13.238666666666667,91.33300000000001
59,50,113.45463174333834,0.010165852037969625,0.5886963510760824,192.99047700000003,0.03248753624258135,113.45463174333834,192.99047700000003,78.67466666666667,13.606,92.28033333333333,78.52633333333334,13.580666666666668,92.10666666666667
59,45,118.62419166454384,0.018522589376059054,0.5886878610023252,193.46278733333335,0.06647910150150542,118.62419166454384,193.46278733333335,78.83433333333333,13.874666666666668,92.709,79.23633333333333,13.945666666666668,93.182
59,40,123.55602554285208,0.025936759808131545,0.5886706120055597,193.88191433333336,0.05688797787172629,123.55602554285208,193.88191433333336,79.05433333333333,14.151000000000002,93.20466666666668,79.408,14.214333333333334,93.62233333333334
59,35,130.72884814430975,0.019810799432991973,0.5886617257892844,194.5993287777778,0.13589112417108562,130.72884814430975,194.5993287777778,79.47866666666667,14.557333333333332,94.036,79.53566666666667,14.568,94.10366666666668
59,30,137.93525576854177,0.010331651709378787,0.5886715806012632,195.32057,0.08521913795817304,137.93525576854177,195.32057,79.889,14.984666666666667,94.87366666666667,80.64299999999999,15.126333333333333,95.769
59,27,143.15135811480087,0.0028568034856651294,0.5886699939158255,195.55655388888889,0.10472825949002422,143.15135811480087,195.55655388888889,79.93833333333333,15.241333333333335,95.17933333333333,80.55900000000001,15.36,95.919
59,26,152.2851524866085,0.01809372883216128,0.5886624209197139,196.536328,0.04687246192355926,152.2851524866085,196.536328,80.42633333333333,15.755333333333335,96.18133333333333,80.66166666666668,15.801,96.46333333333332
59,25,151.53777129138575,0.00818631834940038,0.5886641086651023,196.61122655555553,0.09251793316633185,151.53777129138575,196.61122655555553,80.46033333333332,15.719,96.17999999999999,80.553,15.737333333333334,96.29
59,24,157.1092774466945,0.02295439314415468,0.5886544407234799,196.99023722222225,0.07655196068419723,157.1092774466945,196.99023722222225,80.75733333333334,16.029,96.78566666666666,80.64766666666667,16.00733333333333,96.65466666666667
59,23,162.19209034999534,0.024185225736519874,0.5886556308413476,197.69281022222222,0.09216296980790407,162.19209034999534,197.69281022222222,81.16533333333334,16.323000000000004,97.48833333333334,81.622,16.414666666666665,98.03699999999999
59,22,168.47266556792133,0.2636713489260971,0.5886587037372909,198.43825066666668,0.12610750593969944,168.47266556792133,198.43825066666668,81.63733333333333,16.689,98.32633333333332,81.67966666666666,16.697666666666667,98.37766666666666
59,21,176.70226105444542,0.006085135276919658,0.5886524151247421,199.3042241111111,0.1153456158731261,176.70226105444542,199.3042241111111,81.75466666666667,17.129333333333335,98.884,81.60000000000001,17.096666666666668,98.69666666666666
59,20,182.24593350223435,0.04951926209408355,0.5886538217607266,200.21401422222223,0.2131615365789435,182.24593350223435,200.21401422222223,82.04700000000001,17.437,99.48366666666668,83.01666666666667,17.643,100.65899999999999
59,19,198.5151372687826,0.028732772395664945,0.5886382258466322,202.27549233333332,0.10322465548070929,198.5151372687826,202.27549233333332,82.39999999999999,18.343,100.74333333333334,83.29966666666667,18.543000000000003,101.843
59,18,198.01336448463303,0.004938070518848904,0.5886421183924945,202.16598833333333,0.2466384107084064,198.01336448463303,202.16598833333333,82.57666666666667,18.340666666666667,100.91733333333333,83.16566666666667,18.471999999999998,101.63733333333334
59,17,256.2536346433747,0.018672243393172118,0.5886355450070945,211.5355111111111,0.45289924862444175,256.2536346433747,211.5355111111111,84.037,21.619333333333334,105.65633333333334,84.54,21.749,106.28866666666666
59,16,302.238385126084,0.018491727439916093,0.5886237389940877,221.66433922222222,0.5059075303417381,302.238385126084,221.66433922222222,85.28,24.23466666666667,109.51466666666666,100.02666666666666,28.425333333333338,128.45166666666668
59,15,323.00142386750446,0.05930095172146473,0.5886232551754694,226.5264931111111,0.23973355579343827,323.00142386750446,226.5264931111111,85.524,25.349666666666668,110.87366666666667,93.39033333333333,27.68133333333333,121.07166666666666
59,14,346.78697963656833,0.03803191908142931,0.5886230069598274,232.29575433333332,0.24749478056922625,346.78697963656833,232.29575433333332,86.13433333333334,26.727999999999998,112.86266666666667,94.83433333333333,29.427666666666667,124.26166666666666
59,13,372.7828692402915,0.021364816605499555,0.5886174412050958,239.348822,0.621720595399818,372.7828692402915,239.348822,86.60333333333334,28.157333333333337,114.76100000000001,96.298,31.310000000000002,127.60766666666666
59,12,406.72681584094494,0.019216420169216673,0.5886092495544276,249.45886766666663,0.8266868649596512,406.72681584094494,249.45886766666663,87.782,30.106666666666666,117.88866666666667,99.29033333333332,34.053333333333335,133.34366666666668
59,11,445.15307834944343,0.02402145053479782,0.5886080352505362,263.20009411111107,0.49413922265663474,445.15307834944343,263.20009411111107,88.84833333333334,32.217999999999996,121.06599999999999,107.56166666666667,39.00333333333334,146.56566666666666
59,10,491.7396665868009,0.027454196174796934,0.5886106404602499,283.65209566666664,0.1774096567311026,491.7396665868009,283.65209566666664,89.97966666666666,34.853,124.83266666666667,113.08733333333333,43.804,156.89133333333334
59,9,549.5697356023121,0.06178667917475887,0.588616562795787,312.8735038888889,0.19016932185126256,549.5697356023121,312.8735038888889,91.47733333333333,38.201,129.678,122.336,51.08733333333333,173.42333333333332
59,8,620.5417864010598,0.033363830478886046,0.5885990433814041,358.57131133333337,0.618178623317503,620.5417864010598,358.57131133333337,92.63133333333333,41.937333333333335,134.56866666666667,136.65666666666667,61.86933333333334,198.52599999999998
59,7,716.522263444927,0.08199748548808226,0.5885889413076315,430.05966522222224,1.1576060465586784,716.522263444927,430.05966522222224,96.21833333333332,47.55666666666667,143.775,165.19766666666666,81.65033333333334,246.84833333333336
59,6,833.8540076663206,0.20749512727982738,0.5886549279238346,598.3140233333332,0.7471565508784681,833.8540076663206,598.3140233333332,101.81400000000001,54.21633333333333,156.03,233.194,124.176,357.36999999999995
59,5,845.35298594188,0.14063116904865514,0.5887459795725402,621.8903946666668,0.23466167235285632,845.35298594188,621.8903946666668,103.408,54.81166666666667,158.21966666666665,242.88933333333333,128.74333333333334,371.6326666666667
59,4,845.4628655743536,0.026764084829962124,0.5886737730616677,622.1500215555556,0.09289775042983743,845.4628655743536,622.1500215555556,103.73266666666666,54.87366666666667,158.60633333333334,245.33466666666666,129.78033333333335,375.1143333333334
59,3,845.5205587941415,0.152108691983966,0.5886791520617628,622.2084697777777,0.1379065546996289,845.5205587941415,622.2084697777777,101.83833333333332,54.839999999999996,156.6783333333333,240.43533333333335,129.47433333333333,369.91
59,2,845.6909496297914,0.6047850748628522,0.5886890422049608,622.1512123333333,0.26013317807881187,845.6909496297914,622.1512123333333,100.91866666666665,54.838,155.75699999999998,237.63433333333333,129.12800000000001,366.763
59,1,845.438721269525,0.0557078547069918,0.5886758979509464,622.3578558888888,0.12114740316209632,845.438721269525,622.3578558888888,97.54466666666667,54.82,152.36466666666666,228.91366666666667,128.649,357.56299999999993
59,0,845.5181144108798,0.16528766601078812,0.588674979805598,624.2208431111111,3.7888033193974096,845.5181144108798,624.2208431111111,98.32666666666667,54.90233333333333,153.229,232.41366666666667,129.77166666666665,362.18533333333335
60,100000,0.13155682329000265,0.0006287605164233192,0.600977737445966,184.33597055555558,0.020852232911783657,0.13155682329000265,184.33597055555558,73.32311111111112,7.268666666666667,80.59188888888889,72.1271111111111,7.150222222222222,79.27744444444444
60,40000,0.31219671791788633,0.001082790576758229,0.6013058245869999,184.37538766666668,0.03853415715237658,0.31219671791788633,184.37538766666668,73.41877777777778,7.289777777777778,80.70866666666667,87.13266666666667,8.651222222222223,95.78388888888888
60,5000,2.4286374919116955,0.001966577555855388,0.5988436245871572,185.589335,0.23542556662660463,2.4286374919116955,185.589335,73.49333333333333,7.408333333333334,80.90166666666666,138.69433333333333,13.981,152.67533333333333
60,3000,4.00095437244338,0.023593447549774826,0.5990926539822692,185.8388581111111,0.021564313911679043,4.00095437244338,185.8388581111111,73.54383333333334,7.4943333333333335,81.038,127.42099999999999,12.984499999999999,140.40599999999998
60,2000,5.90997659329942,0.03831056316647111,0.6005918415467004,184.82882927777777,0.011417180398010143,5.90997659329942,184.82882927777777,73.5985,7.599333333333333,81.19783333333334,71.90883333333333,7.424833333333333,79.33366666666666
60,1500,7.794199415874227,0.0524089616633969,0.6002704778739957,184.982354,0.0074050009708211805,7.794199415874227,184.982354,73.6755,7.7043333333333335,81.37983333333334,72.20049999999999,7.550166666666667,79.7505
60,1000,11.449140537994246,0.07844665728927197,0.5999640060360781,185.2792086111111,0.009817811436148486,11.449140537994246,185.2792086111111,73.77116666666667,7.9014999999999995,81.6725,73.0365,7.822666666666667,80.85916666666667
60,900,12.624784219254146,0.08778083584136029,0.5999212356356747,185.36539138888887,0.011630912688769843,12.624784219254146,185.36539138888887,73.87116666666667,7.972666666666666,81.84383333333334,73.17983333333333,7.897833333333334,81.07766666666667
60,800,14.086739720866385,0.10097382309331122,0.5997843513247436,185.49055155555558,0.011101139584451344,14.086739720866385,185.49055155555558,73.92833333333333,8.054166666666667,81.9825,75.97116666666666,8.277,84.248
60,700,15.925253861417554,0.11239250269159114,0.5997600864834072,185.62685922222224,0.006161881868629955,15.925253861417554,185.62685922222224,73.94883333333333,8.149166666666666,82.098,74.35466666666666,8.194,82.54883333333333
60,600,18.32322582201027,0.13047576466778776,0.5996763701496907,185.8093239444444,0.013219452194756386,18.32322582201027,185.8093239444444,74.06266666666666,8.284999999999998,82.34766666666667,73.635,8.237,81.87233333333334
60,550,19.800174160458226,0.14287357036297368,0.5996681031533726,185.9307118888889,0.015313346325142441,19.800174160458226,185.9307118888889,74.1705,8.372166666666667,82.54216666666666,74.105,8.3645,82.4695
60,450,23.637708396282434,0.1760355373400914,0.5995673358160535,186.2140986111111,0.0043322565709058465,23.637708396282434,186.2140986111111,74.28750000000001,8.580833333333333,82.86833333333333,74.3915,8.593,82.98433333333334
60,380,27.346128660735086,0.20552029321858487,0.5994940176986281,186.5099872222222,0.02092910508324072,27.346128660735086,186.5099872222222,74.494,8.793333333333335,83.28783333333332,74.94533333333334,8.846666666666666,83.79183333333333
60,340,30.03147018892933,0.24457024648138334,0.5995148303205075,186.6935621111111,0.029489676408056345,30.03147018892933,186.6935621111111,74.613,8.9445,83.55749999999999,74.7,8.955,83.655
60,300,33.41711979080912,0.3178086256951078,0.5994540184663464,186.95063394444443,0.018058395702609174,33.41711979080912,186.95063394444443,74.82950000000001,9.140833333333333,83.97033333333333,74.75416666666666,9.1315,83.8855
60,260,37.5438288739145,0.3937447757459752,0.5994357726114781,187.25571449999998,0.025274441987249686,37.5438288739145,187.25571449999998,74.90966666666667,9.360333333333333,84.27,75.45666666666666,9.428833333333333,84.8855
60,220,42.802332028478304,0.41073403525113233,0.599425710666693,187.640252,0.047078609936541393,42.802332028478304,187.640252,75.1455,9.653666666666666,84.79916666666666,74.75616666666667,9.603666666666667,84.35983333333333
60,200,46.099510730695464,0.4690731309529773,0.5993906219229648,187.8981387777778,0.06093029942031794,46.099510730695464,187.8981387777778,75.33216666666667,9.846,85.17816666666667,75.38633333333333,9.852833333333333,85.23916666666666
60,180,49.7988628218867,0.5647588547877743,0.5993722971743095,188.14198055555553,0.047605846454056945,49.7988628218867,188.14198055555553,75.46783333333333,10.047333333333333,85.515,74.31416666666667,9.893666666666666,84.20783333333334
60,160,54.344651055418296,0.6915059355744594,0.5993542240061402,188.48296211111108,0.05964131375505004,54.344651055418296,188.48296211111108,75.71633333333334,10.307666666666668,86.024,75.16916666666667,10.233,85.40216666666667
60,140,59.693636766749385,0.7935135066348514,0.5993503763338143,188.88001455555556,0.07059629112281067,59.693636766749385,188.88001455555556,75.90733333333333,10.6,86.50716666666666,75.30466666666666,10.515833333333333,85.82099999999998
60,120,66.84113367748391,0.8830306468351059,0.5993402615205717,189.4097521111111,0.06422794471002063,66.84113367748391,189.4097521111111,76.3025,11.006166666666667,87.3085,75.93066666666667,10.952666666666666,86.88366666666667
60,100,75.72986786738562,1.0617260168449574,0.5993180395107199,190.0155526666667,0.0993856750372996,75.72986786738562,190.0155526666667,76.69566666666667,11.495833333333332,88.1915,76.4025,11.451833333333333,87.85433333333333
60,90,81.02460169053974,1.160225528439411,0.59930653734191,190.41804783333336,0.11980898501174908,81.02460169053974,190.41804783333336,77.01616666666666,11.800333333333334,88.81633333333333,76.7185,11.754666666666667,88.47333333333334
60,80,86.67283757024688,1.2263326372821326,0.5993036263357485,190.85582383333335,0.1231323611585568,86.67283757024688,190.85582383333335,77.30433333333333,12.124333333333333,89.4285,76.9795,12.073166666666665,89.05233333333332
60,70,93.60267145812124,1.118797663898397,0.5992895503272667,191.38214716666667,0.1331855776340613,93.60267145812124,191.38214716666667,77.56983333333334,12.5075,90.07716666666666,77.18716666666667,12.445833333333333,89.63283333333334
60,65,97.41353436462619,1.1688366838221953,0.599307947997005,191.6510688888889,0.12933210001019682,97.41353436462619,191.6510688888889,77.77316666666667,12.717666666666666,90.49066666666666,77.58083333333333,12.686166666666667,90.267
60,60,102.03949946310455,1.0639961010176409,0.5992910940210688,192.03425216666665,0.09913450370184222,102.03949946310455,192.03425216666665,77.99766666666666,12.975999999999999,90.97383333333333,77.919,12.963000000000001,90.88216666666666
60,55,106.74328489823118,1.239141948883804,0.5992922484552422,192.39065794444446,0.1313362830099137,106.74328489823118,192.39065794444446,78.16766666666666,13.228499999999999,91.39616666666666,78.3995,13.267833333333334,91.6675
60,50,112.53027034305863,1.2814834202151644,0.5992720391890458,192.90134633333332,0.14827246000429498,112.53027034305863,192.90134633333332,78.46316666666667,13.553666666666667,92.017,78.39866666666667,13.542666666666667,91.94116666666667
60,45,117.72300232379985,1.4112454490553077,0.5992746627761973,193.39753155555556,0.11036980891562786,117.72300232379985,193.39753155555556,78.783,13.852666666666666,92.6355,78.77816666666666,13.851833333333332,92.63016666666665
60,40,122.64389517394477,1.4329525039889894,0.5992748350476488,193.78056844444447,0.15886405980890814,122.64389517394477,193.78056844444447,78.95016666666668,14.118833333333333,93.069,78.94666666666667,14.118166666666667,93.065
60,35,130.01007546965548,1.4847534566611378,0.599268212948211,194.48704005555555,0.22739591956842592,130.01007546965548,194.48704005555555,79.356,14.532666666666666,93.88883333333332,79.33166666666666,14.528333333333334,93.86
60,30,136.9991206259021,1.647969802483861,0.5992713294207715,195.07837977777777,0.2412913639025454,136.9991206259021,195.07837977777777,79.6415,14.9315,94.57283333333334,79.872,14.974499999999999,94.84649999999999
60,27,142.07923338438755,2.0285122175079477,0.5992649086483746,195.41684605555554,0.11815270775255753,142.07923338438755,195.41684605555554,79.82549999999999,15.2065,95.032,79.95016666666668,15.230666666666666,95.18066666666668
60,26,150.96010326747975,2.136569112652023,0.5992580568289213,196.2979486111111,0.22460721601047146,150.96010326747975,196.2979486111111,80.32033333333334,15.718666666666666,96.03883333333333,80.37683333333334,15.7295,96.1065
60,25,150.4022779936138,2.1910374696587906,0.5992584476288554,196.24985972222225,0.3488331338103768,150.4022779936138,196.24985972222225,80.32433333333334,15.674833333333334,95.99916666666667,80.45933333333333,15.701,96.16033333333333
60,24,155.9837290914493,2.1962399103162187,0.5992526628935465,196.82106416666667,0.21913407865146736,155.9837290914493,196.82106416666667,80.628,15.988999999999999,96.61716666666666,80.72116666666666,16.007333333333335,96.72833333333334
60,23,160.95057385154985,2.231607193396316,0.5992502420083045,197.46645205555555,0.2958957397521758,160.95057385154985,197.46645205555555,81.096,16.287000000000003,97.383,81.134,16.294333333333334,97.4285
60,22,167.0996852668361,2.3770302848635483,0.5992511222070501,198.26871916666667,0.3076674233027077,167.0996852668361,198.26871916666667,81.50066666666667,16.62183333333333,98.12283333333333,81.80216666666666,16.683666666666667,98.48566666666666
60,21,175.2268171919371,2.520250588677258,0.5992502068487359,199.30487955555554,0.28851591967881496,175.2268171919371,199.30487955555554,81.64533333333334,17.085833333333333,98.731,85.09566666666666,17.805,102.90050000000001
60,20,180.33594954758337,2.587126007657292,0.5992523453804043,199.98948144444446,0.38323914690808036,180.33594954758337,199.98948144444446,81.9455,17.37033333333333,99.31583333333333,82.64083333333333,17.518,100.1585
60,19,196.02705678531856,2.991171456853005,0.5992518690081052,202.00354366666667,0.4181751174226586,196.02705678531856,202.00354366666667,82.17066666666666,18.241833333333336,100.41266666666667,82.927,18.409666666666666,101.33683333333333
60,18,195.80825205367182,2.689493442187715,0.5992511986084194,201.92338205555552,0.4845750514798658,195.80825205367182,201.92338205555552,82.4465,18.258666666666667,100.70516666666667,86.22433333333333,19.091666666666665,105.31599999999999
60,17,255.93770382582395,6.19127192117734,0.5992356061574906,212.14917733333334,0.9490803223657182,255.93770382582395,212.14917733333334,83.91816666666666,21.6555,105.57366666666667,88.72533333333332,22.884500000000003,111.60983333333333
60,16,299.8478946771041,4.824240687414092,0.599226885255851,221.32857855555554,1.1786532061639026,299.8478946771041,221.32857855555554,84.82133333333333,24.1035,108.92466666666667,91.33783333333334,25.955833333333334,117.294
60,15,320.4497512636774,5.140177884101791,0.5992284815897514,226.20663511111113,0.9410656659504633,320.4497512636774,226.20663511111113,85.29466666666667,25.279833333333332,110.5745,93.15833333333335,27.610500000000002,120.769
60,14,344.0901456913362,5.518466156644535,0.5992261255621452,231.9858995,0.9996872979347794,344.0901456913362,231.9858995,85.80616666666667,26.635666666666665,112.44183333333332,94.18233333333335,29.236,123.418
60,13,370.138317457287,4.666763239027895,0.599224202874571,238.9449206111111,1.0230452399228247,370.138317457287,238.9449206111111,86.26583333333333,28.066999999999997,114.33266666666667,96.2045,31.299833333333336,127.50466666666667
60,12,403.53717821856645,6.349748957928128,0.5992163904812887,249.18176927777776,1.2288573876312803,403.53717821856645,249.18176927777776,87.2935,29.962,117.2555,98.46066666666667,33.79516666666667,132.2555
60,11,439.2134199415331,4.438168272878334,0.5992220288273455,261.3819163888889,1.3848354513219217,439.2134199415331,261.3819163888889,88.61500000000001,32.025666666666666,120.64049999999999,101.81966666666666,36.79866666666667,138.61866666666666
60,10,487.43084116041695,7.63728002580562,0.5992137704269912,281.90681955555556,3.6707125498300655,487.43084116041695,281.90681955555556,89.6345,34.709,124.34366666666666,111.59466666666667,43.214499999999994,154.80949999999999
60,9,540.5966611801394,4.092730600690739,0.5992127753771802,309.9210887777778,1.291125540095766,540.5966611801394,309.9210887777778,90.818,37.718333333333334,128.53633333333332,120.92983333333332,50.22416666666667,171.15383333333332
60,8,615.4459535691955,8.576901179656852,0.5992142075944623,354.8755900555555,4.800825466568212,615.4459535691955,354.8755900555555,92.84183333333334,41.9505,134.79233333333335,135.01816666666667,61.0105,196.02833333333334
60,7,707.0296735720967,7.690019498791328,0.599230067752748,421.89838994444443,2.205395527941036,707.0296735720967,421.89838994444443,95.63166666666666,47.14333333333334,142.775,161.91316666666665,79.81866666666667,241.732
60,6,828.003109904076,8.7386286539861,0.5992171992083587,581.9437752777777,18.73080375898829,828.003109904076,581.9437752777777,101.22866666666665,54.02433333333334,155.25266666666667,225.455,120.32650000000001,345.78116666666665
60,5,845.12495663179,0.28149099952257534,0.5992742147755619,617.0784671666667,1.9594818478392648,845.12495663179,617.0784671666667,103.34466666666667,54.958,158.3025,244.1096666666667,129.8145,373.9241666666667
60,4,845.3833347790319,0.27072150567506537,0.5992288208726926,617.1767647777777,1.7518566548016286,845.3833347790319,617.1767647777777,103.71833333333335,54.947833333333335,158.66633333333334,243.95466666666667,129.2425,373.19716666666665
60,3,845.2500838543356,0.146237058313852,0.5992276424731907,617.1140817222222,1.6183887729176933,845.2500838543356,617.1140817222222,101.99399999999999,54.93266666666667,156.92633333333333,238.90066666666667,128.66866666666667,367.56933333333336
60,2,844.907135637688,0.4340215964800851,0.5992337073145971,617.0244208888889,1.6863829498973246,844.907135637688,617.0244208888889,101.19283333333334,54.94483333333333,156.138,239.00566666666666,129.77216666666666,368.7776666666667
60,1,845.2132056213118,0.2878159982095586,0.5992361588571012,616.9873413888889,1.866553299801928,845.2132056213118,616.9873413888889,97.68866666666666,54.94866666666667,152.63716666666667,230.02083333333334,129.38383333333334,359.40450000000004
60,0,845.3244128716897,0.11806142887505879,0.5992428620887609,617.075585388889,1.9920447609237484,845.3244128716897,617.075585388889,98.56099999999999,54.928333333333335,153.489,231.9625,129.273,361.23533333333336
61,100000,0.12955028380080297,0.0007202155533530925,0.612578983047641,184.33916183333335,0.01309777510637753,0.12955028380080297,184.33916183333335,73.36093333333334,7.2738,80.63466666666666,72.14566666666666,7.1534666666666675,79.29913333333334
61,40000,0.30773093478107894,0.0013488263427700903,0.6110167210503625,184.35772083333333,0.010764314289441534,0.30773093478107894,184.35772083333333,73.36233333333332,7.283,80.64533333333334,88.6565,8.801499999999999,97.45774999999999
61,5000,2.3903647374339645,0.012605336471042039,0.6098166905575692,185.4910203333333,0.4857551314583302,2.3903647374339645,185.4910203333333,73.49633333333334,7.407166666666666,80.9035,141.044,14.215666666666666,155.25966666666667
61,3000,3.9334514811408434,0.024241277826326985,0.6096015326141955,185.05592361111113,0.47502705284353686,3.9334514811408434,185.05592361111113,73.50083333333333,7.4879999999999995,80.98866666666667,105.35883333333334,10.733833333333331,116.09283333333333
61,2000,5.805859639762982,0.0009445050816327279,0.6116110947031962,184.8155757777778,0.0021669489645031316,5.805859639762982,184.8155757777778,73.63366666666667,7.5986666666666665,81.23233333333333,72.30533333333334,7.461333333333333,79.767
61,1500,7.65930951532221,0.0005854624372957627,0.611121538422723,184.97103555555557,0.012110725982163987,7.65930951532221,184.97103555555557,73.62133333333333,7.6933333333333325,81.31466666666667,72.07466666666667,7.531666666666666,79.60633333333334
61,1000,11.246828861259852,0.00387320059349888,0.6108560429847958,185.25895233333333,0.008785303871309933,11.246828861259852,185.25895233333333,73.76166666666667,7.892333333333333,81.654,73.135,7.825,80.96
61,900,12.407516499587722,0.0020689311061955966,0.6107185385467017,185.3414436666667,0.021006134289266995,12.407516499587722,185.3414436666667,73.818,7.958333333333333,81.77633333333334,72.78966666666666,7.847666666666666,80.63666666666667
61,800,13.845727114018331,0.0019063613602926812,0.6105967271087213,185.4464491111111,0.003343294006612172,13.845727114018331,185.4464491111111,73.87033333333333,8.037333333333335,81.90733333333334,73.541,8.001666666666667,81.54266666666666
61,700,15.649667520337237,0.0025325183018354122,0.6106273428666021,185.59259166666666,0.008749897377175892,15.649667520337237,185.59259166666666,74.032,8.147666666666666,82.17899999999999,74.37366666666667,8.185,82.55866666666667
61,600,18.005645562866803,0.0010894871550014358,0.6105614759526724,185.77763544444443,0.005514805046753903,18.005645562866803,185.77763544444443,74.04066666666667,8.269333333333334,82.31,74.35333333333334,8.304333333333334,82.65733333333333
61,550,19.462194130038956,0.0004902957172182418,0.6105464629235703,185.88561533333336,0.012734874980868434,19.462194130038956,185.88561533333336,74.109,8.351666666666667,82.461,74.39366666666666,8.383666666666665,82.77733333333333
61,450,23.233155257219963,0.0029407483832582923,0.6105093789367261,186.16814555555553,0.005685813342906207,23.233155257219963,186.16814555555553,74.27133333333335,8.563333333333334,82.83466666666666,74.09166666666667,8.542333333333334,82.63466666666666
61,380,26.88688041604769,0.0009447102042940186,0.6103944850019417,186.45332377777777,0.0052847735190893735,26.88688041604769,186.45332377777777,74.426,8.768,83.19433333333333,74.38799999999999,8.763666666666666,83.15166666666667
61,340,29.537840541417538,0.0014610166460479175,0.6104254427278972,186.6306941111111,0.013823042088932142,29.537840541417538,186.6306941111111,74.641,8.928333333333333,83.56933333333333,74.92633333333333,8.962333333333333,83.889
61,300,32.881606723592164,0.0021864203549743495,0.6104451372959666,186.88349877777782,0.007258975542426375,32.881606723592164,186.88349877777782,74.70533333333333,9.104666666666667,83.81033333333333,74.65933333333334,9.099333333333332,83.75833333333333
61,260,36.96262904422037,0.003246746763894137,0.6103670612471842,187.18244266666667,0.008897284854252504,36.96262904422037,187.18244266666667,74.984,9.344666666666667,84.32866666666666,75.19633333333333,9.371333333333334,84.56733333333334
61,220,42.15289467366009,0.0020969581283574916,0.610357001123938,187.54208677777777,0.00829607953146175,42.15289467366009,187.54208677777777,75.20533333333333,9.636000000000001,84.84166666666665,75.64166666666667,9.692,85.334
61,200,45.38711366995568,0.0011912817700765854,0.6103088056262438,187.80234022222223,0.015377273542240754,45.38711366995568,187.80234022222223,75.252,9.805666666666665,85.05733333333335,75.29666666666667,9.811666666666666,85.108
61,180,49.06497036530959,0.002981570163024817,0.6102898121935428,188.03963411111113,0.02200145608904603,49.06497036530959,188.03963411111113,75.42999999999999,10.014666666666665,85.44466666666666,74.23433333333334,9.856,84.08999999999999
61,160,53.57854095791319,0.004609750579765589,0.610287071147707,188.3824051111111,0.019437475545795165,53.57854095791319,188.3824051111111,75.62933333333334,10.267333333333333,85.89666666666666,75.028,10.186,85.214
61,140,58.880415329752054,0.01272125820623514,0.6102814205358749,188.75322244444442,0.008684935446149279,58.880415329752054,188.75322244444442,75.84966666666666,10.560666666666668,86.411,76.78966666666666,10.691333333333333,87.48133333333334
61,120,65.89410603570887,0.008200866113401234,0.6102357462107499,189.25218522222224,0.018643644554076397,65.89410603570887,189.25218522222224,76.21633333333334,10.959000000000001,87.17533333333334,75.53099999999999,10.860666666666667,86.39133333333332
61,100,74.70528486008976,0.01884321634888218,0.6102580710954016,189.8671328888889,0.017605564822036096,74.70528486008976,189.8671328888889,76.74466666666667,11.466,88.21100000000001,76.48266666666666,11.426666666666668,87.90899999999999
61,90,79.98174719415286,0.004654084315320897,0.6102335789007866,190.24897233333334,0.021068190738646037,79.98174719415286,190.24897233333334,76.91466666666666,11.748666666666667,88.66333333333334,76.94133333333333,11.752666666666665,88.69366666666667
61,80,85.5549224489498,0.009172864550596866,0.6102075550706081,190.64546655555554,0.01203774665298616,85.5549224489498,190.64546655555554,77.14266666666667,12.060333333333332,89.20299999999999,76.85633333333334,12.015333333333333,88.87166666666667
61,70,92.39648813859684,0.009940403625392046,0.6102221176689265,191.15665933333332,0.039021888440256836,92.39648813859684,191.15665933333332,77.56133333333334,12.461666666666666,90.02333333333333,77.04533333333335,12.379,89.42399999999999
61,65,96.1763315820519,0.005895673041309598,0.6102003866865776,191.45138766666665,0.03456969486574356,96.1763315820519,191.45138766666665,77.65833333333335,12.657666666666666,90.31599999999999,77.21866666666666,12.586,89.80466666666666
61,60,100.67400034182687,0.00486829214969387,0.6101999954662672,191.82606833333332,0.05922154278919149,100.67400034182687,191.82606833333332,77.87633333333333,12.909999999999998,90.78666666666668,77.512,12.849666666666666,90.36133333333333
61,55,105.39670451832438,0.014804657177718004,0.6102095020370594,192.19620533333332,0.04611588703233881,105.39670451832438,192.19620533333332,78.10866666666666,13.174666666666667,91.283,77.55033333333334,13.080333333333334,90.63100000000001
61,50,110.9929277438434,0.007856039937721888,0.610204381437856,192.58526288888888,0.010063503644003604,110.9929277438434,192.58526288888888,78.382,13.488333333333335,91.87033333333333,78.25366666666667,13.466666666666667,91.71999999999998
61,45,116.09643089618032,0.02735558321199845,0.6102038223540216,193.1393837777778,0.05010605422872316,116.09643089618032,193.1393837777778,78.63666666666667,13.774000000000001,92.41066666666666,79.04833333333333,13.845999999999998,92.89433333333334
61,40,121.08068141988554,0.010887476048759514,0.6101861867813878,193.50508522222222,0.06598981352393425,121.08068141988554,193.50508522222222,78.86866666666667,14.055333333333332,92.92399999999999,78.896,14.06,92.95633333333335
61,35,128.26467413457988,0.012054631008784839,0.6101879295107557,194.19148599999997,0.09959334386115985,128.26467413457988,194.19148599999997,79.26033333333334,14.457,93.717,79.43333333333334,14.488333333333335,93.92233333333333
61,30,135.42431612921314,0.018054674567805577,0.6102085120496673,194.91066,0.1365060334051074,135.42431612921314,194.91066,79.48033333333335,14.847666666666667,94.32833333333333,97.10766666666666,18.138333333333332,115.246
61,27,140.6544248771622,0.010603818939441345,0.6102014638705248,195.17595422222223,0.08377323113444818,140.6544248771622,195.17595422222223,79.743,15.151333333333334,94.89433333333334,79.68166666666667,15.139666666666665,94.82099999999998
61,26,149.52686526372622,0.14037469006204484,0.6101779350102476,196.06488588888888,0.09674305908053492,149.52686526372622,196.06488588888888,80.179,15.650333333333334,95.82966666666665,80.49900000000001,15.713,96.21199999999999
61,25,148.81261595642715,0.018723294224228942,0.6101866751254023,196.01183155555557,0.054433275094193635,148.81261595642715,196.01183155555557,80.255,15.616,95.87066666666668,80.27233333333334,15.619333333333335,95.89133333333332
61,24,154.3016949848276,0.01856007846357733,0.6101738580600774,196.5499907777778,0.13289299988519654,154.3016949848276,196.5499907777778,80.55433333333333,15.926,96.48,81.391,16.091333333333335,97.48233333333333
61,23,159.17524581832626,0.015161139765315162,0.6101751628375843,197.15059944444442,0.09999017965244253,159.17524581832626,197.15059944444442,81.01433333333334,16.223333333333333,97.23766666666666,80.69366666666667,16.159666666666666,96.85333333333334
61,22,165.23154623750972,0.050576939125593676,0.6101711157746491,197.83722877777777,0.10103474539007459,165.23154623750972,197.83722877777777,81.48466666666667,16.563666666666666,98.04833333333333,81.407,16.548,97.955
61,21,173.45065054513773,0.0580754249562961,0.6101753304760732,198.949219,0.08664938826930194,173.45065054513773,198.949219,81.495,17.002666666666666,98.49766666666666,80.89466666666667,16.877333333333333,97.77233333333334
61,20,178.18183782097108,0.013364622726361389,0.610181252758542,199.69674422222224,0.15215954959781428,178.18183782097108,199.69674422222224,81.78966666666666,17.272666666666666,99.06233333333334,81.738,17.261666666666667,98.99966666666667
61,19,193.6902194945516,0.1064589742584379,0.6101691615593444,201.6792472222222,0.09569988022823137,193.6902194945516,201.6792472222222,82.01466666666666,18.151,100.166,82.38233333333334,18.232666666666663,100.61500000000001
61,18,193.35777308203936,0.002219095796797524,0.6101681955062567,201.63154022222218,0.052110597260217155,193.35777308203936,201.63154022222218,82.17533333333334,18.123333333333335,100.29833333333333,83.22066666666667,18.353666666666665,101.57433333333334
61,17,255.02361214664074,0.029187072353996923,0.6101574310229777,211.83549022222223,0.34294186801300586,255.02361214664074,211.83549022222223,83.76166666666667,21.644333333333332,105.406,84.30666666666667,21.78533333333333,106.09233333333333
61,16,296.9864441030783,0.010643300463470597,0.6101479211445181,220.83856811111113,0.2019740264405272,296.9864441030783,220.83856811111113,84.63,23.998666666666665,108.629,90.87566666666667,25.769666666666666,116.645
61,15,317.423322602828,0.01338711934918536,0.6101548729540422,225.82151,0.33206687851213507,317.423322602828,225.82151,85.00933333333334,25.14833333333333,110.15766666666667,92.794,27.451999999999998,120.24566666666668
61,14,340.7420005260988,0.12799571326374284,0.6101453401071534,231.6525192222222,0.24127910522422624,340.7420005260988,231.6525192222222,85.484,26.482333333333333,111.96633333333334,93.697,29.026666666666667,122.72366666666666
61,13,367.6335361508998,0.004331057381610196,0.6101503617867626,238.22801133333334,0.7726362518548914,367.6335361508998,238.22801133333334,86.22633333333333,28.034000000000002,114.26066666666667,96.07033333333334,31.235,127.30499999999999
61,12,399.64821546149466,0.027501805701422452,0.6101510405753029,247.95498099999998,0.17186233609003582,399.64821546149466,247.95498099999998,87.11733333333332,29.81566666666667,116.93333333333334,98.26666666666667,33.63133333333334,131.898
61,11,432.2991459564069,0.13352649072116138,0.610137713041632,258.9015575555556,0.2505736505306813,432.2991459564069,258.9015575555556,88.28000000000002,31.67533333333333,119.95533333333333,100.49533333333333,36.05833333333334,136.55366666666666
61,10,483.15933199741386,0.1091867727607395,0.6101366723204552,280.0745716666667,0.9849787968237153,483.15933199741386,280.0745716666667,89.41233333333334,34.53333333333333,123.94533333333334,110.87833333333333,42.82399999999999,153.702
61,9,535.8708747714236,0.04221712476895569,0.6101588777177779,304.96996800000005,0.28269721447925544,535.8708747714236,304.96996800000005,90.56333333333333,37.53766666666667,128.101,117.675,48.775,166.45000000000002
61,8,610.4348114494137,0.01985781680054516,0.6101431266163092,352.9129754444445,2.1152479066935808,610.4348114494137,352.9129754444445,92.64666666666666,41.76733333333333,134.41400000000002,134.82633333333334,60.782999999999994,195.60933333333332
61,7,699.5116266609243,0.16857469422884686,0.6101859251804421,407.5532992222222,0.12081482982792562,699.5116266609243,407.5532992222222,95.47500000000001,46.85233333333333,142.3273333333333,158.536,77.79833333333333,236.33399999999997
61,6,822.452488284773,0.35651019548695057,0.6101459724465145,564.5240801111111,0.5541725018088542,822.452488284773,564.5240801111111,100.87466666666667,53.891,154.766,216.41666666666666,115.61833333333334,332.035
61,5,844.9289172163872,0.15966363141171327,0.6101712410992332,611.6763415555555,0.039228874533156065,844.9289172163872,611.6763415555555,103.56099999999999,55.10366666666667,158.66433333333333,242.55866666666668,129.06266666666667,371.62166666666667
61,4,845.2429460094572,0.4321920008959515,0.6101226295428509,611.5191133333334,0.1269498719236432,845.2429460094572,611.5191133333334,103.66000000000001,55.047666666666665,158.7073333333333,242.4176666666667,128.733,371.15066666666667
61,3,844.9415577632212,0.12096921453333201,0.6101275383315196,611.6659042222223,0.3027205623109166,844.9415577632212,611.6659042222223,102.226,55.055,157.281,238.84799999999998,128.634,367.48199999999997
61,2,844.8740581695716,0.5145472077383529,0.610140398962358,611.801607,0.12132195710357843,844.8740581695716,611.801607,101.45233333333333,55.09766666666667,156.54999999999998,236.65266666666665,128.52266666666665,365.17533333333336
61,1,844.7993507871219,0.04986166651351233,0.6101265986512998,611.5170808888889,0.34877702031409125,844.7993507871219,611.5170808888889,97.72399999999999,55.04966666666667,152.77366666666668,229.21466666666666,129.12,358.3343333333333
61,0,844.9203196862136,0.28708281972093924,0.6101559203387423,611.4787671111112,0.26175476025776234,844.9203196862136,611.4787671111112,99.00066666666667,55.088,154.08866666666665,231.06000000000003,128.5716666666667,359.63166666666666
62,40000,0.30279667150983175,0.0015975585878525217,0.6208076204259111,184.55266716666665,0.49144290798716156,0.30279667150983175,184.55266716666665,73.36755555555555,7.283777777777778,80.65122222222222,80.80322222222223,8.022666666666668,88.826
62,5000,2.355162081411628,0.013638940198819371,0.6192771836902342,185.46307000000002,0.36336170095970083,2.355162081411628,185.46307000000002,73.497,7.408166666666666,80.90516666666666,141.142,14.2265,155.3685
62,3000,3.8690809106041555,0.0005796223377324814,0.6200119851443683,184.67282600000001,0.0062804387674193825,3.8690809106041555,184.67282600000001,73.46466666666667,7.481333333333333,80.94633333333333,71.81366666666666,7.313,79.12666666666667
62,2000,5.735647064063694,0.0007537042466076358,0.6189461714440189,184.8248065555555,0.016068578276074455,5.735647064063694,184.8248065555555,73.53933333333333,7.585333333333334,81.125,72.029,7.429333333333333,79.45833333333333
62,1500,7.559489690140814,0.00214481675830099,0.6186736830748908,184.99065877777778,0.037314397004567144,7.559489690140814,184.99065877777778,73.62466666666667,7.696333333333333,81.32133333333333,72.164,7.543666666666667,79.70733333333334
62,1000,11.099985974760605,0.0006484346662233934,0.6184506752804421,185.25512555555557,0.024911510660132932,11.099985974760605,185.25512555555557,73.771,7.8870000000000005,81.65766666666667,72.63600000000001,7.765666666666667,80.40166666666666
62,900,12.24339150329331,0.002555067462472562,0.6182668271437554,185.35252633333334,0.010505247894929483,12.24339150329331,185.35252633333334,73.80766666666666,7.949000000000001,81.75699999999999,73.26766666666667,7.891000000000001,81.15833333333335
62,800,13.656375701219106,0.0032521326264603407,0.6182284777254371,185.4517792222222,0.012426536499397489,13.656375701219106,185.4517792222222,73.87533333333333,8.029333333333334,81.90433333333334,73.391,7.977,81.36733333333333
62,700,15.438626846044459,0.00201372312035311,0.6181382025776642,185.59797611111114,0.005952292119949368,15.438626846044459,185.59797611111114,74.04233333333333,8.138666666666667,82.181,73.859,8.118333333333334,81.97766666666666
62,600,17.75994365404803,0.0016862306764906382,0.6181854657561001,185.7673402222222,0.006316972466973109,17.75994365404803,185.7673402222222,74.14466666666668,8.270000000000001,82.41433333333333,73.85633333333334,8.237333333333334,82.09433333333334
62,550,19.199899634741556,0.002541269766160115,0.6179750382266506,185.87278300000003,0.0031839196667656634,19.199899634741556,185.87278300000003,74.108,8.339,82.447,73.96633333333334,8.322666666666667,82.289
62,450,22.911735793229056,0.001323398256255649,0.6179803783082383,186.16060766666666,0.00555263307909905,22.911735793229056,186.16060766666666,74.27900000000001,8.548666666666668,82.82733333333333,73.89266666666667,8.504333333333333,82.397
62,380,26.501417853365496,0.00658649177776336,0.6179834941776642,186.41787355555553,0.006107664886892065,26.501417853365496,186.41787355555553,74.43133333333334,8.75,83.18133333333334,74.46166666666666,8.753666666666666,83.21466666666667
62,340,29.106730020606957,0.006347061615593725,0.6178905277417835,186.60930444444443,0.008080676060351639,29.106730020606957,186.60930444444443,74.53033333333333,8.894,83.42466666666667,75.431,9.001666666666667,84.43266666666666
62,300,32.368643942779606,0.0004758107332058123,0.617870725720692,186.84870033333334,0.014292775564361027,32.368643942779606,186.84870033333334,74.693,9.079,83.77233333333334,74.831,9.095666666666666,83.92666666666666
62,260,36.365009860869854,0.0027923478066044253,0.6178835732994559,187.12777177777778,0.011352412716307395,36.365009860869854,187.12777177777778,74.88066666666667,9.303666666666667,84.18433333333333,75.01133333333333,9.320333333333332,84.33166666666666
62,220,41.46176366152262,0.0038792821680482988,0.6178457220610228,187.496667,0.02454319819782213,41.46176366152262,187.496667,75.108,9.591333333333333,84.69933333333334,74.892,9.563666666666666,84.45566666666666
62,200,44.64527161615303,0.0013356572066329834,0.6178096419885778,187.71131944444446,0.027108061806844566,44.64527161615303,187.71131944444446,75.25466666666667,9.770999999999999,85.026,74.733,9.703666666666667,84.43633333333334
62,180,48.222649826860454,0.002602763354988385,0.617832703062364,187.98933955555557,0.020903361455707533,48.222649826860454,187.98933955555557,75.41366666666666,9.979333333333335,85.39299999999999,75.17633333333333,9.947666666666667,85.12400000000001
62,160,52.585966565377284,0.004594808829391099,0.6177906562755578,188.27275433333332,0.010226707409741931,52.585966565377284,188.27275433333332,75.69733333333333,10.229333333333335,85.92666666666666,75.47566666666667,10.199333333333334,85.67533333333331
62,140,57.74282464871575,0.002870933384948809,0.6177960797572789,188.66613977777777,0.006948764801008613,57.74282464871575,188.66613977777777,75.83833333333332,10.507,86.34533333333333,75.94233333333334,10.521333333333333,86.46333333333332
62,120,64.67124954910618,0.0008834225871874082,0.6177725718934645,189.13325766666662,0.0164969611241934,64.67124954910618,189.13325766666662,76.28266666666667,10.911333333333333,87.194,75.55033333333334,10.806666666666667,86.35700000000001
62,100,73.2352934914873,0.005586789367803529,0.6177527550175778,189.7263898888889,0.02031838393982979,73.2352934914873,189.7263898888889,76.61333333333333,11.378,87.991,75.90666666666667,11.273333333333333,87.17966666666666
62,90,78.34863460884579,0.004498212148683897,0.6177367293415715,190.10255066666664,0.014957698378332709,78.34863460884579,190.10255066666664,76.88333333333334,11.666666666666666,88.55,76.52666666666666,11.612333333333334,88.13866666666667
62,80,83.75493846611081,0.003521901950900825,0.6177473754775459,190.4644601111111,0.024074461827000217,83.75493846611081,190.4644601111111,77.10466666666666,11.969999999999999,89.07466666666666,76.503,11.876666666666667,88.38033333333334
62,70,90.56354495693147,0.006991856866808465,0.6177409384096002,190.9651706666667,0.02020289610702645,90.56354495693147,190.9651706666667,77.52466666666668,12.369333333333335,89.894,77.15333333333334,12.31,89.46333333333332
62,65,94.1557276355851,0.010414740107793278,0.6177317604703086,191.22414944444446,0.009334440138734934,94.1557276355851,191.22414944444446,77.71366666666667,12.569666666666668,90.283,77.409,12.520333333333333,89.92966666666666
62,60,98.70305186932069,0.006471857631227107,0.6177381330326792,191.5917771111111,0.021547505816834362,98.70305186932069,191.5917771111111,77.827,12.808,90.63499999999999,78.04066666666667,12.842999999999998,90.88366666666667
62,55,103.12049253967331,0.008320237035783874,0.6177144078537871,191.90836300000004,0.038665950994795896,103.12049253967331,191.90836300000004,78.05933333333333,13.057666666666668,91.117,77.83933333333334,13.020666666666665,90.86033333333334
62,50,108.75176474926008,0.002050908065317008,0.6177341430677312,192.38585166666664,0.045941821485902486,108.75176474926008,192.38585166666664,78.34366666666666,13.374333333333333,91.718,77.92533333333334,13.302999999999999,91.22800000000001
62,45,113.71303837302908,0.015809347489793815,0.6177310263136598,192.81398455555555,0.05250556325482509,113.71303837302908,192.81398455555555,78.605,13.653666666666666,92.25933333333334,78.11266666666667,13.568666666666667,91.68133333333333
62,40,118.50750320345867,0.029499924520861552,0.6177065187457763,193.144123,0.048691332969372864,118.50750320345867,193.144123,78.807,13.922333333333333,92.72933333333333,78.76933333333334,13.915999999999999,92.68466666666666
62,35,125.43407983758864,0.020218863069000195,0.6177150100980261,193.82507088888892,0.05526439004190403,125.43407983758864,193.82507088888892,79.205,14.312333333333333,93.517,79.30499999999999,14.330333333333334,93.63566666666667
62,30,132.34517702581613,0.013925714436646133,0.6177103556074623,194.5717131111111,0.2521979663690778,132.34517702581613,194.5717131111111,79.446,14.702333333333334,94.14833333333333,79.341,14.683,94.024
62,27,136.8261897496732,0.015298124662755463,0.6177069078231927,194.77743622222224,0.14754230573949018,136.8261897496732,194.77743622222224,79.70833333333333,14.962666666666665,94.67066666666666,80.76166666666667,15.160333333333334,95.92233333333333
62,26,145.83767952637075,0.18758569799917948,0.617683492630572,195.83338433333336,0.07534426228173685,145.83767952637075,195.83338433333336,80.12933333333332,15.466999999999999,95.597,80.06066666666668,15.454,95.51433333333334
62,25,144.80699928954752,0.01249313851048086,0.617697511620671,195.59386300000003,0.07148869569376692,144.80699928954752,195.59386300000003,80.19533333333334,15.424666666666667,95.62,80.63,15.508000000000001,96.13799999999999
62,24,150.4172292738543,0.04190463774542222,0.6177025761413558,196.24077766666665,0.09048372053640812,150.4172292738543,196.24077766666665,80.539,15.742666666666667,96.28166666666668,80.526,15.740666666666668,96.26666666666667
62,23,155.12842053619133,0.024604524490616,0.6176865934217145,196.68248666666668,0.033185641654215774,155.12842053619133,196.68248666666668,80.81166666666667,15.993333333333334,96.805,81.36133333333333,16.102,97.46300000000001
62,22,160.92527248691536,0.09719117443764702,0.6176864057322701,197.417875,0.11996718034711638,160.92527248691536,197.417875,81.27499999999999,16.331999999999997,97.60733333333333,81.37033333333333,16.351333333333333,97.72166666666668
62,21,169.0345453528574,0.01748179753957228,0.6177051382659746,198.44582744444446,0.16132972324347905,169.0345453528574,198.44582744444446,81.44166666666666,16.776,98.21766666666667,81.524,16.793,98.31700000000001
62,20,173.76481983732336,0.04130599601999277,0.6176866406596738,198.87947666666665,0.03647852017738627,173.76481983732336,198.87947666666665,81.69166666666666,17.04433333333333,98.73633333333333,81.31366666666666,16.965666666666667,98.279
62,19,189.6882300487966,0.16630097200583469,0.6176954909974058,201.25901155555553,0.19027227258044968,189.6882300487966,201.25901155555553,82.008,17.993333333333332,100.00133333333333,83.36166666666666,18.29,101.65166666666666
62,18,188.72662578325378,0.0031143497146027582,0.6176867013708031,200.9945733333333,0.3547645486954812,188.72662578325378,200.9945733333333,82.07366666666667,17.885666666666665,99.95933333333333,83.04266666666666,18.096666666666668,101.13900000000001
62,17,244.42058370873238,0.002635206199890133,0.6176794418462274,210.40125055555555,0.5403090382441145,244.42058370873238,210.40125055555555,83.52166666666666,21.06866666666667,104.58999999999999,84.22533333333332,21.246,105.47133333333333
62,16,288.4092270903981,0.019813638699951206,0.6176773396222368,219.40352611111112,1.0882140040889672,288.4092270903981,219.40352611111112,84.47500000000001,23.540000000000003,108.015,91.676,25.546666666666667,117.223
62,15,308.2108955075092,0.015575831308332263,0.6176728106261069,223.5296302222222,0.10037338096067638,308.2108955075092,223.5296302222222,84.82133333333333,24.65733333333333,109.47833333333334,92.90833333333335,27.008,119.91666666666667
62,14,330.96199511907315,0.011932614846794936,0.6176743599079114,229.05560277777775,1.1263806719858684,330.96199511907315,229.05560277777775,85.294,25.95866666666667,111.25266666666666,93.11866666666667,28.33966666666667,121.45833333333333
62,13,357.029142446193,0.017850627015228132,0.6176682395277919,234.98346911111108,0.21719872955438732,357.029142446193,234.98346911111108,85.89433333333334,27.433333333333334,113.32766666666667,95.039,30.354000000000003,125.39266666666667
62,12,388.10758611648424,0.022906015225112646,0.6176627230891568,244.51124911111114,0.2325362742382112,388.10758611648424,244.51124911111114,87.02533333333334,29.24466666666667,116.27033333333333,96.84733333333334,32.54566666666667,129.39266666666666
62,11,420.181932239039,0.07228242476368396,0.6176619140575151,254.6235448888889,0.36431007813125854,420.181932239039,254.6235448888889,88.05833333333334,31.072333333333333,119.13066666666667,100.05233333333332,35.30466666666667,135.357
62,10,469.1078377299418,0.06853900646131433,0.6176632707326094,272.5403332222223,0.161729115941632,469.1078377299418,272.5403332222223,88.99399999999999,33.779666666666664,122.77333333333333,109.97833333333334,41.74466666666667,151.72299999999998
62,9,523.824813098393,0.038456086274347455,0.6176569784451317,299.0494223333333,0.5033996228916209,523.824813098393,299.0494223333333,90.24466666666666,36.921,127.16566666666667,115.45266666666667,47.23433333333333,162.68699999999998
62,8,591.0089373028584,0.05463500271221515,0.617653959852015,336.2801288888889,0.613479444365345,591.0089373028584,336.2801288888889,92.00666666666666,40.775666666666666,132.78233333333333,129.57966666666667,57.427666666666674,187.00699999999998
62,7,682.4343936697309,0.09987441336771961,0.6176571864156722,396.49141366666663,0.5131073891790877,682.4343936697309,396.49141366666663,95.31,45.98566666666667,141.29566666666668,169.15933333333334,81.618,250.77733333333333
62,6,803.1291906370458,0.10511852655481532,0.6176519397871264,525.7239757777778,0.23501963854803948,803.1291906370458,525.7239757777778,100.02466666666665,52.886,152.91066666666666,202.92966666666666,107.29466666666667,310.22499999999997
62,5,844.9656588973021,0.21905426987816862,0.6176436938393893,607.9288313333333,0.4179332435729352,844.9656588973021,607.9288313333333,103.55900000000001,55.163666666666664,158.72233333333332,239.519,127.58633333333334,367.10566666666665
62,4,844.7300724222173,0.2012046063407277,0.617630488223457,608.259349,0.1797942902563304,844.7300724222173,608.259349,103.79733333333333,55.154666666666664,158.95166666666668,264.2703333333333,140.42566666666664,404.69599999999997
62,3,844.8652449636003,0.2316526717018633,0.6176457554254783,607.9981396666666,0.1513889804668158,844.8652449636003,607.9981396666666,102.476,55.17466666666667,157.65033333333335,237.80499999999998,128.03766666666667,365.8426666666667
62,2,844.6119643840203,0.26129112032308704,0.6176641750298203,608.0370702222222,0.3765524471429491,844.6119643840203,608.0370702222222,101.24633333333334,55.135333333333335,156.382,235.21166666666667,128.08933333333334,363.301
62,1,844.9749063032209,0.31245562768894636,0.6176443810729175,608.0504943333332,0.14457393359801324,844.9749063032209,608.0504943333332,97.877,55.184333333333335,153.06133333333332,226.87833333333333,127.91766666666666,354.796
62,0,844.8589838236968,0.040001589844097414,0.617659010401716,607.8475087777778,0.23008001646331305,844.8589838236968,607.8475087777778,99.13366666666667,55.141999999999996,154.27566666666667,228.1483333333333,126.90499999999999,355.0533333333333
63,100000,0.12578554823523314,0.0007230731743571474,0.6301583191935571,184.34212133333335,0.010010905109492511,0.12578554823523314,184.34212133333335,73.32641666666667,7.268833333333333,80.59533333333333,72.05624999999999,7.142833333333333,79.19924999999999
63,40000,0.29886314083049426,0.0013042137898913505,0.6302470903199295,184.35633444444443,0.015131793351691855,0.29886314083049426,184.35633444444443,73.3855,7.285833333333334,80.671,85.11816666666667,8.451333333333332,93.57
63,5000,2.315661143781837,0.001966363556353595,0.6286315577366175,185.33036433333334,0.6462205782572216,2.315661143781837,185.33036433333334,73.48700000000001,7.403,80.89,138.937,13.996333333333332,152.9333333333333
63,3000,3.824408792309736,0.0032459887887473907,0.6271523347271956,184.651763,0.011278860792546811,3.824408792309736,184.651763,73.46033333333334,7.478666666666666,80.93900000000001,71.78,7.307666666666667,79.08733333333333
63,2000,5.628282783575024,0.041742468999642963,0.6305591514758163,184.80679977777777,0.013480305446058128,5.628282783575024,184.80679977777777,73.5415,7.581333333333333,81.12283333333333,71.87616666666666,7.4095,79.28566666666667
63,1500,7.421091734663002,0.052643531791278945,0.6303463688523644,184.95454477777776,0.014244549129262133,7.421091734663002,184.95454477777776,73.61666666666666,7.6818333333333335,81.2985,72.16449999999999,7.5305,79.69483333333334
63,1000,10.901044674485101,0.08031821809067838,0.6299838264946961,185.2268923888889,0.01619092657620112,10.901044674485101,185.2268923888889,73.7675,7.878,81.645,72.3445,7.726,80.07016666666667
63,900,12.022139176846236,0.08903200793286205,0.6299403032866892,185.30616238888888,0.01452017338499031,12.022139176846236,185.30616238888888,73.807,7.939666666666667,81.74666666666667,72.91633333333333,7.843833333333333,80.76016666666666
63,800,13.414601619128296,0.09965972996138077,0.6298083461932777,185.41699200000002,0.016552508650425363,13.414601619128296,185.41699200000002,73.86683333333333,8.0175,81.884,73.42450000000001,7.969333333333334,81.39383333333333
63,700,15.163023069485133,0.11641694728388498,0.6298019572479187,185.56148594444446,0.018774407178598213,15.163023069485133,185.56148594444446,73.93966666666667,8.115499999999999,82.05516666666666,73.74116666666667,8.093833333333334,81.83483333333334
63,600,17.447417270816178,0.13576088616960758,0.6297610887838734,185.7213825,0.016192639411145186,17.447417270816178,185.7213825,74.03833333333334,8.243833333333333,82.28233333333334,73.896,8.228166666666667,82.12400000000001
63,550,18.858139508043926,0.14637569201499245,0.6296575702912856,185.82159072222223,0.014355157774454069,18.858139508043926,185.82159072222223,74.09916666666668,8.323,82.42216666666667,74.22516666666667,8.336833333333333,82.56216666666667
63,450,22.50541218037765,0.1821892533784918,0.6296432278766185,186.10739711111114,0.02198935286972332,22.50541218037765,186.10739711111114,74.30516666666666,8.5335,82.83866666666667,74.62466666666667,8.570166666666667,83.19483333333334
63,380,26.042304932227708,0.20721955796996477,0.6295770826782482,186.3610262777778,0.016332840693796587,26.042304932227708,186.3610262777778,74.51483333333333,8.741999999999999,83.25666666666667,74.68666666666667,8.762166666666667,83.44866666666667
63,340,28.601984393406756,0.22849887255289347,0.629545767463428,186.54251444444446,0.031435390037109226,28.601984393406756,186.54251444444446,74.58733333333333,8.8795,83.46666666666667,74.43483333333334,8.861333333333333,83.29616666666666
63,300,31.838615353307492,0.23881748888523896,0.6295143526822505,186.7832538888889,0.03973584174053278,31.838615353307492,186.7832538888889,74.69283333333333,9.055666666666667,83.74816666666668,74.63833333333334,9.049,83.68716666666667
63,260,35.78697541400155,0.26019245541552155,0.6294986760428066,187.03138877777778,0.03298300238520489,35.78697541400155,187.03138877777778,74.877,9.278166666666666,84.155,74.66733333333333,9.252333333333334,83.9195
63,220,40.803969879045404,0.3287098073620217,0.629434696718496,187.38861616666668,0.03471554802981585,40.803969879045404,187.38861616666668,75.095,9.560833333333333,84.65599999999999,75.04033333333334,9.554,84.59416666666667
63,200,43.92804275520674,0.3577966740725636,0.6294489155654929,187.6203851111111,0.0366043310234484,43.92804275520674,187.6203851111111,75.23883333333333,9.737333333333334,84.97666666666667,75.052,9.713333333333333,84.76583333333333
63,180,47.50308536320616,0.35519592736592753,0.6294649970909603,187.86469488888886,0.039876881031313545,47.50308536320616,187.86469488888886,75.40866666666666,9.9405,85.34933333333333,74.57983333333333,9.831000000000001,84.411
63,160,51.82762323354002,0.3720720345941796,0.6294297217187249,188.1690982777778,0.056285822301864276,51.82762323354002,188.1690982777778,75.65416666666667,10.1945,85.8485,74.96516666666666,10.101833333333333,85.06716666666667
63,140,56.93453575510358,0.41869370933114075,0.6294118598345676,188.52564061111113,0.03794180590583774,56.93453575510358,188.52564061111113,75.84666666666666,10.473,86.31933333333335,75.01933333333334,10.3585,85.37833333333333
63,120,63.78959995675385,0.4839144514272169,0.6293843549469145,188.9978055,0.058040865068114324,63.78959995675385,188.9978055,76.23683333333334,10.865833333333333,87.10283333333332,75.801,10.803833333333335,86.60483333333333
63,100,72.23800523804094,0.5766725172371406,0.6293919883846485,189.59506166666668,0.060029465055461785,72.23800523804094,189.59506166666668,76.61616666666667,11.335666666666667,87.95166666666667,76.0675,11.254333333333333,87.322
63,90,77.31569473712754,0.6221470318018654,0.629367598617972,189.93716738888887,0.07715794234091718,77.31569473712754,189.93716738888887,76.88566666666667,11.623,88.50866666666667,76.19233333333334,11.518333333333333,87.71016666666667
63,80,82.7367442478502,0.6809292812107339,0.6293878455503205,190.28684094444444,0.06493022993865659,82.7367442478502,190.28684094444444,77.15566666666668,11.934166666666668,89.08983333333333,77.097,11.9255,89.0225
63,70,89.32251420580097,0.8955039261772502,0.6293509909673564,190.80195244444442,0.09831208614150258,89.32251420580097,190.80195244444442,77.41333333333334,12.298333333333332,89.71166666666666,77.25116666666666,12.272666666666666,89.52383333333334
63,65,92.9248477846866,0.9429474178467445,0.629356550340558,191.02531077777778,0.10918382612469468,92.9248477846866,191.02531077777778,77.6095,12.5015,90.11133333333333,77.271,12.447000000000001,89.718
63,60,97.2945858536741,1.1205385866121704,0.6293509965809607,191.43611850000002,0.11400711567669539,97.2945858536741,191.43611850000002,77.88266666666667,12.760666666666665,90.64316666666667,77.61149999999999,12.716166666666666,90.32766666666667
63,55,101.79553769630535,1.1124795652489285,0.6293437250525302,191.759325,0.10228008106980149,101.79553769630535,191.759325,78.0415,13.000166666666667,91.04183333333333,78.23566666666666,13.032499999999999,91.26799999999999
63,50,107.30433601103402,1.215482704128903,0.6293470083712649,192.15431172222222,0.15156570791068003,107.30433601103402,192.15431172222222,78.38383333333333,13.321666666666665,91.70533333333333,78.1755,13.286166666666666,91.46166666666666
63,45,112.27524908177912,1.270572796756888,0.6293425818007794,192.54237788888886,0.1479741089909556,112.27524908177912,192.54237788888886,78.59949999999999,13.593166666666667,92.193,78.348,13.549666666666667,91.89733333333334
63,40,116.98297238952273,1.3853250001240658,0.629329522757638,192.8780898888889,0.17517845774225596,116.98297238952273,192.8780898888889,78.89183333333334,13.8745,92.7665,79.21833333333333,13.932166666666667,93.15033333333334
63,35,123.97552561406711,1.4773312165771388,0.6293276948359813,193.5480163888889,0.18497851666616777,123.97552561406711,193.5480163888889,79.25216666666667,14.261000000000001,93.51316666666666,79.32583333333334,14.274333333333333,93.60000000000001
63,30,130.72482804315294,1.6493242494880176,0.6293346658689487,194.16984911111112,0.18438775787776768,130.72482804315294,194.16984911111112,79.48133333333334,14.642000000000001,94.12316666666668,79.68299999999999,14.679333333333334,94.36266666666667
63,27,135.13562686117453,1.7760463110435458,0.6293199420800876,194.49823077777776,0.22479244181705202,135.13562686117453,194.49823077777776,79.73983333333334,14.902000000000001,94.64166666666667,82.92633333333333,15.500333333333336,98.42666666666666
63,26,144.09725345753313,2.2635438282893006,0.6293258307013494,195.48265227777776,0.25124984593059185,144.09725345753313,195.48265227777776,80.25166666666667,15.414666666666667,95.666,80.50216666666667,15.462833333333334,95.96466666666667
63,25,142.98363283848946,1.9928128849824562,0.6293155598235901,195.4221788333333,0.1266709600552584,142.98363283848946,195.4221788333333,80.0785,15.328666666666665,95.407,80.42616666666667,15.395333333333333,95.8215
63,24,148.39505728812182,2.0639085167736253,0.6293215495100631,195.94649800000002,0.27686624246366587,148.39505728812182,195.94649800000002,80.408,15.641833333333333,96.04983333333332,80.68633333333334,15.695666666666668,96.382
63,23,153.03499997847484,2.133821890695496,0.629317531921689,196.48020705555555,0.21575505814872314,153.03499997847484,196.48020705555555,80.786,15.908166666666666,96.694,81.50816666666667,16.05,97.55833333333334
63,22,158.98770812824566,2.2341741620648543,0.6293159107203453,197.10019377777778,0.2265817865019626,158.98770812824566,197.10019377777778,81.3045,16.258,97.56266666666666,84.30116666666667,16.853833333333334,101.15533333333333
63,21,166.73476031990884,2.3142231365365187,0.6293115493051903,197.99857533333332,0.21068135778636696,166.73476031990884,197.99857533333332,81.3905,16.68433333333333,98.07483333333333,81.63,16.733,98.36283333333334
63,20,171.65626374824413,2.3859211141209955,0.6293174152638298,198.62456844444444,0.33407283458308923,171.65626374824413,198.62456844444444,81.77916666666665,16.980666666666668,98.75999999999999,81.58766666666666,16.941333333333333,98.529
63,19,186.4521835369246,2.8116076933836847,0.6293151261647519,200.61007883333332,0.42283862414167883,186.4521835369246,200.61007883333332,81.73716666666667,17.792666666666666,99.52999999999999,82.61283333333334,17.983666666666668,100.59666666666668
63,18,186.49566584650256,2.5095113550061994,0.6293086883922526,200.63459455555554,0.5820532719189866,186.49566584650256,200.63459455555554,82.06400000000001,17.7945,99.85849999999999,82.68083333333334,17.928166666666666,100.60916666666667
63,17,243.3806016983599,5.835716106899203,0.6292975311273552,210.0557745,1.0275630266997808,243.3806016983599,210.0557745,83.51966666666667,21.057333333333332,104.57733333333334,84.06099999999999,21.194,105.25516666666665
63,16,285.54871667605613,4.6635780111020795,0.6292940463738169,218.47343077777774,1.1681178260998948,285.54871667605613,218.47343077777774,84.41733333333333,23.434,107.85116666666666,90.94600000000001,25.245833333333334,116.1915
63,15,305.13558124507415,4.974581954212812,0.6292962894667561,222.78827650000002,1.2515245748088795,305.13558124507415,222.78827650000002,84.78266666666667,24.544,109.32666666666667,92.06633333333333,26.653833333333335,118.72033333333333
63,14,327.6545747397211,5.330328909752167,0.6292926862267517,228.16898544444442,1.3657441721598622,327.6545747397211,228.16898544444442,85.21533333333333,25.82766666666667,111.043,93.63083333333333,28.3775,122.00833333333333
63,13,353.4494314016528,5.507969750058589,0.6292913988002099,234.4406893888889,1.7646033576100921,353.4494314016528,234.4406893888889,85.82733333333334,27.2975,113.12483333333334,94.6905,30.118166666666667,124.80900000000001
63,12,384.3458357245536,6.224221013862588,0.6292874168088255,243.5039512777778,1.904430510447688,384.3458357245536,243.5039512777778,86.91633333333334,29.099999999999998,116.01633333333332,97.00750000000001,32.4775,129.4845
63,11,416.7220537754065,7.5196585716904,0.629293021621848,253.15965977777776,2.523611951562002,416.7220537754065,253.15965977777776,88.045,30.9275,118.97250000000001,100.56066666666668,35.324666666666666,135.885
63,10,464.3437059012695,7.89819590795404,0.6292904875044657,270.9182846111111,3.9701889645615096,464.3437059012695,270.9182846111111,89.10966666666667,33.6175,122.72699999999999,106.9585,40.36166666666667,147.32033333333334
63,9,516.4646080163196,5.643851248402556,0.6293329342446811,293.50379355555555,3.1459561730792815,516.4646080163196,293.50379355555555,90.19850000000001,36.5865,126.78516666666667,114.52183333333335,46.453833333333336,160.97566666666668
63,8,587.2097607280531,9.534798202375764,0.6292821117897257,333.07948816666664,7.734515302862777,587.2097607280531,333.07948816666664,92.05533333333334,40.54516666666667,132.60066666666668,129.215,56.91866666666667,186.1338333333333
63,7,672.5693207054301,7.133784060010751,0.6293032738373817,383.7759283333334,5.351080824991028,672.5693207054301,383.7759283333334,95.009,45.534333333333336,140.5435,146.1495,70.04933333333334,216.19883333333334
63,6,795.5434328564094,11.786989623707488,0.6292867145133899,509.07399950000007,21.73804050829257,795.5434328564094,509.07399950000007,99.79233333333333,52.58833333333333,152.381,196.0105,103.32033333333334,299.33050000000003
63,5,844.0900839573764,0.28955545086218737,0.6293698483989677,602.1998179999999,2.4096148427541633,844.0900839573764,602.1998179999999,103.629,55.28966666666667,158.91866666666667,235.51250000000002,125.65316666666666,361.1658333333333
63,4,844.4277291097222,0.24237081297892338,0.6292939645842653,602.413992111111,2.254023171507553,844.4277291097222,602.413992111111,103.85849999999999,55.309333333333335,159.16816666666668,249.135,132.67316666666667,381.8078333333333
63,3,844.5066046412181,0.17996058285194863,0.6293096281119016,602.1875275,2.1583334663061398,844.5066046412181,602.1875275,102.49483333333335,55.280499999999996,157.77533333333335,235.68816666666666,127.11783333333334,362.80600000000004
63,2,844.3425689622394,0.34108789906334364,0.6292850013817193,603.4448435,4.252978030554921,844.3425689622394,603.4448435,101.71333333333332,55.31933333333333,157.03283333333334,234.76633333333334,127.68266666666666,362.449
63,1,844.4328392022304,0.18868235161546318,0.6293072891435091,602.4070229999999,2.3863744743624054,844.4328392022304,602.4070229999999,98.00116666666666,55.30866666666666,153.30949999999999,225.37133333333335,127.19116666666667,352.5626666666667
63,0,844.455113499598,0.27945224583385325,0.6293018236497571,602.1918742777779,2.1717689376716898,844.455113499598,602.1918742777779,99.50816666666667,55.270833333333336,154.779,228.07533333333333,126.6825,354.75783333333334
64,100000,0.12352388208092044,0.0006246545554085645,0.6421550783346358,184.33722088888885,0.02309075952828327,0.12352388208092044,184.33722088888885,73.327,7.269083333333334,80.59608333333334,71.89425,7.126833333333334,79.02116666666667
64,5000,2.2743621170691157,0.013930917699304624,0.6395396990688894,185.51488816666668,0.4702868444402746,2.2743621170691157,185.51488816666668,73.51116666666667,7.4065,80.9175,128.52433333333332,12.947333333333333,141.47133333333332
64,3000,3.749540962246933,0.023307489044330526,0.6390280037921838,184.64420783333333,0.010849424881323825,3.749540962246933,184.64420783333333,73.455,7.474833333333333,80.92983333333333,71.8605,7.312666666666666,79.17316666666666
64,2000,5.524712448216545,0.0015095150433367972,0.6423876634878845,184.82286955555557,0.004351040748199081,5.524712448216545,184.82286955555557,73.53699999999999,7.576333333333333,81.113,72.00933333333334,7.418666666666667,79.42766666666667
64,1500,7.285689952180657,0.004144514619271399,0.6423276375391967,184.95123244444446,0.007832376404915404,7.285689952180657,184.95123244444446,73.61666666666666,7.678,81.29466666666667,72.00866666666667,7.509666666666667,79.51833333333333
64,1000,10.702748427191606,0.0016736154000856983,0.6419653730348435,185.2284216666667,0.007109330934298456,10.702748427191606,185.2284216666667,73.75733333333334,7.868333333333333,81.62533333333333,72.57966666666665,7.742333333333334,80.32233333333333
64,900,11.803721384238164,0.0034298807441996582,0.6419446572918438,185.29703577777778,0.01862839837252755,11.803721384238164,185.29703577777778,73.99033333333334,7.949666666666666,81.94033333333333,73.11466666666666,7.855666666666667,80.97033333333333
64,800,13.172256975211113,0.0017760976847331089,0.6417984149288117,185.42075388888887,0.0076594800689095905,13.172256975211113,185.42075388888887,73.85566666666666,8.005666666666668,81.86133333333333,73.659,7.984666666666667,81.64333333333333
64,700,14.892607315922701,0.00381616062778335,0.6417671111637455,185.54007222222222,0.014224781741471208,14.892607315922701,185.54007222222222,73.92,8.101666666666667,82.02166666666666,74.29766666666667,8.142666666666665,82.44066666666667
64,600,17.13381942745521,0.0035539851535707004,0.6417460954339975,185.71819777777782,0.0033707490155465516,17.13381942745521,185.71819777777782,74.026,8.23,82.25633333333333,73.87666666666667,8.213,82.09
64,550,18.520092034954903,0.002612688288126695,0.6417071953275469,185.80708822222223,0.015954463399625852,18.520092034954903,185.80708822222223,74.09166666666667,8.308333333333332,82.39999999999999,73.815,8.277333333333333,82.09166666666665
64,450,22.10705055379161,0.005052608729397689,0.6416054054176726,186.06116855555555,0.0132847114857294,22.10705055379161,186.06116855555555,74.244,8.509666666666666,82.75366666666667,74.52033333333334,8.541333333333334,83.06166666666667
64,380,25.589164212712415,0.0009628260388469318,0.6416184579147659,186.30782411111113,0.012336818247873983,25.589164212712415,186.30782411111113,74.39566666666667,8.707333333333333,83.10233333333333,74.408,8.708666666666666,83.11633333333333
64,340,28.102020025350026,0.002490727256549612,0.6415322587699601,186.502423,0.01676382988261276,28.102020025350026,186.502423,74.60833333333333,8.860666666666667,83.46933333333334,74.54233333333333,8.853,83.39533333333334
64,300,31.276381386036814,0.0015102016241685693,0.641541443347229,186.71037311111112,0.01119883272853007,31.276381386036814,186.71037311111112,74.665,9.029333333333334,83.694,74.593,9.020333333333333,83.61366666666667
64,260,35.14236275444217,0.0018054868369600332,0.6414707790902408,186.97751455555556,0.006818811026473034,35.14236275444217,186.97751455555556,74.83833333333332,9.246666666666668,84.085,75.467,9.324333333333334,84.79133333333333
64,220,40.084467094960075,0.0012539135083333049,0.6414711192262429,187.31232,0.0017111061074753656,40.084467094960075,187.31232,75.05900000000001,9.527,84.586,75.163,9.540333333333333,84.70333333333333
64,200,43.152831433938694,0.004216025263483465,0.6414532066738756,187.51244744444446,0.029155847270110558,43.152831433938694,187.51244744444446,75.294,9.713,85.00666666666666,75.45666666666666,9.734,85.19066666666667
64,180,46.66302171486105,0.002930097854598719,0.6414148484016027,187.78618766666668,0.014814575964234352,46.66302171486105,187.78618766666668,75.371,9.903,85.274,74.64666666666666,9.808,84.45466666666667
64,160,50.92703678888035,0.001182858519723693,0.6414000330829931,188.06457711111113,0.0061468574657048995,50.92703678888035,188.06457711111113,75.66633333333333,10.157,85.82266666666668,74.385,9.985,84.37
64,140,55.95620369955443,0.0061769409525733125,0.6414013587772179,188.41131877777778,0.019753641943631276,55.95620369955443,188.41131877777778,75.79866666666668,10.427333333333335,86.22633333333333,75.09166666666665,10.33,85.42133333333334
64,120,62.67034579441702,0.008362269278685278,0.6414093364949472,188.84627333333333,0.024425466143629275,62.67034579441702,188.84627333333333,76.32966666666667,10.834333333333333,87.164,75.871,10.769333333333334,86.64
64,100,71.00414709771364,0.002651970804505383,0.6413909177427956,189.41029055555555,0.012564843958596502,71.00414709771364,189.41029055555555,76.676,11.295,87.97133333333333,75.93166666666667,11.185333333333332,87.11666666666667
64,90,76.02356623503208,0.0035721695040349197,0.6413718928209894,189.75301233333332,0.03251471917455046,76.02356623503208,189.75301233333332,76.82733333333333,11.563666666666668,88.391,76.35766666666667,11.493,87.85000000000001
64,80,81.42322736022079,0.001598543429779533,0.6413685025163574,190.1448421111111,0.05178973991088135,81.42322736022079,190.1448421111111,77.05866666666667,11.868666666666668,88.92733333333332,76.622,11.801,88.423
64,70,87.90702506707134,0.01154271072910576,0.6413549557644044,190.5915621111111,0.013310719449359175,87.90702506707134,190.5915621111111,77.349,12.233666666666666,89.58300000000001,77.67766666666667,12.285666666666666,89.96333333333332
64,65,91.5419762750635,0.009859124294374435,0.6413364267765099,190.82832577777776,0.050893635380676275,91.5419762750635,190.82832577777776,77.64533333333334,12.455,90.09966666666666,77.88799999999999,12.493333333333334,90.382
64,60,95.77417291685528,0.0051176554799129085,0.6413486762844248,191.14402444444445,0.02342122215553255,95.77417291685528,191.14402444444445,77.77033333333334,12.681333333333333,90.45166666666667,77.20033333333333,12.588666666666667,89.78833333333334
64,55,100.345381889735,0.010139029605491606,0.6413717930547828,191.57275833333335,0.16322897690296334,100.345381889735,191.57275833333335,77.95733333333334,12.937666666666667,90.89533333333333,80.534,13.365666666666664,93.89999999999999
64,50,105.74917969415533,0.010440950491205575,0.6413451283280349,191.8750065555556,0.0395791033955444,105.74917969415533,191.8750065555556,78.26766666666667,13.244,91.51166666666666,77.886,13.179666666666668,91.06533333333334
64,45,110.69140719778004,0.005651934514469217,0.6413515431920634,192.27037322222225,0.0761489693739145,110.69140719778004,192.27037322222225,78.536,13.523666666666665,92.06,78.26766666666667,13.477333333333334,91.745
64,40,115.37504139148894,0.012552015826468308,0.6413449340425098,192.69026900000003,0.026712142058155124,115.37504139148894,192.69026900000003,78.84933333333333,13.807666666666668,92.65666666666668,78.96033333333334,13.826666666666666,92.78733333333334
64,35,122.28993032053323,0.016852457060613727,0.641322353491773,193.25474577777777,0.05444629312177456,122.28993032053323,193.25474577777777,79.13233333333334,14.177999999999999,93.31033333333333,79.74333333333334,14.287666666666667,94.031
64,30,128.98960342539226,0.0038857572826176746,0.641321921286169,193.86612744444446,0.09629505683477088,128.98960342539226,193.86612744444446,79.358,14.556333333333333,93.91433333333333,79.97966666666666,14.670333333333334,94.64999999999999
64,27,133.6097898397585,0.008922100783087287,0.6413206136485736,194.33651733333338,0.1560870836171706,133.6097898397585,194.33651733333338,79.58066666666666,14.819666666666668,94.40033333333334,79.95166666666667,14.889000000000001,94.84033333333333
64,26,142.64434352024327,0.0463757634551095,0.6413305035674038,195.307809,0.00905180338076445,142.64434352024327,195.307809,80.04533333333335,15.336666666666666,95.38133333333333,80.11,15.348999999999998,95.459
64,25,141.23977319427698,0.026354854880806248,0.6413174028937546,195.08866111111107,0.06538899630274944,141.23977319427698,195.08866111111107,80.03866666666666,15.261666666666665,95.30033333333334,79.782,15.212666666666665,94.99466666666666
64,24,146.50160274139935,0.051824462653620014,0.641311770093874,195.74805144444443,0.03512066990364893,146.50160274139935,195.74805144444443,80.461,15.582666666666668,96.044,80.635,15.616666666666667,96.25166666666667
64,23,151.02191217961663,0.01769810517984796,0.6413134320263494,196.13093555555557,0.03937620118007978,151.02191217961663,196.13093555555557,80.71300000000001,15.823666666666668,96.53666666666668,80.66666666666667,15.814,96.481
64,22,156.98188097412893,0.05850686111939385,0.6413141245405326,196.79583111111114,0.03755206908684536,156.98188097412893,196.79583111111114,81.278,16.182666666666666,97.46066666666667,81.103,16.147666666666666,97.25099999999999
64,21,164.55239204834638,0.059270291662253005,0.6412972953173007,197.612428,0.22748685983321848,164.55239204834638,197.612428,81.32566666666666,16.587333333333333,97.91300000000001,81.69833333333334,16.663333333333334,98.36166666666668
64,20,169.47257791791606,0.002895273792729996,0.6413067913459076,198.1309138888889,0.14098138196950963,169.47257791791606,198.1309138888889,81.59566666666666,16.866,98.46166666666666,81.62933333333334,16.873,98.50233333333334
64,19,184.34989322717786,0.024027974000011724,0.641318592977802,200.1497851111111,0.08892813323274193,184.34989322717786,200.1497851111111,81.64766666666667,17.706333333333333,99.35366666666665,82.279,17.843,100.122
64,18,184.05079474633501,0.008549861573101053,0.6413140978234455,200.0717443333333,0.09275577674972062,184.05079474633501,200.0717443333333,82.08533333333334,17.71466666666667,99.80033333333334,83.05466666666666,17.924000000000003,100.97866666666665
64,17,242.43633215371065,0.020631697223269137,0.6413017078398693,209.77872788888888,0.28356765890197366,242.43633215371065,209.77872788888888,83.41766666666666,21.04733333333333,104.46499999999999,84.02433333333333,21.200333333333333,105.22466666666666
64,16,282.52526243545293,0.01295638588364199,0.6412997910902722,218.2077531111111,0.3498787635182462,282.52526243545293,218.2077531111111,84.302,23.334,107.63566666666668,93.514,25.883666666666667,119.39733333333334
64,15,301.9304309427576,0.00740816528510934,0.6412907994937346,222.46634766666668,0.1998855062148469,301.9304309427576,222.46634766666668,84.59166666666665,24.414666666666665,109.00633333333333,92.47866666666668,26.691000000000003,119.16966666666667
64,14,324.18120100714555,0.009399879344961986,0.6412932596096584,227.82169088888887,0.3315428760786051,324.18120100714555,227.82169088888887,85.00566666666667,25.688333333333333,110.694,93.69433333333332,28.313666666666666,122.00833333333333
64,13,349.94183320402675,0.01945570670509431,0.6412871765159568,234.02421066666668,0.17142710590443996,349.94183320402675,234.02421066666668,85.69666666666666,27.17,112.86633333333333,93.74466666666667,29.721666666666664,123.46600000000001
64,12,380.2303250018643,0.019185970035297203,0.6412861223916951,243.09172855555553,0.8349629239483891,380.2303250018643,243.09172855555553,86.72866666666668,28.94066666666667,115.66966666666667,97.89166666666667,32.666,130.55733333333333
64,11,411.1357102586683,0.03607004144969487,0.6412857655519778,251.17216877777778,0.49237318502552163,411.1357102586683,251.17216877777778,87.73899999999999,30.664666666666665,118.40366666666667,99.77933333333333,34.87266666666667,134.65200000000002
64,10,459.33621863600274,0.021282003923633788,0.6412775350386055,267.5480008888889,0.18410728925408276,459.33621863600274,267.5480008888889,89.09500000000001,33.431000000000004,122.52600000000001,103.61766666666666,38.88066666666666,142.49866666666665
64,9,512.6843285616031,0.006195714676406431,0.6412834636183614,291.07447044444444,0.7259909330000957,512.6843285616031,291.07447044444444,89.87766666666668,36.346000000000004,126.224,114.377,46.25333333333333,160.6303333333333
64,8,581.0408453038813,0.08612970803547333,0.6412753741766566,328.4840374444445,0.7023176622915581,581.0408453038813,328.4840374444445,92.11899999999999,40.37633333333333,132.4946666666667,127.47133333333333,55.87133333333333,183.343
64,7,667.6806569859095,0.11767188997863594,0.6414146276541277,378.5428745555555,0.12466034741838648,667.6806569859095,378.5428745555555,94.92733333333335,45.38466666666667,140.312,143.18466666666666,68.45633333333333,211.64166666666665
64,6,787.230586139531,0.15879645525079697,0.6412684972346839,491.8640108888889,0.4386555745805268,787.230586139531,491.8640108888889,99.43033333333334,52.203,151.633,191.05233333333334,100.306,291.35833333333335
64,5,844.1563164804271,0.09307943357157904,0.6413876616620845,596.4151301111111,0.022252418498664956,844.1563164804271,596.4151301111111,103.79633333333334,55.45766666666666,159.25366666666665,235.726,125.94633333333333,361.67266666666666
64,4,844.1638386582625,0.1257864677295033,0.6413453842838589,596.5338711111111,0.1330876042229714,844.1638386582625,596.5338711111111,104.03366666666666,55.492999999999995,159.52666666666667,233.0426666666667,124.30833333333334,357.3506666666667
64,3,844.0799063537347,0.2898610792268105,0.6413512735047169,596.5848713333334,0.12903884279673894,844.0799063537347,596.5848713333334,102.67366666666668,55.471000000000004,158.14466666666667,234.78833333333333,126.84766666666667,361.63633333333337
64,2,844.0481285186132,0.20187268695837787,0.6413357090668085,596.4527888888889,0.08049002071637751,844.0481285186132,596.4527888888889,102.08999999999999,55.445,157.53466666666668,230.664,125.27333333333333,355.9373333333333
64,1,844.1434309898987,0.20993657463498722,0.6413595529208261,596.5413155555556,0.19370923258576683,844.1434309898987,596.5413155555556,97.96533333333333,55.436,153.40133333333333,219.48733333333334,124.20166666666667,343.6893333333333
64,0,844.1009727895802,0.1688274669168323,0.6413335380581634,596.4843082222222,0.12350233894507368,844.1009727895802,596.4843082222222,99.815,55.431999999999995,155.24666666666667,223.57000000000002,124.15866666666666,347.72866666666664
65,100000,0.12201459356408081,0.0007352966216438516,0.648607409695813,184.34269722222223,0.011115067259731349,0.12201459356408081,184.34269722222223,73.33949999999999,7.270388888888888,80.60977777777777,72.0456111111111,7.141944444444444,79.18766666666666
65,40000,0.289805706948369,0.0020461963154310456,0.6495001966958821,184.35356066666665,0.014245324756861287,0.289805706948369,184.35356066666665,73.38759999999999,7.2846,80.67213333333332,72.17973333333333,7.164666666666666,79.34433333333332
65,5000,2.2311652758199165,0.0022651483411414595,0.6524069972351045,185.30841088888891,0.6807552138825168,2.2311652758199165,185.30841088888891,73.49566666666668,7.3999999999999995,80.89533333333333,122.53800000000001,12.338333333333333,134.87666666666667
65,3000,3.674592356460925,0.004050526109383574,0.6515668745433447,184.64993755555554,0.01225262221519562,3.674592356460925,184.64993755555554,73.54166666666667,7.480333333333334,81.02199999999999,72.153,7.339333333333333,79.492
65,2000,5.4528472191295,0.0031194244679964003,0.6510405664612042,184.81015166666668,0.016436432895635067,5.4528472191295,184.81015166666668,73.534,7.572333333333333,81.10633333333332,71.92899999999999,7.407,79.33633333333334
65,1500,7.191461930230488,0.0007765157668254945,0.6503940733528496,184.94098999999997,0.01110698747533024,7.191461930230488,184.94098999999997,73.613,7.671333333333333,81.284,71.961,7.499,79.46
65,1000,10.552757859920755,0.0023789626416887907,0.6504259397110034,185.19582611111113,0.01737590950887981,10.552757859920755,185.19582611111113,73.75933333333334,7.866,81.62533333333333,72.3,7.710333333333334,80.01
65,900,11.639987749473727,0.001390072735246351,0.6502521111929663,185.30408633333332,0.019983502531910915,11.639987749473727,185.30408633333332,73.79666666666667,7.921666666666667,81.71833333333332,72.41733333333333,7.774,80.19133333333333
65,800,12.98682643984099,0.004558095587033922,0.6501887346272338,185.38644188888887,0.010338904360246457,12.98682643984099,185.38644188888887,73.95366666666666,8.008000000000001,81.96166666666666,72.97466666666666,7.902333333333334,80.877
65,700,14.679356357300776,0.0015464872569707908,0.6501194987516264,185.50981122222223,0.0011755090780884907,14.679356357300776,185.50981122222223,73.91300000000001,8.091333333333333,82.00433333333334,73.87566666666667,8.087333333333333,81.96266666666666
65,600,16.893661132504544,0.0005327941802416022,0.6499575287669547,185.67384422222221,0.013633685457292412,16.893661132504544,185.67384422222221,74.018,8.217333333333334,82.23533333333334,73.913,8.205666666666668,82.11833333333334
65,550,18.251114028825167,0.004794943364241623,0.6501058401898594,185.7883237777778,0.012621895615422481,18.251114028825167,185.7883237777778,74.08733333333333,8.295,82.38233333333334,73.83466666666666,8.267,82.10166666666667
65,450,21.782753805335023,0.0031000512458864028,0.6499556686977828,186.03868488888887,0.007835096966943527,21.782753805335023,186.03868488888887,74.23466666666667,8.493666666666668,82.72833333333334,74.37233333333334,8.509333333333332,82.88133333333333
65,380,25.203693234826826,0.004152488428373052,0.6498739132132157,186.3088517777778,0.025105073901359316,25.203693234826826,186.3088517777778,74.38566666666667,8.694666666666668,83.08,74.75566666666667,8.738,83.49366666666667
65,340,27.669534669411917,0.003952105639977528,0.6498840322065841,186.44836055555552,0.025902872816494886,27.669534669411917,186.44836055555552,74.49933333333333,8.828,83.32733333333333,74.48566666666666,8.826333333333332,83.312
65,300,30.764984235621924,0.0015295029679845574,0.6498964551160608,186.67046177777775,0.0018170353244460272,30.764984235621924,186.67046177777775,74.64800000000001,9.003333333333332,83.65166666666666,74.69733333333333,9.009333333333332,83.70633333333333
65,260,34.54985632446492,0.0030699175083104702,0.6498152325676999,186.91435077777774,0.015640477899529964,34.54985632446492,186.91435077777774,74.82033333333334,9.217666666666666,84.03833333333334,75.16466666666668,9.26,84.42533333333334
65,220,39.39229934205887,0.0023129611218336284,0.6497911931151897,187.2671313333333,0.017139828687735306,39.39229934205887,187.2671313333333,75.03466666666667,9.491666666666667,84.52633333333334,75.38,9.535666666666666,84.91566666666667
65,200,42.411712502737174,0.004346449298694404,0.6498041676640461,187.44842777777782,0.0067470639732946786,42.411712502737174,187.44842777777782,75.182,9.665333333333333,84.847,74.79366666666667,9.615,84.409
65,180,45.81815770274354,0.0018522547772471805,0.6497465115576143,187.69373788888888,0.01752496008342578,45.81815770274354,187.69373788888888,75.33766666666666,9.857333333333333,85.19566666666667,75.233,9.844,85.077
65,160,49.946108297569786,0.013426844929215809,0.6497454132800754,187.98251155555553,0.016765738643401026,49.946108297569786,187.98251155555553,75.53733333333334,10.102333333333334,85.63933333333334,74.196,9.923,84.119
65,140,54.85458057148173,0.0023538412614685688,0.6497309081789854,188.302193,0.013812439831930095,54.85458057148173,188.302193,75.78933333333333,10.375333333333332,86.16466666666668,75.06133333333334,10.276,85.33733333333333
65,120,61.430009785713395,0.002781764446097026,0.6497290990769936,188.73792655555553,0.0005853995153713797,61.430009785713395,188.73792655555553,76.08866666666667,10.743666666666668,86.83233333333334,75.68933333333332,10.687,86.37666666666667
65,100,69.5532429799503,0.0028477792391727996,0.649700500486241,189.2830736666667,0.01944632835096098,69.5532429799503,189.2830736666667,76.50433333333334,11.203333333333333,87.70766666666667,76.61966666666667,11.219999999999999,87.83933333333334
65,90,74.41032203806895,0.00814717653987072,0.649706881833955,189.60781722222222,0.014256137361894674,74.41032203806895,189.60781722222222,76.87066666666666,11.495333333333333,88.36566666666666,76.51033333333334,11.441,87.95133333333332
65,80,79.6263020540931,0.006934592213101642,0.6496946083404943,189.97135477777775,0.016171590351058474,79.6263020540931,189.97135477777775,77.099,11.792,88.891,76.57833333333333,11.712333333333333,88.29066666666667
65,70,86.02168317244839,0.00937502389675323,0.6496835108789317,190.39150044444446,0.031070652695520767,86.02168317244839,190.39150044444446,77.29233333333333,12.138333333333334,89.43066666666668,76.90166666666666,12.077333333333334,88.97833333333334
65,65,89.49761248455052,0.01221592887680555,0.6496809941570371,190.62767155555557,0.03479296094258298,89.49761248455052,190.62767155555557,77.49733333333334,12.337333333333333,89.83433333333333,77.09966666666666,12.274000000000001,89.37366666666667
65,60,93.76012247355744,0.009249728284117357,0.6496825988225107,190.95231422222218,0.04763961885438459,93.76012247355744,190.95231422222218,77.70966666666666,12.577666666666667,90.28733333333334,77.29899999999999,12.511000000000001,89.81
65,55,98.06622151008601,0.010216800933478367,0.6496661662116124,191.28031155555553,0.0775111384700489,98.06622151008601,191.28031155555553,77.93766666666666,12.823666666666668,90.76133333333333,77.41866666666668,12.738,90.15733333333333
65,50,103.44263051826509,0.018114080638324846,0.6496695586078033,191.67410322222224,0.11953574250516534,103.44263051826509,191.67410322222224,78.196,13.123333333333333,91.319,78.567,13.185666666666668,91.752
65,45,108.2095978671578,0.011861391443073278,0.6496708764534619,192.04157066666664,0.05112159550304115,108.2095978671578,192.04157066666664,78.469,13.396666666666667,91.866,78.19733333333333,13.350666666666667,91.54766666666666
65,40,112.68888177832814,0.016381281480670234,0.6496681394877193,192.38410244444444,0.05928768595242502,112.68888177832814,192.38410244444444,78.77366666666667,13.67,92.44333333333333,78.78933333333333,13.672333333333333,92.46166666666666
65,35,119.38813691966429,0.03940382331708299,0.6496506839154758,192.97211677777776,0.05751596022394445,119.38813691966429,192.97211677777776,79.20266666666667,14.049666666666667,93.25233333333334,79.33666666666666,14.073666666666666,93.41066666666667
65,30,125.84434748613607,0.0008218620759181345,0.6496479059480844,193.60429866666672,0.14722283073738826,125.84434748613607,193.60429866666672,79.28633333333333,14.397333333333334,93.68400000000001,79.54166666666667,14.443666666666667,93.98533333333334
65,27,130.15781119598765,0.0036252313675265964,0.6496510602377485,193.95875555555554,0.0433098778114093,130.15781119598765,193.95875555555554,79.49366666666667,14.644,94.13766666666668,79.566,14.657333333333332,94.223
65,26,138.21459746176615,0.05421020786311888,0.6496479353866113,194.6667191111111,0.0561120762128929,138.21459746176615,194.6667191111111,79.93866666666666,15.104,95.04266666666666,80.01133333333333,15.117666666666665,95.12933333333332
65,25,137.71353133183962,0.017956933129736136,0.6496542499214885,194.6640098888889,0.13060886508340017,137.71353133183962,194.6640098888889,80.04766666666667,15.094999999999999,95.14299999999999,80.12366666666667,15.109333333333334,95.233
65,24,142.91255713765986,0.01830365565221692,0.6496476184914656,195.09456011111106,0.04297551804917377,142.91255713765986,195.09456011111106,80.35233333333333,15.392666666666665,95.74466666666666,80.85733333333333,15.489333333333335,96.34666666666668
65,23,147.3275085795665,0.01703586316786462,0.649647531471977,195.6639121111111,0.03321255172760918,147.3275085795665,195.6639121111111,80.61633333333333,15.630333333333333,96.24666666666667,80.474,15.603,96.07733333333333
65,22,153.06813650290465,0.06687528087783555,0.6496475971499762,196.24011277777777,0.012233169727912541,153.06813650290465,196.24011277777777,81.07366666666667,15.955666666666666,97.02933333333333,80.94166666666666,15.93,96.87166666666667
65,21,161.20767824596092,0.0704977984864363,0.6496419914125633,197.22232677777777,0.07137879180846021,161.20767824596092,197.22232677777777,81.33533333333334,16.436333333333334,97.772,81.10766666666666,16.390666666666664,97.49866666666667
65,20,165.22034623855131,0.027200826332956937,0.649643388989467,197.65760100000003,0.16511991980811688,165.22034623855131,197.65760100000003,81.47633333333333,16.645666666666667,98.12266666666666,81.37633333333333,16.625,98.00133333333333
65,19,180.2626292700405,0.13044972080676012,0.6496407241465557,199.61255066666664,0.0960776806183863,180.2626292700405,199.61255066666664,81.56533333333333,17.510333333333335,99.07566666666666,81.07233333333333,17.404666666666667,98.47633333333333
65,18,179.47577183155565,0.01255417451225826,0.6496268573041878,199.6025081111111,0.12223349968822475,179.47577183155565,199.6025081111111,81.84433333333334,17.453666666666667,99.298,82.532,17.599999999999998,100.132
65,17,231.84745577342437,0.007287367739331636,0.6496324383510802,208.02145866666663,0.262904636546116,231.84745577342437,208.02145866666663,83.17766666666667,20.47366666666667,103.65233333333333,83.80266666666667,20.627666666666666,104.43033333333334
65,16,273.77359238151024,0.014280217640152457,0.6496243413638542,215.7623747777778,0.21797699089335928,273.77359238151024,215.7623747777778,84.08933333333333,22.872666666666664,106.962,86.37033333333333,23.49333333333333,109.86333333333333
65,15,292.5451585848354,0.0055191077010147095,0.6496280091624492,220.44015266666665,0.17636341470479983,292.5451585848354,220.44015266666665,84.39666666666666,23.923000000000002,108.31933333333332,91.051,25.80933333333333,116.86066666666666
65,14,314.1016930877703,0.013873103119697078,0.6496252147021405,225.26545188888886,0.27841490269604297,314.1016930877703,225.26545188888886,84.88166666666667,25.191333333333333,110.073,92.83,27.55033333333333,120.38033333333334
65,13,339.0068217679972,0.022261132649563854,0.6496198361528621,231.02697744444444,0.6502622623247349,339.0068217679972,231.02697744444444,85.35333333333334,26.584999999999997,111.93866666666668,93.50733333333334,29.124666666666666,122.632
65,12,368.3661373436641,0.010650147892701887,0.6496227106464757,238.45405444444444,0.8245677379589155,368.3661373436641,238.45405444444444,86.40766666666667,28.304333333333336,114.71199999999999,96.39933333333333,31.577333333333332,127.97633333333333
65,11,403.2425938682218,0.041861287301662005,0.6496204957517869,248.37640544444446,0.28795865985211755,403.2425938682218,248.37640544444446,87.60333333333334,30.30333333333333,117.90733333333333,99.532,34.42966666666667,133.96133333333333
65,10,445.4522580626147,0.02233280071037672,0.6496161278362236,262.03261144444446,0.5500720594966075,445.4522580626147,262.03261144444446,88.36366666666667,32.68566666666667,121.04899999999999,102.38166666666666,37.871,140.25233333333333
65,9,497.4345701819838,0.02117187897274261,0.6496102814664505,283.045754,0.5534362974423768,497.4345701819838,283.045754,89.60533333333335,35.64933333333334,125.25433333333335,112.73166666666667,44.85033333333333,157.582
65,8,563.0215479032038,0.034044257710506065,0.6496111576076833,315.5868018888889,0.70190242130481,563.0215479032038,315.5868018888889,91.58699999999999,39.47966666666667,131.06666666666666,134.109,57.81,191.919
65,7,648.3141859731505,0.03662046433084078,0.6496152355409142,364.2484676666666,0.2656818438025574,648.3141859731505,364.2484676666666,94.38866666666667,44.33233333333334,138.7206666666667,139.72933333333333,65.62766666666666,205.35766666666666
65,6,765.1109661211807,0.06340656705341331,0.6496087520651054,455.32722799999993,0.14809787133438732,765.1109661211807,455.32722799999993,98.693,51.040333333333336,149.73333333333332,176.26166666666666,91.156,267.41766666666666
65,5,843.4268291008894,0.07322324508698043,0.6497178079918383,591.5305088888889,0.23808988249916704,843.4268291008894,591.5305088888889,103.75433333333335,55.52833333333333,159.283,230.966,123.61133333333333,354.57766666666663
65,4,843.9505433789658,0.15594723693342483,0.6496506133777623,592.228023888889,0.056102989503790265,843.9505433789658,592.228023888889,103.91000000000001,55.553333333333335,159.46333333333334,233.729,124.95800000000001,358.68699999999995
65,3,843.8921704083128,0.09662234953865578,0.649638044914885,592.0483406666666,0.1372947868813406,843.8921704083128,592.0483406666666,102.53399999999999,55.52066666666667,158.05466666666666,229.88333333333333,124.47833333333334,354.36133333333333
65,2,843.6132273276685,0.03482372730161657,0.6496462952278448,591.9950336666666,0.18343814800025474,843.6132273276685,591.9950336666666,101.89833333333333,55.538333333333334,157.43666666666664,229.19433333333333,124.919,354.1133333333333
65,1,843.3811397546888,0.5100463089878218,0.6496410871045476,591.9987071111112,0.24728386610086797,843.3811397546888,591.9987071111112,97.95766666666667,55.519000000000005,153.47633333333332,218.49966666666668,123.83800000000001,342.3376666666666
65,0,843.9414703671815,0.15798142630784226,0.6496569621692366,592.075186,0.10307096476747026,843.9414703671815,592.075186,99.94833333333334,55.559,155.50766666666667,223.004,123.96266666666668,346.9666666666667
66,40000,0.28407231958898327,0.000981608950843406,0.6630888294652149,184.34922088888888,0.01014218112124698,0.28407231958898327,184.34922088888888,73.35508333333333,7.281083333333334,80.63608333333333,72.072,7.15375,79.2255
66,5000,2.207338958892039,0.0012005932011607478,0.6608542534954894,184.9197107777778,0.6918034136371533,2.207338958892039,184.9197107777778,73.47833333333334,7.397333333333333,80.87566666666667,138.785,13.971666666666666,152.75666666666666
66,3000,3.630249493625151,0.0027144303278386654,0.6595841750180901,184.65436466666665,0.015050583968005123,3.630249493625151,184.65436466666665,73.45,7.469666666666666,80.91933333333334,71.73933333333333,7.295333333333333,79.03433333333334
66,2000,5.386040432509273,0.0009766659258223051,0.659377366730765,184.79882655555556,0.006634308473848556,5.386040432509273,184.79882655555556,73.53066666666666,7.5696666666666665,81.10000000000001,72.06033333333333,7.417999999999999,79.47866666666665
66,1500,7.099465006985379,0.00222847564869186,0.6588973383681714,184.9370042222222,0.011757325566696269,7.099465006985379,184.9370042222222,73.59666666666668,7.666,81.26233333333333,72.277,7.528333333333333,79.80499999999999
66,1000,10.430569762586538,0.0028460925610068397,0.6587311506602537,185.18718744444445,0.015436753617891843,10.430569762586538,185.18718744444445,73.73366666666666,7.853666666666666,81.58733333333333,72.69066666666667,7.7426666666666675,80.43299999999999
66,900,11.500947998437411,0.0027109009092826063,0.6587831138337704,185.277139,0.007919100727547016,11.500947998437411,185.277139,73.79566666666666,7.916666666666667,81.71233333333333,72.393,7.766000000000001,80.15866666666666
66,800,12.833412541053795,0.0005772621226522507,0.6585954657756957,185.3712962222222,0.011753943075231425,12.833412541053795,185.3712962222222,73.841,7.990333333333333,81.83133333333332,72.96666666666667,7.895666666666667,80.86233333333332
66,700,14.507928560796138,0.0031421598410567675,0.6586334046501067,185.50530233333333,0.017607513456239354,14.507928560796138,185.50530233333333,73.91166666666668,8.084666666666667,81.996,73.35233333333333,8.023333333333333,81.37566666666667
66,600,16.69829878000024,0.0019603373314519604,0.6585005710936634,185.66731566666667,0.016969909863573183,16.69829878000024,185.66731566666667,74.03166666666667,8.211333333333334,82.243,73.78933333333333,8.184333333333333,81.97366666666666
66,550,18.043328520523158,0.001317463403945622,0.6585301295973544,185.7456857777778,0.01812556439070075,18.043328520523158,185.7456857777778,74.06633333333333,8.284666666666666,82.35066666666667,73.87033333333333,8.262666666666666,82.13333333333334
66,450,21.542176933614883,0.0028971984771164216,0.6584184444520399,186.02265288888893,0.020059679487695464,21.542176933614883,186.02265288888893,74.22566666666667,8.483666666666666,82.709,74.10933333333334,8.470666666666666,82.58
66,380,24.92744914425621,0.002940634479732935,0.6583950260604178,186.2523847777778,0.0034251989453050117,24.92744914425621,186.2523847777778,74.36633333333333,8.674999999999999,83.041,74.94233333333334,8.741999999999999,83.68466666666667
66,340,27.3722435784109,0.0034681793009210308,0.6583598559725012,186.45306888888888,0.016233866946503694,27.3722435784109,186.45306888888888,74.47966666666667,8.821333333333333,83.30133333333333,74.618,8.838000000000001,83.45566666666667
66,300,30.447923640385493,0.007248931721779685,0.658360708576331,186.63162655555558,0.012823073099069231,30.447923640385493,186.63162655555558,74.631,8.99,83.621,74.27366666666667,8.947000000000001,83.22033333333333
66,260,34.19891610523563,0.0007581591793972973,0.6583290143164365,186.86109111111114,0.01512448082240741,34.19891610523563,186.86109111111114,74.80466666666666,9.203000000000001,84.00766666666668,74.97866666666667,9.224333333333334,84.203
66,220,39.00488139804134,0.0014815783110805614,0.6583014261913368,187.21500166666667,0.01190689742684848,39.00488139804134,187.21500166666667,75.01233333333333,9.476,84.48766666666667,74.887,9.459999999999999,84.34666666666666
66,200,42.01563193591129,0.0020928823947342803,0.6583151677094427,187.38343155555557,0.012227330817720549,42.01563193591129,187.38343155555557,75.15466666666667,9.648,84.80266666666667,74.81766666666668,9.604666666666667,84.42233333333333
66,180,45.390536463502144,0.0009283619914458754,0.6582691264312335,187.6222881111111,0.0007561606482587447,45.390536463502144,187.6222881111111,75.30799999999999,9.839,85.14733333333334,75.17,9.821,84.991
66,160,49.503934317451304,0.0019382337465582065,0.6582752519273577,187.90937533333332,0.01998406316986621,49.503934317451304,187.90937533333332,75.49866666666667,10.074666666666667,85.57366666666667,74.825,9.985,84.80966666666667
66,140,54.38474755153059,0.0023469381728793816,0.6582636135854566,188.22395466666663,0.00472450170211612,54.38474755153059,188.22395466666663,75.723,10.351333333333335,86.07433333333331,75.21166666666666,10.281333333333334,85.49266666666666
66,120,60.95303100261398,0.0012873899485416624,0.6582197438465051,188.65297455555552,0.03702791921170032,60.95303100261398,188.65297455555552,76.05633333333334,10.725,86.78133333333334,75.33566666666667,10.623333333333333,85.95933333333335
66,100,69.06286510907556,0.007220391152900879,0.6582252725707579,189.1807418888889,0.01588383308177839,69.06286510907556,189.1807418888889,76.58366666666666,11.201,87.78466666666667,75.86399999999999,11.095666666666666,86.95966666666668
66,90,73.88846861882503,0.005720482459573174,0.6581983252878781,189.5081923333333,0.0197573037999781,73.88846861882503,189.5081923333333,76.72000000000001,11.464333333333334,88.18400000000001,77.36266666666667,11.560666666666668,88.92366666666668
66,80,79.09535391964242,0.003491920006935685,0.6581796162356834,189.8612788888889,0.01592712197732603,79.09535391964242,189.8612788888889,76.95166666666667,11.756333333333332,88.70800000000001,76.62666666666667,11.707,88.33366666666666
66,70,85.49824565860864,0.0015664225636374965,0.6582020858475833,190.30920411111114,0.011841129377135138,85.49824565860864,190.30920411111114,77.25533333333334,12.120666666666667,89.37566666666667,76.72933333333333,12.038000000000002,88.76766666666667
66,65,88.98636270243868,0.010839831478004587,0.6582143692720922,190.53186300000002,0.02645355130118903,88.98636270243868,190.53186300000002,77.44333333333334,12.317,89.75999999999999,77.55366666666667,12.334666666666665,89.88799999999999
66,60,93.28915334716503,0.011584253987504487,0.6581866800915543,190.84876700000004,0.025456446677472204,93.28915334716503,190.84876700000004,77.66933333333334,12.562333333333333,90.23166666666667,77.26800000000001,12.497666666666667,89.766
66,55,97.57707559424738,0.00778509139843714,0.6581966605102542,191.2182235555555,0.06665568071678081,97.57707559424738,191.2182235555555,77.88799999999999,12.806333333333333,90.69433333333332,77.52033333333333,12.746,90.26633333333332
66,50,102.9952837065487,0.00849525938284706,0.6581935977286649,191.5167771111111,0.08379625343941544,102.9952837065487,191.5167771111111,78.163,13.113,91.276,77.97366666666666,13.081000000000001,91.05466666666666
66,45,107.79592255103147,0.014736023517975061,0.6581694270832789,192.00846644444445,0.024413199081045115,107.79592255103147,192.00846644444445,78.426,13.386333333333333,91.81200000000001,78.38833333333334,13.38,91.76800000000001
66,40,112.25608127422807,0.011540368745565879,0.6581842033762495,192.3495482222222,0.06767511027313573,112.25608127422807,192.3495482222222,78.802,13.671666666666667,92.473,78.462,13.612666666666668,92.07466666666666
66,35,119.14615679947228,0.025784627432032664,0.6581599947130413,192.92391088888886,0.0740645650259665,119.14615679947228,192.92391088888886,79.024,14.032666666666666,93.05666666666667,78.80333333333333,13.993333333333334,92.79699999999998
66,30,125.47051886673354,0.024836864828333485,0.658153115212641,193.3923881111111,0.04542881289607738,125.47051886673354,193.3923881111111,79.24166666666667,14.392333333333333,93.63400000000001,79.12866666666666,14.371666666666668,93.50033333333334
66,27,129.83469835227388,0.010494028808912481,0.6581624041829667,193.89507066666667,0.04384781712670527,129.83469835227388,193.89507066666667,79.454,14.642000000000001,94.096,79.30566666666667,14.615,93.92066666666666
66,26,139.0813924510326,0.04869463691573444,0.6581410973207168,194.71698066666667,0.011823041289508616,139.0813924510326,194.71698066666667,79.92933333333333,15.171333333333335,95.101,79.883,15.162666666666667,95.04533333333332
66,25,137.73644914734362,0.01293822609047622,0.6581632567999528,194.57623622222226,0.07369741328287988,137.73644914734362,194.57623622222226,79.91333333333334,15.098333333333334,95.01133333333333,79.96166666666666,15.107333333333335,95.06866666666667
66,24,142.92723525768827,0.01703825136903592,0.6581515060247761,195.18344344444446,0.166486292598388,142.92723525768827,195.18344344444446,80.36200000000001,15.413666666666666,95.77533333333334,80.357,15.412999999999998,95.77
66,23,147.34294150304208,0.01430178675698225,0.6581421789431499,195.606002,0.12646219088062052,147.34294150304208,195.606002,80.61066666666666,15.648000000000001,96.25866666666667,80.541,15.634333333333332,96.17566666666666
66,22,153.08571103219734,0.0074188837311696424,0.6581430149073983,196.2499388888889,0.07197489753328182,153.08571103219734,196.2499388888889,81.05366666666667,15.974666666666666,97.02833333333332,81.45466666666667,16.05366666666667,97.50833333333333
66,21,160.42268258517996,0.044302869265347884,0.658144944970824,197.08385211111113,0.13192979827558046,160.42268258517996,197.08385211111113,81.176,16.391000000000002,97.56700000000001,80.97,16.349666666666668,97.31933333333335
66,20,165.151678178124,0.03270460126284816,0.6581425376935809,197.52632366666663,0.16805102872736935,165.151678178124,197.52632366666663,81.53366666666666,16.679666666666666,98.21333333333332,81.68533333333333,16.710666666666665,98.396
66,19,180.2261927291197,0.02267251567830832,0.658135498646956,199.54889244444442,0.10868169813537848,180.2261927291197,199.54889244444442,81.50066666666667,17.523,99.02366666666667,81.47766666666666,17.518,98.99533333333333
66,18,179.31905043382233,0.0020784496756344434,0.6581371569951614,199.78917211111113,0.8372249944591854,179.31905043382233,199.78917211111113,81.915,17.492333333333335,99.40733333333333,87.81233333333334,18.752,106.56400000000001
66,17,236.32214164108646,0.01385496261786177,0.6581424560028486,208.85376033333333,0.7957501040413201,236.32214164108646,208.85376033333333,83.30766666666666,20.763333333333332,104.07066666666667,83.99466666666666,20.93433333333333,104.92900000000002
66,16,275.2640745977225,0.008231140190015557,0.6581349405829534,216.63819311111112,0.55232047976015,275.2640745977225,216.63819311111112,84.20533333333333,23.006333333333334,107.21166666666666,95.73733333333332,26.157666666666668,121.895
66,15,294.150116462632,0.005898443781206431,0.658131068501684,220.98381955555553,0.5976656058223202,294.150116462632,220.98381955555553,84.395,24.047666666666668,108.44266666666665,91.707,26.131,117.83766666666666
66,14,315.86280470921787,0.011852866443366398,0.6581328229947802,226.11576844444446,0.8088740895391466,315.86280470921787,226.11576844444446,84.791,25.289666666666665,110.08033333333333,95.89999999999999,28.602666666666664,124.50333333333333
66,13,340.83379780467595,0.002872740693249769,0.6581321296015413,231.78971555555555,0.8408239069699269,340.83379780467595,231.78971555555555,85.45733333333334,26.763666666666666,112.221,101.02333333333333,31.638666666666666,132.662
66,12,370.4673218249502,0.023946109206244275,0.6581295492854919,239.53292766666667,0.26837311344863607,370.4673218249502,239.53292766666667,86.30966666666666,28.436333333333334,114.74633333333334,95.979,31.622333333333334,127.60166666666667
66,11,400.54371667964523,0.005953322876960705,0.6581239134967084,248.11747611111107,0.48937761972818944,400.54371667964523,248.11747611111107,87.51533333333333,30.23266666666667,117.748,106.92899999999999,36.93933333333333,143.86833333333334
66,10,447.1234555481196,0.02119264891701112,0.6581154708582851,262.0746648888889,0.1944079588861382,447.1234555481196,262.0746648888889,88.60266666666666,32.835,121.43733333333334,102.83033333333333,38.10766666666667,140.938
66,9,492.2023305535849,0.05297656710460539,0.658175023095169,279.42955911111113,0.34638150233398496,492.2023305535849,279.42955911111113,89.34366666666666,35.40833333333333,124.75266666666666,111.85199999999999,44.329,156.181
66,8,565.8721702750954,0.07108794688882138,0.6581132799609417,315.00833255555557,0.26711843834723925,565.8721702750954,315.00833255555557,91.56966666666666,39.654333333333334,131.22400000000002,122.93566666666668,53.238,176.17366666666666
66,7,649.7057318709116,0.07008763290012487,0.6582475466503901,361.7709626666667,0.13064868806624938,649.7057318709116,361.7709626666667,94.315,44.48766666666666,138.80266666666668,140.95633333333333,66.488,207.444
66,6,767.466286256839,0.023668716494555857,0.6580979148468854,458.52652355555557,0.43235170928983996,767.466286256839,458.52652355555557,98.83466666666668,51.275666666666666,150.10999999999999,179.39199999999997,93.069,272.46133333333336
66,5,843.5912562322032,0.08628235967015284,0.6581623839175469,587.7558917777777,0.04929381379867716,843.5912562322032,587.7558917777777,103.76333333333332,55.62033333333333,159.38366666666667,230.54133333333334,123.577,354.118
66,4,843.6374709060696,0.15008269801845164,0.6581677163267184,588.0043104444445,0.030258400211668444,843.6374709060696,588.0043104444445,103.89999999999999,55.62433333333333,159.524,232.38433333333333,124.41033333333333,356.79466666666667
66,3,843.6911990822446,0.0048983360102667645,0.6581813371480916,588.0287014444444,0.03147831365016619,843.6911990822446,588.0287014444444,102.58166666666666,55.63066666666666,158.213,227.8563333333333,123.568,351.4246666666666
66,2,843.613994636915,0.2070667166559799,0.6581478431118565,587.541094888889,0.12448708235362868,843.613994636915,587.541094888889,102.036,55.635,157.67100000000002,228.12366666666665,124.38366666666667,352.5073333333333
66,1,843.8172188561329,0.08261928592138025,0.658179526868539,587.9748058888889,0.06380327915667755,843.8172188561329,587.9748058888889,98.02333333333333,55.617,153.64000000000001,241.013,136.74733333333333,377.7606666666666
66,0,843.800580537166,0.12208200340409807,0.658186498636267,587.7527773333333,0.11198641288765313,843.800580537166,587.7527773333333,100.21566666666666,55.685,155.90033333333335,225.34799999999998,125.21566666666666,350.564
67,100000,0.11830486765669629,0.0010540053919133763,0.6714143028266336,184.33528044444446,0.0018932025874093933,0.11830486765669629,184.33528044444446,73.3455,7.270499999999999,80.61591666666666,72.14125,7.150916666666667,79.29216666666666
67,5000,2.1764871181894523,0.00035239957691767865,0.6696596438102653,185.040398,0.648884957524321,2.1764871181894523,185.040398,73.38633333333333,7.388333333333333,80.77433333333333,116.16233333333332,11.695,127.85700000000001
67,3000,3.5831815095978143,0.00279917425273542,0.6681574498211819,184.67490377777779,0.013380340405627512,3.5831815095978143,184.67490377777779,73.51,7.475666666666666,80.986,72.45466666666667,7.368333333333333,79.823
67,2000,5.310543854119003,0.0013552216560472005,0.6678371233887463,184.86040811111107,0.009957707033743816,5.310543854119003,184.86040811111107,73.48733333333332,7.565666666666668,81.053,71.903,7.402666666666666,79.30533333333334
67,1500,6.9982862465045095,0.001425962378483594,0.6676791443455926,185.0171255555555,0.01070397506813113,6.9982862465045095,185.0171255555555,73.54766666666667,7.661666666666666,81.209,71.974,7.498,79.47133333333333
67,1000,10.26929459363801,0.001331953217104821,0.6675747163656975,185.32111055555552,0.011170450007528124,10.26929459363801,185.32111055555552,73.66966666666667,7.8486666666666665,81.51766666666667,72.02966666666667,7.6739999999999995,79.70366666666666
67,900,11.324344124607302,0.0004195739155741578,0.667418130680356,185.40778988888886,0.004868696726519636,11.324344124607302,185.40778988888886,73.78099999999999,7.914666666666666,81.69566666666667,73.89633333333333,7.927333333333333,81.82266666666668
67,800,12.63565329237708,0.0013301240278741475,0.6673763145384742,185.53161599999999,0.009445576783724326,12.63565329237708,185.53161599999999,73.741,7.98,81.721,73.49633333333334,7.953333333333333,81.44966666666666
67,700,14.277045706314583,0.0015420169245403696,0.6674141628245076,185.66909566666666,0.018881769623390627,14.277045706314583,185.66909566666666,73.79566666666666,8.073,81.86833333333333,73.723,8.065333333333333,81.788
67,600,16.42076455012487,0.0011768864215220877,0.6672817759338642,185.87728,0.007988971905782245,16.42076455012487,185.87728,73.869,8.194333333333333,82.063,74.27666666666667,8.239333333333333,82.51566666666666
67,550,17.739854951838108,0.00217234998915776,0.6672500413500186,185.98928733333332,0.00954836144756615,17.739854951838108,185.98928733333332,73.93266666666666,8.270666666666667,82.20333333333333,73.88266666666667,8.264666666666665,82.14733333333334
67,450,21.168637971525854,0.0020407728862996176,0.6672425331332142,186.2896431111111,0.012213225210323305,21.168637971525854,186.2896431111111,74.062,8.466333333333333,82.528,73.86566666666667,8.444,82.30966666666667
67,380,24.48976331031118,0.003423916612033287,0.6671491015879382,186.5811481111111,0.0035142514665612965,24.48976331031118,186.5811481111111,74.26866666666666,8.665000000000001,82.93333333333334,74.77033333333333,8.723666666666666,83.49433333333333
67,340,26.858268904423312,0.0024505715771341386,0.6671234077373009,186.7678792222222,0.016125625156978712,26.858268904423312,186.7678792222222,74.26799999999999,8.789333333333333,83.05766666666666,74.178,8.779,82.95666666666666
67,300,29.85488963766601,0.0024490114632414526,0.667128001864845,187.00756833333332,0.0047971256092542176,29.85488963766601,187.00756833333332,74.56133333333334,8.981333333333334,83.54266666666666,75.23533333333334,9.062333333333333,84.298
67,260,33.47019582731264,0.001513094186844504,0.6670713017344463,187.32221655555554,0.021047452926738302,33.47019582731264,187.32221655555554,74.52733333333333,9.167,83.69433333333333,74.24866666666667,9.132666666666665,83.38133333333333
67,220,38.23415832955985,0.0006460820356835956,0.6670429884894085,187.72088411111113,0.01578684079409494,38.23415832955985,187.72088411111113,74.70133333333332,9.437,84.13833333333334,74.89266666666667,9.461333333333334,84.354
67,200,41.09846534870356,0.008818945438932906,0.6671053453360735,187.95211200000003,0.01125392549289306,41.09846534870356,187.95211200000003,74.90166666666666,9.612333333333334,84.51433333333334,75.28266666666667,9.661333333333333,84.94433333333335
67,180,44.30143152291771,0.0017529829622105907,0.6670948593863093,188.2354602222222,0.005120163629493269,44.30143152291771,188.2354602222222,75.03699999999999,9.797333333333333,84.83433333333333,74.688,9.752,84.44
67,160,48.32918353589262,0.010906515929523372,0.6670751441629431,188.5524107777778,0.0328865049008267,48.32918353589262,188.5524107777778,75.19666666666666,10.029333333333334,85.22533333333332,73.80533333333334,9.843333333333334,83.64966666666668
67,140,53.03218299575273,0.0046424060066684435,0.6670230976504863,188.9166125555556,0.010183470780998646,53.03218299575273,188.9166125555556,75.26799999999999,10.282333333333334,85.55066666666666,74.62933333333334,10.195333333333332,84.82466666666666
67,120,59.27769454413656,0.006035720036631347,0.6670249568788772,189.43884966666664,0.028729585449693753,59.27769454413656,189.43884966666664,75.539,10.644333333333334,86.18299999999999,75.72466666666666,10.670666666666667,86.395
67,100,67.05087713565732,0.0015696591090153264,0.6670193492443262,190.06554322222223,0.017579699752014663,67.05087713565732,190.06554322222223,76.00099999999999,11.095666666666666,87.09666666666665,75.613,11.038666666666666,86.65166666666666
67,90,71.65514002973238,0.006294593661446548,0.6670055838172623,190.44057944444447,0.025302698655649547,71.65514002973238,190.44057944444447,76.10233333333333,11.343666666666666,87.44533333333334,76.056,11.336333333333334,87.39299999999999
67,80,76.76110802868753,0.0019623284692256997,0.6670163185707091,190.8933351111111,0.033062828094309174,76.76110802868753,190.8933351111111,76.28866666666667,11.635666666666665,87.92433333333334,75.76366666666667,11.555333333333332,87.319
67,70,82.9545598821512,0.004225963804258299,0.667001395798188,191.4304697777778,0.045541050836131906,82.9545598821512,191.4304697777778,76.54333333333334,11.987333333333334,88.531,76.306,11.950000000000001,88.25633333333333
67,65,86.47067166847846,0.008786447521392935,0.6669926518487337,191.70102755555558,0.06746949207218518,86.47067166847846,191.70102755555558,76.80833333333334,12.202666666666666,89.01066666666667,76.96433333333333,12.227333333333334,89.19166666666666
67,60,90.5807262468079,0.011008026310450305,0.6669873081654197,192.14057866666667,0.06285829465024291,90.5807262468079,192.14057866666667,76.90166666666666,12.422666666666666,89.324,76.55399999999999,12.366666666666667,88.92033333333335
67,55,94.71064925526032,0.0031407083683083203,0.6669894094361363,192.4196001111111,0.08556683657708838,94.71064925526032,192.4196001111111,77.09466666666667,12.658666666666667,89.75333333333333,76.49366666666667,12.56,89.05366666666667
67,50,99.59160843531004,0.02553356148333718,0.6669977017472813,192.87263355555555,0.04172687469237246,99.59160843531004,192.87263355555555,77.307,12.935333333333332,90.24233333333332,76.97333333333334,12.879333333333333,89.853
67,45,104.04457825318003,0.010418762799216994,0.6669816564337347,193.50904599999998,0.0965975299310366,104.04457825318003,193.50904599999998,77.51266666666668,13.188666666666668,90.70166666666667,77.51833333333333,13.189666666666668,90.70800000000001
67,40,108.34822376748319,0.008064283039188913,0.6669849819181773,193.7774127777778,0.08663675301789886,108.34822376748319,193.7774127777778,77.77533333333334,13.450666666666665,91.22666666666667,77.67633333333333,13.433666666666667,91.11
67,35,114.6275492184484,0.006448033348148039,0.6669778778300101,194.3958603333333,0.10305641327127585,114.6275492184484,194.3958603333333,77.98766666666667,13.790333333333335,91.77833333333335,78.10566666666666,13.811333333333332,91.91699999999999
67,30,120.91417101388282,0.008229746624311014,0.6669643270214421,195.0493177777778,0.0766631076429419,120.91417101388282,195.0493177777778,78.15666666666668,14.148666666666665,92.305,78.81466666666667,14.267666666666665,93.08233333333332
67,27,125.95574726699896,0.01486431944769779,0.6669577063706469,195.4174108888889,0.035795642627948515,125.95574726699896,195.4174108888889,78.39033333333333,14.440333333333333,92.83066666666667,78.57066666666667,14.473333333333334,93.04366666666665
67,26,134.03100934010445,0.08000467371049867,0.6669489482663783,196.32294588888894,0.07498753658246071,134.03100934010445,196.32294588888894,78.74433333333333,14.901333333333334,93.64533333333333,79.47333333333334,15.039,94.51266666666668
67,25,133.74219414285375,0.008499083516970285,0.6669464390540246,196.64637066666668,0.12801036973794702,133.74219414285375,196.64637066666668,78.853,14.892000000000001,93.74466666666667,79.087,14.936333333333332,94.02366666666667
67,24,138.74474799801132,0.02292385748951361,0.666958619126996,197.0006682222222,0.061893866411591086,138.74474799801132,197.0006682222222,79.20666666666666,15.199,94.40566666666666,84.58,16.23,100.81
67,23,143.27646635481906,0.022940367288041056,0.6669579647563341,197.6650382222222,0.16718811894800603,143.27646635481906,197.6650382222222,79.631,15.468333333333334,95.099,79.605,15.463,95.06833333333333
67,22,148.86702023692717,0.0479109078719109,0.6669748887697003,198.44273055555558,0.11905420583842083,148.86702023692717,198.44273055555558,79.91433333333333,15.766,95.68066666666668,80.04066666666667,15.791000000000002,95.83133333333332
67,21,156.0337415558666,0.07434702973420035,0.6669433557287977,199.36522622222228,0.13779180006821898,156.0337415558666,199.36522622222228,79.92433333333334,16.184,96.10833333333335,86.371,17.48966666666667,103.86066666666666
67,20,160.89382551426317,0.009888990252137976,0.6669551212934893,200.04785166666667,0.23937677657616527,160.89382551426317,200.04785166666667,80.09433333333334,16.443,96.53766666666667,80.883,16.605,97.488
67,19,173.6082053696375,0.08298105013131422,0.6669592580144998,201.83607322222224,0.18354193679563305,173.6082053696375,201.83607322222224,80.10466666666667,17.19333333333333,97.29833333333333,81.118,17.411,98.52966666666667
67,18,174.78782476390313,0.019889661381992656,0.6669710348107388,202.57659144444446,0.7983066705774621,174.78782476390313,202.57659144444446,80.50866666666667,17.279666666666667,97.78833333333334,88.93133333333333,19.087333333333333,108.01833333333333
67,17,225.12139830394594,0.006153526152120886,0.6669552094940391,211.10446344444446,0.4152674993925129,225.12139830394594,211.10446344444446,81.46966666666667,20.182666666666666,101.65233333333333,82.16266666666667,20.354333333333333,102.51733333333334
67,16,266.8219176149181,0.008347301873858202,0.6669392495641656,221.5900788888889,0.26553490063772056,266.8219176149181,221.5900788888889,82.28533333333333,22.536999999999995,104.82166666666667,88.26333333333334,24.173999999999996,112.43766666666666
67,15,285.1589515782891,0.003261762453118696,0.666946771004593,226.23302166666667,0.6525430782562105,285.1589515782891,226.23302166666667,82.87966666666667,23.584666666666664,106.46433333333333,90.60033333333332,25.781666666666666,116.382
67,14,306.21299108549266,0.03391688251573368,0.6669461443240046,232.25289355555552,0.8779498433511383,306.21299108549266,232.25289355555552,83.672,24.83966666666667,108.512,91.859,27.270333333333337,119.12933333333335
67,13,330.5277922605056,0.02817346406496608,0.6669410636534098,239.91238444444443,0.33624477116535445,330.5277922605056,239.91238444444443,83.79466666666667,26.200666666666667,109.995,93.11900000000001,29.116,122.23533333333334
67,12,359.17777441220113,0.03164300424988032,0.6669472331597982,249.4538402222222,0.4792468478642588,359.17777441220113,249.4538402222222,84.25466666666667,27.884333333333334,112.13866666666667,95.30966666666666,31.542333333333332,126.85199999999999
67,11,391.38900453207276,0.122063512996359,0.6669409956541005,255.49020099999996,0.2703216367687323,391.38900453207276,255.49020099999996,85.48366666666668,29.712666666666667,115.197,97.584,33.919000000000004,131.50300000000001
67,10,434.18592270165726,0.053466723695214824,0.6669474335352016,284.62836644444445,0.6868552489588384,434.18592270165726,284.62836644444445,87.222,32.19433333333333,119.416,109.229,40.31766666666667,149.54666666666665
67,9,484.7650605705317,0.020978285485225408,0.6669341314570859,311.6788684444445,0.8697088743535889,484.7650605705317,311.6788684444445,88.835,35.083,123.91766666666666,117.669,46.47,164.1386666666667
67,8,548.5405638831303,0.1272453993167399,0.6669468556642318,349.1109597777777,3.65466438200369,548.5405638831303,349.1109597777777,91.16266666666667,38.612,129.775,132.45266666666666,56.101,188.55333333333337
67,7,631.2998712903801,0.06718873201069359,0.6669454996948306,391.60831377777777,0.7456932234847826,631.2998712903801,391.60831377777777,95.10533333333332,43.56166666666667,138.667,146.968,67.31633333333333,214.28433333333336
67,6,742.8229716777296,0.04478518788934154,0.6669322792024235,456.5457116666667,0.9284528066075746,742.8229716777296,456.5457116666667,100.18266666666666,49.98433333333333,150.167,180.83033333333333,90.22233333333334,271.05233333333337
67,5,815.3925321744067,0.3811322863945532,0.6669821635456746,561.0714642222222,0.14892304384978305,815.3925321744067,561.0714642222222,104.83933333333333,54.10366666666666,158.943,225.83399999999997,116.545,342.37899999999996
67,4,815.1790774097857,0.22712747860858115,0.6669280318344644,561.5225621111111,0.33993797891967725,815.1790774097857,561.5225621111111,104.09866666666666,54.12166666666667,158.22033333333334,224.0726666666667,116.498,340.57099999999997
67,3,815.1953964407516,0.43074748069340574,0.6669385505666359,561.4324727777779,0.17392319761204267,815.1953964407516,561.4324727777779,102.329,54.09866666666667,156.42766666666668,220.85166666666666,116.759,337.61066666666665
67,2,815.2754932101448,0.5016922389183494,0.6669337865463864,561.6749026666666,0.05319206404567552,815.2754932101448,561.6749026666666,102.402,54.10933333333333,156.51166666666666,220.36366666666666,116.44133333333333,336.805
67,1,815.3315511466726,0.26544979940995317,0.6669341328898618,561.640324,0.061332403443149046,815.3315511466726,561.640324,99.51100000000001,54.105333333333334,153.61633333333336,214.54933333333335,116.65366666666667,331.203
67,0,815.9574011151889,0.35334437026541204,0.6669263497978069,561.4524582222222,0.17700014434911876,815.9574011151889,561.4524582222222,101.31099999999999,54.11866666666666,155.429,219.7543333333333,117.38933333333334,337.144
68,100000,0.1167188803212103,0.00023993298248058508,0.6785772970333004,184.3329336666667,0.014997877731330723,0.1167188803212103,184.3329336666667,73.3235,7.268666666666667,80.592,71.94966666666666,7.1321666666666665,79.08200000000001
68,40000,0.27682579529973234,0.0015567347797976025,0.6810704689300471,184.34614388888892,0.009751663295939413,0.27682579529973234,184.34614388888892,73.33066666666666,7.278333333333333,80.60916666666667,71.9295,7.139166666666667,79.06883333333333
68,5000,2.1494318272302326,0.002649972859667195,0.6786442037512789,185.30641244444442,0.674454544749784,2.1494318272302326,185.30641244444442,73.45733333333334,7.392666666666667,80.85033333333332,116.03766666666667,11.677999999999999,127.71533333333332
68,3000,3.534413388687904,0.003922773989684921,0.6773390789643785,184.64430000000002,0.01510094073598451,3.534413388687904,184.64430000000002,73.44833333333332,7.465333333333334,80.91333333333334,71.698,7.287333333333334,78.98533333333334
68,2000,5.246466596141805,0.0004522110715752917,0.6766777209501565,184.79323944444445,0.0020653073576599877,5.246466596141805,184.79323944444445,73.52166666666666,7.562,81.084,71.89966666666668,7.395666666666667,79.29466666666666
68,1500,6.911675443781307,0.0024308073808751935,0.6765051445993936,184.9238861111111,0.009527171577126098,6.911675443781307,184.9238861111111,73.69,7.6673333333333344,81.35733333333333,72.19366666666667,7.511666666666667,79.705
68,1000,10.151354979970355,0.003492494454853759,0.6764146426386687,185.2020338888889,0.04766801162712803,10.151354979970355,185.2020338888889,73.741,7.8503333333333325,81.59166666666665,72.185,7.684666666666668,79.86966666666666
68,900,11.192542471496672,0.00123853307536598,0.6764813333129602,185.27290000000002,0.01259911284356509,11.192542471496672,185.27290000000002,73.77333333333333,7.900666666666666,81.67366666666668,73.069,7.825,80.89433333333334
68,800,12.488191512676407,0.0005897675021924781,0.6764236402039127,185.35125355555556,0.010525603494610916,12.488191512676407,185.35125355555556,73.93033333333334,7.985333333333333,81.91566666666667,72.61033333333334,7.842666666666666,80.45299999999999
68,700,14.117165321336438,0.002223702496637153,0.6763214800270149,185.4849366666667,0.009535664441118714,14.117165321336438,185.4849366666667,73.98700000000001,8.076,82.06233333333334,74.06333333333333,8.084333333333333,82.14766666666667
68,600,16.240537616176713,0.001998458379428122,0.6763054647485826,185.625643,0.008628126145226959,16.240537616176713,185.625643,73.98666666666666,8.186666666666666,82.17366666666668,74.015,8.19,82.20466666666667
68,550,17.553055872216312,0.001639430311532688,0.6762607856980091,185.72702255555555,0.015735842350569025,17.553055872216312,185.72702255555555,74.12700000000001,8.269666666666666,82.39666666666666,75.33999999999999,8.405,83.745
68,450,20.95065374326794,0.0008107282634282394,0.6762785735723291,185.95488922222225,0.011499425267441948,20.95065374326794,185.95488922222225,74.37766666666666,8.475666666666667,82.85333333333334,74.89166666666667,8.534,83.42566666666667
68,380,24.240088278172788,0.0036995940038243896,0.6762464213839424,186.1936923333333,0.009418575900819938,24.240088278172788,186.1936923333333,74.349,8.644,82.993,74.25966666666666,8.633666666666667,82.893
68,340,26.616149572749546,0.002631620511258539,0.6761575722775471,186.35474655555558,0.007874047457982437,26.616149572749546,186.35474655555558,74.444,8.778333333333334,83.222,75.05,8.849666666666666,83.89999999999999
68,300,29.59287974774267,0.002352927668796125,0.6761582746411986,186.53945755555557,0.010133786395205995,29.59287974774267,186.53945755555557,74.59033333333333,8.949333333333334,83.53966666666666,74.88433333333333,8.984333333333334,83.86866666666667
68,260,33.232419397197596,0.0009596167539746364,0.6760984083205668,186.8092067777778,0.03441448177296917,33.232419397197596,186.8092067777778,74.943,9.179,84.12166666666667,75.38333333333334,9.232666666666667,84.616
68,220,37.94597113880232,0.00271638898897716,0.6760792461200062,187.08515688888892,0.026184098763081677,37.94597113880232,187.08515688888892,75.07066666666667,9.438,84.50866666666667,75.226,9.457666666666666,84.68333333333334
68,200,40.82641415922692,0.0004350558563908478,0.676034267566227,187.28475711111113,0.005157616173441412,40.82641415922692,187.28475711111113,75.274,9.612333333333332,84.88633333333333,75.27,9.611666666666666,84.88166666666666
68,180,44.07198324124263,0.003552631473656195,0.6760222204597469,187.49872900000003,0.012672668350086819,44.07198324124263,187.49872900000003,75.252,9.776333333333334,85.02866666666667,75.06099999999999,9.751666666666667,84.81233333333333
68,160,48.076851509762804,0.0033683991148976246,0.6760503779211922,187.74895277777782,0.01167201382379796,48.076851509762804,187.74895277777782,75.44166666666666,10.007333333333333,85.449,74.03933333333333,9.821333333333333,83.86066666666666
68,140,52.792343598881416,0.016101848713587514,0.6760123209984963,188.04893433333334,0.007798987263308719,52.792343598881416,188.04893433333334,75.64766666666667,10.275,85.92266666666667,75.48866666666667,10.253666666666666,85.742
68,120,59.09469696712953,0.008942481795835514,0.6760197915324028,188.44158833333336,0.020373180755840305,59.09469696712953,188.44158833333336,75.97933333333333,10.636000000000001,86.61533333333334,75.47966666666667,10.566,86.04533333333332
68,100,66.93170111212032,0.0033354061140845725,0.6759894897549841,188.9506256666667,0.015087102332071512,66.93170111212032,188.9506256666667,76.35066666666667,11.082,87.43266666666666,78.995,11.466333333333333,90.46166666666666
68,90,71.63401767085979,0.007366818027330686,0.676023428225685,189.2659672222222,0.012325980602554474,71.63401767085979,189.2659672222222,76.637,11.351999999999999,87.98899999999999,76.19200000000001,11.286000000000001,87.47800000000001
68,80,76.66549096013146,0.008925311465751781,0.6759595553484642,189.60073466666665,0.026545914314227138,76.66549096013146,189.60073466666665,76.94766666666668,11.654000000000002,88.60233333333333,76.378,11.568,87.94633333333333
68,70,82.98321965640567,0.003943558208381651,0.6759814619598735,189.9877678888889,0.01913223957776284,82.98321965640567,189.9877678888889,77.15366666666667,12.0,89.15366666666667,76.768,11.94,88.70766666666667
68,65,86.38413868761249,0.007500625763284568,0.6759680624900094,190.29099277777777,0.07823540391117012,86.38413868761249,190.29099277777777,77.34966666666666,12.194666666666668,89.544,76.95833333333333,12.133333333333333,89.09166666666665
68,60,90.58450784970967,0.005817090150472167,0.6759934922333469,190.58752,0.08675542930241634,90.58450784970967,190.58752,77.55533333333334,12.433333333333332,89.98866666666667,77.63066666666667,12.445333333333332,90.07600000000001
68,55,94.6851499719254,0.010834237655413586,0.6759558897551375,190.77416722222222,0.004984361101742713,94.6851499719254,190.77416722222222,77.78066666666666,12.668999999999999,90.45,77.47366666666666,12.619,90.09233333333333
68,50,99.72126608100855,0.009872274664184081,0.675935489523817,191.12967966666665,0.017511924825956402,99.72126608100855,191.12967966666665,78.03,12.954333333333333,90.98433333333332,77.981,12.946333333333333,90.92733333333332
68,45,104.24272837884854,0.010892135438077051,0.6759257816754197,191.5302082222222,0.041190478282611985,104.24272837884854,191.5302082222222,78.26666666666667,13.211666666666666,91.47833333333334,78.90866666666666,13.32,92.22833333333334
68,40,108.74086372226635,0.003304253663357502,0.6759376806857246,191.81731833333333,0.06246147930879153,108.74086372226635,191.81731833333333,78.47566666666667,13.469999999999999,91.94566666666667,78.456,13.466333333333333,91.92233333333333
68,35,115.08649606078548,0.009888340427474229,0.6759325597734352,192.48406955555558,0.20263576900114733,115.08649606078548,192.48406955555558,78.848,13.832,92.68066666666668,78.83166666666666,13.829333333333333,92.66133333333335
68,30,121.60225044660744,0.008728802872522135,0.6759413441554435,192.97866433333334,0.06280150588160245,121.60225044660744,192.97866433333334,79.16766666666666,14.221000000000002,93.38866666666667,79.48700000000001,14.278333333333334,93.765
68,27,126.20301016070992,0.008971066587388634,0.6759311888757685,193.37045166666667,0.06416374529106597,126.20301016070992,193.37045166666667,79.40866666666666,14.488,93.89633333333335,79.673,14.536333333333333,94.20933333333335
68,26,134.5938390146067,0.03916073747949545,0.6759349790743686,194.21805644444444,0.047507961969353675,134.5938390146067,194.21805644444444,79.74900000000001,14.953333333333333,94.70233333333333,79.95166666666667,14.991333333333335,94.94333333333333
68,25,133.76676321969262,0.02728326762975607,0.675928998716849,194.10029566666665,0.12003465123360636,133.76676321969262,194.10029566666665,79.86966666666667,14.926333333333332,94.796,80.17,14.982666666666667,95.153
68,24,138.73691703320875,0.014086408906696983,0.6759219092363563,194.62310855555555,0.04849870643444003,138.73691703320875,194.62310855555555,80.17,15.214333333333334,95.38433333333334,85.72733333333333,16.269333333333332,101.997
68,23,143.32216885966986,0.019162773641954456,0.6759374205472204,195.1806582222222,0.06819640162575118,143.32216885966986,195.1806582222222,80.46166666666666,15.463000000000001,95.925,80.769,15.522333333333334,96.29133333333334
68,22,148.83439623385402,0.005163221011395509,0.6759345250861335,195.73320788888887,0.046124193712106756,148.83439623385402,195.73320788888887,80.89366666666666,15.777333333333333,96.67099999999999,81.46966666666667,15.889666666666665,97.35933333333332
68,21,156.00609779386238,0.039359957286741215,0.6759229000467788,196.5085142222222,0.04372025671030122,156.00609779386238,196.5085142222222,81.00866666666667,16.189,97.198,81.23166666666667,16.233666666666668,97.46499999999999
68,20,160.75875412938547,0.036373228197866224,0.6759221538168193,197.01003055555557,0.10930626652837407,160.75875412938547,197.01003055555557,81.26866666666666,16.456666666666667,97.72500000000001,81.46633333333334,16.497,97.96333333333332
68,19,174.16378071637504,0.11940928823667532,0.6759292029531044,198.76153944444445,0.11892700204296915,174.16378071637504,198.76153944444445,81.289,17.238,98.527,80.505,17.07166666666667,97.577
68,18,174.61663243151668,0.026944458257422733,0.6759278448186148,198.59042166666669,0.1542082526178443,174.61663243151668,198.59042166666669,81.635,17.251,98.88566666666667,81.21133333333334,17.16133333333333,98.37266666666666
68,17,229.98257415117584,0.014540539502957209,0.6759068221309819,207.62348099999997,0.17438439975363956,229.98257415117584,207.62348099999997,83.08033333333333,20.453999999999997,103.53433333333334,84.23066666666666,20.736666666666668,104.96733333333333
68,16,268.0583052353939,0.03737887260640229,0.6759126699267335,215.10862977777776,0.4052124183580365,268.0583052353939,215.10862977777776,83.93466666666667,22.65233333333333,106.58666666666666,86.00533333333334,23.211,109.21633333333334
68,15,286.3969140967127,0.04202469962366204,0.6759113446742395,219.0535885555556,0.3329348769957011,286.3969140967127,219.0535885555556,84.16166666666668,23.674333333333333,107.83566666666667,93.99000000000001,26.438666666666666,120.42833333333333
68,14,307.5516865289773,0.01618209745022211,0.6759148405659804,224.0077591111111,0.655481840033997,307.5516865289773,224.0077591111111,84.67466666666667,24.939333333333334,109.61433333333333,92.80533333333334,27.334333333333333,120.13933333333334
68,13,331.99316031513587,0.00931097242591202,0.6759201930172404,229.62912455555556,0.06484783546574793,331.99316031513587,229.62912455555556,85.23366666666666,26.343333333333334,111.57733333333333,94.44966666666666,29.191666666666666,123.641
68,12,360.7066883999183,0.009170899219091443,0.6759088405426406,236.93337011111112,0.42423208239808574,360.7066883999183,236.93337011111112,85.99933333333333,27.974666666666668,113.97433333333333,95.47333333333331,31.05633333333333,126.52966666666667
68,11,390.08025468552927,0.03247734550247984,0.6759141371683507,245.13126466666668,0.326017694122195,390.08025468552927,245.13126466666668,87.089,29.673000000000002,116.76166666666666,97.565,33.242333333333335,130.80733333333333
68,10,436.1199758898071,0.03945366071936467,0.6759087488872099,258.0404987777777,0.3194159449266254,436.1199758898071,258.0404987777777,88.193,32.32633333333334,120.51933333333334,101.77566666666667,37.305,139.081
68,9,486.570097610866,0.014073331123296909,0.6759036894186724,277.48309811111113,0.26687046529175634,486.570097610866,277.48309811111113,89.279,35.220333333333336,124.49900000000001,111.43233333333335,43.959333333333326,155.39133333333334
68,8,551.239286002614,0.11645576001151782,0.6759176097179398,306.41037455555556,0.3491807276411968,551.239286002614,306.41037455555556,91.25066666666667,38.979000000000006,130.23000000000002,118.926,50.800999999999995,169.72733333333335
68,7,630.8960107059788,0.1366999460405894,0.675965156679151,346.3009171111111,0.04271618012518641,630.8960107059788,346.3009171111111,93.984,43.567,137.55100000000002,136.16733333333335,63.12166666666667,199.289
68,6,747.9084279458954,0.08079569190383053,0.6759029738608735,429.8313597777778,0.5823509241367091,747.9084279458954,429.8313597777778,98.24133333333333,50.355,148.59666666666666,168.06666666666666,86.145,254.212
68,5,843.035033553328,0.10588728571920687,0.6759362792473601,577.737998,0.036232306638351135,843.035033553328,577.737998,103.92666666666668,55.82533333333333,159.75199999999998,227.761,122.344,350.105
68,4,843.8149458908136,0.4108227239329185,0.6759568080204891,579.1139385555556,0.29160722503573266,843.8149458908136,579.1139385555556,104.165,55.92466666666667,160.09,228.33333333333334,122.589,350.92233333333337
68,3,844.0753857645244,0.5270788433728302,0.6759377904984033,579.0457456666667,0.12366780165334643,844.0753857645244,579.0457456666667,102.755,55.885,158.63966666666667,225.53433333333336,122.66000000000001,348.1946666666667
68,2,843.8426532123871,0.24133238890650696,0.6759428356674193,579.073978,0.08361066349051455,843.8426532123871,579.073978,102.10700000000001,55.916666666666664,158.024,225.46400000000003,123.47033333333333,348.9343333333333
68,1,843.9187269356436,0.08798077867775064,0.6759668210197277,579.2783458888889,0.2796928086861902,843.9187269356436,579.2783458888889,98.24399999999999,55.873,154.11633333333333,215.25099999999998,122.41699999999999,337.66766666666666
68,0,843.5507727578148,0.387807866843866,0.6759521386856489,578.8643492222222,0.10280018636842507,843.5507727578148,578.8643492222222,100.53833333333334,55.85066666666666,156.38866666666667,220.52833333333334,122.50666666666666,343.0353333333333
69,100000,0.11470217848925686,0.0009271285455897838,0.6911997396658685,184.33122044444443,0.006527472884594969,0.11470217848925686,184.33122044444443,73.35511111111111,7.272388888888888,80.62744444444445,72.02466666666666,7.140555555555555,79.16511111111112
69,40000,0.274391316586358,0.0004865230070136163,0.6866437800997675,184.35499261111113,0.0069450026714972645,0.274391316586358,184.35499261111113,73.3295,7.278,80.60766666666666,71.86016666666667,7.1321666666666665,78.99249999999999
69,5000,2.120133284193223,0.002002841843449693,0.6872000879737784,184.5258706666667,0.015183081476131816,2.120133284193223,184.5258706666667,73.38,7.383666666666667,80.76333333333334,71.61533333333334,7.206333333333333,78.82133333333333
69,3000,3.4869999746164466,0.0015707770006707614,0.6865771087753484,184.63696577777776,0.010384468532574265,3.4869999746164466,184.63696577777776,73.44366666666666,7.462666666666666,80.90633333333334,71.80766666666666,7.296333333333333,79.104
69,2000,5.169304036961075,0.0014669185969924696,0.6862638205858959,184.7803163333333,0.010622693773254295,5.169304036961075,184.7803163333333,73.52433333333333,7.559333333333334,81.08366666666666,72.00166666666667,7.402666666666666,79.404
69,1500,6.813078936286494,0.0023008474729026003,0.6860266971653535,184.92454499999997,0.020207879818974293,6.813078936286494,184.92454499999997,73.57166666666667,7.650333333333333,81.22133333333333,72.53333333333335,7.541999999999999,80.07533333333333
69,1000,10.0007162021712,0.0018256500129427645,0.6858036921307743,185.1701818888889,0.022376993031873037,10.0007162021712,185.1701818888889,73.741,7.836333333333333,81.577,72.08566666666667,7.66,79.74566666666666
69,900,10.998223792840667,0.06666083637915321,0.6878908522320933,185.23981155555555,0.017515720496712482,10.998223792840667,185.23981155555555,73.813,7.894666666666667,81.7075,72.69500000000001,7.775166666666667,80.47016666666667
69,800,12.303253884059531,0.0023801103524209557,0.685644268638509,185.33167233333333,0.01300552621430929,12.303253884059531,185.33167233333333,73.841,7.967333333333333,81.80799999999999,72.53966666666666,7.826666666666667,80.36633333333333
69,700,13.864835670790358,0.08354844323410976,0.6878260337593779,185.44605750000002,0.010657325621884216,13.864835670790358,185.44605750000002,73.897,8.0535,81.95066666666666,73.06083333333333,7.9623333333333335,81.02316666666667
69,600,15.94850113636906,0.09519948577979907,0.6878518372509915,185.5999682222222,0.002289338097759255,15.94850113636906,185.5999682222222,73.96566666666666,8.169500000000001,82.13516666666666,74.08833333333332,8.182833333333333,82.2715
69,550,17.281873541526775,0.00205618513749542,0.6856166998011987,185.68829077777778,0.012211779515111425,17.281873541526775,185.68829077777778,74.045,8.249,82.294,73.91000000000001,8.234,82.144
69,450,20.508378572205828,0.1307021403822947,0.6901387100421151,185.90081433333333,0.01684063344679324,20.508378572205828,185.90081433333333,74.18683333333333,8.434666666666667,82.6215,74.05149999999999,8.419333333333332,82.47083333333333
69,380,23.717633601979674,0.1476176096925947,0.6901018812048011,186.1218566111111,0.016205465347513336,23.717633601979674,186.1218566111111,74.33216666666667,8.619,82.9515,74.21666666666667,8.605666666666666,82.82233333333333
69,340,26.042256509708917,0.15882372506357093,0.6901230179959871,186.28613511111112,0.019441376949029324,26.042256509708917,186.28613511111112,74.48,8.757166666666667,83.2375,74.73066666666666,8.786666666666667,83.51733333333333
69,300,28.961376865788043,0.17074816426497044,0.6901253106680469,186.47726333333333,0.022306269810170226,28.961376865788043,186.47726333333333,74.57000000000001,8.9185,83.48833333333333,74.8845,8.956166666666666,83.84066666666666
69,260,32.531388610152824,0.1868382218033504,0.690079249100823,186.70668505555557,0.02088614479017559,32.531388610152824,186.70668505555557,74.74683333333333,9.123833333333334,83.8705,74.68216666666666,9.116333333333333,83.7985
69,220,37.119929395681574,0.19890556089860362,0.6900458103946939,186.99931383333333,0.03013952662074934,37.119929395681574,186.99931383333333,74.96,9.387833333333333,84.34783333333333,74.76116666666667,9.362833333333333,84.12416666666667
69,200,39.94792326944638,0.21320961011804448,0.6900390253868839,187.1767435555556,0.027493327302511247,39.94792326944638,187.1767435555556,75.07533333333333,9.551333333333334,84.62666666666667,75.77966666666667,9.640833333333333,85.42066666666666
69,180,43.130376072847646,0.22910294869916742,0.6900484049435409,187.38065350000002,0.0355482697298972,43.130376072847646,187.38065350000002,75.2335,9.7325,84.96583333333334,74.873,9.685833333333333,84.55866666666667
69,160,47.03960944002261,0.23001525339108791,0.689994347316453,187.6340185,0.031498680065986696,47.03960944002261,187.6340185,75.46883333333334,9.964666666666668,85.43333333333334,74.35416666666667,9.8175,84.1715
69,140,51.649756791387176,0.2366880347820407,0.6900147097640095,187.93279466666664,0.03440426109526205,51.649756791387176,187.93279466666664,75.62366666666667,10.2205,85.84466666666667,75.4515,10.1975,85.64866666666667
69,120,57.826902105243256,0.2480528599492705,0.6899952873799218,188.31052055555554,0.05576114122726509,57.826902105243256,188.31052055555554,75.95016666666668,10.575666666666667,86.52566666666667,75.54166666666667,10.519166666666665,86.0605
69,100,65.46988068921407,0.2537934090892141,0.6899804426641095,188.78205705555555,0.0533686894130079,65.46988068921407,188.78205705555555,76.35833333333333,11.015333333333333,87.37400000000001,75.505,10.892166666666666,86.39716666666668
69,90,70.0300202227381,0.25832228450993383,0.6899647286276278,189.06217677777775,0.04391619052779012,70.0300202227381,189.06217677777775,76.649,11.284666666666666,87.93366666666667,76.08183333333334,11.201333333333332,87.28316666666666
69,80,74.89475889308558,0.24886842496632647,0.6899675959168442,189.40318233333332,0.06122459817354382,74.89475889308558,189.40318233333332,76.80216666666666,11.554499999999999,88.35683333333333,76.5575,11.5175,88.07533333333333
69,70,81.00806565804974,0.25233874835541376,0.6899374673907995,189.76484972222224,0.05879070976926997,81.00806565804974,189.76484972222224,77.08683333333333,11.902333333333333,88.98933333333333,77.49816666666668,11.965666666666666,89.464
69,65,84.26972655507377,0.24123105865372946,0.689944124770046,190.008836,0.07653848244496833,84.26972655507377,190.008836,77.27866666666667,12.092666666666666,89.37133333333333,77.72966666666666,12.163499999999999,89.89333333333333
69,60,88.36805642348537,0.2514570663899318,0.6899486245729616,190.26904066666668,0.06221869780988985,88.36805642348537,190.26904066666668,77.4885,12.329166666666666,89.81716666666667,77.71249999999999,12.364666666666666,90.077
69,55,92.30368644178832,0.21962151595541252,0.6899385506810254,190.55559044444445,0.07247146123750182,92.30368644178832,190.55559044444445,77.70283333333333,12.550833333333335,90.25383333333333,77.52733333333333,12.522666666666666,90.04983333333332
69,50,97.2512096877153,0.19586644155367025,0.6899259996876141,190.89685455555556,0.08788626359808949,97.2512096877153,190.89685455555556,77.96066666666667,12.835333333333333,90.79583333333333,77.76716666666667,12.803166666666668,90.57016666666668
69,45,101.64772251709012,0.188672636996866,0.6899225773913219,191.27869972222223,0.13742305607030803,101.64772251709012,191.27869972222223,78.19966666666666,13.087000000000002,91.28666666666668,78.23899999999999,13.093666666666666,91.33283333333333
69,40,105.94167011470766,0.19193054593725525,0.6899240051058966,191.52904716666663,0.049696965734658614,105.94167011470766,191.52904716666663,78.47483333333334,13.347999999999999,91.82283333333334,78.3445,13.325666666666669,91.6705
69,35,112.2187265825472,0.0976735290133771,0.6899203211772668,192.16658883333332,0.32429108133798873,112.2187265825472,192.16658883333332,78.80550000000001,13.700333333333333,92.50566666666667,78.9585,13.727166666666667,92.6855
69,30,118.38917114545752,0.13643804667664888,0.6899258544077692,192.58672205555555,0.03897710372535828,118.38917114545752,192.58672205555555,78.96833333333333,14.044833333333335,93.01316666666666,79.17883333333333,14.082333333333333,93.26133333333333
69,27,122.67968150273384,0.08953619261985409,0.6899186151743456,193.00706505555556,0.17804513976287142,122.67968150273384,193.00706505555556,79.23383333333334,14.301833333333333,93.536,79.401,14.331999999999999,93.73283333333332
69,26,130.9080641920594,0.5082789071834496,0.6899168126910062,193.70087466666666,0.13781833475091093,130.9080641920594,193.70087466666666,79.65050000000001,14.771833333333333,94.4225,79.56616666666666,14.756166666666667,94.32233333333333
69,25,130.29225808792336,0.12161465421693028,0.6899174778141616,193.62463072222224,0.0926325777388966,130.29225808792336,193.62463072222224,79.6355,14.734,94.3695,80.34916666666668,14.866,95.21566666666666
69,24,135.25016991139023,0.14145989483145083,0.6899198637761902,194.20720855555555,0.09369952817256673,135.25016991139023,194.20720855555555,79.9765,15.022,94.99849999999999,80.062,15.037999999999998,95.10000000000001
69,23,139.76493509298675,0.25080865103254046,0.6899172212272527,194.61586,0.11823007207474583,139.76493509298675,194.61586,80.39616666666667,15.285333333333334,95.68149999999999,80.38616666666667,15.283666666666667,95.66966666666667
69,22,144.99357557646667,0.2903304755396557,0.6899165802715764,195.13358416666665,0.10582911818581052,144.99357557646667,195.13358416666665,80.776,15.582500000000001,96.35816666666666,81.66283333333332,15.7535,97.41616666666668
69,21,152.00864243021437,0.17452912350945618,0.689905429187279,195.89694377777778,0.12677107612449173,152.00864243021437,195.89694377777778,80.88850000000001,15.989833333333332,96.87816666666667,80.61916666666666,15.936166666666667,96.55566666666668
69,20,156.5977680140707,0.20004751628035486,0.6899064152959836,196.30169511111112,0.0869398130736021,156.5977680140707,196.30169511111112,81.1375,16.24833333333333,97.38600000000001,81.35566666666666,16.291999999999998,97.64783333333332
69,19,169.8566189588893,0.811916637894025,0.6899027307966223,198.0992215,0.18827752197210015,169.8566189588893,198.0992215,81.169,17.0185,98.18716666666667,81.13533333333334,17.011499999999998,98.1465
69,18,170.0328102067031,0.15005993331753995,0.6899106832196193,198.1871715,0.23614597659593345,170.0328102067031,198.1871715,81.48016666666666,17.024,98.50466666666667,81.49133333333333,17.026500000000002,98.51783333333333
69,17,222.18045511194396,2.175353993168089,0.6898937595799448,206.3543661111111,0.5073675201216421,222.18045511194396,206.3543661111111,82.95966666666668,20.091666666666665,103.05133333333333,86.7155,20.9965,107.71166666666666
69,16,260.19997370104437,0.6691287489773273,0.6898919555076719,213.6728944444444,0.3831014147051694,260.19997370104437,213.6728944444444,83.76533333333333,22.28316666666667,106.04849999999999,88.85316666666667,23.634666666666664,112.48783333333334
69,15,278.05661298803017,0.7245513215702523,0.6898967909814703,217.78183044444447,0.773896759061269,278.05661298803017,217.78183044444447,83.9225,23.267833333333332,107.19016666666666,90.42266666666667,25.069833333333335,115.4925
69,14,298.56344187914726,0.7846175670140839,0.6898986050601067,221.81498955555557,0.595719754889476,298.56344187914726,221.81498955555557,84.3515,24.47266666666667,108.82416666666666,91.6655,26.594666666666665,118.26033333333334
69,13,322.19204241519486,0.7891283431861209,0.6898942057983383,227.49049044444442,0.47392584287137096,322.19204241519486,227.49049044444442,84.9055,25.84166666666667,110.74716666666666,93.46033333333332,28.445166666666665,121.90566666666666
69,12,350.17469684191707,0.9238621800765963,0.6898969899141596,234.3841452222222,0.9164738215522356,350.17469684191707,234.3841452222222,85.75566666666667,27.445666666666668,113.20133333333332,94.64299999999999,30.290666666666667,124.93383333333333
69,11,379.1754145331895,0.9428924190871781,0.6898920990946715,241.5243825,0.5006080159088943,379.1754145331895,241.5243825,86.81349999999999,29.126,115.93950000000001,97.02883333333334,32.55316666666667,129.58183333333332
69,10,423.1490338956305,0.840799032429419,0.6898945869060066,253.69181922222222,0.5785546578644459,423.1490338956305,253.69181922222222,87.92683333333333,31.665333333333333,119.59233333333333,101.88316666666667,36.69166666666667,138.57500000000002
69,9,472.96870366629156,0.5732627486643365,0.6898919869601409,271.405706,0.7512152215859719,472.96870366629156,271.405706,88.95049999999999,34.586999999999996,123.53766666666667,106.30466666666666,41.33533333333333,147.6398333333333
69,8,535.6349876482722,0.9246209440314659,0.6898857093424945,298.0302987777778,1.2312609540552932,535.6349876482722,298.0302987777778,90.99216666666666,38.21383333333333,129.20583333333335,121.95016666666668,51.21883333333333,173.16916666666665
69,7,615.1458083071782,0.5180444350402587,0.6899432035536931,335.475361,1.1830630621706446,615.1458083071782,335.475361,93.68166666666667,42.810833333333335,136.49266666666668,132.8315,60.70166666666666,193.5331666666667
69,6,726.3733252133997,2.0190741271049726,0.689881477601704,407.5293638333333,2.3151769233468555,726.3733252133997,407.5293638333333,97.60333333333334,49.239,146.84216666666666,162.26633333333334,81.8625,244.12883333333335
69,5,842.0844601563707,0.4421580215827212,0.6899919235845702,567.5760932777778,2.4730745011535133,842.0844601563707,567.5760932777778,104.15683333333334,55.99216666666666,160.149,236.96333333333334,127.38716666666666,364.3503333333333
69,4,844.4434338188157,0.37726305456874837,0.689962404761285,572.0281570555555,2.5183170720356074,844.4434338188157,572.0281570555555,104.33866666666667,56.10316666666666,160.442,228.11083333333332,122.65500000000002,350.7658333333333
69,3,844.5662826398415,0.43166788340488194,0.689954255740354,571.897822888889,2.541319162514872,844.5662826398415,571.897822888889,102.90683333333334,56.083,158.99,224.8415,122.53583333333334,347.37716666666665
69,2,844.6506171276269,0.46632498315854726,0.6899656065776409,571.7794843888888,2.5740032077722668,844.6506171276269,571.7794843888888,102.23233333333333,56.097,158.32916666666665,223.7745,122.78933333333333,346.5638333333333
69,1,844.5827935237875,0.24518650107011458,0.6899577110228927,571.9617887222222,2.583925938559083,844.5827935237875,571.9617887222222,98.43266666666666,56.091833333333334,154.52433333333332,214.73683333333335,122.36733333333332,337.104
69,0,844.4036754629318,0.44210509110995133,0.6899513475160058,571.7106307222222,2.532469174552491,844.4036754629318,571.7106307222222,100.98183333333333,56.09733333333333,157.07883333333334,220.11716666666666,122.27883333333334,342.3958333333333
70,100000,0.11362175339409168,0.0005221118028718501,0.7006622758684914,184.33870544444446,0.013407366495349654,0.11362175339409168,184.33870544444446,73.31455555555556,7.26711111111111,80.58166666666666,72.41588888888889,7.178000000000001,79.59377777777779
70,40000,0.27024375623012437,0.0008850430529472139,0.6984018213841064,184.35772583333335,0.009593502369971444,0.27024375623012437,184.35772583333335,73.35833333333333,7.280777777777778,80.6391111111111,72.00266666666667,7.146111111111111,79.14877777777778
70,5000,2.089690398170147,0.0021903642222532386,0.6969080927893518,184.51145033333333,0.0051961620451880745,2.089690398170147,184.51145033333333,73.54433333333333,7.398666666666666,80.94333333333334,71.974,7.240666666666667,79.21433333333333
70,3000,3.4410473146143126,0.0019182299440859264,0.6960404834145493,184.65056788888887,0.0009066237939320595,3.4410473146143126,184.65056788888887,73.44099999999999,7.4606666666666674,80.90166666666666,71.91000000000001,7.304666666666667,79.21466666666667
70,2000,5.0837526314311,0.03508386860632396,0.6980246648250138,184.79829877777775,0.011850714701059344,5.0837526314311,184.79829877777775,73.4925,7.5535,81.04633333333334,73.97166666666666,7.603000000000001,81.57483333333333
70,1500,6.72366606054533,0.0016149347913719055,0.6956398586984146,184.90015455555556,0.0038000094200733633,6.72366606054533,184.90015455555556,73.589,7.649,81.238,72.31166666666667,7.516000000000001,79.82833333333333
70,1000,9.818776995832879,0.07966333837099049,0.6990590183172314,185.15819466666667,0.015790210567849617,9.818776995832879,185.15819466666667,73.76766666666667,7.830500000000001,81.59783333333333,72.39183333333334,7.6845,80.07616666666667
70,900,10.809461889716989,0.09443897360593925,0.7000092050164606,185.21809844444445,0.019098417716111378,10.809461889716989,185.21809844444445,73.80966666666667,7.887833333333333,81.69716666666666,72.64983333333333,7.7636666666666665,80.41366666666667
70,800,12.058420858050297,0.1008125471805015,0.7000611742763732,185.3056128333333,0.01149482898956643,12.058420858050297,185.3056128333333,73.91183333333333,7.9645,81.87599999999999,72.9535,7.861166666666667,80.81433333333332
70,700,13.610375717803084,0.11351883049315183,0.7009167566650487,185.40930522222223,0.008151859231254709,13.610375717803084,185.40930522222223,73.89816666666667,8.045833333333333,81.94383333333333,72.67,7.912,80.582
70,600,15.655136826347142,0.13358452481271818,0.700918420267243,185.58688594444445,0.020144008716594514,15.655136826347142,185.58688594444445,73.96866666666666,8.160666666666666,82.1295,73.66683333333333,8.127166666666666,81.7945
70,550,16.944370654222855,0.14428137145117223,0.699914730981057,185.65595233333332,0.014628590938457506,16.944370654222855,185.65595233333332,74.11566666666667,8.2425,82.35816666666666,74.63583333333334,8.300333333333333,82.93583333333333
70,450,20.061299385229432,0.0017811010814039777,0.7046637779900292,185.90163511111112,0.03346156492380763,20.061299385229432,185.90163511111112,74.17733333333332,8.421,82.59833333333334,74.17566666666666,8.421,82.596
70,380,23.201438337143646,0.0010365434342463167,0.7046923258783687,186.09194511111113,0.007959995123753682,23.201438337143646,186.09194511111113,74.31766666666665,8.594666666666667,82.91166666666668,74.23299999999999,8.584666666666667,82.81766666666667
70,340,25.474024866439965,0.0029696740047655164,0.7046534008902366,186.24243933333332,0.007377483995945308,25.474024866439965,186.24243933333332,74.522,8.737,83.25866666666667,74.29566666666666,8.710333333333333,83.00633333333333
70,300,28.34215227235407,0.0011627311033798808,0.7046317715608027,186.42435233333333,0.013092158454588271,28.34215227235407,186.42435233333333,74.66066666666667,8.901333333333334,83.562,74.78533333333333,8.916333333333332,83.70166666666667
70,260,31.83731394689264,0.0005625616475173864,0.7046422244946401,186.64450277777777,0.01522774103892431,31.83731394689264,186.64450277777777,74.73633333333333,9.091666666666667,83.82766666666667,74.635,9.079,83.714
70,220,36.31217318372307,0.002609327083828122,0.7046493226335121,186.92224744444445,0.018061003519957992,36.31217318372307,186.92224744444445,74.94533333333334,9.35,84.29566666666666,74.468,9.290666666666667,83.75866666666667
70,200,39.05951467997607,0.0018808729698647263,0.704671155832839,187.0987127777778,0.022554675076693752,39.05951467997607,187.0987127777778,75.06666666666666,9.507666666666665,84.574,75.24366666666667,9.53,84.77333333333333
70,180,42.19713099005912,0.0019340306508653022,0.7045922074041747,187.28189377777778,0.023206836756832383,42.19713099005912,187.28189377777778,75.22266666666667,9.689333333333332,84.91166666666668,74.90333333333332,9.648000000000001,84.551
70,160,46.03125939580335,0.0022058542107796617,0.7045847200364767,187.50981255555556,0.003610060038501375,46.03125939580335,187.50981255555556,75.40566666666666,9.910666666666666,85.31633333333333,74.66533333333332,9.813666666666668,84.479
70,140,50.53995987955039,0.004769091588593204,0.7046011000955362,187.80253077777783,0.021769508084911588,50.53995987955039,187.80253077777783,75.82433333333334,10.198,86.022,74.50133333333333,10.020000000000001,84.52166666666666
70,120,56.54869984414366,0.004401256021020788,0.7045755100943071,188.17674266666668,0.005018163685846174,56.54869984414366,188.17674266666668,75.928,10.515,86.443,75.65933333333334,10.478,86.13733333333333
70,100,63.99619700538872,0.004070466014468047,0.7045639158372058,188.62827711111115,0.021427261040627463,63.99619700538872,188.62827711111115,76.32600000000001,10.944333333333333,87.27033333333334,75.551,10.833666666666668,86.38466666666666
70,90,68.44019647077694,0.004551392817358148,0.7045230247776623,188.901212,0.0317618969276478,68.44019647077694,188.901212,76.566,11.200333333333333,87.76633333333332,75.94533333333334,11.109666666666667,87.05499999999999
70,80,73.20341327693488,0.003880619248509355,0.7045631856769585,189.18957555555554,0.005425857037606233,73.20341327693488,189.18957555555554,76.76966666666667,11.473333333333334,88.24266666666666,76.69066666666667,11.461666666666666,88.15233333333333
70,70,79.07435051558461,0.0016038911937928423,0.7045458744786931,189.59471433333331,0.01801979025341059,79.07435051558461,189.59471433333331,77.15899999999999,11.826666666666668,88.98566666666666,76.724,11.76,88.484
70,65,82.25857212448007,0.004532266256780213,0.704551374718822,189.81484888888886,0.03908995352792693,82.25857212448007,189.81484888888886,77.242,11.995,89.23700000000001,76.955,11.950666666666669,88.90500000000002
70,60,86.15210418280219,0.0036512766911155166,0.7045258232868435,190.06415466666667,0.06457909322772198,86.15210418280219,190.06415466666667,77.43599999999999,12.218333333333334,89.654,77.72033333333333,12.263,89.98333333333333
70,55,90.03077194732272,0.012166071369010647,0.7045275117986588,190.28682455555557,0.019799397747087933,90.03077194732272,190.28682455555557,77.74900000000001,12.458,90.20733333333334,77.21066666666667,12.371666666666668,89.582
70,50,94.7690931724752,0.012171408870622557,0.7045497746042345,190.6314797777778,0.04932050173702763,94.7690931724752,190.6314797777778,78.00066666666667,12.731,90.731,77.81033333333333,12.700000000000001,90.50999999999999
70,45,99.01724315272874,0.014326443303887614,0.7045207739128916,190.9221168888889,0.05532000695181584,99.01724315272874,190.9221168888889,78.12933333333334,12.959000000000001,91.089,77.93033333333334,12.926,90.85666666666667
70,40,103.17097024183494,0.018440234904063085,0.7045026323364967,191.28430822222222,0.09577702330140146,103.17097024183494,191.28430822222222,78.31633333333333,13.203000000000001,91.51933333333334,78.294,13.199333333333334,91.493
70,35,109.16485656929838,0.0038961359118906804,0.7045083801585198,191.68225744444445,0.06344157664194283,109.16485656929838,191.68225744444445,78.765,13.559333333333333,92.324,84.93599999999999,14.622,99.55833333333332
70,30,115.2445050011932,0.009754099269444474,0.704507399484226,192.26643255555555,0.03407542451732869,115.2445050011932,192.26643255555555,78.89333333333333,13.893,92.786,78.72633333333333,13.863333333333335,92.58966666666667
70,27,119.49420678317419,0.007183821428462465,0.7045087481272967,192.62790499999997,0.12928396163870662,119.49420678317419,192.62790499999997,79.092,14.135333333333334,93.22733333333333,79.808,14.263,94.07133333333333
70,26,127.16158860185651,0.03569811441479008,0.704503324024627,193.2780261111111,0.08835745922189057,127.16158860185651,193.2780261111111,79.62533333333333,14.595333333333334,94.22033333333333,80.08800000000001,14.680333333333332,94.76833333333333
70,25,126.71707854746579,0.0074619235291615545,0.7045157121555349,193.30365799999996,0.06501940845196907,126.71707854746579,193.30365799999996,79.54566666666666,14.564,94.10933333333332,80.24433333333333,14.691666666666668,94.93599999999999
70,24,131.4152863530534,0.030114496907390383,0.7044973690370804,193.70313277777777,0.06824995174950586,131.4152863530534,193.70313277777777,79.84666666666666,14.835,94.68166666666667,79.88533333333334,14.841999999999999,94.72800000000001
70,23,135.79407316491896,0.014575432119389704,0.704511764215956,194.22989566666664,0.020935904717362144,135.79407316491896,194.22989566666664,80.35366666666665,15.113666666666667,95.46666666666665,80.163,15.077666666666667,95.24066666666666
70,22,140.98765338184077,0.04242675655108724,0.7045018810266637,194.69119022222222,0.026262049446857155,140.98765338184077,194.69119022222222,80.68,15.393666666666666,96.07333333333334,80.98366666666668,15.451666666666668,96.43533333333333
70,21,147.8153280691762,0.01627286869618236,0.7044979251337645,195.50062611111113,0.0761973069634858,147.8153280691762,195.50062611111113,80.76166666666667,15.781999999999998,96.54366666666668,80.491,15.729,96.22066666666666
70,20,152.36315334477396,0.017785264637084984,0.7045034566018039,196.019492,0.04154712838988622,152.36315334477396,196.019492,81.01366666666667,16.044,97.05733333333335,81.03566666666667,16.048333333333332,97.08333333333333
70,19,165.0637230435636,0.07600158060784959,0.7045083165880581,197.33992466666666,0.19095900559745116,165.0637230435636,197.33992466666666,81.00766666666667,16.783666666666665,97.791,80.81733333333334,16.744,97.56099999999999
70,18,165.56982370688692,0.005050558691570022,0.7045032899765565,197.62071944444446,0.34231480492905036,165.56982370688692,197.62071944444446,81.35,16.804333333333332,98.15366666666667,81.68599999999999,16.873666666666665,98.56
70,17,214.47603850971896,0.0025563336692225745,0.7045035533898197,204.98127077777778,0.31654121213697156,214.47603850971896,204.98127077777778,82.67066666666666,19.685666666666666,102.35633333333332,89.43599999999999,21.297,110.73266666666666
70,16,252.8347538357483,0.014663691592322916,0.7045000397331199,212.1623702222222,0.399834723271364,252.8347538357483,212.1623702222222,83.64999999999999,21.949666666666662,105.59966666666666,90.52966666666667,23.755,114.28433333333334
70,15,270.2411453707365,0.0598824868026515,0.7045027384978532,215.96145244444446,0.1082048223172399,270.2411453707365,215.96145244444446,83.68400000000001,22.881333333333334,106.56533333333334,88.67533333333334,24.246333333333336,112.92166666666667
70,14,290.1764792182109,0.011246558704713598,0.7045043237909967,220.54064933333333,0.165344845109623,290.1764792182109,220.54064933333333,84.20066666666666,24.092333333333332,108.29333333333334,91.99833333333333,26.323666666666668,118.32233333333333
70,13,311.468673042979,0.008680213683419608,0.7044996718794345,225.04690166666668,0.46264707354897316,311.468673042979,225.04690166666668,84.55666666666667,25.272000000000002,109.82866666666666,92.86033333333334,27.753666666666664,120.61399999999999
70,12,340.38502686746483,0.017065728459157773,0.7045086851969925,232.11847400000002,0.21959318401483266,340.38502686746483,232.11847400000002,85.47633333333333,26.959,112.43466666666666,93.794,29.581999999999997,123.37633333333333
70,11,372.5887052073558,0.01348750496330111,0.7045038377459529,240.36700366666665,0.5186548914288773,372.5887052073558,240.36700366666665,86.52433333333333,28.826000000000004,115.35033333333332,96.53266666666667,32.160000000000004,128.69266666666667
70,10,411.6059307256998,0.01836384746866503,0.7044972562279663,250.73442722222225,0.263167453221604,411.6059307256998,250.73442722222225,87.58966666666667,31.093999999999998,118.68366666666667,100.11966666666667,35.54233333333334,135.66166666666666
70,9,459.67380270988997,0.008161261835029293,0.704497212604077,265.9125455555556,0.6275912976576454,459.67380270988997,265.9125455555556,88.52766666666666,33.89933333333334,122.42666666666666,103.75833333333333,39.73133333333333,143.49
70,8,520.4345738431656,0.021074625545491856,0.7044963427833522,289.834579,0.1874272426252946,520.4345738431656,289.834579,90.48966666666666,37.414,127.90366666666667,114.78433333333334,47.458666666666666,162.24266666666665
70,7,597.8662707470761,0.07391978159482648,0.7045153756786382,325.00750022222223,0.31548703814653434,597.8662707470761,325.00750022222223,93.13,41.92066666666667,135.05066666666667,128.71566666666666,57.93866666666667,186.65466666666666
70,6,706.7616270997132,0.03556843230399216,0.7045003032106302,386.65844755555554,0.03755021442507927,706.7616270997132,386.65844755555554,97.10533333333335,48.288666666666664,145.3936666666667,150.8886666666667,75.03366666666666,225.9226666666667
70,5,837.2525738105387,0.6948778203689931,0.7045420595691172,548.2480162222222,1.1175078506982963,837.2525738105387,548.2480162222222,103.957,55.901,159.85766666666666,221.24766666666665,118.97233333333332,340.21999999999997
70,4,845.5434212129434,0.07747515153679597,0.7044957365332105,564.4684656666667,0.17002306365399927,845.5434212129434,564.4684656666667,104.49466666666666,56.326666666666675,160.822,226.053,121.85199999999999,347.905
70,3,845.6353396545277,0.16135075301191892,0.7044836287578992,564.4635698888889,0.08065588235921828,845.6353396545277,564.4635698888889,102.99066666666666,56.336999999999996,159.32766666666666,222.295,121.59733333333334,343.8926666666666
70,2,845.5286225989339,0.09783376352176337,0.7045025523808564,564.4187029999999,0.22946685906036063,845.5286225989339,564.4187029999999,102.23766666666667,56.333,158.57066666666665,220.427,121.45566666666666,341.8826666666667
70,1,845.511784646881,0.05826198086542094,0.704498036323684,564.4605278888889,0.2425025206545609,845.511784646881,564.4605278888889,98.66833333333334,56.334,155.00233333333333,213.16366666666667,121.705,334.8686666666667
70,0,845.488074285024,0.16815994141850502,0.7045081912228368,564.3920337777778,0.21242655677778313,845.488074285024,564.3920337777778,101.43933333333332,56.32533333333333,157.76466666666667,218.67466666666667,121.42099999999999,340.096
71,100000,0.11198669077495577,6.946401411020264e-05,0.7099944984052794,184.345654,0.012109478089502261,0.11198669077495577,184.345654,73.32255555555555,7.268111111111111,80.59055555555557,72.04555555555555,7.141555555555556,79.18688888888889
71,40000,0.26470014978364764,,0.7128873510877652,184.36975733333335,0.006172090839695971,0.26470014978364764,184.36975733333335,73.419,7.286333333333334,80.70533333333333,72.50033333333333,7.1946666666666665,79.695
71,5000,2.0596439162770577,0.0018736581688021548,0.7061880896311273,184.52570766666668,0.010092599582534034,2.0596439162770577,184.52570766666668,73.37466666666667,7.3806666666666665,80.755,71.79433333333334,7.221333333333334,79.01566666666666
71,3000,3.396594636321128,0.001204357043595031,0.7052979507894386,184.663187,0.05422643021117285,3.396594636321128,184.663187,73.44466666666666,7.461666666666667,80.906,72.03433333333334,7.3183333333333325,79.353
71,2000,5.026423274222656,0.0005029949488027232,0.7053812753396608,184.77884400000002,0.019363938296079828,5.026423274222656,184.77884400000002,73.50633333333333,7.550999999999999,81.05766666666666,72.714,7.469666666666666,80.18366666666667
71,1500,6.605911849052361,0.04092507096134248,0.7076504204569318,184.9136691111111,0.010188981032541181,6.605911849052361,184.9136691111111,73.63866666666667,7.649,81.28766666666667,72.123,7.491499999999999,79.6145
71,1000,9.636212385893224,0.06095078555679801,0.7123664516062739,185.14330894444444,0.011045219976517516,9.636212385893224,185.14330894444444,73.72083333333333,7.819333333333333,81.54,72.385,7.677833333333333,80.06283333333333
71,800,11.81951736946703,0.002006353454689561,0.7147649685929699,185.29581488888888,0.009949703347492806,11.81951736946703,185.29581488888888,73.82433333333334,7.9446666666666665,81.769,72.55966666666667,7.808666666666667,80.36833333333333
71,700,13.359282074166893,0.0008501655329641465,0.714778373438603,185.40743977777777,0.014074688788089788,13.359282074166893,185.40743977777777,73.89333333333333,8.033333333333333,81.92666666666666,72.80766666666666,7.915,80.72266666666667
71,600,15.368390586635817,0.004243413655018792,0.7148132550551423,185.55625277777776,0.007954958155691583,15.368390586635817,185.55625277777776,74.04266666666668,8.153666666666666,82.197,74.83333333333333,8.241,83.07433333333334
71,550,16.608804621397102,0.0023807898722263644,0.7147242692825325,185.63168333333337,0.006898763971421023,16.608804621397102,185.63168333333337,74.02033333333334,8.217333333333334,82.23700000000001,74.36066666666666,8.255,82.61566666666666
71,450,19.822140856717237,0.0007972185553415473,0.7147021728454389,185.844695,0.005103112416307083,19.822140856717237,185.844695,74.17133333333334,8.403,82.57466666666666,74.193,8.405666666666667,82.599
71,380,22.936754788732106,0.0014185612849159156,0.714703078281992,186.05118866666666,0.005235104880619644,22.936754788732106,186.05118866666666,74.32166666666667,8.584666666666665,82.90633333333334,74.188,8.569,82.75666666666666
71,340,25.1750410171193,0.0004991264580338066,0.7146871677605068,186.20099477777777,0.011991727613134957,25.1750410171193,186.20099477777777,74.50733333333334,8.723,83.23033333333335,74.854,8.763333333333334,83.61733333333335
71,300,27.992586896131808,0.0014670408252006276,0.7146856179571248,186.3544447777778,0.006040077725153839,27.992586896131808,186.3544447777778,74.54666666666667,8.874666666666666,83.421,74.69266666666665,8.892000000000001,83.58433333333333
71,260,31.425029568195978,0.0017420180987168846,0.7147091079378689,186.59842044444443,0.012282724952497326,31.425029568195978,186.59842044444443,74.711,9.072333333333333,83.78366666666666,74.76266666666668,9.079,83.84166666666667
71,220,35.89368083917898,0.0010470662358591787,0.7146376879920902,186.8743861111111,0.011236272436133576,35.89368083917898,186.8743861111111,74.92966666666668,9.332333333333333,84.26166666666667,74.70666666666666,9.304333333333332,84.01100000000001
71,200,38.605743004735814,0.0010675457126978745,0.7146175826833763,187.03619833333335,0.006021707186919277,38.605743004735814,187.03619833333335,75.04533333333335,9.487666666666668,84.53233333333333,75.26033333333334,9.514666666666667,84.77466666666668
71,180,41.67870164679115,0.002053415824971638,0.7146119436197237,187.22264155555558,0.0041935686385020515,41.67870164679115,187.22264155555558,75.187,9.664666666666667,84.85199999999999,74.91799999999999,9.630333333333333,84.54833333333333
71,160,45.46400156618147,0.0028321632659676814,0.7146127249710869,187.46428933333334,0.006162189248410339,45.46400156618147,187.46428933333334,75.36166666666666,9.883333333333333,85.245,74.96166666666666,9.831333333333333,84.793
71,140,49.92347836047228,0.0026100100010389387,0.7146326514228378,187.72203511111113,0.020904729954762075,49.92347836047228,187.72203511111113,75.596,10.145333333333333,85.74166666666667,73.89466666666667,9.917,83.812
71,120,55.869949700324554,0.0020767208078050353,0.7146186361637555,188.07220355555555,0.016080741529796386,55.869949700324554,188.07220355555555,75.988,10.498666666666667,86.48633333333333,75.61966666666666,10.447333333333333,86.06700000000001
71,100,63.258340479899836,0.001604345942883818,0.7145924350745526,188.56182166666667,0.030537962543908004,63.258340479899836,188.56182166666667,76.29566666666666,10.919666666666666,87.21600000000001,75.74233333333332,10.840666666666666,86.58300000000001
71,90,67.69046400008015,0.004335963323284792,0.7146054221838437,188.8147072222222,0.026487093994242983,67.69046400008015,188.8147072222222,76.53733333333334,11.169333333333334,87.70666666666666,75.88233333333334,11.073666666666668,86.95633333333335
71,80,72.49605654193387,0.006732541297037334,0.7145813716564282,189.08719544444443,0.02599716151243147,72.49605654193387,189.08719544444443,76.83800000000001,11.459666666666665,88.29700000000001,76.655,11.432,88.08766666666666
71,70,78.42727242923021,0.001269792772209932,0.7145584440809568,189.48815533333334,0.06955107376196772,78.42727242923021,189.48815533333334,77.03433333333334,11.787666666666667,88.82266666666665,76.74866666666667,11.744,88.49333333333334
71,65,81.68565635670127,0.011753379130256649,0.7145925124737452,189.66400277777777,0.02938824192378127,81.68565635670127,189.66400277777777,77.32600000000001,11.991,89.31700000000001,76.96166666666666,11.934666666666667,88.89633333333335
71,60,85.60438776880521,0.008912464265433778,0.7145688970211722,189.93372644444443,0.03624042469910067,85.60438776880521,189.93372644444443,77.41933333333334,12.200333333333333,89.62,77.78566666666667,12.258000000000001,90.04366666666665
71,55,89.52247864750616,0.008505745621098815,0.7145546083307067,190.20159033333334,0.028873619616821743,89.52247864750616,190.20159033333334,77.63966666666666,12.427666666666667,90.06700000000001,77.54,12.411666666666667,89.95133333333332
71,50,94.227530717422,0.00371818303292102,0.7145660632901477,190.5321608888889,0.05180639240943477,94.227530717422,190.5321608888889,78.09,12.731666666666667,90.82166666666666,77.88433333333333,12.698,90.58300000000001
71,45,98.50584152439983,0.004979237931866098,0.714562585963173,190.84535755555555,0.04831508176466422,98.50584152439983,190.84535755555555,78.22733333333333,12.962666666666665,91.19,78.052,12.933666666666667,90.98533333333334
71,40,102.75848354432179,0.002487355247723985,0.7145411491008349,191.13441588888887,0.08511725679212083,102.75848354432179,191.13441588888887,78.324,13.191666666666668,91.51533333333333,78.10533333333333,13.155000000000001,91.26033333333334
71,35,108.69684045211574,0.005207910686057659,0.7145143624415239,191.6282061111111,0.20220328930179768,108.69684045211574,191.6282061111111,78.67833333333333,13.533333333333333,92.21133333333334,78.73899999999999,13.543666666666667,92.28266666666667
71,30,114.8763596315939,0.004545642583244243,0.7145430257228741,192.21331833333332,0.12080795479371059,114.8763596315939,192.21331833333332,78.89433333333334,13.890333333333333,92.78433333333334,78.64666666666666,13.846666666666666,92.49366666666667
71,27,119.22874038604243,0.002062448281044057,0.7145425754644763,192.47237955555556,0.12753621090860473,119.22874038604243,192.47237955555556,79.12333333333333,14.143666666666666,93.26666666666667,79.06700000000001,14.133333333333333,93.20033333333333
71,26,127.91132020064966,0.04578207013210548,0.7145339152343214,193.30171377777776,0.022416644513854327,127.91132020064966,193.30171377777776,79.687,14.662333333333335,94.34933333333333,79.83466666666666,14.689666666666668,94.524
71,25,126.43872324547407,0.016924654022240655,0.7145329734309788,193.15622300000004,0.07051402797318183,126.43872324547407,193.15622300000004,79.56,14.568,94.12766666666666,79.781,14.608333333333334,94.38933333333334
71,24,131.0901150080761,0.035555515008884916,0.714528598041745,193.5866901111111,0.11980330501113938,131.0901150080761,193.5866901111111,79.87833333333333,14.840333333333334,94.71900000000001,79.86733333333333,14.838333333333333,94.70566666666666
71,23,135.49842226512473,0.07204089100502514,0.7145412631398415,193.98068966666665,0.08022325849983426,135.49842226512473,193.98068966666665,80.363,15.118333333333334,95.48166666666667,81.128,15.262666666666666,96.39
71,22,140.64317916070445,0.04201322876639454,0.7145327076268465,194.58832866666668,0.05648896461648563,140.64317916070445,194.58832866666668,80.68666666666667,15.400666666666666,96.08800000000001,80.44833333333334,15.355666666666666,95.80366666666667
71,21,147.72787942407712,0.781261482600883,0.7145268426314692,195.31775022222223,0.06344701015664184,147.72787942407712,195.31775022222223,80.77933333333334,15.786666666666667,96.56533333333334,80.56233333333334,15.744,96.30666666666666
71,20,152.08988986086982,0.032376022125093454,0.7145262095513187,195.79605777777775,0.057401352665379546,152.08988986086982,195.79605777777775,81.01066666666667,16.049333333333333,97.06,81.459,16.138,97.59666666666665
71,19,165.79388847959999,0.3572467362361306,0.7145348139321346,197.59347477777783,0.14077812804246811,165.79388847959999,197.59347477777783,81.04766666666667,16.849,97.89633333333332,80.49333333333333,16.733333333333334,97.22666666666667
71,18,165.21149358511494,0.0040640692670412875,0.7145326192258424,197.48807544444443,0.29684689687341326,165.21149358511494,197.48807544444443,81.36633333333333,16.811666666666667,98.17766666666667,80.782,16.691,97.473
71,17,217.68438459002311,0.009590636037422556,0.7145277651132168,205.84245066666665,0.4588412660842308,217.68438459002311,205.84245066666665,82.781,19.916999999999998,102.698,83.51433333333334,20.093333333333334,103.608
71,16,253.55622067400373,0.033986825963604056,0.7145251056480412,212.76104,0.2387592000537966,253.55622067400373,212.76104,83.72699999999999,22.057666666666666,105.78466666666667,91.75933333333334,24.173999999999996,115.93333333333334
71,15,271.0259456133292,0.010158006925310086,0.7145359280782415,216.34320133333333,0.28260475585899225,271.0259456133292,216.34320133333333,83.70100000000001,22.980333333333334,106.68166666666666,87.286,23.96466666666667,111.25033333333333
71,14,290.99650421768564,0.006126745368593152,0.7145221569707331,220.83551966666664,0.32318151942282497,290.99650421768564,220.83551966666664,84.00200000000001,24.130666666666666,108.13266666666668,91.13433333333334,26.179666666666666,117.31366666666668
71,13,314.0428348966896,0.01763631294913517,0.7145318592306925,225.98608366666667,0.38278075197706735,314.0428348966896,225.98608366666667,84.664,25.471,110.13499999999999,92.75133333333333,27.904,120.656
71,12,341.05973280708395,0.36651098527532394,0.7145224120383253,232.5061653333333,0.33450344590618686,341.05973280708395,232.5061653333333,85.71933333333334,27.117333333333335,112.83633333333334,94.08766666666668,29.764333333333337,123.85166666666667
71,11,368.9885862755547,0.025038148955034062,0.7145301455700054,239.3539005555555,0.12462670584914208,368.9885862755547,239.3539005555555,86.498,28.671666666666667,115.17,97.49866666666667,32.318333333333335,129.8166666666667
71,10,411.9957407599793,0.02104078531311929,0.7145272288983356,250.73798499999998,0.060302682047421056,411.9957407599793,250.73798499999998,87.75466666666667,31.219666666666665,118.97433333333333,100.89133333333332,35.893,136.7843333333333
71,9,460.27405722685324,0.022409606927378267,0.7145308805195661,265.822825,0.20220097566888323,460.27405722685324,265.822825,88.63799999999999,34.05266666666667,122.69066666666667,104.48566666666666,40.141333333333336,144.62633333333335
71,8,519.9650622411251,0.02257652216228116,0.7145299088045721,287.95505722222225,0.3494317119967311,519.9650622411251,287.95505722222225,90.51933333333334,37.467666666666666,127.98733333333332,114.99733333333332,47.59966666666667,162.597
71,7,596.0440727027839,0.0054163249727179254,0.7145818754559569,321.35805844444445,0.09466645486147685,596.0440727027839,321.35805844444445,93.10000000000001,41.89633333333333,134.99633333333333,128.684,57.909333333333336,186.59333333333333
71,6,706.8968658274347,0.022424821120254543,0.7145249560294539,382.6585417777778,0.3283289907649824,706.8968658274347,382.6585417777778,97.14133333333332,48.385,145.52633333333333,152.75733333333332,76.08733333333333,228.84466666666665
71,5,838.3012972831675,0.419496792770551,0.7145476083702595,545.1476867777777,1.1838860383229683,838.3012972831675,545.1476867777777,103.952,56.03966666666667,159.99166666666667,219.1626666666667,118.14833333333333,337.3113333333333
71,4,846.734874710246,0.43552833105130445,0.714537949108028,560.0694291111112,0.13890247858130997,846.734874710246,560.0694291111112,104.832,56.535,161.36633333333333,225.8183333333333,121.782,347.5996666666667
71,3,846.9907769055662,0.2409598373427176,0.7145541622398036,559.9055992222222,0.135018828912943,846.9907769055662,559.9055992222222,103.15366666666667,56.53033333333334,159.68366666666668,221.12166666666667,121.17933333333333,342.30133333333333
71,2,846.8903106941485,0.08983755974101781,0.7145571059027521,560.1347995555556,0.07528301263625804,846.8903106941485,560.1347995555556,102.59633333333333,56.55233333333333,159.149,226.857,125.04699999999998,351.90433333333334
71,1,846.9215948987195,0.17578135317483376,0.7145626361472436,559.9554531111111,0.13898687450670902,846.9215948987195,559.9554531111111,98.68833333333333,56.536,155.22466666666665,213.23266666666666,122.15566666666666,335.3883333333333
71,0,847.0698519471044,0.1984806336902223,0.7145586498400748,559.9641464444445,0.2851164243670053,847.0698519471044,559.9641464444445,101.847,56.559000000000005,158.406,220.17566666666667,122.271,342.4463333333333
72,100000,0.11009505825449031,0.0008357713981149916,0.7198921501958105,184.3499622888889,0.01922416464711791,0.11009505825449031,184.3499622888889,73.34538095238095,7.2710952380952385,80.61647619047619,72.2702380952381,7.16452380952381,79.43466666666666
72,40000,0.2611510470955373,0.001562947766932221,0.7200563886986038,184.3627733333333,0.014364166553510959,0.2611510470955373,184.3627733333333,73.3715,7.2815,80.65291666666667,72.27024999999999,7.172083333333333,79.44233333333334
72,5000,2.031941784732439,0.0006470445017234111,0.7160634035516473,184.52182077777778,0.0024416395523527883,2.031941784732439,184.52182077777778,73.37533333333333,7.379333333333332,80.75466666666667,71.756,7.216333333333334,78.97266666666667
72,3000,3.353413856211762,0.0011330551631792882,0.7153395476941672,184.63505377777778,0.008788517637204132,3.353413856211762,184.63505377777778,73.44466666666666,7.457000000000001,80.90133333333334,71.65166666666666,7.274666666666666,78.926
72,2000,4.945005785684952,0.03313210742634571,0.7177731775024627,184.7895188888889,0.0073063955267148725,4.945005785684952,184.7895188888889,73.51566666666666,7.547499999999999,81.063,72.35766666666667,7.428666666666667,79.78633333333333
72,1500,6.54108564880752,0.001237468973403451,0.7151628071389815,184.91487300000003,0.009009426218022231,6.54108564880752,184.91487300000003,73.593,7.641000000000001,81.234,72.00933333333333,7.476666666666667,79.486
72,900,10.587257713306736,,0.7151179489643883,185.20657088888888,0.013825922755351506,10.587257713306736,185.20657088888888,73.766,7.874,81.63966666666666,72.32933333333334,7.7203333333333335,80.04966666666667
72,260,30.897100591326918,0.0015175282006639882,0.7249585486227709,186.55335166666669,0.008126877690728061,30.897100591326918,186.55335166666669,74.882,9.070333333333332,83.95233333333333,79.903,9.678666666666667,89.58166666666666
72,220,35.25400674360259,0.0015822248443517965,0.7249810130170005,186.81212533333328,0.016381816515098034,35.25400674360259,186.81212533333328,74.90933333333334,9.300666666666666,84.209,74.643,9.267000000000001,83.91000000000001
72,200,37.92509357708784,0.0034815536479853174,0.7249480313991628,186.9776436666667,0.009957072232572603,37.92509357708784,186.9776436666667,75.02533333333334,9.454333333333333,84.47966666666666,75.33833333333332,9.493666666666668,84.832
72,180,40.92537199040354,0.0024182247133700814,0.7249815912248966,187.1418268888889,0.012766754439808303,40.92537199040354,187.1418268888889,75.26966666666667,9.641,84.911,74.895,9.593333333333334,84.48833333333333
72,140,48.96202405199358,0.00278559163752307,0.7249663229377963,187.64290622222222,0.013591445227490253,48.96202405199358,187.64290622222222,75.57,10.098,85.66833333333334,73.99366666666667,9.887333333333332,83.881
72,120,54.80378760318441,0.0016284420669158627,0.7249507339366911,188.02247344444444,0.0329753835801885,54.80378760318441,188.02247344444444,75.96466666666667,10.455,86.42,75.747,10.425333333333333,86.17233333333333
72,100,62.00724094665131,0.0028756352165484936,0.7249563995116826,188.39794788888887,0.030440539695036264,62.00724094665131,188.39794788888887,76.248,10.849666666666666,87.09766666666667,75.74866666666667,10.778666666666666,86.527
72,80,70.92702739118646,0.01133330109322943,0.7249832464121573,188.9510908888889,0.025797879719795316,70.92702739118646,188.9510908888889,76.68833333333333,11.366333333333335,88.055,76.29466666666667,11.308,87.60266666666666
72,70,76.7448475683536,0.0032090041966824283,0.7249466998425212,189.2944623333333,0.028291695536517746,76.7448475683536,189.2944623333333,76.97233333333334,11.702,88.67433333333334,76.529,11.634666666666668,88.164
72,65,79.84392536642677,0.004312323272888729,0.7249330465803351,189.5070147777778,0.02945629429123639,79.84392536642677,189.5070147777778,77.16866666666668,11.883000000000001,89.05166666666668,76.635,11.800666666666666,88.43566666666668
72,60,83.73981162090227,0.00453043176355256,0.7249274247307304,189.74251655555557,0.030768208846011197,83.73981162090227,189.74251655555557,77.36466666666666,12.107,89.472,77.25233333333334,12.089666666666666,89.34166666666665
72,55,87.43889990237354,0.0035852733055767366,0.7249261203358351,189.996388,0.058115357552424925,87.43889990237354,189.996388,77.57233333333333,12.320666666666668,89.89299999999999,77.58466666666668,12.322666666666665,89.90733333333333
72,50,92.10339863864755,0.00922391126558021,0.7249454165887658,190.31609533333335,0.026685223185197244,92.10339863864755,190.31609533333335,77.92866666666667,12.608333333333334,90.53699999999999,77.34666666666666,12.514333333333333,89.86133333333333
72,45,96.24476077174165,0.0038466009850635975,0.7249412574197125,190.59321211111111,0.006089760379627227,96.24476077174165,190.59321211111111,78.04200000000002,12.828999999999999,90.87066666666665,78.134,12.844,90.978
72,40,100.3067695007203,0.01622043059826751,0.7249368672098632,190.8968115555556,0.06658082052356168,100.3067695007203,190.8968115555556,78.22,13.063333333333333,91.28333333333335,78.836,13.165999999999999,92.002
72,35,106.1463174652297,0.02114354010762732,0.7249046791289669,191.30188911111108,0.06021315442874726,106.1463174652297,191.30188911111108,78.59766666666667,13.404333333333334,92.00233333333334,78.402,13.371333333333334,91.77300000000001
72,30,112.01616998752236,0.020346727747779767,0.7249190357884056,191.90363666666667,0.08602821011931042,112.01616998752236,191.90363666666667,78.906,13.761333333333333,92.66733333333333,78.704,13.726666666666667,92.43033333333334
72,27,116.01400436406705,0.02928101524270358,0.7249138371883782,192.19051488888894,0.049811701932100105,116.01400436406705,192.19051488888894,79.01033333333334,13.977333333333334,92.98733333333332,78.721,13.926,92.64733333333334
72,26,123.83243895675308,0.050544601062133376,0.7249111154180384,192.83052577777775,0.027923860844819803,123.83243895675308,192.83052577777775,79.43733333333334,14.427333333333332,93.86500000000001,79.36466666666666,14.414000000000001,93.77866666666667
72,25,123.0190361087465,0.004023972071421443,0.724910218225157,192.75552755555557,0.027995283994374457,123.0190361087465,192.75552755555557,79.41933333333334,14.389000000000001,93.80866666666667,79.95,14.485333333333335,94.435
72,24,127.6771294609465,0.008563200092188325,0.7249116396458476,193.16765422222224,0.03734497092774416,127.6771294609465,193.16765422222224,79.82466666666666,14.677666666666667,94.50233333333334,80.04433333333333,14.717666666666666,94.76233333333334
72,23,131.82392696288852,0.042168625909317206,0.7249096868834254,193.6125811111111,0.08431927518950552,131.82392696288852,193.6125811111111,80.151,14.913333333333334,95.06433333333332,79.79766666666666,14.847666666666667,94.64533333333334
72,22,136.91140124126787,0.08680142034954723,0.7249045987625848,194.15465188888888,0.036132330178774576,136.91140124126787,194.15465188888888,80.54333333333334,15.203000000000001,95.746,80.62400000000001,15.217999999999998,95.84166666666665
72,21,143.51639775721483,0.011433675950246682,0.7249040079545369,194.8569443333333,0.15154748506768825,143.51639775721483,194.8569443333333,80.63533333333334,15.583,96.218,80.768,15.609,96.37666666666667
72,20,147.94766093545704,0.051513481488019285,0.7249159059307103,195.44801699999996,0.1244853538497683,147.94766093545704,195.44801699999996,80.98966666666666,15.859,96.849,81.33266666666667,15.926333333333332,97.25866666666667
72,19,160.27982789666444,0.04547703372970284,0.7249053778100766,196.88804633333334,0.05322270920806241,160.27982789666444,196.88804633333334,80.90733333333333,16.55366666666667,97.46066666666667,81.271,16.628,97.89866666666667
72,18,160.80593686545396,0.004440853680508396,0.7249058290274216,197.071193,0.27907299814524417,160.80593686545396,197.071193,81.226,16.584666666666667,97.81133333333332,80.62599999999999,16.462,97.08800000000001
72,17,208.09951049145994,0.009798235953491455,0.7249063699732258,204.22276333333332,0.1502216913309646,208.09951049145994,204.22276333333332,82.40333333333334,19.364333333333335,101.76766666666667,82.967,19.497333333333334,102.46433333333333
72,16,245.47862898694106,0.013717192513291095,0.7249088899930114,211.9849058888889,0.6598592297026794,245.47862898694106,211.9849058888889,83.20966666666668,21.551666666666666,104.76133333333333,83.78699999999999,21.701000000000004,105.488
72,15,262.30195105716626,0.015668469057196006,0.7249121319360238,214.9283826666667,0.05376637694797419,262.30195105716626,214.9283826666667,83.49766666666666,22.534666666666666,106.032,85.25933333333333,23.01,108.26966666666665
72,14,281.648953817306,0.013862868121558068,0.72491339716198,219.41605655555554,0.4445530124181494,281.648953817306,219.41605655555554,83.831,23.665666666666667,107.497,90.48933333333333,25.545,116.03433333333334
72,13,303.5461962577147,0.0022748974988368044,0.7249113846734824,223.8097721111111,0.5132904418185233,303.5461962577147,223.8097721111111,84.351,24.91633333333333,109.267,92.301,27.264333333333337,119.56533333333334
72,12,330.31914351254375,0.0120939489683187,0.7249102134091295,230.33593588888888,0.0766250799544952,330.31914351254375,230.33593588888888,85.20133333333332,26.476,111.677,93.51133333333333,29.058000000000003,122.56966666666666
72,11,357.8090824932679,0.06428709381183782,0.724908430161908,236.6897856666667,0.5690740723704907,357.8090824932679,236.6897856666667,86.17199999999998,28.081666666666667,114.25366666666667,96.85700000000001,31.563999999999997,128.42100000000002
72,10,399.3878312864563,0.0214001561965576,0.7249156014027349,247.06167511111116,0.3490134534459207,399.3878312864563,247.06167511111116,87.06466666666667,30.517,117.582,98.218,34.42633333333333,132.64433333333332
72,9,446.7541245718418,0.019380563019331845,0.7249077714491817,261.083709,0.23816958240879338,446.7541245718418,261.083709,88.12666666666667,33.292,121.41866666666665,102.43666666666667,38.69766666666666,141.13466666666667
72,8,504.7534454915405,0.01637272672746007,0.7249075534993743,281.2922145555556,0.1393498670673889,504.7534454915405,281.2922145555556,89.99733333333332,36.66866666666667,126.666,112.05933333333333,45.65766666666667,157.71733333333333
72,7,581.2326651244206,0.04730183648955623,0.7249009308897044,314.18291144444447,0.5139371528962695,581.2326651244206,314.18291144444447,92.855,41.18066666666667,134.036,134.535,59.66533333333333,194.20066666666665
72,6,685.5096344923386,0.21451540970950692,0.7249095132458633,367.85135544444444,0.2964416349257924,685.5096344923386,367.85135544444444,96.54566666666666,47.26066666666666,143.80633333333333,144.38766666666666,70.67999999999999,215.06766666666667
72,5,825.6546058916023,0.41898310908265807,0.7249171877912081,514.9621128888889,1.3694270100354555,825.6546058916023,514.9621128888889,103.28399999999999,55.514,158.798,205.69033333333334,110.556,316.2463333333333
72,4,848.2206377816011,0.09523684689846589,0.7249034563735677,555.6077397777777,0.046198757155389826,848.2206377816011,555.6077397777777,104.91066666666667,56.691,161.60166666666666,225.64866666666668,121.93466666666666,347.5833333333333
72,3,848.3284894171215,0.5714122203747521,0.7248935118520609,555.5262758888889,0.09863679648890243,848.3284894171215,555.5262758888889,103.52066666666667,56.824999999999996,160.34533333333334,220.74933333333334,121.17433333333334,341.924
72,2,848.1059152479735,0.31397051971478884,0.724882267636325,555.2986259999999,0.16967460516755212,848.1059152479735,555.2986259999999,102.82566666666666,56.782000000000004,159.60766666666666,219.47033333333334,121.19533333333334,340.6653333333333
72,1,848.204883627283,0.029125105690771383,0.7249033817166795,555.079527,0.16283593216112296,848.204883627283,555.079527,98.97766666666666,56.76499999999999,155.74266666666665,211.31066666666666,121.18900000000001,332.49966666666666
72,0,848.2035943384308,0.1990733063251432,0.724892171730843,555.209441,0.3104099931855271,848.2035943384308,555.209441,102.01766666666667,56.72733333333334,158.745,222.37333333333333,123.651,346.02400000000006
74,100000,0.10729207350062227,0.0006703796935753779,0.7404486934731596,184.33424555555555,0.008839015030173147,0.10729207350062227,184.33424555555555,73.34006666666666,7.270866666666667,80.6108,72.06840000000001,7.144933333333333,79.21326666666667
74,40000,0.2545790309518661,0.001359268209514992,0.7376121107035236,184.35614344444443,0.0025637263099990188,0.2545790309518661,184.35614344444443,73.42866666666667,7.287,80.71566666666666,72.03150000000001,7.148166666666666,79.17966666666666
74,5000,1.9748133036975244,0.00280441804456132,0.7371514848956027,184.52514599999998,0.008896853420069718,1.9748133036975244,184.52514599999998,73.39066666666666,7.3790000000000004,80.77,71.05066666666667,7.143666666666667,78.19433333333333
74,3000,3.257368887534957,0.0025066789055554223,0.7364627324876812,184.62488422222222,0.021761706888546523,3.257368887534957,184.62488422222222,73.53866666666666,7.463333333333334,81.002,76.91933333333334,7.8066666666666675,84.72566666666667
74,2000,4.822349806257135,0.00347177924194244,0.7364404361392364,184.78637733333335,0.013055145460720445,4.822349806257135,184.78637733333335,73.51466666666667,7.542999999999999,81.058,72.13133333333333,7.4013333333333335,79.53266666666667
74,1500,6.358887085114534,0.0019892756397241586,0.7359308745872117,184.89605122222224,0.0033424697012479857,6.358887085114534,184.89605122222224,73.587,7.633,81.22,71.848,7.452333333333333,79.30033333333334
74,1000,9.337473412570722,0.0026550028236847155,0.7359553333728678,185.1138491111111,0.010091145295281679,9.337473412570722,185.1138491111111,73.722,7.805666666666667,81.52733333333333,72.08,7.631666666666667,79.71166666666666
74,900,10.29472456806594,0.004920311603999504,0.7359193433862844,185.19579933333333,0.012830058616831378,10.29472456806594,185.19579933333333,73.76299999999999,7.861,81.62366666666667,72.21466666666667,7.696000000000001,79.91033333333333
74,800,11.489197879173858,0.004227802362501962,0.7357578093083941,185.27068633333337,0.01672777678991866,11.489197879173858,185.27068633333337,73.81166666666667,7.928999999999999,81.74066666666666,72.38966666666667,7.776666666666666,80.166
74,700,12.986124753462533,0.001271252860861285,0.7358107360702645,185.37666255555555,0.00945259982066961,12.986124753462533,185.37666255555555,73.87833333333333,8.016,81.894,72.58033333333333,7.875,80.45533333333334
74,600,14.944779115347904,0.00180650762758708,0.7357389852348062,185.50870677777777,0.015489933768361091,14.944779115347904,185.50870677777777,74.04933333333334,8.137333333333332,82.18666666666667,74.18666666666667,8.152333333333333,82.33933333333333
74,550,16.146264131276848,0.004362459083073687,0.7357503077653887,185.58928355555557,0.0050483706979076726,16.146264131276848,185.58928355555557,74.10433333333333,8.215333333333334,82.31966666666666,79.80566666666667,8.847,88.65266666666666
74,450,19.27708889559531,0.0017974208531910852,0.7357677462633244,185.78746455555554,0.014915784854127142,19.27708889559531,185.78746455555554,74.157,8.378666666666668,82.53566666666667,73.83366666666667,8.342333333333334,82.176
74,380,22.301971026016247,0.0033885027402783224,0.7357154228261432,185.99884322222223,0.01144958943626621,22.301971026016247,185.99884322222223,74.47633333333333,8.576,83.05233333333334,79.91233333333334,9.202333333333334,89.11500000000001
74,340,24.483028485499716,0.0009875111503898381,0.7357332355349747,186.1176941111111,0.006024906180283118,24.483028485499716,186.1176941111111,74.39533333333334,8.680666666666665,83.07666666666667,74.44233333333334,8.686333333333332,83.129
74,300,27.196573771417466,0.0021873198013903495,0.7356964345865423,186.2954035555555,0.014300450615786966,27.196573771417466,186.2954035555555,74.528,8.839333333333334,83.36733333333333,74.13966666666667,8.793,82.93299999999999
74,260,30.53055993142259,0.0014482110723402575,0.7356844128333596,186.5126595555556,0.00799472488119512,30.53055993142259,186.5126595555556,74.67733333333334,9.031666666666666,83.70866666666667,74.637,9.026666666666666,83.66366666666667
74,220,34.880731836197356,0.004429560288122833,0.7356598227921639,186.7586261111111,0.02276949624519027,34.880731836197356,186.7586261111111,74.89433333333334,9.285666666666666,84.18033333333334,74.36466666666666,9.22,83.58466666666666
74,200,37.567521123442994,0.002011207321901145,0.735666645607239,186.9243691111111,0.015559519345377344,37.567521123442994,186.9243691111111,75.00666666666667,9.44,84.447,75.45333333333333,9.496333333333334,84.949
74,180,40.53663211548213,0.00895307972262136,0.7356507887464346,187.09881544444443,0.010671751862473398,40.53663211548213,187.09881544444443,75.15733333333334,9.613666666666667,84.771,74.776,9.565,84.341
74,160,44.192268436094366,0.0019588821379041338,0.7356260115257047,187.32596122222222,0.00891394743788908,44.192268436094366,187.32596122222222,75.41533333333332,9.838,85.25333333333333,75.18633333333334,9.808,84.99433333333333
74,140,48.49783366792126,0.0028865907438763113,0.7356472101066136,187.5790724444444,0.04216002893781551,48.49783366792126,187.5790724444444,75.601,10.092,85.69333333333334,76.16333333333334,10.167333333333334,86.33066666666667
74,120,54.29824534162697,0.004642302603933263,0.7356090276018762,187.9199498888889,0.024443893634961775,54.29824534162697,187.9199498888889,75.92833333333333,10.426666666666668,86.355,75.49566666666668,10.367333333333333,85.86266666666667
74,100,61.538931443839004,0.0020030373413841445,0.7356457071450918,188.34227099999998,0.02091207792428531,61.538931443839004,188.34227099999998,76.226,10.833666666666668,87.06,75.491,10.729333333333335,86.22033333333333
74,90,65.79841219567214,0.005302407798920555,0.7356105587123382,188.56185744444443,0.012990846479722979,65.79841219567214,188.56185744444443,76.45633333333332,11.081000000000001,87.53699999999999,75.98366666666668,11.012333333333332,86.99633333333334
74,80,70.45923837946756,0.004776820804026891,0.7356271494148348,188.8397711111111,0.011774450123210631,70.45923837946756,188.8397711111111,76.65066666666667,11.350999999999999,88.00099999999999,76.219,11.286666666666667,87.50533333333334
74,70,76.3440139462423,0.005450568187402218,0.735607933794156,189.22073733333335,0.058973005115312234,76.3440139462423,189.22073733333335,76.94433333333333,11.692333333333332,88.63666666666666,76.54899999999999,11.632,88.18133333333333
74,65,79.45806154604162,0.008291721120197227,0.7355953535847819,189.41755111111107,0.025922937119979988,79.45806154604162,189.41755111111107,77.13799999999999,11.872666666666667,89.01066666666668,76.65866666666666,11.799,88.45733333333334
74,60,83.41259671173295,0.009800910757431544,0.7355886432409088,189.66271877777777,0.037168548102362045,83.41259671173295,189.66271877777777,77.43933333333332,12.116333333333335,89.556,77.48933333333333,12.124,89.61333333333333
74,55,87.13417096491197,0.017264941942991323,0.7356122154749379,189.8969322222222,0.03478316145993515,87.13417096491197,189.8969322222222,77.557,12.318333333333333,89.87533333333333,77.12866666666666,12.250333333333332,89.379
74,50,91.95892268362331,0.020541596312033346,0.7355956048171611,190.23967299999995,0.06017931132136988,91.95892268362331,190.23967299999995,77.81966666666666,12.598999999999998,90.419,77.41933333333334,12.534333333333334,89.95366666666666
74,45,96.24442987319617,0.00496828880598906,0.7355760978509794,190.55032577777777,0.05594498095283744,96.24442987319617,190.55032577777777,78.052,12.845999999999998,90.89800000000001,77.734,12.793999999999999,90.528
74,40,100.35416869963028,0.012318499649609923,0.7355916696285041,190.8308267777778,0.04963496586337196,100.35416869963028,190.8308267777778,78.24566666666666,13.086666666666666,91.33233333333332,77.815,13.014333333333333,90.82966666666665
74,35,106.3331844478907,0.011412177908350056,0.73557287256684,191.31745733333332,0.06451038695780068,106.3331844478907,191.31745733333332,78.611,13.432666666666668,92.04333333333334,78.39166666666667,13.395000000000001,91.78666666666668
74,30,112.08990271326734,0.004709429825262185,0.7355738926535741,191.7981918888889,0.18524516396153842,112.08990271326734,191.7981918888889,78.818,13.767666666666665,92.58566666666667,78.504,13.712333333333333,92.21633333333334
74,27,116.1481722347675,0.013065531581701926,0.7355632471307052,192.24585177777774,0.2977008636183969,116.1481722347675,192.24585177777774,79.00033333333333,14.001666666666665,93.002,78.893,13.982666666666667,92.87599999999999
74,26,124.21833704873966,0.05003624820356738,0.7355586157123053,192.79987155555557,0.04067142267865794,124.21833704873966,192.79987155555557,79.46766666666666,14.478,93.94599999999998,79.12566666666667,14.415999999999999,93.54133333333334
74,25,123.18560895696542,0.0030884189014824676,0.7355700463050763,192.65084333333334,0.0398824636442132,123.18560895696542,192.65084333333334,79.43599999999999,14.417333333333332,93.85333333333334,79.77766666666668,14.479333333333335,94.25733333333334
74,24,127.80796796166891,0.0024635531621537594,0.7355677318557922,193.12841988888889,0.07358585895579992,127.80796796166891,193.12841988888889,79.746,14.689333333333332,94.43466666666667,79.916,14.720333333333334,94.63666666666667
74,23,131.92225432500993,0.035471358758927145,0.7355726620804323,193.56132988888888,0.05802431667683724,131.92225432500993,193.56132988888888,80.12033333333333,14.929666666666668,95.04966666666667,80.56233333333334,15.012,95.57433333333334
74,22,136.8841285227072,0.01907308117389939,0.7355689638966307,194.04780277777778,0.13704663719145999,136.8841285227072,194.04780277777778,80.54966666666667,15.222666666666667,95.77233333333334,80.55666666666666,15.223999999999998,95.78099999999999
74,21,143.59464206644398,0.033635687312800984,0.7355660875595639,194.86089711111114,0.058840228066570646,143.59464206644398,194.86089711111114,80.63866666666667,15.610333333333335,96.24866666666667,80.512,15.586,96.09766666666667
74,20,147.75524069910904,0.01764763069438855,0.7355798468273239,195.19117055555557,0.021126699995553427,147.75524069910904,195.19117055555557,81.07466666666666,15.888,96.96266666666666,87.152,17.079,104.23033333333335
74,19,160.90896027501995,0.04583352200274584,0.7355666015967909,196.9415125555556,0.03576963892799191,160.90896027501995,196.9415125555556,80.90666666666667,16.624333333333336,97.53133333333334,81.055,16.654666666666667,97.71
74,18,160.5302880836333,0.004352728966989454,0.7355699840520513,197.1940694444444,0.32660621685148,160.5302880836333,197.1940694444444,81.244,16.596333333333334,97.84033333333332,80.65466666666667,16.476,97.13100000000001
74,17,211.80181875217968,0.011005615556456723,0.7355664042036086,205.1631664444444,0.08497997856840735,211.80181875217968,205.1631664444444,82.49733333333334,19.618333333333336,102.11566666666666,83.007,19.73966666666667,102.74666666666667
74,16,246.42256172947268,0.007719794883130691,0.7355705417329378,212.14383888888892,0.11131756807459944,246.42256172947268,212.14383888888892,83.24066666666666,21.645666666666667,104.88666666666666,84.528,21.980666666666668,106.509
74,15,263.3465552286079,0.005372782937849438,0.7355726269028128,215.37619599999996,0.23179645085794587,263.3465552286079,215.37619599999996,83.51766666666667,22.63,106.14799999999998,85.59400000000001,23.192666666666668,108.78699999999999
74,14,282.7703940089185,0.011964996208483944,0.735577156099153,220.166424,1.0940877998850307,282.7703940089185,220.166424,83.87833333333333,23.778000000000002,107.65633333333334,90.42366666666668,25.633333333333336,116.05666666666666
74,13,305.24867326575463,0.009931914875080954,0.735573700931314,224.9339636666667,0.29148292998407627,305.24867326575463,224.9339636666667,84.389,25.066,109.455,92.41000000000001,27.448333333333334,119.85833333333333
74,12,331.65995285951226,0.013009367042497328,0.7355710377244401,231.02549622222224,0.5013741564160696,331.65995285951226,231.02549622222224,85.242,26.613666666666663,111.85533333333335,93.40433333333334,29.162333333333333,122.56666666666666
74,11,358.85516842693755,0.005996636292397895,0.7355730496821687,237.71914644444442,0.4365947996283241,358.85516842693755,237.71914644444442,86.34933333333333,28.265666666666664,114.61433333333333,104.21199999999999,34.113,138.32466666666667
74,10,400.95519180477817,0.015548755790514415,0.7355715790275142,247.71004422222222,0.5020757466507413,400.95519180477817,247.71004422222222,87.46466666666667,30.700333333333333,118.16466666666668,107.46066666666667,37.71933333333333,145.17999999999998
74,9,446.93037721462684,0.03914855219637956,0.7355708875205579,261.272648,0.8023471663016857,446.93037721462684,261.272648,88.57099999999998,33.37366666666667,121.94466666666666,103.711,39.07833333333333,142.78966666666668
74,8,505.8202699670712,0.050159942193028675,0.7355654718418215,280.87383355555556,0.5591681332426446,505.8202699670712,280.87383355555556,90.081,36.81133333333333,126.89233333333334,112.58966666666667,46.00966666666667,158.59933333333333
74,7,583.6825275746406,0.03412944154651202,0.7356027394164254,313.07913866666667,0.32842980747916184,583.6825275746406,313.07913866666667,93.21733333333333,41.449666666666666,134.66633333333334,123.55466666666666,54.93866666666667,178.49300000000002
74,6,688.0581102663731,0.03075805027432203,0.7355670472200057,367.1242114444444,0.591445995471775,688.0581102663731,367.1242114444444,96.83066666666667,47.52266666666667,144.35333333333332,145.30566666666667,71.31333333333333,216.61866666666666
74,5,826.0037524801347,0.2759108508778696,0.7355745368080412,508.8046598888888,0.28885861795668594,826.0037524801347,508.8046598888888,103.57533333333333,55.629,159.20433333333332,201.56199999999998,108.25599999999999,309.8183333333333
74,4,849.9016574528797,0.14915130020369588,0.7355494175728884,550.9811022222223,0.39519619364651465,849.9016574528797,550.9811022222223,105.26733333333334,57.01333333333333,162.28066666666666,224.29999999999998,121.48200000000001,345.782
74,3,849.9183537583216,0.11418917582513952,0.7355392011727345,551.1505106666667,0.2047588958631564,849.9183537583216,551.1505106666667,103.76766666666667,56.99666666666667,160.76433333333333,220.68500000000003,121.21633333333334,341.9013333333333
74,2,849.9310624336655,0.3404780422128251,0.7355589356182709,550.9944298888889,0.21028615770687367,849.9310624336655,550.9944298888889,103.46266666666666,57.028,160.49066666666667,220.70299999999997,121.64999999999999,342.35266666666666
74,1,849.8347191230882,0.2269291029258516,0.7355710889909753,550.9644543333334,0.31383200847793286,849.8347191230882,550.9644543333334,99.23333333333335,57.006,156.23966666666666,232.047,133.30433333333335,365.35099999999994
74,0,849.8060086668639,0.0017807066822024269,0.7355524212259862,550.4550607777777,0.028532758485844956,849.8060086668639,550.4550607777777,102.20233333333333,56.976333333333336,159.17933333333335,238.4126666666667,132.91333333333333,371.326
75,100000,0.10606789243267081,0.0006466263747087792,0.7506182010219369,184.34683800000002,0.01654387441858022,0.10606789243267081,184.34683800000002,73.32677777777778,7.268222222222223,80.59488888888889,71.85755555555555,7.1226666666666665,78.9801111111111
75,40000,0.2508306634499297,0.0011873035919106462,0.7513344166838333,184.3511661111111,0.02318185544356281,0.2508306634499297,184.3511661111111,73.365,7.281,80.64588888888889,73.64777777777778,7.308888888888889,80.95666666666666
75,5000,1.948228342438739,0.0012735178743693062,0.7471760670031588,184.5158547777778,0.013888977377505156,1.948228342438739,184.5158547777778,73.47533333333332,7.3870000000000005,80.86233333333332,76.75466666666667,7.717,84.47133333333333
75,3000,3.207477265464108,0.003120416577425374,0.7473081335244536,184.63555422222223,0.011285019767313437,3.207477265464108,184.63555422222223,73.44533333333332,7.450333333333333,80.896,71.63333333333334,7.267,78.90033333333334
75,2000,4.753833369123708,0.00150427759502486,0.7466460244399563,184.7697753333333,0.004007311373500139,4.753833369123708,184.7697753333333,73.507,7.539000000000001,81.046,72.32866666666666,7.417666666666666,79.747
75,1500,6.261541165173941,0.00046343614280785784,0.7469339799645134,184.90325455555555,0.005671037856560048,6.261541165173941,184.90325455555555,73.676,7.637333333333333,81.31333333333333,71.97066666666667,7.460333333333334,79.431
75,1000,9.195383434365185,0.000777182213690638,0.7466907403943401,185.1189501111111,0.009373913876827346,9.195383434365185,185.1189501111111,73.711,7.797666666666667,81.50866666666667,72.205,7.638333333333333,79.84333333333333
75,900,10.138703838041375,0.003277001705640072,0.7466639319211028,185.1752271111111,0.01623460094410623,10.138703838041375,185.1752271111111,73.759,7.853000000000001,81.61233333333332,72.21433333333334,7.688333333333333,79.903
75,800,11.308042728447896,0.001673422753309559,0.7466794216852168,185.26281200000003,0.014343356561277536,11.308042728447896,185.26281200000003,73.80733333333335,7.925333333333334,81.73266666666666,72.59266666666667,7.794999999999999,80.38833333333334
75,700,12.78114201450623,0.0008220155707662506,0.7467404973288341,185.3623971111111,0.0235951492433297,12.78114201450623,185.3623971111111,73.88,8.006333333333332,81.88633333333333,72.29,7.8340000000000005,80.12400000000001
75,600,14.705415406925752,0.0013397257933667702,0.746761619984281,185.49817755555557,0.018299456349939663,14.705415406925752,185.49817755555557,73.95,8.116,82.06599999999999,73.84566666666667,8.104666666666667,81.95033333333333
75,550,15.892000495097477,0.002992716858224904,0.7466529900333937,185.5773568888889,0.008941672850779247,15.892000495097477,185.5773568888889,74.01033333333334,8.185,82.195,73.90833333333333,8.173666666666668,82.08200000000001
75,450,18.96365246199395,0.004397178685520247,0.7466923456521787,185.77658800000003,0.003974469873809784,18.96365246199395,185.77658800000003,74.24566666666668,8.374,82.61966666666666,73.89633333333335,8.334666666666665,82.23066666666666
75,380,21.926911262009067,0.0008483785929896468,0.7466340795869592,185.96333788888887,0.013831683437113758,21.926911262009067,185.96333788888887,74.28966666666668,8.536333333333333,82.82600000000001,74.161,8.521333333333333,82.68233333333335
75,340,24.08042951109073,0.0016929669406383478,0.7465933559221701,186.0953793333333,0.015237882314963782,24.08042951109073,186.0953793333333,74.49,8.672666666666666,83.16266666666667,74.32933333333334,8.654000000000002,82.98366666666666
75,300,26.7260106464479,0.004894679085215928,0.7466499492157586,186.28228933333335,0.03886203850516192,26.7260106464479,186.28228933333335,74.485,8.816666666666666,83.302,76.85366666666665,9.097666666666667,85.95133333333332
75,260,30.010084734161683,0.0015742877502058297,0.7465515223148769,186.4354781111111,0.02761354672442719,30.010084734161683,186.4354781111111,74.667,9.006,83.67366666666668,74.49033333333334,8.984666666666667,83.47500000000001
75,220,34.250300797748544,0.0009676063704608231,0.7464847477378281,186.70476944444445,0.005485239327639001,34.250300797748544,186.70476944444445,74.874,9.253333333333332,84.12733333333334,74.81133333333334,9.245333333333333,84.05666666666666
75,200,36.89805731072922,0.0019837503424793156,0.7465609898572964,186.86909133333336,0.01621280881825594,36.89805731072922,186.86909133333336,75.08266666666667,9.417666666666667,84.50033333333333,75.70066666666666,9.495333333333333,85.19600000000001
75,180,39.810617047711155,0.0006928745619241408,0.7465414852332296,187.02774566666668,0.004097452962233861,39.810617047711155,187.02774566666668,75.234,9.590333333333334,84.824,80.33166666666666,10.240666666666668,90.57233333333333
75,160,43.35337170172846,0.003750076518375123,0.7465216323221515,187.24859,0.017727939646544937,43.35337170172846,187.24859,75.304,9.783333333333333,85.08699999999999,75.03466666666667,9.748,84.78266666666667
75,140,47.557445955143486,0.002228510476832977,0.7465313921758142,187.48682688888888,0.017402890696460494,47.557445955143486,187.48682688888888,75.61066666666666,10.043666666666667,85.65500000000002,74.16266666666667,9.851333333333333,84.014
75,120,53.26149247854778,0.0016926176211983692,0.7465076158418159,187.81356177777775,0.010016626036173738,53.26149247854778,187.81356177777775,75.81233333333334,10.362,86.17466666666667,75.12033333333333,10.267333333333333,85.38766666666668
75,100,60.32449234667948,0.0023567809752011682,0.7465030541115422,188.20866288888888,0.01187108682347346,60.32449234667948,188.20866288888888,76.19766666666668,10.773666666666665,86.97033333333333,75.25233333333334,10.64,85.892
75,90,64.496591778008,0.006394643941919527,0.7464691825798574,188.4522761111111,0.02500993143253492,64.496591778008,188.4522761111111,76.42766666666667,11.014666666666665,87.44233333333334,76.00566666666667,10.954333333333333,86.96033333333332
75,80,68.94683509080373,0.0018715270352719301,0.746483291285193,188.70973633333332,0.010598251464807055,68.94683509080373,188.70973633333332,76.57433333333334,11.272666666666666,87.84633333333333,79.41166666666666,11.690333333333333,91.10199999999999
75,70,74.77631060596887,0.0025508110763928994,0.7464843087887578,189.07573177777775,0.00460423758117609,74.77631060596887,189.07573177777775,77.01533333333333,11.629333333333333,88.64466666666665,76.32833333333333,11.525666666666666,87.854
75,65,77.6763709379445,0.004339545960941884,0.7464852320298369,189.25267822222222,0.019314637455481107,77.6763709379445,189.25267822222222,77.09733333333334,11.782000000000002,88.87933333333332,76.61233333333332,11.708,88.32000000000001
75,60,81.61789883233439,0.0024925299373463293,0.7464653673195251,189.49799055555556,0.05607562634546402,81.61789883233439,189.49799055555556,77.30499999999999,12.010666666666665,89.31599999999999,77.64999999999999,12.064333333333332,89.71466666666667
75,55,85.135650046767,0.0018134642574773074,0.7464693994285218,189.7349438888889,0.09900588554577015,85.135650046767,189.7349438888889,77.52066666666667,12.217666666666666,89.738,77.141,12.157666666666666,89.29899999999999
75,50,89.92062102494235,0.010652641865907971,0.7464741391458741,189.99468522222222,0.025369155134887324,89.92062102494235,189.99468522222222,77.95766666666667,12.526000000000002,90.48366666666668,83.12366666666667,13.356333333333334,96.48
75,45,94.06321934771857,0.011947228322572787,0.7464636347393417,190.3270083333333,0.05391995276643576,94.06321934771857,190.3270083333333,78.005,12.735999999999999,90.74133333333333,77.70233333333333,12.687,90.38966666666666
75,40,98.1176542376495,0.004888576520350257,0.7464598954232365,190.5920518888889,0.03295447988485495,98.1176542376495,190.5920518888889,78.27866666666667,12.988333333333335,91.267,84.07933333333334,13.950666666666669,98.03066666666666
75,35,103.80961741958428,0.0043712358312088025,0.7464518923601128,191.00511833333334,0.007397877676151011,103.80961741958428,191.00511833333334,78.55766666666666,13.304333333333332,91.86200000000001,78.48333333333333,13.291666666666666,91.77499999999999
75,30,109.48375107102451,0.007979023485074468,0.746436687871794,191.3728491111111,0.012351395064395485,109.48375107102451,191.3728491111111,78.85033333333332,13.65,92.50099999999999,79.08,13.689666666666668,92.76966666666665
75,27,112.99534808538027,0.017999790641315513,0.7464314890084406,191.8451812222222,0.036680026187946455,112.99534808538027,191.8451812222222,78.927,13.839333333333334,92.766,79.00233333333334,13.852666666666666,92.855
75,26,120.73878643492748,0.056280124023588375,0.7464301343415594,192.39417955555555,0.023699833802373484,120.73878643492748,192.39417955555555,79.49066666666667,14.312333333333333,93.80333333333333,85.36066666666666,15.369666666666665,100.73
75,25,119.69104023063623,0.010179759499080896,0.7464258667598692,192.32044955555557,0.027655012333167434,119.69104023063623,192.32044955555557,79.28066666666666,14.229,93.50933333333334,79.77166666666666,14.317,94.08866666666667
75,24,124.22065190489188,0.020655635918730073,0.7464264007871139,192.72726388888887,0.02117949541247427,124.22065190489188,192.72726388888887,79.60833333333333,14.499666666666664,94.10766666666666,80.29233333333333,14.624333333333334,94.91699999999999
75,23,128.25986710857285,0.014492934817548337,0.7464214773743963,193.227921,0.15587212054794417,128.25986710857285,193.227921,79.99900000000001,14.742666666666667,94.742,80.03633333333333,14.749666666666668,94.786
75,22,133.09757351254765,0.04341904247939074,0.7464340714351324,193.56031722222224,0.05510714141092033,133.09757351254765,193.56031722222224,80.517,15.043666666666667,95.56066666666668,80.41733333333333,15.025333333333334,95.44266666666665
75,21,139.61257814470113,0.017694883454947172,0.7464511418633784,194.340777,0.0961760420796762,139.61257814470113,194.340777,80.569,15.399000000000001,95.968,80.41466666666666,15.369666666666667,95.78433333333334
75,20,143.67979239338027,0.0253113879787559,0.7464471616587209,194.70417944444443,0.04832809734895434,143.67979239338027,194.70417944444443,80.77133333333333,15.637333333333332,96.40866666666666,80.41433333333333,15.568,95.98233333333333
75,19,156.4454916602859,0.09664042807479492,0.7464444477982832,196.2051256666667,0.14972186145314298,156.4454916602859,196.2051256666667,80.79133333333334,16.387333333333334,97.17866666666667,80.238,16.275333333333332,96.51333333333332
75,18,156.22304682380533,0.003894460068848764,0.7464383739051846,196.29297033333333,0.30608864942255026,156.22304682380533,196.29297033333333,81.11866666666667,16.370666666666665,97.48833333333334,80.782,16.302333333333333,97.08466666666668
75,17,201.92139834617137,0.005587632577143567,0.7464459109792503,202.90729477777776,0.17405095836702283,201.92139834617137,202.90729477777776,82.20866666666667,19.06833333333333,101.277,82.83433333333333,19.212999999999997,102.04766666666667
75,16,238.28583490023243,0.01738337013970861,0.7464355825432579,210.03485777777777,0.05931818689100946,238.28583490023243,210.03485777777777,82.98533333333334,21.211333333333332,104.197,83.58533333333334,21.364666666666665,104.94966666666666
75,15,254.62981151819884,0.012538946221602518,0.7464396549199379,213.90433155555556,0.17799629468344272,254.62981151819884,213.90433155555556,83.23633333333333,22.161666666666665,105.39833333333333,85.25166666666667,22.698333333333334,107.95
75,14,273.38694509103544,0.005622658026326854,0.7464363535431451,217.56464933333334,0.5099708350193317,273.38694509103544,217.56464933333334,83.455,23.244,106.69933333333331,89.93966666666665,25.05,114.98966666666666
75,13,294.8732446305285,0.011005357200647034,0.746445975483002,222.16660155555556,0.43910853177446835,294.8732446305285,222.16660155555556,84.24766666666666,24.540999999999997,108.788,98.29666666666667,28.633333333333336,126.92966666666666
75,12,320.65173649851477,0.01884618398898691,0.7464386408951036,228.08549277777777,0.19909640188846117,320.65173649851477,228.08549277777777,84.88433333333333,26.017,110.901,93.831,28.75933333333333,122.59066666666666
75,11,349.49251185682465,0.0928072785216928,0.746440897318723,234.39844777777776,0.3290879621527013,349.49251185682465,234.39844777777776,85.92433333333334,27.72966666666667,113.65433333333333,94.63033333333333,30.53933333333333,125.17033333333335
75,10,387.65113914150703,0.01294079794273965,0.7464356701940723,244.386783,0.5449618222466103,387.65113914150703,244.386783,86.77066666666667,29.955,116.726,97.69233333333334,33.72566666666666,131.418
75,9,432.8335850097037,0.014699983832792123,0.7464452305233992,256.7708244444444,0.612342059662243,432.8335850097037,256.7708244444444,87.89333333333333,32.623333333333335,120.516,101.36399999999999,37.623,138.987
75,8,490.00705064607274,0.029063983854398685,0.7464399825126695,275.46478488888886,0.1950932377045307,490.00705064607274,275.46478488888886,89.62400000000001,35.958,125.58166666666666,112.22033333333333,45.024,157.244
75,7,564.5275497104468,0.0023252475590547503,0.7464363366768744,305.800974,0.3607920105134683,564.5275497104468,305.800974,92.471,40.37566666666667,132.84633333333332,119.598,52.220333333333336,171.81866666666667
75,6,667.0794377729947,0.045785719070457705,0.7464338222804295,353.797665,0.7059897080178633,667.0794377729947,353.797665,96.27233333333334,46.413333333333334,142.68566666666666,140.62533333333332,67.796,208.42133333333334
75,5,808.0801147793267,0.8952799429385002,0.7465620343084546,474.8723492222223,1.0701505513661622,808.0801147793267,474.8723492222223,102.60533333333335,54.74266666666667,157.34799999999998,190.69366666666667,101.74033333333334,292.4336666666666
75,4,852.4464270496309,0.12197726926190826,0.7465141958639215,547.447539888889,0.36602279689478207,852.4464270496309,547.447539888889,105.777,57.393,163.16966666666667,246.51999999999998,133.75933333333333,380.279
75,3,852.6322198138301,0.08119960069843592,0.7465427320782783,547.400312,0.20005505423342487,852.6322198138301,547.400312,104.115,57.339999999999996,161.45466666666667,221.35,121.90566666666666,343.25533333333334
75,2,852.3601936020972,0.18568081463031105,0.746515610983133,547.3282248888889,0.2436681331388458,852.3601936020972,547.3282248888889,103.98933333333333,57.339999999999996,161.32933333333332,221.62133333333335,122.202,343.824
75,1,852.2395040200769,0.11044543578948444,0.7465071855101589,547.3317106666667,0.28827517243148737,852.2395040200769,547.3317106666667,99.45,57.27766666666667,156.72799999999998,210.00966666666667,120.954,330.964
75,0,852.2892008155831,0.16847443281550128,0.7465287731441403,547.0710811111111,0.16338006311471845,852.2892008155831,547.0710811111111,102.57,57.25933333333333,159.82933333333335,217.62766666666667,121.48899999999999,339.1166666666667
76,100000,0.10499552553589904,0.0007953629127517485,0.7585233582540477,184.3410747222222,0.009220391631631712,0.10499552553589904,184.3410747222222,73.32566666666666,7.268166666666667,80.59366666666666,71.83266666666667,7.120166666666667,78.95266666666667
76,40000,0.2479493454053642,0.001285170587472643,0.7600981599663398,184.3551326666667,0.01602004827640463,0.2479493454053642,184.3551326666667,73.32933333333334,7.277,80.60616666666667,71.98883333333333,7.143833333333333,79.13266666666667
76,5000,1.9202096914419517,0.0012332693820361644,0.7579413151435089,184.50987455555557,0.007804300739778047,1.9202096914419517,184.50987455555557,73.471,7.384,80.85533333333333,71.80166666666666,7.216,79.01766666666667
76,3000,3.158508140935345,0.0025479830774220503,0.7584243465082173,184.61770944444444,0.011129760156802187,3.158508140935345,184.61770944444444,73.444,7.448333333333333,80.892,71.59933333333333,7.261,78.86066666666666
76,2000,4.6803538932880615,0.0023723790740523484,0.7580389768166792,184.75480155555556,0.017891441468312293,4.6803538932880615,184.75480155555556,73.60633333333334,7.547666666666667,81.15333333333334,77.382,7.934666666666668,85.31666666666666
76,1500,6.168380012346955,0.0004049765313725039,0.7581619795954135,184.88014199999998,0.0030974415966181527,6.168380012346955,184.88014199999998,73.57633333333332,7.623,81.19966666666666,71.956,7.455666666666667,79.41166666666668
76,1000,9.061220392743955,0.0032933713661573547,0.7579310589139249,185.0948921111111,0.012492525989272096,9.061220392743955,185.0948921111111,73.80933333333333,7.803999999999999,81.61266666666667,77.152,8.157666666666666,85.30966666666666
76,900,9.99040901250025,0.0022365013279004023,0.7579529794749019,185.16323,0.011751935117239268,9.99040901250025,185.16323,73.75133333333333,7.846,81.59766666666667,72.20833333333333,7.6816666666666675,79.89066666666668
76,800,11.145996070425523,6.56386234522699e-05,0.7578208560909324,185.2770241111111,0.029862473590205416,11.145996070425523,185.2770241111111,73.803,7.918333333333334,81.721,72.63166666666666,7.792333333333333,80.42433333333334
76,700,12.597631454903135,0.002143500454795551,0.7578848777663391,185.35052555555555,0.014997167292989779,12.597631454903135,185.35052555555555,74.039,8.017,82.05633333333333,78.05533333333334,8.452333333333334,86.508
76,600,14.497220178761369,0.0009883504199693575,0.757894102701106,185.46717188888888,0.02360167856635186,14.497220178761369,185.46717188888888,73.95299999999999,8.108666666666666,82.06133333333334,72.78566666666667,7.980666666666667,80.766
76,550,15.666137787815634,0.0037301032886336337,0.7578660756884804,185.54779877777779,0.008525403804941817,15.666137787815634,185.54779877777779,73.996,8.174,82.17066666666666,73.823,8.155,81.978
76,450,18.718739296762973,0.0002393156749663519,0.7578465727362476,185.7720607777778,0.005640878421859236,18.718739296762973,185.7720607777778,74.13433333333334,8.351666666666667,82.48633333333333,74.04966666666667,8.342666666666666,82.39166666666667
76,380,21.6572505614316,0.002622552696927307,0.7579644998850853,185.95464966666665,0.012958333856398337,21.6572505614316,185.95464966666665,74.27,8.524,82.79366666666667,74.22366666666666,8.518666666666666,82.74166666666667
76,340,23.78528749431035,0.001651067663707611,0.7578968034272315,186.09124066666666,0.00508361198143163,23.78528749431035,186.09124066666666,74.37366666666667,8.648666666666665,83.02233333333334,74.26866666666666,8.636666666666667,82.90533333333333
76,300,26.428314348376826,0.0013982322834049988,0.757892674312291,186.23095588888887,0.00952510735042859,26.428314348376826,186.23095588888887,74.49633333333333,8.802666666666667,83.29933333333334,74.28366666666666,8.777333333333333,83.06099999999999
76,260,29.68150838676306,0.002708714755473576,0.7578741099855,186.42131222222224,0.0074080739237076115,29.68150838676306,186.42131222222224,74.65833333333333,8.993,83.65133333333334,74.43833333333333,8.966666666666667,83.40466666666667
76,220,33.891655378282614,0.0009994059218312106,0.7579054082347367,186.66626911111112,0.008532685088233516,33.891655378282614,186.66626911111112,74.855,9.238666666666667,84.09366666666666,74.53233333333333,9.199,83.73100000000001
76,200,36.49718441809031,0.0023791843014402832,0.7578430783026088,186.82444544444445,0.016914001564533723,36.49718441809031,186.82444544444445,75.04599999999999,9.4,84.44633333333333,81.87,10.255333333333333,92.125
76,180,39.37159198756851,0.006346497999158948,0.7578569332426272,186.98172177777778,0.007725488408407982,39.37159198756851,186.98172177777778,75.11233333333332,9.563,84.67533333333334,75.05499999999999,9.555666666666667,84.61033333333333
76,160,42.91588978093535,0.0019900413056073533,0.7578685258730408,187.19278944444443,0.01284578344279665,42.91588978093535,187.19278944444443,75.28233333333333,9.766666666666666,85.04899999999999,74.77566666666667,9.701333333333332,84.47699999999999
76,140,47.13061021632779,0.004272458264490678,0.7578757028178006,187.43334844444448,0.0020410248061477816,47.13061021632779,187.43334844444448,75.583,10.028333333333334,85.61133333333333,79.45733333333334,10.542666666666667,90.0
76,120,52.8283991780247,0.0013468744385393785,0.7578458605973809,187.762166,0.015461448210875315,52.8283991780247,187.762166,75.793,10.347333333333333,86.14033333333333,75.07666666666667,10.249333333333333,85.32600000000001
76,100,59.85667343017642,0.007848299585149833,0.7578474649064297,188.10389522222218,0.005758026295068982,59.85667343017642,188.10389522222218,76.27300000000001,10.771,87.044,75.476,10.658333333333333,86.13433333333334
76,90,64.04595795308519,0.002518708096655349,0.7578301167879925,188.35277444444446,0.002664343432406471,64.04595795308519,188.35277444444446,76.40833333333335,11.001666666666667,87.41000000000001,75.923,10.931666666666667,86.854
76,80,68.5045235152034,0.004080058082917056,0.7578435473798435,188.6492378888889,0.008936807162486864,68.5045235152034,188.6492378888889,76.59,11.261333333333333,87.851,75.85233333333333,11.153,87.005
76,70,74.33012284694928,0.00495831096465582,0.7578108822238593,188.99978,0.0074533598016990645,74.33012284694928,188.99978,76.88933333333334,11.603333333333333,88.49233333333332,76.45333333333333,11.537333333333335,87.991
76,65,77.30053157279228,0.0026679394452358354,0.7578273567787855,189.16856966666668,0.012116792924592138,77.30053157279228,189.16856966666668,77.07466666666666,11.773666666666665,88.84866666666666,76.55033333333334,11.693666666666667,88.24400000000001
76,60,81.24806927412094,0.008189594798372763,0.7578119213535451,189.43113333333335,0.03232974513937534,81.24806927412094,189.43113333333335,77.28333333333333,12.004333333333333,89.28733333333334,77.59866666666666,12.052999999999999,89.65233333333333
76,55,84.79582517972773,0.004139612512700954,0.7578197944491385,189.6290141111111,0.052677778811201795,84.79582517972773,189.6290141111111,77.48633333333333,12.21,89.69666666666667,77.20299999999999,12.165666666666667,89.36833333333334
76,50,89.49035155686778,0.01106074467386049,0.7578056057695113,189.8884988888889,0.020498921408844545,89.49035155686778,189.8884988888889,77.74233333333333,12.485999999999999,90.22833333333334,77.44333333333334,12.437666666666667,89.88099999999999
76,45,93.58981100648191,0.0014731075135342808,0.7577815796057529,190.30331,0.003663751871763727,93.58981100648191,190.30331,77.966,12.723666666666666,90.68933333333332,78.024,12.733333333333334,90.75699999999999
76,40,97.59337257253036,0.004972651950954286,0.7577934173870212,190.49777877777777,0.012083971170888316,97.59337257253036,190.49777877777777,78.145,12.958333333333334,91.10333333333334,77.894,12.916666666666666,90.81099999999999
76,35,103.32786518233979,0.017606938015986843,0.7578085692765176,190.9184876666667,0.08452596576265264,103.32786518233979,190.9184876666667,78.61200000000001,13.31,91.92166666666667,78.57900000000001,13.304333333333332,91.88333333333333
76,30,109.2041293760595,0.005858725466989832,0.7577907991560554,191.50140844444442,0.10937095689153815,109.2041293760595,191.50140844444442,78.712,13.635,92.34666666666668,79.08933333333333,13.700333333333333,92.78933333333333
76,27,112.8747675304648,0.004087517275720255,0.7577888154189419,191.64433577777774,0.08420347344667016,112.8747675304648,191.64433577777774,78.90533333333333,13.851666666666667,92.757,79.21333333333334,13.906,93.11933333333333
76,26,120.9893244178661,0.0829289178316085,0.7577882751658107,192.30840055555555,0.05011302906689772,120.9893244178661,192.30840055555555,79.36633333333333,14.324,93.69,79.676,14.379333333333333,94.056
76,25,119.60765101755366,0.020338410900112774,0.7577893504794662,192.28156344444446,0.12784209899819288,119.60765101755366,192.28156344444446,79.28166666666667,14.242333333333335,93.52333333333333,80.22833333333334,14.412333333333331,94.64066666666666
76,24,124.1337838433473,0.035582372109207776,0.7577883121392874,192.6795901111111,0.24249100090888692,124.1337838433473,192.6795901111111,79.71333333333332,14.531333333333334,94.24466666666666,80.331,14.644333333333334,94.97466666666666
76,23,128.163412944786,0.015732308067382465,0.757799061767642,192.96936044444442,0.04564291822192514,128.163412944786,192.96936044444442,80.09433333333334,14.772666666666666,94.867,80.39033333333333,14.827333333333334,95.21766666666667
76,22,132.7927072537716,0.2219408900232071,0.7577906561762363,193.54591477777777,0.026808220278143613,132.7927072537716,193.54591477777777,80.371,15.034333333333334,95.406,80.54466666666667,15.067,95.61166666666666
76,21,139.39908420593693,0.002499821312104645,0.7577909802787314,194.32422344444444,0.060413859863367406,139.39908420593693,194.32422344444444,80.51533333333333,15.408666666666667,95.92399999999999,81.16633333333334,15.533333333333333,96.69966666666666
76,20,143.34724871002368,0.04051584077058791,0.7577739342831106,194.59257222222223,0.03875368204775013,143.34724871002368,194.59257222222223,80.76366666666667,15.643333333333333,96.40733333333333,80.82733333333333,15.655666666666667,96.483
76,19,156.93127582858503,0.04697582737148972,0.7577901978538556,196.2664146666667,0.14115592527456297,156.93127582858503,196.2664146666667,80.79366666666668,16.432,97.22566666666667,80.39533333333333,16.350666666666665,96.74633333333334
76,18,155.7009594025909,0.005584996142751059,0.7577861162168968,195.9501131111111,0.03120822947795812,155.7009594025909,195.9501131111111,81.09666666666666,16.366666666666664,97.46300000000001,80.70566666666667,16.288,96.99333333333334
76,17,205.44413551604305,0.008550882618975752,0.7577948828570436,203.73957988888887,0.35331015411147243,205.44413551604305,203.73957988888887,82.30966666666667,19.314333333333334,101.62400000000001,82.63066666666667,19.389666666666667,102.02
76,16,238.92026719762976,0.0029016715050690363,0.7578008993055437,210.48954966666668,0.3209558522727258,238.92026719762976,210.48954966666668,83.00966666666666,21.292666666666666,104.302,83.77266666666667,21.488,105.26066666666668
76,15,255.31784408742487,0.010909857524375606,0.7578034118685787,213.83949244444443,0.3142322588748792,255.31784408742487,213.83949244444443,83.278,22.251666666666665,105.52933333333333,84.67766666666667,22.625333333333334,107.30233333333332
76,14,274.11708008942793,0.013901206697199957,0.7577945286298166,217.7788014444444,0.277426060060084,274.11708008942793,217.7788014444444,83.49833333333333,23.337999999999997,106.83633333333334,90.03466666666667,25.165333333333333,115.19966666666666
76,13,295.79695847911404,0.12338454882084524,0.7577947867336023,222.48789988888885,0.3540003396891801,295.79695847911404,222.48789988888885,84.05533333333334,24.61366666666667,108.669,92.735,27.15533333333333,119.89066666666668
76,12,321.5103525867175,0.10346512592816867,0.7577922681499745,228.35881855555556,0.20688506842541873,321.5103525867175,228.35881855555556,84.87433333333333,26.125333333333334,110.99966666666667,93.94433333333332,28.917,122.86133333333333
76,11,347.7364188139224,0.018701528670907422,0.75779904925093,234.27055700000003,0.24968583555627738,347.7364188139224,234.27055700000003,86.07566666666666,27.761,113.83666666666666,94.82466666666666,30.582666666666665,125.40766666666667
76,10,388.5193849116128,0.026991381722833784,0.7578018886175948,244.25207022222222,0.26586766995803995,388.5193849116128,244.25207022222222,86.80466666666666,30.08066666666667,116.88533333333334,97.91166666666668,33.92966666666667,131.84133333333332
76,9,426.6514260392907,0.028948654864718888,0.7578079874271492,254.02272111111108,0.6456168659584691,426.6514260392907,254.02272111111108,87.66533333333332,32.323,119.98866666666667,102.73366666666668,37.87866666666667,140.61233333333334
76,8,491.0754042592752,0.029700128375928166,0.7577954303883557,273.61800155555557,0.19563890574060672,491.0754042592752,273.61800155555557,89.653,36.099333333333334,125.752,112.68333333333334,45.37233333333333,158.05566666666667
76,7,565.8861520794522,0.051933586391183714,0.757801992831295,302.20612266666666,0.26852016855371047,565.8861520794522,302.20612266666666,92.51499999999999,40.55,133.06466666666665,119.55766666666666,52.403333333333336,171.961
76,6,668.009966001805,0.1449710082224064,0.7577961253998833,347.8344705555555,0.5553990808979763,668.009966001805,347.8344705555555,96.378,46.58533333333333,142.96333333333334,153.066,73.98700000000001,227.0533333333333
76,5,809.1855148776475,0.477111721064995,0.7578096704305048,468.43119055555553,0.3231491549709246,809.1855148776475,468.43119055555553,102.74033333333334,54.915666666666674,157.65633333333332,188.615,100.81700000000001,289.43233333333336
76,4,854.7666578534578,0.5469104467855276,0.7578260814158101,544.4906588888889,0.15238012548825086,854.7666578534578,544.4906588888889,105.891,57.601,163.49233333333333,223.56433333333334,121.61133333333333,345.176
76,3,855.1650221573005,0.08360854726037713,0.7578083394493875,544.2582377777777,0.041069664311998114,855.1650221573005,544.2582377777777,104.279,57.660333333333334,161.939,220.21533333333332,121.76666666666667,341.98199999999997
76,2,855.2131554399061,0.09145072131903217,0.7578276724583782,544.4211576666668,0.291665551983468,855.2131554399061,544.4211576666668,103.983,57.629999999999995,161.613,219.75233333333335,121.79233333333333,341.54466666666667
76,1,855.1297583985406,0.1458473957136254,0.7578307145579136,544.2504533333332,0.37504552959121223,855.1297583985406,544.2504533333332,99.65266666666666,57.58533333333333,157.238,211.18433333333334,122.03533333333333,333.22
76,0,855.021307725677,0.17071330509061075,0.7578224360040512,544.1699427777777,0.06777620813332406,855.021307725677,544.1699427777777,102.73766666666666,57.56866666666667,160.30633333333333,216.803,121.48466666666667,338.28766666666667
77,100000,0.1035649575416368,0.00032597200527147613,0.7703660672357175,184.33886722222223,0.01677290116140123,0.1035649575416368,184.33886722222223,73.41966666666667,7.277333333333334,80.69666666666667,72.01566666666666,7.138333333333333,79.15366666666667
77,40000,0.24437400870023876,0.001477491057219631,0.7709502613151676,184.35072083333338,0.013001672871424308,0.24437400870023876,184.35072083333338,73.37766666666666,7.281166666666667,80.65883333333333,72.2235,7.166666666666667,79.39
77,5000,1.8932470924572211,0.0017464268824645846,0.7696340416621802,184.5101156666667,0.008547367281473487,1.8932470924572211,184.5101156666667,73.38366666666667,7.374,80.758,71.54733333333333,7.189666666666667,78.737
77,3000,3.1121475456016463,0.001194624188144191,0.7698277504911708,184.62887088888888,0.011889552184519767,3.1121475456016463,184.62887088888888,73.533,7.456666666666667,80.98966666666666,72.234,7.325333333333333,79.55900000000001
77,2000,4.61211075122852,0.00166156440548373,0.7696211045623579,184.76072266666665,0.006303537957185985,4.61211075122852,184.76072266666665,73.503,7.532666666666667,81.03533333333333,72.459,7.425666666666667,79.88466666666666
77,1500,6.076903068288861,0.0005453868664418679,0.7698520257335489,184.87973655555552,0.01749470053197164,6.076903068288861,184.87973655555552,73.57566666666666,7.619,81.195,72.10733333333333,7.467,79.57466666666666
77,1000,8.925124857038364,0.0021900037716516404,0.7695931130883146,185.09106422222223,0.012250919060020226,8.925124857038364,185.09106422222223,73.71133333333333,7.786666666666666,81.49799999999999,72.04533333333333,7.610666666666667,79.656
77,900,9.84149299876594,0.0017220736433426985,0.7695823061428739,185.1475166666667,0.009104373680333719,9.84149299876594,185.1475166666667,73.74966666666667,7.839666666666666,81.58966666666667,72.10833333333333,7.665333333333333,79.77366666666667
77,800,10.975984291131558,0.0009733558013725861,0.7696035047073265,185.2259748888889,0.006913961409373158,10.975984291131558,185.2259748888889,73.805,7.906666666666666,81.71133333333333,72.288,7.744,80.032
77,700,12.369256914771988,0.06297532730393798,0.7695989466477532,185.33707111111107,0.009538939321057524,12.369256914771988,185.33707111111107,73.86733333333332,7.989999999999999,81.857,72.13433333333334,7.802333333333333,79.93666666666667
77,600,14.275859541019637,0.0012341506833986285,0.7696112600965058,185.45838044444443,0.021030466842024663,14.275859541019637,185.45838044444443,73.954,8.099333333333334,82.05333333333334,72.33933333333334,7.922666666666667,80.262
77,550,15.425706283639899,0.0013031411044145732,0.7695986913760495,185.52605755555555,0.011567581156598544,15.425706283639899,185.52605755555555,73.98666666666666,8.163333333333334,82.15033333333334,73.80566666666667,8.143333333333333,81.949
77,450,18.415326835940675,0.002073558803730873,0.7694857270230612,185.70636066666668,0.015425927049404783,18.415326835940675,185.70636066666668,74.129,8.338333333333333,82.46733333333333,74.12033333333333,8.337000000000002,82.45733333333334
77,380,21.28917019028832,0.0005274078900963484,0.7694921295216206,185.8848262222222,0.012935693875349465,21.28917019028832,185.8848262222222,74.26,8.506666666666666,82.76633333333334,74.069,8.484666666666667,82.55333333333333
77,340,23.382718858172638,0.0010142207927886615,0.7694497292889748,186.00401544444443,0.02072662982286507,23.382718858172638,186.00401544444443,74.54166666666667,8.649666666666667,83.19166666666668,75.01299999999999,8.704333333333333,83.717
77,300,25.96455449950877,0.00275721893749437,0.7694666230677352,186.17696866666665,0.013858157609634107,25.96455449950877,186.17696866666665,74.575,8.790666666666667,83.36566666666667,74.91166666666668,8.830333333333334,83.74166666666666
77,260,29.163059028514482,0.006716865720664729,0.769507640748202,186.35692100000003,0.020849593939577957,29.163059028514482,186.35692100000003,74.65233333333333,8.97,83.622,73.901,8.879666666666667,82.78033333333333
77,220,33.27306086373277,0.0005457487828230211,0.7694401072378523,186.60310000000004,0.023640084386023975,33.27306086373277,186.60310000000004,74.83833333333332,9.209000000000001,84.04700000000001,74.572,9.176666666666668,83.74833333333333
77,200,35.832866132907036,0.005724739156719472,0.7694509503802082,186.7434473333333,0.012274955157214133,35.832866132907036,186.7434473333333,75.03366666666666,9.368,84.40166666666667,75.974,9.485333333333333,85.45966666666668
77,180,38.658171963865065,0.0025142704470446807,0.7694465139834215,186.883411,0.01040503856047325,38.658171963865065,186.883411,75.08399999999999,9.524333333333333,84.60833333333333,75.06366666666666,9.522,84.58566666666667
77,160,42.091765086454316,0.0025277104886168005,0.7694380929719659,187.08027566666667,0.012445733034957641,42.091765086454316,187.08027566666667,75.258,9.727333333333334,84.98566666666666,74.54166666666667,9.635,84.17633333333333
77,140,46.16903196581108,0.06804567759099917,0.7694573442883296,187.31732466666665,0.007233614518349514,46.16903196581108,187.31732466666665,75.46166666666666,9.970333333333334,85.43166666666667,73.83999999999999,9.755666666666666,83.59566666666666
77,120,51.795847080745,0.00231168975718429,0.7694375300048479,187.62087544444444,0.01965035795643227,51.795847080745,187.62087544444444,75.94333333333334,10.321,86.26433333333334,75.643,10.280333333333333,85.92333333333333
77,100,58.64911243922092,0.002205978173201142,0.7694163620164124,188.00446944444445,0.01182131758185984,58.64911243922092,188.00446944444445,76.12866666666666,10.697999999999999,86.827,75.17633333333333,10.564333333333332,85.741
77,90,62.75302447945004,0.0013322339250265583,0.7694353960520582,188.23933522222225,0.01562032448560709,62.75302447945004,188.23933522222225,76.35699999999999,10.937,87.29433333333334,75.75099999999999,10.85,86.60166666666667
77,80,67.03425079208144,0.00370212573676212,0.7694136680883954,188.481583,0.01365149237668452,67.03425079208144,188.481583,76.53866666666666,11.188666666666668,87.72766666666666,75.64533333333334,11.058333333333332,86.70333333333333
77,70,72.76282563572387,0.006080445113352824,0.7694294760149644,188.82327788888892,0.04260847558400849,72.76282563572387,188.82327788888892,76.81966666666666,11.522666666666666,88.34233333333333,76.447,11.466666666666667,87.91399999999999
77,65,75.57571299890348,0.0019794293818043577,0.7693890063758624,188.96236066666665,0.016681148471639585,75.57571299890348,188.96236066666665,77.01333333333334,11.687666666666667,88.70100000000001,76.72833333333334,11.644333333333334,88.37266666666666
77,60,79.47918190947188,0.01722509617397324,0.7694164244495765,189.25969700000005,0.0793323985715274,79.47918190947188,189.25969700000005,77.218,11.915666666666667,89.13366666666667,77.20266666666667,11.913333333333334,89.11633333333333
77,55,82.83188461834158,0.0028630991706264717,0.7694037083684594,189.45755333333332,0.08039586308384082,82.83188461834158,189.45755333333332,77.41566666666667,12.130333333333333,89.54633333333334,77.843,12.198,90.041
77,50,87.48159028485527,0.017206885082490048,0.7693874103535974,189.7661873333333,0.05097218133777905,87.48159028485527,189.7661873333333,77.629,12.382666666666665,90.01166666666666,80.40066666666667,12.825333333333333,93.22566666666667
77,45,91.44872598407717,0.00501074983745496,0.7693854835042894,190.01657955555558,0.027382345856284986,91.44872598407717,190.01657955555558,77.995,12.633333333333333,90.62833333333333,77.58233333333334,12.566333333333333,90.149
77,40,95.37443883810504,0.012111163759817373,0.7693895704005116,190.2467418888889,0.01829275944594543,95.37443883810504,190.2467418888889,78.14966666666668,12.862333333333334,91.012,78.29566666666666,12.886333333333333,91.18233333333335
77,35,100.88337160074174,0.014959500782041264,0.7693649688357275,190.67223533333333,0.06485881384462086,100.88337160074174,190.67223533333333,78.52133333333335,13.168999999999999,91.69066666666667,78.19166666666666,13.113999999999999,91.30533333333334
77,30,106.6257636230621,0.007941487095272152,0.7693660191151693,191.10148944444447,0.04677526436804395,106.6257636230621,191.10148944444447,78.707,13.520333333333333,92.22733333333333,78.915,13.556,92.471
77,27,109.80725626464493,0.014734221243947321,0.7693744867638816,191.31349899999998,0.05975559677086698,109.80725626464493,191.31349899999998,78.73666666666666,13.685666666666668,92.42233333333333,79.13133333333333,13.753666666666666,92.88499999999999
77,26,117.43526054158274,0.016450650802939153,0.7693668848066043,191.9844538888889,0.05208160768590896,117.43526054158274,191.9844538888889,79.355,14.157333333333334,93.51166666666667,79.22500000000001,14.134333333333332,93.35933333333332
77,25,116.14060726484094,0.003937912857560796,0.7693686281144058,191.96225277777776,0.0768126391830173,116.14060726484094,191.96225277777776,79.10133333333333,14.062666666666667,93.164,79.736,14.175333333333333,93.91166666666668
77,24,120.56927425075183,0.014758023592167309,0.7693677764895229,192.28657877777778,0.026606759501071102,120.56927425075183,192.28657877777778,79.43466666666667,14.329,93.76400000000001,79.21533333333333,14.289666666666667,93.505
77,23,124.49832740518535,0.020731534857318445,0.7693645209774926,192.77434688888889,0.09521437383162477,124.49832740518535,192.77434688888889,79.80333333333334,14.562666666666667,94.36666666666667,79.91266666666667,14.582666666666668,94.49566666666665
77,22,129.0594305126383,0.15254812904230583,0.769361157734744,193.12458077777777,0.06497460669227141,129.0594305126383,193.12458077777777,80.206,14.84066666666667,95.04633333333334,80.20433333333334,14.840333333333334,95.04433333333333
77,21,136.3837559683843,0.11781495009863704,0.7693661536352342,193.95940422222216,0.15709189989206432,136.3837559683843,193.95940422222216,80.34066666666666,15.26,95.60066666666667,81.158,15.415000000000001,96.573
77,20,139.37936127888491,0.026099443761570564,0.7693607953187502,194.31140477777782,0.16753421773286686,139.37936127888491,194.31140477777782,80.60266666666666,15.436666666666667,96.04,80.75433333333332,15.465666666666666,96.22033333333333
77,19,152.15267598509203,0.11896863185997733,0.7693715125276928,195.7712602222222,0.04881749571427662,152.15267598509203,195.7712602222222,80.59566666666666,16.180999999999997,96.77666666666666,80.18299999999999,16.098333333333333,96.28133333333334
77,18,151.48094078940485,0.0060075850387543185,0.7693683491445596,195.59626822222222,0.11262851880670594,151.48094078940485,195.59626822222222,80.92133333333334,16.146,97.06700000000001,80.45266666666667,16.052333333333333,96.50533333333333
77,17,195.97262572987984,0.007383560015794957,0.769377845609299,202.8265848888889,0.5300352149937421,195.97262572987984,202.8265848888889,82.06433333333332,18.813333333333333,100.87733333333334,91.08333333333333,20.881,111.964
77,16,231.47280409666212,0.016124243162329237,0.7693698032273425,209.08758577777778,0.35516741303867394,231.47280409666212,209.08758577777778,82.75066666666667,20.891666666666666,103.64266666666667,83.50266666666666,21.081999999999997,104.58433333333333
77,15,247.3641279682271,0.011960380086003627,0.769380533688741,212.104149,0.510332394298185,247.3641279682271,212.104149,83.01633333333334,21.833333333333332,104.84966666666666,84.12566666666667,22.125,106.25066666666667
77,14,265.6410740665258,0.00928820030712133,0.7693756622554999,216.2327181111111,0.635369757923181,265.6410740665258,216.2327181111111,83.357,22.927666666666667,106.28466666666667,88.52033333333334,24.34766666666667,112.86866666666667
77,13,285.3999043148937,0.012399609976020654,0.7693819877211746,220.9902098888889,0.36981281455476955,285.3999043148937,220.9902098888889,83.80866666666667,24.054000000000002,107.86266666666666,90.80400000000002,26.061999999999998,116.866
77,12,311.59081534822053,0.009278689007771991,0.7693793522506126,226.41002622222223,0.3539866158069763,311.59081534822053,226.41002622222223,84.72666666666667,25.637333333333334,110.36399999999999,92.72533333333332,28.057666666666666,120.783
77,11,337.28058729167805,0.039579193568791436,0.7693797213443833,232.9804408888889,0.483856373145528,337.28058729167805,232.9804408888889,85.536,27.128,112.664,93.66433333333333,29.706,123.37066666666665
77,10,376.68624601398193,0.00841592956250933,0.769376904306338,241.55898611111107,0.2609082603011696,376.68624601398193,241.55898611111107,86.41000000000001,29.449333333333332,115.859,97.173,33.11766666666667,130.29066666666665
77,9,420.8682254208962,0.06772559673258005,0.7693830275922063,253.06101244444446,0.46974539376812735,420.8682254208962,253.06101244444446,87.358,32.059999999999995,119.41766666666666,101.01100000000001,37.07033333333333,138.08100000000002
77,8,476.3756686600668,0.06585196701333815,0.7693827707368764,268.433596,0.10994474359016519,476.3756686600668,268.433596,89.40266666666666,35.353,124.75600000000001,105.54233333333332,41.73533333333333,147.27766666666665
77,7,547.3898164506276,0.04107825627985821,0.7693811833762578,293.80669777777774,0.15272253062675611,547.3898164506276,293.80669777777774,92.00466666666667,39.554,131.55833333333334,117.02366666666667,50.310333333333325,167.33399999999997
77,6,647.230404446943,0.04493863407583116,0.7693789211638714,335.09209155555556,0.06343969097617932,647.230404446943,335.09209155555556,95.72633333333333,45.49333333333333,141.21966666666665,136.50533333333334,64.87266666666666,201.37833333333333
77,5,787.3225003073735,0.20474309416952474,0.7694597428409008,432.87545099999994,0.14064962474222056,787.3225003073735,432.87545099999994,101.83033333333333,53.773666666666664,155.60366666666667,193.56366666666668,102.21766666666667,295.78133333333335
77,4,857.9798806168351,0.1552977015524165,0.7694629492000709,541.9459085555555,0.24651273080695776,857.9798806168351,541.9459085555555,106.31633333333333,57.940999999999995,164.25733333333335,222.139,121.063,343.202
77,3,858.0866010922404,0.16143692473421678,0.7694667220046479,542.1248908888889,0.3231767325363318,858.0866010922404,542.1248908888889,104.54533333333332,57.92933333333334,162.475,220.15866666666668,121.992,342.15066666666667
77,2,858.1512083580769,0.11237975883055695,0.769463949816287,542.0797272222222,0.11785391263693117,858.1512083580769,542.0797272222222,104.07366666666667,57.98733333333333,162.06033333333335,218.56766666666667,121.781,340.3486666666667
77,1,858.17421235452,0.2209351722893327,0.7694700172258663,542.450828111111,0.4522183557857385,858.17421235452,542.450828111111,99.93400000000001,57.933,157.867,210.25833333333333,121.88966666666666,332.14799999999997
77,0,857.8656209649222,0.6778152223794893,0.7694679060920203,542.6280029999999,0.4110375852477882,857.8656209649222,542.6280029999999,102.92266666666667,57.91966666666667,160.84233333333333,217.28433333333336,122.27666666666666,339.561
78,100000,0.10164065167268557,0.0007533736361478197,0.7816780482001496,184.3339003333333,0.016510204914943864,0.10164065167268557,184.3339003333333,73.32466666666666,7.267666666666667,80.59266666666667,71.87233333333334,7.123666666666668,78.99633333333333
78,40000,0.2419061291100093,0.0015711840628764356,0.7774334154804992,184.33616222222224,0.010245834223036808,0.2419061291100093,184.33616222222224,73.4305,7.287,80.7175,74.52050000000001,7.395,81.91583333333334
78,5000,1.8639026021032141,0.001861413150992544,0.7821683972353123,184.52146666666667,0.011670629803037767,1.8639026021032141,184.52146666666667,73.382,7.372666666666667,80.755,71.60333333333334,7.194,78.798
78,3000,3.064965466891833,0.0032848848103843916,0.781903957042347,184.62629522222224,0.004231819812542423,3.064965466891833,184.62629522222224,73.53333333333333,7.453333333333333,80.98633333333333,71.72333333333334,7.269333333333333,78.993
78,2000,4.543809305234629,0.0013000882786178571,0.7818307649374745,184.75106822222224,0.016081851884528084,4.543809305234629,184.75106822222224,73.50466666666667,7.53,81.03433333333334,72.48166666666667,7.424666666666667,79.907
78,1500,5.989541406407464,0.0018562203671225932,0.781552641638196,184.87776399999998,0.01187393839466632,5.989541406407464,184.87776399999998,73.56400000000001,7.614,81.178,72.50466666666667,7.504333333333334,80.009
78,1000,8.794974096682486,0.0008202264503892124,0.7815286584675505,185.08544855555556,0.018118603187955166,8.794974096682486,185.08544855555556,73.797,7.790333333333333,81.587,72.34366666666666,7.6370000000000005,79.98
78,900,9.698062566907,0.0007336839516897187,0.7816331022814037,185.1601377777778,0.012306527781501774,9.698062566907,185.1601377777778,73.74866666666667,7.834,81.58266666666667,71.849,7.631666666666667,79.48100000000001
78,800,10.817508862936739,0.001486787640769531,0.7816854842272544,185.22666811111108,0.008533218966260839,10.817508862936739,185.22666811111108,73.79233333333333,7.898,81.69066666666667,72.28466666666667,7.736999999999999,80.02133333333333
78,700,12.229129539882578,0.002243450319902505,0.7816008039997526,185.3229376666667,0.008509637875850773,12.229129539882578,185.3229376666667,73.86366666666667,7.981999999999999,81.84533333333333,72.305,7.813333333333333,80.11866666666667
78,600,14.078041695679149,0.0028418318588434425,0.7815771761649007,185.4399171111111,0.019142795141111682,14.078041695679149,185.4399171111111,73.95066666666666,8.09,82.04066666666667,72.76033333333334,7.96,80.72033333333333
78,550,15.21181461377404,0.001747528160869444,0.781586765551038,185.5195183333333,0.013509733528059932,15.21181461377404,185.5195183333333,73.99833333333333,8.155666666666667,82.154,73.476,8.097666666666667,81.574
78,450,18.185329942488437,0.03410600360088774,0.7815173901561866,185.6953596666667,0.022970816560230485,18.185329942488437,185.6953596666667,74.129,8.327333333333334,82.45666666666666,74.15833333333333,8.331,82.48899999999999
78,380,21.005156976293822,0.0008594382598596605,0.7815507300826651,185.8715227777778,0.00496811768888428,21.005156976293822,185.8715227777778,74.258,8.494333333333332,82.75233333333334,73.96733333333333,8.461,82.42833333333333
78,340,23.070687575830508,0.0013612077867148724,0.7815719853129971,186.01983355555555,0.029890862974670303,23.070687575830508,186.01983355555555,74.452,8.633666666666668,83.085,74.55833333333332,8.646333333333333,83.20466666666665
78,300,25.614650745817695,0.0014614673411101112,0.7814904027217708,186.14158977777777,0.012243023561433771,25.614650745817695,186.14158977777777,74.471,8.764333333333333,83.23533333333334,74.47066666666667,8.764333333333333,83.23533333333334
78,260,28.770908512188175,0.0004512912901873674,0.7815328014163283,186.33694944444446,0.010447436104016132,28.770908512188175,186.33694944444446,74.63233333333334,8.951333333333332,83.584,74.32266666666666,8.914,83.23666666666666
78,220,32.85250736378224,0.0009071286686143065,0.7815154459179167,186.555242,0.0077055321901591195,32.85250736378224,186.555242,74.82733333333333,9.190333333333333,84.01766666666667,74.41733333333333,9.140333333333333,83.55733333333333
78,200,35.414892933684335,0.0030714810148436394,0.7815332443691654,186.70633266666667,0.013672325564202559,35.414892933684335,186.70633266666667,74.94033333333333,9.340333333333334,84.28066666666668,75.48866666666667,9.409,84.89766666666667
78,180,38.207239002488144,0.0015590808068945599,0.7815055635401907,186.86039244444444,0.010328831601841348,38.207239002488144,186.86039244444444,75.08233333333332,9.505666666666668,84.58766666666666,74.90566666666666,9.482999999999999,84.38866666666667
78,160,41.624640095837826,0.0034208065110167434,0.7815124679537963,187.01971966666667,0.021620636232792652,41.624640095837826,187.01971966666667,75.253,9.707666666666666,84.96066666666667,74.616,9.625666666666667,84.24166666666666
78,140,45.68296197629562,0.003478015617515233,0.7815057830350215,187.26161755555555,0.011934298752075943,45.68296197629562,187.26161755555555,75.54833333333333,9.960333333333333,85.50933333333334,74.11466666666666,9.771333333333333,83.88633333333333
78,120,51.216996529662744,0.002601331974333947,0.781514583721742,187.57001377777775,0.007394683024802884,51.216996529662744,187.57001377777775,75.73866666666667,10.271,86.00999999999999,75.00600000000001,10.171333333333335,85.17766666666667
78,100,58.05713860668268,0.005018578643888925,0.7815181063632218,187.92854188888887,0.021168012267839674,58.05713860668268,187.92854188888887,76.11399999999999,10.673,86.78699999999999,75.46333333333332,10.581333333333333,86.045
78,90,62.065597753581166,0.002390514590579395,0.781510107149869,188.15446233333333,0.027872186915360295,62.065597753581166,188.15446233333333,76.35133333333333,10.916333333333334,87.26766666666667,75.652,10.816666666666668,86.468
78,80,66.37934291179725,0.0039426148221364836,0.781487418027945,188.39053555555552,0.02220513012127721,66.37934291179725,188.39053555555552,76.621,11.176666666666668,87.79766666666667,82.065,11.970999999999998,94.03566666666666
78,70,72.03830401755796,0.008455207321115757,0.7815059687174553,188.715785,0.013649587295346877,72.03830401755796,188.715785,76.81333333333333,11.494,88.30733333333335,76.37400000000001,11.428333333333333,87.80266666666667
78,65,74.85756865588348,0.0017919278524913145,0.781489384470472,188.85938244444444,0.015459098084696256,74.85756865588348,188.85938244444444,77.00533333333334,11.660333333333334,88.66533333333332,76.45299999999999,11.576666666666668,88.029
78,60,78.75119134221131,0.0038435973102912196,0.7814814209282938,189.08842811111109,0.006749622576558255,78.75119134221131,189.08842811111109,77.20966666666668,11.887,89.09666666666668,77.38633333333333,11.914333333333333,89.30066666666666
78,55,82.10186512191453,0.006653557464152326,0.7814821983970752,189.37780733333332,0.041920820757678987,82.10186512191453,189.37780733333332,77.408,12.085,89.493,76.96966666666667,12.016666666666666,88.98633333333333
78,50,86.83318201378832,0.0053404582044218754,0.78148014159831,189.59961644444445,0.022389455060944634,86.83318201378832,189.59961644444445,77.66733333333333,12.363333333333335,90.03033333333333,77.23566666666666,12.294333333333334,89.52999999999999
78,45,90.89614464558828,0.008217818442083757,0.7814539557542141,189.92775133333336,0.04617191654868681,90.89614464558828,189.92775133333336,77.89766666666667,12.600999999999999,90.49866666666667,77.292,12.503,89.795
78,40,94.76097552619585,0.007719700863572187,0.781453345857174,190.1834062222222,0.023360871726342367,94.76097552619585,190.1834062222222,78.068,12.828000000000001,90.89633333333332,77.813,12.786333333333333,90.59933333333333
78,35,100.34949324326406,0.009363290618755266,0.7814497670170525,190.53046433333336,0.08565152950635294,100.34949324326406,190.53046433333336,78.42633333333333,13.154666666666666,91.58066666666666,78.967,13.245333333333335,92.21233333333333
78,30,105.8745194320992,0.009770005124920204,0.7814548375440088,190.9610411111111,0.0658506374172453,105.8745194320992,190.9610411111111,78.63233333333334,13.480333333333334,92.113,78.40166666666666,13.441,91.84266666666667
78,27,109.24750171312606,0.01027145025608917,0.7814528339244992,191.167881,0.09115672937858747,109.24750171312606,191.167881,78.88633333333333,13.696,92.58266666666667,79.10733333333333,13.735,92.84233333333333
78,26,116.37853584166288,0.059374172628874136,0.7814408774043203,191.81124744444446,0.05954541925132886,116.37853584166288,191.81124744444446,79.30666666666667,14.113,93.42,80.38600000000001,14.305,94.69166666666666
78,25,115.87991775797916,0.005747170794950225,0.7814519733486681,191.6923538888889,0.08104948905339543,115.87991775797916,191.6923538888889,79.151,14.069,93.21933333333334,79.48633333333333,14.128333333333332,93.61399999999999
78,24,120.28758750145194,0.03203230742313502,0.7814459318797463,192.114565,0.08169453640307188,120.28758750145194,192.114565,79.59966666666666,14.350666666666667,93.95033333333333,80.012,14.424666666666667,94.43666666666667
78,23,124.17301525085482,0.01666910481270674,0.7814485298731038,192.52209944444442,0.07977818607611102,124.17301525085482,192.52209944444442,79.89366666666668,14.572000000000001,94.46533333333333,79.48266666666667,14.497,93.97966666666667
78,22,128.6457998782897,0.22719845195008387,0.7814594153952253,193.03922033333333,0.08865664841962466,128.6457998782897,193.03922033333333,80.20633333333335,14.832333333333333,95.03833333333334,80.34766666666667,14.859,95.20666666666666
78,21,135.06309837056608,0.00813727417321718,0.781452861390818,193.70349455555552,0.004143402926949136,135.06309837056608,193.70349455555552,80.41733333333333,15.211333333333334,95.62866666666666,80.03833333333334,15.139333333333333,95.17766666666667
78,20,139.00660790048454,0.022428307113437823,0.781450450405786,194.15059766666664,0.07185355340087923,139.00660790048454,194.15059766666664,80.642,15.442,96.084,80.467,15.408333333333333,95.87533333333333
78,19,150.70610876516912,0.05645033882950358,0.7814611435042057,195.46221033333333,0.1392204825188318,150.70610876516912,195.46221033333333,80.61766666666666,16.122,96.73966666666666,80.31400000000001,16.061666666666667,96.37533333333333
78,18,151.02255319789722,0.010326125661776167,0.781458838565142,195.424682,0.10312541530314565,151.02255319789722,195.424682,81.06166666666667,16.168666666666667,97.231,80.63166666666667,16.083000000000002,96.71499999999999
78,17,199.2012750660733,0.002847568139963786,0.7814589108059345,202.92190111111108,0.23949643981819912,199.2012750660733,202.92190111111108,82.10033333333332,19.019000000000002,101.11966666666666,83.281,19.292666666666666,102.57366666666667
78,16,232.0064120524328,0.004770509750727953,0.7814650159637968,209.20267066666668,0.11694879666093819,232.0064120524328,209.20267066666668,82.82799999999999,20.968666666666667,103.79633333333334,83.61233333333332,21.167,104.77933333333333
78,15,247.92505539541756,0.011505039544345577,0.7814691702761994,212.22736722222226,0.4635172412961917,247.92505539541756,212.22736722222226,83.05366666666667,21.911,104.96499999999999,84.092,22.185000000000002,106.277
78,14,266.20785625913305,0.014151133838271181,0.7814630204198599,215.98778444444443,0.8810434675224672,266.20785625913305,215.98778444444443,83.32966666666665,22.98466666666667,106.31433333333332,86.92766666666667,23.977,110.904
78,13,287.36824671268556,0.006913216484603297,0.7814697533070856,220.69432777777774,0.3977536105564723,287.36824671268556,220.69432777777774,84.002,24.256666666666664,108.25866666666667,91.45833333333333,26.409666666666666,117.86766666666666
78,12,312.25220194667673,0.01118596741754775,0.7814677244756165,225.81456133333336,0.4414606924375171,312.25220194667673,225.81456133333336,84.73766666666667,25.697333333333333,110.435,92.80799999999999,28.144333333333332,120.95233333333334
78,11,337.7772183913589,0.0386215182237705,0.7814743204839089,232.11131088888888,0.3955245469578849,337.7772183913589,232.11131088888888,85.75133333333333,27.243333333333336,112.99466666666667,101.50366666666666,32.248,133.75166666666667
78,10,377.55739196100575,0.0073941909484764425,0.7814724481818779,241.8337018888889,0.368135378883349,377.55739196100575,241.8337018888889,87.01566666666668,29.659000000000002,116.67466666666667,97.97500000000001,33.394333333333336,131.3696666666667
78,9,415.0847511378026,0.014085398963122156,0.7814738811630136,250.75557333333336,0.43675604996928463,415.0847511378026,250.75557333333336,87.28266666666667,31.799000000000003,119.082,100.21033333333332,36.50866666666667,136.71900000000002
78,8,476.6492097853026,0.01949645343179724,0.781471294974904,268.1993181111111,0.21153311203384045,476.6492097853026,268.1993181111111,89.51233333333334,35.46066666666667,124.973,105.60733333333333,41.836666666666666,147.444
78,7,549.6554302369592,0.05175901497092892,0.7814721214880519,293.8589381111111,0.4584799913652214,549.6554302369592,293.8589381111111,92.33433333333335,39.79533333333333,132.13,117.48666666666668,50.635333333333335,168.12199999999999
78,6,648.0150530851848,0.07684161342518216,0.7814816155260879,333.6234312222222,0.06851043371499423,648.0150530851848,333.6234312222222,95.99033333333334,45.66266666666667,141.65266666666668,136.79966666666667,65.075,201.875
78,5,787.0054475332867,0.11646321200618198,0.7814787193083527,427.23694011111115,0.11269518422727576,787.0054475332867,427.23694011111115,102.05733333333335,53.89766666666667,155.955,175.74233333333333,92.81166666666667,268.55400000000003
78,4,861.1297483780176,0.3131250705966737,0.781471652173071,540.738739,0.2939811098631927,861.1297483780176,540.738739,106.712,58.269000000000005,164.98066666666668,222.99166666666665,121.76266666666668,344.7546666666667
78,3,861.0584733164933,0.1779513026203773,0.7814641374780108,540.8942965555556,0.30976330366245775,861.0584733164933,540.8942965555556,104.93233333333335,58.324333333333335,163.25666666666666,220.07966666666667,122.32666666666667,342.4066666666667
78,2,861.0397518450767,0.11235784371774563,0.7814845974342948,540.6730886666667,0.04740373125026648,861.0397518450767,540.6730886666667,104.57733333333333,58.297,162.87433333333334,219.24933333333334,122.22066666666667,341.4703333333334
78,1,860.9692048710349,0.07913640029037564,0.7814805630245484,540.9281380000001,0.1729315123115115,860.9692048710349,540.9281380000001,100.41433333333333,58.340666666666664,158.755,211.74733333333333,123.02566666666667,334.77299999999997
78,0,861.1277712528669,0.09483028183281118,0.7814763287909554,541.4538982222222,0.2773379364290137,861.1277712528669,541.4538982222222,103.27433333333333,58.284333333333336,161.559,216.91899999999998,122.42200000000001,339.341
79,40000,0.23863191997688102,0.0009966689654917033,0.7894168728653983,184.3648368888889,0.011283031671651853,0.23863191997688102,184.3648368888889,73.42450000000001,7.2861666666666665,80.71033333333334,74.79333333333334,7.421833333333333,82.21566666666668
79,5000,1.838914836324836,0.001961160500947132,0.7934448635412744,184.51454988888887,0.011875102667784507,1.838914836324836,184.51454988888887,73.37933333333334,7.3709999999999996,80.75066666666667,71.66366666666666,7.198666666666667,78.86233333333332
79,3000,3.0183890355155913,0.0016067105838110773,0.7942542991808428,184.62491244444445,0.00669833944041684,3.0183890355155913,184.62491244444445,73.43933333333332,7.441666666666666,80.881,71.348,7.2299999999999995,78.57799999999999
79,2000,4.471224255849488,0.0008284757931684564,0.7941301784234959,184.76040533333335,0.007059866437174568,4.471224255849488,184.76040533333335,73.49633333333333,7.525333333333333,81.02233333333334,72.46600000000001,7.420333333333333,79.88600000000001
79,1500,5.892685154517001,0.0019288034251708764,0.7939392261681179,184.8784138888889,0.002728565625094496,5.892685154517001,184.8784138888889,73.56599999999999,7.609666666666667,81.176,72.16733333333333,7.465,79.63266666666667
79,1000,8.651503138362706,0.0025618068778899,0.7939624342717394,185.07503611111113,0.0015067765569714336,8.651503138362706,185.07503611111113,73.88366666666667,7.791666666666667,81.67533333333334,73.044,7.703,80.74733333333334
79,900,9.539956498314808,0.0023805404651643367,0.7939339540371931,185.14011199999996,0.011948644920841581,9.539956498314808,185.14011199999996,73.74166666666667,7.825333333333333,81.56733333333334,72.20533333333333,7.662333333333334,79.86766666666666
79,800,10.640476581209343,0.0012189489722536117,0.7939065440252899,185.21128577777776,0.006035438125788476,10.640476581209343,185.21128577777776,73.796,7.890333333333333,81.68633333333334,72.20033333333333,7.72,79.92033333333335
79,700,12.00639662303323,0.0348157282619106,0.7938613098208173,185.2962216666667,0.018978024768439718,12.00639662303323,185.2962216666667,73.95466666666667,7.9816666666666665,81.937,72.46533333333333,7.821000000000001,80.28666666666668
79,600,13.838494904170224,0.001129570993593933,0.7939429773983959,185.42645555555555,0.010448988629082943,13.838494904170224,185.42645555555555,73.946,8.078666666666667,82.02433333333333,72.62533333333333,7.934333333333334,80.55966666666667
79,550,14.953105590644867,0.001414626488607298,0.7938916086415287,185.49106922222222,0.007916110930189424,14.953105590644867,185.49106922222222,73.992,8.142666666666665,82.13466666666666,73.37533333333333,8.074666666666667,81.45033333333333
79,450,17.847669695038757,0.0034876310059672308,0.7939107733989106,185.66038,0.0063315204159630776,17.847669695038757,185.66038,74.21766666666667,8.323,82.54066666666667,73.78866666666667,8.275,82.06366666666666
79,380,20.637637165126062,0.003207706828832839,0.793948818699879,185.83699411111107,0.012923988996930874,20.637637165126062,185.83699411111107,74.344,8.486666666666666,82.83033333333333,74.34400000000001,8.487,82.83066666666667
79,340,22.663190365399302,0.001985583041309156,0.7939024508454319,185.96973033333336,0.021831028125146826,22.663190365399302,185.96973033333336,74.44333333333333,8.606333333333334,83.04966666666667,74.324,8.593,82.917
79,300,25.184393749750356,0.0021344855563632348,0.7938494583482133,186.10865788888893,0.019683664183862914,25.184393749750356,186.10865788888893,74.47466666666666,8.744333333333332,83.219,74.31766666666667,8.725666666666667,83.04333333333334
79,260,28.293033269620476,0.0005219730881097589,0.7938712638597725,186.29108122222223,0.028557085780214937,28.293033269620476,186.29108122222223,74.63133333333333,8.927666666666667,83.55900000000001,74.448,8.906,83.35333333333334
79,220,32.278717710307326,0.0024031055797906265,0.793865594112964,186.51118366666665,0.0183513732486364,32.278717710307326,186.51118366666665,74.824,9.162666666666667,83.98633333333333,74.41333333333334,9.112333333333334,83.52533333333334
79,200,34.7634081010416,0.010927387750795922,0.793810252398483,186.66125766666664,0.0192997588096529,34.7634081010416,186.66125766666664,75.03366666666666,9.327,84.36066666666666,75.30333333333333,9.360666666666667,84.66466666666666
79,180,37.51544670585843,0.0011354639648377457,0.7938517143258048,186.79317377777775,0.011804247777510523,37.51544670585843,186.79317377777775,75.16166666666668,9.482333333333335,84.64366666666668,75.36333333333333,9.507666666666667,84.871
79,160,40.85873119320302,0.0013768947138204906,0.7938850767624457,186.96545355555554,0.008457431514020005,40.85873119320302,186.96545355555554,75.24233333333332,9.669666666666666,84.91233333333334,74.38666666666667,9.559666666666667,83.94633333333333
79,140,44.87045936185152,0.0008984104316648754,0.7938708252363291,187.18172333333334,0.007215382487753553,44.87045936185152,187.18172333333334,75.44566666666667,9.908,85.35366666666665,73.94500000000001,9.711,83.656
79,120,50.29625741560154,0.0007837071997687818,0.7938479798173507,187.482365,0.02877172263602666,50.29625741560154,187.482365,75.85466666666667,10.244,86.09866666666666,79.42433333333334,10.725999999999999,90.15066666666667
79,100,56.93305966499472,0.004993310683592024,0.7938516245812258,187.82701566666665,0.006644530741751967,56.93305966499472,187.82701566666665,76.10933333333334,10.617666666666667,86.72733333333333,75.44466666666666,10.525,85.96966666666667
79,90,60.91977063870709,0.002020595555362283,0.7938461251382295,188.04908688888887,0.046712959686837884,60.91977063870709,188.04908688888887,76.34666666666666,10.853,87.2,75.46733333333333,10.728666666666667,86.19533333333334
79,80,65.0988717085474,0.0035628524552140176,0.7938452443398627,188.26818655555556,0.03948829095134342,65.0988717085474,188.26818655555556,76.51133333333333,11.097333333333333,87.60833333333333,76.57866666666666,11.107,87.68533333333335
79,70,70.57259671768729,0.005662924951058159,0.7938468168328834,188.59437400000002,0.008467079386271309,70.57259671768729,188.59437400000002,76.904,11.436,88.34033333333332,76.462,11.370666666666667,87.832
79,65,73.32399888380736,0.0019144238578114579,0.7938326489796204,188.75540455555554,0.021845937027132292,73.32399888380736,188.75540455555554,76.991,11.584333333333333,88.57533333333333,76.657,11.533666666666667,88.19099999999999
79,60,77.01781439306153,0.0028541987669920567,0.79383250696573,188.96752933333335,0.050643386933624884,77.01781439306153,188.96752933333335,77.191,11.808333333333332,88.99966666666667,76.931,11.768666666666666,88.69966666666669
79,55,80.30652061866749,0.0033962667901191613,0.7938154215343148,189.18147488888886,0.015426787173032011,80.30652061866749,189.18147488888886,77.38266666666668,11.995666666666665,89.378,76.84,11.911333333333333,88.75133333333333
79,50,84.76780813117715,0.004979315122429305,0.7938375072325012,189.4486028888889,0.030980693522694284,84.76780813117715,189.4486028888889,77.72533333333332,12.273666666666665,89.99900000000001,77.17333333333333,12.186333333333332,89.35966666666667
79,45,88.621170980679,0.016783936130185972,0.7938249996482867,189.70424411111108,0.04724994710675156,88.621170980679,189.70424411111108,77.847,12.483666666666666,90.33033333333333,77.41066666666666,12.414,89.82433333333334
79,40,92.43551894625705,0.01135466295118944,0.7938084386534247,190.04026133333332,0.17264410214177012,92.43551894625705,190.04026133333332,78.00966666666666,12.708333333333334,90.71766666666667,78.10466666666666,12.723999999999998,90.82833333333333
79,35,97.69094044925014,0.017914772439681117,0.7937989577263065,190.37204744444443,0.05791113895281094,97.69094044925014,190.37204744444443,78.47666666666667,13.033666666666667,91.51033333333334,78.39433333333334,13.020333333333333,91.41433333333333
79,30,103.32766827748993,0.010997408506609954,0.79380269944737,190.719126,0.039017817934040286,103.32766827748993,190.719126,78.56633333333333,13.350000000000001,91.91666666666667,78.64733333333334,13.363666666666667,92.01133333333333
79,27,106.52339776553883,0.010011742735983698,0.7938039096633464,190.98892311111112,0.07366015737784092,106.52339776553883,190.98892311111112,78.71966666666667,13.538333333333334,92.258,78.88733333333333,13.567333333333332,92.45466666666665
79,26,113.31344497904773,0.05726666348084622,0.7937966517791475,191.5078881111111,0.06603316771165219,113.31344497904773,191.5078881111111,79.147,13.937333333333333,93.08433333333333,79.26,13.957333333333333,93.21733333333333
79,25,112.67277220412018,0.005789191190366062,0.793801298435859,191.64276877777775,0.127728578097941,112.67277220412018,191.64276877777775,79.07333333333334,13.901666666666666,92.97466666666666,79.52166666666666,13.980333333333334,93.50266666666666
79,24,116.95851067554793,0.010870727877679,0.7938056771807421,191.8449853333333,0.049680313224785624,116.95851067554793,191.8449853333333,79.402,14.159666666666666,93.56233333333334,79.57266666666668,14.19,93.76299999999999
79,23,120.77394119772582,0.026356064548242453,0.7938054807975573,192.17682155555553,0.09455404730999802,120.77394119772582,192.17682155555553,79.87033333333333,14.408333333333333,94.27866666666667,79.77933333333333,14.391666666666666,94.171
79,22,125.27759466697312,0.03758118454658559,0.7937995249379721,192.61798722222224,0.10888797769848549,125.27759466697312,192.61798722222224,80.16266666666667,14.656,94.81866666666667,80.533,14.723999999999998,95.25733333333334
79,21,131.47287414849168,0.028041807297895634,0.7937992054941695,193.31096666666667,0.0759590954315684,131.47287414849168,193.31096666666667,80.28766666666667,15.018666666666666,95.306,79.94200000000001,14.954,94.89566666666667
79,20,135.1862516507306,0.02734722839052605,0.7938076141503898,193.7103222222222,0.04676528744027107,135.1862516507306,193.7103222222222,80.553,15.244,95.79666666666667,80.32466666666666,15.200666666666665,95.52566666666667
79,19,147.39861711946568,0.055122841716757826,0.7938036951763477,195.08424466666668,0.15789692647878362,147.39861711946568,195.08424466666668,80.50733333333334,15.961333333333334,96.469,80.44433333333333,15.949,96.39333333333333
79,18,146.96839943650073,0.003935253525306032,0.7938053641096728,194.85213466666667,0.09267229511621845,146.96839943650073,194.85213466666667,80.849,15.934,96.783,80.542,15.873333333333335,96.41566666666667
79,17,189.87422911665803,0.04145894900443275,0.7938152324922916,201.31655877777777,0.2056661233040589,189.87422911665803,201.31655877777777,82.04833333333333,18.546666666666667,100.59466666666667,94.85766666666666,21.442333333333334,116.3
79,16,224.17417568315076,0.0040137389714401265,0.7938226620135235,208.03209333333334,0.15071597314632149,224.17417568315076,208.03209333333334,82.53,20.545666666666666,103.07566666666666,83.231,20.720333333333333,103.95133333333335
79,15,239.5360356599377,0.009922214713728329,0.7938188724965407,210.799172,0.5200280925329138,239.5360356599377,210.799172,82.90933333333334,21.49066666666667,104.39966666666668,83.72166666666668,21.701000000000004,105.42233333333333
79,14,257.1983722086943,0.005118513070972574,0.7938270295212854,214.98409466666666,0.3120922818676056,257.1983722086943,214.98409466666666,83.033,22.512333333333334,105.545,84.592,22.93466666666667,107.52666666666666
79,13,277.3135050690759,0.025210713509816685,0.7938201946328783,218.86120777777782,0.233799326982312,277.3135050690759,218.86120777777782,83.61666666666667,23.69066666666667,107.30766666666666,90.23133333333334,25.564666666666668,115.79633333333334
79,12,301.64061676084185,0.03449532571369826,0.7938273899906507,225.09188377777775,0.8815884514449194,301.64061676084185,225.09188377777775,84.60199999999999,25.19633333333333,109.79766666666667,92.92666666666666,27.67533333333333,120.60200000000002
79,11,326.3313702103507,0.024894218775729005,0.7938197063525302,229.74489177777778,0.35274285467230876,326.3313702103507,229.74489177777778,85.29033333333334,26.598333333333333,111.889,93.84666666666665,29.267,123.11366666666667
79,10,364.73170036151765,0.012618870543785752,0.7938287674939307,238.53121377777777,0.1272130163751559,364.73170036151765,238.53121377777777,86.36233333333332,28.956,115.31833333333333,98.19566666666667,32.924,131.1196666666667
79,9,407.9124112273634,0.02878676581054558,0.7938298050793486,249.49547288888888,0.39621486732469946,407.9124112273634,249.49547288888888,86.98966666666666,31.442333333333334,118.432,100.93933333333332,36.48433333333333,137.42366666666666
79,8,461.7036374027821,0.02845732728717463,0.7938287631325819,263.531095,0.313798142459086,461.7036374027821,263.531095,89.09266666666667,34.65633333333333,123.74933333333333,104.53800000000001,40.665,145.20266666666666
79,7,531.9364527353915,0.06946968753641852,0.79383077722848,288.28268744444443,0.37643073946585165,531.9364527353915,288.28268744444443,91.789,38.824333333333335,130.61333333333334,116.94266666666668,49.464,166.40666666666667
79,6,627.664023761784,0.04163824606947605,0.7938364591177699,327.2229061111111,0.801335335720897,627.664023761784,327.2229061111111,95.30833333333334,44.53333333333333,139.84166666666667,131.65533333333335,61.51666666666667,193.172
79,5,763.6359452757557,0.04801262381954859,0.7938404772103982,400.8791346666667,0.49262669324483893,763.6359452757557,400.8791346666667,101.30966666666666,52.678,153.98733333333334,162.221,84.35000000000001,246.57066666666665
79,4,863.7309164275331,0.3789419980592468,0.7938590618466401,540.100284,0.08255932417969564,863.7309164275331,540.100284,107.098,58.584666666666664,165.68266666666668,224.89433333333332,123.021,347.91499999999996
79,3,864.2387118844058,0.1441664554399718,0.7938575254867563,541.2157998888889,0.10572094704522043,864.2387118844058,541.2157998888889,105.36466666666666,58.62866666666667,163.99333333333334,221.244,123.108,344.3523333333333
79,2,864.2911847449835,0.1960311879407962,0.7938500862199181,540.876936,0.4359816807838036,864.2911847449835,540.876936,104.60433333333333,58.636,163.24033333333333,219.06566666666666,122.79666666666667,341.863
79,1,864.3812376117256,0.08025576931223138,0.7938618587630663,541.3573426666667,0.2273528192511366,864.3812376117256,541.3573426666667,100.654,58.65866666666667,159.31266666666667,212.79133333333334,124.00933333333334,336.8006666666667
79,0,864.3626789885616,0.12660419956691554,0.7938687461304812,541.3729938888888,0.3511761300069575,864.3626789885616,541.3729938888888,103.55133333333333,58.726333333333336,162.278,218.202,123.74733333333332,341.9493333333333
81,100000,0.09812203279246175,0.0012979571225391234,0.8106440118074207,184.3328216111111,0.013424920057580746,0.09812203279246175,184.3328216111111,73.35016666666667,7.270333333333333,80.62025,71.86183333333334,7.122833333333333,78.98466666666667
81,40000,0.23344302139665413,0.0017403279403630219,0.808393217219547,184.339036,0.010751511247791855,0.23344302139665413,184.339036,73.32766666666667,7.275666666666666,80.603,71.90433333333333,7.134333333333333,79.03833333333334
81,5000,1.8105385803405538,0.0009238428708687724,0.8062373631169389,184.52138122222223,0.01068769284080036,1.8105385803405538,184.52138122222223,73.37266666666666,7.3693333333333335,80.74166666666666,71.95633333333333,7.227,79.183
81,3000,2.9758773846449365,0.0007565273745902,0.8065018592255319,184.62071166666666,0.0059219417517324775,2.9758773846449365,184.62071166666666,73.43633333333334,7.439333333333334,80.87533333333333,71.62366666666667,7.255333333333333,78.879
81,2000,4.402753142817667,0.0024992369615093753,0.8068360799793998,184.7570388888889,0.020403243841560992,4.402753142817667,184.7570388888889,73.49866666666667,7.523333333333333,81.02166666666666,71.91566666666667,7.3613333333333335,79.27666666666666
81,1500,5.803788545270662,0.0015227709397068162,0.8067016848263734,184.86513211111108,0.004224380734789944,5.803788545270662,184.86513211111108,73.56533333333333,7.606333333333333,81.17166666666667,72.00766666666667,7.445333333333333,79.453
81,1000,8.522185123540586,0.0009121463953822278,0.8066762337625185,185.06279511111111,0.01631551868737656,8.522185123540586,185.06279511111111,73.86666666666666,7.7860000000000005,81.65233333333333,77.80733333333332,8.201333333333332,86.00866666666667
81,900,9.398228934461711,0.0015167154350204284,0.8066053287638061,185.13180766666667,0.0029549731527321954,9.398228934461711,185.13180766666667,73.83233333333334,7.829000000000001,81.66166666666668,72.258,7.662333333333334,79.92
81,800,10.485025474501413,0.0014647960844189076,0.8065959025531192,185.2086102222222,0.011593875396265095,10.485025474501413,185.2086102222222,73.78233333333334,7.882000000000001,81.664,72.68766666666666,7.765333333333333,80.45266666666667
81,700,11.849539679874423,0.0017454726408863493,0.8066431182711388,185.28915855555556,0.025392168594399297,11.849539679874423,185.28915855555556,73.85366666666665,7.9639999999999995,81.81766666666667,72.21066666666667,7.786666666666666,79.99733333333333
81,600,13.637076716280598,0.001301640764923063,0.8066069438210387,185.41077133333332,0.016415160157623662,13.637076716280598,185.41077133333332,74.03466666666667,8.08,82.11433333333333,72.48566666666666,7.911333333333334,80.39666666666666
81,550,14.735569324230733,0.001529262406171524,0.806586504132737,185.48279711111113,0.03351176279778538,14.735569324230733,185.48279711111113,73.97699999999999,8.132333333333333,82.109,73.427,8.071666666666667,81.49866666666667
81,450,17.594252965187216,0.0010963889795227997,0.8066033313427461,185.64441466666665,0.032019964242805406,17.594252965187216,185.64441466666665,74.111,8.300666666666666,82.41166666666668,74.06266666666666,8.295,82.35833333333333
81,380,20.347852856036948,0.0005473156152266541,0.806637355363992,185.82679900000002,0.009500233330492592,20.347852856036948,185.82679900000002,74.34400000000001,8.476333333333335,82.82066666666667,79.02133333333335,9.01,88.03166666666668
81,340,22.351086371362555,0.0012482173614876192,0.8066795348944428,185.93693377777777,0.011327710533286647,22.351086371362555,185.93693377777777,74.33833333333332,8.583,82.921,74.07033333333334,8.551333333333334,82.622
81,300,24.85759969614129,0.0007510452094607283,0.8066923908631302,186.08606244444442,0.03268301301953587,24.85759969614129,186.08606244444442,74.44333333333333,8.732,83.17533333333334,75.78133333333334,8.889000000000001,84.67033333333333
81,260,27.943785999824527,0.001900556203370026,0.806638395141844,186.23795122222222,0.008398678469698025,27.943785999824527,186.23795122222222,74.62466666666667,8.913,83.53766666666667,74.26266666666668,8.869666666666667,83.13233333333334
81,220,31.88406206563137,0.0011350958489404115,0.8066341870653693,186.45688333333337,0.012700773366651395,31.88406206563137,186.45688333333337,74.90733333333333,9.157,84.06433333333332,74.59566666666667,9.118666666666668,83.71433333333333
81,200,34.34062266171825,0.002982704788903494,0.8066509651867699,186.5900751111111,0.008979235616651432,34.34062266171825,186.5900751111111,74.92133333333334,9.29,84.21133333333334,74.47699999999999,9.235,83.712
81,180,37.084349999987914,0.005173262344931811,0.8067093774526667,186.78061955555555,0.058668305115693715,37.084349999987914,186.78061955555555,75.02433333333333,9.470333333333334,84.49433333333333,79.34966666666666,10.019,89.36833333333334
81,160,40.434358061511396,0.0010762765070992343,0.8066602504728079,186.91217555555554,0.017257190998168515,40.434358061511396,186.91217555555554,75.22733333333333,9.652333333333333,84.87966666666667,74.59866666666666,9.571333333333333,84.17033333333335
81,140,44.42940248345487,0.0017429797520230191,0.8066692743720395,187.12017999999998,0.013543266088119902,44.42940248345487,187.12017999999998,75.62599999999999,9.915000000000001,85.541,74.50033333333333,9.767333333333333,84.26766666666667
81,120,49.80695875988738,0.00401787880289914,0.8066383923317589,187.39360944444445,0.00988440517141739,49.80695875988738,187.39360944444445,75.831,10.222666666666667,86.05366666666667,74.22066666666667,10.005,84.22566666666667
81,100,56.42435440698758,0.0040925847521524105,0.8066862022306417,187.73823855555557,0.018853719233260596,56.42435440698758,187.73823855555557,76.103,10.6,86.70299999999999,75.203,10.474333333333334,85.67733333333332
81,90,60.39414845667772,0.004718714810823342,0.806669151304893,187.96314877777777,0.024313848457538163,60.39414845667772,187.96314877777777,76.43066666666665,10.849333333333334,87.28000000000002,81.04166666666667,11.504,92.54533333333335
81,80,64.56496316215502,0.005208257852616534,0.8066308305985964,188.18139788888888,0.04082379803269176,64.56496316215502,188.18139788888888,76.497,11.078333333333333,87.57533333333333,76.41333333333334,11.066,87.48
81,70,69.94427216935378,0.007439941146864445,0.806650738402432,188.4685246666667,0.011500543644129045,69.94427216935378,188.4685246666667,76.78133333333334,11.397333333333334,88.17866666666667,76.331,11.330666666666666,87.66133333333335
81,65,72.72032846691378,0.007105170195045683,0.8066541897608785,188.61872877777776,0.005587367033786343,72.72032846691378,188.61872877777776,76.96633333333334,11.562,88.52866666666667,76.28500000000001,11.459666666666665,87.74466666666666
81,60,76.36374889105578,0.004526584728388963,0.8066189498533619,188.86005877777777,0.001738394864131143,76.36374889105578,188.86005877777777,77.16166666666668,11.776333333333334,88.93799999999999,77.381,11.809666666666667,89.19066666666667
81,55,79.68011222643713,0.004278431074069227,0.8066410075066156,189.04828977777777,0.037351292408576715,79.68011222643713,189.04828977777777,77.35799999999999,11.973333333333334,89.33066666666666,77.07866666666666,11.930333333333332,89.00866666666667
81,50,84.10812544371852,0.007470247567979265,0.8066586611238304,189.29429222222223,0.032769531360594885,84.10812544371852,189.29429222222223,77.601,12.235,89.836,77.11733333333332,12.158666666666667,89.276
81,45,87.95321809335876,0.023392070608935597,0.8066289836532237,189.56120366666664,0.06344566763863013,87.95321809335876,189.56120366666664,77.919,12.477333333333334,90.39566666666667,77.78433333333334,12.455666666666666,90.24000000000001
81,40,91.71560101023714,0.005766099185316412,0.8066136666538116,189.85203611111112,0.10947386087877205,91.71560101023714,189.85203611111112,77.98866666666667,12.684666666666667,90.67399999999999,78.25833333333334,12.728666666666667,90.98733333333332
81,35,97.14016365913517,0.020034955769418165,0.806620590115461,190.1671288888889,0.0319911229377111,97.14016365913517,190.1671288888889,78.349,13.006,91.35433333333333,77.90966666666667,12.933,90.84266666666667
81,30,102.63807863002803,0.012523752163192355,0.8065974943322903,190.53090533333332,0.015329139814241409,102.63807863002803,190.53090533333332,78.54433333333333,13.33,91.87400000000001,78.34933333333333,13.296999999999999,91.64633333333335
81,27,106.09461578830651,0.000864708273538692,0.8066225362909348,190.91835944444446,0.12204331238691375,106.09461578830651,190.91835944444446,78.70266666666667,13.535333333333334,92.238,79.61533333333334,13.692333333333332,93.30733333333335
81,26,113.20929287573529,0.04590547975135938,0.8066105803562179,191.3865775555556,0.027628118869375034,113.20929287573529,191.3865775555556,79.14366666666666,13.955333333333334,93.09833333333334,78.94333333333333,13.919666666666666,92.86366666666667
81,25,112.42345051532432,0.0037556775171380956,0.8066114808070731,191.38720400000003,0.03389813234452137,112.42345051532432,191.38720400000003,79.088,13.908000000000001,92.99566666666665,80.05933333333333,14.078666666666665,94.13766666666668
81,24,116.61583158097147,0.004043726823914844,0.8066221561131108,191.69918022222222,0.0855326157630007,116.61583158097147,191.69918022222222,79.61833333333334,14.200666666666669,93.819,85.33066666666667,15.219666666666667,100.55033333333334
81,23,120.42246668573647,0.012103226334663856,0.8066222872392541,192.11376222222222,0.036299906036468405,120.42246668573647,192.11376222222222,79.90166666666666,14.412333333333331,94.31400000000001,79.696,14.375666666666666,94.07133333333333
81,22,124.88951930709156,0.022733010328904023,0.8066233742243387,192.45810744444444,0.05563794624409027,124.88951930709156,192.45810744444444,80.18366666666667,14.658666666666667,94.84233333333333,79.96733333333333,14.619,94.58666666666666
81,21,131.17665963692983,0.033183359210013766,0.8066294347382866,193.1959747777778,0.10584109594698911,131.17665963692983,193.1959747777778,80.31099999999999,15.030666666666667,95.34166666666665,79.998,14.972333333333333,94.96999999999998
81,20,134.74318641797723,0.021753098133450395,0.8066199256270332,193.5372251111111,0.06641361081245459,134.74318641797723,193.5372251111111,80.53133333333334,15.241666666666667,95.77300000000001,80.56433333333332,15.247666666666667,95.81200000000001
81,19,147.21442334947923,0.05273103504855595,0.8066279610160958,194.98930877777778,0.03164398610643582,147.21442334947923,194.98930877777778,80.62066666666668,15.995666666666667,96.61633333333333,80.64433333333334,16.000333333333334,96.645
81,18,146.36454478586174,0.006392050594652035,0.80662648402352,194.87401833333334,0.11605574252680452,146.36454478586174,194.87401833333334,80.836,15.929,96.76433333333334,80.87566666666667,15.937000000000003,96.81266666666666
81,17,192.99113754518692,0.0076745251070300426,0.8065746524488185,201.81609955555555,0.07582018088895007,192.99113754518692,201.81609955555555,82.06966666666666,18.750333333333334,100.82,82.922,18.945,101.867
81,16,224.42071518765883,0.03304375698295614,0.8065569438153952,207.92000066666665,0.3873241558756531,224.42071518765883,207.92000066666665,82.60433333333333,20.606666666666666,103.211,83.31766666666667,20.784333333333333,104.10233333333333
81,15,239.82146084054366,0.008552781296125479,0.8065486848446094,211.54507566666666,0.3295039655987642,239.82146084054366,211.54507566666666,83.046,21.57766666666667,104.62366666666667,90.32733333333333,23.469666666666665,113.79700000000001
81,14,257.49278085608125,0.015997149280978576,0.8065501746302924,215.0049841111111,0.21214093181981955,257.49278085608125,215.0049841111111,83.14566666666667,22.58366666666667,105.72966666666667,87.44033333333334,23.75,111.19066666666667
81,13,276.5014398000882,0.005798190374780186,0.8065462739565746,218.80348955555553,0.12141818010738369,276.5014398000882,218.80348955555553,83.58433333333333,23.691,107.27533333333334,90.20266666666667,25.566333333333333,115.769
81,12,301.9512518383166,0.018506587749763853,0.8065525688373599,224.78275477777777,0.7777078197637842,301.9512518383166,224.78275477777777,84.43733333333334,25.209999999999997,109.64733333333334,92.34833333333334,27.572000000000003,119.92
81,11,329.81594697276665,0.02111697686280956,0.806554063018709,230.2724938888889,0.3694415211944942,329.81594697276665,230.2724938888889,85.406,26.871333333333336,112.278,93.89466666666665,29.542,123.43700000000001
81,10,364.97396785507834,0.024861718349594438,0.8065548631252852,239.92402288888889,0.5253731713744587,364.97396785507834,239.92402288888889,86.36766666666666,29.0,115.36733333333332,97.35433333333333,32.68933333333333,130.04333333333332
81,9,402.6348582190647,0.0207098013156572,0.8066138346199622,247.03400077777778,0.23874703748398032,402.6348582190647,247.03400077777778,87.057,31.218333333333334,118.27499999999999,99.60866666666668,35.719,135.32766666666666
81,8,461.1591159013014,0.01818761841128327,0.8065610254139127,266.32105977777775,0.8991964060905892,461.1591159013014,266.32105977777775,89.19200000000001,34.723,123.91566666666667,104.64033333333333,40.737,145.37800000000001
81,7,531.2531317994279,0.03759384266888869,0.8065620227306242,285.3392196666667,0.09762964013095787,531.2531317994279,285.3392196666667,91.802,38.886,130.688,116.645,49.409333333333336,166.05433333333335
81,6,627.6766014216862,0.02267507005920105,0.806562994497353,326.7587027777778,0.5782564868572426,627.6766014216862,326.7587027777778,95.61533333333334,44.678333333333335,140.29333333333332,131.129,61.273,192.40266666666665
81,5,759.6625988378013,0.15224369299542312,0.806559068444555,390.0639914444444,0.09208278467549473,759.6625988378013,390.0639914444444,101.43333333333334,52.655,154.08833333333334,159.399,82.74566666666666,242.14466666666667
81,4,866.4058243340178,0.08660262005109601,0.8066361287160531,540.3561182222223,0.14862946573322663,866.4058243340178,540.3561182222223,107.53433333333334,58.988,166.52200000000002,225.51933333333332,123.70833333333333,349.228
81,3,867.5081457342211,0.18511077703486478,0.8066326227973978,542.0383814444444,0.28767152315447575,867.5081457342211,542.0383814444444,105.93133333333333,59.018,164.94966666666667,223.12133333333335,124.30900000000001,347.4303333333333
81,2,867.44283263608,0.04333361543033803,0.8066516174571863,542.1291615555555,0.24887763944174404,867.44283263608,542.1291615555555,105.397,59.02633333333333,164.42333333333332,221.97166666666666,124.31233333333334,346.2836666666667
81,1,867.0515986001902,0.4286313144834886,0.8066444266235409,542.2328096666666,0.25119307366510935,867.0515986001902,542.2328096666666,100.97033333333333,59.010333333333335,159.98066666666668,212.742,124.33333333333333,337.0753333333333
81,0,867.4310131592838,0.12771493906299605,0.8066400131318989,543.1970663333333,0.22724152040377904,867.4310131592838,543.1970663333333,103.62466666666667,58.99,162.61433333333332,218.50733333333335,124.38833333333334,342.8953333333333
82,100000,0.09727738634771614,0.00020682514414259364,0.8197876068706129,184.33305488888888,0.009892031553662098,0.09727738634771614,184.33305488888888,73.32791666666667,7.267916666666667,80.59583333333333,71.75925,7.112583333333333,78.87166666666667
82,40000,0.22961846792814883,0.0006383255653839942,0.8200320715717881,184.35421944444442,0.012154051863594795,0.22961846792814883,184.35421944444442,73.32483333333333,7.2749999999999995,80.59983333333334,72.12733333333334,7.156,79.28316666666666
82,5000,1.7811382547176458,0.0015300449599070212,0.8193336094031475,184.51397433333332,0.003760384392274233,1.7811382547176458,184.51397433333332,73.46566666666666,7.377666666666666,80.843,71.903,7.220666666666666,79.12400000000001
82,3000,2.927851616811052,0.001821877986147385,0.8196078528210404,184.6282834444444,0.009469675580148055,2.927851616811052,184.6282834444444,73.438,7.437666666666666,80.87533333333333,71.336,7.224666666666667,78.56066666666668
82,2000,4.332420132903761,6.683210896404848e-05,0.8195759415452469,184.7339731111111,0.0029081427890260115,4.332420132903761,184.7339731111111,73.59766666666667,7.531,81.12866666666666,77.19833333333334,7.8996666666666675,85.09833333333334
82,1500,5.707603386366633,0.0015228116978237038,0.819996618554478,184.84833255555554,0.012970330546355043,5.707603386366633,184.84833255555554,73.563,7.602,81.165,72.053,7.445666666666667,79.49866666666667
82,1000,8.382643102304284,0.0015178154565251992,0.819834121984818,185.06032988888887,0.008436138666033629,8.382643102304284,185.06032988888887,73.78833333333334,7.7700000000000005,81.55866666666667,72.404,7.624333333333333,80.02866666666667
82,900,9.243869310863792,0.0010565667777606986,0.819809090602439,185.09853833333332,0.008844527542192851,9.243869310863792,185.09853833333332,73.73466666666667,7.811666666666667,81.54633333333334,72.11466666666666,7.640000000000001,79.75466666666667
82,800,10.307937665169751,0.00012203973099903762,0.8199136493278009,185.18396844444445,0.006295178140022642,10.307937665169751,185.18396844444445,73.78033333333333,7.873666666666668,81.65366666666667,72.854,7.774666666666666,80.62866666666666
82,700,11.65166585331086,0.0009681457986554173,0.819844281774707,185.2811577777778,0.03690016566409717,11.65166585331086,185.2811577777778,73.948,7.972,81.92,72.65933333333332,7.833333333333333,80.49233333333333
82,600,13.408620629929736,0.0014090094707251302,0.8198761500344286,185.376352,0.006567554398531519,13.408620629929736,185.376352,73.75666666666667,8.029666666666666,81.78699999999999,95.37133333333333,10.377666666666666,105.74933333333333
82,550,14.492238238706117,0.0005012639652649639,0.819805134854839,185.45343499999998,0.008309076008257131,14.492238238706117,185.45343499999998,73.98733333333332,8.122666666666667,82.11,72.622,7.972666666666666,80.59466666666667
82,450,17.297543991887597,0.00017432006226341464,0.8197611847354946,185.61753877777778,0.005258607275845819,17.297543991887597,185.61753877777778,74.20033333333333,8.297333333333333,82.49766666666666,73.94366666666667,8.268333333333333,82.21166666666666
82,380,19.999689663689697,0.0004801413271625248,0.8198228340389487,185.77151511111109,0.003977816267662196,19.999689663689697,185.77151511111109,74.23833333333333,8.447666666666667,82.68599999999999,74.06066666666666,8.427666666666667,82.488
82,340,21.97266644664785,0.0034659521679591214,0.8198301808455942,185.88982922222223,0.027221511122909724,21.97266644664785,185.88982922222223,74.32933333333334,8.564,82.89333333333333,74.081,8.535333333333334,82.61633333333333
82,300,24.42109959837626,0.0016638190228723162,0.8198178346055297,186.07720122222221,0.08816680752372752,24.42109959837626,186.07720122222221,74.43366666666667,8.719333333333333,83.15266666666666,77.07866666666666,9.029666666666666,86.108
82,260,27.44060073589334,0.01304491930336012,0.8198033739916838,186.1736543333333,0.011174150725872724,27.44060073589334,186.1736543333333,74.61766666666666,8.895333333333333,83.51299999999999,74.36566666666667,8.865666666666668,83.231
82,220,31.26571049928747,0.0009438986755473827,0.8198054750136712,186.38795644444443,0.010284715219616597,31.26571049928747,186.38795644444443,74.80266666666667,9.116333333333335,83.919,74.48366666666668,9.077333333333334,83.56099999999999
82,200,33.698741654555086,0.00198138227985095,0.8198249763848754,186.52161044444446,0.013165153011447094,33.698741654555086,186.52161044444446,74.90833333333335,9.259333333333332,84.168,74.78933333333333,9.244666666666667,84.034
82,180,36.406746515837234,0.0011528679556385897,0.8198086400482119,186.66556899999998,0.02123110790796441,36.406746515837234,186.66556899999998,75.04833333333333,9.420333333333334,84.469,74.87766666666666,9.399333333333333,84.27666666666666
82,160,39.65972638575666,0.00023674947814579698,0.8198285385652083,186.83427088888888,0.01749749747608836,39.65972638575666,186.83427088888888,75.21133333333333,9.614666666666666,84.82566666666666,74.67233333333333,9.545666666666667,84.218
82,140,43.554102322604216,0.0018960614998996005,0.8198356434754718,187.04112155555558,0.014915263477113142,43.554102322604216,187.04112155555558,75.52233333333334,9.860999999999999,85.38333333333333,74.36466666666666,9.709666666666665,84.07433333333333
82,120,48.831328175808096,0.00043486206956054824,0.8198274736423801,187.31023322222222,0.020956925032400788,48.831328175808096,187.31023322222222,75.70833333333333,10.160666666666666,85.86899999999999,74.567,10.007,84.574
82,100,55.32492654774261,0.005478708775515854,0.8197994048444212,187.65622722222224,0.03638007933891347,55.32492654774261,187.65622722222224,76.07366666666667,10.545,86.61899999999999,75.282,10.435333333333334,85.717
82,90,59.212835541369316,0.0019654351533951618,0.8198094825857717,187.84238700000003,0.010982159659079886,59.212835541369316,187.84238700000003,76.30566666666665,10.776000000000002,87.08133333333335,75.65266666666666,10.683666666666667,86.33633333333334
82,80,63.23049159174959,0.002439557895502957,0.8198348164782511,188.05687933333334,0.014715532749811642,63.23049159174959,188.05687933333334,76.66,11.041333333333332,87.70133333333335,81.339,11.714999999999998,93.05400000000002
82,70,68.46756911712326,0.0036793835494539663,0.819816300644474,188.32122066666668,0.04014181198917383,68.46756911712326,188.32122066666668,76.83666666666666,11.338,88.17466666666667,76.552,11.296,87.84833333333334
82,65,71.0863452363251,0.003950119800308578,0.8198156663051753,188.48439700000003,0.014088373330914701,71.0863452363251,188.48439700000003,76.91966666666667,11.479333333333335,88.39966666666668,76.132,11.362,87.49399999999999
82,60,74.61703770456188,0.0007186912928706915,0.819816672903,188.68862600000003,0.03622578286401087,74.61703770456188,188.68862600000003,77.12233333333334,11.69,88.81266666666666,76.54933333333334,11.603333333333333,88.15266666666666
82,55,77.90582923526777,0.004647933134632331,0.8197962948557639,188.8644323333333,0.04541155895071851,77.90582923526777,188.8644323333333,77.29733333333333,11.883333333333333,89.18066666666665,77.48733333333332,11.912333333333335,89.39999999999999
82,50,82.33541069173135,0.005583259875014203,0.819791085826543,189.19145622222223,0.02598304532728936,82.33541069173135,189.19145622222223,77.55733333333333,12.147666666666666,89.705,77.07766666666667,12.072666666666668,89.15033333333334
82,45,86.1622997291759,0.006511854035293052,0.8197993787392127,189.37587799999997,0.052386794399383325,86.1622997291759,189.37587799999997,77.88133333333333,12.389000000000001,90.27,77.60866666666668,12.345999999999998,89.95466666666668
82,40,89.80370911619383,0.004531901641340525,0.8197846351734489,189.62234755555554,0.043688471253659024,89.80370911619383,189.62234755555554,78.04599999999999,12.605333333333334,90.651,78.11366666666667,12.616333333333335,90.73
82,35,95.06856500040375,0.02121048874281428,0.81976136628905,189.93482555555556,0.04398829794430304,95.06856500040375,189.93482555555556,78.32733333333333,12.903,91.23033333333332,78.11666666666667,12.868,90.98466666666667
82,30,100.31441225300254,0.008632962791230703,0.8197600165115233,190.34128,0.047174581216996705,100.31441225300254,190.34128,78.49466666666666,13.213999999999999,91.709,78.514,13.217333333333334,91.73133333333334
82,27,103.22437351262458,0.0037298686883910363,0.8197677082411793,190.55324533333336,0.07803230106181895,103.22437351262458,190.55324533333336,78.58999999999999,13.383000000000001,91.973,82.31599999999999,14.017333333333333,96.33366666666666
82,26,109.64606752630677,0.01931043475765291,0.819775712737509,191.18144411111112,0.19147678456855272,109.64606752630677,191.18144411111112,79.04433333333334,13.774666666666667,92.819,79.93766666666666,13.930666666666667,93.86800000000001
82,25,108.92856849673365,0.0032672392274116905,0.8197663323583478,190.95981977777777,0.06758193124260867,108.92856849673365,190.95981977777777,78.93366666666667,13.725333333333333,92.65933333333334,78.99566666666666,13.736333333333334,92.73166666666667
82,24,113.10668468133831,0.009508573615422532,0.819769725766446,191.4782713333333,0.07022037826964676,113.10668468133831,191.4782713333333,79.25333333333333,13.981,93.23433333333332,79.08966666666667,13.951666666666668,93.04166666666667
82,23,116.63220370665472,0.018046171316143382,0.8197757804214397,191.7046748888889,0.04018845514205667,116.63220370665472,191.7046748888889,79.59666666666666,14.195333333333332,93.79199999999999,79.73333333333333,14.219333333333333,93.95299999999999
82,22,121.15380631648253,0.02038837159902925,0.8197804604709885,192.192393,0.026826952879151877,121.15380631648253,192.192393,80.10133333333333,14.481666666666667,94.58266666666667,80.39333333333333,14.534666666666666,94.92766666666667
82,21,127.37572874675341,0.010555204452799744,0.819774951965999,192.86571433333333,0.10865331070325038,127.37572874675341,192.86571433333333,80.19,14.833666666666668,95.02333333333333,79.97533333333332,14.794000000000002,94.76933333333334
82,20,130.78739019811368,0.031886369423441425,0.8197905318495041,193.1312021111111,0.07627929389953737,130.78739019811368,193.1312021111111,80.388,15.034333333333334,95.42233333333333,80.60866666666668,15.075666666666669,95.68400000000001
82,19,142.90350802183755,0.04083774238853348,0.8197826893855975,194.46336844444443,0.058204689589919444,142.90350802183755,194.46336844444443,80.43933333333332,15.781666666666666,96.22066666666666,80.24866666666667,15.744333333333332,95.99300000000001
82,18,142.2102517887265,0.0022272680214073465,0.8197872599691348,194.33411433333333,0.20436346700017471,142.2102517887265,194.33411433333333,80.949,15.762,96.711,86.76933333333334,16.896,103.66533333333332
82,17,184.16740716284826,0.005756146696363597,0.8197899906823647,200.42340544444446,0.24525806131417632,184.16740716284826,200.42340544444446,81.62599999999999,18.23966666666667,99.86566666666666,82.003,18.324,100.327
82,16,217.30110043135497,0.007380580989456018,0.8198068277462579,206.81747599999997,0.33925133383638145,217.30110043135497,206.81747599999997,82.61666666666666,20.3,102.91666666666667,89.62433333333333,22.022333333333336,111.64666666666666
82,15,232.19719884745578,0.010559183483942802,0.8198022181295413,209.5850008888889,0.19469549926153756,232.19719884745578,209.5850008888889,82.644,21.147333333333332,103.79133333333334,83.655,21.406333333333333,105.06166666666667
82,14,249.34500425011655,0.02605529414531126,0.8198068193901786,213.5590131111111,0.2143989005237988,249.34500425011655,213.5590131111111,82.72866666666667,22.132666666666665,104.86099999999999,88.64066666666668,23.71466666666667,112.35566666666666
82,13,268.6240626066055,0.037788969131391806,0.8198009203770854,217.63234555555553,0.24954906701276852,268.6240626066055,217.63234555555553,83.23733333333332,23.274,106.51133333333333,89.783,25.104333333333333,114.887
82,12,292.5598742470534,0.05650855691888539,0.8198025875790682,223.06773133333334,0.2594708204816602,292.5598742470534,223.06773133333334,84.07366666666667,24.705333333333332,108.779,92.03033333333333,27.043333333333333,119.07366666666667
82,11,320.22550318452016,0.009992510594951839,0.8198083431811622,229.47090644444447,0.2372070174983939,320.22550318452016,229.47090644444447,85.059,26.371,111.42999999999999,93.45100000000001,28.973,122.42366666666668
82,10,353.66650549776506,0.013415256659789071,0.8198130567565213,235.9672443333333,0.31603332305538256,353.66650549776506,235.9672443333333,85.74533333333333,28.362333333333336,114.108,96.10366666666665,31.788666666666668,127.892
82,9,394.9430754487389,0.023574237750753714,0.8198149138831967,245.90885144444442,0.2379805875130228,394.9430754487389,245.90885144444442,86.70300000000002,30.886,117.589,98.68133333333333,35.153333333333336,133.83433333333335
82,8,447.4695309766269,0.06206394091959385,0.8198120746031669,261.9840246666667,0.08961595253825491,447.4695309766269,261.9840246666667,88.80400000000002,33.988,122.79133333333334,104.291,39.91533333333333,144.20633333333333
82,7,515.3830024632177,0.043015716110823075,0.8198106538611296,283.5251255555556,0.7459545055521785,515.3830024632177,283.5251255555556,91.55233333333335,38.04633333333333,129.59900000000002,116.17433333333334,48.278333333333336,164.4523333333333
82,6,607.8844099288684,0.041056183283229686,0.8198138216236686,316.2544017777778,0.4575016512553667,607.8844099288684,316.2544017777778,94.96433333333334,43.61066666666667,138.57466666666667,126.66433333333333,58.16833333333333,184.83266666666668
82,5,739.9444531739861,0.14859963140985202,0.819888674735982,375.3907814444444,0.7747327488804401,739.9444531739861,375.3907814444444,100.76766666666667,51.559333333333335,152.327,153.8886666666667,78.73966666666666,232.62800000000001
82,4,867.591245014914,0.22117934380991522,0.8198339753764231,539.2757826666667,0.3299909003681666,867.591245014914,539.2757826666667,107.83366666666666,59.21933333333334,167.05366666666666,225.45133333333334,123.81133333333332,349.2626666666667
82,3,869.9317978985846,0.07027077169272897,0.8198482251523752,543.765352111111,0.2685567922090372,869.9317978985846,543.765352111111,106.23066666666666,59.348333333333336,165.579,224.3406666666667,125.33333333333333,349.6743333333334
82,2,869.8293921491272,0.16680712782152954,0.819841958127157,543.9135328888889,0.09980274756924838,869.8293921491272,543.9135328888889,105.58,59.411,164.99033333333333,223.492,125.76033333333334,349.2526666666667
82,1,869.9194930531932,0.06668591307726318,0.8198447086410017,543.8249366666665,0.12939310924849814,869.9194930531932,543.8249366666665,101.16199999999999,59.31999999999999,160.482,213.78666666666666,125.36133333333333,339.14799999999997
82,0,870.1722427178411,0.2940317554859178,0.8198420300784623,544.8500573333334,0.06909796445708359,870.1722427178411,544.8500573333334,103.529,59.17733333333333,162.706,219.17366666666666,125.28000000000002,344.454
83,100000,0.0959230102968936,0.0002840938065980622,0.8279918111935629,184.3356927222222,0.018239575055243328,0.0959230102968936,184.3356927222222,73.38822222222223,7.273777777777777,80.66177777777779,71.99722222222222,7.135888888888889,79.1331111111111
83,40000,0.22679803941481835,0.0004109925774423202,0.8329205412656868,184.34553077777778,0.019079549564721247,0.22679803941481835,184.34553077777778,73.32166666666666,7.274,80.596,72.45833333333333,7.1883333333333335,79.64666666666666
83,5000,1.7526926579233908,0.0011861360787477674,0.8327015429142639,184.5033516666667,0.011879423569093842,1.7526926579233908,184.5033516666667,73.37366666666667,7.367,80.74033333333334,71.607,7.19,78.79633333333334
83,3000,2.881146582017843,0.00046901332858618474,0.8330287102525982,184.62312877777777,0.01819511283691024,2.881146582017843,184.62312877777777,73.42833333333333,7.434,80.86266666666667,71.952,7.285,79.23633333333333
83,2000,4.261838032202309,0.003078821517208033,0.8335692063532981,184.75874611111112,0.009889491281854871,4.261838032202309,184.75874611111112,73.495,7.517,81.01166666666667,71.97000000000001,7.3613333333333335,79.33066666666666
83,1500,5.6191641157242,0.0006343840854542637,0.8333229990229802,184.85576433333333,0.013650058856227004,5.6191641157242,184.85576433333333,73.65766666666667,7.608999999999999,81.267,77.13033333333334,7.967666666666666,85.09833333333334
83,1000,8.254445360437474,0.0003925485980328412,0.8332853472167651,185.04765522222223,0.0033381586796252262,8.254445360437474,185.04765522222223,73.68966666666667,7.754666666666666,81.44433333333333,71.89933333333333,7.566333333333334,79.466
83,900,9.099268452635163,0.001565053369278831,0.833515425239647,185.1028522222222,0.012846298045793151,9.099268452635163,185.1028522222222,73.72333333333334,7.804666666666667,81.52833333333334,72.63166666666667,7.689,80.321
83,800,10.150165055729037,0.0010666995625821152,0.8334970741919898,185.1885841111111,0.01765252778037916,10.150165055729037,185.1885841111111,73.77233333333334,7.867,81.639,72.354,7.7156666666666665,80.06966666666666
83,700,11.474044889246267,0.0006057087040653087,0.8334583806414241,185.24194955555558,0.03453125326799944,11.474044889246267,185.24194955555558,74.02233333333334,7.967,81.98866666666667,77.82766666666667,8.376333333333333,86.20366666666666
83,600,13.205886123484333,0.00024579329656758343,0.8335279821858402,185.3676157777778,0.01657527281602942,13.205886123484333,185.3676157777778,74.02833333333334,8.061666666666667,82.09,77.63766666666668,8.455,86.09266666666667
83,550,14.2723040617104,0.001495670751433501,0.833436223831472,185.42944288888887,0.010207459327663993,14.2723040617104,185.42944288888887,73.98033333333332,8.113,82.093,72.581,7.959666666666666,80.54033333333332
83,450,17.039376973255333,0.001171587326654307,0.8334914691318492,185.5996515555556,0.020365238739754092,17.039376973255333,185.5996515555556,74.09466666666667,8.274333333333333,82.369,74.15266666666668,8.281,82.43366666666667
83,380,19.709524829553846,0.001975662660923423,0.833429134293521,185.76123155555555,0.02649794736981813,19.709524829553846,185.76123155555555,74.32733333333333,8.454333333333333,82.782,79.281,9.017666666666665,88.29833333333333
83,340,21.649134928399977,0.0014108690277890546,0.8334580013774587,185.8492316666667,0.02117734016188939,21.649134928399977,185.8492316666667,74.32,8.549999999999999,82.86966666666667,74.01766666666667,8.514999999999999,82.53266666666667
83,300,24.05124064497025,0.0008546167448210925,0.8334980578872074,185.99892577777777,0.014979460457320638,24.05124064497025,185.99892577777777,74.43900000000001,8.692666666666666,83.13166666666666,74.16633333333333,8.661,82.82666666666667
83,260,27.020114057761646,0.001009490152862998,0.8334977581994729,186.13824466666665,0.015848104692155095,27.020114057761646,186.13824466666665,74.58733333333333,8.869,83.45666666666666,74.50833333333333,8.86,83.36766666666666
83,220,30.82947777634047,0.0016457709311323244,0.8334554039623212,186.34675555555555,0.012649414963781695,30.82947777634047,186.34675555555555,74.76833333333333,9.095999999999998,83.864,74.43233333333332,9.055,83.48733333333332
83,200,33.216912120765606,0.0017939355702730293,0.8335013353803741,186.47945422222222,0.004048305960247914,33.216912120765606,186.47945422222222,74.88133333333333,9.237666666666668,84.11933333333333,74.63633333333333,9.207666666666666,83.844
83,180,35.8581820205562,0.0012277486591818164,0.8335205536345662,186.60886788888888,0.018777792647265312,35.8581820205562,186.60886788888888,75.109,9.408333333333333,84.51766666666667,80.748,10.115,90.86333333333333
83,160,39.064424908422666,0.0096799674897532,0.8335037335416922,186.7640321111111,0.012843599933774454,39.064424908422666,186.7640321111111,75.178,9.594,84.772,74.54133333333333,9.513,84.05433333333333
83,140,42.91411688439499,0.0019735574152908615,0.8334912737632728,186.960211,0.006819476576555769,42.91411688439499,186.960211,75.37533333333333,9.818,85.19333333333334,74.55133333333333,9.710333333333333,84.26166666666667
83,120,48.1326563774742,0.003284983505369798,0.8335134505857932,187.22298888888892,0.026768344377355775,48.1326563774742,187.22298888888892,75.76966666666668,10.144666666666666,85.914,79.96866666666666,10.707,90.67566666666666
83,100,54.5471935363403,0.0035938717795724476,0.8335308976943216,187.56012744444445,0.030069731293062455,54.5471935363403,187.56012744444445,76.039,10.521333333333333,86.56033333333335,74.86233333333332,10.358333333333333,85.22066666666666
83,90,58.37673849775303,0.002582747643757131,0.833494234419322,187.75932522222226,0.014003060873087829,58.37673849775303,187.75932522222226,76.26100000000001,10.738999999999999,87.0,75.38033333333334,10.615,85.995
83,80,62.41375842923579,0.007772886900005154,0.8335128329162235,187.95817055555554,0.01934338615174085,62.41375842923579,187.95817055555554,76.52499999999999,10.991666666666667,87.51666666666667,76.07000000000001,10.926666666666668,86.99633333333334
83,70,67.6923588525637,0.0028099744930091177,0.8334986439751298,188.21490500000002,0.017922062167422884,67.6923588525637,188.21490500000002,76.70333333333333,11.293000000000001,87.99633333333334,76.05366666666667,11.197333333333333,87.25133333333333
83,65,70.36183714467028,0.001144665051952391,0.8335066359227717,188.37419922222224,0.03441899801680679,70.36183714467028,188.37419922222224,76.89333333333333,11.452333333333334,88.34566666666666,76.29,11.362333333333334,87.65233333333333
83,60,73.96410767964078,0.006149059464987481,0.8334962453969273,188.569557,0.03784072952669504,73.96410767964078,188.569557,77.199,11.682333333333332,88.88133333333333,76.678,11.603666666666667,88.281
83,55,77.18620906583466,0.009168259710828047,0.8334843572387173,188.78041133333332,0.012766095722650014,77.18620906583466,188.78041133333332,77.27533333333334,11.857,89.13233333333334,77.25533333333334,11.854,89.109
83,50,81.57200627161863,0.0036771950536110772,0.8334874835377555,189.01993577777776,0.06037480435702094,81.57200627161863,189.01993577777776,77.533,12.12,89.65266666666666,77.07166666666666,12.048333333333334,89.11966666666666
83,45,85.35645731078598,0.030085686280734505,0.8334757407419264,189.2291546666667,0.012800869970436769,85.35645731078598,189.2291546666667,77.75733333333334,12.344666666666667,90.10233333333333,77.26333333333334,12.266,89.52966666666667
83,40,88.97974964301306,0.004740073681885866,0.833474371787796,189.45767166666667,0.04990221538165414,88.97974964301306,189.45767166666667,78.01033333333334,12.575333333333333,90.586,78.10966666666667,12.591333333333333,90.70100000000001
83,35,94.30839001698149,0.008745423855757937,0.8334614647653084,189.8113678888889,0.0687422813221336,94.30839001698149,189.8113678888889,78.34733333333334,12.898333333333333,91.24566666666665,85.65566666666666,14.100999999999999,99.75733333333334
83,30,99.55293423093757,0.008022007768712184,0.8334585924358687,190.26186766666663,0.19896922884290152,99.55293423093757,190.26186766666663,78.46766666666666,13.190333333333333,91.65733333333333,78.21666666666667,13.148000000000001,91.36466666666666
83,27,102.62073430542004,0.010422231244239707,0.8334648969750118,190.5292582222222,0.09755346980350452,102.62073430542004,190.5292582222222,78.61899999999999,13.373333333333335,91.99266666666666,78.34666666666666,13.327333333333334,91.67366666666665
83,26,109.30199097362657,0.013770120356983417,0.8334646114043777,191.01580177777774,0.03405045932848284,109.30199097362657,191.01580177777774,78.99766666666666,13.763333333333334,92.76133333333333,79.58633333333333,13.866,93.45233333333333
83,25,108.60786982297897,0.008417350818224359,0.8334501461999064,190.88173522222223,0.04035485896717386,108.60786982297897,190.88173522222223,79.04666666666667,13.746666666666668,92.79333333333334,79.08333333333333,13.753333333333332,92.83666666666666
83,24,112.7501012527526,0.009441840551360828,0.8334596421274822,191.330559,0.06773022078150741,112.7501012527526,191.330559,79.279,13.981333333333334,93.25966666666666,79.62266666666666,14.041666666666666,93.66399999999999
83,23,116.38517640398389,0.018459177319764465,0.8334662777047926,191.6742288888889,0.11332177485978505,116.38517640398389,191.6742288888889,79.63633333333333,14.205666666666666,93.84233333333333,80.49366666666667,14.358666666666666,94.85266666666666
83,22,120.74684171319876,0.013666572055323546,0.8334601836752867,192.01815711111112,0.03344910011134089,120.74684171319876,192.01815711111112,80.02133333333335,14.464666666666666,94.48633333333333,80.18066666666667,14.493333333333334,94.67399999999999
83,21,126.61385112644491,0.003891394217517349,0.8334794130019798,192.63578266666664,0.10347071082678672,126.61385112644491,192.63578266666664,80.17033333333335,14.812666666666667,94.983,80.04700000000001,14.79,94.83699999999999
83,20,130.3146947545478,0.034259284948853046,0.833462583513397,193.05305755555557,0.042813041575242274,130.3146947545478,193.05305755555557,80.39566666666667,15.036000000000001,95.43166666666667,80.94533333333332,15.139000000000001,96.08433333333333
83,19,141.1561385507688,0.06264855097520604,0.833483776298991,194.24921455555557,0.11823511553315436,141.1561385507688,194.24921455555557,80.408,15.698666666666668,96.10633333333332,80.85366666666667,15.786000000000001,96.63933333333334
83,18,141.6527745718716,0.0022110175721067704,0.8334743886885742,194.42741477777778,0.11940309329435143,141.6527745718716,194.42741477777778,80.69466666666666,15.710999999999999,96.40566666666666,79.95933333333333,15.568,95.52733333333333
83,17,186.78481273513322,0.0014305919769790492,0.833399832953035,201.27145399999998,0.21090921628774278,186.78481273513322,201.27145399999998,81.80466666666666,18.44,100.24533333333333,82.187,18.526333333333334,100.71333333333332
83,16,217.4664040018952,0.010163550836179546,0.833396035564934,207.0811286666667,0.180084960152117,217.4664040018952,207.0811286666667,82.38066666666667,20.284000000000002,102.66466666666668,83.173,20.479,103.652
83,15,232.40386477584923,0.015312513804228793,0.8333962127524074,209.90364655555558,0.37430882500897755,232.40386477584923,209.90364655555558,82.61433333333333,21.18,103.79433333333334,83.44566666666667,21.393,104.83933333333334
83,14,249.54515016797578,0.006445763284263652,0.8333923359001522,213.31349955555552,0.190888757252667,249.54515016797578,213.31349955555552,82.90066666666667,22.209333333333333,105.11,85.15633333333334,22.813333333333333,107.96999999999998
83,13,269.22819677689586,0.02696940959433612,0.8333999137121649,218.29224800000006,0.10663323925649222,269.22819677689586,218.29224800000006,83.41066666666667,23.371666666666666,106.78233333333333,89.99066666666666,25.215333333333334,115.206
83,12,292.6983325528044,0.011748789662463203,0.8334030864576696,223.01744311111113,0.2903931415773307,292.6983325528044,223.01744311111113,84.256,24.801666666666666,109.05733333333335,99.35700000000001,29.246666666666666,128.60333333333332
83,11,316.8434934846395,0.020385859857896507,0.83340547785077,228.33380466666668,0.23075704349979517,316.8434934846395,228.33380466666668,85.14766666666667,26.254333333333335,111.40166666666669,101.61633333333333,31.333,132.94933333333333
83,10,353.89440713739754,0.016317796420365092,0.8334080953370563,236.32497233333333,0.1469294104553903,353.89440713739754,236.32497233333333,86.01766666666667,28.451666666666668,114.46933333333334,96.26966666666668,31.843,128.11233333333334
83,9,388.79613454046483,0.02198869423401752,0.8334072820178835,244.14561322222224,0.2805314851837114,388.79613454046483,244.14561322222224,86.77933333333334,30.550666666666668,117.33033333333333,99.325,34.967666666666666,134.29266666666666
83,8,447.4068352613526,0.010325660058122915,0.8334080318577121,258.58642988888886,0.4253308863409851,447.4068352613526,258.58642988888886,89.04866666666668,34.132,123.18033333333334,102.94566666666667,39.458,142.404
83,7,515.3914274363854,0.008509136055008004,0.8334052807221317,278.8244308888889,0.2692079831623711,515.3914274363854,278.8244308888889,91.65033333333334,38.186,129.836,116.05166666666666,48.352666666666664,164.4043333333333
83,6,606.5051220931724,0.06892095438313932,0.8334116211873188,306.75921566666665,0.09307046341586807,606.5051220931724,306.75921566666665,95.19366666666667,43.656666666666666,138.85033333333334,123.779,56.766,180.54466666666667
83,5,736.9425774729958,0.1177004561998704,0.8334147048782988,364.2872418888889,0.12408668085317408,736.9425774729958,364.2872418888889,100.867,51.516999999999996,152.38366666666667,150.42733333333334,76.82966666666667,227.25699999999998
83,4,870.5619434891792,0.1293932061737223,0.8334661363004822,539.9342873333334,0.09687339910296491,870.5619434891792,539.9342873333334,108.15966666666667,59.55566666666667,167.715,226.731,124.844,351.5753333333334
83,3,873.0947375016225,0.19229311479084746,0.8334852164501888,546.1841595555555,0.24838189684716805,873.0947375016225,546.1841595555555,106.86933333333333,59.76766666666666,166.637,227.87166666666667,127.43833333333333,355.3096666666667
83,2,873.1626392464642,0.10437352002917868,0.8334919687141001,546.1187782222222,0.07428726525551346,873.1626392464642,546.1187782222222,106.19733333333333,59.784,165.98166666666665,224.936,126.62733333333334,351.56300000000005
83,1,873.1286093421623,0.20247952781754724,0.8334961505624695,546.4975376666666,0.2172456878751858,873.1286093421623,546.4975376666666,101.48433333333332,59.72233333333333,161.20633333333333,214.68699999999998,126.34100000000001,341.02833333333336
83,0,873.0420456028254,0.13523962088101837,0.8334801173906006,549.6226988888889,3.996315971583087,873.0420456028254,549.6226988888889,104.25833333333333,59.844,164.10233333333335,241.87199999999999,138.83566666666667,380.7076666666667
85,100000,0.09361981175783575,0.0006080636859025645,0.8501129383945211,184.33112683333334,0.016212313229650353,0.09361981175783575,184.33112683333334,73.35744444444444,7.270666666666667,80.62811111111111,71.81322222222222,7.117666666666667,78.93077777777778
85,40000,0.22182587688447808,0.00044937484164963177,0.8485078502646642,184.34924077777782,0.002259629525489202,0.22182587688447808,184.34924077777782,73.32166666666667,7.274,80.59566666666666,72.42133333333334,7.184666666666668,79.60600000000001
85,5000,1.726900150440762,0.008030333037168588,0.8465474283926993,184.50903344444444,0.01097030775590962,1.726900150440762,184.50903344444444,73.37666666666667,7.366,80.74266666666666,71.432,7.1706666666666665,78.603
85,3000,2.8292950135393444,0.00290816594907764,0.847306399477667,184.63054644444446,0.020776506685168415,2.8292950135393444,184.63054644444446,73.41533333333332,7.4303333333333335,80.84533333333333,72.89966666666668,7.378,80.27766666666666
85,2000,4.19125826664152,0.0012705472126113507,0.84722073168489,184.74789811111108,0.014044774513971686,4.19125826664152,184.74789811111108,73.48866666666667,7.512666666666667,81.00133333333333,72.13766666666668,7.374666666666666,79.512
85,1500,5.523823512572722,0.0018438237252247334,0.8471409336903459,184.85624877777778,0.00651548003119839,5.523823512572722,184.85624877777778,73.64966666666668,7.602,81.25166666666667,72.38099999999999,7.471333333333334,79.85233333333333
85,1000,8.108208002958976,0.0003575368203368294,0.8473774010137453,185.04837166666667,0.015036386744587111,8.108208002958976,185.04837166666667,73.68366666666667,7.747333333333334,81.43166666666667,72.26533333333333,7.5986666666666665,79.86399999999999
85,900,8.941260965922034,0.0007031250884808156,0.8473573580873298,185.09663644444444,0.016917968752304457,8.941260965922034,185.09663644444444,73.68033333333334,7.7973333333333334,81.47766666666666,75.241,7.962666666666667,83.20333333333333
85,800,9.970118690009858,0.0011318675703329507,0.8474585362646662,185.17460377777775,0.013555885193180734,9.970118690009858,185.17460377777775,73.76466666666667,7.857666666666667,81.62266666666666,72.48700000000001,7.721333333333334,80.209
85,700,11.271452918675152,0.0035553109465759772,0.8474404641631047,185.258145,0.008709070922474539,11.271452918675152,185.258145,73.83333333333333,7.936,81.76933333333334,72.34466666666667,7.775666666666666,80.12033333333333
85,600,12.967458669781161,0.00278191270829706,0.8474364590040481,185.34726677777778,0.006678226813368941,12.967458669781161,185.34726677777778,73.91866666666668,8.038,81.95666666666666,72.51933333333334,7.885666666666666,80.40533333333333
85,550,14.014324048512002,0.0013109250496329816,0.8474566751355767,185.4154671111111,0.02444295342750224,14.014324048512002,185.4154671111111,74.23133333333334,8.128666666666668,82.36,72.90833333333333,7.983999999999999,80.89233333333334
85,450,16.72194900013612,0.0007366230207562285,0.8474893065570693,185.57437677777776,0.013931201329407328,16.72194900013612,185.57437677777776,74.09033333333333,8.26,82.35066666666667,73.545,8.199333333333334,81.74466666666667
85,380,19.336814296304727,0.0014550173156916877,0.8475248691645318,185.71191322222225,0.006088982950411743,19.336814296304727,185.71191322222225,74.31099999999999,8.427333333333333,82.73833333333333,73.86999999999999,8.377,82.24766666666666
85,340,21.239158608197467,0.0019749608093483856,0.8475430597947211,185.8322491111111,0.02094109954218596,21.239158608197467,185.8322491111111,74.29666666666667,8.534666666666666,82.831,75.12766666666666,8.630333333333333,83.75833333333334
85,300,23.583917943984535,0.0011338361843353595,0.8476053743471038,185.9503631111111,0.007657022269605521,23.583917943984535,185.9503631111111,74.413,8.668,83.081,74.86433333333333,8.720666666666666,83.58533333333332
85,260,26.489264461235067,0.0019389367415077944,0.8476177964703231,186.10083622222226,0.015670488081245944,26.489264461235067,186.10083622222226,74.56866666666667,8.843,83.41166666666668,74.281,8.809,83.08966666666667
85,220,30.201891639990112,0.0004951741802287652,0.8476281174819483,186.29565255555553,0.011396869406056522,30.201891639990112,186.29565255555553,74.85066666666667,9.078666666666667,83.929,79.64366666666666,9.660333333333334,89.30400000000002
85,200,32.530284575316436,0.002412483343837043,0.8476035976781185,186.41448211111114,0.01201564711500986,32.530284575316436,186.41448211111114,74.867,9.204333333333333,84.072,74.76433333333334,9.192,83.95633333333333
85,180,35.11485271033123,0.00173866937518314,0.8476293825886468,186.545616,0.014551011408141256,35.11485271033123,186.545616,74.996,9.359333333333334,84.35533333333333,74.48833333333333,9.296333333333333,83.78433333333334
85,160,38.249333918331025,0.009378957291220638,0.8476308922385444,186.7138223333333,0.0058283457439639984,38.249333918331025,186.7138223333333,75.156,9.547333333333333,84.70333333333333,74.55533333333334,9.471333333333334,84.02666666666666
85,140,41.976330238943135,0.0012236719923933868,0.8476456567844918,186.89216788888885,0.017611482820818272,41.976330238943135,186.89216788888885,75.34566666666667,9.770999999999999,85.11633333333333,74.605,9.675333333333333,84.27966666666667
85,120,47.0424162716801,0.003397882957508057,0.8476058162824774,187.14165055555554,0.029898601881724187,47.0424162716801,187.14165055555554,75.63133333333333,10.074333333333334,85.70566666666667,74.88499999999999,9.974666666666666,84.85966666666667
85,100,53.282201105050724,0.0013434743594145286,0.8476148829630091,187.45001522222222,0.012011368227793503,53.282201105050724,187.45001522222222,75.98533333333333,10.446666666666667,86.432,75.34533333333333,10.358666666666666,85.704
85,90,57.00551629145644,0.007778897825283954,0.8476379021583362,187.64722944444443,0.010676254702893715,57.00551629145644,187.64722944444443,76.21499999999999,10.677333333333332,86.89133333333332,75.51033333333334,10.578333333333333,86.08866666666665
85,80,60.89822672186776,0.0019588342116963722,0.847620313410982,187.82807411111114,0.009265857940326113,60.89822672186776,187.82807411111114,76.38333333333334,10.902333333333333,87.286,75.66166666666666,10.799333333333331,86.46133333333334
85,70,66.03642105877331,0.0029613602585741635,0.8476294753477465,188.10107966666666,0.022263729788856483,66.03642105877331,188.10107966666666,76.65066666666667,11.209333333333333,87.85933333333332,76.33033333333333,11.162666666666667,87.49266666666666
85,65,68.58236931525131,0.0033322737683528308,0.8476333381740315,188.23504499999999,0.020820374764460466,68.58236931525131,188.23504499999999,76.93666666666667,11.377,88.31366666666668,76.319,11.285333333333334,87.60466666666667
85,60,72.06623573389366,0.005791086641322682,0.84763557209538,188.43084822222227,0.027996972872748854,72.06623573389366,188.43084822222227,77.113,11.582666666666668,88.69566666666667,77.11666666666667,11.583333333333334,88.69966666666666
85,55,75.1998863719228,0.0068370514993852495,0.8476352447038558,188.565202,0.04061662996582906,75.1998863719228,188.565202,77.19933333333334,11.754666666666667,88.954,77.55433333333333,11.808666666666667,89.363
85,50,79.40963030631337,0.007432503258497179,0.8476163921594577,188.8282868888889,0.025264731017190036,79.40963030631337,188.8282868888889,77.44733333333333,12.007333333333333,89.45466666666665,77.03633333333333,11.943666666666667,88.98
85,45,83.04502919128038,0.0020024753913271583,0.8475912364002239,189.05245033333333,0.00321214881350952,83.04502919128038,189.05245033333333,77.663,12.223999999999998,89.887,77.35533333333333,12.175333333333333,89.53033333333333
85,40,86.57705750387659,0.005483683484507145,0.8476012460719708,189.25440333333336,0.057315344511288224,86.57705750387659,189.25440333333336,77.82133333333333,12.435333333333332,90.25633333333333,77.67099999999999,12.411000000000001,90.082
85,35,91.57448134590466,0.008459857464378488,0.8475922274506288,189.56777277777778,0.059788465900244434,91.57448134590466,189.56777277777778,78.196,12.734666666666667,90.93033333333334,77.535,12.627,90.16233333333332
85,30,96.74100257120489,0.0007393767613845177,0.8475903655520596,189.93781511111112,0.09342245461541014,96.74100257120489,189.93781511111112,78.44733333333333,13.056333333333333,91.504,79.43566666666666,13.221333333333334,92.65666666666668
85,27,99.57376272065551,0.007127858037573101,0.8475815070142675,190.14813,0.0232605159014123,99.57376272065551,190.14813,78.49966666666667,13.213333333333333,91.71333333333332,78.222,13.166666666666666,91.38900000000001
85,26,106.41282786782722,0.01145949643867699,0.8475859565974665,190.73030011111112,0.06759132307262049,106.41282786782722,190.73030011111112,78.94133333333333,13.620333333333335,92.56166666666667,79.56700000000001,13.728666666666667,93.29566666666666
85,25,105.17772482049078,0.0021491548043776087,0.8475873864249045,190.55881266666665,0.14951629605425326,105.17772482049078,190.55881266666665,78.798,13.548,92.346,78.54899999999999,13.505333333333333,92.05400000000002
85,24,109.21638475151705,0.011074647760304026,0.8475881154094678,190.94900100000004,0.011319398497003145,109.21638475151705,190.94900100000004,79.20733333333334,13.811,93.01866666666666,79.74866666666667,13.905333333333333,93.65366666666667
85,23,112.74096596234995,0.022523765617438657,0.8475892838443381,191.24147477777777,0.04310983102791271,112.74096596234995,191.24147477777777,79.44733333333333,14.011666666666665,93.45966666666668,79.69966666666666,14.056666666666667,93.75633333333333
85,22,117.07444382275577,0.026884828011762864,0.8475891588111403,191.59901122222223,0.07652071303635302,117.07444382275577,191.59901122222223,79.85833333333333,14.272666666666666,94.13033333333334,79.988,14.296,94.28366666666666
85,21,122.81999446644103,0.048690426878684384,0.8475945829945836,192.26444666666666,0.05957887979348145,122.81999446644103,192.26444666666666,79.995,14.610999999999999,94.606,80.13533333333334,14.636666666666665,94.772
85,20,126.43314725517405,0.016662274525716742,0.8475952268058576,192.55156499999998,0.0715237067372972,126.43314725517405,192.55156499999998,80.33033333333333,14.849333333333334,95.18033333333334,80.85166666666667,14.946,95.79766666666667
85,19,137.04251922804244,0.0838442785224664,0.8475921112645443,193.82353888888892,0.17028766222885838,137.04251922804244,193.82353888888892,80.13566666666667,15.478333333333333,95.61433333333333,79.88600000000001,15.430333333333332,95.31666666666666
85,18,137.5571983099962,0.0010488656637595627,0.8476053570485927,193.8149312222222,0.06272821688869715,137.5571983099962,193.8149312222222,80.52166666666666,15.494,96.016,80.37133333333334,15.465000000000002,95.83633333333334
85,17,178.0115124488775,0.009188601187679607,0.8475992256833672,199.43894766666668,0.06804229692623456,178.0115124488775,199.43894766666668,81.53733333333334,17.951666666666668,99.48933333333333,81.06700000000001,17.848333333333333,98.915
85,16,210.21350050181036,0.007592567775995486,0.8475916470228184,205.40025477777775,0.09677058783326126,210.21350050181036,205.40025477777775,82.23533333333333,19.89233333333333,102.128,82.742,20.015333333333334,102.75733333333334
85,15,224.65213007419484,0.008719212052398105,0.847596348703135,208.01309244444448,0.292771602914365,224.65213007419484,208.01309244444448,82.44233333333334,20.764333333333337,103.207,83.16933333333333,20.947666666666667,104.11733333333332
85,14,241.2333386359428,0.007247355275386979,0.8475947092194464,211.68367588888887,0.46185510410280933,241.2333386359428,211.68367588888887,82.693,21.767,104.46,83.74066666666667,22.043000000000003,105.78333333333335
85,13,260.4138116374221,0.01687302028246875,0.8476047346038666,215.76755522222223,0.5499779392399972,260.4138116374221,215.76755522222223,83.23033333333332,22.921000000000003,106.151,85.29700000000001,23.49,108.78699999999999
85,12,282.9859685097462,0.00818965730342229,0.8476039114080147,221.33452366666666,0.24678346939120085,282.9859685097462,221.33452366666666,83.94266666666665,24.263666666666666,108.20633333333332,90.34133333333334,26.113666666666663,116.455
85,11,308.1479366686002,0.03930185377649665,0.847610674628771,226.25298577777775,0.41846188683640523,308.1479366686002,226.25298577777775,84.78466666666667,25.774666666666665,110.55933333333333,92.92733333333335,28.249666666666666,121.17733333333332
85,10,342.2140140695874,0.02340598883494988,0.8476164847682228,233.4925724444444,0.40166318570528287,342.2140140695874,233.4925724444444,85.67966666666666,27.831999999999997,113.51166666666666,94.629,30.73866666666667,125.36766666666666
85,9,382.1943532595167,0.017333760044742057,0.8476156599831176,243.39362755555555,0.46935122576859706,382.1943532595167,243.39362755555555,86.293,30.241,116.53433333333334,98.197,34.41266666666667,132.60966666666667
85,8,432.73072961267144,0.04002849606473686,0.847613196259018,256.47262377777776,0.07204987332266093,432.73072961267144,256.47262377777776,88.41233333333334,33.294000000000004,121.70666666666666,103.85666666666667,39.11,142.96699999999998
85,7,497.5928878249844,0.06810159309114117,0.8476157229935372,270.95044977777775,0.17676732187017827,497.5928878249844,270.95044977777775,91.55066666666666,37.330999999999996,128.88199999999998,118.18633333333332,48.19266666666667,166.379
85,6,587.9257622629137,0.05547391486271214,0.847616149405621,302.90269144444443,0.38447798261948674,587.9257622629137,302.90269144444443,94.85166666666667,42.709666666666664,137.561,123.721,55.708666666666666,179.42966666666666
85,5,713.2875506820814,0.07453583644327678,0.8476354840284565,350.5035166666667,0.5806492670096228,713.2875506820814,350.5035166666667,100.017,50.223333333333336,150.24033333333333,147.791,74.21233333333333,222.00333333333333
85,4,868.4812238089153,0.07893557343400294,0.8476122462305217,530.456474,0.3312487175332178,868.4812238089153,530.456474,108.23333333333333,59.643,167.87633333333335,224.40666666666667,123.66066666666666,348.06733333333335
85,3,874.5339454864794,0.2104817730625938,0.8475749061062495,548.0496028888889,0.14958207681158303,874.5339454864794,548.0496028888889,106.80366666666667,60.035666666666664,166.839,226.843,127.512,354.3546666666666
85,2,874.5551306843153,0.1044636260027717,0.8475865211796897,547.9500166666667,0.09346497949560605,874.5551306843153,547.9500166666667,106.10266666666666,59.989666666666665,166.09266666666667,225.71033333333332,127.61433333333332,353.3243333333333
85,1,874.7200952267461,0.11713213737633382,0.8475825187843408,548.4618163333333,0.14799198794984053,874.7200952267461,548.4618163333333,101.73166666666667,59.998333333333335,161.73,216.59033333333332,127.73766666666667,344.328
85,0,874.8541215749716,0.12409045151622633,0.8475882460475536,548.9346473333334,0.2436303384325467,874.8541215749716,548.9346473333334,104.26366666666667,60.020999999999994,164.28466666666668,222.256,127.94533333333334,350.20133333333337
86,100000,0.09278141355043973,0.00019580497099283266,0.8602295814203614,184.33934744444446,0.008988307097638764,0.09278141355043973,184.33934744444446,73.35622222222223,7.270333333333334,80.62677777777778,71.90244444444444,7.126333333333333,79.02877777777778
86,5000,1.6911419407888315,0.0013334388358439127,0.8610037153250752,184.49162366666667,0.006683337664141367,1.6911419407888315,184.49162366666667,73.384,7.365666666666667,80.75033333333333,70.94566666666667,7.1209999999999996,78.06666666666666
86,3000,2.781975142642453,0.0015807523257543184,0.8613187741630046,184.613021,0.0061462328118430925,2.781975142642453,184.613021,73.42933333333333,7.4303333333333335,80.85966666666667,71.54033333333332,7.239333333333334,78.77933333333334
86,2000,4.1207152596044985,0.0012596881428960489,0.8613184971508724,184.73312044444447,0.014912140696358057,4.1207152596044985,184.73312044444447,73.497,7.510333333333333,81.007,71.90533333333333,7.348,79.253
86,1500,5.428200273677956,0.0007054982377481654,0.8617892544176865,184.85079355555558,0.03022175796477839,5.428200273677956,184.85079355555558,73.82633333333332,7.617333333333334,81.44333333333333,78.04433333333334,8.052333333333333,86.09666666666665
86,1000,7.970523616865958,0.00030210007621411485,0.8618553948207798,185.02714966666667,0.016825675155668865,7.970523616865958,185.02714966666667,73.68466666666667,7.741666666666667,81.42666666666668,71.88966666666667,7.553333333333334,79.44266666666667
86,900,8.790941609828803,0.0008978305211105579,0.861839228612368,185.07616555555555,0.014524545027611715,8.790941609828803,185.07616555555555,73.72066666666666,7.790333333333334,81.51133333333333,72.16933333333333,7.626666666666666,79.79633333333334
86,800,9.805008176358674,0.001245111042281332,0.8618970945987109,185.15145488888888,0.002760512439017481,9.805008176358674,185.15145488888888,73.854,7.858999999999999,81.714,73.28,7.798333333333333,81.07833333333333
86,700,11.083190922799972,0.0010531375814815656,0.8619700757407324,185.23421688888888,0.00922224986610069,11.083190922799972,185.23421688888888,73.833,7.927666666666667,81.76100000000001,72.25266666666667,7.758333333333333,80.011
86,600,12.75488156617525,0.0009388725763470699,0.8619851975053714,185.33314155555556,0.008451814008679021,12.75488156617525,185.33314155555556,73.91066666666667,8.028,81.93833333333333,72.837,7.910666666666667,80.74766666666666
86,550,13.783585017898167,0.00040469347485128917,0.8620516096317479,185.38423266666666,0.013265778642808135,13.783585017898167,185.38423266666666,73.97366666666666,8.097333333333333,82.07066666666667,72.32466666666666,7.916999999999999,80.24133333333333
86,450,16.46415272394152,0.002589242315328576,0.8620455026045173,185.54928355555558,0.020233571279048655,16.46415272394152,185.54928355555558,74.09033333333333,8.250333333333334,82.33999999999999,72.79066666666667,8.105666666666666,80.89633333333335
86,380,19.056542845905287,0.0030509839082596313,0.862117951630097,185.69016533333334,0.004920957641628704,19.056542845905287,185.69016533333334,74.30066666666666,8.414,82.71466666666667,74.10766666666666,8.392333333333333,82.5
86,340,20.94003857518266,0.0023776386551150022,0.8621056439357186,185.78123366666668,0.019382323848741244,20.94003857518266,185.78123366666668,74.48533333333334,8.539333333333333,83.02466666666668,79.81833333333333,9.150666666666666,88.969
86,300,23.333835614181538,0.0035699586568521966,0.8620794014135358,185.941047,0.01712873150585572,23.333835614181538,185.941047,74.51233333333333,8.668,83.18066666666667,75.41633333333333,8.773333333333333,84.18966666666667
86,260,26.261851722149007,0.004133387314062463,0.8620891215146571,186.07601622222225,0.007113007969238354,26.261851722149007,186.07601622222225,74.696,8.849333333333334,83.54599999999999,79.17166666666667,9.379666666666667,88.55133333333333
86,220,29.92969779618866,0.002490804924974501,0.8621168815835217,186.26079455555555,0.006588994471700758,29.92969779618866,186.26079455555555,74.86666666666666,9.067666666666666,83.93433333333333,74.55,9.029,83.57933333333334
86,200,32.24030551534511,0.0012685008406333684,0.862141293217272,186.3863643333333,0.02275674832025066,32.24030551534511,186.3863643333333,74.88,9.193666666666667,84.074,74.80566666666667,9.184666666666667,83.99066666666666
86,180,34.90820551241321,0.000447884564200718,0.8621214639151203,186.5252006666667,0.007224509979561107,34.90820551241321,186.5252006666667,75.024,9.354333333333333,84.37833333333333,74.806,9.326666666666666,84.13333333333334
86,160,38.06143626147831,0.007522656335169998,0.8621760347007523,186.65936666666667,0.018273924704625397,38.06143626147831,186.65936666666667,75.18766666666666,9.544666666666666,84.73266666666666,74.584,9.468333333333334,84.05233333333332
86,140,41.860301185383214,0.001277586082358517,0.8621740937109097,186.84697766666667,0.012276995999773515,41.860301185383214,186.84697766666667,75.50233333333334,9.787666666666667,85.29066666666667,79.597,10.318666666666667,89.91566666666667
86,120,46.969021770028746,0.0010477319200321669,0.8621909340563896,187.10223111111114,0.028589287570955628,46.969021770028746,187.10223111111114,75.79166666666667,10.095333333333334,85.887,79.86833333333333,10.638666666666667,90.50666666666666
86,100,53.18189828587649,0.0012377063935963236,0.862170140453812,187.37817600000002,0.014199062789866624,53.18189828587649,187.37817600000002,76.03966666666666,10.452333333333334,86.49166666666667,75.416,10.366666666666667,85.78233333333333
86,90,56.964798427796325,0.004699459577796009,0.8621931700395046,187.5877358888889,0.020169996117247797,56.964798427796325,187.5877358888889,76.26233333333333,10.678666666666667,86.94133333333333,75.7,10.6,86.3
86,80,60.91926790818599,0.0034902350143043367,0.8621900729103943,187.81084822222223,0.04080434613330851,60.91926790818599,187.81084822222223,76.45633333333333,10.916333333333334,87.37266666666666,75.90833333333333,10.837666666666669,86.746
86,70,65.79444446759999,0.003055952297281654,0.8621745164141368,188.02243822222223,0.027605581883894482,65.79444446759999,188.02243822222223,76.69966666666666,11.207999999999998,87.90766666666667,76.305,11.150333333333334,87.45533333333333
86,65,68.36527061890317,0.0025558110811888008,0.8621955459745742,188.18633433333332,0.030719036672873352,68.36527061890317,188.18633433333332,76.86666666666666,11.362666666666668,88.229,76.317,11.281333333333334,87.59833333333334
86,60,71.60336926853874,0.006312073300288959,0.8621666086412723,188.33100888888893,0.03187506037348265,71.60336926853874,188.33100888888893,77.13733333333333,11.569666666666668,88.70733333333334,77.04666666666667,11.556333333333333,88.603
86,55,74.8158197575735,0.008818367792343082,0.862189628902342,188.5382008888889,0.0819427521175625,74.8158197575735,188.5382008888889,77.21433333333333,11.748,88.96199999999999,77.28866666666666,11.759333333333332,89.048
86,50,78.98385350090255,0.006388355598907518,0.8621757215720439,188.8024123333333,0.07759633303407293,78.98385350090255,188.8024123333333,77.46066666666667,11.998666666666667,89.45933333333333,77.461,11.998666666666667,89.45966666666668
86,45,82.64658483431428,0.01784933440190418,0.8621609367189994,188.9575832222222,0.027437905026785607,82.64658483431428,188.9575832222222,77.78266666666667,12.233333333333334,90.01633333333332,77.69433333333333,12.219333333333333,89.91366666666666
86,40,86.20967724488571,0.018535798115430872,0.8621587293362348,189.11157844444446,0.012278497213196985,86.20967724488571,189.11157844444446,77.84966666666666,12.432666666666668,90.283,77.63266666666667,12.398333333333333,90.03133333333334
86,35,91.26403038158708,0.005369198627380994,0.86215233852941,189.4717891111111,0.012136108154921294,91.26403038158708,189.4717891111111,78.197,12.734666666666667,90.93133333333333,78.144,12.726333333333335,90.87033333333333
86,30,96.46526646349211,0.0032631849865595664,0.8621401916834702,189.83172522222222,0.04217378543509281,96.46526646349211,189.83172522222222,78.391,13.047333333333333,91.43900000000001,78.31066666666668,13.034333333333334,91.34499999999998
86,27,99.3377436391296,0.00967235006112674,0.8621432627557354,190.05251533333333,0.005783708220315658,99.3377436391296,190.05251533333333,78.533,13.22,91.75266666666666,78.38766666666668,13.195666666666668,91.58333333333333
86,26,106.69468096133751,0.05319754752130963,0.8621438065185002,190.6798507777778,0.06822364936761607,106.69468096133751,190.6798507777778,79.00066666666667,13.658666666666667,92.65933333333334,79.113,13.677999999999999,92.791
86,25,105.02865260009587,0.008856431327178697,0.8621481294313758,190.5505222222222,0.03553522718582818,105.02865260009587,190.5505222222222,78.85466666666666,13.571666666666667,92.42666666666668,78.899,13.579333333333333,92.478
86,24,109.06774532762108,0.013069769582647049,0.8621413709798788,190.87982188888887,0.08643608284698298,109.06774532762108,190.87982188888887,79.18233333333335,13.813333333333333,92.99533333333333,79.29,13.831666666666669,93.12166666666667
86,23,112.48648754346617,0.01814282236332221,0.8621435251842741,191.18035,0.10257297512177381,112.48648754346617,191.18035,79.47433333333333,14.018333333333333,93.493,80.01366666666667,14.113666666666667,94.12766666666668
86,22,116.7587319062165,0.022656859311580388,0.8621591650011288,191.57857322222222,0.01578109876589095,116.7587319062165,191.57857322222222,79.88766666666668,14.276333333333334,94.16433333333333,79.94766666666668,14.287,94.23466666666667
86,21,122.50071442629276,0.01231497242063349,0.8621576636705709,192.11974622222223,0.029875950256067246,122.50071442629276,192.11974622222223,80.068,14.623,94.69099999999999,79.90433333333334,14.593333333333334,94.49733333333334
86,20,126.03480177508247,0.004502545925772466,0.8621533683691638,192.43371644444446,0.06272991701673523,126.03480177508247,192.43371644444446,80.28633333333333,14.834666666666669,95.12133333333334,80.642,14.900666666666666,95.54266666666666
86,19,138.33944656375158,0.03078787596406589,0.862169137434441,193.8998678888889,0.030993142665106457,138.33944656375158,193.8998678888889,80.25366666666666,15.579333333333333,95.83300000000001,79.575,15.447333333333333,95.02266666666667
86,18,136.9699037343902,0.005235276420428324,0.8621672729629575,193.7141781111111,0.1978008708019777,136.9699037343902,193.7141781111111,80.57166666666666,15.488666666666667,96.06066666666668,80.44766666666666,15.465333333333334,95.913
86,17,180.3905640660142,0.01631939717257749,0.8621862674182955,200.22383900000003,0.38120982783413326,180.3905640660142,200.22383900000003,81.58333333333333,18.139,99.72233333333334,81.30833333333334,18.078,99.38566666666667
86,16,210.01928659118275,0.01161772261104367,0.8621954057296831,205.76587322222224,0.15636841822698994,210.01928659118275,205.76587322222224,82.20433333333334,19.93,102.13433333333334,83.03666666666668,20.131333333333334,103.168
86,15,224.3948040635352,0.008863188487050318,0.8621967441143181,208.27858022222222,0.1683728642393349,224.3948040635352,208.27858022222222,82.51666666666667,20.82466666666667,103.34100000000001,89.569,22.604333333333333,112.17333333333333
86,14,240.9026831450417,0.06163348029233842,0.8622006069545924,211.63274422222221,0.24299144711611226,240.9026831450417,211.63274422222221,82.67133333333334,21.806,104.47699999999999,83.18766666666666,21.942333333333334,105.12966666666667
86,13,259.9440003460584,0.005547535839820296,0.8622016103270913,216.18587044444448,0.3825153795795885,259.9440003460584,216.18587044444448,83.218,22.945333333333334,106.16366666666666,86.81599999999999,23.937,110.753
86,12,282.52319078344027,0.004700222526142381,0.8622064949286558,221.01473977777778,0.15184096391818258,282.52319078344027,221.01473977777778,83.88433333333334,24.297666666666668,108.18233333333335,90.60633333333334,26.244666666666664,116.851
86,11,307.4506633241674,0.01115443761699418,0.8622111153018207,226.00291400000003,0.2966453414760542,307.4506633241674,226.00291400000003,84.86766666666666,25.834333333333333,110.70233333333334,93.77133333333332,28.545,122.31633333333333
86,10,341.4883862389177,0.007459984298481483,0.8622177500672029,233.74253133333332,0.5407516623914339,341.4883862389177,233.74253133333332,85.52933333333334,27.868,113.397,95.66733333333333,31.171000000000003,126.83833333333332
86,9,379.5002624879585,0.12944920739743843,0.8622053425418933,242.02308233333335,0.19268895667453093,379.5002624879585,242.02308233333335,86.562,30.159333333333333,116.72166666666665,98.266,34.23666666666667,132.50300000000001
86,8,432.4398784699719,0.036317552353183256,0.8622222732054406,253.83655522222224,0.4876814717722596,432.4398784699719,253.83655522222224,88.34666666666668,33.297333333333334,121.64366666666666,103.31666666666666,38.93933333333333,142.256
86,7,498.234718259673,0.039262369057253554,0.8622256907382656,273.55328888888886,0.37058617714840136,498.234718259673,273.55328888888886,91.22566666666667,37.33266666666667,128.558,113.96366666666667,46.63733333333334,160.601
86,6,586.1362688255775,0.15235123154812955,0.8622272707517404,298.6875387777778,0.08949222554333251,586.1362688255775,298.6875387777778,94.93733333333334,42.675666666666665,137.613,123.24533333333333,55.400666666666666,178.646
86,5,712.1388613175399,0.0616447470691739,0.8622339424865427,344.40667011111105,0.502418185626903,712.1388613175399,344.40667011111105,100.57766666666667,50.312999999999995,150.89066666666668,146.14766666666665,73.109,219.25633333333334
86,4,869.3430236761515,0.238630710867553,0.8622349730334831,523.3805791111112,0.1845024622447131,869.3430236761515,523.3805791111112,108.36500000000001,59.919333333333334,168.28433333333334,222.578,123.07266666666668,345.65066666666667
86,3,877.005956859373,0.1357624013999347,0.8621625417929284,550.4262616666666,0.15340172632056348,877.005956859373,550.4262616666666,107.39266666666667,60.35166666666667,167.744,228.08533333333332,128.17766666666668,356.26366666666667
86,2,877.0465010641702,0.13224102355536507,0.8621748612346646,549.414662,0.12825586108032092,877.0465010641702,549.414662,106.368,60.330999999999996,166.69899999999998,226.95000000000002,128.72566666666668,355.6756666666667
86,1,877.2616127960422,0.08999755669181538,0.8621631147086498,551.328703,0.3805374923054356,877.2616127960422,551.328703,102.14066666666668,60.4,162.54033333333334,218.02133333333336,128.92466666666667,346.94599999999997
86,0,877.4883111496064,0.48067109710362005,0.8621532513510409,551.4758263333333,0.12324527013836949,877.4883111496064,551.4758263333333,104.78466666666667,60.43633333333333,165.221,245.50200000000004,141.59900000000002,387.10099999999994
88,100000,0.09028090447833122,0.0015708260615677984,0.8794781273194432,184.33773494444446,0.007824700387359856,0.09028090447833122,184.33773494444446,73.41555555555556,7.27588888888889,80.69133333333333,72.36166666666666,7.171444444444445,79.53311111111111
88,40000,0.21276279969805484,0.00114598299952615,0.8823238497828388,184.3406808888889,0.012339398862825287,0.21276279969805484,184.3406808888889,73.39422222222223,7.280555555555556,80.67477777777778,72.12322222222222,7.1545555555555564,79.27766666666668
88,5000,1.662374435056144,0.0003831490127741823,0.8754174464454579,184.52195833333334,0.02119874903802562,1.662374435056144,184.52195833333334,73.371,7.362666666666667,80.734,71.52466666666668,7.177333333333333,78.70233333333333
88,3000,2.7356765649447614,0.0015243673210871714,0.8761653564950036,184.60940433333334,0.007143969484818588,2.7356765649447614,184.60940433333334,73.42933333333333,7.428,80.85766666666667,71.61066666666666,7.244,78.855
88,2000,4.051190742456057,0.0015664509658065936,0.8766624939230846,184.74356733333335,0.010616868485808633,4.051190742456057,184.74356733333335,73.49833333333333,7.507666666666666,81.00633333333333,71.80333333333333,7.335000000000001,79.13833333333334
88,1500,5.33792180598718,0.0005144220829149939,0.8769649990610602,184.84283366666668,0.013570906982684603,5.33792180598718,184.84283366666668,73.55333333333334,7.584666666666666,81.13766666666668,71.94633333333333,7.418666666666667,79.365
88,1000,7.838024947785417,0.0017129128020567715,0.8767032604359887,185.0381011111111,0.011007861202781227,7.838024947785417,185.0381011111111,73.77366666666667,7.745,81.51866666666666,72.23666666666666,7.583666666666667,79.82033333333334
88,900,8.64114305601404,0.0004565381639421968,0.8770256084573397,185.08733355555555,0.0115722124137492,8.64114305601404,185.08733355555555,73.71966666666667,7.784,81.504,72.07033333333334,7.609999999999999,79.68066666666668
88,800,9.636565355974462,0.0013154394684170509,0.8770315108329871,185.15822166666666,0.03572189460418449,9.636565355974462,185.15822166666666,73.859,7.861999999999999,81.72133333333333,77.86200000000001,8.287666666666667,86.14966666666668
88,700,10.892964647597978,0.005205225926525494,0.8770719269224015,185.23047233333332,0.013144404796086293,10.892964647597978,185.23047233333332,73.92233333333333,7.929333333333333,81.85166666666667,72.61266666666667,7.788666666666667,80.40166666666667
88,600,12.532427581649694,0.0004789377736643917,0.8770264250487182,185.321356,0.008335499831698859,12.532427581649694,185.321356,73.89999999999999,8.016666666666666,81.917,72.669,7.883333333333333,80.55233333333332
88,550,13.54503090259553,0.0008762852581311785,0.8770365959829499,185.36759933333335,0.007152404545152781,13.54503090259553,185.36759933333335,73.95533333333333,8.078333333333333,82.034,72.74366666666667,7.946000000000001,80.68966666666667
88,450,16.161242506573647,0.0007104134569446371,0.8771201937236386,185.52435133333333,0.008678456128744292,16.161242506573647,185.52435133333333,74.16233333333334,8.244,82.40633333333334,74.07566666666666,8.234,82.30966666666666
88,380,18.691588118232513,0.0017953351960328379,0.8771186577658961,185.650005,0.0026537061505290628,18.691588118232513,185.650005,74.28933333333333,8.398,82.687,79.24533333333333,8.958333333333334,88.20366666666666
88,340,20.534566709381416,0.001078540267974921,0.8771456553846008,185.75698466666668,0.009758530837741246,20.534566709381416,185.75698466666668,74.37366666666667,8.507,82.881,74.34033333333333,8.503333333333332,82.84333333333333
88,300,22.831313527935304,0.0012040954283919069,0.87709890419177,185.89156755555555,0.011404322427788587,22.831313527935304,185.89156755555555,74.39966666666668,8.633666666666667,83.03366666666666,74.82933333333334,8.684,83.51333333333334
88,260,25.663702375592994,0.0027051300931004393,0.8771417435599916,186.03148188888886,0.006025702654625961,25.663702375592994,186.03148188888886,74.56066666666668,8.806666666666667,83.36733333333333,74.17033333333333,8.760333333333334,82.931
88,220,29.2523336805032,0.0012262715800425716,0.8771436791115638,186.1977824444444,0.013670610407942355,29.2523336805032,186.1977824444444,74.73133333333332,9.022,83.75333333333333,74.39999999999999,8.981333333333334,83.38133333333333
88,200,31.496174352410364,0.0003147932463206799,0.877192213252572,186.31454744444446,0.010690645518047569,31.496174352410364,186.31454744444446,74.93299999999999,9.167333333333334,84.10033333333332,75.06833333333333,9.184333333333333,84.25266666666667
88,180,34.0447348568019,0.0015513341797464737,0.8771888777159909,186.44303811111112,0.008453301618834595,34.0447348568019,186.44303811111112,74.98266666666666,9.311666666666666,84.29433333333334,74.598,9.264000000000001,83.86233333333332
88,160,37.099277438993376,0.004027874119877696,0.877203386395439,186.58516111111112,0.005925811152453522,37.099277438993376,186.58516111111112,75.23133333333334,9.507666666666667,84.73899999999999,74.78500000000001,9.450999999999999,84.23566666666666
88,140,40.741426327947075,0.001869250095340769,0.8771928249582394,186.73964644444445,0.013225498240266984,40.741426327947075,186.73964644444445,75.32533333333333,9.715333333333334,85.04066666666667,74.492,9.607666666666667,84.10000000000001
88,120,45.65605590527736,0.0009133362679461304,0.8772230841265639,186.97486000000004,0.0035468634187469455,45.65605590527736,186.97486000000004,75.60866666666666,10.012,85.621,74.92266666666667,9.921666666666667,84.84433333333334
88,100,51.69610280346253,0.0014712409355948192,0.8771970805301516,187.26539833333334,0.0036423084865715516,51.69610280346253,187.26539833333334,75.96066666666667,10.376,86.33666666666666,75.089,10.257,85.346
88,90,55.34259330968978,0.005454940852600371,0.8772097330494207,187.42752677777776,0.011521523979698684,55.34259330968978,187.42752677777776,76.18666666666667,10.596,86.78333333333335,75.54233333333333,10.506333333333332,86.04933333333334
88,80,59.13842516662337,0.0042912590114712115,0.8772007922370216,187.6173708888889,0.026930132648790947,59.13842516662337,187.6173708888889,76.444,10.836333333333334,87.28033333333333,76.119,10.790333333333335,86.90966666666667
88,70,64.00904623462827,0.0012480881141071402,0.8772194000493775,187.84636,0.015023883164265369,64.00904623462827,187.84636,76.79899999999999,11.144333333333334,87.94366666666667,76.507,11.102333333333334,87.609
88,65,66.4917869281006,0.0010357127546581164,0.8772029808326588,187.98020255555556,0.00037456201583017994,66.4917869281006,187.98020255555556,76.78099999999999,11.266333333333334,88.04733333333333,76.052,11.159999999999998,87.21199999999999
88,60,69.73917918883654,0.004651789947518413,0.8772069635275773,188.14604166666663,0.019711864608227877,69.73917918883654,188.14604166666663,76.95866666666666,11.461333333333334,88.42033333333335,76.89133333333332,11.451666666666668,88.343
88,55,72.8425294597888,0.0017409583495381323,0.8771908828032604,188.31254566666667,0.04007973379124609,72.8425294597888,188.31254566666667,77.335,11.677000000000001,89.012,77.58866666666667,11.715666666666666,89.30399999999999
88,50,76.85172362014812,0.004208268850614931,0.8772057939379939,188.5217221111111,0.037970415432907786,76.85172362014812,188.5217221111111,77.57633333333332,11.921999999999999,89.49766666666666,82.459,12.672666666666666,95.13133333333333
88,45,80.378438739146,0.005448297069064951,0.8771871415050283,188.71211666666662,0.025830530981363477,80.378438739146,188.71211666666662,77.685,12.116333333333335,89.80133333333333,77.49133333333333,12.086,89.57766666666667
88,40,83.8511622876154,0.007058434205178324,0.8771841650775402,188.91417533333333,0.037686154010614537,83.8511622876154,188.91417533333333,77.75433333333334,12.318333333333333,90.07233333333333,77.391,12.261000000000001,89.652
88,35,88.62216744125101,0.008905652611925061,0.877162127381025,189.23432144444442,0.03816809443084731,88.62216744125101,189.23432144444442,78.097,12.598999999999998,90.69599999999998,77.82733333333333,12.555333333333332,90.38233333333334
88,30,93.69536215742194,0.0067976096144824315,0.8771569949934892,189.58720222222223,0.03403991959501092,93.69536215742194,189.58720222222223,78.26233333333333,12.902333333333333,91.16533333333332,78.17066666666666,12.887333333333332,91.05799999999999
88,27,96.46027722659187,0.001694554537214255,0.8771597280167257,189.811205,0.11371865545037889,96.46027722659187,189.811205,78.41066666666667,13.070333333333332,91.48133333333332,78.24533333333333,13.043,91.28766666666667
88,26,102.82245530783398,0.020934598898006772,0.8771581533700394,190.27984288888888,0.03258256738116671,102.82245530783398,190.27984288888888,78.83433333333333,13.453000000000001,92.28699999999999,78.73766666666667,13.436666666666667,92.17466666666667
88,25,101.81954079748112,0.012786716134659077,0.8771597854845582,190.15228955555554,0.08501346831227771,101.81954079748112,190.15228955555554,78.81533333333333,13.411333333333333,92.22666666666667,79.28666666666666,13.491666666666667,92.77766666666666
88,24,105.7565846032568,0.022152539763146493,0.877159944742269,190.53090666666665,0.03072590284182336,105.7565846032568,190.53090666666665,79.01333333333334,13.636333333333333,92.64999999999999,79.31400000000001,13.688333333333333,93.00233333333334
88,23,109.17372381762533,0.020197324454048548,0.8771674885348704,190.7813578888889,0.023205695855719785,109.17372381762533,190.7813578888889,79.35199999999999,13.847333333333333,93.19933333333334,79.04,13.793,92.83300000000001
88,22,113.36112643388446,0.016618733837637418,0.8771658053038909,191.1823368888889,0.14527721261448892,113.36112643388446,191.1823368888889,79.76133333333333,14.099333333333334,93.86133333333333,79.81400000000001,14.109,93.923
88,21,118.81551555196505,0.010424950390980469,0.8771800387520373,191.64497144444445,0.05845038150366571,118.81551555196505,191.64497144444445,79.92666666666666,14.427999999999999,94.355,79.75533333333333,14.397,94.15233333333333
88,20,122.35371788551105,0.043484877672840996,0.8771719912504099,192.0463551111111,0.07590791276447172,122.35371788551105,192.0463551111111,80.13333333333334,14.643666666666666,94.77733333333333,79.73133333333334,14.57,94.30166666666668
88,19,133.2189485446321,0.06572544736001261,0.877190349649089,193.1430637777778,0.04994203916579237,133.2189485446321,193.1430637777778,80.02533333333334,15.292333333333334,95.31766666666665,80.21033333333334,15.328000000000001,95.53833333333334
88,18,133.05683795422655,0.00897652893815098,0.8771826041150056,193.20058422222223,0.09356403422394342,133.05683795422655,193.20058422222223,80.399,15.285333333333334,95.68400000000001,79.92200000000001,15.194333333333333,95.11666666666667
88,17,172.03850436749534,0.01940110988712034,0.8772038589631214,198.36268166666665,0.1528342979006426,172.03850436749534,198.36268166666665,81.43833333333333,17.69333333333333,99.132,86.65533333333333,18.827,105.48233333333333
88,16,203.1616002474028,0.005835874195484479,0.8772136810794443,204.4074604444444,0.4290225503249024,203.1616002474028,204.4074604444444,81.95166666666667,19.563,101.51433333333334,82.64566666666667,19.728666666666665,102.37366666666667
88,15,217.11327342728956,0.003460954400416837,0.8772171478385896,206.75795844444443,0.5846766482977779,217.11327342728956,206.75795844444443,82.25,20.430333333333333,102.68066666666668,83.646,20.777333333333335,104.42266666666667
88,14,233.1578433172909,0.0038220386323518157,0.8772216396590098,210.16161388888887,0.23218711871731607,233.1578433172909,210.16161388888887,82.48066666666666,21.418000000000003,103.89866666666666,83.63600000000001,21.718,105.354
88,13,250.21919602885797,0.008619779602616662,0.8772223671205227,213.48065077777778,0.5264615101085431,250.21919602885797,213.48065077777778,82.87033333333333,22.417666666666666,105.28833333333334,85.00466666666667,22.995,107.99966666666667
88,12,273.49335136109465,0.016749833689041267,0.877226616270751,219.288106,0.22886241712069932,273.49335136109465,219.288106,83.65033333333334,23.840333333333334,107.49066666666666,90.474,25.785,116.259
88,11,296.0153831825366,0.053162880308546885,0.8772329263757266,223.56096444444447,0.31949533268726615,296.0153831825366,223.56096444444447,84.36666666666667,25.179000000000002,109.54566666666666,92.42566666666666,27.584333333333333,120.00966666666666
88,10,330.73530159492884,0.011568761735125228,0.8772384329156537,231.9956518888889,0.22932371500793114,330.73530159492884,231.9956518888889,85.136,27.29133333333333,112.427,94.35366666666665,30.246,124.59966666666666
88,9,369.3783494682662,0.009662108545530696,0.8772397018509565,240.96772655555557,0.33362245451097605,369.3783494682662,240.96772655555557,86.085,29.662000000000003,115.747,105.649,36.403666666666666,142.05266666666668
88,8,418.231673366246,0.03273228243409519,0.8772421838405752,252.74087044444445,0.667516622373182,418.231673366246,252.74087044444445,87.99666666666667,32.613,120.60933333333332,101.64299999999999,37.67066666666667,139.31366666666665
88,7,481.70104837968057,0.05325289782734479,0.8772449122166742,266.17279933333333,0.2849191292597025,481.70104837968057,266.17279933333333,90.69,36.47266666666666,127.16266666666667,108.142,43.49133333333333,151.633
88,6,566.9852263769419,0.023284154841714387,0.8772485656443041,292.3782278888889,0.9153166044218146,566.9852263769419,292.3782278888889,94.234,41.64633333333333,135.87966666666668,120.652,53.321666666666665,173.97333333333333
88,5,690.0943685108224,0.09587852670713944,0.8773029225928198,331.390156,0.3970383229792072,690.0943685108224,331.390156,99.83633333333334,49.145,148.981,139.97266666666667,68.90166666666667,208.87466666666668
88,4,860.1032917003713,0.050480052301850285,0.8772534917892246,488.894525,0.2381557143281037,860.1032917003713,488.894525,107.86233333333332,59.56033333333334,167.4226666666667,205.33366666666666,113.38266666666668,318.71633333333335
88,3,879.7934316425166,0.17554452776446708,0.8772601225265501,551.775999,0.23344675129127193,879.7934316425166,551.775999,107.93066666666668,60.717999999999996,168.64833333333334,229.43933333333334,129.07466666666667,358.5136666666667
88,2,879.0745452582854,1.0625949361436742,0.8772564949346946,549.821836,0.07457468145643611,879.0745452582854,549.821836,106.25033333333333,60.715,166.96533333333332,226.09099999999998,129.19566666666665,355.2866666666667
88,1,879.7938126652101,0.07426069269558704,0.8772643727437969,553.2964171111112,0.02452714286329588,879.7938126652101,553.2964171111112,102.42866666666667,60.736333333333334,163.16466666666668,218.5,129.563,348.0626666666667
88,0,879.7188311796813,0.20398787917624692,0.877259416283238,553.1009096666667,0.26320461727611105,879.7188311796813,553.1009096666667,105.04700000000001,60.78266666666667,165.82966666666667,223.93266666666668,129.57266666666666,353.5056666666667
89,100000,0.08914327620426928,0.001473750307904753,0.8871402071958673,184.337804,0.009341352192171921,0.08914327620426928,184.337804,73.41677777777778,7.276111111111111,80.69255555555554,72.35077777777778,7.1704444444444455,79.521
89,5000,1.636354070046919,0.0028748376300189696,0.8905455804315036,184.52203155555557,0.022238698006807393,1.636354070046919,184.52203155555557,73.33066666666667,7.361999999999999,80.69266666666667,74.448,7.474666666666667,81.923
89,3000,2.6898870697054185,0.000787859644632215,0.8914881614703903,184.620352,0.0244500677117978,2.6898870697054185,184.620352,73.42200000000001,7.425,80.84766666666667,71.67366666666668,7.248333333333334,78.922
89,2000,3.9830534660239585,0.000728559884036135,0.8920787143750363,184.7346072222222,0.009794840145749592,3.9830534660239585,184.7346072222222,73.49566666666668,7.505,81.001,71.64133333333334,7.315666666666666,78.95666666666666
89,1500,5.247793453068806,0.001362517365080694,0.8922258062727105,184.83820988888888,0.011137475129462155,5.247793453068806,184.83820988888888,73.55566666666667,7.581333333333333,81.137,71.62333333333333,7.3823333333333325,79.00566666666667
89,1000,7.705210417503472,0.0009157310946457254,0.8925463507072363,185.01953088888888,0.008169502979133278,7.705210417503472,185.01953088888888,73.67433333333334,7.729666666666667,81.40433333333333,72.01233333333333,7.5553333333333335,79.56766666666667
89,900,8.497042502303083,0.0013931744699125898,0.8925373090906837,185.07138122222224,0.005982398463016361,8.497042502303083,185.07138122222224,73.70566666666666,7.7763333333333335,81.482,72.107,7.607666666666667,79.71466666666667
89,800,9.477339334062085,0.0019219742867309633,0.8925522037128403,185.13228233333334,0.006091771745537364,9.477339334062085,185.13228233333334,73.74733333333334,7.834666666666667,81.58166666666666,72.73866666666667,7.727666666666667,80.466
89,700,10.71356245833259,0.0009403340634498147,0.8925777036277175,185.20678633333333,0.008487841676971081,10.71356245833259,185.20678633333333,73.91066666666667,7.9206666666666665,81.831,72.39966666666668,7.758666666666667,80.15866666666666
89,600,12.327756633477122,0.0012012974693752505,0.8925962919786349,185.32119899999998,0.01164804185261565,12.327756633477122,185.32119899999998,73.89866666666667,8.008666666666665,81.90766666666667,72.30633333333334,7.836333333333333,80.14266666666667
89,550,13.323173690136878,0.001450755530749355,0.8925652000938933,185.35011822222222,0.007823841293933544,13.323173690136878,185.35011822222222,73.94933333333334,8.068666666666667,82.01833333333333,72.31533333333333,7.890333333333333,80.20566666666667
89,450,15.900736709395181,0.0003263824769620613,0.8926826442303925,185.514141,0.039146718036133094,15.900736709395181,185.514141,74.068,8.230333333333334,82.298,73.49566666666666,8.166666666666666,81.66199999999999
89,380,18.395673769745496,0.0002460355059246831,0.8926651554240941,185.64142377777776,0.009003868923548332,18.395673769745496,185.64142377777776,74.17666666666666,8.372,82.54899999999999,73.82533333333333,8.332333333333333,82.158
89,340,20.206131763078627,0.0020941737750089055,0.8926945251462032,185.71958877777777,0.017007963573715222,20.206131763078627,185.71958877777777,74.35733333333333,8.491999999999999,82.84933333333333,74.26799999999999,8.481666666666667,82.75
89,300,22.475099010909457,0.0029871596888413443,0.8927059332690904,185.85728444444445,0.02350220538192903,22.475099010909457,185.85728444444445,74.46866666666666,8.627333333333333,83.096,75.22166666666666,8.714666666666668,83.93599999999999
89,260,25.259092896602837,0.0016219034271713726,0.8927464977133388,185.9859412222222,0.01072723446468284,25.259092896602837,185.9859412222222,74.53266666666667,8.790333333333335,83.323,74.50666666666666,8.787333333333335,83.294
89,220,28.80863324276908,0.0016706934058973377,0.8927949839752567,186.1633923333333,0.010769818769732292,28.80863324276908,186.1633923333333,74.70933333333333,9.002,83.71133333333334,74.494,8.975666666666667,83.46966666666667
89,200,31.02923697045182,0.0020968380282516486,0.8927842912409246,186.27070055555555,0.010604319876207977,31.02923697045182,186.27070055555555,74.82033333333334,9.136333333333333,83.95666666666666,74.48899999999999,9.096,83.58466666666668
89,180,33.53598991943709,0.0013990668283382043,0.8927751940162612,186.38782233333333,0.03860349923258867,33.53598991943709,186.38782233333333,74.90966666666667,9.286666666666667,84.19666666666667,78.092,9.681666666666667,87.77366666666667
89,160,36.56399523606518,0.001845198424333677,0.8927807688748993,186.55582988888887,0.03010155045902538,36.56399523606518,186.55582988888887,75.105,9.471333333333334,84.57633333333332,74.63733333333333,9.412333333333335,84.05
89,140,40.16958443601141,0.0005297607620590401,0.8928025668491522,186.68443611111113,0.006173676928260578,40.16958443601141,186.68443611111113,75.29633333333334,9.689666666666666,84.986,74.74933333333333,9.619333333333334,84.36866666666667
89,120,45.03653286327028,0.0036320433003734706,0.8928016777509612,186.92165388888887,0.013583560408483929,45.03653286327028,186.92165388888887,75.57866666666666,9.985333333333333,85.56433333333332,74.798,9.882333333333333,84.68033333333334
89,100,51.02157875770223,0.0015691792543308723,0.892809789727269,187.1839331111111,0.009408964007985311,51.02157875770223,187.1839331111111,75.94133333333333,10.349333333333334,86.29066666666667,74.185,10.109666666666667,84.29466666666667
89,90,54.60635088011092,0.009027400814924607,0.8928011385120161,187.34477955555556,0.01570600805191273,54.60635088011092,187.34477955555556,76.147,10.564,86.71066666666667,75.35866666666668,10.454333333333333,85.81266666666666
89,80,58.405411402442745,0.0015429282730140806,0.8928150859262113,187.53412033333333,0.03410681065905786,58.405411402442745,187.53412033333333,76.32766666666667,10.793999999999999,87.122,75.59133333333334,10.69,86.28133333333334
89,70,63.206452597228804,0.004238303744756591,0.8928025190591008,187.7467404444445,0.00677172930755123,63.206452597228804,187.7467404444445,76.57333333333334,11.083,87.657,76.21333333333332,11.031333333333334,87.24466666666667
89,65,65.72097778265385,0.013447497198573416,0.892811553509676,187.89015344444445,0.014319466677428928,65.72097778265385,187.89015344444445,76.74633333333334,11.235333333333335,87.98166666666667,76.29366666666667,11.168999999999999,87.46266666666668
89,60,68.94940977185892,0.0035177951198093783,0.8928126247936802,188.06594633333336,0.012782879266157824,68.94940977185892,188.06594633333336,76.92733333333334,11.43,88.35733333333333,76.59833333333333,11.381,87.97966666666666
89,55,72.032500868155,0.00708373818821239,0.8928053301893254,188.20239166666667,0.026436400889664265,72.032500868155,188.20239166666667,77.18433333333333,11.634,88.81833333333333,85.06766666666665,12.822000000000001,97.88900000000001
89,50,76.04733769332104,0.00893313421030775,0.8928000140814091,188.38243577777777,0.01864786497854253,76.04733769332104,188.38243577777777,77.351,11.859666666666667,89.21033333333332,76.89833333333333,11.790333333333331,88.68866666666666
89,45,79.54607659437096,0.0008325765832080879,0.8927907209202313,188.543939,0.019888075433384767,79.54607659437096,188.543939,77.66266666666667,12.086333333333334,89.74866666666667,77.58,12.073,89.65333333333332
89,40,82.93686570614715,0.008871147591091236,0.8927818502870833,188.7746357777778,0.019746403583457604,82.93686570614715,188.7746357777778,77.80566666666667,12.290333333333335,90.096,83.72233333333334,13.225,96.94733333333333
89,35,87.77522106716394,0.010582904489898312,0.8927677247911738,189.12717777777777,0.02533253224684766,87.77522106716394,189.12717777777777,78.09266666666667,12.57,90.66233333333332,77.75099999999999,12.514666666666665,90.26566666666668
89,30,92.75219353269846,0.004829448304954041,0.8927674728416136,189.35278333333335,0.014331510818258687,92.75219353269846,189.35278333333335,78.423,12.9,91.323,84.03733333333334,13.823666666666666,97.86166666666666
89,27,95.70674884419513,0.01204369968851443,0.892762443838426,189.72287644444444,0.0751897598689348,95.70674884419513,189.72287644444444,78.37833333333333,13.046333333333331,91.42433333333334,78.40866666666666,13.051333333333332,91.46
89,26,102.07037964456181,0.001582192003693143,0.8927919045034813,190.1125631111111,0.00908293424402494,102.07037964456181,190.1125631111111,78.86800000000001,13.447333333333333,92.31566666666667,79.02199999999999,13.473999999999998,92.496
89,25,101.37831048147773,0.010264332422702159,0.892761880862757,190.0786468888889,0.09497970583311777,101.37831048147773,190.0786468888889,78.73133333333332,13.395666666666665,92.12733333333334,78.72066666666666,13.394,92.11500000000001
89,24,105.17877676140976,0.0068465831773774615,0.8927717285932512,190.36193233333333,0.04022479022664076,105.17877676140976,190.36193233333333,79.03333333333335,13.629666666666665,92.66300000000001,78.986,13.621,92.60700000000001
89,23,108.63061136599794,0.008814579421172935,0.8927738074930064,190.68569733333334,0.053607245788224525,108.63061136599794,190.68569733333334,79.38033333333333,13.841666666666667,93.22233333333334,79.23,13.815333333333333,93.045
89,22,112.71518206254514,0.0338549817150848,0.8927795579367542,191.107354,0.12714265186046028,112.71518206254514,191.107354,79.757,14.088333333333333,93.84533333333333,79.597,14.059666666666667,93.65666666666668
89,21,118.17454503185697,0.037583048633752184,0.8927855161504752,191.61387522222222,0.006195300551701045,118.17454503185697,191.61387522222222,79.84933333333333,14.413333333333334,94.26333333333332,80.70566666666666,14.568,95.27333333333333
89,20,121.60552219130273,0.18391624773987095,0.8927878661686978,191.87716611111105,0.04573003413795709,121.60552219130273,191.87716611111105,80.02633333333334,14.623,94.64999999999999,83.01133333333333,15.169000000000002,98.18033333333334
89,19,132.10348707872137,0.021971592719516004,0.8928062114356973,193.01904411111113,0.038078242608482034,132.10348707872137,193.01904411111113,80.02666666666666,15.267000000000001,95.294,79.46666666666667,15.160333333333334,94.627
89,18,132.2550369247568,0.005980647760073492,0.8927910475111115,193.0034531111111,0.03177010777679687,132.2550369247568,193.0034531111111,80.363,15.267000000000001,95.63,80.36066666666666,15.266333333333334,95.62666666666667
89,17,174.50036940039502,0.0048320416912604105,0.8928183903830789,199.27712166666666,0.26472286243687676,174.50036940039502,199.27712166666666,81.39666666666666,17.866333333333333,99.26299999999999,80.59033333333333,17.689333333333334,98.27933333333333
89,16,203.03295350206932,0.011381722511299368,0.8928597761139548,204.5943111111111,0.3902502984912391,203.03295350206932,204.5943111111111,81.93433333333333,19.603333333333335,101.53800000000001,82.57966666666667,19.75766666666667,102.33733333333333
89,15,216.94622349999966,0.008520318992639721,0.892829402367007,207.01302966666663,0.43305118491403904,216.94622349999966,207.01302966666663,82.12766666666666,20.450333333333333,102.57766666666667,82.86033333333334,20.633,103.49300000000001
89,14,232.9520716602938,0.017872204755314897,0.8928660313663347,210.55239255555554,0.49712485004452167,232.9520716602938,210.55239255555554,82.335,21.433333333333334,103.76833333333333,83.23566666666666,21.667666666666666,104.90333333333332
89,13,250.36213756536952,0.056090220211633575,0.8928404444743153,213.75762622222223,0.057017249632932934,250.36213756536952,213.75762622222223,82.82033333333334,22.49133333333333,105.31133333333332,84.92399999999999,23.062,107.986
89,12,273.2516175396449,0.024029915741225382,0.8928800036212051,219.2468975555556,0.8586555566510887,273.2516175396449,219.2468975555556,83.528,23.862,107.38966666666666,90.786,25.935000000000002,116.721
89,11,298.1725257134513,0.00613380731535065,0.8928482360038376,224.45405555555553,0.6862426577156325,298.1725257134513,224.45405555555553,84.49333333333333,25.418666666666667,109.91133333333333,92.68266666666666,27.882333333333335,120.565
89,10,330.3588118728487,0.013188415389623473,0.8928717617732613,230.89406855555558,0.233681592651268,330.3588118728487,230.89406855555558,85.27766666666668,27.388,112.66566666666667,94.92666666666666,30.487,125.41366666666666
89,9,368.87224247326975,0.07276405237082016,0.8928602784787124,239.8468851111111,0.3050490974110033,368.87224247326975,239.8468851111111,86.15933333333334,29.69,115.849,97.84766666666667,33.717999999999996,131.56566666666666
89,8,417.60792637357076,0.007649066500620794,0.8928594015298116,249.77499666666665,0.4475517378145047,417.60792637357076,249.77499666666665,88.016,32.660333333333334,120.676,103.37966666666667,38.361,141.74066666666667
89,7,481.13328714547083,0.03269718174614418,0.8928627915868946,264.81787888888886,0.9017976488979312,481.13328714547083,264.81787888888886,90.652,36.550999999999995,127.20266666666667,107.24033333333334,43.23933333333333,150.47933333333333
89,6,567.2175132787622,0.13287015360412752,0.8928641610426618,285.8095822222222,0.8229264098351186,567.2175132787622,285.8095822222222,94.397,41.782333333333334,136.17933333333335,120.73899999999999,53.442,174.18066666666667
89,5,688.8111733927566,0.04344082354147931,0.8928681347900009,320.1417442222222,0.10060479770553417,688.8111733927566,320.1417442222222,100.32000000000001,49.25233333333333,149.572,134.374,65.97133333333333,200.34533333333334
89,4,862.2197040745413,0.2433376422109993,0.8928729660444157,478.3811985555556,3.6157324823916817,862.2197040745413,478.3811985555556,108.014,59.64266666666666,167.65599999999998,203.93133333333333,112.60533333333335,316.5363333333333
89,3,882.8244866857858,0.15501369592097208,0.8928933324611316,552.2689259999999,0.1804394555976054,882.8244866857858,552.2689259999999,108.91766666666666,61.23533333333333,170.15200000000002,232.82000000000002,130.89533333333333,363.71566666666666
89,2,882.8380106781902,0.03689323609431645,0.8928787515439325,550.8386917777777,0.2732959727011902,882.8380106781902,550.8386917777777,107.74833333333333,61.12800000000001,168.876,229.4606666666667,130.178,359.63899999999995
89,1,882.7441095951611,0.2129592802628396,0.8928898700612912,554.7287582222222,0.11463955829477672,882.7441095951611,554.7287582222222,102.76299999999999,61.13966666666666,163.903,220.8853333333333,131.41733333333335,352.30266666666665
89,0,882.7057914429982,0.12553260630362342,0.8928937544002663,555.7079202222222,0.33083342225971957,882.7057914429982,555.7079202222222,105.42666666666666,61.14933333333334,166.576,225.8033333333333,130.97,356.77299999999997
91,100000,0.08849085459591507,5.768896634489712e-05,0.905710751861276,184.33798855555554,0.006939718168604428,0.08849085459591507,184.33798855555554,73.32333333333332,7.266333333333333,80.58966666666667,72.323,7.167333333333333,79.49033333333334
91,5000,1.6062160143238833,0.0004589256886315218,0.9064164663883779,184.50586955555556,0.014493031522233715,1.6062160143238833,184.50586955555556,73.46,7.369,80.82900000000001,72.18666666666667,7.241,79.42766666666667
91,3000,2.6435135243684607,0.00046657176899259073,0.9076108354313551,184.60856222222228,0.004248413956796786,2.6435135243684607,184.60856222222228,73.51233333333333,7.432666666666667,80.945,71.94566666666667,7.274333333333334,79.22
91,2000,3.911370902298618,0.00011026192065462213,0.9080837148753228,184.7463341111111,0.011213692425557349,3.911370902298618,184.7463341111111,73.485,7.500333333333334,80.98533333333334,72.05266666666667,7.354333333333334,79.40633333333334
91,1500,5.154232109185064,0.0005047175376343318,0.9082305535273639,184.86127133333332,0.02987643857806841,5.154232109185064,184.86127133333332,73.54566666666666,7.575333333333333,81.12066666666666,72.35000000000001,7.452333333333333,79.80233333333334
91,1000,7.565171575820333,0.0006898035733775246,0.9085279090433306,185.00368655555562,0.011933250094384548,7.565171575820333,185.00368655555562,73.663,7.722666666666666,81.38533333333334,72.24633333333333,7.574333333333333,79.82066666666667
91,900,8.340568939020363,0.0003398619621971496,0.908545753849201,185.04326355555554,0.012459326361028172,8.340568939020363,185.04326355555554,73.70466666666665,7.769666666666667,81.47433333333333,72.05433333333333,7.595666666666666,79.64966666666668
91,800,9.30073827393124,0.0008812587038979586,0.9086584222531585,185.11690155555553,0.006800471554997143,9.30073827393124,185.11690155555553,73.837,7.835999999999999,81.673,73.34066666666666,7.783333333333334,81.12400000000001
91,700,10.510389030323914,0.0004496857146638271,0.9087504006191011,185.18346622222217,0.004249426540829036,10.510389030323914,185.18346622222217,73.81133333333334,7.9013333333333335,81.71333333333332,72.09966666666666,7.718333333333334,79.81766666666667
91,600,12.09386635786097,0.000511840727831117,0.908788815022476,185.27718000000002,0.0022214686583471874,12.09386635786097,185.27718000000002,73.88666666666667,7.997333333333334,81.88333333333334,72.47800000000001,7.844333333333334,80.32233333333333
91,550,13.068638266961827,0.0006121685548121312,0.9087597290768921,185.32818933333337,0.01341599682388146,13.068638266961827,185.32818933333337,73.94566666666667,8.057,82.003,72.384,7.8870000000000005,80.27133333333335
91,450,15.594495475280775,0.0008724704713763665,0.9088372723055783,185.47082911111113,0.006638361246390731,15.594495475280775,185.47082911111113,74.15566666666666,8.219333333333333,82.37533333333333,72.98766666666667,8.090000000000002,81.07766666666667
91,380,18.032971338506645,0.0017965710251782322,0.9088904429365098,185.62637655555557,0.03475934937591058,18.032971338506645,185.62637655555557,74.18366666666667,8.364666666666666,82.54866666666668,73.063,8.238666666666667,81.30133333333333
91,340,19.79974062268185,0.0009504539931890917,0.9089499382418414,185.67291,0.014551898310692526,19.79974062268185,185.67291,74.41866666666667,8.481333333333334,82.89999999999999,80.41733333333333,9.165333333333333,89.58233333333332
91,300,21.98496209392911,0.0013321581173156185,0.9089695277991133,185.79132266666667,0.021251118577098545,21.98496209392911,185.79132266666667,74.54133333333334,8.613999999999999,83.15566666666666,75.784,8.758000000000001,84.54166666666667
91,260,24.676579550375806,0.0011485781478531153,0.9089647190217014,185.92432,0.01669926723938907,24.676579550375806,185.92432,74.49033333333334,8.756333333333332,83.247,75.183,8.837666666666665,84.021
91,220,28.136573808985187,0.005155727657071406,0.9089921251094594,186.09504333333334,0.013768183116621343,28.136573808985187,186.09504333333334,74.776,8.979999999999999,83.756,74.71900000000001,8.973,83.69266666666665
91,200,30.303391267376014,0.004770368451259511,0.9090180767963437,186.18703455555556,0.009263518849842485,30.303391267376014,186.18703455555556,74.77733333333333,9.099666666666666,83.877,74.52366666666667,9.068666666666667,83.59233333333333
91,180,32.69809511202468,0.0023196116302654033,0.9090387837483224,186.31496011111116,0.012838710693047027,32.69809511202468,186.31496011111116,74.90599999999999,9.245666666666667,84.15133333333334,75.05133333333333,9.263666666666667,84.31466666666667
91,160,35.616787597799664,0.0008513580558066151,0.909011061137241,186.432833,0.01428136119017401,35.616787597799664,186.432833,75.05466666666666,9.423666666666668,84.478,74.78233333333333,9.389333333333333,84.17166666666667
91,140,39.08907967705686,0.0009363469770225381,0.909051584973974,186.58602233333332,0.006433115946226665,39.08907967705686,186.58602233333332,75.232,9.635333333333334,84.86666666666666,74.64999999999999,9.560333333333332,84.21033333333334
91,120,43.85887319308381,0.1041762790297656,0.9090523652857784,186.79970255555557,0.01922713548414569,43.85887319308381,186.79970255555557,75.51233333333333,9.922666666666666,85.435,74.74066666666666,9.821333333333333,84.562
91,100,49.60765629842606,0.010725958896093773,0.9090684459600974,187.06079044444448,0.009443873089230118,49.60765629842606,187.06079044444448,76.05933333333333,10.304333333333334,86.36366666666667,79.64466666666667,10.790000000000001,90.43466666666666
91,90,53.06275594901251,0.0026149987107954176,0.9090722215938326,187.22426455555555,0.020539677594932765,53.06275594901251,187.22426455555555,76.07133333333333,10.485,86.55633333333333,75.29333333333334,10.377666666666668,85.671
91,80,56.7122697471011,0.003968596538046718,0.9090740576642714,187.38270533333335,0.015083701240451485,56.7122697471011,187.38270533333335,76.39033333333333,10.728666666666667,87.11899999999999,76.54866666666668,10.750333333333332,87.29899999999999
91,70,61.44912978819783,0.002028066336748423,0.9090878245466203,187.63637988888888,0.02542445418036825,61.44912978819783,187.63637988888888,76.47433333333333,10.992333333333335,87.467,75.807,10.896666666666667,86.70366666666666
91,65,63.861515175307794,0.002399435131922855,0.909082690570663,187.7379993333333,0.013329945098672292,63.861515175307794,187.7379993333333,76.74766666666666,11.153333333333334,87.901,76.32766666666667,11.092333333333334,87.42
91,60,67.06556297912859,0.0011610432257962112,0.9090742564945407,187.90855144444447,0.01588881332653745,67.06556297912859,187.90855144444447,76.836,11.334000000000001,88.16966666666667,76.35466666666666,11.262666666666668,87.61733333333335
91,55,70.04748934159225,0.0036067732696129853,0.9090818657333358,188.05102744444443,0.013187587317609767,70.04748934159225,188.05102744444443,77.029,11.516666666666666,88.54566666666666,76.17266666666666,11.388333333333334,87.56099999999999
91,50,73.98952177096244,0.006607402167441676,0.909072810661681,188.24966633333335,0.02899058129998295,73.98952177096244,188.24966633333335,77.25566666666667,11.754666666666667,89.01100000000001,76.63766666666668,11.661000000000001,88.29833333333333
91,45,77.4172557710847,0.0032225116337465925,0.9090653027508887,188.44064833333331,0.019455941483284448,77.4172557710847,188.44064833333331,77.57166666666666,11.978,89.54933333333334,77.16733333333333,11.915000000000001,89.08266666666667
91,40,80.6418678412653,0.0032012070591111476,0.9090485754936152,188.5828313333333,0.01746518056337406,80.6418678412653,188.5828313333333,77.82366666666667,12.190666666666667,90.01433333333334,83.19666666666667,13.032333333333334,96.22933333333333
91,35,85.43544432029502,0.012943785258114043,0.9090405880740035,188.91065855555553,0.029551271659668036,85.43544432029502,188.91065855555553,78.17899999999999,12.462333333333333,90.64133333333332,78.22699999999999,12.469999999999999,90.69666666666667
91,30,90.0404264630746,0.00884174290936513,0.9090280389911163,189.21799466666667,0.054838929509771504,90.0404264630746,189.21799466666667,78.11500000000001,12.727333333333334,90.842,78.07,12.719999999999999,90.79033333333332
91,27,92.8267338791527,0.013082215024942013,0.9090345870181831,189.35083444444444,0.0952532378133703,92.8267338791527,189.35083444444444,78.25133333333333,12.896666666666667,91.14799999999998,78.65333333333334,12.963000000000001,91.61633333333333
91,26,99.49124099334703,0.019430819592664433,0.909038791927506,189.88831533333337,0.03439910498032609,99.49124099334703,189.88831533333337,78.71566666666666,13.301666666666668,92.01666666666667,78.631,13.287333333333335,91.918
91,25,98.10750405837193,0.018449714263685406,0.9090303358638251,189.76174866666665,0.05957935828326368,98.10750405837193,189.76174866666665,78.68033333333334,13.242666666666667,91.92333333333333,83.80066666666666,14.104333333333335,97.90500000000002
91,24,101.94831834492231,0.018654245798254636,0.9090320774705386,190.13564088888893,0.042288691212671904,101.94831834492231,190.13564088888893,78.97366666666666,13.476666666666667,92.45033333333333,79.05133333333333,13.489666666666666,92.54133333333334
91,23,105.14600318037257,0.005114387409417118,0.9090396741298519,190.4119868888889,0.0810882818266363,105.14600318037257,190.4119868888889,79.288,13.673333333333334,92.96133333333334,85.37399999999998,14.722999999999999,100.09666666666668
91,22,109.21135331049443,0.019414823395025885,0.9090408984271466,190.6751383333333,0.04679209566203849,109.21135331049443,190.6751383333333,79.61266666666667,13.905666666666667,93.51799999999999,79.678,13.917333333333334,93.59433333333334
91,21,116.43647684248715,0.08662797621488247,0.9090580998172385,191.42777222222222,0.05537548859412075,116.43647684248715,191.42777222222222,79.74366666666667,14.343666666666666,94.08699999999999,79.39800000000001,14.281666666666666,93.68
91,20,117.95469170646611,0.02148242934661753,0.9090529885070335,191.69810755555554,0.15918070305519885,117.95469170646611,191.69810755555554,79.92433333333334,14.433,94.35766666666666,79.77666666666666,14.406333333333334,94.18299999999999
91,19,128.10103919658692,0.08563676863516377,0.9090673286539821,192.67407988888888,0.023853496460070584,128.10103919658692,192.67407988888888,80.024,15.088666666666667,95.113,79.54233333333333,14.998,94.53966666666668
91,18,128.23606659909726,0.005641442469467301,0.9090654233050032,192.6492131111111,0.16986431771933852,128.23606659909726,192.6492131111111,80.265,15.073666666666668,95.33866666666665,80.78166666666667,15.171000000000001,95.95233333333333
91,17,166.04539293325942,0.0010766063401628106,0.909080093474342,197.99267133333333,0.13642829954228325,166.04539293325942,197.99267133333333,81.092,17.393666666666665,98.48566666666666,80.30466666666666,17.224999999999998,97.52966666666667
91,16,195.88057985648211,0.05470786579200621,0.909089889822711,203.0398738888889,0.40695869940677426,195.88057985648211,203.0398738888889,81.68566666666668,19.22666666666667,100.91233333333334,82.10933333333334,19.326333333333334,101.43633333333332
91,15,209.37795680035217,0.007759011296081968,0.909103418555227,206.13896744444446,0.18893701857449635,209.37795680035217,206.13896744444446,81.86733333333333,20.045666666666666,101.91300000000001,82.534,20.209,102.743
91,14,224.82028720197104,0.010928894965124059,0.9090998122132553,208.77985211111113,0.1959338691923549,224.82028720197104,208.77985211111113,82.40933333333334,21.082333333333334,103.49133333333333,84.26299999999999,21.55666666666667,105.82
91,13,242.6860042702455,0.0024550802386715848,0.9090744034367484,212.95752244444444,0.4467708657720624,242.6860042702455,212.95752244444444,82.66000000000001,22.119,104.779,84.54733333333333,22.624,107.17099999999999
91,12,263.7484797929313,0.007742206895839134,0.9090333288610383,217.41977266666666,0.2830041239007156,263.7484797929313,217.41977266666666,83.143,23.353333333333335,106.49666666666667,89.83133333333335,25.232333333333333,115.06366666666666
91,11,285.5601678842972,0.01526039486402533,0.9090161267316796,222.42460033333336,0.4739434006049747,285.5601678842972,222.42460033333336,84.029,24.721,108.74966666666667,92.16266666666667,27.114,119.276
91,10,318.9871363968934,0.03970356426274946,0.9090143555582356,229.29877911111112,0.34076083562302173,318.9871363968934,229.29877911111112,84.81233333333334,26.756333333333334,111.56833333333333,101.26966666666665,31.948333333333334,133.21833333333333
91,9,356.1909552946638,0.026824256491007642,0.9090177615840983,237.24919666666665,0.5234428026086265,356.1909552946638,237.24919666666665,85.56566666666667,29.012333333333334,114.57766666666667,96.90899999999999,32.858333333333334,129.76733333333334
91,8,403.3433115382699,0.027787227136398997,0.9090196125883009,246.98964844444444,0.18484431664222434,403.3433115382699,246.98964844444444,87.37033333333333,31.90433333333333,119.27466666666668,99.73033333333335,36.41766666666667,136.14866666666668
91,7,464.7996805025203,0.06215111069660058,0.9090245628948311,259.5977197777778,1.38166828833067,464.7996805025203,259.5977197777778,90.01799999999999,35.66533333333333,125.68366666666667,105.38,41.752,147.13166666666666
91,6,548.2931665866058,0.04874496616678735,0.9090336023709638,280.34032422222225,0.250118469088457,548.2931665866058,280.34032422222225,93.233,40.559,133.7926666666667,119.08266666666667,51.80433333333334,170.88666666666666
91,5,667.6194934827346,0.10147471514886326,0.9090422993467717,312.2085688888889,1.0181193931571038,667.6194934827346,312.2085688888889,99.33533333333332,48.112,147.44733333333332,131.69500000000002,63.785000000000004,195.48000000000002
91,4,846.5677001650073,0.2700521851755571,0.9090378048871357,433.4035596666667,0.42977400141128036,846.5677001650073,433.4035596666667,107.90033333333334,59.10066666666666,167.00066666666666,188.99033333333333,103.516,292.5063333333333
91,3,885.5756548680278,0.05519165076816017,0.9090415392296931,551.1329761111111,0.18092343508921313,885.5756548680278,551.1329761111111,108.78066666666666,61.56733333333333,170.34833333333333,231.71,131.14266666666666,362.85266666666666
91,2,885.6778317051903,0.10104974041418452,0.9090435108656559,548.5021507777778,0.20339792559093248,885.6778317051903,548.5021507777778,107.36399999999999,61.52266666666667,168.88633333333334,228.76733333333334,131.09,359.8573333333334
91,1,885.3984465334173,0.03840086447838922,0.9090719284837845,555.6804413333334,0.11218748738963316,885.3984465334173,555.6804413333334,103.109,61.524,164.633,221.923,132.41933333333336,354.3416666666667
91,0,885.3121037095567,0.15328104430856493,0.9090685911581949,556.125941111111,0.12040962057462544,885.3121037095567,556.125941111111,105.904,61.525,167.429,227.70466666666667,132.28466666666668,359.9893333333334
93,1000,7.421870441939706,0.0006335667661746819,0.9252322909031613,185.00045777777777,0.0057159559357309,7.421870441939706,185.00045777777777,73.753,7.724666666666667,81.47766666666666,72.56533333333333,7.6003333333333325,80.16566666666667
93,900,8.201542996710275,0.03140773676547588,0.9252878430762849,185.055961,0.014870343218773266,8.201542996710275,185.055961,73.698,7.761666666666667,81.46,72.16466666666666,7.6000000000000005,79.765
93,800,9.128118782071875,0.0003482012187189874,0.9254643760319198,185.095405,0.007158288490325283,9.128118782071875,185.095405,73.84466666666667,7.830333333333333,81.67466666666667,72.32833333333333,7.669333333333333,79.99733333333333
93,700,10.318352036980414,0.00046498709292882255,0.925455274599348,185.17532755555555,0.010503630326550936,10.318352036980414,185.17532755555555,73.80499999999999,7.891666666666667,81.69666666666667,72.28033333333333,7.728666666666666,80.00933333333334
93,600,11.870036273023567,0.0010500613034782997,0.925516770202368,185.26564433333337,0.030807923387443713,11.870036273023567,185.26564433333337,73.82,7.977,81.79700000000001,77.55133333333333,8.379333333333333,85.931
93,550,12.82516238596559,0.000537962034291054,0.9256154039139579,185.3150981111111,0.025417430767393678,12.82516238596559,185.3150981111111,73.92833333333333,8.044333333333332,81.973,72.87033333333333,7.929333333333333,80.8
93,450,15.30654826483475,0.0016191368290570558,0.925646869776542,185.44448744444446,0.014086736592075544,15.30654826483475,185.44448744444446,74.15733333333334,8.208333333333334,82.366,77.77666666666666,8.609333333333334,86.38566666666667
93,380,17.713616647574458,0.0006280996900433565,0.9256396446857679,185.57582266666668,0.008156249819099074,17.713616647574458,185.57582266666668,74.16233333333334,8.340666666666666,82.50333333333333,73.83633333333334,8.304,82.14
93,340,19.446311115946,0.0016800070995786644,0.9256499548232945,185.66849533333334,0.012314043730614052,19.446311115946,185.66849533333334,74.247,8.445666666666666,82.69266666666665,74.153,8.435333333333334,82.58800000000001
93,300,21.639668184149304,0.0008967349365853048,0.9257037617728116,185.75871044444443,0.013090729460742044,21.639668184149304,185.75871044444443,74.54166666666667,8.600666666666667,83.14233333333334,79.871,9.215666666666666,89.08633333333334
93,260,24.305684040678898,0.00034605875382873825,0.925749382082896,185.88550333333333,0.020846487625819456,24.305684040678898,185.88550333333333,74.61533333333334,8.754666666666667,83.36933333333333,74.35466666666666,8.724,83.07833333333333
93,220,27.73533002847743,0.0004935415467244336,0.9257443383715551,186.05398066666666,0.016478057858211558,27.73533002847743,186.05398066666666,74.78166666666668,8.964666666666666,83.746,79.81866666666667,9.568333333333333,89.387
93,200,29.8492435822851,0.0014313554415262498,0.9257889829491708,186.17060566666666,0.002486579533769526,29.8492435822851,186.17060566666666,74.96166666666666,9.101,84.06266666666666,75.86733333333333,9.210666666666667,85.07833333333333
93,180,32.2683841859675,0.00025766667869241676,0.9257591026258276,186.2734454444444,0.02670472170136488,32.2683841859675,186.2734454444444,74.92,9.228666666666667,84.14866666666667,74.68066666666665,9.199,83.87966666666667
93,160,35.210996970652005,0.0014752424704854421,0.9257530618304698,186.40972466666665,0.034845131952351865,35.210996970652005,186.40972466666665,75.02466666666668,9.406666666666666,84.43133333333333,78.15333333333334,9.799333333333333,87.95266666666667
93,140,38.6800091047148,0.0011268621085919284,0.9257837813869948,186.55827566666667,0.004419303200472218,38.6800091047148,186.55827566666667,75.25833333333333,9.620333333333333,84.87866666666666,74.55900000000001,9.531,84.08966666666667
93,120,43.32873485614508,0.0023086350380847717,0.9257579085258071,186.7481398888889,0.006211175862312495,43.32873485614508,186.7481398888889,75.536,9.905666666666667,85.44166666666666,74.22233333333334,9.733333333333334,83.95633333333333
93,100,49.04012900434327,0.006812896036886599,0.9258100166128377,187.02161033333334,0.01982102772595625,49.04012900434327,187.02161033333334,75.88166666666666,10.253333333333332,86.13533333333334,74.44366666666667,10.059333333333333,84.50333333333333
93,90,52.49139873683557,0.0013575740041466698,0.9257935958920145,187.14135522222224,0.006575433659827721,52.49139873683557,187.14135522222224,76.08033333333333,10.462333333333333,86.54233333333333,75.485,10.380333333333333,85.86533333333334
93,80,56.214841432529795,0.0017580203016602984,0.9258036591343556,187.3284751111111,0.016513781652974503,56.214841432529795,187.3284751111111,76.26533333333333,10.69,86.955,76.02333333333333,10.656,86.67933333333333
93,70,60.721794615574105,0.004466251905924456,0.9258078386960236,187.53414822222223,0.01934947783773888,60.721794615574105,187.53414822222223,76.51233333333333,10.965666666666666,87.478,75.66199999999999,10.844,86.50566666666667
93,65,63.20058281473959,0.02547872808901202,0.9258187488462614,187.64337766666668,0.014376143653056611,63.20058281473959,187.64337766666668,76.67200000000001,11.122,87.794,76.182,11.051,87.23333333333333
93,60,66.18123595033951,0.004316641524902757,0.9258213884462948,187.7757195555556,0.00416157494671188,66.18123595033951,187.7757195555556,76.847,11.297666666666666,88.145,76.43966666666667,11.237666666666668,87.67766666666667
93,55,69.23379111729638,0.003994418345105658,0.9258494125001547,187.92761277777777,0.02313760437118501,69.23379111729638,187.92761277777777,77.03000000000002,11.484,88.51366666666667,76.61233333333332,11.422000000000002,88.03466666666667
93,50,72.93569935025145,0.0032725963313617857,0.9258466689170389,188.09248366666665,0.030918833521539804,72.93569935025145,188.09248366666665,77.24833333333333,11.709666666666665,88.95833333333333,76.82100000000001,11.645000000000001,88.46566666666666
93,45,76.28098626716852,0.01111585991607511,0.9258383096489791,188.28808344444442,0.0409610782604777,76.28098626716852,188.28808344444442,77.55933333333333,11.93,89.48966666666666,82.452,12.682666666666668,95.13466666666666
93,40,79.5534438522413,0.010324507789837758,0.925826636785532,188.43143755555556,0.013719089661797076,79.5534438522413,188.43143755555556,77.62,12.112,89.73166666666667,77.71266666666666,12.126,89.839
93,35,84.19229385944105,0.01266915930427206,0.9258124426291752,188.71454222222224,0.05153742636865381,84.19229385944105,188.71454222222224,77.95166666666667,12.394,90.34533333333333,77.69166666666666,12.352666666666666,90.04433333333333
93,30,88.91272030373959,0.009362085274515418,0.925813345968419,189.0319048888889,0.06037476098991289,88.91272030373959,189.0319048888889,78.10700000000001,12.681666666666667,90.78833333333334,78.17033333333335,12.691666666666668,90.86233333333332
93,27,92.1438761724599,0.01009695133074413,0.9258130476713521,189.27046555555555,0.028103121899190356,92.1438761724599,189.27046555555555,78.391,12.895666666666665,91.28699999999999,78.38499999999999,12.895000000000001,91.27966666666667
93,26,98.02319546209685,0.06520624286620312,0.9258153894642173,189.7030211111111,0.06361864655231919,98.02319546209685,189.7030211111111,78.655,13.246,91.90066666666667,78.32433333333334,13.190333333333333,91.51433333333334
93,25,97.61716654261609,0.007525017389111419,0.9258186717458449,189.61861688888885,0.022043175840821848,97.61716654261609,189.61861688888885,78.88466666666666,13.257333333333333,92.14233333333334,84.39,14.183,98.57266666666665
93,24,101.3184759622261,0.03544021348662882,0.9258241834285915,189.89447577777776,0.05251757491262324,101.3184759622261,189.89447577777776,78.96633333333334,13.446333333333333,92.41333333333334,79.345,13.511000000000001,92.856
93,23,104.59531814688863,0.012391872066130016,0.9258268397088454,190.13922466666668,0.046063781350755596,104.59531814688863,190.13922466666668,79.39733333333334,13.667333333333332,93.065,79.312,13.652666666666667,92.96466666666667
93,22,108.58005621089497,0.02862719138423725,0.9258342506668075,190.53563333333332,0.04978616283779453,108.58005621089497,190.53563333333332,79.74900000000001,13.908333333333333,93.65733333333333,79.94633333333333,13.943,93.88900000000001
93,21,113.91514020215241,0.013923538035135687,0.9258376247991079,191.03555488888892,0.026597070501473575,113.91514020215241,191.03555488888892,79.73433333333334,14.211999999999998,93.94633333333333,80.33633333333334,14.319333333333333,94.65566666666666
93,20,117.41211496666783,0.007636919745802319,0.9258428068265193,191.2641455555556,0.06533057095553046,117.41211496666783,191.2641455555556,80.06400000000001,14.446666666666667,94.51033333333334,80.136,14.459666666666665,94.596
93,19,126.89975955300498,0.00712236263384523,0.9258531388889639,192.38779277777778,0.06725632244575902,126.89975955300498,192.38779277777778,79.93299999999999,15.030000000000001,94.96300000000001,79.54266666666666,14.956333333333333,94.49933333333333
93,18,127.5283226307143,0.0039012056788266395,0.9258511527643748,192.50831588888892,0.15704562405459968,127.5283226307143,192.50831588888892,80.20766666666667,15.048666666666668,95.25633333333333,79.73033333333333,14.958666666666668,94.68966666666667
93,17,167.96556514399234,0.003255374927292619,0.9258834763572227,197.90653566666666,0.120774654212343,167.96556514399234,197.90653566666666,81.363,17.605666666666668,98.96866666666666,81.01533333333333,17.53033333333333,98.54566666666666
93,16,195.52328986521692,0.005787344942663571,0.9258960002040223,203.32683711111113,0.21931794584889078,195.52328986521692,203.32683711111113,81.64800000000001,19.249333333333336,100.89699999999999,82.23833333333333,19.388666666666666,101.627
93,15,209.17705122775337,0.0037114581884540566,0.9259010472300372,205.57652022222226,0.0684630635544268,209.17705122775337,205.57652022222226,81.79266666666666,20.087666666666667,101.88033333333333,82.60233333333333,20.28633333333333,102.88900000000001
93,14,224.3121452342281,0.00422776793644122,0.9259072852032543,208.90878255555552,0.1520911487432289,224.3121452342281,208.90878255555552,82.00566666666667,21.021333333333335,103.027,82.89833333333333,21.250666666666667,104.14866666666667
93,13,242.28663135174884,0.010072721285349685,0.9259100487354206,212.4376132222222,0.4183499066829121,242.28663135174884,212.4376132222222,82.73266666666666,22.18166666666667,104.91399999999999,92.40466666666667,24.775666666666666,117.18
93,12,263.00763098804845,0.004140410855444346,0.9259139429193172,217.56678044444448,0.772186180569068,263.00763098804845,217.56678044444448,83.12766666666666,23.376666666666665,106.50433333333332,90.46133333333334,25.439333333333334,115.90066666666667
93,11,284.81489980010423,0.007520370909084662,0.9259219252087552,221.65232077777773,0.41758384966701295,284.81489980010423,221.65232077777773,83.90366666666667,24.717,108.62066666666665,90.95333333333333,26.794,117.74766666666666
93,10,317.8903262990828,0.007866824035127347,0.9259292259043433,229.18556966666665,0.4222075840252834,317.8903262990828,229.18556966666665,84.74933333333333,26.785,111.53433333333334,94.10133333333333,29.740333333333336,123.84166666666665
93,9,354.75438519534873,0.05930025206468354,0.9259019107880881,236.05590488888888,0.08439882057654549,354.75438519534873,236.05590488888888,85.56599999999999,29.013666666666666,114.57966666666665,97.05333333333334,32.909333333333336,129.96266666666668
93,8,401.7082835201514,0.06421618375789538,0.9258126701893724,248.6126257777778,0.7445988425799592,401.7082835201514,248.6126257777778,87.57633333333335,31.93166666666667,119.508,109.94633333333333,40.089,150.03533333333334
93,7,462.6642057649802,0.06058613831322124,0.9257903613200252,263.96253966666666,1.2956697399068504,462.6642057649802,263.96253966666666,90.07099999999998,35.66766666666667,125.73899999999999,106.51633333333332,42.17966666666667,148.69633333333334
93,6,547.1845162762561,0.1893696522469233,0.9257936225136277,282.7596151111111,2.2018698022788503,547.1845162762561,282.7596151111111,93.74833333333333,40.842000000000006,134.5906666666667,119.06366666666666,51.870666666666665,170.93433333333334
93,5,661.9964692160084,0.21528667572788387,0.9258120847862198,300.97937733333333,0.17619024122521224,661.9964692160084,300.97937733333333,99.34733333333332,47.90133333333333,147.24866666666665,130.27366666666668,62.812999999999995,193.087
93,4,844.5313904698979,0.28338195429453317,0.9258048315325458,416.675445,0.21579246802495644,844.5313904698979,416.675445,108.25566666666667,59.24166666666667,167.49733333333333,178.905,97.90366666666667,276.809
93,3,887.7676620687189,0.08093395434336437,0.9258057788089836,549.1561267777778,0.22347114169799234,887.7676620687189,549.1561267777778,110.00066666666667,62.010333333333335,172.01166666666666,256.37466666666666,144.52666666666667,400.9013333333333
93,2,887.9839009843203,0.18480874368690403,0.9258080722064456,544.6896273333333,0.03938122573979995,887.9839009843203,544.6896273333333,108.48866666666667,62.03033333333334,170.51933333333332,234.61033333333333,134.1423333333333,368.75333333333333
93,1,887.3718960350434,0.48605316812974714,0.9258121902840313,554.9047858888889,0.169502890709693,887.3718960350434,554.9047858888889,103.42866666666667,61.947333333333326,165.376,221.24366666666666,132.51166666666666,353.75533333333334
93,0,887.4060850728698,0.2846239783606986,0.9258227789588073,555.5017775555556,0.10537485454704637,887.4060850728698,555.5017775555556,106.29233333333333,61.89633333333333,168.189,233.07500000000002,135.72433333333333,368.799
94,5000,1.5494245529460002,0.0005316427204950052,0.9397600717683586,184.50220544444446,0.013007915369491464,1.5494245529460002,184.50220544444446,73.37166666666667,7.358666666666667,80.73033333333333,71.57933333333334,7.178666666666667,78.75833333333334
94,3000,2.549180121287148,0.0006702163384498356,0.9410938340843474,184.61192711111116,0.009662379913480922,2.549180121287148,184.61192711111116,73.51266666666668,7.428,80.94066666666667,72.62333333333333,7.338,79.96166666666666
94,2000,3.7703314728082034,0.0004309641744941522,0.94175383156048,184.72242777777774,0.004201348729679927,3.7703314728082034,184.72242777777774,73.48899999999999,7.494666666666667,80.98333333333333,71.69633333333333,7.312,79.00833333333334
94,1500,4.96673579698794,0.0009234320840512366,0.9421761542385155,184.81717,0.00615716655615405,4.96673579698794,184.81717,73.543,7.567333333333333,81.11033333333334,71.94766666666668,7.403333333333333,79.35133333333333
94,1000,7.285700322605405,8.607543961352381e-05,0.9425143309636085,184.98335522222223,0.007751632518585165,7.285700322605405,184.98335522222223,73.66000000000001,7.709,81.36966666666666,71.915,7.526666666666666,79.442
94,900,8.0321649841403,0.0003601276371702346,0.9425072838979985,185.03372688888888,0.016292262390916554,8.0321649841403,185.03372688888888,73.68900000000001,7.753666666666667,81.44266666666665,72.62733333333334,7.642,80.269
94,800,8.958544575130341,0.0005503004120246022,0.9426436767079998,185.09000711111108,0.004953294866749938,8.958544575130341,185.09000711111108,73.83366666666667,7.821000000000001,81.65466666666667,72.721,7.703,80.42433333333334
94,700,10.123077202990839,0.0003032200796758442,0.9426719195262132,185.15612422222225,0.01472147348204887,10.123077202990839,185.15612422222225,73.803,7.883,81.68633333333334,72.21300000000001,7.713666666666668,79.92666666666666
94,600,11.638393015014062,0.0010914450698946017,0.9428063567459118,185.23381333333336,0.0033782126602195425,11.638393015014062,185.23381333333336,73.881,7.976333333333334,81.85733333333333,72.32866666666666,7.808666666666666,80.13733333333333
94,550,12.575438616320236,0.0011136178993019085,0.9428506460161835,185.29674833333334,0.008905636835395988,12.575438616320236,185.29674833333334,73.919,8.031333333333334,81.95033333333333,73.31666666666666,7.966000000000001,81.28266666666667
94,450,14.999656112402363,0.0009423282919083192,0.9428603422390772,185.42534077777773,0.005966789880770002,14.999656112402363,185.42534077777773,74.14466666666667,8.191666666666666,82.33633333333334,72.96,8.060666666666668,81.021
94,380,17.35291013823524,0.00292192675438829,0.9429403515288396,185.5453061111111,0.014556303065185886,17.35291013823524,185.5453061111111,74.165,8.325333333333333,82.49033333333334,73.14533333333334,8.210666666666667,81.35566666666666
94,340,19.03827887826913,0.0034213749666630894,0.9429823371991045,185.6195018888889,0.015570694555012898,19.03827887826913,185.6195018888889,74.234,8.425666666666666,82.66000000000001,74.31033333333333,8.434333333333333,82.745
94,300,21.145759885198107,8.1160380811377e-05,0.9429933626411257,185.72319488888888,0.011653048672795624,21.145759885198107,185.72319488888888,74.34533333333333,8.555666666666667,82.901,74.116,8.529333333333334,82.645
94,260,23.70585090477404,0.001034899669134423,0.9430059235912432,185.848839,0.020336951626147605,23.70585090477404,185.848839,74.481,8.712333333333333,83.193,74.29433333333334,8.690333333333333,82.985
94,220,27.05985767894481,0.00107931237942145,0.943068868912566,185.99101822222224,0.016584929683099763,27.05985767894481,185.99101822222224,74.75133333333333,8.93,83.68133333333333,74.25733333333334,8.871,83.12866666666667
94,200,29.08954354921688,0.0016996976109628459,0.9430633597084387,186.09219555555555,0.00863024676695715,29.08954354921688,186.09219555555555,74.75533333333334,9.042666666666667,83.798,74.43299999999999,9.003666666666668,83.43599999999999
94,180,31.378738985593163,0.0012311087927911327,0.9430803386287955,186.191134,0.012653425890960848,31.378738985593163,186.191134,74.87333333333333,9.182666666666668,84.056,74.613,9.150666666666666,83.76366666666667
94,160,34.21386788076069,0.001101792598804901,0.9430940980225454,186.32076022222222,0.010969072853191006,34.21386788076069,186.32076022222222,74.99933333333333,9.353666666666667,84.35333333333334,74.99533333333333,9.353333333333333,84.34899999999999
94,140,37.536380917677896,0.0032906468448925547,0.9431061872273937,186.45802733333332,0.0067057093170096805,37.536380917677896,186.45802733333332,75.26533333333333,9.569666666666668,84.835,75.73533333333334,9.629333333333333,85.36466666666666
94,120,41.940632518396974,0.005523316467630205,0.9431201644680204,186.64540944444443,0.018079457711693465,41.940632518396974,186.64540944444443,75.46966666666667,9.833333333333334,85.30333333333334,73.698,9.602666666666666,83.30033333333334
94,100,47.464444158359385,0.0033012902138678363,0.9431357230366487,186.88298744444447,0.022914428085426337,47.464444158359385,186.88298744444447,75.81733333333334,10.171999999999999,85.98933333333333,74.178,9.952333333333334,84.13033333333334
94,90,50.77586121315928,0.0028332141605244693,0.943134691406253,187.019985,0.00843506240511014,50.77586121315928,187.019985,76.01666666666667,10.375333333333332,86.39166666666667,74.50600000000001,10.168666666666667,84.67466666666667
94,80,54.36184745676248,0.0017043986150458573,0.9431399938240403,187.1872588888889,0.03691742452247187,54.36184745676248,187.1872588888889,76.17399999999999,10.592333333333334,86.76666666666667,75.464,10.493666666666668,85.95766666666667
94,70,58.78703889614618,0.0035680925807712554,0.943147831475005,187.3601886666667,0.018458538244181578,58.78703889614618,187.3601886666667,76.423,10.863333333333335,87.28699999999999,75.72333333333334,10.764333333333333,86.48766666666667
94,65,61.23950666541455,0.00384895385413958,0.943138525965349,187.500074,0.009040996816946499,61.23950666541455,187.500074,76.683,11.027000000000001,87.709,76.21666666666665,10.959666666666665,87.17633333333333
94,60,64.12748847011423,0.00462389747919366,0.9431426785171556,187.62180777777778,0.019999679531694382,64.12748847011423,187.62180777777778,76.85333333333334,11.204,88.05766666666666,76.794,11.195333333333332,87.98899999999999
94,55,67.13116256417928,0.002797537089795895,0.9431341795890491,187.75647288888885,0.005613195468751648,67.13116256417928,187.75647288888885,76.94566666666667,11.374,88.31966666666666,76.51299999999999,11.310333333333332,87.823
94,50,70.57887561441369,0.00594100641251037,0.9431299805825099,187.8912747777778,0.008245688100995293,70.57887561441369,187.8912747777778,77.16166666666668,11.586333333333334,88.74833333333333,76.40133333333334,11.472333333333333,87.87400000000001
94,45,73.78568174986997,0.008574825279368151,0.9431282311399892,188.0336701111111,0.012803056624358574,73.78568174986997,188.0336701111111,77.45266666666667,11.795666666666667,89.24833333333333,77.35166666666667,11.780333333333333,89.13233333333334
94,40,76.93181438121714,0.012508545187201533,0.943107627939014,188.2301688888889,0.06975805733017688,76.93181438121714,188.2301688888889,77.51933333333334,11.972666666666667,89.492,77.40933333333334,11.955333333333334,89.36500000000001
94,35,81.34669039110678,0.009989262511163863,0.9430934277279069,188.44354344444446,0.029393778488235964,81.34669039110678,188.44354344444446,77.92733333333332,12.258000000000001,90.18599999999999,77.91000000000001,12.255333333333333,90.16533333333332
94,30,85.84647607219904,0.0050772011858545435,0.9430827833734291,188.78504055555553,0.04726927601439272,85.84647607219904,188.78504055555553,77.98633333333333,12.525,90.51100000000001,77.98666666666666,12.525,90.51166666666666
94,27,89.18556330287885,0.0036818690781748645,0.943086172577472,188.98678544444442,0.05819338603154234,89.18556330287885,188.98678544444442,78.18166666666667,12.723666666666666,90.90499999999999,77.98733333333332,12.691666666666668,90.67933333333333
94,26,95.1946429912877,0.01862212438526861,0.9430915927384853,189.3635738888889,0.03375264143298064,95.1946429912877,189.3635738888889,78.57466666666666,13.088333333333333,91.66300000000001,79.558,13.252333333333334,92.81033333333335
94,25,94.36416288829129,0.03208755662829746,0.9430924770528369,189.30980555555553,0.036145205759156196,94.36416288829129,189.30980555555553,78.67266666666666,13.066,91.73866666666667,79.51633333333334,13.205666666666666,92.72233333333334
94,24,97.87132983316978,0.02949525853794962,0.9430911279081737,189.60994833333334,0.014246413104121497,97.87132983316978,189.60994833333334,78.90066666666667,13.280000000000001,92.18033333333334,79.17333333333333,13.326,92.49933333333333
94,23,101.11678376078125,0.031862400613441186,0.9430969831156513,189.85283533333336,0.039762093057748124,101.11678376078125,189.85283533333336,79.36399999999999,13.503666666666668,92.86733333333332,85.69366666666667,14.580666666666666,100.274
94,22,105.08880459595719,0.027990464127275766,0.9431034803025816,190.21103177777778,0.01781409095920675,105.08880459595719,190.21103177777778,79.726,13.744666666666667,93.471,79.65933333333334,13.733333333333334,93.39299999999999
94,21,109.96859798934794,0.010167415812106133,0.9431112396497997,190.66620666666668,0.09821106817636639,109.96859798934794,190.66620666666668,79.651,14.026000000000002,93.67766666666667,84.55166666666666,14.889333333333333,99.44133333333333
94,20,113.68175643624551,0.03178110994822168,0.9431184094161021,190.9286252222222,0.021696079549448345,113.68175643624551,190.9286252222222,79.90666666666667,14.253333333333332,94.16066666666666,79.83466666666668,14.241,94.075
94,19,123.85800680587128,0.09609078306702877,0.9431251945987357,192.0606482222222,0.022568284221528137,123.85800680587128,192.0606482222222,79.74133333333333,14.862,94.603,79.18766666666666,14.758666666666665,93.94633333333333
94,18,123.60204813222799,0.0058364365127779845,0.9431223433286501,192.03871600000002,0.01807369691320821,123.60204813222799,192.03871600000002,80.027,14.841,94.86766666666666,79.61533333333334,14.764333333333333,94.38033333333334
94,17,159.87231194524688,0.00781950273555624,0.9431546805783304,196.98971777777774,0.3163125551504596,159.87231194524688,196.98971777777774,80.971,17.120333333333335,98.09166666666665,86.78766666666667,18.351,105.13833333333332
94,16,188.86217941372797,0.010240204109177557,0.9431683208687316,201.9915586666667,0.24639215169884013,188.86217941372797,201.9915586666667,81.50233333333334,18.919666666666668,100.42166666666667,82.17399999999999,19.075999999999997,101.25
94,15,201.83645731946442,0.007263010406476056,0.943176259605614,204.36609744444442,0.25559751277532444,201.83645731946442,204.36609744444442,81.69,19.721,101.411,82.61033333333334,19.94333333333333,102.55366666666667
94,14,216.7162109183802,0.006360400768594652,0.9431834318463409,207.81308955555554,0.21133803251195435,216.7162109183802,207.81308955555554,81.71233333333333,20.618666666666666,102.331,82.54066666666667,20.82766666666667,103.36833333333334
94,13,231.85130484736501,0.0072758555507845,0.9431882225328394,210.67761477777776,0.37295486671302114,231.85130484736501,210.67761477777776,82.233,21.548000000000002,103.78133333333334,83.90333333333332,21.986,105.88900000000001
94,12,254.21560682473378,0.015714877457636937,0.9431929990365139,215.75199933333332,0.3340368774114362,254.21560682473378,215.75199933333332,82.961,22.92866666666667,105.88966666666666,85.44766666666665,23.616,109.06366666666668
94,11,277.7681622053358,0.003515428184952645,0.9431971897750474,220.40389477777777,0.31446597111545754,277.7681622053358,220.40389477777777,83.68633333333334,24.366666666666664,108.05266666666667,90.38766666666668,26.31833333333333,116.70633333333335
94,10,307.41332482331126,0.02281315003727497,0.9432036088230983,226.82610511111113,0.7273406325468472,307.41332482331126,226.82610511111113,84.133,26.19033333333333,110.324,93.25166666666667,29.028999999999996,122.28066666666666
94,9,343.2989076149866,0.022056090541999748,0.9432089343681564,234.9650103333333,0.7695155624599753,343.2989076149866,234.9650103333333,84.97733333333333,28.408666666666665,113.38566666666667,95.84266666666667,32.04066666666667,127.88366666666667
94,8,388.7390995112118,0.0442006328160192,0.9432123671515864,245.60820411111112,0.3461840814149802,388.7390995112118,245.60820411111112,87.05566666666668,31.218999999999998,118.27433333333333,99.02300000000001,35.510666666666665,134.53333333333333
94,7,447.93315448048844,0.07180512776320129,0.943218252775201,256.8831594444444,0.48700148235739593,447.93315448048844,256.8831594444444,89.77933333333334,34.88166666666667,124.661,104.81133333333332,40.722,145.53333333333333
94,6,528.3675310972247,0.05103592538759935,0.9432237435779821,276.98395822222227,1.9689091637678198,528.3675310972247,276.98395822222227,93.23700000000001,39.894,133.131,127.33966666666667,54.48566666666667,181.82533333333333
94,5,643.7881006066897,0.06520174062449687,0.9432488040348449,301.7663878888889,0.5070810102189626,643.7881006066897,301.7663878888889,98.60566666666666,46.97666666666667,145.5823333333333,128.97433333333333,61.44499999999999,190.41933333333336
94,4,823.0645731902797,0.08484024362967471,0.9432348988010375,376.9154376666667,0.710262138043002,823.0645731902797,376.9154376666667,107.39133333333332,58.083666666666666,165.475,166.73533333333333,90.18033333333334,256.9156666666667
94,3,888.6636508259486,0.048258139339933684,0.9432368482478588,544.7688927777778,0.15706065787615087,888.6636508259486,544.7688927777778,110.34266666666667,62.27166666666667,172.614,233.0233333333333,131.50633333333334,364.5296666666666
94,2,888.2072975182415,0.6048543920883901,0.943231826439586,538.0950505555555,0.06686439677210063,888.2072975182415,538.0950505555555,108.57600000000001,62.252,170.828,246.77599999999998,141.487,388.263
94,1,888.5957430933007,0.06458671623960972,0.9432360837195684,551.9096018888889,0.05128442823484018,888.5957430933007,551.9096018888889,103.796,62.23866666666667,166.03533333333334,221.00633333333334,132.521,353.5273333333334
94,0,888.6231348081892,0.17575894057359562,0.9432406755941288,552.6713033333333,0.15308194451767138,888.6231348081892,552.6713033333333,106.66166666666668,62.33033333333333,168.99166666666667,226.98466666666664,132.644,359.6286666666667
96,5000,1.5242284782998956,0.005301501270212454,0.9572099916386043,184.49675877777779,0.0192258903286031,1.5242284782998956,184.49675877777779,73.36966666666667,7.356333333333333,80.726,71.58,7.177,78.75733333333334
96,3000,2.499497247970147,0.0006825301503834553,0.9589178311174456,184.59713177777778,0.007323222911732431,2.499497247970147,184.59713177777778,73.51299999999999,7.425666666666667,80.93866666666666,72.101,7.283333333333334,79.38433333333333
96,2000,3.6984639242286796,6.093815705041078e-05,0.9597233899312737,184.71751544444444,0.005623629060931917,3.6984639242286796,184.71751544444444,73.48933333333333,7.491666666666667,80.98100000000001,71.73899999999999,7.313333333333333,79.05233333333332
96,1500,4.871712890899997,0.0014188274365722268,0.9601457484198609,184.81215288888893,0.013322631623331785,4.871712890899997,184.81215288888893,73.522,7.560666666666666,81.08266666666667,72.52566666666667,7.457999999999999,79.98433333333334
96,1000,7.150082722560949,0.00012524046629919374,0.9606005033222179,184.96873344444444,0.010229815922819116,7.150082722560949,184.96873344444444,73.657,7.703666666666667,81.361,71.94933333333334,7.5249999999999995,79.47433333333333
96,900,7.882945793760045,0.00025165499918164327,0.96063610303787,185.01755288888887,0.01406916747253657,7.882945793760045,185.01755288888887,73.68666666666667,7.747333333333334,81.434,72.57766666666667,7.6306666666666665,80.20833333333333
96,800,8.793905049800484,0.0002494435019242468,0.96075733912172,185.07629633333332,0.00977259490164187,8.793905049800484,185.07629633333332,73.73700000000001,7.803999999999999,81.541,72.224,7.643999999999999,79.868
96,700,9.940506735827435,0.001147079396634684,0.960871313199695,185.1424101111111,0.010450371021258977,9.940506735827435,185.1424101111111,73.88333333333334,7.883666666666667,81.76766666666667,72.40566666666666,7.726,80.13166666666667
96,600,11.435806906490383,0.00028543127160810455,0.9609211995171192,185.233936,0.006072395353843116,11.435806906490383,185.233936,73.871,7.967,81.83833333333332,72.12066666666666,7.778,79.89866666666667
96,550,12.357503461656123,9.753394511112389e-05,0.9609818163249919,185.27471744444446,0.0028329031111556818,12.357503461656123,185.27471744444446,73.929,8.024333333333333,81.95366666666666,72.29833333333333,7.847333333333334,80.14566666666667
96,450,14.747736849765763,0.0006258784062232569,0.9610447144541979,185.4113156666667,0.017845068995248882,14.747736849765763,185.4113156666667,74.04899999999999,8.171666666666667,82.22,72.5,8.000666666666667,80.50066666666667
96,380,17.06652900098646,0.0015309656234202805,0.9611201447769971,185.53089977777776,0.005569471013545618,17.06652900098646,185.53089977777776,74.153,8.312666666666667,82.46566666666666,72.61966666666666,8.141,80.76033333333334
96,340,18.732219934624293,0.00033185361929499713,0.9611470629250469,185.5975087777778,0.008097884431096752,18.732219934624293,185.5975087777778,74.22733333333333,8.413333333333332,82.641,73.45433333333334,8.326,81.78
96,300,20.810839562716577,0.0016497416158595744,0.9611823022659056,185.70253533333332,0.01565673958182657,20.810839562716577,185.70253533333332,74.34366666666666,8.544,82.88799999999999,73.637,8.463,82.10000000000001
96,260,23.348944810179088,9.316213253826265e-05,0.9612251104604099,185.8220802222222,0.015268704195670214,23.348944810179088,185.8220802222222,74.47000000000001,8.697333333333333,83.16700000000002,74.20666666666666,8.666333333333332,82.87333333333333
96,220,26.643193214702762,0.0005944552908058331,0.9612605594982084,185.9534382222222,0.018167537594851412,26.643193214702762,185.9534382222222,74.631,8.899333333333333,83.53033333333333,74.32900000000001,8.863333333333333,83.19233333333334
96,200,28.682835511870618,0.0007601345370606626,0.9612728451044807,186.05710799999997,0.007912589827493268,28.682835511870618,186.05710799999997,74.82633333333332,9.035333333333332,83.86200000000001,74.96133333333334,9.052,84.01333333333334
96,180,30.953521604776764,0.0005113333283669734,0.9612913043001572,186.15480855555552,0.01725369867057858,30.953521604776764,186.15480855555552,74.858,9.165000000000001,84.02333333333333,74.50866666666667,9.122666666666667,83.63133333333333
96,160,33.760379936083865,0.0004680495969273771,0.9613007227434781,186.25791233333334,0.012322528149700265,33.760379936083865,186.25791233333334,74.99733333333334,9.337333333333333,84.335,74.835,9.317,84.15233333333333
96,140,37.05197065010505,0.0014794248623885885,0.9613191867852219,186.41861111111112,0.011193127521113738,37.05197065010505,186.41861111111112,75.169,9.54,84.709,75.10466666666666,9.531666666666666,84.63666666666667
96,120,41.47639899656591,0.003531544840216582,0.9613405681856705,186.58798511111112,0.01735841305256747,41.47639899656591,186.58798511111112,75.454,9.816,85.27,73.62733333333334,9.578333333333333,83.20566666666667
96,100,46.99263863077846,0.008786999135983516,0.9613519383692534,186.8008907777778,0.017163901687779246,46.99263863077846,186.8008907777778,75.90066666666667,10.171,86.07133333333333,79.692,10.679,90.371
96,90,50.251343509341666,0.0016541900221207645,0.9613626521865584,186.96677288888887,0.011390866762136492,50.251343509341666,186.96677288888887,75.99633333333334,10.356,86.35199999999999,74.86666666666667,10.201666666666666,85.06866666666667
96,80,53.8075459618505,0.0003857688179930939,0.9613665167765296,187.08129422222223,0.013017242754359419,53.8075459618505,187.08129422222223,76.25633333333333,10.588666666666667,86.84466666666667,80.70666666666666,11.206333333333333,91.91300000000001
96,70,58.20765580056212,0.00292002572711964,0.9613659873402595,187.28559644444445,0.007144215767038243,58.20765580056212,187.28559644444445,76.50333333333333,10.858666666666666,87.36200000000001,75.97266666666667,10.783000000000001,86.75566666666667
96,65,60.606391859013236,0.004898232350477265,0.9613730620775192,187.33932777777775,0.006488205113312644,60.606391859013236,187.33932777777775,76.565,10.991666666666667,87.55666666666667,75.99666666666667,10.909666666666666,86.90666666666668
96,60,63.55872087151383,0.010983606285685184,0.9613707772273439,187.53858666666667,0.011454543091914274,63.55872087151383,187.53858666666667,76.73166666666667,11.178666666666667,87.91033333333333,76.973,11.213999999999999,88.18700000000001
96,55,66.53250566502207,0.0014852779868888043,0.9613698344287624,187.64209166666663,0.01433709829235476,66.53250566502207,187.64209166666663,76.92466666666667,11.354999999999999,88.27966666666667,76.43033333333334,11.282000000000002,87.71233333333333
96,50,70.15308934496366,0.00823015675058434,0.961355884685737,187.7728081111111,0.010716304469421945,70.15308934496366,187.7728081111111,77.25,11.592333333333334,88.84233333333333,76.68766666666666,11.507666666666665,88.19533333333334
96,45,73.43102755210566,0.011555474102177303,0.9613145022849755,187.95196455555552,0.021433153240122373,73.43102755210566,187.95196455555552,77.36466666666666,11.780333333333333,89.145,76.88066666666667,11.706666666666669,88.58766666666668
96,40,76.42264309984218,0.009958482818025152,0.9613405231098215,188.08806388888888,0.02704164714807881,76.42264309984218,188.08806388888888,77.51966666666668,11.963333333333333,89.48333333333333,77.20166666666667,11.914666666666667,89.11633333333333
96,35,81.09841697668456,0.006571307800738612,0.9612590027926062,188.37715988888885,0.02557591477745183,81.09841697668456,188.37715988888885,77.84666666666668,12.251,90.098,77.54866666666668,12.204333333333333,89.75233333333334
96,30,85.43838707795686,0.005126574308815359,0.9612557999868038,188.62138233333334,0.01677188701702157,85.43838707795686,188.62138233333334,77.98700000000001,12.516666666666666,90.50366666666666,78.13866666666667,12.540999999999999,90.67933333333333
96,27,88.49774943028173,0.009572771064893331,0.9612880998011603,188.82855822222223,0.03676085575315389,88.49774943028173,188.82855822222223,78.16233333333334,12.706666666666669,90.86866666666667,78.02300000000001,12.684,90.707
96,26,94.62362655229485,0.011055233884814438,0.9612618838927091,189.25429811111113,0.028037992102668816,94.62362655229485,189.25429811111113,78.53133333333334,13.081333333333333,91.61233333333332,78.40566666666668,13.060333333333332,91.46600000000001
96,25,93.90125034028868,0.005543418052971534,0.9612640182598272,189.2042962222222,0.024760680374187927,93.90125034028868,189.2042962222222,78.54700000000001,13.049,91.59633333333333,78.55866666666667,13.051,91.60966666666667
96,24,97.36750286640621,0.011927472617648748,0.9612595714110332,189.4675948888889,0.07176638319523075,97.36750286640621,189.4675948888889,78.803,13.262333333333332,92.065,78.92233333333333,13.282666666666666,92.20466666666665
96,23,100.53253728866082,0.015204530596950282,0.9612630368599772,189.6913815555556,0.04803460410223383,100.53253728866082,189.6913815555556,79.14266666666667,13.461666666666666,92.60433333333333,79.78033333333333,13.570333333333332,93.351
96,22,104.51115735525565,0.026515521875224084,0.9612746950915373,189.98229888888886,0.020180019640784846,104.51115735525565,189.98229888888886,79.52633333333334,13.705333333333334,93.23200000000001,79.52199999999999,13.704666666666668,93.22666666666667
96,21,109.18031528972647,0.043856485235926716,0.9612999389841469,190.4496308888889,0.1214436357805508,109.18031528972647,190.4496308888889,79.517,13.991666666666667,93.50866666666667,79.369,13.966000000000001,93.334
96,20,112.99964739623393,0.03261370096381698,0.9612648020271469,190.71906844444447,0.03866335804855573,112.99964739623393,190.71906844444447,79.79,14.222,94.012,79.98033333333335,14.256333333333332,94.23666666666666
96,19,121.6310999194946,0.04825530580005208,0.9612879753821274,191.69979333333333,0.14087536875313345,121.6310999194946,191.69979333333333,79.643,14.754,94.39666666666666,79.884,14.798666666666668,94.68299999999999
96,18,122.79933362522348,0.006298785520016824,0.9613014935926346,191.85862400000005,0.04454133559339117,122.79933362522348,191.85862400000005,80.02833333333334,14.826,94.85366666666665,79.82,14.787,94.60699999999999
96,17,161.87746721246694,0.0050998781607939445,0.9613887076731139,197.29086488888888,0.14039049967160022,161.87746721246694,197.29086488888888,80.93166666666667,17.27333333333333,98.205,80.18833333333333,17.11466666666667,97.30266666666667
96,16,188.61069117334162,0.007893837680382643,0.9614353128702399,202.200302,0.19722389596289835,188.61069117334162,202.200302,81.39466666666667,18.93166666666667,100.32633333333332,82.681,19.230666666666664,101.91133333333333
96,15,201.54625658579667,0.014532824624445466,0.9614413367295264,204.23703377777778,0.3315369217381449,201.54625658579667,204.23703377777778,81.52,19.72966666666667,101.24966666666667,82.16866666666667,19.887,102.05566666666668
96,14,216.417433101836,0.0047760107936788325,0.9614515703582418,207.88118344444445,0.41073804939592007,216.417433101836,207.88118344444445,81.81366666666666,20.682,102.49566666666665,82.64033333333333,20.890666666666664,103.53133333333334
96,13,233.61301999538577,0.03660866997039482,0.9614570889225617,211.50220877777778,0.20753127889718767,233.61301999538577,211.50220877777778,82.23233333333333,21.727666666666668,103.95966666666668,82.851,21.891333333333336,104.74233333333332
96,12,253.81977585735476,0.013108768592487536,0.9614612717759344,215.49759255555554,0.1705389741445252,253.81977585735476,215.49759255555554,82.85833333333333,22.975333333333335,105.83366666666666,85.072,23.589,108.66133333333333
96,11,274.99672805179057,0.026623941821958562,0.9614679476181869,219.9072262222222,0.06558083664909971,274.99672805179057,219.9072262222222,83.591,24.301333333333332,107.892,91.28133333333334,26.536666666666665,117.81766666666665
96,10,306.85922753606343,0.021122579525156213,0.9614727724551009,226.3011828888889,0.28959395768797513,306.85922753606343,226.3011828888889,84.18433333333333,26.235666666666663,110.42033333333332,93.798,29.231666666666666,123.029
96,9,341.11624816351423,0.19935289844108567,0.9614799033953524,233.1504461111111,0.4860253618696718,341.11624816351423,233.1504461111111,85.04533333333335,28.384,113.42933333333333,95.16833333333334,31.762333333333334,126.931
96,8,387.8649262975494,0.04311535972237423,0.9614861305221601,241.82092444444444,0.19084957902216088,387.8649262975494,241.82092444444444,87.02,31.26733333333333,118.28733333333334,99.033,35.583666666666666,134.61666666666667
96,7,446.8610883228218,0.061886722023349584,0.961495183598435,252.93856666666667,0.22545669901805845,446.8610883228218,252.93856666666667,89.46166666666666,34.92433333333333,124.38666666666666,104.79700000000001,40.91133333333334,145.70833333333334
96,6,526.875610587314,0.03501835435616945,0.9614996518458079,266.2922946666667,0.16057072454671675,526.875610587314,266.2922946666667,93.13266666666668,39.89666666666667,133.03,111.17399999999999,47.626,158.79966666666667
96,5,638.1897555655245,0.051357161485981344,0.9615068994135282,285.2721162222222,0.1556173780978307,638.1897555655245,285.2721162222222,98.10933333333332,46.559666666666665,144.669,126.86099999999999,60.20366666666666,187.06499999999997
96,4,821.2064419761147,0.150978762928748,0.9614755720119442,363.41651988888884,0.5626060592863887,821.2064419761147,363.41651988888884,107.70800000000001,58.26766666666666,165.97566666666668,163.3273333333333,88.35633333333334,251.6833333333333
96,3,886.3046852976785,0.3399621563323604,0.9614581645128397,535.813857,0.048818336832778704,886.3046852976785,535.813857,110.62566666666667,62.473333333333336,173.09900000000002,231.48733333333334,130.72766666666666,362.215
96,2,886.2930218386015,0.1366751171241913,0.9614667381482577,527.9696021111112,0.14758691416901337,886.2930218386015,527.9696021111112,109.05,62.412,171.462,224.53133333333335,128.505,353.036
96,1,886.4469296424578,0.0688488103494078,0.961461286318369,546.6829827777777,0.05253798998642605,886.4469296424578,546.6829827777777,103.91233333333332,62.397333333333336,166.30999999999997,242.65533333333335,145.711,388.36633333333333
96,0,886.2954240868829,0.0673428641287137,0.9614577283566589,547.0620163333333,0.025945073908316817,886.2954240868829,547.0620163333333,107.16833333333334,62.40733333333333,169.57566666666665,228.41933333333336,133.01500000000001,361.435
98,5000,1.4936213291241216,0.0002280246315638544,0.975418741119008,184.48953322222224,0.008605949062077699,1.4936213291241216,184.48953322222224,73.36766666666666,7.354666666666667,80.72233333333332,71.59833333333334,7.177333333333333,78.77566666666667
98,3000,2.4515232436960983,0.000881293528009665,0.9773259757233301,184.60785011111113,0.02061099205208636,2.4515232436960983,184.60785011111113,73.50933333333334,7.423333333333333,80.93233333333335,72.18066666666667,7.289333333333334,79.46966666666667
98,2000,3.6260159798396594,0.0003269866139553741,0.9782887747529093,184.72239199999999,0.012530642884964216,3.6260159798396594,184.72239199999999,73.47266666666667,7.4863333333333335,80.95933333333333,72.052,7.341666666666666,79.39333333333333
98,1500,4.775715029673464,0.00025074242099326535,0.97878411535548,184.80037000000002,0.011067101733412705,4.775715029673464,184.80037000000002,73.71333333333332,7.577000000000001,81.29066666666667,77.62266666666666,7.979333333333334,85.60233333333333
98,1000,7.005161281745086,0.0005529769047219835,0.9792593498194689,184.94862744444444,0.007064834930302687,7.005161281745086,184.94862744444444,73.64800000000001,7.696000000000001,81.344,72.096,7.534,79.63
98,900,7.722190656576568,0.0005466236148864863,0.9793640134284473,185.00277888888888,0.014325248938442605,7.722190656576568,185.00277888888888,73.85600000000001,7.758666666666667,81.61466666666666,78.02,8.196333333333333,86.21633333333334
98,800,8.6133724832117,0.0008378456915523649,0.9795016970244624,185.03737355555555,0.006967842806112967,8.6133724832117,185.03737355555555,73.83533333333334,7.8116666666666665,81.64699999999999,77.64066666666666,8.214,85.85466666666667
98,700,9.735039016441606,0.00011989466937909997,0.9795739867995917,185.1268628888889,0.006557296473167783,9.735039016441606,185.1268628888889,73.79233333333333,7.864999999999999,81.65766666666667,72.129,7.687666666666666,79.81666666666666
98,600,11.195099616112602,0.002202056789768503,0.979684271654368,185.20745644444446,0.016944112711866098,11.195099616112602,185.20745644444446,73.863,7.954666666666667,81.81766666666667,72.643,7.823333333333333,80.46566666666666
98,550,12.096831402006543,0.001117738918458487,0.9797395002061474,185.23689766666666,0.004937210188414211,12.096831402006543,185.23689766666666,73.918,8.011333333333333,81.92933333333333,72.301,7.8356666666666674,80.137
98,450,14.429223085607688,0.000858462948763164,0.9798354865297606,185.37412166666664,0.015734042709987937,14.429223085607688,185.37412166666664,74.038,8.155333333333333,82.19333333333333,72.653,8.002666666666666,80.65566666666666
98,380,16.69494300494676,0.00046825019966451054,0.9799040786147462,185.47708133333336,0.015596968961251482,16.69494300494676,185.47708133333336,74.15266666666666,8.295666666666667,82.448,72.72333333333334,8.135333333333334,80.85866666666668
98,340,18.313807985688257,0.0003769160178428089,0.9799442766348503,185.53870944444444,0.016174492059115333,18.313807985688257,185.53870944444444,74.325,8.405999999999999,82.73133333333332,78.74666666666667,8.905999999999999,87.653
98,300,20.333064389299583,0.0003400618256853629,0.9799832468820595,185.65635811111113,0.005636046292844912,20.333064389299583,185.65635811111113,74.32766666666667,8.518666666666666,82.84566666666667,73.59866666666666,8.435,82.03366666666666
98,260,22.78912829353837,0.0004713008300993544,0.980012820410079,185.76099744444446,0.008083354868191535,22.78912829353837,185.76099744444446,74.53733333333334,8.678666666666667,83.21633333333334,74.965,8.728666666666667,83.69333333333333
98,220,26.000706150132373,0.0009992852353931695,0.9800573985506668,185.88933044444445,0.021260093290096052,26.000706150132373,185.88933044444445,74.71600000000001,8.881,83.59666666666666,79.62033333333333,9.464,89.08466666666668
98,200,27.96961479806247,0.0005138865446027317,0.9800737028913993,185.99310333333332,0.01038739935366887,27.96961479806247,185.99310333333332,74.90233333333333,9.011666666666667,83.914,74.66199999999999,8.982666666666667,83.645
98,180,30.15176675936161,0.0016626137657706395,0.9800962270428508,186.08144688888888,0.012011090399849435,30.15176675936161,186.08144688888888,74.83633333333334,9.125666666666667,83.962,74.15333333333332,9.042333333333334,83.19566666666667
98,160,32.88014113667588,0.0009999278591808155,0.9801130872985603,186.18046444444448,0.007241244524183994,32.88014113667588,186.18046444444448,74.96966666666667,9.292666666666667,84.26233333333333,74.754,9.266333333333334,84.01966666666667
98,140,36.02859410353394,0.00289251337881675,0.9801295751728372,186.3160858888889,0.017632957905063272,36.02859410353394,186.3160858888889,75.211,9.498333333333333,84.70966666666668,75.772,9.569333333333333,85.34133333333334
98,120,40.295264336059454,0.00036892017233986505,0.9801517446643858,186.510168,0.015069752954580552,40.295264336059454,186.510168,75.40733333333333,9.754333333333333,85.16133333333333,73.973,9.569,83.54266666666666
98,100,45.57176727938869,0.0012777888994354584,0.9801696993459651,186.7004391111111,0.008704216502665427,45.57176727938869,186.7004391111111,75.74366666666667,10.081333333333333,85.825,74.091,9.861333333333334,83.95266666666667
98,90,48.68059184580209,0.001944959939476475,0.9801755533227464,186.81410088888887,0.005708482317592384,48.68059184580209,186.81410088888887,76.03633333333333,10.289,86.325,79.16833333333334,10.712666666666665,89.88066666666667
98,80,52.067906083061565,0.0006771037504820472,0.9801850025680109,186.99668833333337,0.028857286135572164,52.067906083061565,186.99668833333337,76.08633333333333,10.482,86.56833333333333,75.22366666666666,10.363,85.58666666666666
98,70,56.27644598687767,0.003947058610917816,0.9801862901576781,187.13710811111108,0.013216530618632741,56.27644598687767,187.13710811111108,76.31666666666666,10.741333333333335,87.05799999999999,75.85600000000001,10.676000000000002,86.53166666666668
98,65,58.57736888795275,0.0019332172041921039,0.9801868082195124,187.25645633333338,0.007124956584680937,58.57736888795275,187.25645633333338,76.47566666666667,10.883333333333333,87.359,75.94533333333334,10.808,86.75366666666667
98,60,61.37153079723765,0.0019861454292784426,0.9801894367714508,187.38059944444444,0.0025807930162339574,61.37153079723765,187.38059944444444,76.744,11.069666666666668,87.81433333333332,76.13166666666667,10.981333333333334,87.113
98,55,64.23311649544094,0.00240503964448803,0.980194620154676,187.440553,0.012074050719519764,64.23311649544094,187.440553,76.929,11.247333333333332,88.17633333333333,76.425,11.173666666666668,87.59866666666666
98,50,67.49702308001356,0.005319129251350612,0.9801849130728627,187.60766833333332,0.016814143870916645,67.49702308001356,187.60766833333332,77.03133333333334,11.434666666666667,88.46566666666666,76.25266666666666,11.319,87.57133333333333
98,45,70.59740856320764,0.00657215949769139,0.9801833832635524,187.77512033333332,0.0216283122344883,70.59740856320764,187.77512033333332,77.322,11.638666666666666,88.96066666666667,77.77666666666666,11.707,89.48366666666668
98,40,73.56860961767029,0.0061930658564845744,0.9801729009412625,187.8895228888889,0.019452920215894218,73.56860961767029,187.8895228888889,77.506,11.826,89.33233333333334,76.93599999999999,11.738666666666667,88.675
98,35,77.76241852335285,0.015465073787266687,0.9801523633890442,188.1218907777778,0.02975252575710382,77.76241852335285,188.1218907777778,77.68766666666666,12.068666666666667,89.75666666666666,77.59166666666667,12.053666666666667,89.64533333333334
98,30,81.77980354687242,0.0071765035370316066,0.9801323891936428,188.35479222222224,0.017449334321398127,81.77980354687242,188.35479222222224,77.82633333333332,12.316666666666668,90.14299999999999,77.66066666666667,12.290666666666667,89.95133333333332
98,27,84.91374048361017,0.010551092054495326,0.9801285101545981,188.461774,0.05589901366554159,84.91374048361017,188.461774,77.994,12.509333333333332,90.50366666666667,77.65966666666667,12.455666666666668,90.11533333333334
98,26,90.16295957039979,0.041275334744155255,0.9801331393725966,188.8461971111111,0.004416237593426795,90.16295957039979,188.8461971111111,78.298,12.831666666666669,91.129,78.14866666666667,12.806666666666667,90.956
98,25,89.56154159867553,0.2171791350276193,0.9801307266739815,188.8751257777778,0.042082764537872054,89.56154159867553,188.8751257777778,78.312,12.805,91.117,82.14566666666666,13.432333333333332,95.57799999999999
98,24,93.01348062008111,0.02118666026702123,0.9801370100403807,189.06466955555558,0.05214395710200584,93.01348062008111,189.06466955555558,78.57933333333334,13.018666666666666,91.59833333333334,78.31433333333332,12.975,91.28866666666666
98,23,95.99879456180246,0.02717176158240602,0.9801429570979995,189.3489531111111,0.06752017579321437,95.99879456180246,189.3489531111111,78.938,13.208,92.14633333333332,78.72833333333334,13.172666666666666,91.901
98,22,99.13923731559127,0.06220095716648753,0.9801482969231782,189.59154,0.054132384688931945,99.13923731559127,189.59154,79.20299999999999,13.396333333333333,92.59966666666666,79.601,13.463999999999999,93.06466666666667
98,21,104.14652708216757,0.032754362225351594,0.9801577461823617,189.99977999999996,0.023149472516200642,104.14652708216757,189.99977999999996,79.34533333333333,13.705333333333334,93.05033333333334,79.42533333333334,13.719,93.14433333333334
98,20,107.71246877979718,0.030136724870796855,0.9801640049779635,190.20186177777774,0.04640559200058435,107.71246877979718,190.20186177777774,79.61533333333334,13.927333333333332,93.543,79.40533333333333,13.890666666666666,93.296
98,19,116.21629483406258,0.04356058618419682,0.9801775063638313,190.97177377777777,0.05867949095662414,116.21629483406258,190.97177377777777,79.50033333333333,14.454999999999998,93.95533333333333,79.61666666666666,14.475999999999999,94.09233333333333
98,18,116.73138403087432,0.00287630370078135,0.9801761133888304,191.02302311111112,0.0718056166360408,116.73138403087432,191.02302311111112,79.792,14.479333333333335,94.27133333333335,79.99166666666666,14.515666666666668,94.50733333333334
98,17,149.7825999099376,0.010114514964130988,0.9802130042716074,195.2388676666667,0.2212568700043066,149.7825999099376,195.2388676666667,80.31833333333333,16.563,96.88133333333333,79.254,16.343999999999998,95.598
98,16,176.40800165787815,0.0022132193838354432,0.9802319351582568,199.6365418888889,0.13441111658487664,176.40800165787815,199.6365418888889,80.75766666666668,18.230666666666668,98.98833333333334,79.717,17.99566666666667,97.71266666666666
98,15,187.95523239445393,0.00499186712838455,0.9802397108112152,201.74210888888888,0.031801073569114886,187.95523239445393,201.74210888888888,80.84766666666667,18.941333333333333,99.78866666666666,81.55066666666666,19.105999999999998,100.65666666666668
98,14,198.02701171384,0.003311047724609822,0.9802440545168704,204.02931311111112,0.1758743335103534,198.02701171384,204.02931311111112,80.87333333333333,19.601333333333333,100.47500000000001,81.36133333333333,19.71966666666667,101.08033333333333
98,13,215.85394073390611,0.012833780595864763,0.9802524371693063,207.2853713333333,0.2506527231655967,215.85394073390611,207.2853713333333,81.37933333333332,20.679,102.05833333333334,82.839,21.049666666666667,103.88900000000001
98,12,233.638395231784,0.009803998819696243,0.9802593598686778,210.87207255555555,0.2938224471442324,233.638395231784,210.87207255555555,81.964,21.795666666666666,103.75933333333334,82.93333333333334,22.05333333333333,104.98666666666668
98,11,253.48318390759576,0.03635412497990472,0.9802657955984263,215.14881544444447,0.3469851731286709,253.48318390759576,215.14881544444447,82.59333333333333,23.034666666666666,105.628,85.45233333333333,23.831999999999997,109.28433333333334
98,10,279.41525767273055,0.013391406729439354,0.9802721613535854,220.8945128888889,0.07845933163560176,279.41525767273055,220.8945128888889,82.93233333333333,24.624,107.55666666666667,90.29266666666668,26.80966666666667,117.10199999999999
98,9,303.99120714259465,0.05641610454207808,0.9802778393415524,226.0127927777778,0.35506632292672025,303.99120714259465,226.0127927777778,83.241,26.149666666666665,109.39033333333333,92.76100000000001,29.14033333333333,121.901
98,8,346.67028451997777,0.02536433690605367,0.9802854664172774,234.6190718888889,0.730015630674436,346.67028451997777,234.6190718888889,85.233,28.820000000000004,114.05266666666667,95.61399999999999,32.32966666666667,127.94366666666667
98,7,395.09303504726563,0.011862419102017211,0.9802927397217363,243.1618792222222,0.3038999061716489,395.09303504726563,243.1618792222222,87.3,31.832666666666668,119.13266666666668,99.65633333333334,36.33833333333333,135.9946666666667
98,6,448.95565406886453,0.01770300295232896,0.9802981836390295,250.71673955555556,0.23798045531666187,448.95565406886453,250.71673955555556,89.748,35.205333333333336,124.95333333333333,108.05133333333333,42.385,150.43633333333332
98,5,538.407970911055,0.11056930692503862,0.9803067716659459,264.4009601111111,0.13689048321165534,538.407970911055,264.4009601111111,94.08466666666668,40.796,134.8803333333333,121.449,52.662,174.111
98,4,639.6221490276363,0.21243498336428568,0.9803105429879736,282.01678066666665,0.24113467817615655,639.6221490276363,282.01678066666665,99.072,47.035,146.107,126.05,59.842999999999996,185.89333333333335
98,3,881.8976685315619,0.16595021531560566,0.9801585406620021,513.1120593333334,0.1258253285352524,881.8976685315619,513.1120593333334,110.43299999999999,62.40733333333333,172.84,221.76633333333334,125.323,347.08933333333334
98,2,878.3133282647145,0.17011904370258477,0.9801565371160667,487.96226422222225,0.13244554609614764,878.3133282647145,487.96226422222225,107.71866666666666,62.141333333333336,169.85999999999999,211.09266666666667,121.77499999999999,332.86733333333336
98,1,882.1782742616168,0.07981049623390839,0.98015903607532,534.760455,0.04264887520718071,882.1782742616168,534.760455,103.53233333333333,62.36633333333333,165.89833333333334,217.15533333333335,130.81066666666666,347.96600000000007
98,0,882.205609504554,0.17568508506968625,0.9801595235368395,534.8622617777778,0.09444774348596549,882.205609504554,534.8622617777778,107.245,62.34733333333333,169.59199999999998,225.092,130.85799999999998,355.95
100,3000,2.4044963246120585,0.00024724851431981085,0.9965413488617706,184.5985511111111,0.0085162749442273,2.4044963246120585,184.5985511111111,73.40433333333334,7.410333333333334,80.815,72.68233333333335,7.337666666666666,80.02
100,2000,3.5578945550139047,0.00019834457870419083,0.9976103708614383,184.70884488888888,0.0027000065912278094,3.5578945550139047,184.70884488888888,73.48166666666667,7.484999999999999,80.96633333333334,71.73333333333333,7.3066666666666675,79.04
100,1500,4.6864090584782065,0.00024163039852317594,0.9981754216721286,184.79886355555558,0.006258231293692362,4.6864090584782065,184.79886355555558,73.53033333333333,7.553999999999999,81.084,71.87033333333333,7.383333333333333,79.25366666666667
100,1000,6.875055492732191,0.00019251468918106442,0.9987187419224856,184.95974633333333,0.006693579842763713,6.875055492732191,184.95974633333333,73.64,7.689666666666667,81.33,72.19433333333333,7.539000000000001,79.73333333333333
100,900,7.578427254242446,0.000317633012357298,0.9988417370262465,185.00418533333334,0.023733310503292752,7.578427254242446,185.00418533333334,73.67999999999999,7.733666666666667,81.414,72.10833333333333,7.5683333333333325,79.67733333333332
100,800,8.45561040292399,0.0002591228873116168,0.9989489552900311,185.0424221111111,0.008985076771659425,8.45561040292399,185.0424221111111,73.72533333333332,7.788333333333334,81.51333333333334,72.08633333333334,7.614999999999999,79.70166666666667
100,700,9.556418626808535,0.0001511223302798142,0.9990707640741462,185.11474511111112,0.02484175792967206,9.556418626808535,185.11474511111112,73.87466666666667,7.866,81.74066666666666,72.84933333333333,7.757000000000001,80.60633333333334
100,600,10.97957719863148,0.02204575288872628,0.9991753870005247,185.19204422222222,0.01950770568643343,10.97957719863148,185.19204422222222,73.94066666666667,7.9543333333333335,81.895,73.462,7.902666666666666,81.365
100,550,11.876459154713428,0.00036624298097636245,0.9992370415884834,185.22168899999997,0.011005701492102327,11.876459154713428,185.22168899999997,73.992,8.01,82.00233333333334,72.8,7.8806666666666665,80.681
100,450,14.172325608492917,0.0008551576021412215,0.9993497027961212,185.35440844444443,0.021265794551973968,14.172325608492917,185.35440844444443,74.02533333333334,8.143333333333333,82.16866666666667,72.654,7.9926666666666675,80.64633333333335
100,380,16.401374081016595,0.0002766120743518428,0.9994291870777445,185.45673666666667,0.019108583432009572,16.401374081016595,185.45673666666667,74.13033333333333,8.281,82.41133333333333,73.01366666666667,8.156666666666666,81.17
100,340,17.99397109502144,0.0008226488045078425,0.9994680100371215,185.5178971111111,0.007941985011694037,17.99397109502144,185.5178971111111,74.219,8.380666666666668,82.59966666666666,72.77966666666667,8.218333333333334,80.998
100,300,19.985029568270715,0.00045937281812538953,0.9995205675573726,185.6299953333333,0.01263129662122389,19.985029568270715,185.6299953333333,74.298,8.501333333333333,82.79899999999999,74.08466666666668,8.477,82.56166666666667
100,260,22.402925545346346,0.000613393107968933,0.9995599785997354,185.72808033333334,0.012675293991807585,22.402925545346346,185.72808033333334,74.43400000000001,8.652333333333333,83.08666666666666,74.15766666666667,8.620333333333333,82.778
100,220,25.579597326937414,0.004421782351736531,0.9996047530458595,185.85504633333332,0.021538141589087102,25.579597326937414,185.85504633333332,74.589,8.848666666666666,83.43766666666666,75.07600000000001,8.906333333333334,83.98266666666667
100,200,27.521249155420062,0.0010281596421773478,0.9996320238739204,185.9430891111111,0.00745907078911443,27.521249155420062,185.9430891111111,74.69733333333333,8.970333333333334,83.66766666666666,74.49533333333333,8.946,83.44166666666666
100,180,29.676642404222225,0.0007893730408989397,0.9996493513369437,186.02893188888888,0.027992451483172708,29.676642404222225,186.02893188888888,74.908,9.116,84.02433333333333,74.82666666666667,9.105666666666666,83.93266666666666
100,160,32.37364019093477,0.00017090454572975684,0.9996743201939063,186.1329056666667,0.014927184746107946,32.37364019093477,186.1329056666667,74.94766666666666,9.271666666666667,84.21933333333332,74.87466666666667,9.262666666666666,84.13733333333333
100,140,35.52101067081407,0.0009136810158296622,0.9996951253178682,186.25641944444445,0.011177709914227917,35.52101067081407,186.25641944444445,75.21466666666667,9.482666666666667,84.69733333333333,79.58,10.033,89.613
100,120,39.72877878517,0.0013033564581271175,0.9997171743818208,186.42025366666667,0.0019452009607648182,39.72877878517,186.42025366666667,75.47500000000001,9.743333333333334,85.21833333333332,74.53066666666666,9.621333333333334,84.152
100,100,45.012600530587584,0.011704326393861812,0.9997408825922124,186.62334144444443,0.0005393968167777726,45.012600530587584,186.62334144444443,75.723,10.060333333333332,85.783,74.51866666666666,9.900333333333334,84.41866666666667
100,90,48.128353992666085,0.002246367920139586,0.9997490613029272,186.75117344444448,0.014252805791383143,48.128353992666085,186.75117344444448,75.99866666666667,10.264333333333333,86.26299999999999,75.34066666666666,10.175666666666666,85.51666666666667
100,80,51.56684952674495,0.0023252422004938207,0.9997548782923035,186.8816961111111,0.005665965646149814,51.56684952674495,186.8816961111111,76.072,10.466,86.53833333333334,75.379,10.371,85.74966666666667
100,70,55.77782292026311,0.001381172948004089,0.9997648458043681,187.04495033333333,0.018045816230987725,55.77782292026311,187.04495033333333,76.41733333333333,10.742333333333335,87.15933333333334,75.62266666666666,10.630666666666666,86.25333333333333
100,65,58.137774766520074,0.007290217652101519,0.9997639245032409,187.14859655555554,0.01392332644772817,58.137774766520074,187.14859655555554,76.457,10.870666666666667,87.32833333333333,76.30833333333334,10.849666666666666,87.158
100,60,60.94850506529934,0.0038391430490341194,0.9997614142465622,187.25430577777777,0.013230375963958246,60.94850506529934,187.25430577777777,76.66066666666667,11.049999999999999,87.71066666666667,75.745,10.918,86.66366666666666
100,55,63.83484136901203,0.0019247247849667629,0.999761254645891,187.35605422222224,0.019604515988631957,63.83484136901203,187.35605422222224,76.833,11.226999999999999,88.06033333333333,76.54466666666667,11.185333333333332,87.72933333333333
100,50,67.23710196349896,0.00358242807565164,0.9997564620313177,187.52869733333338,0.04859930394676463,67.23710196349896,187.52869733333338,77.05,11.438666666666668,88.48833333333334,76.63766666666668,11.377333333333333,88.01499999999999
100,45,70.34786655213556,0.009288918490789097,0.9997505994078599,187.6462647777778,0.015919756957675422,70.34786655213556,187.6462647777778,77.243,11.629333333333335,88.873,77.512,11.67,89.182
100,40,73.24186451970233,0.01107667887130204,0.9997314914147265,187.77864644444443,0.03191176815557435,73.24186451970233,187.77864644444443,77.41533333333332,11.811333333333332,89.22699999999999,76.82533333333333,11.721333333333334,88.54700000000001
100,35,77.52780923562166,0.0010359042307406482,0.999708006473854,187.9998695555556,0.009578848645339307,77.52780923562166,187.9998695555556,77.82466666666666,12.092999999999998,89.918,83.004,12.898000000000001,95.902
100,30,81.77729804827472,0.01300044600757527,0.999697070362438,188.24004333333335,0.04475271425658206,81.77729804827472,188.24004333333335,77.97,12.357,90.32666666666667,77.63366666666667,12.303333333333333,89.93733333333334
100,27,85.04813629197567,0.009123436156586515,0.9996990462128631,188.46950511111115,0.030315760789732582,85.04813629197567,188.46950511111115,78.24666666666667,12.576333333333332,90.823,83.55466666666666,13.429666666666668,96.98433333333332
100,26,90.88310006436954,0.012034410605434458,0.9997059496817678,188.8460648888889,0.02174797553882769,90.88310006436954,188.8460648888889,78.37866666666666,12.906333333333334,91.28466666666667,78.48133333333334,12.923,91.40466666666667
100,25,90.22540994402736,0.03187406527953763,0.9997060599032673,188.75143722222222,0.031265082511997305,90.22540994402736,188.75143722222222,78.484,12.884,91.36766666666666,78.46133333333334,12.880333333333333,91.342
100,24,93.54463816635628,0.011479117238257118,0.999711156669302,188.99913666666666,0.006396324178776823,93.54463816635628,188.99913666666666,78.69466666666666,13.082,91.77666666666666,78.99866666666667,13.132333333333333,92.13133333333333
100,23,96.52167670406858,0.02826112246249576,0.9997170540289101,189.232938,0.028270831723410852,96.52167670406858,189.232938,79.04066666666667,13.274999999999999,92.31566666666667,79.21866666666666,13.304666666666668,92.524
100,22,100.34570396913632,0.0450377703250747,0.999725075276242,189.51283844444447,0.07896379320388525,100.34570396913632,189.51283844444447,79.39399999999999,13.510666666666665,92.90466666666667,79.25233333333334,13.486666666666666,92.73899999999999
100,21,104.94067989742524,0.021602691289351137,0.9997347232896084,189.90721044444444,0.022654814313836657,104.94067989742524,189.90721044444444,79.34633333333333,13.793666666666667,93.14,79.219,13.771666666666667,92.99033333333334
100,20,108.62556924000648,0.03304624371274426,0.9997403133905977,190.13009722222225,0.01774103751924551,108.62556924000648,190.13009722222225,79.631,14.018666666666666,93.64999999999999,79.56366666666666,14.007,93.57066666666667
100,19,117.78669200629355,0.021783993417442575,0.9997568333683181,191.14098933333332,0.06323390469872316,117.78669200629355,191.14098933333332,79.60000000000001,14.611666666666666,94.21166666666666,79.53733333333334,14.600333333333333,94.13733333333334
100,18,118.0237859725374,0.0047416700114366024,0.9997566829947436,191.17739711111108,0.08002490651622736,118.0237859725374,191.17739711111108,79.92533333333334,14.615,94.541,80.053,14.638666666666666,94.69166666666666
100,17,155.5899646343114,0.002299203197365663,0.9997984916189241,196.3264211111111,0.16968589504414197,155.5899646343114,196.3264211111111,80.75333333333333,16.997,97.75,79.85699999999999,16.808,96.66533333333332
100,16,181.17583334863605,0.038250861819057326,0.9998175726160192,200.71962333333332,0.2308756097247447,181.17583334863605,200.71962333333332,81.15633333333334,18.596333333333334,99.75266666666666,82.99033333333334,19.016666666666666,102.007
100,15,193.58819200346025,0.006040568923006338,0.9998249138402785,202.68260755555556,0.1976405127093714,193.58819200346025,202.68260755555556,81.18433333333333,19.35466666666667,100.539,81.73833333333333,19.486666666666668,101.22533333333332
100,14,207.8548503228681,0.0034711323972324406,0.999832113061084,206.0202281111111,0.2591241423123896,207.8548503228681,206.0202281111111,81.32566666666666,20.250666666666664,101.57633333333332,82.26633333333332,20.485,102.75133333333333
100,13,224.38058733017508,0.0033498052203162518,0.999838597121877,209.38910711111112,0.20190556519113248,224.38058733017508,209.38910711111112,81.85333333333334,21.288666666666668,103.142,82.98733333333332,21.58366666666667,104.57099999999998
100,12,243.8022689925006,0.00684102473667134,0.9998463606655411,213.79997255555554,0.5239097376041427,243.8022689925006,213.79997255555554,82.519,22.502333333333336,105.021,84.52133333333335,23.048000000000002,107.56933333333335
100,11,263.8663697378675,0.014077082345822922,0.9998528569285123,217.46208544444445,0.4492721488452364,263.8663697378675,217.46208544444445,83.11566666666666,23.742,106.858,89.50133333333333,25.566333333333333,115.06766666666665
100,10,294.7514070472589,0.013457002382582706,0.9998608577659215,223.01206566666667,0.19182184668271204,294.7514070472589,223.01206566666667,83.74933333333333,25.667,109.416,92.479,28.342333333333332,120.82100000000001
100,9,329.0661678261969,0.0055892304165477075,0.9998683337166518,229.9584416666667,0.49865517031788453,329.0661678261969,229.9584416666667,84.62433333333333,27.850333333333335,112.47466666666666,101.56633333333333,33.42633333333333,134.99300000000002
100,8,372.60824187124234,0.033791331469673405,0.9998758050994844,238.71348600000002,0.15910183883740092,372.60824187124234,238.71348600000002,86.515,30.542333333333332,117.05733333333335,98.48633333333333,34.76866666666667,133.25466666666668
100,7,429.482305122039,0.05822871913547152,0.9998834657367638,246.373061,0.17582439586731308,429.482305122039,246.373061,88.901,34.102333333333334,123.00366666666666,102.38100000000001,39.273,141.654
100,6,506.4598256369474,0.11845925331253136,0.9998907976763771,257.6417026666667,0.11781300531827345,506.4598256369474,257.6417026666667,92.47233333333332,38.931333333333335,131.40366666666668,108.45299999999999,45.65966666666666,154.11266666666666
100,5,601.0167316303364,0.062070720356829395,0.9999337438331599,269.44462144444446,0.18980565124191282,601.0167316303364,269.44462144444446,97.40066666666667,44.85999999999999,142.26066666666665,116.753,53.772999999999996,170.52599999999998
100,4,790.5350220042541,0.11646249804537952,0.9999057669960143,319.5299817777778,0.8939327385482194,790.5350220042541,319.5299817777778,106.075,56.468333333333334,162.54366666666667,142.71333333333334,75.97233333333334,218.68566666666666
100,3,927.7931171184451,0.11048450592744459,0.9999101148974834,521.7421885555556,0.11373940408493123,927.7931171184451,521.7421885555556,113.03399999999999,65.55166666666666,178.58533333333335,229.56033333333335,133.129,362.6893333333333
100,2,926.5707819947429,0.07339255619477997,0.999910066886479,511.3756213333333,0.20919776640486853,926.5707819947429,511.3756213333333,110.521,65.502,176.023,219.11333333333334,129.86166666666665,348.9746666666667
100,1,927.2503310614071,0.024817879467084872,0.9999101476940386,538.455154888889,0.1498168161738658,927.2503310614071,538.455154888889,105.58166666666666,65.51100000000001,171.09233333333336,222.572,138.101,360.673
100,0,927.4699228648133,0.06782225738022361,0.9999100563441758,537.3481465555556,0.09314248842632283,927.4699228648133,537.3481465555556,109.88866666666667,65.48566666666666,175.37400000000002,231.62699999999998,138.03266666666664,369.6596666666667
